booking_id,patient_id,site_code,metro,booking_date,channel,status,updated_at
KB0003502,P-001368,KH-PHX-01,Phoenix,2026-05-27,walk-in,completed,2026-05-27 18:40
KB0006579,P-005866,KH-PHI-02,Philadelphia,2026-07-14,walk-in,completed,2026-07-14 13:37
KB0002971,P-003269,KH-NYC-02,New York,2026-05-18,walk-in,completed,2026-05-18 19:17
KB0011483,P-001094,KH-DAL-03,Dallas,2026-09-28,walk-in,completed,2026-09-28 18:52
KB0008229,P-005125,KH-ATL-02,Atlanta,2026-08-09,walk-in,completed,2026-08-09 09:00
KB0007044,P-006570,KH-PHI-01,Philadelphia,2026-07-21,walk-in,completed,2026-07-21 08:38
KB0011567,P-001636,KH-PHX-03,Phoenix,2026-09-29,online,completed,2026-09-29 11:49
KB0001353,P-001751,KH-PHX-02,Phoenix,2026-04-22,walk-in,completed,2026-04-22 16:38
KB0010887,P-000541,KH-DAL-02,Dallas,2026-09-19,phone,completed,2026-09-19 15:51
KB0002163,P-002214,KH-PHX-01,Phoenix,2026-05-05,walk-in,completed,2026-05-05 19:49
KB0011610,P-005227,KH-ATL-02,Atlanta,2026-09-29,walk-in,completed,2026-09-29 16:05
KB0010097,P-001794,KH-PHX-02,Phoenix,2026-09-07,at-home,completed,2026-09-07 17:00
KB0004518,P-000272,KH-DAL-03,Dallas,2026-06-12,walk-in,completed,2026-06-12 18:11
KB0003403,P-005747,KH-ATL-02,Atlanta,2026-05-25,phone,completed,2026-05-25 12:47
KB0009213,P-006049,KH-PHI-01,Philadelphia,2026-08-24,walk-in,completed,2026-08-24 09:33
KB0004686,P-001018,KH-DAL-03,Dallas,2026-06-15,walk-in,completed,2026-06-15 19:44
KB0009267,P-005581,KH-ATL-02,Atlanta,2026-08-25,online,completed,2026-08-25 14:19
KB0005585,P-002417,KH-PHX-01,Phoenix,2026-06-29,walk-in,completed,2026-06-29 09:29
KB0005844,P-002281,KH-PHX-01,Phoenix,2026-07-03,online,completed,2026-07-03 16:42
KB0011105,P-002635,KH-NYC-02,New York,2026-09-22,online,completed,2026-09-22 13:41
KB0007729,P-005169,KH-ATL-02,Atlanta,2026-08-01,phone,completed,2026-08-01 14:53
KB0009702,P-002270,KH-PHX-02,Phoenix,2026-09-01,walk-in,completed,2026-09-01 10:38
KB0010121,P-004546,KH-CHI-03,Chicago,2026-09-07,walk-in,completed,2026-09-07 16:33
KB0003003,P-000903,KH-DAL-03,Dallas,2026-05-19,walk-in,completed,2026-05-19 19:49
KB0010145,P-001167,KH-DAL-02,Dallas,2026-09-08,walk-in,completed,2026-09-08 15:55
KB0009352,P-000465,KH-DAL-01,Dallas,2026-08-27,walk-in,completed,2026-08-27 10:56
KB0004226,P-004000,KH-CHI-01,Chicago,2026-06-07,walk-in,completed,2026-06-07 17:37
KB0006149,P-001492,KH-PHX-01,Phoenix,2026-07-08,walk-in,completed,2026-07-08 12:27
KB0009460,P-004206,KH-CHI-03,Chicago,2026-08-28,at-home,completed,2026-08-28 12:16
KB0003338,P-004420,KH-CHI-02,Chicago,2026-05-24,walk-in,completed,2026-05-24 16:07
KB0008746,P-004362,KH-CHI-03,Chicago,2026-08-17,online,completed,2026-08-17 19:36
KB0000207,P-005725,KH-ATL-01,Atlanta,2026-04-03,walk-in,completed,2026-04-03 08:29
KB0005301,P-004252,KH-CHI-01,Chicago,2026-06-24,walk-in,completed,2026-06-24 17:16
KB0008806,P-002940,KH-NYC-02,New York,2026-08-18,online,completed,2026-08-18 15:16
KB0005427,P-003995,KH-CHI-02,Chicago,2026-06-26,walk-in,completed,2026-06-26 15:10
KB0010678,P-002355,KH-PHX-01,Phoenix,2026-09-16,at-home,completed,2026-09-16 19:12
KB0005479,P-003414,KH-NYC-01,New York,2026-06-27,walk-in,completed,2026-06-27 17:29
KB0003536,P-005370,KH-ATL-01,Atlanta,2026-05-27,walk-in,completed,2026-05-27 19:25
KB0002918,P-005340,KH-ATL-01,Atlanta,2026-05-17,online,completed,2026-05-17 12:27
KB0005215,P-002092,KH-PHX-02,Phoenix,2026-06-23,at-home,completed,2026-06-23 17:31
KB0004006,P-000194,KH-DAL-03,Dallas,2026-06-04,walk-in,completed,2026-06-04 11:30
KB0011553,P-000464,KH-DAL-03,Dallas,2026-09-29,walk-in,completed,2026-09-29 18:13
KB0001910,P-004877,KH-CHI-02,Chicago,2026-05-01,phone,completed,2026-05-01 14:10
KB0007196,P-000434,KH-DAL-02,Dallas,2026-07-24,walk-in,completed,2026-07-24 11:57
KB0008932,P-001314,KH-PHX-02,Phoenix,2026-08-20,phone,completed,2026-08-20 16:44
KB0008496,P-005183,KH-ATL-02,Atlanta,2026-08-13,walk-in,completed,2026-08-13 12:30
KB0008641,P-005106,KH-ATL-02,Atlanta,2026-08-15,at-home,completed,2026-08-15 19:12
KB0007274,P-001931,KH-PHX-01,Phoenix,2026-07-25,at-home,completed,2026-07-25 09:13
KB0007953,P-002380,KH-PHX-03,Phoenix,2026-08-05,walk-in,completed,2026-08-05 09:59
KB0005449,P-006207,KH-PHI-01,Philadelphia,2026-06-26,online,completed,2026-06-26 09:44
KB0009896,P-001021,KH-DAL-03,Dallas,2026-09-04,walk-in,completed,2026-09-04 09:00
KB0007821,P-002445,KH-PHX-03,Phoenix,2026-08-03,walk-in,completed,2026-08-03 18:17
KB0006216,P-000150,KH-DAL-02,Dallas,2026-07-09,online,completed,2026-07-09 17:03
KB0010688,P-003055,KH-NYC-03,New York,2026-09-16,walk-in,completed,2026-09-16 19:10
KB0002498,P-005826,KH-PHI-03,Philadelphia,2026-05-10,walk-in,completed,2026-05-10 12:28
KB0010318,P-003989,KH-CHI-01,Chicago,2026-09-10,walk-in,completed,2026-09-10 10:14
KB0000425,P-001332,KH-PHX-03,Phoenix,2026-04-07,online,completed,2026-04-07 11:35
KB0011345,P-004982,KH-ATL-03,Atlanta,2026-09-25,online,completed,2026-09-25 13:42
KB0009211,P-005666,KH-ATL-02,Atlanta,2026-08-24,walk-in,completed,2026-08-24 13:52
KB0001460,P-000315,KH-DAL-02,Dallas,2026-04-24,online,completed,2026-04-24 19:27
KB0003655,P-002877,KH-NYC-01,New York,2026-05-29,online,completed,2026-05-29 13:06
KB0009218,P-000361,KH-DAL-02,Dallas,2026-08-25,phone,completed,2026-08-25 15:54
KB0003979,P-004775,KH-CHI-03,Chicago,2026-06-03,walk-in,completed,2026-06-03 17:35
KB0005551,P-005471,KH-ATL-01,Atlanta,2026-06-28,online,completed,2026-06-28 13:17
KB0003619,P-005898,KH-PHI-03,Philadelphia,2026-05-28,walk-in,completed,2026-05-28 17:14
KB0002222,P-002063,KH-PHX-02,Phoenix,2026-05-06,phone,completed,2026-05-06 09:29
KB0005998,P-006424,KH-PHI-03,Philadelphia,2026-07-05,online,completed,2026-07-05 14:02
KB0009859,P-005135,KH-ATL-02,Atlanta,2026-09-03,walk-in,completed,2026-09-03 11:39
KB0002712,P-002765,KH-NYC-02,New York,2026-05-14,walk-in,completed,2026-05-14 14:47
KB0003930,P-006153,KH-PHI-03,Philadelphia,2026-06-02,walk-in,cancelled,2026-06-02 11:27
KB0005922,P-002373,KH-PHX-01,Phoenix,2026-07-04,online,completed,2026-07-04 16:28
KB0009204,P-005314,KH-ATL-02,Atlanta,2026-08-24,at-home,completed,2026-08-24 14:58
KB0001137,P-003106,KH-NYC-03,New York,2026-04-18,walk-in,completed,2026-04-18 17:27
KB0005763,P-000630,KH-DAL-02,Dallas,2026-07-02,online,completed,2026-07-02 17:23
KB0006506,P-005918,KH-PHI-01,Philadelphia,2026-07-13,walk-in,completed,2026-07-13 09:25
KB0000304,P-000376,KH-DAL-02,Dallas,2026-04-05,,completed,2026-04-05 08:25
KB0009527,P-004099,KH-CHI-02,Chicago,2026-08-29,phone,completed,2026-08-29 15:13
KB0003365,P-000590,KH-DAL-03,Dallas,2026-05-25,online,completed,2026-05-25 19:37
KB0007965,P-003278,KH-NYC-02,New York,2026-08-05,at-home,completed,2026-08-05 13:33
KB0001825,P-002172,KH-PHX-01,Phoenix,2026-04-30,walk-in,completed,2026-04-30 08:00
KB0001467,P-000236,KH-DAL-03,Dallas,2026-04-24,walk-in,completed,2026-04-24 15:33
KB0010389,P-003969,KH-CHI-01,Chicago,2026-09-11,walk-in,completed,2026-09-11 12:32
KB0003719,P-003805,KH-NYC-01,New York,2026-05-30,phone,completed,2026-05-30 13:25
KB0008569,P-004995,KH-ATL-02,Atlanta,2026-08-14,walk-in,completed,2026-08-14 10:11
KB0003238,P-006426,KH-PHI-01,Philadelphia,2026-05-22,online,completed,2026-05-22 14:17
KB0010484,P-000270,KH-DAL-03,Dallas,2026-09-13,phone,completed,2026-09-13 10:59
KB0003779,P-004130,KH-CHI-02,Chicago,2026-05-31,phone,completed,2026-05-31 09:06
KB0005243,P-004658,KH-CHI-03,Chicago,2026-06-23,walk-in,completed,2026-06-23 13:21
KB0008220,P-003349,KH-NYC-03,New York,2026-08-09,walk-in,completed,2026-08-09 14:26
KB0005273,P-002054,KH-PHX-02,Phoenix,2026-06-24,online,completed,2026-06-24 10:02
KB0004511,P-000455,KH-DAL-01,Dallas,2026-06-12,walk-in,completed,2026-06-12 08:41
KB0006783,P-004953,KH-ATL-01,Atlanta,2026-07-17,walk-in,completed,2026-07-17 16:22
KB0011577,P-001299,KH-PHX-01,Phoenix,2026-09-29,walk-in,completed,2026-09-29 08:40
KB0004664,P-003909,KH-NYC-03,New York,2026-06-14,online,completed,2026-06-14 19:56
KB0006526,P-001134,KH-DAL-02,Dallas,2026-07-14,at-home,completed,2026-07-14 09:06
KB0003944,P-000418,KH-DAL-02,Dallas,2026-06-03,walk-in,completed,2026-06-03 15:36
KB0006857,P-001245,KH-DAL-03,Dallas,2026-07-19,phone,completed,2026-07-19 19:08
KB0003522,P-003202,KH-NYC-01,New York,2026-05-27,walk-in,completed,2026-05-27 09:03
KB0007324,P-001233,KH-DAL-01,Dallas,2026-07-26,online,completed,2026-07-26 19:31
KB0011097,P-002025,KH-PHX-01,Phoenix,2026-09-22,walk-in,completed,2026-09-22 16:50
KB0006024,P-002054,KH-PHX-01,Phoenix,2026-07-06,walk-in,completed,2026-07-06 11:59
KB0008384,P-000875,KH-DAL-01,Dallas,2026-08-12,walk-in,completed,2026-08-12 08:49
KB0007057,P-001043,KH-DAL-01,Dallas,2026-07-22,online,completed,2026-07-22 17:33
KB0002802,P-004957,KH-ATL-02,Atlanta,2026-05-15,online,completed,2026-05-15 12:20
KB0004049,P-005072,KH-ATL-03,Atlanta,2026-06-04,phone,completed,2026-06-04 13:40
KB0004762,P-000340,KH-DAL-03,Dallas,2026-06-16,phone,completed,2026-06-16 16:32
KB0006738,P-002161,KH-PHX-01,Phoenix,2026-07-17,walk-in,completed,2026-07-17 08:52
KB0004709,P-003341,KH-NYC-03,New York,2026-06-15,walk-in,completed,2026-06-15 17:08
KB0006032,P-003789,KH-NYC-01,New York,2026-07-06,walk-in,completed,2026-07-06 16:28
KB0002108,P-004524,KH-CHI-01,Chicago,2026-05-04,walk-in,completed,2026-05-04 15:42
KB0000396,P-005693,KH-ATL-02,Atlanta,2026-04-06,walk-in,completed,2026-04-06 11:12
KB0000814,P-004265,KH-CHI-02,Chicago,2026-04-13,walk-in,completed,2026-04-13 18:28
KB0001245,P-003086,KH-NYC-02,New York,2026-04-20,online,completed,2026-04-20 13:35
KB0011596,P-003670,KH-NYC-03,New York,2026-09-29,walk-in,completed,2026-09-29 14:33
KB0003931,P-006142,KH-PHI-02,Philadelphia,2026-06-02,phone,completed,2026-06-02 16:20
KB0003901,P-003132,KH-NYC-01,New York,2026-06-02,online,cancelled,2026-06-02 13:15
KB0006729,P-000856,KH-DAL-03,Dallas,2026-07-17,walk-in,completed,2026-07-17 15:08
KB0008491,P-004019,KH-CHI-03,Chicago,2026-08-13,online,completed,2026-08-13 16:22
KB0006644,P-006463,KH-PHI-03,Philadelphia,2026-07-15,walk-in,cancelled,2026-07-15 12:46
KB0009992,P-003813,KH-NYC-03,New York,2026-09-05,at-home,completed,2026-09-05 18:02
KB0000006,P-000953,KH-DAL-01,Dallas,2026-04-01,at-home,completed,2026-04-01 14:07
KB0007649,P-003822,KH-NYC-02,New York,2026-07-31,phone,completed,2026-07-31 13:29
KB0000910,P-001141,KH-DAL-01,Dallas,2026-04-15,walk-in,completed,2026-04-15 19:49
KB0002271,P-001337,KH-PHX-02,Phoenix,2026-05-07,at-home,completed,2026-05-07 13:31
KB0009990,P-002671,KH-NYC-01,New York,2026-09-05,online,completed,2026-09-05 14:36
KB0002418,P-002921,KH-NYC-01,New York,2026-05-09,at-home,completed,2026-05-09 14:39
KB0002137,P-000369,KH-DAL-03,Dallas,2026-05-05,walk-in,completed,2026-05-05 12:47
KB0005219,P-001961,KH-PHX-03,Phoenix,2026-06-23,at-home,completed,2026-06-23 16:13
KB0007739,P-006391,KH-PHI-02,Philadelphia,2026-08-01,walk-in,completed,2026-08-01 16:25
KB0000259,P-003927,KH-NYC-03,New York,2026-04-04,at-home,completed,2026-04-04 14:19
KB0001008,P-002804,KH-NYC-02,New York,2026-04-16,online,completed,2026-04-16 16:07
KB0011145,P-001088,KH-DAL-02,Dallas,2026-09-23,online,completed,2026-09-23 19:54
KB0007043,P-005901,KH-PHI-02,Philadelphia,2026-07-21,walk-in,completed,2026-07-21 18:29
KB0005392,P-000623,KH-DAL-01,Dallas,2026-06-26,walk-in,completed,2026-06-26 12:31
KB0003311,P-006658,KH-PHI-03,Philadelphia,2026-05-23,online,completed,2026-05-23 09:38
KB0002402,P-001299,KH-PHX-02,Phoenix,2026-05-09,walk-in,completed,2026-05-09 12:08
KB0005849,P-002252,KH-PHX-02,Phoenix,2026-07-03,walk-in,completed,2026-07-03 19:52
KB0005455,P-001013,KH-DAL-01,Dallas,2026-06-27,online,completed,2026-06-27 16:07
KB0001167,P-001034,KH-DAL-01,Dallas,2026-04-19,walk-in,completed,2026-04-19 15:11
KB0009083,P-003604,KH-NYC-03,New York,2026-08-22,phone,completed,2026-08-22 16:25
KB0004096,P-003057,KH-NYC-03,New York,2026-06-05,walk-in,completed,2026-06-05 16:45
KB0003360,P-000777,KH-DAL-02,Dallas,2026-05-25,phone,completed,2026-05-25 15:17
KB0005696,P-000185,KH-DAL-02,Dallas,2026-07-01,phone,completed,2026-07-01 16:33
KB0000390,P-004874,KH-CHI-03,Chicago,2026-04-06,walk-in,completed,2026-04-06 17:27
KB0006277,P-000858,KH-DAL-03,Dallas,2026-07-10,online,completed,2026-07-10 11:36
KB0009262,P-004665,KH-CHI-03,Chicago,2026-08-25,online,completed,2026-08-25 16:57
KB0006085,P-001908,KH-PHX-01,Phoenix,2026-07-07,walk-in,completed,2026-07-07 13:02
KB0004882,P-006458,KH-PHI-03,Philadelphia,2026-06-17,walk-in,completed,2026-06-17 17:42
KB0002121,P-006415,KH-PHI-02,Philadelphia,2026-05-04,online,completed,2026-05-04 11:41
KB0011001,P-001013,KH-DAL-01,Dallas,2026-09-21,walk-in,completed,2026-09-21 11:23
KB0011194,P-005078,KH-ATL-02,Atlanta,2026-09-23,at-home,completed,2026-09-23 15:29
KB0004125,P-005524,KH-ATL-03,Atlanta,2026-06-05,phone,cancelled,2026-06-05 15:55
KB0003080,P-002380,KH-PHX-03,Phoenix,2026-05-20,online,completed,2026-05-20 12:31
KB0000078,P-001247,KH-DAL-03,Dallas,2026-04-02,walk-in,completed,2026-04-02 19:45
KB0007094,P-004598,KH-CHI-03,Chicago,2026-07-22,walk-in,completed,2026-07-22 09:15
KB0000034,P-002716,KH-NYC-01,New York,2026-04-01,walk-in,completed,2026-04-01 13:49
KB0001692,P-000231,KH-DAL-01,Dallas,2026-04-28,walk-in,completed,2026-04-28 18:41
KB0000482,P-001301,KH-PHX-01,Phoenix,2026-04-08,online,completed,2026-04-08 12:14
KB0011065,P-000290,KH-DAL-02,Dallas,2026-09-22,walk-in,completed,2026-09-22 14:24
KB0001966,P-002787,KH-NYC-01,New York,2026-05-02,at-home,completed,2026-05-02 15:39
KB0004480,P-003901,KH-NYC-03,New York,2026-06-11,walk-in,completed,2026-06-11 18:45
KB0003219,P-004330,KH-CHI-01,Chicago,2026-05-22,online,completed,2026-05-22 12:13
KB0007530,P-002951,KH-NYC-03,New York,2026-07-29,walk-in,completed,2026-07-29 18:15
KB0003870,P-000796,KH-DAL-01,Dallas,2026-06-02,walk-in,completed,2026-06-02 11:34
KB0002104,P-004529,KH-CHI-02,Chicago,2026-05-04,at-home,completed,2026-05-04 08:14
KB0000749,P-002943,KH-NYC-01,New York,2026-04-12,walk-in,completed,2026-04-12 17:10
KB0006348,P-000700,KH-DAL-02,Dallas,2026-07-11,phone,completed,2026-07-11 13:01
KB0011503,P-002125,KH-PHX-02,Phoenix,2026-09-28,online,completed,2026-09-28 16:21
KB0000937,P-003654,KH-NYC-01,New York,2026-04-15,walk-in,completed,2026-04-15 10:20
KB0004683,P-006615,KH-PHI-03,Philadelphia,2026-06-14,at-home,completed,2026-06-14 12:26
KB0009008,P-002376,KH-PHX-01,Phoenix,2026-08-21,at-home,completed,2026-08-21 16:55
KB0008415,P-003389,KH-NYC-02,New York,2026-08-12,online,completed,2026-08-12 08:44
KB0009172,P-001923,KH-PHX-03,Phoenix,2026-08-24,at-home,completed,2026-08-24 18:24
KB0003946,P-000387,KH-DAL-03,Dallas,2026-06-03,online,completed,2026-06-03 18:30
KB0006489,P-003129,KH-NYC-03,New York,2026-07-13,walk-in,completed,2026-07-13 13:53
KB0011385,P-001722,KH-PHX-01,Phoenix,2026-09-26,phone,completed,2026-09-26 16:49
KB0011134,P-000058,KH-DAL-01,Dallas,2026-09-23,phone,completed,2026-09-23 13:18
KB0009989,P-003132,KH-NYC-02,New York,2026-09-05,at-home,completed,2026-09-05 12:40
KB0008106,P-002580,KH-NYC-02,New York,2026-08-07,walk-in,completed,2026-08-07 14:45
KB0007318,P-006158,KH-PHI-02,Philadelphia,2026-07-25,walk-in,completed,2026-07-25 15:49
KB0003115,P-006365,KH-PHI-01,Philadelphia,2026-05-20,online,completed,2026-05-20 14:01
KB0001330,P-006415,KH-PHI-03,Philadelphia,2026-04-21,online,completed,2026-04-21 14:18
KB0007927,P-005415,KH-ATL-02,Atlanta,2026-08-04,phone,completed,2026-08-04 17:41
KB0004181,P-005692,KH-ATL-02,Atlanta,2026-06-06,at-home,completed,2026-06-06 18:02
KB0008235,P-004965,KH-ATL-01,Atlanta,2026-08-09,phone,completed,2026-08-09 11:36
KB0005631,P-001194,KH-DAL-03,Dallas,2026-06-30,walk-in,completed,2026-06-30 17:16
KB0008374,P-005380,KH-ATL-02,Atlanta,2026-08-11,online,completed,2026-08-11 10:16
KB0002671,P-005088,KH-ATL-02,Atlanta,2026-05-13,at-home,completed,2026-05-13 09:19
KB0009641,P-002486,KH-NYC-03,New York,2026-08-31,at-home,completed,2026-08-31 14:24
KB0003563,P-000387,KH-DAL-03,Dallas,2026-05-28,walk-in,completed,2026-05-28 12:32
KB0003412,P-006340,KH-PHI-03,Philadelphia,2026-05-25,walk-in,completed,2026-05-25 17:58
KB0011440,P-000752,KH-DAL-03,Dallas,2026-09-27,walk-in,completed,2026-09-27 13:01
KB0007106,P-005582,KH-ATL-02,Atlanta,2026-07-22,online,completed,2026-07-22 08:11
KB0008765,P-005894,KH-PHI-01,Philadelphia,2026-08-17,walk-in,completed,2026-08-17 08:11
KB0005604,P-003022,KH-NYC-03,New York,2026-06-29,walk-in,completed,2026-06-29 18:56
KB0004019,P-002399,KH-PHX-02,Phoenix,2026-06-04,phone,completed,2026-06-04 11:00
KB0002829,P-000006,KH-DAL-03,Dallas,2026-05-16,walk-in,completed,2026-05-16 10:08
KB0005981,P-004112,KH-CHI-03,Chicago,2026-07-05,online,completed,2026-07-05 17:25
KB0005806,P-005678,KH-ATL-03,Atlanta,2026-07-02,online,completed,2026-07-02 14:32
KB0001344,P-001095,KH-DAL-01,Dallas,2026-04-22,walk-in,completed,2026-04-22 10:55
KB0004396,P-001478,KH-PHX-01,Phoenix,2026-06-10,walk-in,completed,2026-06-10 18:22
KB0001448,P-005930,KH-PHI-03,Philadelphia,2026-04-23,walk-in,completed,2026-04-23 10:58
KB0001522,P-000780,KH-DAL-03,Dallas,2026-04-25,walk-in,completed,2026-04-25 13:24
KB0008589,P-000525,KH-DAL-01,Dallas,2026-08-15,walk-in,completed,2026-08-15 13:17
KB0003047,P-005068,KH-ATL-02,Atlanta,2026-05-19,walk-in,completed,2026-05-19 17:00
KB0009815,P-000527,KH-DAL-01,Dallas,2026-09-03,walk-in,completed,2026-09-03 12:05
KB0010066,P-006515,KH-PHI-02,Philadelphia,2026-09-06,at-home,completed,2026-09-06 19:43
KB0002669,P-005150,KH-ATL-02,Atlanta,2026-05-13,phone,completed,2026-05-13 18:23
KB0007015,P-003853,KH-NYC-03,New York,2026-07-21,walk-in,completed,2026-07-21 18:28
KB0001791,P-005335,KH-ATL-02,Atlanta,2026-04-29,walk-in,completed,2026-04-29 11:55
KB0003882,P-002092,KH-PHX-03,Phoenix,2026-06-02,at-home,completed,2026-06-02 15:47
KB0002249,P-006548,KH-PHI-02,Philadelphia,2026-05-06,at-home,completed,2026-05-06 12:48
KB0003462,P-005546,KH-ATL-02,Atlanta,2026-05-26,walk-in,completed,2026-05-26 13:07
KB0004145,P-000048,KH-DAL-01,Dallas,2026-06-06,phone,completed,2026-06-06 13:18
KB0011328,P-002964,KH-NYC-03,New York,2026-09-25,at-home,completed,2026-09-25 17:08
KB0011627,P-000635,KH-DAL-01,Dallas,2026-09-30,walk-in,completed,2026-09-30 15:17
KB0003476,P-005999,KH-PHI-02,Philadelphia,2026-05-26,walk-in,completed,2026-05-26 12:56
KB0009252,P-003212,KH-NYC-01,New York,2026-08-25,online,completed,2026-08-25 11:19
KB0002600,P-003580,KH-NYC-01,New York,2026-05-12,online,completed,2026-05-12 13:05
KB0008621,P-002929,KH-NYC-01,New York,2026-08-15,walk-in,completed,2026-08-15 18:37
KB0000987,P-001598,KH-PHX-01,Phoenix,2026-04-16,at-home,completed,2026-04-16 16:25
KB0009946,P-006229,KH-PHI-01,Philadelphia,2026-09-04,walk-in,completed,2026-09-04 15:21
KB0005591,P-001962,KH-PHX-01,Phoenix,2026-06-29,walk-in,completed,2026-06-29 14:20
KB0005857,P-003270,KH-NYC-03,New York,2026-07-03,online,completed,2026-07-03 16:29
KB0011103,P-002461,KH-NYC-02,New York,2026-09-22,walk-in,completed,2026-09-22 13:54
KB0007173,P-004571,KH-CHI-03,Chicago,2026-07-23,walk-in,completed,2026-07-23 15:14
KB0001026,P-005381,KH-ATL-02,Atlanta,2026-04-16,at-home,completed,2026-04-16 09:37
KB0002536,P-002629,KH-NYC-01,New York,2026-05-11,walk-in,completed,2026-05-11 11:32
KB0001269,P-006028,KH-PHI-03,Philadelphia,2026-04-20,phone,cancelled,2026-04-20 08:04
KB0005373,P-005478,KH-ATL-03,Atlanta,2026-06-25,at-home,completed,2026-06-25 15:37
KB0009342,P-006035,KH-PHI-02,Philadelphia,2026-08-26,walk-in,completed,2026-08-26 14:17
KB0009622,P-001578,KH-PHX-03,Phoenix,2026-08-31,phone,completed,2026-08-31 13:24
KB0005886,P-006576,KH-PHI-01,Philadelphia,2026-07-03,walk-in,completed,2026-07-03 12:16
KB0009565,P-001502,KH-PHX-03,Phoenix,2026-08-30,online,cancelled,2026-08-30 10:19
KB0003919,P-004995,KH-ATL-02,Atlanta,2026-06-02,walk-in,completed,2026-06-02 08:40
KB0011531,P-005725,KH-ATL-01,Atlanta,2026-09-28,at-home,completed,2026-09-28 09:20
KB0002696,P-000176,KH-DAL-02,Dallas,2026-05-14,online,completed,2026-05-14 16:44
KB0004293,P-005715,KH-ATL-01,Atlanta,2026-06-08,online,completed,2026-06-08 08:08
KB0009711,P-003598,KH-NYC-02,New York,2026-09-01,online,completed,2026-09-01 14:53
KB0007013,P-002595,KH-NYC-02,New York,2026-07-21,online,completed,2026-07-21 14:41
KB0001214,P-000604,KH-DAL-01,Dallas,2026-04-20,walk-in,completed,2026-04-20 18:58
KB0009432,P-001812,KH-PHX-01,Phoenix,2026-08-28,phone,completed,2026-08-28 10:39
KB0003902,P-003599,KH-NYC-01,New York,2026-06-02,at-home,completed,2026-06-02 17:54
KB0000598,P-000279,KH-DAL-03,Dallas,2026-04-10,walk-in,cancelled,2026-04-10 19:50
KB0000802,P-003124,KH-NYC-03,New York,2026-04-13,walk-in,completed,2026-04-13 12:48
KB0006778,P-005142,KH-ATL-01,Atlanta,2026-07-17,walk-in,completed,2026-07-17 19:57
KB0000783,P-001111,KH-DAL-03,Dallas,2026-04-13,online,completed,2026-04-13 13:16
KB0007562,P-000465,KH-DAL-01,Dallas,2026-07-30,online,completed,2026-07-30 12:49
KB0008281,P-003413,KH-NYC-03,New York,2026-08-10,walk-in,completed,2026-08-10 15:24
KB0010129,P-005446,KH-ATL-02,Atlanta,2026-09-07,at-home,completed,2026-09-07 12:53
KB0004984,P-003016,KH-NYC-03,New York,2026-06-19,online,completed,2026-06-19 10:05
KB0005555,P-005692,KH-ATL-02,Atlanta,2026-06-28,online,completed,2026-06-28 14:02
KB0004027,P-002075,KH-PHX-03,Phoenix,2026-06-04,online,completed,2026-06-04 18:43
KB0001911,P-004432,KH-CHI-02,Chicago,2026-05-01,phone,completed,2026-05-01 11:58
KB0005729,P-003969,KH-CHI-01,Chicago,2026-07-01,phone,completed,2026-07-01 18:37
KB0007073,P-002374,KH-PHX-02,Phoenix,2026-07-22,online,completed,2026-07-22 10:37
KB0002572,P-001022,KH-DAL-03,Dallas,2026-05-12,phone,completed,2026-05-12 11:54
KB0007182,P-006089,KH-PHI-02,Philadelphia,2026-07-23,online,completed,2026-07-23 17:51
KB0003964,P-001704,KH-PHX-01,Phoenix,2026-06-03,walk-in,completed,2026-06-03 18:33
KB0006313,P-004065,KH-CHI-02,Chicago,2026-07-10,walk-in,completed,2026-07-10 18:56
KB0000508,P-004241,KH-CHI-02,Chicago,2026-04-08,walk-in,completed,2026-04-08 12:41
KB0003926,P-006348,KH-PHI-02,Philadelphia,2026-06-02,walk-in,completed,2026-06-02 10:53
KB0005454,P-001207,KH-DAL-01,Dallas,2026-06-27,online,completed,2026-06-27 13:51
KB0002281,P-003903,KH-NYC-01,New York,2026-05-07,walk-in,completed,2026-05-07 09:25
KB0003792,P-006190,KH-PHI-01,Philadelphia,2026-05-31,walk-in,completed,2026-05-31 10:38
KB0000760,P-004055,KH-CHI-03,Chicago,2026-04-12,walk-in,completed,2026-04-12 17:13
KB0001231,P-002218,KH-PHX-01,Phoenix,2026-04-20,walk-in,completed,2026-04-20 19:08
KB0001177,P-001915,KH-PHX-03,Phoenix,2026-04-19,online,completed,2026-04-19 13:55
KB0003736,P-005181,KH-ATL-01,Atlanta,2026-05-30,walk-in,completed,2026-05-30 13:50
KB0007486,P-006693,KH-PHI-01,Philadelphia,2026-07-28,walk-in,completed,2026-07-28 12:37
KB0005978,P-004614,KH-CHI-03,Chicago,2026-07-05,online,completed,2026-07-05 19:19
KB0003354,P-005896,KH-PHI-01,Philadelphia,2026-05-24,online,completed,2026-05-24 13:24
KB0002756,P-001087,KH-DAL-01,Dallas,2026-05-15,walk-in,completed,2026-05-15 18:37
KB0000088,P-002236,KH-PHX-01,Phoenix,2026-04-02,walk-in,cancelled,2026-04-02 15:15
KB0008008,P-001801,KH-PHX-02,Phoenix,2026-08-06,phone,completed,2026-08-06 09:31
KB0001601,P-002482,KH-NYC-02,New York,2026-04-26,phone,completed,2026-04-26 18:40
KB0004351,P-004732,KH-CHI-03,Chicago,2026-06-09,walk-in,completed,2026-06-09 11:39
KB0004365,P-005009,KH-ATL-01,Atlanta,2026-06-09,online,completed,2026-06-09 10:17
KB0005850,P-001840,KH-PHX-02,Phoenix,2026-07-03,phone,completed,2026-07-03 16:31
KB0003487,P-000846,KH-DAL-02,Dallas,2026-05-27,phone,completed,2026-05-27 17:11
KB0004969,P-002202,KH-PHX-01,Phoenix,2026-06-19,walk-in,completed,2026-06-19 10:29
KB0011063,P-000374,KH-DAL-03,Dallas,2026-09-22,at-home,completed,2026-09-22 13:53
KB0006751,P-001624,KH-PHX-03,Phoenix,2026-07-17,online,completed,2026-07-17 19:26
KB0004916,P-003002,KH-NYC-01,New York,2026-06-18,online,completed,2026-06-18 15:20
KB0007886,P-001869,KH-PHX-02,Phoenix,2026-08-04,walk-in,completed,2026-08-04 10:21
KB0000281,P-005594,KH-ATL-01,Atlanta,2026-04-04,walk-in,cancelled,2026-04-04 14:08
KB0008744,P-004678,KH-CHI-02,Chicago,2026-08-17,walk-in,completed,2026-08-17 11:39
KB0004550,P-003080,KH-NYC-03,New York,2026-06-12,walk-in,completed,2026-06-12 10:50
KB0010656,P-006255,KH-PHI-01,Philadelphia,2026-09-15,at-home,completed,2026-09-15 12:18
KB0006996,P-000077,KH-DAL-02,Dallas,2026-07-21,walk-in,completed,2026-07-21 12:33
KB0002449,P-000422,KH-DAL-01,Dallas,2026-05-10,online,completed,2026-05-10 13:16
KB0000054,P-005036,KH-ATL-03,Atlanta,2026-04-01,online,completed,2026-04-01 13:52
KB0004448,P-000160,KH-DAL-03,Dallas,2026-06-11,walk-in,completed,2026-06-11 16:50
KB0006211,P-000010,KH-DAL-02,Dallas,2026-07-09,walk-in,completed,2026-07-09 11:37
KB0002453,P-000071,KH-DAL-01,Dallas,2026-05-10,online,completed,2026-05-10 12:18
KB0011626,P-001109,KH-DAL-03,Dallas,2026-09-30,walk-in,completed,2026-09-30 11:53
KB0008917,P-000600,KH-DAL-01,Dallas,2026-08-20,walk-in,completed,2026-08-20 12:46
KB0000472,P-000182,KH-DAL-01,Dallas,2026-04-08,at-home,completed,2026-04-08 15:25
KB0009908,P-001513,KH-PHX-02,Phoenix,2026-09-04,at-home,completed,2026-09-04 11:33
KB0004242,P-000412,KH-DAL-03,Dallas,2026-06-08,online,completed,2026-06-08 18:09
KB0001058,P-001871,KH-PHX-03,Phoenix,2026-04-17,,completed,2026-04-17 10:42
KB0006034,P-003470,KH-NYC-01,New York,2026-07-06,,completed,2026-07-06 18:35
KB0003167,P-005110,KH-ATL-01,Atlanta,2026-05-21,online,completed,2026-05-21 14:12
KB0004724,P-004300,KH-CHI-01,Chicago,2026-06-15,online,completed,2026-06-15 14:47
KB0006853,P-006052,KH-PHI-03,Philadelphia,2026-07-18,phone,completed,2026-07-18 14:31
KB0005655,P-001874,KH-PHX-01,Phoenix,2026-06-30,walk-in,completed,2026-06-30 10:51
KB0000044,P-004185,KH-CHI-01,Chicago,2026-04-01,walk-in,completed,2026-04-01 19:29
KB0003232,P-005553,KH-ATL-01,Atlanta,2026-05-22,walk-in,completed,2026-05-22 18:48
KB0005812,P-005666,KH-ATL-02,Atlanta,2026-07-02,walk-in,completed,2026-07-02 17:19
KB0009189,P-002754,KH-NYC-03,New York,2026-08-24,phone,completed,2026-08-24 08:01
KB0002653,P-002935,KH-NYC-01,New York,2026-05-13,walk-in,completed,2026-05-13 11:10
KB0010459,P-003701,KH-NYC-02,New York,2026-09-12,online,completed,2026-09-12 08:11
KB0006861,P-000859,KH-DAL-02,Dallas,2026-07-19,online,completed,2026-07-19 19:45
KB0003513,P-002554,KH-NYC-02,New York,2026-05-27,online,completed,2026-05-27 12:44
KB0007528,P-002985,KH-NYC-01,New York,2026-07-29,walk-in,completed,2026-07-29 16:54
KB0007570,P-001748,KH-PHX-02,Phoenix,2026-07-30,walk-in,completed,2026-07-30 09:39
KB0002550,P-005356,KH-ATL-02,Atlanta,2026-05-11,at-home,completed,2026-05-11 11:08
KB0007105,P-005444,KH-ATL-01,Atlanta,2026-07-22,online,completed,2026-07-22 19:17
KB0003531,P-004899,KH-CHI-03,Chicago,2026-05-27,online,completed,2026-05-27 08:45
KB0009101,P-005019,KH-ATL-01,Atlanta,2026-08-22,at-home,completed,2026-08-22 16:19
KB0010711,P-006503,KH-PHI-02,Philadelphia,2026-09-16,at-home,completed,2026-09-16 18:35
KB0006439,P-005599,KH-ATL-02,Atlanta,2026-07-12,at-home,completed,2026-07-12 17:41
KB0007525,P-003590,KH-NYC-01,New York,2026-07-29,online,completed,2026-07-29 13:37
KB0007842,P-004545,KH-CHI-02,Chicago,2026-08-03,online,completed,2026-08-03 08:35
KB0000023,P-002199,KH-PHX-03,Phoenix,2026-04-01,at-home,completed,2026-04-01 19:29
KB0008926,P-001469,KH-PHX-02,Phoenix,2026-08-20,at-home,completed,2026-08-20 19:34
KB0001363,P-002932,KH-NYC-03,New York,2026-04-22,walk-in,completed,2026-04-22 15:50
KB0007346,P-003883,KH-NYC-03,New York,2026-07-26,phone,completed,2026-07-26 08:40
KB0003417,P-006449,KH-PHI-01,Philadelphia,2026-05-25,walk-in,completed,2026-05-25 08:17
KB0010057,P-005639,KH-ATL-02,Atlanta,2026-09-06,at-home,completed,2026-09-06 18:42
KB0001198,P-004679,KH-CHI-03,Chicago,2026-04-19,walk-in,completed,2026-04-19 08:30
KB0010357,P-002172,KH-PHX-02,Phoenix,2026-09-11,online,completed,2026-09-11 16:47
KB0002516,P-002185,KH-PHX-01,Phoenix,2026-05-11,online,completed,2026-05-11 15:54
KB0011685,P-005193,KH-ATL-01,Atlanta,2026-09-30,at-home,completed,2026-09-30 12:18
KB0002220,P-001882,KH-PHX-02,Phoenix,2026-05-06,walk-in,completed,2026-05-06 19:54
KB0007945,P-000620,KH-DAL-01,Dallas,2026-08-05,online,completed,2026-08-05 10:29
KB0004222,P-004734,KH-CHI-01,Chicago,2026-06-07,at-home,completed,2026-06-07 12:52
KB0002806,P-005170,KH-ATL-02,Atlanta,2026-05-15,phone,completed,2026-05-15 11:44
KB0006243,P-003238,KH-NYC-01,New York,2026-07-09,phone,completed,2026-07-09 15:52
KB0006720,P-006479,KH-PHI-01,Philadelphia,2026-07-16,walk-in,completed,2026-07-16 08:53
KB0001803,P-005808,KH-PHI-02,Philadelphia,2026-04-29,walk-in,completed,2026-04-29 18:00
KB0004311,P-000361,KH-DAL-02,Dallas,2026-06-09,online,completed,2026-06-09 16:16
KB0003300,P-005181,KH-ATL-01,Atlanta,2026-05-23,online,completed,2026-05-23 18:58
KB0006554,P-003283,KH-NYC-03,New York,2026-07-14,online,completed,2026-07-14 18:23
KB0007215,P-003870,KH-NYC-03,New York,2026-07-24,phone,completed,2026-07-24 19:27
KB0006283,P-000339,KH-DAL-03,Dallas,2026-07-10,walk-in,completed,2026-07-10 10:02
KB0005048,P-003517,KH-NYC-01,New York,2026-06-20,at-home,completed,2026-06-20 18:06
KB0003568,P-002187,KH-PHX-01,Phoenix,2026-05-28,walk-in,completed,2026-05-28 18:48
KB0008668,P-003271,KH-NYC-02,New York,2026-08-16,walk-in,completed,2026-08-16 11:44
KB0006557,P-003207,KH-NYC-02,New York,2026-07-14,walk-in,completed,2026-07-14 14:05
KB0008682,P-005048,KH-ATL-03,Atlanta,2026-08-16,phone,completed,2026-08-16 13:19
KB0005708,P-002208,KH-PHX-01,Phoenix,2026-07-01,,completed,2026-07-01 08:05
KB0011482,P-001023,KH-DAL-03,Dallas,2026-09-28,walk-in,completed,2026-09-28 19:15
KB0008662,P-001566,KH-PHX-02,Phoenix,2026-08-16,,completed,2026-08-16 19:45
KB0005368,P-004704,KH-CHI-01,Chicago,2026-06-25,walk-in,completed,2026-06-25 11:15
KB0005481,P-002854,KH-NYC-03,New York,2026-06-27,phone,completed,2026-06-27 12:43
KB0005370,P-005554,KH-ATL-02,Atlanta,2026-06-25,walk-in,completed,2026-06-25 17:44
KB0000085,P-002091,KH-PHX-01,Phoenix,2026-04-02,online,completed,2026-04-02 09:05
KB0009221,P-000281,KH-DAL-01,Dallas,2026-08-25,at-home,completed,2026-08-25 13:22
KB0009972,P-001800,KH-PHX-01,Phoenix,2026-09-05,walk-in,completed,2026-09-05 17:10
KB0004046,P-004845,KH-CHI-02,Chicago,2026-06-04,at-home,completed,2026-06-04 08:32
KB0008459,P-001715,KH-PHX-02,Phoenix,2026-08-13,at-home,completed,2026-08-13 16:13
KB0009190,P-003072,KH-NYC-01,New York,2026-08-24,walk-in,completed,2026-08-24 12:34
KB0003449,P-003171,KH-NYC-01,New York,2026-05-26,phone,completed,2026-05-26 09:53
KB0010853,P-005517,KH-ATL-03,Atlanta,2026-09-18,online,completed,2026-09-18 11:53
KB0006736,P-002166,KH-PHX-01,Phoenix,2026-07-17,online,completed,2026-07-17 17:08
KB0003988,P-005253,KH-ATL-02,Atlanta,2026-06-03,online,completed,2026-06-03 14:39
KB0004979,P-002989,KH-NYC-01,New York,2026-06-19,online,completed,2026-06-19 19:01
KB0011574,P-002125,KH-PHX-01,Phoenix,2026-09-29,online,completed,2026-09-29 15:44
KB0010241,P-002921,KH-NYC-02,New York,2026-09-09,at-home,completed,2026-09-09 08:27
KB0006469,P-001488,KH-PHX-03,Phoenix,2026-07-13,walk-in,completed,2026-07-13 14:14
KB0000724,P-006251,KH-PHI-03,Philadelphia,2026-04-11,online,completed,2026-04-11 10:15
KB0004013,P-001007,KH-DAL-01,Dallas,2026-06-04,walk-in,completed,2026-06-04 17:06
KB0000566,P-002717,KH-NYC-02,New York,2026-04-09,phone,completed,2026-04-09 13:02
KB0001557,P-004432,KH-CHI-03,Chicago,2026-04-25,phone,completed,2026-04-25 13:19
KB0000989,P-002194,KH-PHX-03,Phoenix,2026-04-16,walk-in,completed,2026-04-16 12:12
KB0000282,P-005546,KH-ATL-02,Atlanta,2026-04-04,,completed,2026-04-04 15:32
KB0003159,P-004472,KH-CHI-02,Chicago,2026-05-21,at-home,completed,2026-05-21 08:28
KB0011461,P-003210,KH-NYC-01,New York,2026-09-27,online,completed,2026-09-27 16:45
KB0011309,P-001722,KH-PHX-03,Phoenix,2026-09-25,,completed,2026-09-25 10:58
KB0007613,P-005223,KH-ATL-02,Atlanta,2026-07-30,at-home,completed,2026-07-30 11:35
KB0005137,P-000398,KH-DAL-03,Dallas,2026-06-22,online,completed,2026-06-22 17:51
KB0009366,P-002168,KH-PHX-03,Phoenix,2026-08-27,walk-in,completed,2026-08-27 10:08
KB0003915,P-005364,KH-ATL-02,Atlanta,2026-06-02,walk-in,completed,2026-06-02 13:02
KB0010231,P-002371,KH-PHX-01,Phoenix,2026-09-09,phone,completed,2026-09-09 09:51
KB0011107,P-002821,KH-NYC-01,New York,2026-09-22,walk-in,completed,2026-09-22 11:54
KB0008418,P-004833,KH-CHI-01,Chicago,2026-08-12,phone,completed,2026-08-12 18:46
KB0001547,P-003335,KH-NYC-02,New York,2026-04-25,online,completed,2026-04-25 10:02
KB0000943,P-004241,KH-CHI-03,Chicago,2026-04-15,phone,completed,2026-04-15 19:56
KB0006591,P-000189,KH-DAL-03,Dallas,2026-07-15,online,completed,2026-07-15 09:06
KB0009243,P-002436,KH-PHX-02,Phoenix,2026-08-25,online,completed,2026-08-25 11:45
KB0011104,P-003821,KH-NYC-03,New York,2026-09-22,online,completed,2026-09-22 11:51
KB0002832,P-000987,KH-DAL-02,Dallas,2026-05-16,walk-in,completed,2026-05-16 16:45
KB0000193,P-004155,KH-CHI-03,Chicago,2026-04-03,walk-in,completed,2026-04-03 17:17
KB0010202,P-006392,KH-PHI-02,Philadelphia,2026-09-08,,completed,2026-09-08 12:34
KB0002085,P-002199,KH-PHX-02,Phoenix,2026-05-04,online,completed,2026-05-04 17:53
KB0003766,P-001736,KH-PHX-01,Phoenix,2026-05-31,walk-in,completed,2026-05-31 09:59
KB0007137,P-001844,KH-PHX-03,Phoenix,2026-07-23,at-home,completed,2026-07-23 11:03
KB0007698,P-002231,KH-PHX-02,Phoenix,2026-08-01,at-home,completed,2026-08-01 13:47
KB0003353,P-005765,KH-PHI-02,Philadelphia,2026-05-24,walk-in,completed,2026-05-24 11:37
KB0011689,P-005345,KH-ATL-01,Atlanta,2026-09-30,online,completed,2026-09-30 15:57
KB0010021,P-005758,KH-PHI-03,Philadelphia,2026-09-05,walk-in,completed,2026-09-05 18:24
KB0004375,P-000190,KH-DAL-01,Dallas,2026-06-10,online,completed,2026-06-10 16:44
KB0006608,P-002402,KH-PHX-02,Phoenix,2026-07-15,online,completed,2026-07-15 09:59
KB0004707,P-003535,KH-NYC-01,New York,2026-06-15,walk-in,cancelled,2026-06-15 19:16
KB0009988,P-003024,KH-NYC-01,New York,2026-09-05,walk-in,completed,2026-09-05 19:30
KB0006423,P-001692,KH-PHX-02,Phoenix,2026-07-12,walk-in,completed,2026-07-12 14:50
KB0000131,P-005457,KH-ATL-02,Atlanta,2026-04-02,walk-in,completed,2026-04-02 11:48
KB0008285,P-003122,KH-NYC-01,New York,2026-08-10,walk-in,completed,2026-08-10 11:33
KB0007404,P-004027,KH-CHI-03,Chicago,2026-07-27,phone,completed,2026-07-27 19:04
KB0009308,P-001949,KH-PHX-02,Phoenix,2026-08-26,walk-in,completed,2026-08-26 12:20
KB0002464,P-001741,KH-PHX-02,Phoenix,2026-05-10,phone,completed,2026-05-10 10:26
KB0002608,P-004452,KH-CHI-03,Chicago,2026-05-12,walk-in,completed,2026-05-12 10:54
KB0005111,P-002583,KH-NYC-03,New York,2026-06-21,walk-in,completed,2026-06-21 10:54
KB0000944,P-004463,KH-CHI-02,Chicago,2026-04-15,walk-in,completed,2026-04-15 08:34
KB0009415,P-001117,KH-DAL-02,Dallas,2026-08-28,phone,completed,2026-08-28 16:47
KB0008217,P-003296,KH-NYC-01,New York,2026-08-09,phone,completed,2026-08-09 16:35
KB0011570,P-002303,KH-PHX-02,Phoenix,2026-09-29,walk-in,completed,2026-09-29 11:36
KB0002196,P-006332,KH-PHI-03,Philadelphia,2026-05-05,at-home,completed,2026-05-05 17:55
KB0006628,P-004557,KH-CHI-02,Chicago,2026-07-15,phone,completed,2026-07-15 16:03
KB0007793,P-005148,KH-ATL-02,Atlanta,2026-08-02,walk-in,completed,2026-08-02 09:53
KB0010457,P-002473,KH-NYC-03,New York,2026-09-12,at-home,completed,2026-09-12 12:20
KB0008611,P-002390,KH-PHX-03,Phoenix,2026-08-15,at-home,completed,2026-08-15 09:37
KB0000533,P-000215,KH-DAL-03,Dallas,2026-04-09,at-home,completed,2026-04-09 17:44
KB0002659,P-004452,KH-CHI-01,Chicago,2026-05-13,walk-in,completed,2026-05-13 10:23
KB0005699,P-000326,KH-DAL-03,Dallas,2026-07-01,at-home,completed,2026-07-01 14:08
KB0001043,P-000868,KH-DAL-03,Dallas,2026-04-17,online,completed,2026-04-17 18:54
KB0005375,P-005288,KH-ATL-01,Atlanta,2026-06-25,walk-in,cancelled,2026-06-25 17:46
KB0001834,P-003583,KH-NYC-03,New York,2026-04-30,walk-in,completed,2026-04-30 17:42
KB0010237,P-001989,KH-PHX-03,Phoenix,2026-09-09,phone,completed,2026-09-09 14:54
KB0004303,P-001032,KH-DAL-03,Dallas,2026-06-09,walk-in,completed,2026-06-09 09:54
KB0010478,P-006666,KH-PHI-02,Philadelphia,2026-09-12,at-home,completed,2026-09-12 12:42
KB0001949,P-001848,KH-PHX-01,Phoenix,2026-05-02,online,completed,2026-05-02 15:49
KB0010970,P-003425,KH-NYC-03,New York,2026-09-20,online,completed,2026-09-20 15:06
KB0008901,P-006336,KH-PHI-02,Philadelphia,2026-08-19,walk-in,completed,2026-08-19 10:23
KB0006881,P-001692,KH-PHX-01,Phoenix,2026-07-19,online,completed,2026-07-19 16:05
KB0010471,P-005076,KH-ATL-02,Atlanta,2026-09-12,at-home,completed,2026-09-12 16:02
KB0010888,P-000460,KH-DAL-01,Dallas,2026-09-19,phone,completed,2026-09-19 18:11
KB0006525,P-000610,KH-DAL-02,Dallas,2026-07-14,online,completed,2026-07-14 12:21
KB0008372,P-005381,KH-ATL-02,Atlanta,2026-08-11,at-home,completed,2026-08-11 16:00
KB0010440,P-001530,KH-PHX-02,Phoenix,2026-09-12,walk-in,completed,2026-09-12 10:21
KB0006357,P-001657,KH-PHX-03,Phoenix,2026-07-11,phone,completed,2026-07-11 12:14
KB0007187,P-006194,KH-PHI-01,Philadelphia,2026-07-23,online,completed,2026-07-23 16:47
KB0010047,P-003765,KH-NYC-03,New York,2026-09-06,online,completed,2026-09-06 14:06
KB0001476,P-002217,KH-PHX-01,Phoenix,2026-04-24,walk-in,completed,2026-04-24 10:23
KB0004266,P-001495,KH-PHX-02,Phoenix,2026-06-08,phone,completed,2026-06-08 11:50
KB0007568,P-001450,KH-PHX-02,Phoenix,2026-07-30,at-home,completed,2026-07-30 19:09
KB0006210,P-000523,KH-DAL-02,Dallas,2026-07-09,online,completed,2026-07-09 15:28
KB0003886,P-001343,KH-PHX-02,Phoenix,2026-06-02,walk-in,completed,2026-06-02 19:40
KB0005953,P-000352,KH-DAL-02,Dallas,2026-07-05,walk-in,cancelled,2026-07-05 08:37
KB0005970,P-003000,KH-NYC-01,New York,2026-07-05,online,cancelled,2026-07-05 08:33
KB0003817,P-002390,KH-PHX-02,Phoenix,2026-06-01,walk-in,completed,2026-06-01 12:21
KB0006655,P-001223,KH-DAL-03,Dallas,2026-07-16,at-home,completed,2026-07-16 14:51
KB0002552,P-005750,KH-ATL-02,Atlanta,2026-05-11,at-home,completed,2026-05-11 08:42
KB0007719,P-004180,KH-CHI-03,Chicago,2026-08-01,walk-in,completed,2026-08-01 19:14
KB0009537,P-004964,KH-ATL-01,Atlanta,2026-08-29,at-home,completed,2026-08-29 12:30
KB0004376,P-000477,KH-DAL-01,Dallas,2026-06-10,phone,completed,2026-06-10 17:30
KB0005676,P-004256,KH-CHI-01,Chicago,2026-06-30,online,completed,2026-06-30 17:46
KB0009876,P-001011,KH-DAL-02,Dallas,2026-09-04,phone,completed,2026-09-04 18:51
KB0002009,P-000617,KH-DAL-02,Dallas,2026-05-03,walk-in,completed,2026-05-03 18:29
KB0005853,P-002613,KH-NYC-01,New York,2026-07-03,at-home,completed,2026-07-03 12:25
KB0004685,P-006322,KH-PHI-02,Philadelphia,2026-06-14,phone,completed,2026-06-14 18:18
KB0007035,P-005314,KH-ATL-01,Atlanta,2026-07-21,walk-in,completed,2026-07-21 16:59
KB0002097,P-002545,KH-NYC-01,New York,2026-05-04,walk-in,completed,2026-05-04 10:28
KB0005132,P-000111,KH-DAL-03,Dallas,2026-06-22,online,completed,2026-06-22 17:44
KB0010885,P-000388,KH-DAL-01,Dallas,2026-09-19,phone,completed,2026-09-19 13:41
KB0002617,P-006382,KH-PHI-01,Philadelphia,2026-05-12,walk-in,completed,2026-05-12 17:41
KB0004516,P-000249,KH-DAL-02,Dallas,2026-06-12,online,completed,2026-06-12 16:53
KB0008958,P-004434,KH-CHI-03,Chicago,2026-08-20,walk-in,completed,2026-08-20 12:01
KB0000816,P-004817,KH-CHI-01,Chicago,2026-04-13,phone,completed,2026-04-13 18:09
KB0010399,P-004992,KH-ATL-01,Atlanta,2026-09-11,at-home,completed,2026-09-11 15:29
KB0002414,P-002584,KH-NYC-02,New York,2026-05-09,online,completed,2026-05-09 11:56
KB0002916,P-004122,KH-CHI-03,Chicago,2026-05-17,walk-in,completed,2026-05-17 17:42
KB0005820,P-006381,KH-PHI-03,Philadelphia,2026-07-02,online,completed,2026-07-02 13:40
KB0002724,P-004456,KH-CHI-02,Chicago,2026-05-14,online,completed,2026-05-14 13:44
KB0010881,P-000211,KH-DAL-02,Dallas,2026-09-19,walk-in,completed,2026-09-19 12:45
KB0007721,P-004486,KH-CHI-01,Chicago,2026-08-01,phone,cancelled,2026-08-01 10:53
KB0010609,P-000944,KH-DAL-03,Dallas,2026-09-15,phone,completed,2026-09-15 16:42
KB0005109,P-002589,KH-NYC-03,New York,2026-06-21,at-home,completed,2026-06-21 11:58
KB0000602,P-000270,KH-DAL-02,Dallas,2026-04-10,walk-in,cancelled,2026-04-10 10:20
KB0010952,P-000367,KH-DAL-03,Dallas,2026-09-20,phone,completed,2026-09-20 09:23
KB0002590,P-003734,KH-NYC-01,New York,2026-05-12,walk-in,completed,2026-05-12 17:25
KB0009084,P-003819,KH-NYC-03,New York,2026-08-22,online,completed,2026-08-22 14:14
KB0006798,P-001223,KH-DAL-01,Dallas,2026-07-18,at-home,completed,2026-07-18 13:25
KB0001798,P-005898,KH-PHI-01,Philadelphia,2026-04-29,at-home,completed,2026-04-29 19:01
KB0011193,P-005079,KH-ATL-01,Atlanta,2026-09-23,phone,completed,2026-09-23 19:12
KB0006852,P-006660,KH-PHI-01,Philadelphia,2026-07-18,online,completed,2026-07-18 11:36
KB0004061,P-005918,KH-PHI-01,Philadelphia,2026-06-04,online,completed,2026-06-04 10:45
KB0001626,P-000903,KH-DAL-02,Dallas,2026-04-27,walk-in,completed,2026-04-27 14:46
KB0006547,P-001581,KH-PHX-02,Phoenix,2026-07-14,walk-in,completed,2026-07-14 09:55
KB0010854,P-005125,KH-ATL-01,Atlanta,2026-09-18,online,completed,2026-09-18 08:43
KB0000028,P-001787,KH-PHX-03,Phoenix,2026-04-01,,completed,2026-04-01 18:44
KB0002268,P-001346,KH-PHX-02,Phoenix,2026-05-07,phone,completed,2026-05-07 11:25
KB0009337,P-005526,KH-ATL-02,Atlanta,2026-08-26,at-home,completed,2026-08-26 18:30
KB0003648,P-002302,KH-PHX-03,Phoenix,2026-05-29,online,completed,2026-05-29 15:09
KB0001433,P-004486,KH-CHI-02,Chicago,2026-04-23,walk-in,completed,2026-04-23 17:16
KB0009383,P-002699,KH-NYC-03,New York,2026-08-27,walk-in,completed,2026-08-27 08:29
KB0001272,P-006670,KH-PHI-01,Philadelphia,2026-04-20,at-home,completed,2026-04-20 09:52
KB0010774,P-004634,KH-CHI-03,Chicago,2026-09-17,walk-in,completed,2026-09-17 14:58
KB0000313,P-001744,KH-PHX-03,Phoenix,2026-04-05,phone,completed,2026-04-05 17:20
KB0000494,P-003653,KH-NYC-03,New York,2026-04-08,walk-in,completed,2026-04-08 11:34
KB0007527,P-002990,KH-NYC-02,New York,2026-07-29,phone,completed,2026-07-29 11:25
KB0003467,P-005585,KH-ATL-01,Atlanta,2026-05-26,walk-in,completed,2026-05-26 11:08
KB0004590,P-000859,KH-DAL-02,Dallas,2026-06-13,walk-in,completed,2026-06-13 14:03
KB0008284,P-002620,KH-NYC-03,New York,2026-08-10,walk-in,completed,2026-08-10 16:57
KB0003434,P-001359,KH-PHX-02,Phoenix,2026-05-26,phone,completed,2026-05-26 09:57
KB0000467,P-000384,KH-DAL-03,Dallas,2026-04-08,phone,completed,2026-04-08 08:09
KB0001160,P-006455,KH-PHI-03,Philadelphia,2026-04-18,walk-in,completed,2026-04-18 09:33
KB0009131,P-002216,KH-PHX-03,Phoenix,2026-08-23,walk-in,completed,2026-08-23 17:41
KB0009810,P-000388,KH-DAL-03,Dallas,2026-09-03,at-home,completed,2026-09-03 16:57
KB0009892,P-000016,KH-DAL-01,Dallas,2026-09-04,,completed,2026-09-04 18:08
KB0000644,P-004563,KH-CHI-03,Chicago,2026-04-10,online,completed,2026-04-10 09:47
KB0004668,P-004678,KH-CHI-03,Chicago,2026-06-14,walk-in,completed,2026-06-14 14:11
KB0003604,P-005553,KH-ATL-02,Atlanta,2026-05-28,phone,completed,2026-05-28 13:09
KB0009982,P-003898,KH-NYC-01,New York,2026-09-05,phone,completed,2026-09-05 08:30
KB0003681,P-005918,KH-PHI-01,Philadelphia,2026-05-29,walk-in,completed,2026-05-29 09:38
KB0010687,P-003385,KH-NYC-01,New York,2026-09-16,walk-in,completed,2026-09-16 18:44
KB0000270,P-004340,KH-CHI-01,Chicago,2026-04-04,walk-in,completed,2026-04-04 16:52
KB0005780,P-002013,KH-PHX-02,Phoenix,2026-07-02,walk-in,completed,2026-07-02 13:38
KB0003294,P-005625,KH-ATL-03,Atlanta,2026-05-23,phone,completed,2026-05-23 10:49
KB0010795,P-006300,KH-PHI-02,Philadelphia,2026-09-17,walk-in,completed,2026-09-17 15:31
KB0008023,P-002686,KH-NYC-01,New York,2026-08-06,walk-in,completed,2026-08-06 18:20
KB0004783,P-003548,KH-NYC-02,New York,2026-06-16,walk-in,completed,2026-06-16 16:47
KB0003909,P-004589,KH-CHI-01,Chicago,2026-06-02,walk-in,completed,2026-06-02 15:42
KB0010488,P-000627,KH-DAL-02,Dallas,2026-09-13,walk-in,completed,2026-09-13 08:33
KB0006915,P-001125,KH-DAL-02,Dallas,2026-07-20,phone,completed,2026-07-20 19:24
KB0004285,P-004484,KH-CHI-02,Chicago,2026-06-08,online,completed,2026-06-08 15:05
KB0009105,P-006152,KH-PHI-03,Philadelphia,2026-08-22,online,completed,2026-08-22 13:49
KB0002157,P-001501,KH-PHX-01,Phoenix,2026-05-05,online,completed,2026-05-05 16:54
KB0007383,P-002401,KH-PHX-02,Phoenix,2026-07-27,online,completed,2026-07-27 10:52
KB0002797,P-004181,KH-CHI-01,Chicago,2026-05-15,walk-in,completed,2026-05-15 15:26
KB0002787,P-002819,KH-NYC-03,New York,2026-05-15,online,completed,2026-05-15 10:40
KB0003120,P-001114,KH-DAL-01,Dallas,2026-05-21,online,completed,2026-05-21 18:52
KB0002725,P-004035,KH-CHI-02,Chicago,2026-05-14,at-home,completed,2026-05-14 15:28
KB0005325,P-000685,KH-DAL-01,Dallas,2026-06-25,walk-in,completed,2026-06-25 09:19
KB0004120,P-005150,KH-ATL-02,Atlanta,2026-06-05,phone,completed,2026-06-05 15:03
KB0008702,P-000687,KH-DAL-03,Dallas,2026-08-17,phone,completed,2026-08-17 19:18
KB0001206,P-005293,KH-ATL-01,Atlanta,2026-04-19,phone,cancelled,2026-04-19 17:14
KB0007622,P-000029,KH-DAL-02,Dallas,2026-07-31,walk-in,completed,2026-07-31 16:22
KB0001814,P-001169,KH-DAL-01,Dallas,2026-04-30,walk-in,completed,2026-04-30 19:01
KB0006882,P-001380,KH-PHX-03,Phoenix,2026-07-19,walk-in,completed,2026-07-19 09:23
KB0001764,P-002377,KH-PHX-03,Phoenix,2026-04-29,at-home,completed,2026-04-29 13:26
KB0004451,P-001060,KH-DAL-03,Dallas,2026-06-11,walk-in,completed,2026-06-11 13:50
KB0006012,P-000892,KH-DAL-02,Dallas,2026-07-06,walk-in,completed,2026-07-06 18:09
KB0005828,P-000497,KH-DAL-01,Dallas,2026-07-03,phone,completed,2026-07-03 14:21
KB0001977,P-004664,KH-CHI-01,Chicago,2026-05-02,online,completed,2026-05-02 16:03
KB0003587,P-003841,KH-NYC-01,New York,2026-05-28,online,completed,2026-05-28 18:29
KB0009944,P-006480,KH-PHI-03,Philadelphia,2026-09-04,walk-in,completed,2026-09-04 12:22
KB0002295,P-004539,KH-CHI-03,Chicago,2026-05-07,walk-in,completed,2026-05-07 08:25
KB0005793,P-002912,KH-NYC-01,New York,2026-07-02,walk-in,completed,2026-07-02 12:38
KB0000416,P-000752,KH-DAL-03,Dallas,2026-04-07,phone,completed,2026-04-07 08:01
KB0005564,P-000484,KH-DAL-02,Dallas,2026-06-29,walk-in,completed,2026-06-29 17:03
KB0007180,P-005605,KH-ATL-02,Atlanta,2026-07-23,walk-in,completed,2026-07-23 19:07
KB0006334,P-006244,KH-PHI-02,Philadelphia,2026-07-10,walk-in,completed,2026-07-10 11:45
KB0007790,P-005605,KH-ATL-01,Atlanta,2026-08-02,online,completed,2026-08-02 19:14
KB0010767,P-003073,KH-NYC-01,New York,2026-09-17,online,completed,2026-09-17 10:36
KB0004864,P-004761,KH-CHI-01,Chicago,2026-06-17,phone,completed,2026-06-17 08:40
KB0005918,P-001908,KH-PHX-02,Phoenix,2026-07-04,online,completed,2026-07-04 14:13
KB0004441,P-000157,KH-DAL-01,Dallas,2026-06-11,online,completed,2026-06-11 18:41
KB0008681,P-004240,KH-CHI-03,Chicago,2026-08-16,walk-in,completed,2026-08-16 09:35
KB0009720,P-004945,KH-CHI-01,Chicago,2026-09-01,phone,completed,2026-09-01 12:24
KB0002385,P-000131,KH-DAL-02,Dallas,2026-05-09,online,completed,2026-05-09 12:23
KB0000236,P-002307,KH-PHX-03,Phoenix,2026-04-04,online,completed,2026-04-04 17:03
KB0003545,P-006330,KH-PHI-02,Philadelphia,2026-05-27,online,completed,2026-05-27 17:46
KB0004926,P-004919,KH-CHI-02,Chicago,2026-06-18,online,completed,2026-06-18 15:49
KB0006354,P-002264,KH-PHX-02,Phoenix,2026-07-11,phone,completed,2026-07-11 10:54
KB0006197,P-005019,KH-ATL-02,Atlanta,2026-07-08,phone,completed,2026-07-08 10:01
KB0007651,P-004522,KH-CHI-01,Chicago,2026-07-31,phone,completed,2026-07-31 17:34
KB0000036,P-002912,KH-NYC-03,New York,2026-04-01,walk-in,completed,2026-04-01 09:58
KB0006155,P-001565,KH-PHX-03,Phoenix,2026-07-08,at-home,completed,2026-07-08 13:04
KB0009675,P-006395,KH-PHI-01,Philadelphia,2026-08-31,walk-in,completed,2026-08-31 15:35
KB0009195,P-004844,KH-CHI-03,Chicago,2026-08-24,at-home,completed,2026-08-24 19:03
KB0007408,P-005104,KH-ATL-02,Atlanta,2026-07-27,at-home,completed,2026-07-27 15:17
KB0005612,P-004492,KH-CHI-03,Chicago,2026-06-29,walk-in,completed,2026-06-29 19:53
KB0008203,P-002054,KH-PHX-03,Phoenix,2026-08-09,online,completed,2026-08-09 14:17
KB0010935,P-005199,KH-ATL-02,Atlanta,2026-09-19,walk-in,completed,2026-09-19 15:08
KB0002722,P-002622,KH-NYC-03,New York,2026-05-14,online,completed,2026-05-14 08:37
KB0001148,P-004254,KH-CHI-02,Chicago,2026-04-18,walk-in,completed,2026-04-18 17:08
KB0001270,P-006406,KH-PHI-02,Philadelphia,2026-04-20,walk-in,completed,2026-04-20 17:22
KB0000380,P-002629,KH-NYC-01,New York,2026-04-06,walk-in,completed,2026-04-06 09:04
KB0009188,P-002912,KH-NYC-03,New York,2026-08-24,phone,completed,2026-08-24 08:55
KB0008771,P-000921,KH-DAL-01,Dallas,2026-08-18,phone,completed,2026-08-18 17:47
KB0006063,P-005933,KH-PHI-03,Philadelphia,2026-07-06,walk-in,completed,2026-07-06 12:49
KB0006856,P-000770,KH-DAL-02,Dallas,2026-07-19,online,completed,2026-07-19 18:15
KB0002364,P-004588,KH-CHI-01,Chicago,2026-05-08,online,completed,2026-05-08 10:02
KB0005339,P-002247,KH-PHX-01,Phoenix,2026-06-25,online,completed,2026-06-25 10:14
KB0001414,P-001433,KH-PHX-03,Phoenix,2026-04-23,walk-in,completed,2026-04-23 15:29
KB0001887,P-002386,KH-PHX-01,Phoenix,2026-05-01,walk-in,completed,2026-05-01 14:46
KB0011371,P-000523,KH-DAL-03,Dallas,2026-09-26,online,completed,2026-09-26 19:18
KB0008579,P-000679,KH-DAL-03,Dallas,2026-08-15,walk-in,completed,2026-08-15 15:00
KB0011372,P-000464,KH-DAL-02,Dallas,2026-09-26,online,completed,2026-09-26 10:01
KB0010467,P-005733,KH-ATL-02,Atlanta,2026-09-12,walk-in,completed,2026-09-12 14:12
KB0010180,P-003593,KH-NYC-02,New York,2026-09-08,walk-in,completed,2026-09-08 15:19
KB0010878,P-001113,KH-DAL-03,Dallas,2026-09-19,walk-in,completed,2026-09-19 08:01
KB0008279,P-002783,KH-NYC-03,New York,2026-08-10,online,completed,2026-08-10 12:14
KB0010551,P-001875,KH-PHX-02,Phoenix,2026-09-14,online,completed,2026-09-14 17:01
KB0006770,P-004342,KH-CHI-03,Chicago,2026-07-17,online,completed,2026-07-17 14:32
KB0010737,P-000021,KH-DAL-03,Dallas,2026-09-17,online,completed,2026-09-17 17:00
KB0006167,P-003638,KH-NYC-03,New York,2026-07-08,phone,completed,2026-07-08 14:12
KB0010284,P-001537,KH-PHX-01,Phoenix,2026-09-10,phone,completed,2026-09-10 13:56
KB0006728,P-000193,KH-DAL-03,Dallas,2026-07-17,walk-in,completed,2026-07-17 08:15
KB0005747,P-005541,KH-ATL-02,Atlanta,2026-07-01,walk-in,completed,2026-07-01 16:50
KB0003105,P-004975,KH-ATL-02,Atlanta,2026-05-20,online,completed,2026-05-20 15:54
KB0002593,P-003423,KH-NYC-02,New York,2026-05-12,online,completed,2026-05-12 15:08
KB0009069,P-001948,KH-PHX-01,Phoenix,2026-08-22,phone,completed,2026-08-22 19:28
KB0001354,P-001301,KH-PHX-02,Phoenix,2026-04-22,walk-in,completed,2026-04-22 18:06
KB0009636,P-002494,KH-NYC-03,New York,2026-08-31,at-home,completed,2026-08-31 11:23
KB0008079,P-001284,KH-PHX-02,Phoenix,2026-08-07,online,completed,2026-08-07 18:09
KB0001449,P-006108,KH-PHI-03,Philadelphia,2026-04-23,walk-in,completed,2026-04-23 15:39
KB0003220,P-004096,KH-CHI-03,Chicago,2026-05-22,phone,completed,2026-05-22 13:15
KB0006968,P-005227,KH-ATL-01,Atlanta,2026-07-20,at-home,completed,2026-07-20 10:17
KB0001645,P-003611,KH-NYC-03,New York,2026-04-27,phone,completed,2026-04-27 12:07
KB0010969,P-003009,KH-NYC-02,New York,2026-09-20,walk-in,completed,2026-09-20 14:43
KB0005796,P-004180,KH-CHI-03,Chicago,2026-07-02,walk-in,completed,2026-07-02 13:07
KB0000427,P-002263,KH-PHX-02,Phoenix,2026-04-07,online,completed,2026-04-07 12:47
KB0004581,P-000030,KH-DAL-02,Dallas,2026-06-13,online,completed,2026-06-13 13:51
KB0010805,P-000120,KH-DAL-02,Dallas,2026-09-18,online,completed,2026-09-18 18:53
KB0009763,P-001925,KH-PHX-02,Phoenix,2026-09-02,online,completed,2026-09-02 14:30
KB0006740,P-001384,KH-PHX-02,Phoenix,2026-07-17,phone,completed,2026-07-17 11:53
KB0001779,P-002605,KH-NYC-02,New York,2026-04-29,walk-in,completed,2026-04-29 12:51
KB0010848,P-005611,KH-ATL-02,Atlanta,2026-09-18,walk-in,completed,2026-09-18 14:51
KB0004423,P-005112,KH-ATL-02,Atlanta,2026-06-10,phone,completed,2026-06-10 08:44
KB0003726,P-004947,KH-CHI-02,Chicago,2026-05-30,walk-in,completed,2026-05-30 09:18
KB0002100,P-003640,KH-NYC-03,New York,2026-05-04,phone,completed,2026-05-04 10:02
KB0010340,P-006034,KH-PHI-02,Philadelphia,2026-09-10,walk-in,completed,2026-09-10 15:37
KB0003260,P-001562,KH-PHX-03,Phoenix,2026-05-23,walk-in,completed,2026-05-23 12:25
KB0003965,P-003563,KH-NYC-02,New York,2026-06-03,phone,completed,2026-06-03 14:23
KB0002032,P-004072,KH-CHI-02,Chicago,2026-05-03,walk-in,completed,2026-05-03 09:05
KB0002340,P-001734,KH-PHX-01,Phoenix,2026-05-08,walk-in,completed,2026-05-08 11:24
KB0005345,P-002140,KH-PHX-01,Phoenix,2026-06-25,at-home,completed,2026-06-25 10:32
KB0005799,P-004374,KH-CHI-02,Chicago,2026-07-02,phone,completed,2026-07-02 14:33
KB0009239,P-002140,KH-PHX-01,Phoenix,2026-08-25,at-home,cancelled,2026-08-25 12:59
KB0007350,P-004699,KH-CHI-03,Chicago,2026-07-26,walk-in,completed,2026-07-26 16:54
KB0007876,P-002392,KH-PHX-01,Phoenix,2026-08-04,phone,completed,2026-08-04 11:15
KB0005233,P-003496,KH-NYC-02,New York,2026-06-23,walk-in,completed,2026-06-23 10:05
KB0005888,P-006253,KH-PHI-01,Philadelphia,2026-07-03,online,completed,2026-07-03 09:28
KB0009664,P-005693,KH-ATL-03,Atlanta,2026-08-31,phone,completed,2026-08-31 16:05
KB0007340,P-001817,KH-PHX-01,Phoenix,2026-07-26,walk-in,completed,2026-07-26 09:11
KB0007509,P-001412,KH-PHX-03,Phoenix,2026-07-29,at-home,completed,2026-07-29 10:53
KB0005504,P-006108,KH-PHI-03,Philadelphia,2026-06-27,walk-in,completed,2026-06-27 11:08
KB0004876,P-005131,KH-ATL-02,Atlanta,2026-06-17,walk-in,completed,2026-06-17 17:17
KB0011390,P-002371,KH-PHX-02,Phoenix,2026-09-26,walk-in,completed,2026-09-26 10:13
KB0004004,P-005949,KH-PHI-01,Philadelphia,2026-06-03,phone,completed,2026-06-03 19:16
KB0011651,P-001715,KH-PHX-03,Phoenix,2026-09-30,at-home,completed,2026-09-30 15:23
KB0001805,P-006135,KH-PHI-02,Philadelphia,2026-04-29,walk-in,completed,2026-04-29 10:07
KB0000979,P-001034,KH-DAL-01,Dallas,2026-04-16,at-home,completed,2026-04-16 17:46
KB0005873,P-004282,KH-CHI-03,Chicago,2026-07-03,walk-in,completed,2026-07-03 11:24
KB0007472,P-005070,KH-ATL-03,Atlanta,2026-07-28,online,completed,2026-07-28 10:50
KB0002437,P-006688,KH-PHI-03,Philadelphia,2026-05-09,phone,completed,2026-05-09 09:09
KB0010036,P-001864,KH-PHX-02,Phoenix,2026-09-06,walk-in,completed,2026-09-06 11:43
KB0000962,P-006155,KH-PHI-02,Philadelphia,2026-04-15,walk-in,completed,2026-04-15 13:23
KB0000073,P-000481,KH-DAL-03,Dallas,2026-04-02,walk-in,completed,2026-04-02 17:57
KB0000648,P-005626,KH-ATL-02,Atlanta,2026-04-10,online,completed,2026-04-10 18:37
KB0006362,P-002369,KH-PHX-02,Phoenix,2026-07-11,phone,completed,2026-07-11 19:00
KB0002021,P-003032,KH-NYC-03,New York,2026-05-03,walk-in,cancelled,2026-05-03 13:43
KB0004963,P-000311,KH-DAL-01,Dallas,2026-06-19,,completed,2026-06-19 16:32
KB0008733,P-003891,KH-NYC-03,New York,2026-08-17,walk-in,completed,2026-08-17 17:21
KB0002474,P-003630,KH-NYC-01,New York,2026-05-10,walk-in,completed,2026-05-10 16:25
KB0003239,P-005927,KH-PHI-01,Philadelphia,2026-05-22,walk-in,completed,2026-05-22 17:59
KB0007656,P-005689,KH-ATL-02,Atlanta,2026-07-31,walk-in,completed,2026-07-31 11:27
KB0001898,P-003621,KH-NYC-03,New York,2026-05-01,walk-in,completed,2026-05-01 18:25
KB0008653,P-000448,KH-DAL-02,Dallas,2026-08-16,at-home,completed,2026-08-16 10:04
KB0009450,P-003426,KH-NYC-03,New York,2026-08-28,phone,completed,2026-08-28 17:04
KB0002086,P-001553,KH-PHX-02,Phoenix,2026-05-04,at-home,completed,2026-05-04 17:05
KB0004022,P-001883,KH-PHX-01,Phoenix,2026-06-04,phone,completed,2026-06-04 19:19
KB0002131,P-000731,KH-DAL-03,Dallas,2026-05-05,online,completed,2026-05-05 17:18
KB0007619,P-000324,KH-DAL-02,Dallas,2026-07-31,online,completed,2026-07-31 11:31
KB0010593,P-006512,KH-PHI-03,Philadelphia,2026-09-14,phone,completed,2026-09-14 17:50
KB0011374,P-000064,KH-DAL-02,Dallas,2026-09-26,walk-in,completed,2026-09-26 14:45
KB0005706,P-001027,KH-DAL-02,Dallas,2026-07-01,phone,completed,2026-07-01 10:09
KB0004052,P-004965,KH-ATL-02,Atlanta,2026-06-04,phone,completed,2026-06-04 14:16
KB0010541,P-000601,KH-DAL-02,Dallas,2026-09-14,walk-in,completed,2026-09-14 19:45
KB0005293,P-003431,KH-NYC-01,New York,2026-06-24,walk-in,completed,2026-06-24 12:57
KB0005402,P-001558,KH-PHX-02,Phoenix,2026-06-26,walk-in,completed,2026-06-26 16:43
KB0000924,P-002391,KH-PHX-01,Phoenix,2026-04-15,walk-in,completed,2026-04-15 17:51
KB0010013,P-005346,KH-ATL-02,Atlanta,2026-09-05,phone,completed,2026-09-05 16:04
KB0007460,P-002713,KH-NYC-01,New York,2026-07-28,online,completed,2026-07-28 12:54
KB0000185,P-003801,KH-NYC-01,New York,2026-04-03,online,completed,2026-04-03 10:24
KB0001566,P-005455,KH-ATL-02,Atlanta,2026-04-25,walk-in,completed,2026-04-25 15:25
KB0002718,P-002579,KH-NYC-02,New York,2026-05-14,walk-in,completed,2026-05-14 09:51
KB0004846,P-001577,KH-PHX-01,Phoenix,2026-06-17,online,completed,2026-06-17 14:56
KB0009056,P-001109,KH-DAL-02,Dallas,2026-08-22,walk-in,completed,2026-08-22 10:59
KB0010809,P-000312,KH-DAL-03,Dallas,2026-09-18,walk-in,completed,2026-09-18 12:03
KB0004905,P-002293,KH-PHX-01,Phoenix,2026-06-18,walk-in,completed,2026-06-18 10:11
KB0009325,P-004426,KH-CHI-01,Chicago,2026-08-26,walk-in,completed,2026-08-26 14:26
KB0000572,P-004207,KH-CHI-03,Chicago,2026-04-09,at-home,completed,2026-04-09 08:06
KB0010288,P-001721,KH-PHX-02,Phoenix,2026-09-10,walk-in,completed,2026-09-10 10:20
KB0010470,P-005727,KH-ATL-02,Atlanta,2026-09-12,phone,completed,2026-09-12 18:20
KB0003102,P-005490,KH-ATL-02,Atlanta,2026-05-20,online,completed,2026-05-20 13:43
KB0003489,P-000414,KH-DAL-03,Dallas,2026-05-27,online,completed,2026-05-27 18:49
KB0000905,P-000503,KH-DAL-03,Dallas,2026-04-15,online,completed,2026-04-15 11:08
KB0007322,P-000180,KH-DAL-02,Dallas,2026-07-26,phone,completed,2026-07-26 11:01
KB0002118,P-004984,KH-ATL-02,Atlanta,2026-05-04,walk-in,completed,2026-05-04 13:36
KB0007875,P-001178,KH-DAL-02,Dallas,2026-08-04,at-home,completed,2026-08-04 08:04
KB0008646,P-006025,KH-PHI-02,Philadelphia,2026-08-15,online,completed,2026-08-15 08:03
KB0007277,P-001775,KH-PHX-02,Phoenix,2026-07-25,phone,completed,2026-07-25 15:31
KB0010568,P-003520,KH-NYC-02,New York,2026-09-14,at-home,completed,2026-09-14 17:09
KB0008336,P-001436,KH-PHX-01,Phoenix,2026-08-11,online,completed,2026-08-11 12:10
KB0001508,P-005275,KH-ATL-01,Atlanta,2026-04-24,walk-in,completed,2026-04-24 15:37
KB0010143,P-001086,KH-DAL-02,Dallas,2026-09-08,phone,completed,2026-09-08 18:33
KB0001499,P-004561,KH-CHI-03,Chicago,2026-04-24,phone,completed,2026-04-24 10:14
KB0010325,P-005209,KH-ATL-02,Atlanta,2026-09-10,phone,completed,2026-09-10 19:20
KB0004368,P-006312,KH-PHI-03,Philadelphia,2026-06-09,walk-in,completed,2026-06-09 14:25
KB0007942,P-001088,KH-DAL-02,Dallas,2026-08-05,walk-in,completed,2026-08-05 15:33
KB0001249,P-004316,KH-CHI-03,Chicago,2026-04-20,at-home,completed,2026-04-20 15:15
KB0008186,P-001141,KH-DAL-01,Dallas,2026-08-09,phone,completed,2026-08-09 14:39
KB0008524,P-000121,KH-DAL-01,Dallas,2026-08-14,walk-in,completed,2026-08-14 08:27
KB0009042,P-005280,KH-ATL-02,Atlanta,2026-08-21,online,completed,2026-08-21 17:42
KB0004209,P-002195,KH-PHX-01,Phoenix,2026-06-07,at-home,completed,2026-06-07 17:10
KB0007082,P-002469,KH-NYC-01,New York,2026-07-22,online,completed,2026-07-22 10:08
KB0009534,P-005528,KH-ATL-02,Atlanta,2026-08-29,at-home,completed,2026-08-29 13:44
KB0003168,P-005030,KH-ATL-02,Atlanta,2026-05-21,phone,completed,2026-05-21 16:39
KB0002674,P-005094,KH-ATL-02,Atlanta,2026-05-13,online,completed,2026-05-13 13:21
KB0009169,P-000749,KH-DAL-02,Dallas,2026-08-24,walk-in,completed,2026-08-24 16:01
KB0003688,P-000611,KH-DAL-03,Dallas,2026-05-30,walk-in,completed,2026-05-30 08:10
KB0004079,P-001190,KH-DAL-03,Dallas,2026-06-05,online,completed,2026-06-05 08:03
KB0011184,P-002610,KH-NYC-01,New York,2026-09-23,phone,completed,2026-09-23 19:38
KB0000551,P-002187,KH-PHX-01,Phoenix,2026-04-09,walk-in,completed,2026-04-09 11:07
KB0001285,P-001041,KH-DAL-03,Dallas,2026-04-21,online,completed,2026-04-21 19:11
KB0008690,P-005048,KH-ATL-02,Atlanta,2026-08-16,online,completed,2026-08-16 14:37
KB0008757,P-004952,KH-ATL-01,Atlanta,2026-08-17,walk-in,cancelled,2026-08-17 14:56
KB0007104,P-004978,KH-ATL-02,Atlanta,2026-07-22,phone,completed,2026-07-22 18:30
KB0010431,P-001654,KH-PHX-02,Phoenix,2026-09-12,online,completed,2026-09-12 17:28
KB0002769,P-002259,KH-PHX-01,Phoenix,2026-05-15,phone,completed,2026-05-15 12:18
KB0004765,P-000752,KH-DAL-03,Dallas,2026-06-16,online,completed,2026-06-16 10:50
KB0005338,P-001562,KH-PHX-01,Phoenix,2026-06-25,phone,completed,2026-06-25 15:15
KB0003401,P-005493,KH-ATL-02,Atlanta,2026-05-25,online,completed,2026-05-25 08:33
KB0007512,P-002327,KH-PHX-03,Phoenix,2026-07-29,walk-in,completed,2026-07-29 16:23
KB0009592,P-004668,KH-CHI-03,Chicago,2026-08-30,online,completed,2026-08-30 16:39
KB0009283,P-006060,KH-PHI-01,Philadelphia,2026-08-25,walk-in,completed,2026-08-25 12:29
KB0011163,P-001774,KH-PHX-01,Phoenix,2026-09-23,at-home,completed,2026-09-23 14:30
KB0002013,P-000976,KH-DAL-02,Dallas,2026-05-03,walk-in,completed,2026-05-03 08:05
KB0009520,P-002614,KH-NYC-01,New York,2026-08-29,online,completed,2026-08-29 15:34
KB0002275,P-001405,KH-PHX-02,Phoenix,2026-05-07,walk-in,completed,2026-05-07 12:49
KB0006162,P-001595,KH-PHX-01,Phoenix,2026-07-08,walk-in,completed,2026-07-08 13:00
KB0009931,P-004222,KH-CHI-03,Chicago,2026-09-04,walk-in,completed,2026-09-04 17:31
KB0010415,P-000165,KH-DAL-01,Dallas,2026-09-12,phone,completed,2026-09-12 14:03
KB0006624,P-003556,KH-NYC-01,New York,2026-07-15,at-home,completed,2026-07-15 14:03
KB0009548,P-006661,KH-PHI-01,Philadelphia,2026-08-29,phone,completed,2026-08-29 11:57
KB0005107,P-003640,KH-NYC-03,New York,2026-06-21,walk-in,completed,2026-06-21 11:59
KB0003657,P-003594,KH-NYC-01,New York,2026-05-29,phone,completed,2026-05-29 09:43
KB0006120,P-005683,KH-ATL-02,Atlanta,2026-07-07,walk-in,completed,2026-07-07 09:10
KB0006246,P-004366,KH-CHI-01,Chicago,2026-07-09,online,completed,2026-07-09 17:28
KB0010250,P-004534,KH-CHI-02,Chicago,2026-09-09,walk-in,completed,2026-09-09 08:59
KB0002195,P-006089,KH-PHI-03,Philadelphia,2026-05-05,online,completed,2026-05-05 18:39
KB0004898,P-000688,KH-DAL-02,Dallas,2026-06-18,online,completed,2026-06-18 17:40
KB0008251,P-000490,KH-DAL-03,Dallas,2026-08-10,walk-in,completed,2026-08-10 15:53
KB0001108,P-000910,KH-DAL-01,Dallas,2026-04-18,walk-in,completed,2026-04-18 15:20
KB0011507,P-003821,KH-NYC-02,New York,2026-09-28,,completed,2026-09-28 10:05
KB0002088,P-002253,KH-PHX-01,Phoenix,2026-05-04,walk-in,completed,2026-05-04 08:03
KB0002557,P-006647,KH-PHI-02,Philadelphia,2026-05-11,walk-in,completed,2026-05-11 18:43
KB0003389,P-003066,KH-NYC-02,New York,2026-05-25,online,completed,2026-05-25 18:04
KB0000026,P-002347,KH-PHX-02,Phoenix,2026-04-01,at-home,completed,2026-04-01 19:19
KB0005510,P-006055,KH-PHI-03,Philadelphia,2026-06-27,at-home,completed,2026-06-27 12:52
KB0009706,P-001727,KH-PHX-01,Phoenix,2026-09-01,online,completed,2026-09-01 12:57
KB0010574,P-002957,KH-NYC-01,New York,2026-09-14,online,completed,2026-09-14 17:03
KB0008180,P-006651,KH-PHI-02,Philadelphia,2026-08-08,at-home,completed,2026-08-08 14:30
KB0004268,P-001401,KH-PHX-03,Phoenix,2026-06-08,walk-in,cancelled,2026-06-08 10:32
KB0003984,P-004341,KH-CHI-02,Chicago,2026-06-03,phone,completed,2026-06-03 09:17
KB0007909,P-004087,KH-CHI-01,Chicago,2026-08-04,walk-in,completed,2026-08-04 08:40
KB0004873,P-005654,KH-ATL-02,Atlanta,2026-06-17,online,completed,2026-06-17 16:01
KB0008520,P-000370,KH-DAL-02,Dallas,2026-08-14,phone,completed,2026-08-14 13:03
KB0008554,P-004850,KH-CHI-01,Chicago,2026-08-14,phone,completed,2026-08-14 19:19
KB0002828,P-000188,KH-DAL-02,Dallas,2026-05-16,phone,cancelled,2026-05-16 18:48
KB0004816,P-006562,KH-PHI-02,Philadelphia,2026-06-16,phone,completed,2026-06-16 10:40
KB0009862,P-005645,KH-ATL-01,Atlanta,2026-09-03,online,completed,2026-09-03 15:36
KB0002885,P-006578,KH-PHI-01,Philadelphia,2026-05-16,at-home,completed,2026-05-16 11:21
KB0010931,P-005543,KH-ATL-02,Atlanta,2026-09-19,walk-in,completed,2026-09-19 17:15
KB0001506,P-005171,KH-ATL-02,Atlanta,2026-04-24,walk-in,cancelled,2026-04-24 13:58
KB0006447,P-000411,KH-DAL-03,Dallas,2026-07-13,online,completed,2026-07-13 12:04
KB0007885,P-001804,KH-PHX-03,Phoenix,2026-08-04,online,completed,2026-08-04 16:56
KB0003977,P-003972,KH-CHI-03,Chicago,2026-06-03,phone,completed,2026-06-03 19:02
KB0000869,P-003508,KH-NYC-03,New York,2026-04-14,phone,completed,2026-04-14 09:52
KB0003723,P-002610,KH-NYC-01,New York,2026-05-30,online,completed,2026-05-30 10:26
KB0010094,P-001284,KH-PHX-01,Phoenix,2026-09-07,walk-in,completed,2026-09-07 08:19
KB0006231,P-001996,KH-PHX-02,Phoenix,2026-07-09,phone,completed,2026-07-09 12:05
KB0009619,P-001715,KH-PHX-01,Phoenix,2026-08-31,walk-in,completed,2026-08-31 16:23
KB0005287,P-003867,KH-NYC-01,New York,2026-06-24,walk-in,completed,2026-06-24 17:03
KB0006883,P-002125,KH-PHX-01,Phoenix,2026-07-19,walk-in,completed,2026-07-19 18:38
KB0009476,P-005171,KH-ATL-01,Atlanta,2026-08-28,online,completed,2026-08-28 13:57
KB0006340,P-000245,KH-DAL-02,Dallas,2026-07-11,online,completed,2026-07-11 11:18
KB0001882,P-001911,KH-PHX-02,Phoenix,2026-05-01,walk-in,completed,2026-05-01 17:07
KB0007736,P-004995,KH-ATL-03,Atlanta,2026-08-01,online,completed,2026-08-01 16:25
KB0000998,P-003741,KH-NYC-02,New York,2026-04-16,online,completed,2026-04-16 14:49
KB0011305,P-001882,KH-PHX-01,Phoenix,2026-09-25,online,completed,2026-09-25 09:27
KB0003425,P-000460,KH-DAL-02,Dallas,2026-05-26,walk-in,completed,2026-05-26 14:51
KB0007963,P-002773,KH-NYC-02,New York,2026-08-05,walk-in,completed,2026-08-05 12:24
KB0000041,P-004545,KH-CHI-01,Chicago,2026-04-01,at-home,completed,2026-04-01 09:22
KB0004901,P-001476,KH-PHX-03,Phoenix,2026-06-18,online,completed,2026-06-18 18:09
KB0003798,P-000820,KH-DAL-03,Dallas,2026-06-01,online,completed,2026-06-01 13:45
KB0004388,P-001603,KH-PHX-01,Phoenix,2026-06-10,walk-in,completed,2026-06-10 15:06
KB0003209,P-003630,KH-NYC-01,New York,2026-05-22,walk-in,completed,2026-05-22 18:02
KB0003584,P-003926,KH-NYC-01,New York,2026-05-28,walk-in,completed,2026-05-28 18:34
KB0010205,P-000025,KH-DAL-01,Dallas,2026-09-09,online,completed,2026-09-09 11:20
KB0005568,P-000460,KH-DAL-01,Dallas,2026-06-29,phone,completed,2026-06-29 09:54
KB0003730,P-004154,KH-CHI-01,Chicago,2026-05-30,walk-in,completed,2026-05-30 13:19
KB0011119,P-005505,KH-ATL-01,Atlanta,2026-09-22,walk-in,completed,2026-09-22 16:40
KB0010718,P-006138,KH-PHI-03,Philadelphia,2026-09-16,walk-in,completed,2026-09-16 11:56
KB0008612,P-001960,KH-PHX-01,Phoenix,2026-08-15,at-home,completed,2026-08-15 18:51
KB0003764,P-002132,KH-PHX-03,Phoenix,2026-05-31,phone,completed,2026-05-31 16:46
KB0001827,P-001595,KH-PHX-03,Phoenix,2026-04-30,walk-in,completed,2026-04-30 12:59
KB0005734,P-004422,KH-CHI-02,Chicago,2026-07-01,online,completed,2026-07-01 15:07
KB0009144,P-004234,KH-CHI-01,Chicago,2026-08-23,at-home,completed,2026-08-23 16:25
KB0011189,P-005034,KH-ATL-02,Atlanta,2026-09-23,walk-in,completed,2026-09-23 11:17
KB0008073,P-001692,KH-PHX-03,Phoenix,2026-08-07,online,completed,2026-08-07 14:01
KB0010779,P-005704,KH-ATL-02,Atlanta,2026-09-17,phone,completed,2026-09-17 16:20
KB0001459,P-000932,KH-DAL-02,Dallas,2026-04-24,,completed,2026-04-24 14:20
KB0001689,P-000651,KH-DAL-03,Dallas,2026-04-28,at-home,completed,2026-04-28 18:53
KB0009977,P-001272,KH-PHX-01,Phoenix,2026-09-05,walk-in,completed,2026-09-05 14:43
KB0006220,P-000658,KH-DAL-01,Dallas,2026-07-09,online,completed,2026-07-09 09:52
KB0005158,P-001664,KH-PHX-03,Phoenix,2026-06-22,phone,completed,2026-06-22 08:46
KB0002597,P-003139,KH-NYC-03,New York,2026-05-12,walk-in,completed,2026-05-12 15:33
KB0010179,P-002573,KH-NYC-01,New York,2026-09-08,at-home,completed,2026-09-08 14:56
KB0010812,P-000339,KH-DAL-01,Dallas,2026-09-18,phone,completed,2026-09-18 11:52
KB0000082,P-001110,KH-DAL-01,Dallas,2026-04-02,walk-in,completed,2026-04-02 18:56
KB0005694,P-000523,KH-DAL-03,Dallas,2026-07-01,walk-in,completed,2026-07-01 09:40
KB0000151,P-000437,KH-DAL-02,Dallas,2026-04-03,online,completed,2026-04-03 18:57
KB0007214,P-002535,KH-NYC-01,New York,2026-07-24,walk-in,completed,2026-07-24 14:23
KB0001164,P-006489,KH-PHI-02,Philadelphia,2026-04-18,at-home,completed,2026-04-18 08:46
KB0007836,P-003296,KH-NYC-01,New York,2026-08-03,walk-in,completed,2026-08-03 11:09
KB0011167,P-002195,KH-PHX-02,Phoenix,2026-09-23,at-home,completed,2026-09-23 13:32
KB0001217,P-000202,KH-DAL-02,Dallas,2026-04-20,online,completed,2026-04-20 08:09
KB0004666,P-002954,KH-NYC-01,New York,2026-06-14,walk-in,completed,2026-06-14 10:55
KB0010635,P-003658,KH-NYC-01,New York,2026-09-15,phone,completed,2026-09-15 17:20
KB0005289,P-003468,KH-NYC-01,New York,2026-06-24,walk-in,completed,2026-06-24 15:43
KB0001171,P-001104,KH-DAL-03,Dallas,2026-04-19,walk-in,completed,2026-04-19 13:17
KB0003427,P-000296,KH-DAL-02,Dallas,2026-05-26,walk-in,completed,2026-05-26 12:28
KB0008145,P-000630,KH-DAL-02,Dallas,2026-08-08,walk-in,completed,2026-08-08 14:48
KB0003343,P-005279,KH-ATL-02,Atlanta,2026-05-24,at-home,completed,2026-05-24 14:18
KB0003494,P-000917,KH-DAL-01,Dallas,2026-05-27,online,completed,2026-05-27 15:14
KB0010184,P-004905,KH-CHI-03,Chicago,2026-09-08,walk-in,completed,2026-09-08 18:27
KB0001877,P-000088,KH-DAL-02,Dallas,2026-05-01,online,completed,2026-05-01 13:01
KB0011160,P-001713,KH-PHX-01,Phoenix,2026-09-23,phone,completed,2026-09-23 16:14
KB0007732,P-005617,KH-ATL-02,Atlanta,2026-08-01,walk-in,completed,2026-08-01 15:01
KB0006148,P-002177,KH-PHX-03,Phoenix,2026-07-08,walk-in,completed,2026-07-08 17:36
KB0007772,P-002479,KH-NYC-02,New York,2026-08-02,walk-in,completed,2026-08-02 10:49
KB0004391,P-001944,KH-PHX-03,Phoenix,2026-06-10,at-home,completed,2026-06-10 11:32
KB0001474,P-001624,KH-PHX-02,Phoenix,2026-04-24,walk-in,completed,2026-04-24 11:19
KB0007321,P-000799,KH-DAL-02,Dallas,2026-07-26,phone,completed,2026-07-26 13:27
KB0001823,P-002230,KH-PHX-02,Phoenix,2026-04-30,online,completed,2026-04-30 18:36
KB0001836,P-003586,KH-NYC-03,New York,2026-04-30,online,completed,2026-04-30 17:37
KB0008458,P-001416,KH-PHX-03,Phoenix,2026-08-13,walk-in,completed,2026-08-13 14:18
KB0003844,P-004663,KH-CHI-01,Chicago,2026-06-01,phone,completed,2026-06-01 17:39
KB0007539,P-005192,KH-ATL-02,Atlanta,2026-07-29,online,completed,2026-07-29 12:38
KB0000318,P-003145,KH-NYC-03,New York,2026-04-05,walk-in,completed,2026-04-05 17:50
KB0002207,P-000889,KH-DAL-02,Dallas,2026-05-06,,completed,2026-05-06 09:22
KB0000903,P-000101,KH-DAL-03,Dallas,2026-04-15,walk-in,completed,2026-04-15 08:28
KB0001298,P-001833,KH-PHX-02,Phoenix,2026-04-21,walk-in,completed,2026-04-21 14:59
KB0004780,P-002101,KH-PHX-02,Phoenix,2026-06-16,walk-in,completed,2026-06-16 09:57
KB0001065,P-001825,KH-PHX-01,Phoenix,2026-04-17,online,completed,2026-04-17 12:35
KB0000886,P-005119,KH-ATL-01,Atlanta,2026-04-14,online,completed,2026-04-14 12:16
KB0011274,P-005666,KH-ATL-02,Atlanta,2026-09-24,online,completed,2026-09-24 11:02
KB0001308,P-002540,KH-NYC-01,New York,2026-04-21,phone,cancelled,2026-04-21 15:07
KB0001392,P-006372,KH-PHI-01,Philadelphia,2026-04-22,online,completed,2026-04-22 18:14
KB0008379,P-001050,KH-DAL-02,Dallas,2026-08-12,online,completed,2026-08-12 13:35
KB0005670,P-004347,KH-CHI-02,Chicago,2026-06-30,walk-in,completed,2026-06-30 12:31
KB0002990,P-005127,KH-ATL-01,Atlanta,2026-05-18,online,completed,2026-05-18 10:23
KB0001276,P-000384,KH-DAL-03,Dallas,2026-04-21,walk-in,completed,2026-04-21 10:24
KB0007529,P-002717,KH-NYC-03,New York,2026-07-29,walk-in,completed,2026-07-29 09:16
KB0001987,P-005384,KH-ATL-03,Atlanta,2026-05-02,phone,completed,2026-05-02 17:20
KB0002037,P-004791,KH-CHI-01,Chicago,2026-05-03,walk-in,completed,2026-05-03 14:37
KB0009093,P-004852,KH-CHI-03,Chicago,2026-08-22,walk-in,completed,2026-08-22 12:58
KB0006008,P-000414,KH-DAL-01,Dallas,2026-07-06,walk-in,completed,2026-07-06 08:16
KB0007828,P-003885,KH-NYC-03,New York,2026-08-03,online,completed,2026-08-03 17:45
KB0004026,P-001744,KH-PHX-02,Phoenix,2026-06-04,walk-in,completed,2026-06-04 18:08
KB0009453,P-004544,KH-CHI-02,Chicago,2026-08-28,walk-in,completed,2026-08-28 19:10
KB0004487,P-004196,KH-CHI-01,Chicago,2026-06-11,at-home,completed,2026-06-11 18:30
KB0003142,P-001526,KH-PHX-03,Phoenix,2026-05-21,online,completed,2026-05-21 15:33
KB0011472,P-005536,KH-ATL-02,Atlanta,2026-09-27,at-home,completed,2026-09-27 11:22
KB0010808,P-000076,KH-DAL-03,Dallas,2026-09-18,online,completed,2026-09-18 09:22
KB0004992,P-004442,KH-CHI-01,Chicago,2026-06-19,phone,completed,2026-06-19 13:35
KB0007552,P-005985,KH-PHI-03,Philadelphia,2026-07-29,walk-in,completed,2026-07-29 16:39
KB0004657,P-002184,KH-PHX-01,Phoenix,2026-06-14,walk-in,completed,2026-06-14 10:49
KB0007153,P-003222,KH-NYC-03,New York,2026-07-23,phone,completed,2026-07-23 14:41
KB0009135,P-002734,KH-NYC-01,New York,2026-08-23,walk-in,completed,2026-08-23 09:39
KB0007641,P-002149,KH-PHX-02,Phoenix,2026-07-31,walk-in,completed,2026-07-31 13:53
KB0000024,P-002393,KH-PHX-02,Phoenix,2026-04-01,phone,completed,2026-04-01 11:53
KB0011625,P-000679,KH-DAL-01,Dallas,2026-09-30,phone,completed,2026-09-30 15:23
KB0005862,P-003868,KH-NYC-02,New York,2026-07-03,online,completed,2026-07-03 16:26
KB0009410,P-006077,KH-PHI-01,Philadelphia,2026-08-27,walk-in,completed,2026-08-27 12:37
KB0007706,P-003924,KH-NYC-02,New York,2026-08-01,at-home,completed,2026-08-01 10:30
KB0010515,P-004323,KH-CHI-03,Chicago,2026-09-13,,completed,2026-09-13 10:59
KB0008900,P-006049,KH-PHI-03,Philadelphia,2026-08-19,walk-in,completed,2026-08-19 21:45
KB0008175,P-005163,KH-ATL-02,Atlanta,2026-08-08,walk-in,completed,2026-08-08 16:05
KB0003574,P-001626,KH-PHX-02,Phoenix,2026-05-28,walk-in,completed,2026-05-28 14:01
KB0008340,P-002017,KH-PHX-02,Phoenix,2026-08-11,walk-in,completed,2026-08-11 12:28
KB0001199,P-005462,KH-ATL-01,Atlanta,2026-04-19,walk-in,completed,2026-04-19 11:05
KB0006604,P-002100,KH-PHX-03,Phoenix,2026-07-15,online,completed,2026-07-15 19:22
KB0008454,P-001216,KH-DAL-02,Dallas,2026-08-13,walk-in,completed,2026-08-13 10:24
KB0008105,P-003813,KH-NYC-01,New York,2026-08-07,phone,completed,2026-08-07 12:45
KB0005571,P-001199,KH-DAL-01,Dallas,2026-06-29,walk-in,completed,2026-06-29 09:59
KB0007175,P-005332,KH-ATL-02,Atlanta,2026-07-23,online,completed,2026-07-23 13:39
KB0009506,P-001391,KH-PHX-01,Phoenix,2026-08-29,online,completed,2026-08-29 18:47
KB0001542,P-003226,KH-NYC-02,New York,2026-04-25,walk-in,completed,2026-04-25 11:50
KB0000238,P-001856,KH-PHX-01,Phoenix,2026-04-04,walk-in,completed,2026-04-04 09:58
KB0001633,P-000101,KH-DAL-02,Dallas,2026-04-27,walk-in,cancelled,2026-04-27 15:56
KB0009405,P-005020,KH-ATL-02,Atlanta,2026-08-27,walk-in,completed,2026-08-27 09:21
KB0002423,P-004475,KH-CHI-01,Chicago,2026-05-09,walk-in,completed,2026-05-09 12:25
KB0011352,P-005163,KH-ATL-01,Atlanta,2026-09-25,walk-in,completed,2026-09-25 19:38
KB0003638,P-000445,KH-DAL-03,Dallas,2026-05-29,online,completed,2026-05-29 08:57
KB0000245,P-001715,KH-PHX-01,Phoenix,2026-04-04,online,completed,2026-04-04 12:06
KB0005678,P-005707,KH-ATL-01,Atlanta,2026-06-30,walk-in,completed,2026-06-30 19:05
KB0007086,P-002856,KH-NYC-02,New York,2026-07-22,online,completed,2026-07-22 18:34
KB0003788,P-006360,KH-PHI-01,Philadelphia,2026-05-31,online,completed,2026-05-31 15:09
KB0008821,P-005315,KH-ATL-02,Atlanta,2026-08-18,online,completed,2026-08-18 14:20
KB0005950,P-005938,KH-PHI-02,Philadelphia,2026-07-04,walk-in,completed,2026-07-04 14:33
KB0000967,P-000505,KH-DAL-03,Dallas,2026-04-16,at-home,completed,2026-04-16 09:26
KB0006675,P-002423,KH-PHX-03,Phoenix,2026-07-16,walk-in,completed,2026-07-16 08:44
KB0008726,P-001960,KH-PHX-01,Phoenix,2026-08-17,at-home,completed,2026-08-17 10:37
KB0004544,P-003599,KH-NYC-01,New York,2026-06-12,at-home,completed,2026-06-12 12:13
KB0005167,P-003151,KH-NYC-01,New York,2026-06-22,walk-in,cancelled,2026-06-22 19:55
KB0002695,P-000752,KH-DAL-01,Dallas,2026-05-14,walk-in,completed,2026-05-14 09:12
KB0004309,P-001201,KH-DAL-02,Dallas,2026-06-09,walk-in,completed,2026-06-09 18:51
KB0011295,P-000687,KH-DAL-03,Dallas,2026-09-25,phone,completed,2026-09-25 11:24
KB0009306,P-002176,KH-PHX-02,Phoenix,2026-08-26,online,completed,2026-08-26 09:07
KB0004119,P-005062,KH-ATL-02,Atlanta,2026-06-05,online,completed,2026-06-05 14:30
KB0001123,P-001660,KH-PHX-01,Phoenix,2026-04-18,at-home,completed,2026-04-18 15:52
KB0011035,P-003922,KH-NYC-02,New York,2026-09-21,walk-in,completed,2026-09-21 10:18
KB0005335,P-000682,KH-DAL-02,Dallas,2026-06-25,online,completed,2026-06-25 18:21
KB0006684,P-002886,KH-NYC-01,New York,2026-07-16,at-home,completed,2026-07-16 17:59
KB0007306,P-005705,KH-ATL-02,Atlanta,2026-07-25,online,completed,2026-07-25 15:17
KB0003749,P-001227,KH-DAL-03,Dallas,2026-05-31,online,cancelled,2026-05-31 08:17
KB0007315,P-006015,KH-PHI-01,Philadelphia,2026-07-25,online,completed,2026-07-25 13:47
KB0007922,P-005048,KH-ATL-02,Atlanta,2026-08-04,online,completed,2026-08-04 17:55
KB0005630,P-006195,KH-PHI-02,Philadelphia,2026-06-29,phone,completed,2026-06-29 10:10
KB0000031,P-002194,KH-PHX-02,Phoenix,2026-04-01,at-home,completed,2026-04-01 10:37
KB0009109,P-005835,KH-PHI-02,Philadelphia,2026-08-22,online,completed,2026-08-22 14:40
KB0005175,P-004612,KH-CHI-03,Chicago,2026-06-22,walk-in,completed,2026-06-22 09:39
KB0003406,P-005336,KH-ATL-01,Atlanta,2026-05-25,at-home,completed,2026-05-25 18:35
KB0000841,P-000101,KH-DAL-03,Dallas,2026-04-14,walk-in,completed,2026-04-14 09:20
KB0002379,P-006593,KH-PHI-02,Philadelphia,2026-05-08,walk-in,completed,2026-05-08 14:23
KB0009040,P-005337,KH-ATL-02,Atlanta,2026-08-21,phone,completed,2026-08-21 19:48
KB0008593,P-001237,KH-DAL-01,Dallas,2026-08-15,phone,completed,2026-08-15 09:02
KB0005259,P-005767,KH-PHI-02,Philadelphia,2026-06-23,online,completed,2026-06-23 16:25
KB0006687,P-003483,KH-NYC-03,New York,2026-07-16,walk-in,completed,2026-07-16 08:27
KB0010630,P-002975,KH-NYC-03,New York,2026-09-15,at-home,completed,2026-09-15 17:38
KB0001092,P-005358,KH-ATL-01,Atlanta,2026-04-17,online,completed,2026-04-17 10:12
KB0007325,P-000138,KH-DAL-01,Dallas,2026-07-26,online,completed,2026-07-26 19:08
KB0002883,P-006464,KH-PHI-02,Philadelphia,2026-05-16,walk-in,completed,2026-05-16 13:36
KB0006159,P-001603,KH-PHX-03,Phoenix,2026-07-08,walk-in,completed,2026-07-08 13:42
KB0007797,P-006571,KH-PHI-01,Philadelphia,2026-08-02,phone,completed,2026-08-02 13:34
KB0009645,P-003713,KH-NYC-01,New York,2026-08-31,online,completed,2026-08-31 12:24
KB0009561,P-000217,KH-DAL-02,Dallas,2026-08-30,at-home,completed,2026-08-30 17:55
KB0001153,P-004550,KH-CHI-03,Chicago,2026-04-18,walk-in,completed,2026-04-18 11:18
KB0003737,P-005521,KH-ATL-01,Atlanta,2026-05-30,walk-in,completed,2026-05-30 08:16
KB0003610,P-005645,KH-ATL-03,Atlanta,2026-05-28,phone,completed,2026-05-28 14:17
KB0002504,P-000245,KH-DAL-01,Dallas,2026-05-11,walk-in,completed,2026-05-11 12:29
KB0001351,P-001697,KH-PHX-02,Phoenix,2026-04-22,walk-in,completed,2026-04-22 16:34
KB0011449,P-002382,KH-PHX-02,Phoenix,2026-09-27,walk-in,completed,2026-09-27 18:08
KB0005751,P-006218,KH-PHI-02,Philadelphia,2026-07-01,walk-in,completed,2026-07-01 12:09
KB0005428,P-003958,KH-CHI-03,Chicago,2026-06-26,walk-in,completed,2026-06-26 09:00
KB0006208,P-000963,KH-DAL-01,Dallas,2026-07-09,walk-in,completed,2026-07-09 09:37
KB0001332,P-006224,KH-PHI-03,Philadelphia,2026-04-21,walk-in,completed,2026-04-21 12:40
KB0003789,P-006340,KH-PHI-01,Philadelphia,2026-05-31,online,completed,2026-05-31 19:29
KB0009583,P-002977,KH-NYC-03,New York,2026-08-30,at-home,completed,2026-08-30 09:59
KB0002706,P-002064,KH-PHX-03,Phoenix,2026-05-14,at-home,completed,2026-05-14 10:20
KB0008969,P-005363,KH-ATL-01,Atlanta,2026-08-20,online,completed,2026-08-20 19:31
KB0001505,P-005101,KH-ATL-01,Atlanta,2026-04-24,walk-in,completed,2026-04-24 12:46
KB0007126,P-000383,KH-DAL-03,Dallas,2026-07-23,walk-in,completed,2026-07-23 19:36
KB0008208,P-001875,KH-PHX-01,Phoenix,2026-08-09,walk-in,completed,2026-08-09 18:25
KB0008614,P-002694,KH-NYC-02,New York,2026-08-15,at-home,completed,2026-08-15 09:20
KB0007632,P-001261,KH-PHX-02,Phoenix,2026-07-31,phone,completed,2026-07-31 10:50
KB0006099,P-001537,KH-PHX-03,Phoenix,2026-07-07,walk-in,completed,2026-07-07 14:42
KB0004240,P-000258,KH-DAL-02,Dallas,2026-06-08,online,completed,2026-06-08 17:36
KB0008032,P-004938,KH-CHI-03,Chicago,2026-08-06,online,cancelled,2026-08-06 11:29
KB0009648,P-002734,KH-NYC-03,New York,2026-08-31,walk-in,completed,2026-08-31 09:29
KB0000461,P-001164,KH-DAL-01,Dallas,2026-04-08,walk-in,completed,2026-04-08 16:58
KB0003276,P-003718,KH-NYC-01,New York,2026-05-23,at-home,completed,2026-05-23 09:02
KB0010278,P-000752,KH-DAL-03,Dallas,2026-09-10,online,completed,2026-09-10 08:51
KB0003561,P-001081,KH-DAL-01,Dallas,2026-05-28,phone,completed,2026-05-28 17:03
KB0006709,P-005626,KH-ATL-01,Atlanta,2026-07-16,walk-in,completed,2026-07-16 12:03
KB0001162,P-006559,KH-PHI-01,Philadelphia,2026-04-18,phone,completed,2026-04-18 13:40
KB0008940,P-003932,KH-NYC-01,New York,2026-08-20,at-home,completed,2026-08-20 11:38
KB0004497,P-005336,KH-ATL-02,Atlanta,2026-06-11,online,completed,2026-06-11 17:23
KB0007895,P-003813,KH-NYC-02,New York,2026-08-04,walk-in,completed,2026-08-04 11:15
KB0000844,P-000267,KH-DAL-03,Dallas,2026-04-14,phone,completed,2026-04-14 15:50
KB0010529,P-006687,KH-PHI-02,Philadelphia,2026-09-13,walk-in,completed,2026-09-13 17:02
KB0005761,P-000307,KH-DAL-02,Dallas,2026-07-02,walk-in,completed,2026-07-02 18:53
KB0003206,P-002230,KH-PHX-03,Phoenix,2026-05-22,walk-in,completed,2026-05-22 11:10
KB0007121,P-001088,KH-DAL-02,Dallas,2026-07-23,phone,completed,2026-07-23 15:48
KB0002321,P-000270,KH-DAL-02,Dallas,2026-05-08,walk-in,completed,2026-05-08 09:47
KB0001150,P-004160,KH-CHI-03,Chicago,2026-04-18,walk-in,completed,2026-04-18 19:17
KB0001335,P-001082,KH-DAL-02,Dallas,2026-04-22,walk-in,completed,2026-04-22 08:06
KB0008214,P-002634,KH-NYC-02,New York,2026-08-09,phone,completed,2026-08-09 08:58
KB0011031,P-002577,KH-NYC-01,New York,2026-09-21,walk-in,completed,2026-09-21 15:27
KB0009427,P-001469,KH-PHX-02,Phoenix,2026-08-28,online,completed,2026-08-28 19:52
KB0008913,P-000942,KH-DAL-03,Dallas,2026-08-20,online,completed,2026-08-20 11:01
KB0004701,P-002420,KH-PHX-02,Phoenix,2026-06-15,at-home,completed,2026-06-15 09:56
KB0007560,P-001053,KH-DAL-03,Dallas,2026-07-30,phone,completed,2026-07-30 19:54
KB0006794,P-000375,KH-DAL-02,Dallas,2026-07-18,walk-in,completed,2026-07-18 12:45
KB0011534,P-005188,KH-ATL-02,Atlanta,2026-09-28,walk-in,completed,2026-09-28 08:49
KB0005969,P-003138,KH-NYC-03,New York,2026-07-05,online,completed,2026-07-05 21:45
KB0009285,P-005899,KH-PHI-01,Philadelphia,2026-08-25,walk-in,completed,2026-08-25 13:53
KB0005026,P-001201,KH-DAL-02,Dallas,2026-06-20,walk-in,completed,2026-06-20 08:22
KB0001948,P-002420,KH-PHX-01,Phoenix,2026-05-02,online,completed,2026-05-02 13:21
KB0006924,P-000524,KH-DAL-01,Dallas,2026-07-20,walk-in,completed,2026-07-20 08:10
KB0008114,P-005150,KH-ATL-03,Atlanta,2026-08-07,online,completed,2026-08-07 18:50
KB0007617,P-005933,KH-PHI-03,Philadelphia,2026-07-30,walk-in,completed,2026-07-30 12:16
KB0011302,P-000455,KH-DAL-02,Dallas,2026-09-25,online,completed,2026-09-25 09:39
KB0003036,P-004773,KH-CHI-01,Chicago,2026-05-19,walk-in,completed,2026-05-19 19:18
KB0008716,P-001371,KH-PHX-02,Phoenix,2026-08-17,at-home,completed,2026-08-17 16:50
KB0000801,P-003099,KH-NYC-02,New York,2026-04-13,walk-in,completed,2026-04-13 13:36
KB0006803,P-000152,KH-DAL-01,Dallas,2026-07-18,online,completed,2026-07-18 17:02
KB0005343,P-001680,KH-PHX-02,Phoenix,2026-06-25,online,completed,2026-06-25 18:31
KB0003251,P-000481,KH-DAL-03,Dallas,2026-05-23,online,completed,2026-05-23 14:34
KB0005272,P-001540,KH-PHX-01,Phoenix,2026-06-24,at-home,completed,2026-06-24 18:15
KB0002182,P-004380,KH-CHI-01,Chicago,2026-05-05,walk-in,completed,2026-05-05 09:10
KB0000614,P-001889,KH-PHX-03,Phoenix,2026-04-10,walk-in,completed,2026-04-10 13:55
KB0005039,P-002084,KH-PHX-03,Phoenix,2026-06-20,online,completed,2026-06-20 19:40
KB0001349,P-002401,KH-PHX-02,Phoenix,2026-04-22,walk-in,completed,2026-04-22 12:31
KB0002002,P-000101,KH-DAL-03,Dallas,2026-05-03,walk-in,completed,2026-05-03 09:50
KB0003601,P-004293,KH-CHI-03,Chicago,2026-05-28,online,completed,2026-05-28 18:04
KB0003225,P-003988,KH-CHI-01,Chicago,2026-05-22,phone,completed,2026-05-22 09:33
KB0010527,P-006044,KH-PHI-03,Philadelphia,2026-09-13,phone,completed,2026-09-13 12:40
KB0009201,P-005658,KH-ATL-01,Atlanta,2026-08-24,online,completed,2026-08-24 14:14
KB0006218,P-000673,KH-DAL-01,Dallas,2026-07-09,walk-in,completed,2026-07-09 16:13
KB0007338,P-001446,KH-PHX-02,Phoenix,2026-07-26,phone,completed,2026-07-26 19:00
KB0007856,P-005998,KH-PHI-02,Philadelphia,2026-08-03,phone,completed,2026-08-03 19:17
KB0001341,P-000780,KH-DAL-03,Dallas,2026-04-22,walk-in,completed,2026-04-22 14:25
KB0003814,P-002164,KH-PHX-01,Phoenix,2026-06-01,walk-in,completed,2026-06-01 12:44
KB0004568,P-006157,KH-PHI-03,Philadelphia,2026-06-12,phone,completed,2026-06-12 14:01
KB0000747,P-003459,KH-NYC-02,New York,2026-04-12,online,completed,2026-04-12 17:34
KB0004266,P-001495,KH-PHX-02,Phoenix,2026-06-08,phone,completed,2026-06-08 11:50
KB0001712,P-002654,KH-NYC-02,New York,2026-04-28,walk-in,completed,2026-04-28 09:55
KB0004490,P-005688,KH-ATL-02,Atlanta,2026-06-11,phone,completed,2026-06-11 10:44
KB0006033,P-002961,KH-NYC-02,New York,2026-07-06,walk-in,completed,2026-07-06 16:47
KB0003141,P-002294,KH-PHX-03,Phoenix,2026-05-21,walk-in,completed,2026-05-21 13:13
KB0005884,P-005676,KH-ATL-02,Atlanta,2026-07-03,online,completed,2026-07-03 12:58
KB0008719,P-002069,KH-PHX-03,Phoenix,2026-08-17,walk-in,completed,2026-08-17 13:27
KB0001656,P-004842,KH-CHI-01,Chicago,2026-04-27,walk-in,completed,2026-04-27 11:28
KB0004857,P-003728,KH-NYC-02,New York,2026-06-17,at-home,completed,2026-06-17 18:17
KB0003628,P-000371,KH-DAL-02,Dallas,2026-05-29,walk-in,completed,2026-05-29 16:18
KB0001690,P-001223,KH-DAL-01,Dallas,2026-04-28,at-home,completed,2026-04-28 18:16
KB0003053,P-006151,KH-PHI-02,Philadelphia,2026-05-19,at-home,completed,2026-05-19 13:25
KB0010444,P-001346,KH-PHX-02,Phoenix,2026-09-12,online,completed,2026-09-12 10:24
KB0002320,P-000676,KH-DAL-01,Dallas,2026-05-08,online,completed,2026-05-08 08:09
KB0001947,P-002290,KH-PHX-01,Phoenix,2026-05-02,online,completed,2026-05-02 17:47
KB0007253,P-005828,KH-PHI-03,Philadelphia,2026-07-24,online,completed,2026-07-24 16:46
KB0003281,P-004859,KH-CHI-01,Chicago,2026-05-23,online,completed,2026-05-23 16:58
KB0008003,P-000063,KH-DAL-03,Dallas,2026-08-06,online,completed,2026-08-06 19:35
KB0004147,P-001334,KH-PHX-03,Phoenix,2026-06-06,walk-in,completed,2026-06-06 16:05
KB0010451,P-003122,KH-NYC-02,New York,2026-09-12,online,completed,2026-09-12 15:14
KB0004861,P-004591,KH-CHI-02,Chicago,2026-06-17,online,completed,2026-06-17 16:48
KB0006879,P-001924,KH-PHX-03,Phoenix,2026-07-19,walk-in,completed,2026-07-19 10:21
KB0003724,P-002840,KH-NYC-02,New York,2026-05-30,walk-in,completed,2026-05-30 10:34
KB0000098,P-001953,KH-PHX-01,Phoenix,2026-04-02,walk-in,completed,2026-04-02 09:13
KB0010257,P-005209,KH-ATL-01,Atlanta,2026-09-09,walk-in,completed,2026-09-09 12:16
KB0004776,P-002424,KH-PHX-01,Phoenix,2026-06-16,online,completed,2026-06-16 08:16
KB0003414,P-005948,KH-PHI-02,Philadelphia,2026-05-25,phone,completed,2026-05-25 11:17
KB0009230,P-000364,KH-DAL-01,Dallas,2026-08-25,at-home,completed,2026-08-25 15:23
KB0000376,P-003744,KH-NYC-02,New York,2026-04-06,walk-in,completed,2026-04-06 16:38
KB0002266,P-002333,KH-PHX-02,Phoenix,2026-05-07,at-home,completed,2026-05-07 09:28
KB0009140,P-004417,KH-CHI-01,Chicago,2026-08-23,walk-in,completed,2026-08-23 12:13
KB0007130,P-000193,KH-DAL-01,Dallas,2026-07-23,walk-in,completed,2026-07-23 19:54
KB0000168,P-002163,KH-PHX-02,Phoenix,2026-04-03,walk-in,completed,2026-04-03 17:59
KB0009784,P-004272,KH-CHI-03,Chicago,2026-09-02,walk-in,completed,2026-09-02 19:34
KB0001683,P-000243,KH-DAL-02,Dallas,2026-04-28,at-home,completed,2026-04-28 17:01
KB0010665,P-000844,KH-DAL-01,Dallas,2026-09-16,walk-in,completed,2026-09-16 12:33
KB0003390,P-003993,KH-CHI-02,Chicago,2026-05-25,phone,completed,2026-05-25 11:35
KB0010086,P-002378,KH-PHX-01,Phoenix,2026-09-07,walk-in,completed,2026-09-07 14:31
KB0009019,P-002768,KH-NYC-03,New York,2026-08-21,online,completed,2026-08-21 08:06
KB0007915,P-004000,KH-CHI-02,Chicago,2026-08-04,walk-in,completed,2026-08-04 15:40
KB0009850,P-004415,KH-CHI-03,Chicago,2026-09-03,at-home,completed,2026-09-03 12:16
KB0000803,P-003427,KH-NYC-01,New York,2026-04-13,walk-in,completed,2026-04-13 09:14
KB0010592,P-006221,KH-PHI-01,Philadelphia,2026-09-14,online,completed,2026-09-14 18:15
KB0007951,P-001690,KH-PHX-01,Phoenix,2026-08-05,walk-in,completed,2026-08-05 16:49
KB0004134,P-006459,KH-PHI-02,Philadelphia,2026-06-05,walk-in,completed,2026-06-05 19:33
KB0010726,P-000855,KH-DAL-03,Dallas,2026-09-17,online,completed,2026-09-17 10:13
KB0006855,P-000449,KH-DAL-01,Dallas,2026-07-19,online,completed,2026-07-19 08:20
KB0005020,P-000279,KH-DAL-01,Dallas,2026-06-20,online,completed,2026-06-20 18:58
KB0006494,P-004128,KH-CHI-01,Chicago,2026-07-13,walk-in,completed,2026-07-13 09:49
KB0002417,P-003106,KH-NYC-03,New York,2026-05-09,online,completed,2026-05-09 17:36
KB0001801,P-005898,KH-PHI-01,Philadelphia,2026-04-29,walk-in,completed,2026-04-29 13:51
KB0010625,P-002653,KH-NYC-01,New York,2026-09-15,online,completed,2026-09-15 19:40
KB0005675,P-004660,KH-CHI-02,Chicago,2026-06-30,walk-in,completed,2026-06-30 13:11
KB0000959,P-006089,KH-PHI-01,Philadelphia,2026-04-15,walk-in,completed,2026-04-15 13:19
KB0003917,P-005096,KH-ATL-02,Atlanta,2026-06-02,online,completed,2026-06-02 11:43
KB0003577,P-002120,KH-PHX-02,Phoenix,2026-05-28,online,completed,2026-05-28 11:30
KB0009809,P-000103,KH-DAL-03,Dallas,2026-09-03,walk-in,completed,2026-09-03 18:57
KB0005996,P-006203,KH-PHI-03,Philadelphia,2026-07-05,online,completed,2026-07-05 11:23
KB0001630,P-000665,KH-DAL-02,Dallas,2026-04-27,walk-in,completed,2026-04-27 12:01
KB0000688,P-001628,KH-PHX-03,Phoenix,2026-04-11,online,completed,2026-04-11 18:47
KB0005560,P-006364,KH-PHI-01,Philadelphia,2026-06-28,phone,completed,2026-06-28 15:33
KB0003242,P-000500,KH-DAL-01,Dallas,2026-05-23,walk-in,completed,2026-05-23 09:00
KB0009512,P-001952,KH-PHX-03,Phoenix,2026-08-29,walk-in,completed,2026-08-29 12:53
KB0010720,P-006273,KH-PHI-02,Philadelphia,2026-09-16,walk-in,completed,2026-09-16 14:07
KB0005323,P-000799,KH-DAL-03,Dallas,2026-06-25,walk-in,completed,2026-06-25 12:31
KB0003322,P-001763,KH-PHX-03,Phoenix,2026-05-24,,completed,2026-05-24 08:25
KB0009302,P-001776,KH-PHX-02,Phoenix,2026-08-26,at-home,completed,2026-08-26 15:29
KB0007004,P-001738,KH-PHX-01,Phoenix,2026-07-21,online,completed,2026-07-21 09:50
KB0002759,P-000392,KH-DAL-01,Dallas,2026-05-15,walk-in,completed,2026-05-15 09:38
KB0011174,P-002553,KH-NYC-02,New York,2026-09-23,walk-in,completed,2026-09-23 09:30
KB0007344,P-002294,KH-PHX-02,Phoenix,2026-07-26,phone,completed,2026-07-26 13:57
KB0008504,P-005826,KH-PHI-03,Philadelphia,2026-08-13,phone,completed,2026-08-13 12:13
KB0002019,P-001542,KH-PHX-03,Phoenix,2026-05-03,at-home,completed,2026-05-03 18:51
KB0008207,P-001566,KH-PHX-02,Phoenix,2026-08-09,at-home,completed,2026-08-09 13:13
KB0000921,P-002252,KH-PHX-03,Phoenix,2026-04-15,walk-in,completed,2026-04-15 18:02
KB0004073,P-000128,KH-DAL-02,Dallas,2026-06-05,walk-in,completed,2026-06-05 11:19
KB0006585,P-000190,KH-DAL-03,Dallas,2026-07-15,walk-in,completed,2026-07-15 18:26
KB0001255,P-004112,KH-CHI-03,Chicago,2026-04-20,phone,completed,2026-04-20 18:29
KB0010546,P-001192,KH-DAL-01,Dallas,2026-09-14,phone,completed,2026-09-14 17:54
KB0003669,P-005337,KH-ATL-02,Atlanta,2026-05-29,online,completed,2026-05-29 14:08
KB0003283,P-004728,KH-CHI-03,Chicago,2026-05-23,online,completed,2026-05-23 15:23
KB0003891,P-002391,KH-PHX-02,Phoenix,2026-06-02,phone,completed,2026-06-02 19:51
KB0006411,P-000528,KH-DAL-01,Dallas,2026-07-12,online,completed,2026-07-12 09:05
KB0010416,P-000265,KH-DAL-03,Dallas,2026-09-12,online,completed,2026-09-12 17:21
KB0003160,P-004118,KH-CHI-02,Chicago,2026-05-21,walk-in,completed,2026-05-21 17:04
KB0007586,P-003550,KH-NYC-01,New York,2026-07-30,at-home,completed,2026-07-30 14:15
KB0006517,P-000556,KH-DAL-03,Dallas,2026-07-14,online,completed,2026-07-14 09:01
KB0000946,P-004560,KH-CHI-03,Chicago,2026-04-15,online,completed,2026-04-15 16:17
KB0006003,P-001104,KH-DAL-01,Dallas,2026-07-06,at-home,completed,2026-07-06 13:04
KB0006336,P-005855,KH-PHI-02,Philadelphia,2026-07-10,at-home,completed,2026-07-10 13:13
KB0002713,P-003517,KH-NYC-03,New York,2026-05-14,walk-in,completed,2026-05-14 12:55
KB0007851,P-005430,KH-ATL-01,Atlanta,2026-08-03,walk-in,completed,2026-08-03 08:37
KB0004614,P-002946,KH-NYC-01,New York,2026-06-13,at-home,completed,2026-06-13 09:34
KB0006981,P-005799,KH-PHI-02,Philadelphia,2026-07-20,walk-in,completed,2026-07-20 18:43
KB0008859,P-001817,KH-PHX-01,Phoenix,2026-08-19,online,completed,2026-08-19 09:42
KB0003217,P-003880,KH-NYC-02,New York,2026-05-22,walk-in,completed,2026-05-22 11:10
KB0009941,P-005504,KH-ATL-01,Atlanta,2026-09-04,walk-in,completed,2026-09-04 13:23
KB0009123,P-001314,KH-PHX-01,Phoenix,2026-08-23,walk-in,completed,2026-08-23 19:59
KB0007254,P-006020,KH-PHI-02,Philadelphia,2026-07-24,walk-in,completed,2026-07-24 13:37
KB0007113,P-006628,KH-PHI-02,Philadelphia,2026-07-22,walk-in,completed,2026-07-22 17:26
KB0005229,P-003480,KH-NYC-02,New York,2026-06-23,walk-in,completed,2026-06-23 14:32
KB0006388,P-004346,KH-CHI-01,Chicago,2026-07-11,online,completed,2026-07-11 16:40
KB0008373,P-004974,KH-ATL-02,Atlanta,2026-08-11,walk-in,completed,2026-08-11 16:29
KB0002766,P-001306,KH-PHX-03,Phoenix,2026-05-15,walk-in,completed,2026-05-15 16:42
KB0011018,P-001621,KH-PHX-03,Phoenix,2026-09-21,walk-in,completed,2026-09-21 13:50
KB0002330,P-001129,KH-DAL-03,Dallas,2026-05-08,walk-in,completed,2026-05-08 10:32
KB0011244,P-003280,KH-NYC-03,New York,2026-09-24,online,completed,2026-09-24 13:20
KB0007879,P-002001,KH-PHX-02,Phoenix,2026-08-04,phone,completed,2026-08-04 19:49
KB0008060,P-000006,KH-DAL-01,Dallas,2026-08-07,walk-in,completed,2026-08-07 12:54
KB0008074,P-002264,KH-PHX-01,Phoenix,2026-08-07,at-home,completed,2026-08-07 15:58
KB0003728,P-003957,KH-CHI-03,Chicago,2026-05-30,online,completed,2026-05-30 13:24
KB0003990,P-004975,KH-ATL-02,Atlanta,2026-06-03,walk-in,completed,2026-06-03 11:18
KB0006392,P-005014,KH-ATL-02,Atlanta,2026-07-11,online,completed,2026-07-11 11:07
KB0010388,P-004166,KH-CHI-02,Chicago,2026-09-11,online,completed,2026-09-11 14:12
KB0008264,P-002222,KH-PHX-03,Phoenix,2026-08-10,walk-in,completed,2026-08-10 15:46
KB0003328,P-003443,KH-NYC-03,New York,2026-05-24,walk-in,completed,2026-05-24 13:44
KB0001598,P-003346,KH-NYC-01,New York,2026-04-26,phone,completed,2026-04-26 14:24
KB0000476,P-000786,KH-DAL-01,Dallas,2026-04-08,at-home,completed,2026-04-08 08:02
KB0003154,P-004488,KH-CHI-03,Chicago,2026-05-21,walk-in,completed,2026-05-21 18:14
KB0008100,P-003352,KH-NYC-03,New York,2026-08-07,at-home,completed,2026-08-07 13:20
KB0001361,P-002574,KH-NYC-01,New York,2026-04-22,walk-in,completed,2026-04-22 15:56
KB0007317,P-005935,KH-PHI-01,Philadelphia,2026-07-25,online,completed,2026-07-25 17:08
KB0005859,P-003877,KH-NYC-03,New York,2026-07-03,online,completed,2026-07-03 10:18
KB0000974,P-001223,KH-DAL-02,Dallas,2026-04-16,walk-in,completed,2026-04-16 11:54
KB0005991,P-006357,KH-PHI-03,Philadelphia,2026-07-05,walk-in,completed,2026-07-05 12:42
KB0010833,P-003768,KH-NYC-01,New York,2026-09-18,walk-in,completed,2026-09-18 19:14
KB0001731,P-005120,KH-ATL-02,Atlanta,2026-04-28,phone,completed,2026-04-28 16:53
KB0004133,P-006365,KH-PHI-02,Philadelphia,2026-06-05,at-home,completed,2026-06-05 18:27
KB0000196,P-004871,KH-CHI-02,Chicago,2026-04-03,walk-in,completed,2026-04-03 18:19
KB0001873,P-000568,KH-DAL-02,Dallas,2026-05-01,online,completed,2026-05-01 19:46
KB0000480,P-001874,KH-PHX-02,Phoenix,2026-04-08,walk-in,completed,2026-04-08 13:41
KB0008876,P-002533,KH-NYC-02,New York,2026-08-19,walk-in,completed,2026-08-19 10:20
KB0004250,P-000935,KH-DAL-03,Dallas,2026-06-08,at-home,completed,2026-06-08 11:33
KB0009929,P-004254,KH-CHI-01,Chicago,2026-09-04,walk-in,completed,2026-09-04 19:34
KB0009371,P-001748,KH-PHX-02,Phoenix,2026-08-27,walk-in,completed,2026-08-27 21:45
KB0000002,P-000007,KH-DAL-01,Dallas,2026-04-01,phone,completed,2026-04-01 12:20
KB0007827,P-001971,KH-PHX-01,Phoenix,2026-08-03,online,cancelled,2026-08-03 17:06
KB0000090,P-001935,KH-PHX-01,Phoenix,2026-04-02,walk-in,completed,2026-04-02 10:18
KB0009150,P-006524,KH-PHI-01,Philadelphia,2026-08-23,walk-in,completed,2026-08-23 11:52
KB0008764,P-005924,KH-PHI-03,Philadelphia,2026-08-17,walk-in,completed,2026-08-17 09:20
KB0009507,P-001296,KH-PHX-01,Phoenix,2026-08-29,walk-in,completed,2026-08-29 19:13
KB0009038,P-005232,KH-ATL-03,Atlanta,2026-08-21,online,completed,2026-08-21 08:06
KB0005885,P-006606,KH-PHI-02,Philadelphia,2026-07-03,walk-in,completed,2026-07-03 12:24
KB0008437,P-006569,KH-PHI-03,Philadelphia,2026-08-12,online,cancelled,2026-08-12 12:25
KB0002253,P-006513,KH-PHI-02,Philadelphia,2026-05-06,walk-in,completed,2026-05-06 09:18
KB0008246,P-000181,KH-DAL-03,Dallas,2026-08-10,online,completed,2026-08-10 16:10
KB0000845,P-000711,KH-DAL-02,Dallas,2026-04-14,online,completed,2026-04-14 09:32
KB0009278,P-005696,KH-ATL-01,Atlanta,2026-08-25,walk-in,completed,2026-08-25 16:47
KB0005027,P-000396,KH-DAL-02,Dallas,2026-06-20,walk-in,completed,2026-06-20 12:42
KB0003447,P-002768,KH-NYC-02,New York,2026-05-26,online,completed,2026-05-26 09:25
KB0003516,P-003503,KH-NYC-01,New York,2026-05-27,online,completed,2026-05-27 19:59
KB0004189,P-005954,KH-PHI-02,Philadelphia,2026-06-06,at-home,completed,2026-06-06 19:49
KB0002142,P-000130,KH-DAL-02,Dallas,2026-05-05,walk-in,completed,2026-05-05 15:49
KB0002393,P-000071,KH-DAL-03,Dallas,2026-05-09,online,completed,2026-05-09 15:46
KB0008509,P-000388,KH-DAL-02,Dallas,2026-08-14,at-home,completed,2026-08-14 13:01
KB0000887,P-005139,KH-ATL-02,Atlanta,2026-04-14,walk-in,completed,2026-04-14 12:47
KB0002128,P-005956,KH-PHI-01,Philadelphia,2026-05-04,phone,completed,2026-05-04 12:58
KB0007393,P-003138,KH-NYC-02,New York,2026-07-27,phone,completed,2026-07-27 08:33
KB0005767,P-002383,KH-PHX-02,Phoenix,2026-07-02,online,completed,2026-07-02 15:48
KB0011442,P-002207,KH-PHX-01,Phoenix,2026-09-27,walk-in,completed,2026-09-27 17:32
KB0002420,P-004797,KH-CHI-03,Chicago,2026-05-09,walk-in,cancelled,2026-05-09 12:13
KB0001530,P-002163,KH-PHX-03,Phoenix,2026-04-25,online,completed,2026-04-25 12:34
KB0007287,P-003349,KH-NYC-03,New York,2026-07-25,online,completed,2026-07-25 15:33
KB0009429,P-001318,KH-PHX-01,Phoenix,2026-08-28,phone,completed,2026-08-28 15:28
KB0008720,P-001846,KH-PHX-03,Phoenix,2026-08-17,phone,completed,2026-08-17 15:23
KB0000534,P-000869,KH-DAL-02,Dallas,2026-04-09,online,completed,2026-04-09 14:10
KB0003222,P-004545,KH-CHI-03,Chicago,2026-05-22,walk-in,completed,2026-05-22 11:54
KB0007584,P-002878,KH-NYC-03,New York,2026-07-30,at-home,completed,2026-07-30 13:29
KB0010758,P-002774,KH-NYC-02,New York,2026-09-17,walk-in,completed,2026-09-17 16:45
KB0010999,P-000118,KH-DAL-03,Dallas,2026-09-21,phone,completed,2026-09-21 18:13
KB0006117,P-004211,KH-CHI-02,Chicago,2026-07-07,online,completed,2026-07-07 09:24
KB0009386,P-002785,KH-NYC-02,New York,2026-08-27,phone,completed,2026-08-27 12:37
KB0001274,P-000496,KH-DAL-01,Dallas,2026-04-21,walk-in,completed,2026-04-21 10:08
KB0008321,P-000793,KH-DAL-03,Dallas,2026-08-11,walk-in,completed,2026-08-11 12:36
KB0004330,P-001874,KH-PHX-01,Phoenix,2026-06-09,walk-in,completed,2026-06-09 09:12
KB0005014,P-001178,KH-DAL-03,Dallas,2026-06-20,online,completed,2026-06-20 12:10
KB0001514,P-006148,KH-PHI-03,Philadelphia,2026-04-24,at-home,completed,2026-04-24 16:45
KB0011382,P-001969,KH-PHX-03,Phoenix,2026-09-26,walk-in,completed,2026-09-26 11:46
KB0000917,P-001568,KH-PHX-03,Phoenix,2026-04-15,walk-in,completed,2026-04-15 19:39
KB0000271,P-004845,KH-CHI-02,Chicago,2026-04-04,,completed,2026-04-04 10:35
KB0005527,P-002373,KH-PHX-03,Phoenix,2026-06-28,walk-in,completed,2026-06-28 12:25
KB0007461,P-003701,KH-NYC-02,New York,2026-07-28,walk-in,completed,2026-07-28 11:35
KB0001734,P-005151,KH-ATL-02,Atlanta,2026-04-28,walk-in,completed,2026-04-28 16:14
KB0003594,P-004497,KH-CHI-03,Chicago,2026-05-28,online,completed,2026-05-28 10:46
KB0004710,P-002479,KH-NYC-03,New York,2026-06-15,phone,completed,2026-06-15 12:56
KB0011020,P-001680,KH-PHX-02,Phoenix,2026-09-21,walk-in,completed,2026-09-21 15:12
KB0011653,P-001330,KH-PHX-03,Phoenix,2026-09-30,phone,completed,2026-09-30 14:44
KB0003767,P-001805,KH-PHX-02,Phoenix,2026-05-31,online,completed,2026-05-31 12:39
KB0010839,P-003069,KH-NYC-03,New York,2026-09-18,phone,completed,2026-09-18 08:25
KB0006366,P-001480,KH-PHX-01,Phoenix,2026-07-11,phone,completed,2026-07-11 14:14
KB0010974,P-003170,KH-NYC-02,New York,2026-09-20,walk-in,completed,2026-09-20 14:08
KB0008300,P-005431,KH-ATL-02,Atlanta,2026-08-10,at-home,completed,2026-08-10 08:22
KB0007979,P-005268,KH-ATL-02,Atlanta,2026-08-05,walk-in,completed,2026-08-05 18:43
KB0004135,P-006542,KH-PHI-03,Philadelphia,2026-06-05,walk-in,completed,2026-06-05 09:57
KB0006031,P-002490,KH-NYC-01,New York,2026-07-06,at-home,completed,2026-07-06 09:00
KB0000300,P-000963,KH-DAL-01,Dallas,2026-04-05,online,completed,2026-04-05 09:33
KB0011379,P-000985,KH-DAL-03,Dallas,2026-09-26,online,completed,2026-09-26 18:59
KB0009494,P-000963,KH-DAL-02,Dallas,2026-08-29,at-home,completed,2026-08-29 15:48
KB0011419,P-005746,KH-ATL-03,Atlanta,2026-09-26,online,completed,2026-09-26 11:42
KB0004352,P-004000,KH-CHI-01,Chicago,2026-06-09,phone,completed,2026-06-09 19:37
KB0008850,P-000847,KH-DAL-02,Dallas,2026-08-19,at-home,completed,2026-08-19 18:03
KB0003156,P-004408,KH-CHI-03,Chicago,2026-05-21,online,completed,2026-05-21 08:23
KB0002065,P-000716,KH-DAL-01,Dallas,2026-05-04,online,completed,2026-05-04 17:15
KB0011046,P-005231,KH-ATL-02,Atlanta,2026-09-21,online,completed,2026-09-21 10:15
KB0006163,P-002843,KH-NYC-01,New York,2026-07-08,walk-in,completed,2026-07-08 10:09
KB0003663,P-004492,KH-CHI-02,Chicago,2026-05-29,walk-in,completed,2026-05-29 16:38
KB0004436,P-006064,KH-PHI-03,Philadelphia,2026-06-10,walk-in,completed,2026-06-10 13:23
KB0004836,P-001095,KH-DAL-01,Dallas,2026-06-17,online,completed,2026-06-17 08:43
KB0011654,P-001740,KH-PHX-01,Phoenix,2026-09-30,online,completed,2026-09-30 11:26
KB0003747,P-000692,KH-DAL-01,Dallas,2026-05-31,phone,completed,2026-05-31 09:55
KB0001667,P-005241,KH-ATL-02,Atlanta,2026-04-27,walk-in,completed,2026-04-27 17:03
KB0008375,P-005833,KH-PHI-02,Philadelphia,2026-08-11,walk-in,completed,2026-08-11 09:32
KB0004121,P-005367,KH-ATL-02,Atlanta,2026-06-05,online,completed,2026-06-05 12:02
KB0003304,P-006195,KH-PHI-02,Philadelphia,2026-05-23,phone,completed,2026-05-23 10:10
KB0002912,P-002784,KH-NYC-01,New York,2026-05-17,walk-in,completed,2026-05-17 10:12
KB0003078,P-002078,KH-PHX-01,Phoenix,2026-05-20,at-home,completed,2026-05-20 12:53
KB0005150,P-001531,KH-PHX-02,Phoenix,2026-06-22,at-home,completed,2026-06-22 17:25
KB0005556,P-005723,KH-ATL-02,Atlanta,2026-06-28,online,completed,2026-06-28 10:04
KB0003991,P-005250,KH-ATL-03,Atlanta,2026-06-03,phone,completed,2026-06-03 09:34
KB0009465,P-005019,KH-ATL-03,Atlanta,2026-08-28,online,completed,2026-08-28 18:18
KB0001260,P-005236,KH-ATL-02,Atlanta,2026-04-20,online,completed,2026-04-20 19:29
KB0008432,P-005652,KH-ATL-03,Atlanta,2026-08-12,at-home,completed,2026-08-12 16:03
KB0004272,P-003701,KH-NYC-01,New York,2026-06-08,phone,completed,2026-06-08 14:12
KB0008921,P-000818,KH-DAL-02,Dallas,2026-08-20,online,completed,2026-08-20 08:16
KB0004160,P-003255,KH-NYC-02,New York,2026-06-06,online,completed,2026-06-06 18:11
KB0010663,P-000321,KH-DAL-03,Dallas,2026-09-16,walk-in,completed,2026-09-16 17:03
KB0007728,P-005536,KH-ATL-01,Atlanta,2026-08-01,walk-in,completed,2026-08-01 18:21
KB0007989,P-006253,KH-PHI-03,Philadelphia,2026-08-05,at-home,completed,2026-08-05 14:04
KB0002351,P-003022,KH-NYC-01,New York,2026-05-08,walk-in,cancelled,2026-05-08 08:51
KB0002273,P-001597,KH-PHX-03,Phoenix,2026-05-07,walk-in,completed,2026-05-07 17:58
KB0002466,P-002040,KH-PHX-02,Phoenix,2026-05-10,phone,completed,2026-05-10 11:24
KB0001717,P-004329,KH-CHI-03,Chicago,2026-04-28,walk-in,completed,2026-04-28 15:19
KB0010246,P-003686,KH-NYC-02,New York,2026-09-09,walk-in,completed,2026-09-09 14:46
KB0001204,P-005512,KH-ATL-02,Atlanta,2026-04-19,at-home,completed,2026-04-19 15:50
KB0006782,P-005207,KH-ATL-02,Atlanta,2026-07-17,walk-in,completed,2026-07-17 09:52
KB0008252,P-000724,KH-DAL-03,Dallas,2026-08-10,online,completed,2026-08-10 14:44
KB0009845,P-002778,KH-NYC-01,New York,2026-09-03,at-home,completed,2026-09-03 19:25
KB0007776,P-002521,KH-NYC-01,New York,2026-08-02,at-home,completed,2026-08-02 16:34
KB0006820,P-001575,KH-PHX-03,Phoenix,2026-07-18,walk-in,completed,2026-07-18 11:42
KB0010443,P-002372,KH-PHX-03,Phoenix,2026-09-12,walk-in,completed,2026-09-12 10:57
KB0010501,P-002107,KH-PHX-02,Phoenix,2026-09-13,online,completed,2026-09-13 09:32
KB0007008,P-001838,KH-PHX-01,Phoenix,2026-07-21,walk-in,completed,2026-07-21 08:37
KB0001265,P-005706,KH-ATL-02,Atlanta,2026-04-20,online,completed,2026-04-20 11:57
KB0008708,P-000858,KH-DAL-02,Dallas,2026-08-17,online,completed,2026-08-17 16:02
KB0006113,P-004155,KH-CHI-01,Chicago,2026-07-07,walk-in,completed,2026-07-07 12:15
KB0006809,P-001771,KH-PHX-02,Phoenix,2026-07-18,phone,completed,2026-07-18 09:23
KB0011205,P-000502,KH-DAL-02,Dallas,2026-09-24,phone,completed,2026-09-24 14:10
KB0005385,P-006628,KH-PHI-03,Philadelphia,2026-06-25,walk-in,completed,2026-06-25 10:32
KB0005179,P-004641,KH-CHI-03,Chicago,2026-06-22,walk-in,completed,2026-06-22 15:58
KB0010511,P-003010,KH-NYC-03,New York,2026-09-13,walk-in,completed,2026-09-13 19:26
KB0006541,P-001377,KH-PHX-03,Phoenix,2026-07-14,at-home,completed,2026-07-14 12:39
KB0001792,P-005498,KH-ATL-02,Atlanta,2026-04-29,at-home,completed,2026-04-29 11:09
KB0007646,P-003623,KH-NYC-03,New York,2026-07-31,walk-in,cancelled,2026-07-31 16:01
KB0002010,P-000979,KH-DAL-03,Dallas,2026-05-03,online,completed,2026-05-03 15:21
KB0005417,P-003489,KH-NYC-01,New York,2026-06-26,walk-in,completed,2026-06-26 18:07
KB0009746,P-000791,KH-DAL-03,Dallas,2026-09-02,at-home,completed,2026-09-02 12:08
KB0010404,P-006628,KH-PHI-01,Philadelphia,2026-09-11,walk-in,completed,2026-09-11 17:21
KB0008862,P-001708,KH-PHX-01,Phoenix,2026-08-19,walk-in,completed,2026-08-19 11:35
KB0010962,P-002311,KH-PHX-01,Phoenix,2026-09-20,walk-in,completed,2026-09-20 18:57
KB0002667,P-005298,KH-ATL-02,Atlanta,2026-05-13,online,completed,2026-05-13 11:18
KB0004139,P-000379,KH-DAL-01,Dallas,2026-06-06,at-home,completed,2026-06-06 14:29
KB0010301,P-003278,KH-NYC-02,New York,2026-09-10,walk-in,completed,2026-09-10 13:38
KB0000650,P-005168,KH-ATL-02,Atlanta,2026-04-10,walk-in,completed,2026-04-10 11:41
KB0004168,P-002822,KH-NYC-01,New York,2026-06-06,phone,completed,2026-06-06 10:44
KB0000836,P-006148,KH-PHI-02,Philadelphia,2026-04-13,phone,completed,2026-04-13 19:36
KB0011438,P-000396,KH-DAL-01,Dallas,2026-09-27,walk-in,completed,2026-09-27 17:14
KB0001012,P-004093,KH-CHI-03,Chicago,2026-04-16,walk-in,completed,2026-04-16 14:04
KB0010445,P-001722,KH-PHX-01,Phoenix,2026-09-12,online,completed,2026-09-12 14:05
KB0010901,P-002015,KH-PHX-02,Phoenix,2026-09-19,walk-in,completed,2026-09-19 09:32
KB0003538,P-005651,KH-ATL-02,Atlanta,2026-05-27,walk-in,completed,2026-05-27 19:02
KB0001778,P-003426,KH-NYC-03,New York,2026-04-29,online,completed,2026-04-29 08:20
KB0005078,P-005914,KH-PHI-01,Philadelphia,2026-06-20,at-home,completed,2026-06-20 18:53
KB0005516,P-000671,KH-DAL-03,Dallas,2026-06-28,online,completed,2026-06-28 16:10
KB0005878,P-005641,KH-ATL-01,Atlanta,2026-07-03,phone,completed,2026-07-03 11:39
KB0000441,P-002468,KH-NYC-01,New York,2026-04-07,online,completed,2026-04-07 09:05
KB0006705,P-005072,KH-ATL-02,Atlanta,2026-07-16,walk-in,completed,2026-07-16 13:55
KB0004383,P-000600,KH-DAL-02,Dallas,2026-06-10,phone,completed,2026-06-10 12:28
KB0009212,P-005557,KH-ATL-03,Atlanta,2026-08-24,online,completed,2026-08-24 08:09
KB0003223,P-004093,KH-CHI-02,Chicago,2026-05-22,,completed,2026-05-22 14:52
KB0009829,P-002117,KH-PHX-03,Phoenix,2026-09-03,at-home,cancelled,2026-09-03 13:27
KB0008752,P-005201,KH-ATL-01,Atlanta,2026-08-17,walk-in,completed,2026-08-17 12:30
KB0007276,P-001561,KH-PHX-03,Phoenix,2026-07-25,phone,completed,2026-07-25 12:32
KB0009001,P-001438,KH-PHX-03,Phoenix,2026-08-21,walk-in,completed,2026-08-21 17:07
KB0010267,P-006604,KH-PHI-01,Philadelphia,2026-09-09,walk-in,completed,2026-09-09 11:52
KB0010137,P-006298,KH-PHI-03,Philadelphia,2026-09-07,walk-in,completed,2026-09-07 14:18
KB0001687,P-000447,KH-DAL-02,Dallas,2026-04-28,online,completed,2026-04-28 16:05
KB0010789,P-005340,KH-ATL-02,Atlanta,2026-09-17,online,completed,2026-09-17 19:08
KB0002400,P-001603,KH-PHX-02,Phoenix,2026-05-09,walk-in,completed,2026-05-09 16:16
KB0004039,P-002502,KH-NYC-01,New York,2026-06-04,walk-in,completed,2026-06-04 14:43
KB0011317,P-002390,KH-PHX-02,Phoenix,2026-09-25,walk-in,completed,2026-09-25 19:14
KB0007154,P-003445,KH-NYC-03,New York,2026-07-23,at-home,completed,2026-07-23 17:49
KB0001126,P-002266,KH-PHX-02,Phoenix,2026-04-18,online,completed,2026-04-18 18:17
KB0006433,P-002518,KH-NYC-01,New York,2026-07-12,at-home,completed,2026-07-12 12:47
KB0001241,P-002544,KH-NYC-02,New York,2026-04-20,online,completed,2026-04-20 08:53
KB0011143,P-000906,KH-DAL-01,Dallas,2026-09-23,online,completed,2026-09-23 15:27
KB0011451,P-001307,KH-PHX-03,Phoenix,2026-09-27,phone,completed,2026-09-27 12:49
KB0008477,P-003415,KH-NYC-02,New York,2026-08-13,walk-in,completed,2026-08-13 18:47
KB0007438,P-002255,KH-PHX-02,Phoenix,2026-07-28,walk-in,completed,2026-07-28 15:58
KB0010499,P-002247,KH-PHX-01,Phoenix,2026-09-13,walk-in,completed,2026-09-13 14:52
KB0001030,P-006478,KH-PHI-02,Philadelphia,2026-04-16,walk-in,completed,2026-04-16 19:18
KB0001074,P-003570,KH-NYC-02,New York,2026-04-17,online,completed,2026-04-17 13:22
KB0002848,P-001592,KH-PHX-01,Phoenix,2026-05-16,walk-in,completed,2026-05-16 19:22
KB0000961,P-006189,KH-PHI-03,Philadelphia,2026-04-15,online,completed,2026-04-15 12:23
KB0000972,P-000814,KH-DAL-02,Dallas,2026-04-16,online,completed,2026-04-16 19:15
KB0000018,P-001062,KH-DAL-02,Dallas,2026-04-01,,completed,2026-04-01 17:57
KB0007020,P-002919,KH-NYC-02,New York,2026-07-21,online,completed,2026-07-21 09:47
KB0000929,P-001978,KH-PHX-03,Phoenix,2026-04-15,walk-in,completed,2026-04-15 15:29
KB0009480,P-006491,KH-PHI-02,Philadelphia,2026-08-28,walk-in,completed,2026-08-28 12:45
KB0009649,P-004081,KH-CHI-02,Chicago,2026-08-31,phone,completed,2026-08-31 18:06
KB0006935,P-002374,KH-PHX-02,Phoenix,2026-07-20,at-home,completed,2026-07-20 19:35
KB0011211,P-000287,KH-DAL-03,Dallas,2026-09-24,at-home,completed,2026-09-24 14:58
KB0003922,P-005133,KH-ATL-01,Atlanta,2026-06-02,walk-in,completed,2026-06-02 12:13
KB0000695,P-003752,KH-NYC-02,New York,2026-04-11,online,completed,2026-04-11 08:15
KB0009513,P-001874,KH-PHX-01,Phoenix,2026-08-29,,completed,2026-08-29 17:34
KB0000654,P-006271,KH-PHI-02,Philadelphia,2026-04-10,phone,completed,2026-04-10 17:32
KB0004280,P-003751,KH-NYC-01,New York,2026-06-08,at-home,completed,2026-06-08 18:56
KB0011448,P-002247,KH-PHX-02,Phoenix,2026-09-27,phone,completed,2026-09-27 12:41
KB0001727,P-004387,KH-CHI-02,Chicago,2026-04-28,online,completed,2026-04-28 14:56
KB0003833,P-003318,KH-NYC-02,New York,2026-06-01,walk-in,completed,2026-06-01 17:03
KB0005926,P-003407,KH-NYC-03,New York,2026-07-04,walk-in,completed,2026-07-04 18:00
KB0009590,P-004573,KH-CHI-03,Chicago,2026-08-30,online,completed,2026-08-30 16:43
KB0010230,P-002115,KH-PHX-03,Phoenix,2026-09-09,online,completed,2026-09-09 18:21
KB0002880,P-006424,KH-PHI-01,Philadelphia,2026-05-16,walk-in,completed,2026-05-16 09:11
KB0005809,P-005364,KH-ATL-02,Atlanta,2026-07-02,online,completed,2026-07-02 19:41
KB0004997,P-004296,KH-CHI-02,Chicago,2026-06-19,phone,completed,2026-06-19 10:06
KB0004729,P-004775,KH-CHI-01,Chicago,2026-06-15,online,completed,2026-06-15 18:25
KB0004912,P-001721,KH-PHX-01,Phoenix,2026-06-18,walk-in,completed,2026-06-18 15:05
KB0007418,P-006262,KH-PHI-03,Philadelphia,2026-07-27,online,completed,2026-07-27 19:55
KB0000756,P-003463,KH-NYC-03,New York,2026-04-12,phone,completed,2026-04-12 10:03
KB0003732,P-004909,KH-CHI-01,Chicago,2026-05-30,walk-in,completed,2026-05-30 12:08
KB0005777,P-001434,KH-PHX-02,Phoenix,2026-07-02,walk-in,completed,2026-07-02 10:14
KB0008729,P-003036,KH-NYC-01,New York,2026-08-17,online,completed,2026-08-17 17:25
KB0004742,P-006358,KH-PHI-01,Philadelphia,2026-06-15,online,completed,2026-06-15 12:11
KB0007140,P-002285,KH-PHX-02,Phoenix,2026-07-23,phone,completed,2026-07-23 08:00
KB0004307,P-001240,KH-DAL-02,Dallas,2026-06-09,walk-in,completed,2026-06-09 17:42
KB0003499,P-001627,KH-PHX-03,Phoenix,2026-05-27,walk-in,completed,2026-05-27 16:19
KB0011491,P-000225,KH-DAL-02,Dallas,2026-09-28,walk-in,completed,2026-09-28 18:53
KB0002063,P-000800,KH-DAL-02,Dallas,2026-05-04,walk-in,completed,2026-05-04 10:00
KB0007981,P-006155,KH-PHI-02,Philadelphia,2026-08-05,at-home,completed,2026-08-05 10:43
KB0010736,P-000783,KH-DAL-01,Dallas,2026-09-17,walk-in,completed,2026-09-17 12:25
KB0011642,P-001129,KH-DAL-02,Dallas,2026-09-30,at-home,completed,2026-09-30 12:36
KB0004115,P-004910,KH-CHI-03,Chicago,2026-06-05,phone,completed,2026-06-05 17:33
KB0011474,P-005500,KH-ATL-01,Atlanta,2026-09-27,phone,completed,2026-09-27 16:39
KB0008754,P-005079,KH-ATL-02,Atlanta,2026-08-17,walk-in,completed,2026-08-17 10:08
KB0004923,P-003328,KH-NYC-02,New York,2026-06-18,walk-in,completed,2026-06-18 18:20
KB0006552,P-002507,KH-NYC-02,New York,2026-07-14,walk-in,completed,2026-07-14 19:38
KB0006242,P-003022,KH-NYC-02,New York,2026-07-09,online,completed,2026-07-09 18:18
KB0010252,P-004733,KH-CHI-03,Chicago,2026-09-09,online,completed,2026-09-09 14:33
KB0010700,P-004414,KH-CHI-01,Chicago,2026-09-16,online,completed,2026-09-16 16:59
KB0000398,P-005490,KH-ATL-01,Atlanta,2026-04-06,walk-in,completed,2026-04-06 13:54
KB0007124,P-000465,KH-DAL-03,Dallas,2026-07-23,online,completed,2026-07-23 19:40
KB0010412,P-005821,KH-PHI-03,Philadelphia,2026-09-11,phone,completed,2026-09-11 15:04
KB0005929,P-002882,KH-NYC-03,New York,2026-07-04,walk-in,completed,2026-07-04 16:56
KB0006520,P-000499,KH-DAL-02,Dallas,2026-07-14,at-home,completed,2026-07-14 21:45
KB0007275,P-001680,KH-PHX-03,Phoenix,2026-07-25,phone,completed,2026-07-25 10:07
KB0011380,P-002197,KH-PHX-01,Phoenix,2026-09-26,online,completed,2026-09-26 18:59
KB0006096,P-002199,KH-PHX-01,Phoenix,2026-07-07,online,completed,2026-07-07 11:26
KB0002924,P-006446,KH-PHI-02,Philadelphia,2026-05-17,online,completed,2026-05-17 16:30
KB0005489,P-002787,KH-NYC-01,New York,2026-06-27,,completed,2026-06-27 14:07
KB0001936,P-000628,KH-DAL-01,Dallas,2026-05-02,walk-in,completed,2026-05-02 12:30
KB0006292,P-002176,KH-PHX-01,Phoenix,2026-07-10,walk-in,completed,2026-07-10 16:12
KB0003592,P-003458,KH-NYC-03,New York,2026-05-28,online,completed,2026-05-28 08:21
KB0002008,P-001231,KH-DAL-02,Dallas,2026-05-03,walk-in,completed,2026-05-03 18:32
KB0004932,P-004724,KH-CHI-02,Chicago,2026-06-18,walk-in,completed,2026-06-18 12:53
KB0011257,P-002727,KH-NYC-03,New York,2026-09-24,walk-in,completed,2026-09-24 16:27
KB0001412,P-002343,KH-PHX-01,Phoenix,2026-04-23,walk-in,completed,2026-04-23 17:29
KB0005752,P-006124,KH-PHI-01,Philadelphia,2026-07-01,online,completed,2026-07-01 14:35
KB0005790,P-003744,KH-NYC-03,New York,2026-07-02,walk-in,completed,2026-07-02 08:47
KB0004598,P-001971,KH-PHX-01,Phoenix,2026-06-13,walk-in,completed,2026-06-13 13:30
KB0007884,P-001491,KH-PHX-01,Phoenix,2026-08-04,at-home,completed,2026-08-04 10:40
KB0002824,P-000994,KH-DAL-03,Dallas,2026-05-16,walk-in,completed,2026-05-16 18:07
KB0004724,P-004300,KH-CHI-01,Chicago,2026-06-15,online,completed,2026-06-15 14:47
KB0006225,P-001264,KH-PHX-02,Phoenix,2026-07-09,at-home,completed,2026-07-09 12:45
KB0005759,P-000858,KH-DAL-01,Dallas,2026-07-02,at-home,completed,2026-07-02 14:46
KB0002060,P-001074,KH-DAL-01,Dallas,2026-05-04,online,completed,2026-05-04 17:55
KB0000578,P-004926,KH-CHI-03,Chicago,2026-04-09,online,completed,2026-04-09 16:50
KB0005619,P-005089,KH-ATL-02,Atlanta,2026-06-29,walk-in,completed,2026-06-29 15:45
KB0004528,P-001404,KH-PHX-01,Phoenix,2026-06-12,walk-in,completed,2026-06-12 15:41
KB0002134,P-000382,KH-DAL-02,Dallas,2026-05-05,walk-in,completed,2026-05-05 16:59
KB0011292,P-000887,KH-DAL-02,Dallas,2026-09-25,walk-in,completed,2026-09-25 15:05
KB0008038,P-005244,KH-ATL-01,Atlanta,2026-08-06,phone,completed,2026-08-06 19:42
KB0008772,P-001035,KH-DAL-03,Dallas,2026-08-18,at-home,cancelled,2026-08-18 12:36
KB0000033,P-003865,KH-NYC-03,New York,2026-04-01,walk-in,completed,2026-04-01 14:19
KB0008176,P-005516,KH-ATL-02,Atlanta,2026-08-08,online,completed,2026-08-08 17:25
KB0008165,P-004722,KH-CHI-02,Chicago,2026-08-08,walk-in,completed,2026-08-08 14:03
KB0005390,P-000719,KH-DAL-01,Dallas,2026-06-26,online,completed,2026-06-26 17:48
KB0005903,P-000878,KH-DAL-01,Dallas,2026-07-04,walk-in,completed,2026-07-04 12:52
KB0009572,P-001539,KH-PHX-03,Phoenix,2026-08-30,phone,completed,2026-08-30 09:42
KB0006136,P-000118,KH-DAL-03,Dallas,2026-07-08,walk-in,completed,2026-07-08 11:14
KB0004146,P-001088,KH-DAL-01,Dallas,2026-06-06,walk-in,completed,2026-06-06 19:03
KB0005159,P-001550,KH-PHX-03,Phoenix,2026-06-22,online,completed,2026-06-22 16:39
KB0005463,P-002393,KH-PHX-03,Phoenix,2026-06-27,walk-in,completed,2026-06-27 09:23
KB0004790,P-003034,KH-NYC-01,New York,2026-06-16,phone,completed,2026-06-16 19:56
KB0000982,P-001375,KH-PHX-01,Phoenix,2026-04-16,online,cancelled,2026-04-16 17:03
KB0007439,P-001842,KH-PHX-02,Phoenix,2026-07-28,walk-in,completed,2026-07-28 13:21
KB0008951,P-002900,KH-NYC-02,New York,2026-08-20,at-home,cancelled,2026-08-20 08:54
KB0011368,P-000752,KH-DAL-02,Dallas,2026-09-26,walk-in,completed,2026-09-26 12:04
KB0007549,P-006382,KH-PHI-02,Philadelphia,2026-07-29,phone,completed,2026-07-29 15:34
KB0002099,P-002859,KH-NYC-01,New York,2026-05-04,walk-in,completed,2026-05-04 18:55
KB0008241,P-005855,KH-PHI-02,Philadelphia,2026-08-09,walk-in,completed,2026-08-09 10:00
KB0007685,P-001073,KH-DAL-01,Dallas,2026-08-01,phone,completed,2026-08-01 14:49
KB0010813,P-001746,KH-PHX-03,Phoenix,2026-09-18,online,completed,2026-09-18 12:33
KB0009316,P-003766,KH-NYC-01,New York,2026-08-26,,completed,2026-08-26 18:30
KB0008927,P-001597,KH-PHX-03,Phoenix,2026-08-20,walk-in,completed,2026-08-20 18:33
KB0007128,P-001250,KH-DAL-03,Dallas,2026-07-23,walk-in,completed,2026-07-23 16:16
KB0004431,P-006464,KH-PHI-02,Philadelphia,2026-06-10,online,completed,2026-06-10 16:49
KB0003847,P-005018,KH-ATL-01,Atlanta,2026-06-01,online,cancelled,2026-06-01 19:58
KB0006015,P-001947,KH-PHX-03,Phoenix,2026-07-06,phone,completed,2026-07-06 11:18
KB0005881,P-005199,KH-ATL-02,Atlanta,2026-07-03,online,completed,2026-07-03 09:35
KB0003884,P-002188,KH-PHX-01,Phoenix,2026-06-02,phone,completed,2026-06-02 11:57
KB0003672,P-005031,KH-ATL-02,Atlanta,2026-05-29,walk-in,completed,2026-05-29 16:37
KB0010346,P-000688,KH-DAL-02,Dallas,2026-09-11,online,completed,2026-09-11 09:41
KB0004756,P-000267,KH-DAL-02,Dallas,2026-06-16,walk-in,completed,2026-06-16 16:45
KB0008840,P-001115,KH-DAL-03,Dallas,2026-08-19,walk-in,completed,2026-08-19 09:53
KB0000234,P-000029,KH-DAL-01,Dallas,2026-04-04,online,completed,2026-04-04 15:12
KB0001756,P-000732,KH-DAL-01,Dallas,2026-04-29,walk-in,completed,2026-04-29 16:52
KB0010136,P-006065,KH-PHI-03,Philadelphia,2026-09-07,walk-in,completed,2026-09-07 14:46
KB0010073,P-000074,KH-DAL-02,Dallas,2026-09-07,online,completed,2026-09-07 09:52
KB0006422,P-002093,KH-PHX-03,Phoenix,2026-07-12,at-home,completed,2026-07-12 19:26
KB0008906,P-000338,KH-DAL-02,Dallas,2026-08-20,online,completed,2026-08-20 18:02
KB0003179,P-000913,KH-DAL-02,Dallas,2026-05-22,online,completed,2026-05-22 10:07
KB0005462,P-002439,KH-PHX-03,Phoenix,2026-06-27,online,completed,2026-06-27 15:58
KB0004220,P-003519,KH-NYC-02,New York,2026-06-07,online,completed,2026-06-07 12:21
KB0002458,P-000361,KH-DAL-03,Dallas,2026-05-10,at-home,completed,2026-05-10 18:08
KB0011391,P-002333,KH-PHX-03,Phoenix,2026-09-26,walk-in,completed,2026-09-26 08:54
KB0001003,P-003560,KH-NYC-03,New York,2026-04-16,online,completed,2026-04-16 16:36
KB0011365,P-000281,KH-DAL-03,Dallas,2026-09-26,walk-in,completed,2026-09-26 18:51
KB0011316,P-001864,KH-PHX-03,Phoenix,2026-09-25,online,completed,2026-09-25 09:09
KB0006678,P-001752,KH-PHX-02,Phoenix,2026-07-16,phone,completed,2026-07-16 21:45
KB0002438,P-006486,KH-PHI-03,Philadelphia,2026-05-09,online,completed,2026-05-09 16:24
KB0002533,P-003638,KH-NYC-01,New York,2026-05-11,walk-in,cancelled,2026-05-11 15:20
KB0002859,P-003103,KH-NYC-01,New York,2026-05-16,at-home,completed,2026-05-16 13:46
KB0007224,P-002518,KH-NYC-03,New York,2026-07-24,online,completed,2026-07-24 13:10
KB0010788,P-005179,KH-ATL-02,Atlanta,2026-09-17,at-home,completed,2026-09-17 08:29
KB0006017,P-002121,KH-PHX-01,Phoenix,2026-07-06,phone,completed,2026-07-06 18:12
KB0009670,P-006135,KH-PHI-02,Philadelphia,2026-08-31,walk-in,completed,2026-08-31 08:18
KB0009819,P-001034,KH-DAL-01,Dallas,2026-09-03,walk-in,completed,2026-09-03 14:16
KB0007896,P-003563,KH-NYC-03,New York,2026-08-04,online,completed,2026-08-04 15:52
KB0011606,P-005442,KH-ATL-01,Atlanta,2026-09-29,online,completed,2026-09-29 16:49
KB0009587,P-004732,KH-CHI-01,Chicago,2026-08-30,walk-in,completed,2026-08-30 11:30
KB0003775,P-003681,KH-NYC-03,New York,2026-05-31,walk-in,completed,2026-05-31 10:52
KB0009687,P-000043,KH-DAL-03,Dallas,2026-09-01,walk-in,completed,2026-09-01 12:55
KB0004201,P-000620,KH-DAL-02,Dallas,2026-06-07,online,completed,2026-06-07 14:45
KB0002427,P-003952,KH-CHI-03,Chicago,2026-05-09,walk-in,completed,2026-05-09 15:44
KB0007450,P-001697,KH-PHX-03,Phoenix,2026-07-28,walk-in,completed,2026-07-28 19:47
KB0005044,P-003771,KH-NYC-02,New York,2026-06-20,phone,completed,2026-06-20 16:37
KB0003708,P-002118,KH-PHX-02,Phoenix,2026-05-30,online,completed,2026-05-30 09:26
KB0006918,P-000992,KH-DAL-02,Dallas,2026-07-20,walk-in,completed,2026-07-20 21:45
KB0003153,P-004623,KH-CHI-01,Chicago,2026-05-21,at-home,completed,2026-05-21 08:30
KB0009854,P-004273,KH-CHI-03,Chicago,2026-09-03,online,completed,2026-09-03 10:36
KB0006819,P-001299,KH-PHX-03,Phoenix,2026-07-18,walk-in,completed,2026-07-18 11:45
KB0007083,P-002510,KH-NYC-03,New York,2026-07-22,at-home,completed,2026-07-22 08:12
KB0001152,P-004243,KH-CHI-01,Chicago,2026-04-18,walk-in,completed,2026-04-18 17:41
KB0008908,P-000833,KH-DAL-03,Dallas,2026-08-20,online,completed,2026-08-20 18:55
KB0008722,P-001277,KH-PHX-03,Phoenix,2026-08-17,at-home,completed,2026-08-17 11:13
KB0000432,P-001685,KH-PHX-02,Phoenix,2026-04-07,online,completed,2026-04-07 14:53
KB0007089,P-002681,KH-NYC-03,New York,2026-07-22,online,completed,2026-07-22 16:22
KB0010785,P-005025,KH-ATL-01,Atlanta,2026-09-17,at-home,completed,2026-09-17 14:46
KB0011121,P-005704,KH-ATL-02,Atlanta,2026-09-22,at-home,completed,2026-09-22 17:33
KB0006196,P-005255,KH-ATL-02,Atlanta,2026-07-08,at-home,completed,2026-07-08 09:05
KB0006326,P-005472,KH-ATL-02,Atlanta,2026-07-10,walk-in,completed,2026-07-10 14:49
KB0000232,P-000795,KH-DAL-03,Dallas,2026-04-04,phone,completed,2026-04-04 17:20
KB0009780,P-003095,KH-NYC-01,New York,2026-09-02,walk-in,completed,2026-09-02 15:38
KB0007563,P-000018,KH-DAL-02,Dallas,2026-07-30,walk-in,completed,2026-07-30 15:26
KB0005165,P-002769,KH-NYC-01,New York,2026-06-22,walk-in,completed,2026-06-22 17:37
KB0000781,P-000497,KH-DAL-01,Dallas,2026-04-13,online,completed,2026-04-13 09:16
KB0011624,P-001069,KH-DAL-02,Dallas,2026-09-30,online,completed,2026-09-30 12:56
KB0004408,P-003038,KH-NYC-01,New York,2026-06-10,at-home,completed,2026-06-10 08:12
KB0000255,P-003055,KH-NYC-03,New York,2026-04-04,online,completed,2026-04-04 09:48
KB0004254,P-002374,KH-PHX-02,Phoenix,2026-06-08,online,completed,2026-06-08 18:46
KB0000888,P-005625,KH-ATL-02,Atlanta,2026-04-14,phone,completed,2026-04-14 14:22
KB0011556,P-000063,KH-DAL-01,Dallas,2026-09-29,walk-in,cancelled,2026-09-29 14:37
KB0002421,P-004039,KH-CHI-03,Chicago,2026-05-09,walk-in,completed,2026-05-09 10:42
KB0000809,P-004445,KH-CHI-02,Chicago,2026-04-13,walk-in,completed,2026-04-13 17:07
KB0005333,P-001224,KH-DAL-02,Dallas,2026-06-25,online,completed,2026-06-25 16:44
KB0003324,P-002382,KH-PHX-02,Phoenix,2026-05-24,walk-in,completed,2026-05-24 15:44
KB0008649,P-006027,KH-PHI-03,Philadelphia,2026-08-15,online,completed,2026-08-15 16:05
KB0002313,P-006145,KH-PHI-02,Philadelphia,2026-05-07,walk-in,completed,2026-05-07 08:09
KB0001804,P-005985,KH-PHI-02,Philadelphia,2026-04-29,online,completed,2026-04-29 17:30
KB0007485,P-006148,KH-PHI-02,Philadelphia,2026-07-28,walk-in,completed,2026-07-28 12:20
KB0003624,P-006104,KH-PHI-01,Philadelphia,2026-05-28,walk-in,completed,2026-05-28 08:58
KB0005700,P-000199,KH-DAL-02,Dallas,2026-07-01,walk-in,completed,2026-07-01 18:18
KB0003715,P-002794,KH-NYC-01,New York,2026-05-30,walk-in,completed,2026-05-30 13:21
KB0003032,P-003898,KH-NYC-03,New York,2026-05-19,online,completed,2026-05-19 17:11
KB0009436,P-002155,KH-PHX-03,Phoenix,2026-08-28,walk-in,cancelled,2026-08-28 19:30
KB0008878,P-003204,KH-NYC-02,New York,2026-08-19,walk-in,completed,2026-08-19 10:44
KB0011351,P-004994,KH-ATL-01,Atlanta,2026-09-25,walk-in,completed,2026-09-25 15:15
KB0000839,P-000258,KH-DAL-02,Dallas,2026-04-14,phone,completed,2026-04-14 13:43
KB0003299,P-005654,KH-ATL-01,Atlanta,2026-05-23,walk-in,completed,2026-05-23 16:57
KB0010062,P-005275,KH-ATL-02,Atlanta,2026-09-06,walk-in,completed,2026-09-06 09:58
KB0009047,P-005907,KH-PHI-03,Philadelphia,2026-08-21,walk-in,cancelled,2026-08-21 09:24
KB0004231,P-006477,KH-PHI-03,Philadelphia,2026-06-07,online,cancelled,2026-06-07 08:06
KB0007400,P-002729,KH-NYC-01,New York,2026-07-27,online,completed,2026-07-27 16:02
KB0010107,P-002810,KH-NYC-03,New York,2026-09-07,at-home,completed,2026-09-07 15:48
KB0001840,P-002721,KH-NYC-01,New York,2026-04-30,phone,completed,2026-04-30 09:53
KB0006239,P-002708,KH-NYC-02,New York,2026-07-09,online,completed,2026-07-09 12:47
KB0008468,P-001347,KH-PHX-03,Phoenix,2026-08-13,at-home,completed,2026-08-13 14:11
KB0008570,P-005349,KH-ATL-02,Atlanta,2026-08-14,walk-in,completed,2026-08-14 18:06
KB0009643,P-003948,KH-NYC-03,New York,2026-08-31,walk-in,completed,2026-08-31 11:50
KB0010648,P-005230,KH-ATL-02,Atlanta,2026-09-15,walk-in,completed,2026-09-15 10:32
KB0010584,P-005364,KH-ATL-01,Atlanta,2026-09-14,online,completed,2026-09-14 19:52
KB0008326,P-002193,KH-PHX-03,Phoenix,2026-08-11,online,cancelled,2026-08-11 19:06
KB0003184,P-000267,KH-DAL-01,Dallas,2026-05-22,phone,completed,2026-05-22 15:59
KB0008438,P-006062,KH-PHI-03,Philadelphia,2026-08-12,walk-in,completed,2026-08-12 09:37
KB0008970,P-005517,KH-ATL-03,Atlanta,2026-08-20,online,completed,2026-08-20 16:25
KB0009835,P-002591,KH-NYC-01,New York,2026-09-03,walk-in,completed,2026-09-03 19:06
KB0007378,P-000071,KH-DAL-02,Dallas,2026-07-27,walk-in,completed,2026-07-27 11:14
KB0003335,P-003892,KH-NYC-03,New York,2026-05-24,walk-in,completed,2026-05-24 09:29
KB0005430,P-004156,KH-CHI-03,Chicago,2026-06-26,online,completed,2026-06-26 10:43
KB0004147,P-001334,KH-PHX-03,Phoenix,2026-06-06,walk-in,completed,2026-06-06 16:05
KB0010664,P-000701,KH-DAL-03,Dallas,2026-09-16,phone,completed,2026-09-16 15:11
KB0004965,P-000387,KH-DAL-01,Dallas,2026-06-19,phone,completed,2026-06-19 08:57
KB0011089,P-001860,KH-PHX-02,Phoenix,2026-09-22,walk-in,completed,2026-09-22 09:51
KB0003864,P-006518,KH-PHI-02,Philadelphia,2026-06-01,online,completed,2026-06-01 17:22
KB0003095,P-003598,KH-NYC-02,New York,2026-05-20,online,completed,2026-05-20 13:24
KB0009198,P-004000,KH-CHI-02,Chicago,2026-08-24,walk-in,completed,2026-08-24 12:44
KB0002132,P-000507,KH-DAL-02,Dallas,2026-05-05,walk-in,completed,2026-05-05 16:49
KB0007466,P-004062,KH-CHI-02,Chicago,2026-07-28,walk-in,completed,2026-07-28 13:17
KB0000875,P-004736,KH-CHI-02,Chicago,2026-04-14,phone,completed,2026-04-14 14:23
KB0009271,P-005551,KH-ATL-01,Atlanta,2026-08-25,phone,cancelled,2026-08-25 10:03
KB0006867,P-001206,KH-DAL-03,Dallas,2026-07-19,online,completed,2026-07-19 18:19
KB0004002,P-006446,KH-PHI-01,Philadelphia,2026-06-03,at-home,completed,2026-06-03 19:25
KB0008889,P-004546,KH-CHI-01,Chicago,2026-08-19,walk-in,completed,2026-08-19 13:05
KB0003523,P-002552,KH-NYC-01,New York,2026-05-27,walk-in,completed,2026-05-27 18:23
KB0000679,P-001251,KH-PHX-03,Phoenix,2026-04-11,walk-in,completed,2026-04-11 12:57
KB0004471,P-003355,KH-NYC-03,New York,2026-06-11,walk-in,completed,2026-06-11 13:39
KB0002984,P-005162,KH-ATL-02,Atlanta,2026-05-18,phone,completed,2026-05-18 10:04
KB0004447,P-000695,KH-DAL-02,Dallas,2026-06-11,walk-in,completed,2026-06-11 12:17
KB0003576,P-001826,KH-PHX-03,Phoenix,2026-05-28,online,completed,2026-05-28 11:06
KB0005592,P-001320,KH-PHX-03,Phoenix,2026-06-29,walk-in,completed,2026-06-29 15:12
KB0006786,P-005099,KH-ATL-01,Atlanta,2026-07-17,walk-in,completed,2026-07-17 13:46
KB0006564,P-004303,KH-CHI-02,Chicago,2026-07-14,walk-in,completed,2026-07-14 17:20
KB0004635,P-005446,KH-ATL-01,Atlanta,2026-06-13,phone,completed,2026-06-13 11:27
KB0001394,P-006015,KH-PHI-02,Philadelphia,2026-04-22,phone,completed,2026-04-22 08:45
KB0011436,P-000263,KH-DAL-03,Dallas,2026-09-27,online,completed,2026-09-27 19:33
KB0007146,P-002296,KH-PHX-01,Phoenix,2026-07-23,walk-in,completed,2026-07-23 17:38
KB0006214,P-000648,KH-DAL-01,Dallas,2026-07-09,online,completed,2026-07-09 14:47
KB0011265,P-005402,KH-ATL-02,Atlanta,2026-09-24,phone,completed,2026-09-24 11:19
KB0007686,P-000258,KH-DAL-01,Dallas,2026-08-01,,completed,2026-08-01 14:36
KB0009917,P-003627,KH-NYC-01,New York,2026-09-04,walk-in,completed,2026-09-04 09:38
KB0003295,P-005174,KH-ATL-02,Atlanta,2026-05-23,walk-in,completed,2026-05-23 14:48
KB0003459,P-004315,KH-CHI-03,Chicago,2026-05-26,online,completed,2026-05-26 19:44
KB0002714,P-002916,KH-NYC-01,New York,2026-05-14,phone,completed,2026-05-14 12:39
KB0000682,P-002253,KH-PHX-03,Phoenix,2026-04-11,at-home,completed,2026-04-11 15:06
KB0004097,P-003446,KH-NYC-02,New York,2026-06-05,phone,completed,2026-06-05 08:47
KB0009767,P-002008,KH-PHX-03,Phoenix,2026-09-02,walk-in,completed,2026-09-02 18:52
KB0009759,P-001476,KH-PHX-02,Phoenix,2026-09-02,phone,completed,2026-09-02 10:52
KB0004953,P-000906,KH-DAL-02,Dallas,2026-06-19,walk-in,completed,2026-06-19 11:33
KB0004835,P-000138,KH-DAL-01,Dallas,2026-06-17,online,completed,2026-06-17 17:31
KB0004510,P-001034,KH-DAL-01,Dallas,2026-06-12,online,completed,2026-06-12 13:50
KB0009790,P-005067,KH-ATL-01,Atlanta,2026-09-02,at-home,completed,2026-09-02 17:01
KB0000835,P-005961,KH-PHI-02,Philadelphia,2026-04-13,online,completed,2026-04-13 14:36
KB0001083,P-004587,KH-CHI-02,Chicago,2026-04-17,walk-in,completed,2026-04-17 09:50
KB0011182,P-003318,KH-NYC-02,New York,2026-09-23,online,completed,2026-09-23 19:54
KB0002184,P-004629,KH-CHI-01,Chicago,2026-05-05,walk-in,completed,2026-05-05 14:48
KB0011291,P-000773,KH-DAL-01,Dallas,2026-09-25,at-home,completed,2026-09-25 09:24
KB0003954,P-002293,KH-PHX-01,Phoenix,2026-06-03,online,completed,2026-06-03 10:00
KB0001983,P-005491,KH-ATL-02,Atlanta,2026-05-02,phone,completed,2026-05-02 10:58
KB0010185,P-004350,KH-CHI-01,Chicago,2026-09-08,walk-in,completed,2026-09-08 18:36
KB0002407,P-003272,KH-NYC-03,New York,2026-05-09,phone,completed,2026-05-09 19:35
KB0009254,P-002694,KH-NYC-03,New York,2026-08-25,walk-in,completed,2026-08-25 15:56
KB0005136,P-000945,KH-DAL-01,Dallas,2026-06-22,online,completed,2026-06-22 13:44
KB0004170,P-004485,KH-CHI-03,Chicago,2026-06-06,at-home,completed,2026-06-06 08:26
KB0011324,P-002708,KH-NYC-02,New York,2026-09-25,online,completed,2026-09-25 13:35
KB0001226,P-001314,KH-PHX-03,Phoenix,2026-04-20,online,completed,2026-04-20 17:12
KB0001039,P-000128,KH-DAL-02,Dallas,2026-04-17,phone,completed,2026-04-17 11:52
KB0007880,P-001956,KH-PHX-01,Phoenix,2026-08-04,online,completed,2026-08-04 12:07
KB0004291,P-005128,KH-ATL-01,Atlanta,2026-06-08,walk-in,completed,2026-06-08 10:04
KB0006832,P-004468,KH-CHI-02,Chicago,2026-07-18,online,completed,2026-07-18 09:38
KB0009871,P-006557,KH-PHI-02,Philadelphia,2026-09-03,phone,completed,2026-09-03 18:05
KB0005172,P-003694,KH-NYC-03,New York,2026-06-22,online,completed,2026-06-22 16:52
KB0001776,P-003900,KH-NYC-01,New York,2026-04-29,online,completed,2026-04-29 19:42
KB0007541,P-005413,KH-ATL-02,Atlanta,2026-07-29,walk-in,completed,2026-07-29 15:06
KB0003588,P-003535,KH-NYC-03,New York,2026-05-28,walk-in,completed,2026-05-28 14:22
KB0008650,P-000809,KH-DAL-03,Dallas,2026-08-16,at-home,completed,2026-08-16 12:21
KB0003823,P-001600,KH-PHX-02,Phoenix,2026-06-01,phone,completed,2026-06-01 10:12
KB0002277,P-001970,KH-PHX-03,Phoenix,2026-05-07,at-home,completed,2026-05-07 08:14
KB0000567,P-003180,KH-NYC-02,New York,2026-04-09,walk-in,completed,2026-04-09 15:05
KB0004624,P-004672,KH-CHI-03,Chicago,2026-06-13,walk-in,completed,2026-06-13 15:02
KB0008503,P-006575,KH-PHI-01,Philadelphia,2026-08-13,walk-in,completed,2026-08-13 21:45
KB0001278,P-000746,KH-DAL-02,Dallas,2026-04-21,,completed,2026-04-21 18:38
KB0000698,P-003106,KH-NYC-02,New York,2026-04-11,walk-in,completed,2026-04-11 11:45
KB0005495,P-005164,KH-ATL-01,Atlanta,2026-06-27,online,completed,2026-06-27 10:37
KB0002413,P-002601,KH-NYC-01,New York,2026-05-09,walk-in,completed,2026-05-09 19:13
KB0005880,P-005126,KH-ATL-03,Atlanta,2026-07-03,phone,completed,2026-07-03 17:54
KB0009984,P-003354,KH-NYC-01,New York,2026-09-05,walk-in,completed,2026-09-05 11:17
KB0001425,P-003011,KH-NYC-01,New York,2026-04-23,online,completed,2026-04-23 19:46
KB0011605,P-005541,KH-ATL-01,Atlanta,2026-09-29,phone,completed,2026-09-29 13:26
KB0003309,P-006124,KH-PHI-02,Philadelphia,2026-05-23,online,completed,2026-05-23 17:54
KB0009210,P-005737,KH-ATL-01,Atlanta,2026-08-24,at-home,completed,2026-08-24 09:55
KB0009370,P-001539,KH-PHX-02,Phoenix,2026-08-27,phone,completed,2026-08-27 12:24
KB0003143,P-002477,KH-NYC-02,New York,2026-05-21,phone,completed,2026-05-21 14:48
KB0004510,P-001034,KH-DAL-01,Dallas,2026-06-12,online,completed,2026-06-12 13:50
KB0004748,P-006066,KH-PHI-03,Philadelphia,2026-06-15,online,completed,2026-06-15 13:48
KB0010803,P-000704,KH-DAL-01,Dallas,2026-09-18,walk-in,completed,2026-09-18 15:37
KB0004938,P-005351,KH-ATL-02,Atlanta,2026-06-18,,completed,2026-06-18 19:22
KB0008263,P-001531,KH-PHX-01,Phoenix,2026-08-10,online,completed,2026-08-10 18:46
KB0002455,P-000758,KH-DAL-03,Dallas,2026-05-10,at-home,completed,2026-05-10 10:27
KB0009789,P-005465,KH-ATL-02,Atlanta,2026-09-02,online,completed,2026-09-02 13:17
KB0001174,P-001650,KH-PHX-03,Phoenix,2026-04-19,walk-in,completed,2026-04-19 11:24
KB0009690,P-000219,KH-DAL-01,Dallas,2026-09-01,online,completed,2026-09-01 16:06
KB0001019,P-004800,KH-CHI-02,Chicago,2026-04-16,walk-in,completed,2026-04-16 15:00
KB0010870,P-000669,KH-DAL-01,Dallas,2026-09-19,phone,completed,2026-09-19 11:20
KB0006811,P-001603,KH-PHX-02,Phoenix,2026-07-18,at-home,completed,2026-07-18 14:57
KB0003303,P-005442,KH-ATL-02,Atlanta,2026-05-23,walk-in,completed,2026-05-23 15:08
KB0000629,P-003022,KH-NYC-03,New York,2026-04-10,phone,completed,2026-04-10 10:54
KB0011670,P-003925,KH-NYC-03,New York,2026-09-30,walk-in,completed,2026-09-30 10:10
KB0002962,P-001347,KH-PHX-02,Phoenix,2026-05-18,walk-in,completed,2026-05-18 11:43
KB0001397,P-000371,KH-DAL-01,Dallas,2026-04-23,at-home,completed,2026-04-23 15:18
KB0010997,P-000036,KH-DAL-03,Dallas,2026-09-21,walk-in,completed,2026-09-21 14:35
KB0003727,P-004947,KH-CHI-03,Chicago,2026-05-30,online,completed,2026-05-30 17:05
KB0003953,P-001911,KH-PHX-01,Phoenix,2026-06-03,walk-in,completed,2026-06-03 10:00
KB0011222,P-000818,KH-DAL-03,Dallas,2026-09-24,online,completed,2026-09-24 15:13
KB0004102,P-002719,KH-NYC-02,New York,2026-06-05,phone,completed,2026-06-05 19:05
KB0002688,P-000477,KH-DAL-01,Dallas,2026-05-14,phone,completed,2026-05-14 19:35
KB0010056,P-005364,KH-ATL-02,Atlanta,2026-09-06,online,completed,2026-09-06 12:48
KB0006432,P-002721,KH-NYC-01,New York,2026-07-12,walk-in,completed,2026-07-12 09:25
KB0006455,P-000706,KH-DAL-03,Dallas,2026-07-13,walk-in,completed,2026-07-13 17:49
KB0001602,P-003475,KH-NYC-02,New York,2026-04-26,walk-in,completed,2026-04-26 17:42
KB0007017,P-002980,KH-NYC-02,New York,2026-07-21,online,completed,2026-07-21 11:59
KB0005279,P-001814,KH-PHX-01,Phoenix,2026-06-24,online,completed,2026-06-24 12:00
KB0005745,P-004998,KH-ATL-02,Atlanta,2026-07-01,walk-in,completed,2026-07-01 18:13
KB0009053,P-000414,KH-DAL-01,Dallas,2026-08-22,at-home,completed,2026-08-22 17:43
KB0002755,P-000801,KH-DAL-01,Dallas,2026-05-15,walk-in,completed,2026-05-15 10:32
KB0002901,P-001635,KH-PHX-01,Phoenix,2026-05-17,online,completed,2026-05-17 10:39
KB0007919,P-005119,KH-ATL-01,Atlanta,2026-08-04,walk-in,completed,2026-08-04 12:34
KB0005477,P-003794,KH-NYC-01,New York,2026-06-27,phone,completed,2026-06-27 19:56
KB0009207,P-005196,KH-ATL-01,Atlanta,2026-08-24,online,completed,2026-08-24 16:04
KB0007247,P-005948,KH-PHI-03,Philadelphia,2026-07-24,walk-in,completed,2026-07-24 18:43
KB0001591,P-002038,KH-PHX-02,Phoenix,2026-04-26,walk-in,completed,2026-04-26 09:33
KB0004326,P-002385,KH-PHX-02,Phoenix,2026-06-09,walk-in,completed,2026-06-09 15:50
KB0002120,P-005639,KH-ATL-02,Atlanta,2026-05-04,phone,completed,2026-05-04 19:53
KB0000573,P-004463,KH-CHI-03,Chicago,2026-04-09,walk-in,completed,2026-04-09 12:10
KB0000949,P-004863,KH-CHI-03,Chicago,2026-04-15,walk-in,completed,2026-04-15 11:53
KB0001769,P-003092,KH-NYC-01,New York,2026-04-29,online,completed,2026-04-29 10:57
KB0007333,P-000858,KH-DAL-02,Dallas,2026-07-26,at-home,completed,2026-07-26 14:57
KB0011258,P-002870,KH-NYC-03,New York,2026-09-24,walk-in,completed,2026-09-24 19:12
KB0009811,P-000618,KH-DAL-01,Dallas,2026-09-03,walk-in,completed,2026-09-03 12:16
KB0003382,P-003701,KH-NYC-03,New York,2026-05-25,online,completed,2026-05-25 14:47
KB0009431,P-002221,KH-PHX-01,Phoenix,2026-08-28,phone,completed,2026-08-28 08:12
KB0006721,P-000320,KH-DAL-01,Dallas,2026-07-17,walk-in,completed,2026-07-17 11:11
KB0002741,P-006677,KH-PHI-02,Philadelphia,2026-05-14,online,completed,2026-05-14 10:12
KB0008499,P-005143,KH-ATL-02,Atlanta,2026-08-13,at-home,completed,2026-08-13 19:13
KB0008210,P-002173,KH-PHX-03,Phoenix,2026-08-09,online,completed,2026-08-09 17:36
KB0004470,P-001800,KH-PHX-02,Phoenix,2026-06-11,walk-in,completed,2026-06-11 08:28
KB0010710,P-005090,KH-ATL-01,Atlanta,2026-09-16,walk-in,completed,2026-09-16 10:10
KB0007948,P-001780,KH-PHX-02,Phoenix,2026-08-05,walk-in,completed,2026-08-05 18:04
KB0003495,P-001800,KH-PHX-03,Phoenix,2026-05-27,walk-in,completed,2026-05-27 14:39
KB0008659,P-001089,KH-DAL-02,Dallas,2026-08-16,walk-in,completed,2026-08-16 16:41
KB0006400,P-005933,KH-PHI-02,Philadelphia,2026-07-11,at-home,completed,2026-07-11 10:45
KB0000253,P-002616,KH-NYC-03,New York,2026-04-04,phone,cancelled,2026-04-04 17:12
KB0010109,P-003686,KH-NYC-02,New York,2026-09-07,walk-in,completed,2026-09-07 11:31
KB0005274,P-001565,KH-PHX-03,Phoenix,2026-06-24,online,completed,2026-06-24 14:01
KB0008939,P-003123,KH-NYC-01,New York,2026-08-20,at-home,completed,2026-08-20 16:09
KB0001366,P-003782,KH-NYC-03,New York,2026-04-22,walk-in,completed,2026-04-22 18:06
KB0004512,P-000142,KH-DAL-02,Dallas,2026-06-12,online,completed,2026-06-12 10:28
KB0004562,P-005234,KH-ATL-01,Atlanta,2026-06-12,walk-in,completed,2026-06-12 16:41
KB0001956,P-001529,KH-PHX-01,Phoenix,2026-05-02,walk-in,completed,2026-05-02 17:57
KB0002349,P-002578,KH-NYC-03,New York,2026-05-08,at-home,completed,2026-05-08 08:55
KB0010685,P-003001,KH-NYC-01,New York,2026-09-16,walk-in,completed,2026-09-16 16:35
KB0003471,P-005593,KH-ATL-02,Atlanta,2026-05-26,phone,completed,2026-05-26 17:05
KB0006332,P-006279,KH-PHI-02,Philadelphia,2026-07-10,walk-in,completed,2026-07-10 12:27
KB0008990,P-000163,KH-DAL-03,Dallas,2026-08-21,walk-in,completed,2026-08-21 10:39
KB0008215,P-003269,KH-NYC-03,New York,2026-08-09,at-home,completed,2026-08-09 13:01
KB0007493,P-000362,KH-DAL-02,Dallas,2026-07-29,walk-in,completed,2026-07-29 18:12
KB0004831,P-000728,KH-DAL-03,Dallas,2026-06-17,walk-in,completed,2026-06-17 16:53
KB0009714,P-002455,KH-NYC-01,New York,2026-09-01,online,completed,2026-09-01 16:59
KB0009938,P-005725,KH-ATL-01,Atlanta,2026-09-04,walk-in,completed,2026-09-04 13:16
KB0005228,P-003503,KH-NYC-02,New York,2026-06-23,phone,completed,2026-06-23 16:39
KB0004688,P-000535,KH-DAL-01,Dallas,2026-06-15,online,completed,2026-06-15 19:26
KB0000791,P-002393,KH-PHX-01,Phoenix,2026-04-13,at-home,completed,2026-04-13 12:25
KB0008194,P-000378,KH-DAL-02,Dallas,2026-08-09,online,completed,2026-08-09 17:04
KB0004264,P-002342,KH-PHX-01,Phoenix,2026-06-08,online,completed,2026-06-08 17:03
KB0002174,P-002915,KH-NYC-03,New York,2026-05-05,walk-in,completed,2026-05-05 12:59
KB0007808,P-000973,KH-DAL-02,Dallas,2026-08-03,walk-in,completed,2026-08-03 10:36
KB0002007,P-000004,KH-DAL-01,Dallas,2026-05-03,walk-in,completed,2026-05-03 15:54
KB0004740,P-005170,KH-ATL-01,Atlanta,2026-06-15,walk-in,completed,2026-06-15 11:46
KB0004736,P-005526,KH-ATL-03,Atlanta,2026-06-15,online,completed,2026-06-15 12:42
KB0008747,P-004727,KH-CHI-01,Chicago,2026-08-17,walk-in,completed,2026-08-17 14:12
KB0001419,P-002086,KH-PHX-02,Phoenix,2026-04-23,phone,completed,2026-04-23 10:33
KB0005257,P-005890,KH-PHI-02,Philadelphia,2026-06-23,phone,completed,2026-06-23 18:44
KB0005128,P-005805,KH-PHI-01,Philadelphia,2026-06-21,phone,completed,2026-06-21 19:10
KB0009762,P-001895,KH-PHX-02,Phoenix,2026-09-02,walk-in,completed,2026-09-02 13:39
KB0002080,P-001807,KH-PHX-03,Phoenix,2026-05-04,online,completed,2026-05-04 17:07
KB0009689,P-000882,KH-DAL-01,Dallas,2026-09-01,online,completed,2026-09-01 19:34
KB0005398,P-000819,KH-DAL-02,Dallas,2026-06-26,walk-in,completed,2026-06-26 09:17
KB0000537,P-000048,KH-DAL-02,Dallas,2026-04-09,phone,completed,2026-04-09 15:35
KB0004514,P-001163,KH-DAL-01,Dallas,2026-06-12,at-home,completed,2026-06-12 11:39
KB0007941,P-000235,KH-DAL-03,Dallas,2026-08-05,online,completed,2026-08-05 13:22
KB0002502,P-000359,KH-DAL-02,Dallas,2026-05-11,walk-in,cancelled,2026-05-11 16:46
KB0011220,P-000489,KH-DAL-02,Dallas,2026-09-24,walk-in,completed,2026-09-24 17:47
KB0006606,P-001306,KH-PHX-01,Phoenix,2026-07-15,walk-in,completed,2026-07-15 18:53
KB0005599,P-002477,KH-NYC-02,New York,2026-06-29,walk-in,completed,2026-06-29 09:54
KB0007099,P-005704,KH-ATL-01,Atlanta,2026-07-22,walk-in,completed,2026-07-22 12:42
KB0009090,P-004027,KH-CHI-01,Chicago,2026-08-22,phone,completed,2026-08-22 19:42
KB0008154,P-002719,KH-NYC-03,New York,2026-08-08,phone,completed,2026-08-08 18:48
KB0010141,P-005844,KH-PHI-01,Philadelphia,2026-09-07,at-home,completed,2026-09-07 08:45
KB0003745,P-005794,KH-PHI-03,Philadelphia,2026-05-30,walk-in,completed,2026-05-30 18:15
KB0001386,P-006193,KH-PHI-02,Philadelphia,2026-04-22,walk-in,completed,2026-04-22 11:45
KB0007098,P-004777,KH-CHI-01,Chicago,2026-07-22,walk-in,completed,2026-07-22 14:49
KB0002040,P-004887,KH-CHI-01,Chicago,2026-05-03,at-home,completed,2026-05-03 18:21
KB0006504,P-005672,KH-ATL-02,Atlanta,2026-07-13,walk-in,completed,2026-07-13 14:51
KB0003085,P-001640,KH-PHX-03,Phoenix,2026-05-20,phone,completed,2026-05-20 17:07
KB0008199,P-002445,KH-PHX-03,Phoenix,2026-08-09,walk-in,completed,2026-08-09 16:03
KB0003356,P-006464,KH-PHI-01,Philadelphia,2026-05-24,walk-in,completed,2026-05-24 17:12
KB0001720,P-004180,KH-CHI-01,Chicago,2026-04-28,,completed,2026-04-28 18:55
KB0006351,P-000464,KH-DAL-01,Dallas,2026-07-11,walk-in,completed,2026-07-11 16:53
KB0008188,P-000441,KH-DAL-03,Dallas,2026-08-09,walk-in,completed,2026-08-09 18:33
KB0008884,P-004131,KH-CHI-01,Chicago,2026-08-19,online,completed,2026-08-19 10:32
KB0000890,P-005482,KH-ATL-01,Atlanta,2026-04-14,at-home,completed,2026-04-14 09:25
KB0003998,P-006364,KH-PHI-03,Philadelphia,2026-06-03,at-home,completed,2026-06-03 18:45
KB0000627,P-003927,KH-NYC-03,New York,2026-04-10,online,completed,2026-04-10 17:31
KB0010857,P-005693,KH-ATL-02,Atlanta,2026-09-18,walk-in,completed,2026-09-18 13:11
KB0008193,P-000253,KH-DAL-02,Dallas,2026-08-09,online,completed,2026-08-09 14:38
KB0000872,P-002785,KH-NYC-03,New York,2026-04-14,online,completed,2026-04-14 14:49
KB0002511,P-001277,KH-PHX-01,Phoenix,2026-05-11,walk-in,cancelled,2026-05-11 15:26
KB0010703,P-005481,KH-ATL-02,Atlanta,2026-09-16,walk-in,completed,2026-09-16 19:38
KB0000327,P-004851,KH-CHI-03,Chicago,2026-04-05,walk-in,completed,2026-04-05 13:48
KB0001758,P-002362,KH-PHX-01,Phoenix,2026-04-29,at-home,completed,2026-04-29 14:34
KB0010063,P-005396,KH-ATL-03,Atlanta,2026-09-06,online,completed,2026-09-06 11:14
KB0009068,P-001961,KH-PHX-02,Phoenix,2026-08-22,online,completed,2026-08-22 19:32
KB0008299,P-005685,KH-ATL-01,Atlanta,2026-08-10,walk-in,completed,2026-08-10 19:11
KB0003666,P-004493,KH-CHI-03,Chicago,2026-05-29,phone,completed,2026-05-29 17:17
KB0008197,P-002295,KH-PHX-01,Phoenix,2026-08-09,phone,completed,2026-08-09 14:28
KB0004307,P-001240,KH-DAL-02,Dallas,2026-06-09,walk-in,completed,2026-06-09 17:42
KB0002861,P-004326,KH-CHI-01,Chicago,2026-05-16,phone,completed,2026-05-16 08:29
KB0010307,P-003383,KH-NYC-03,New York,2026-09-10,walk-in,completed,2026-09-10 13:10
KB0000343,P-001215,KH-DAL-03,Dallas,2026-04-06,walk-in,completed,2026-04-06 10:44
KB0010282,P-001575,KH-PHX-01,Phoenix,2026-09-10,walk-in,completed,2026-09-10 13:20
KB0010567,P-003746,KH-NYC-02,New York,2026-09-14,phone,completed,2026-09-14 09:02
KB0010232,P-001667,KH-PHX-01,Phoenix,2026-09-09,phone,completed,2026-09-09 14:46
KB0006301,P-003626,KH-NYC-03,New York,2026-07-10,walk-in,completed,2026-07-10 13:36
KB0011329,P-003237,KH-NYC-02,New York,2026-09-25,walk-in,completed,2026-09-25 13:20
KB0000444,P-004155,KH-CHI-02,Chicago,2026-04-07,online,completed,2026-04-07 11:24
KB0003629,P-000257,KH-DAL-02,Dallas,2026-05-29,at-home,completed,2026-05-29 11:10
KB0000728,P-000344,KH-DAL-01,Dallas,2026-04-12,online,completed,2026-04-12 19:52
KB0004158,P-002609,KH-NYC-03,New York,2026-06-06,at-home,completed,2026-06-06 11:07
KB0001927,P-000745,KH-DAL-03,Dallas,2026-05-02,walk-in,completed,2026-05-02 13:50
KB0010552,P-001600,KH-PHX-03,Phoenix,2026-09-14,,completed,2026-09-14 11:12
KB0003083,P-001550,KH-PHX-03,Phoenix,2026-05-20,walk-in,completed,2026-05-20 18:15
KB0001920,P-006236,KH-PHI-02,Philadelphia,2026-05-01,online,completed,2026-05-01 19:54
KB0005440,P-005718,KH-ATL-02,Atlanta,2026-06-26,at-home,completed,2026-06-26 15:17
KB0010904,P-001787,KH-PHX-01,Phoenix,2026-09-19,walk-in,completed,2026-09-19 14:05
KB0009334,P-005625,KH-ATL-01,Atlanta,2026-08-26,walk-in,completed,2026-08-26 16:41
KB0001843,P-004000,KH-CHI-03,Chicago,2026-04-30,phone,completed,2026-04-30 18:42
KB0003956,P-002356,KH-PHX-02,Phoenix,2026-06-03,phone,completed,2026-06-03 12:09
KB0001546,P-003772,KH-NYC-03,New York,2026-04-25,online,completed,2026-04-25 13:50
KB0006128,P-006547,KH-PHI-02,Philadelphia,2026-07-07,phone,completed,2026-07-07 12:19
KB0005113,P-004380,KH-CHI-02,Chicago,2026-06-21,at-home,completed,2026-06-21 12:19
KB0001942,P-000473,KH-DAL-03,Dallas,2026-05-02,at-home,completed,2026-05-02 08:50
KB0010985,P-005585,KH-ATL-02,Atlanta,2026-09-20,walk-in,cancelled,2026-09-20 18:03
KB0004610,P-003045,KH-NYC-03,New York,2026-06-13,online,completed,2026-06-13 15:09
KB0009848,P-004039,KH-CHI-02,Chicago,2026-09-03,online,completed,2026-09-03 15:59
KB0000479,P-001692,KH-PHX-03,Phoenix,2026-04-08,at-home,completed,2026-04-08 14:48
KB0002003,P-001223,KH-DAL-03,Dallas,2026-05-03,walk-in,completed,2026-05-03 08:21
KB0010556,P-002427,KH-PHX-01,Phoenix,2026-09-14,online,completed,2026-09-14 12:44
KB0001640,P-001791,KH-PHX-03,Phoenix,2026-04-27,walk-in,completed,2026-04-27 10:04
KB0004249,P-000986,KH-DAL-02,Dallas,2026-06-08,walk-in,completed,2026-06-08 09:50
KB0006141,P-000396,KH-DAL-02,Dallas,2026-07-08,online,completed,2026-07-08 13:54
KB0006430,P-003784,KH-NYC-01,New York,2026-07-12,walk-in,completed,2026-07-12 10:58
KB0009733,P-005047,KH-ATL-01,Atlanta,2026-09-01,walk-in,completed,2026-09-01 18:32
KB0005004,P-005484,KH-ATL-01,Atlanta,2026-06-19,walk-in,completed,2026-06-19 11:42
KB0006061,P-006382,KH-PHI-02,Philadelphia,2026-07-06,online,completed,2026-07-06 12:52
KB0009362,P-000215,KH-DAL-01,Dallas,2026-08-27,walk-in,completed,2026-08-27 13:02
KB0004752,P-000747,KH-DAL-01,Dallas,2026-06-16,online,completed,2026-06-16 11:57
KB0009382,P-002587,KH-NYC-03,New York,2026-08-27,online,completed,2026-08-27 10:37
KB0009381,P-003770,KH-NYC-01,New York,2026-08-27,online,completed,2026-08-27 14:36
KB0002111,P-004309,KH-CHI-02,Chicago,2026-05-04,walk-in,completed,2026-05-04 13:23
KB0002941,P-000008,KH-DAL-02,Dallas,2026-05-18,online,completed,2026-05-18 16:16
KB0010159,P-002024,KH-PHX-01,Phoenix,2026-09-08,phone,completed,2026-09-08 14:29
KB0000503,P-002686,KH-NYC-01,New York,2026-04-08,phone,completed,2026-04-08 13:48
KB0001606,P-004119,KH-CHI-02,Chicago,2026-04-26,walk-in,completed,2026-04-26 18:52
KB0006171,P-003174,KH-NYC-02,New York,2026-07-08,online,completed,2026-07-08 08:24
KB0002424,P-004462,KH-CHI-01,Chicago,2026-05-09,walk-in,completed,2026-05-09 13:32
KB0000661,P-001094,KH-DAL-02,Dallas,2026-04-11,online,completed,2026-04-11 18:17
KB0006669,P-002247,KH-PHX-03,Phoenix,2026-07-16,at-home,completed,2026-07-16 11:12
KB0007236,P-004279,KH-CHI-01,Chicago,2026-07-24,online,completed,2026-07-24 16:06
KB0006174,P-003731,KH-NYC-03,New York,2026-07-08,online,completed,2026-07-08 13:18
KB0008428,P-004962,KH-ATL-01,Atlanta,2026-08-12,walk-in,cancelled,2026-08-12 09:44
KB0008221,P-003061,KH-NYC-03,New York,2026-08-09,,completed,2026-08-09 16:06
KB0007657,P-005349,KH-ATL-01,Atlanta,2026-07-31,phone,completed,2026-07-31 08:54
KB0000601,P-001007,KH-DAL-02,Dallas,2026-04-10,walk-in,completed,2026-04-10 08:11
KB0010283,P-001412,KH-PHX-02,Phoenix,2026-09-10,online,completed,2026-09-10 18:11
KB0006777,P-005231,KH-ATL-01,Atlanta,2026-07-17,online,completed,2026-07-17 09:12
KB0007108,P-005212,KH-ATL-01,Atlanta,2026-07-22,walk-in,completed,2026-07-22 18:45
KB0008169,P-004392,KH-CHI-03,Chicago,2026-08-08,phone,completed,2026-08-08 15:25
KB0008675,P-003847,KH-NYC-02,New York,2026-08-16,online,completed,2026-08-16 08:39
KB0004734,P-004966,KH-ATL-01,Atlanta,2026-06-15,walk-in,completed,2026-06-15 10:39
KB0003819,P-001304,KH-PHX-01,Phoenix,2026-06-01,phone,completed,2026-06-01 17:07
KB0010998,P-000684,KH-DAL-01,Dallas,2026-09-21,online,completed,2026-09-21 18:58
KB0009703,P-001492,KH-PHX-01,Phoenix,2026-09-01,phone,completed,2026-09-01 15:02
KB0010176,P-003412,KH-NYC-01,New York,2026-09-08,online,completed,2026-09-08 15:50
KB0003074,P-002360,KH-PHX-01,Phoenix,2026-05-20,at-home,completed,2026-05-20 12:10
KB0005498,P-005012,KH-ATL-02,Atlanta,2026-06-27,walk-in,completed,2026-06-27 13:46
KB0001799,P-006236,KH-PHI-03,Philadelphia,2026-04-29,walk-in,completed,2026-04-29 12:28
KB0001979,P-004141,KH-CHI-03,Chicago,2026-05-02,at-home,completed,2026-05-02 10:46
KB0004521,P-001930,KH-PHX-03,Phoenix,2026-06-12,phone,completed,2026-06-12 18:28
KB0003687,P-000077,KH-DAL-03,Dallas,2026-05-30,online,completed,2026-05-30 13:56
KB0010674,P-000188,KH-DAL-02,Dallas,2026-09-16,walk-in,completed,2026-09-16 19:20
KB0011100,P-003760,KH-NYC-03,New York,2026-09-22,online,completed,2026-09-22 18:30
KB0007697,P-001450,KH-PHX-03,Phoenix,2026-08-01,online,completed,2026-08-01 19:35
KB0008591,P-001245,KH-DAL-02,Dallas,2026-08-15,walk-in,completed,2026-08-15 18:59
KB0007877,P-001396,KH-PHX-02,Phoenix,2026-08-04,online,completed,2026-08-04 18:26
KB0011578,P-002075,KH-PHX-01,Phoenix,2026-09-29,,completed,2026-09-29 16:48
KB0000314,P-001566,KH-PHX-03,Phoenix,2026-04-05,online,completed,2026-04-05 16:15
KB0000385,P-004254,KH-CHI-03,Chicago,2026-04-06,walk-in,completed,2026-04-06 12:22
KB0006654,P-000642,KH-DAL-02,Dallas,2026-07-16,walk-in,completed,2026-07-16 16:39
KB0003203,P-001714,KH-PHX-01,Phoenix,2026-05-22,walk-in,completed,2026-05-22 09:12
KB0002311,P-006340,KH-PHI-01,Philadelphia,2026-05-07,walk-in,completed,2026-05-07 13:45
KB0006041,P-003165,KH-NYC-03,New York,2026-07-06,online,completed,2026-07-06 10:53
KB0008307,P-005471,KH-ATL-02,Atlanta,2026-08-10,phone,completed,2026-08-10 19:28
KB0007589,P-002459,KH-NYC-01,New York,2026-07-30,walk-in,completed,2026-07-30 08:48
KB0008042,P-005418,KH-ATL-02,Atlanta,2026-08-06,walk-in,completed,2026-08-06 08:08
KB0004601,P-001638,KH-PHX-02,Phoenix,2026-06-13,walk-in,completed,2026-06-13 16:07
KB0003995,P-005358,KH-ATL-02,Atlanta,2026-06-03,walk-in,completed,2026-06-03 17:17
KB0005357,P-003838,KH-NYC-01,New York,2026-06-25,walk-in,completed,2026-06-25 15:34
KB0010405,P-006498,KH-PHI-02,Philadelphia,2026-09-11,online,completed,2026-09-11 08:23
KB0000794,P-001503,KH-PHX-01,Phoenix,2026-04-13,walk-in,completed,2026-04-13 18:11
KB0009413,P-000321,KH-DAL-02,Dallas,2026-08-28,walk-in,completed,2026-08-28 14:12
KB0004356,P-005019,KH-ATL-02,Atlanta,2026-06-09,,completed,2026-06-09 11:47
KB0010203,P-005762,KH-PHI-01,Philadelphia,2026-09-08,phone,completed,2026-09-08 09:01
KB0001027,P-005349,KH-ATL-02,Atlanta,2026-04-16,walk-in,completed,2026-04-16 16:11
KB0000751,P-003032,KH-NYC-01,New York,2026-04-12,walk-in,completed,2026-04-12 17:21
KB0004799,P-004334,KH-CHI-03,Chicago,2026-06-16,walk-in,completed,2026-06-16 15:07
KB0007050,P-000340,KH-DAL-01,Dallas,2026-07-22,walk-in,completed,2026-07-22 14:29
KB0005049,P-003446,KH-NYC-03,New York,2026-06-20,phone,completed,2026-06-20 11:07
KB0010582,P-005704,KH-ATL-02,Atlanta,2026-09-14,walk-in,completed,2026-09-14 13:22
KB0000555,P-002433,KH-PHX-01,Phoenix,2026-04-09,online,completed,2026-04-09 16:14
KB0005656,P-001937,KH-PHX-02,Phoenix,2026-06-30,phone,completed,2026-06-30 16:19
KB0008053,P-006061,KH-PHI-03,Philadelphia,2026-08-06,phone,completed,2026-08-06 16:45
KB0002910,P-003849,KH-NYC-01,New York,2026-05-17,walk-in,completed,2026-05-17 19:53
KB0008164,P-004209,KH-CHI-01,Chicago,2026-08-08,online,completed,2026-08-08 15:52
KB0005608,P-004293,KH-CHI-01,Chicago,2026-06-29,walk-in,completed,2026-06-29 12:24
KB0006636,P-004577,KH-CHI-03,Chicago,2026-07-15,walk-in,completed,2026-07-15 17:16
KB0007427,P-001222,KH-DAL-03,Dallas,2026-07-28,walk-in,completed,2026-07-28 15:32
KB0008929,P-002282,KH-PHX-02,Phoenix,2026-08-20,at-home,completed,2026-08-20 17:38
KB0000326,P-004832,KH-CHI-03,Chicago,2026-04-05,walk-in,completed,2026-04-05 13:36
KB0000373,P-002611,KH-NYC-01,New York,2026-04-06,walk-in,completed,2026-04-06 13:39
KB0010542,P-000943,KH-DAL-03,Dallas,2026-09-14,phone,completed,2026-09-14 08:45
KB0006028,P-002336,KH-PHX-02,Phoenix,2026-07-06,walk-in,completed,2026-07-06 09:03
KB0004919,P-003269,KH-NYC-02,New York,2026-06-18,walk-in,completed,2026-06-18 16:13
KB0006486,P-003502,KH-NYC-02,New York,2026-07-13,at-home,completed,2026-07-13 12:58
KB0000389,P-004283,KH-CHI-01,Chicago,2026-04-06,online,completed,2026-04-06 18:11
KB0010306,P-003171,KH-NYC-02,New York,2026-09-10,walk-in,completed,2026-09-10 19:43
KB0009637,P-002641,KH-NYC-02,New York,2026-08-31,at-home,completed,2026-08-31 15:25
KB0000823,P-005023,KH-ATL-02,Atlanta,2026-04-13,walk-in,completed,2026-04-13 16:09
KB0001880,P-001451,KH-PHX-02,Phoenix,2026-05-01,walk-in,cancelled,2026-05-01 11:04
KB0002483,P-005409,KH-ATL-01,Atlanta,2026-05-10,online,completed,2026-05-10 13:33
KB0001488,P-002929,KH-NYC-01,New York,2026-04-24,online,completed,2026-04-24 17:07
KB0011014,P-001369,KH-PHX-02,Phoenix,2026-09-21,walk-in,completed,2026-09-21 09:05
KB0003854,P-005272,KH-ATL-01,Atlanta,2026-06-01,online,completed,2026-06-01 08:41
KB0009127,P-001565,KH-PHX-02,Phoenix,2026-08-23,online,completed,2026-08-23 11:22
KB0007286,P-003415,KH-NYC-03,New York,2026-07-25,phone,completed,2026-07-25 12:14
KB0005494,P-005473,KH-ATL-02,Atlanta,2026-06-27,online,completed,2026-06-27 10:27
KB0004059,P-006298,KH-PHI-02,Philadelphia,2026-06-04,walk-in,completed,2026-06-04 11:55
KB0008635,P-005645,KH-ATL-01,Atlanta,2026-08-15,walk-in,completed,2026-08-15 08:44
KB0008922,P-002373,KH-PHX-01,Phoenix,2026-08-20,phone,completed,2026-08-20 14:33
KB0001726,P-004180,KH-CHI-02,Chicago,2026-04-28,online,completed,2026-04-28 16:34
KB0007796,P-006469,KH-PHI-03,Philadelphia,2026-08-02,walk-in,completed,2026-08-02 08:15
KB0010993,P-001009,KH-DAL-03,Dallas,2026-09-21,online,completed,2026-09-21 17:32
KB0003296,P-005209,KH-ATL-02,Atlanta,2026-05-23,walk-in,completed,2026-05-23 16:29
KB0001697,P-001580,KH-PHX-02,Phoenix,2026-04-28,walk-in,completed,2026-04-28 18:50
KB0004533,P-001565,KH-PHX-01,Phoenix,2026-06-12,walk-in,completed,2026-06-12 15:11
KB0002286,P-003505,KH-NYC-02,New York,2026-05-07,walk-in,completed,2026-05-07 09:54
KB0004760,P-000376,KH-DAL-03,Dallas,2026-06-16,,cancelled,2026-06-16 16:39
KB0003277,P-004887,KH-CHI-03,Chicago,2026-05-23,online,completed,2026-05-23 17:49
KB0010898,P-002055,KH-PHX-02,Phoenix,2026-09-19,phone,completed,2026-09-19 08:05
KB0005380,P-005451,KH-ATL-02,Atlanta,2026-06-25,at-home,completed,2026-06-25 19:52
KB0008348,P-003111,KH-NYC-02,New York,2026-08-11,walk-in,completed,2026-08-11 19:56
KB0010623,P-003515,KH-NYC-01,New York,2026-09-15,phone,completed,2026-09-15 16:33
KB0006958,P-004443,KH-CHI-02,Chicago,2026-07-20,walk-in,completed,2026-07-20 12:54
KB0004377,P-000103,KH-DAL-01,Dallas,2026-06-10,at-home,completed,2026-06-10 18:18
KB0004549,P-003141,KH-NYC-02,New York,2026-06-12,phone,completed,2026-06-12 18:21
KB0005399,P-001146,KH-DAL-02,Dallas,2026-06-26,online,completed,2026-06-26 14:37
KB0009158,P-000485,KH-DAL-01,Dallas,2026-08-24,walk-in,completed,2026-08-24 16:33
KB0008851,P-000218,KH-DAL-02,Dallas,2026-08-19,walk-in,completed,2026-08-19 17:26
KB0002215,P-001456,KH-PHX-02,Phoenix,2026-05-06,at-home,completed,2026-05-06 08:51
KB0009628,P-001511,KH-PHX-02,Phoenix,2026-08-31,online,completed,2026-08-31 16:35
KB0000651,P-005694,KH-ATL-02,Atlanta,2026-04-10,walk-in,completed,2026-04-10 16:51
KB0008742,P-004272,KH-CHI-03,Chicago,2026-08-17,online,completed,2026-08-17 19:53
KB0005156,P-002371,KH-PHX-03,Phoenix,2026-06-22,walk-in,completed,2026-06-22 16:31
KB0003170,P-005590,KH-ATL-02,Atlanta,2026-05-21,at-home,completed,2026-05-21 15:24
KB0000675,P-000872,KH-DAL-03,Dallas,2026-04-11,walk-in,completed,2026-04-11 16:27
KB0000613,P-001396,KH-PHX-01,Phoenix,2026-04-10,walk-in,completed,2026-04-10 08:26
KB0009106,P-006464,KH-PHI-03,Philadelphia,2026-08-22,online,completed,2026-08-22 12:35
KB0001895,P-003534,KH-NYC-02,New York,2026-05-01,walk-in,completed,2026-05-01 13:20
KB0008342,P-003676,KH-NYC-01,New York,2026-08-11,online,completed,2026-08-11 14:16
KB0002730,P-004130,KH-CHI-02,Chicago,2026-05-14,online,completed,2026-05-14 13:32
KB0011425,P-005134,KH-ATL-02,Atlanta,2026-09-26,walk-in,completed,2026-09-26 17:26
KB0003508,P-001876,KH-PHX-03,Phoenix,2026-05-27,walk-in,completed,2026-05-27 18:22
KB0002565,P-000260,KH-DAL-02,Dallas,2026-05-12,online,completed,2026-05-12 18:26
KB0005182,P-005256,KH-ATL-02,Atlanta,2026-06-22,at-home,completed,2026-06-22 18:34
KB0008481,P-002989,KH-NYC-02,New York,2026-08-13,walk-in,completed,2026-08-13 11:39
KB0007384,P-002353,KH-PHX-01,Phoenix,2026-07-27,walk-in,completed,2026-07-27 14:35
KB0002181,P-004273,KH-CHI-03,Chicago,2026-05-05,online,completed,2026-05-05 08:27
KB0002663,P-005341,KH-ATL-02,Atlanta,2026-05-13,walk-in,cancelled,2026-05-13 09:50
KB0000652,P-005228,KH-ATL-03,Atlanta,2026-04-10,phone,completed,2026-04-10 14:13
KB0010654,P-005505,KH-ATL-02,Atlanta,2026-09-15,walk-in,completed,2026-09-15 09:42
KB0011139,P-000716,KH-DAL-02,Dallas,2026-09-23,walk-in,completed,2026-09-23 16:13
KB0003675,P-006133,KH-PHI-03,Philadelphia,2026-05-29,walk-in,completed,2026-05-29 13:18
KB0005075,P-006524,KH-PHI-01,Philadelphia,2026-06-20,walk-in,completed,2026-06-20 18:22
KB0006215,P-000289,KH-DAL-03,Dallas,2026-07-09,online,completed,2026-07-09 16:02
KB0001752,P-000118,KH-DAL-03,Dallas,2026-04-29,walk-in,completed,2026-04-29 10:26
KB0009270,P-005163,KH-ATL-02,Atlanta,2026-08-25,online,completed,2026-08-25 10:17
KB0008543,P-003315,KH-NYC-01,New York,2026-08-14,phone,completed,2026-08-14 11:05
KB0004481,P-003151,KH-NYC-03,New York,2026-06-11,walk-in,completed,2026-06-11 17:24
KB0005756,P-000995,KH-DAL-01,Dallas,2026-07-02,online,completed,2026-07-02 12:57
KB0011612,P-005667,KH-ATL-02,Atlanta,2026-09-29,online,completed,2026-09-29 16:51
KB0004378,P-000684,KH-DAL-02,Dallas,2026-06-10,walk-in,completed,2026-06-10 10:50
KB0004444,P-000497,KH-DAL-03,Dallas,2026-06-11,online,completed,2026-06-11 10:54
KB0006369,P-002634,KH-NYC-03,New York,2026-07-11,online,completed,2026-07-11 10:10
KB0011250,P-002454,KH-NYC-02,New York,2026-09-24,walk-in,completed,2026-09-24 18:24
KB0007672,P-006113,KH-PHI-02,Philadelphia,2026-07-31,phone,completed,2026-07-31 18:13
KB0005246,P-004529,KH-CHI-01,Chicago,2026-06-23,walk-in,completed,2026-06-23 15:06
KB0006524,P-000497,KH-DAL-01,Dallas,2026-07-14,walk-in,completed,2026-07-14 14:25
KB0008526,P-002135,KH-PHX-01,Phoenix,2026-08-14,online,completed,2026-08-14 09:02
KB0010132,P-005662,KH-ATL-03,Atlanta,2026-09-07,online,completed,2026-09-07 11:25
KB0007693,P-001846,KH-PHX-02,Phoenix,2026-08-01,walk-in,completed,2026-08-01 13:03
KB0005590,P-001870,KH-PHX-02,Phoenix,2026-06-29,walk-in,completed,2026-06-29 09:48
KB0006409,P-001231,KH-DAL-03,Dallas,2026-07-12,online,completed,2026-07-12 14:47
KB0009836,P-003618,KH-NYC-02,New York,2026-09-03,at-home,completed,2026-09-03 08:14
KB0001271,P-006632,KH-PHI-02,Philadelphia,2026-04-20,online,completed,2026-04-20 10:08
KB0001165,P-006053,KH-PHI-01,Philadelphia,2026-04-18,walk-in,completed,2026-04-18 08:16
KB0000076,P-000339,KH-DAL-02,Dallas,2026-04-02,online,completed,2026-04-02 11:21
KB0004789,P-003206,KH-NYC-03,New York,2026-06-16,online,completed,2026-06-16 14:44
KB0011698,P-005150,KH-ATL-02,Atlanta,2026-09-30,phone,completed,2026-09-30 13:27
KB0002472,P-002878,KH-NYC-02,New York,2026-05-10,phone,completed,2026-05-10 10:09
KB0006175,P-002588,KH-NYC-02,New York,2026-07-08,walk-in,completed,2026-07-08 16:23
KB0001033,P-006286,KH-PHI-03,Philadelphia,2026-04-16,online,completed,2026-04-16 10:54
KB0008573,P-006228,KH-PHI-02,Philadelphia,2026-08-14,phone,completed,2026-08-14 13:57
KB0007800,P-006446,KH-PHI-03,Philadelphia,2026-08-02,online,completed,2026-08-02 14:01
KB0000546,P-001000,KH-DAL-01,Dallas,2026-04-09,walk-in,completed,2026-04-09 11:08
KB0008724,P-001258,KH-PHX-02,Phoenix,2026-08-17,phone,completed,2026-08-17 15:08
KB0004996,P-004259,KH-CHI-02,Chicago,2026-06-19,walk-in,completed,2026-06-19 19:32
KB0000145,P-000656,KH-DAL-01,Dallas,2026-04-03,walk-in,completed,2026-04-03 14:04
KB0009604,P-006138,KH-PHI-02,Philadelphia,2026-08-30,online,completed,2026-08-30 08:30
KB0004718,P-003244,KH-NYC-01,New York,2026-06-15,walk-in,completed,2026-06-15 18:34
KB0006639,P-005281,KH-ATL-02,Atlanta,2026-07-15,phone,completed,2026-07-15 12:01
KB0000536,P-000598,KH-DAL-01,Dallas,2026-04-09,walk-in,completed,2026-04-09 18:34
KB0005441,P-005119,KH-ATL-02,Atlanta,2026-06-26,walk-in,completed,2026-06-26 14:27
KB0005413,P-002439,KH-PHX-03,Phoenix,2026-06-26,walk-in,completed,2026-06-26 15:15
KB0004712,P-002537,KH-NYC-02,New York,2026-06-15,walk-in,completed,2026-06-15 15:01
KB0009384,P-003507,KH-NYC-01,New York,2026-08-27,walk-in,completed,2026-08-27 11:42
KB0003616,P-006094,KH-PHI-02,Philadelphia,2026-05-28,online,completed,2026-05-28 19:05
KB0007628,P-000961,KH-DAL-01,Dallas,2026-07-31,online,completed,2026-07-31 10:51
KB0009787,P-004462,KH-CHI-01,Chicago,2026-09-02,walk-in,completed,2026-09-02 19:17
KB0006407,P-000326,KH-DAL-01,Dallas,2026-07-12,online,completed,2026-07-12 14:26
KB0003429,P-000315,KH-DAL-03,Dallas,2026-05-26,walk-in,completed,2026-05-26 08:22
KB0011138,P-001143,KH-DAL-03,Dallas,2026-09-23,online,completed,2026-09-23 16:21
KB0006657,P-001057,KH-DAL-02,Dallas,2026-07-16,at-home,completed,2026-07-16 11:29
KB0006470,P-002217,KH-PHX-03,Phoenix,2026-07-13,walk-in,completed,2026-07-13 09:50
KB0007892,P-002734,KH-NYC-01,New York,2026-08-04,walk-in,completed,2026-08-04 14:25
KB0009118,P-000383,KH-DAL-03,Dallas,2026-08-23,online,completed,2026-08-23 16:54
KB0006221,P-000263,KH-DAL-02,Dallas,2026-07-09,walk-in,completed,2026-07-09 17:50
KB0007699,P-001868,KH-PHX-02,Phoenix,2026-08-01,walk-in,completed,2026-08-01 08:58
KB0003202,P-001624,KH-PHX-01,Phoenix,2026-05-22,walk-in,completed,2026-05-22 08:14
KB0004338,P-002669,KH-NYC-03,New York,2026-06-09,online,completed,2026-06-09 11:21
KB0000700,P-003483,KH-NYC-02,New York,2026-04-11,walk-in,completed,2026-04-11 10:21
KB0007943,P-000985,KH-DAL-03,Dallas,2026-08-05,phone,completed,2026-08-05 15:00
KB0004952,P-000048,KH-DAL-03,Dallas,2026-06-19,phone,completed,2026-06-19 12:07
KB0001830,P-001533,KH-PHX-01,Phoenix,2026-04-30,walk-in,completed,2026-04-30 16:14
KB0009606,P-006412,KH-PHI-02,Philadelphia,2026-08-30,phone,completed,2026-08-30 13:36
KB0004900,P-001938,KH-PHX-03,Phoenix,2026-06-18,online,completed,2026-06-18 08:13
KB0010946,P-000326,KH-DAL-02,Dallas,2026-09-20,walk-in,completed,2026-09-20 15:07
KB0007576,P-001484,KH-PHX-01,Phoenix,2026-07-30,phone,completed,2026-07-30 10:19
KB0005667,P-003712,KH-NYC-02,New York,2026-06-30,walk-in,completed,2026-06-30 14:34
KB0003976,P-004392,KH-CHI-03,Chicago,2026-06-03,online,completed,2026-06-03 09:09
KB0004810,P-005621,KH-ATL-02,Atlanta,2026-06-16,walk-in,completed,2026-06-16 12:52
KB0003653,P-003105,KH-NYC-02,New York,2026-05-29,online,cancelled,2026-05-29 15:58
KB0007216,P-002944,KH-NYC-02,New York,2026-07-24,walk-in,completed,2026-07-24 16:17
KB0010856,P-004965,KH-ATL-02,Atlanta,2026-09-18,at-home,completed,2026-09-18 12:07
KB0001418,P-002426,KH-PHX-03,Phoenix,2026-04-23,at-home,completed,2026-04-23 08:43
KB0002834,P-000686,KH-DAL-03,Dallas,2026-05-16,online,completed,2026-05-16 10:09
KB0007971,P-004926,KH-CHI-01,Chicago,2026-08-05,walk-in,completed,2026-08-05 09:03
KB0009612,P-001201,KH-DAL-02,Dallas,2026-08-31,walk-in,cancelled,2026-08-31 18:32
KB0002869,P-005341,KH-ATL-01,Atlanta,2026-05-16,walk-in,completed,2026-05-16 08:52
KB0006339,P-000015,KH-DAL-03,Dallas,2026-07-11,online,completed,2026-07-11 12:34
KB0011218,P-000899,KH-DAL-02,Dallas,2026-09-24,walk-in,completed,2026-09-24 19:39
KB0002882,P-006414,KH-PHI-01,Philadelphia,2026-05-16,walk-in,completed,2026-05-16 19:16
KB0000607,P-000377,KH-DAL-02,Dallas,2026-04-10,walk-in,completed,2026-04-10 09:34
KB0004728,P-004311,KH-CHI-02,Chicago,2026-06-15,walk-in,completed,2026-06-15 16:37
KB0001422,P-002629,KH-NYC-03,New York,2026-04-23,walk-in,completed,2026-04-23 12:58
KB0003948,P-000695,KH-DAL-03,Dallas,2026-06-03,at-home,completed,2026-06-03 10:01
KB0000596,P-000029,KH-DAL-02,Dallas,2026-04-10,walk-in,completed,2026-04-10 10:15
KB0007748,P-000775,KH-DAL-01,Dallas,2026-08-02,walk-in,completed,2026-08-02 13:50
KB0004220,P-003519,KH-NYC-02,New York,2026-06-07,online,completed,2026-06-07 12:21
KB0011086,P-001580,KH-PHX-02,Phoenix,2026-09-22,online,completed,2026-09-22 19:47
KB0010285,P-001478,KH-PHX-02,Phoenix,2026-09-10,walk-in,completed,2026-09-10 11:48
KB0009599,P-005199,KH-ATL-02,Atlanta,2026-08-30,at-home,completed,2026-08-30 12:52
KB0011271,P-005373,KH-ATL-02,Atlanta,2026-09-24,online,completed,2026-09-24 12:31
KB0001579,P-000586,KH-DAL-01,Dallas,2026-04-26,walk-in,completed,2026-04-26 14:59
KB0010193,P-005645,KH-ATL-02,Atlanta,2026-09-08,walk-in,completed,2026-09-08 10:38
KB0007743,P-006262,KH-PHI-02,Philadelphia,2026-08-01,phone,completed,2026-08-01 09:24
KB0009557,P-001013,KH-DAL-01,Dallas,2026-08-30,at-home,completed,2026-08-30 12:15
KB0003511,P-003535,KH-NYC-01,New York,2026-05-27,phone,completed,2026-05-27 09:14
KB0002140,P-000552,KH-DAL-02,Dallas,2026-05-05,online,completed,2026-05-05 16:16
KB0004070,P-000685,KH-DAL-02,Dallas,2026-06-05,walk-in,completed,2026-06-05 09:00
KB0010088,P-002439,KH-PHX-02,Phoenix,2026-09-07,at-home,completed,2026-09-07 12:37
KB0008410,P-003944,KH-NYC-02,New York,2026-08-12,,completed,2026-08-12 12:12
KB0004872,P-005357,KH-ATL-01,Atlanta,2026-06-17,walk-in,completed,2026-06-17 19:29
KB0002951,P-001537,KH-PHX-03,Phoenix,2026-05-18,walk-in,completed,2026-05-18 13:16
KB0007087,P-003142,KH-NYC-01,New York,2026-07-22,online,completed,2026-07-22 12:01
KB0010207,P-000817,KH-DAL-02,Dallas,2026-09-09,at-home,completed,2026-09-09 09:54
KB0009338,P-005696,KH-ATL-02,Atlanta,2026-08-26,walk-in,completed,2026-08-26 18:02
KB0004128,P-005034,KH-ATL-01,Atlanta,2026-06-05,at-home,completed,2026-06-05 16:13
KB0010054,P-004416,KH-CHI-01,Chicago,2026-09-06,at-home,completed,2026-09-06 17:49
KB0003517,P-002731,KH-NYC-03,New York,2026-05-27,walk-in,completed,2026-05-27 18:38
KB0002591,P-002553,KH-NYC-03,New York,2026-05-12,online,completed,2026-05-12 08:47
KB0010587,P-005589,KH-ATL-01,Atlanta,2026-09-14,at-home,completed,2026-09-14 18:21
KB0009638,P-003665,KH-NYC-03,New York,2026-08-31,walk-in,completed,2026-08-31 11:47
KB0002168,P-003434,KH-NYC-03,New York,2026-05-05,online,completed,2026-05-05 08:02
KB0009707,P-001302,KH-PHX-01,Phoenix,2026-09-01,at-home,completed,2026-09-01 18:28
KB0008887,P-004908,KH-CHI-01,Chicago,2026-08-19,online,completed,2026-08-19 19:33
KB0004739,P-005715,KH-ATL-02,Atlanta,2026-06-15,phone,completed,2026-06-15 08:11
KB0006988,P-000146,KH-DAL-02,Dallas,2026-07-21,at-home,completed,2026-07-21 16:36
KB0006752,P-002305,KH-PHX-02,Phoenix,2026-07-17,phone,completed,2026-07-17 16:21
KB0002784,P-003296,KH-NYC-01,New York,2026-05-15,walk-in,completed,2026-05-15 13:21
KB0000674,P-000064,KH-DAL-02,Dallas,2026-04-11,walk-in,completed,2026-04-11 11:26
KB0005664,P-003935,KH-NYC-01,New York,2026-06-30,online,completed,2026-06-30 17:01
KB0005017,P-000176,KH-DAL-01,Dallas,2026-06-20,walk-in,completed,2026-06-20 12:54
KB0001777,P-003102,KH-NYC-01,New York,2026-04-29,walk-in,completed,2026-04-29 09:57
KB0004683,P-006615,KH-PHI-03,Philadelphia,2026-06-14,at-home,completed,2026-06-14 12:26
KB0002211,P-001140,KH-DAL-03,Dallas,2026-05-06,walk-in,completed,2026-05-06 09:24
KB0007170,P-004759,KH-CHI-01,Chicago,2026-07-23,walk-in,completed,2026-07-23 14:56
KB0004721,P-004748,KH-CHI-02,Chicago,2026-06-15,online,completed,2026-06-15 09:54
KB0005897,P-001095,KH-DAL-01,Dallas,2026-07-04,online,completed,2026-07-04 09:39
KB0004551,P-004448,KH-CHI-02,Chicago,2026-06-12,phone,completed,2026-06-12 17:28
KB0000662,P-000907,KH-DAL-02,Dallas,2026-04-11,phone,completed,2026-04-11 14:13
KB0000391,P-005612,KH-ATL-02,Atlanta,2026-04-06,walk-in,completed,2026-04-06 17:48
KB0000140,P-005922,KH-PHI-03,Philadelphia,2026-04-02,walk-in,completed,2026-04-02 12:59
KB0010869,P-000214,KH-DAL-03,Dallas,2026-09-19,online,completed,2026-09-19 08:12
KB0003618,P-006234,KH-PHI-02,Philadelphia,2026-05-28,walk-in,completed,2026-05-28 17:53
KB0004476,P-003560,KH-NYC-03,New York,2026-06-11,walk-in,completed,2026-06-11 12:36
KB0009282,P-006388,KH-PHI-01,Philadelphia,2026-08-25,at-home,completed,2026-08-25 13:39
KB0002143,P-000811,KH-DAL-01,Dallas,2026-05-05,walk-in,completed,2026-05-05 12:58
KB0003904,P-003456,KH-NYC-01,New York,2026-06-02,phone,completed,2026-06-02 09:37
KB0008044,P-005046,KH-ATL-03,Atlanta,2026-08-06,online,completed,2026-08-06 19:01
KB0004203,P-001295,KH-PHX-02,Phoenix,2026-06-07,walk-in,completed,2026-06-07 15:41
KB0009909,P-002074,KH-PHX-02,Phoenix,2026-09-04,walk-in,completed,2026-09-04 16:17
KB0008809,P-004824,KH-CHI-03,Chicago,2026-08-18,online,completed,2026-08-18 17:47
KB0009826,P-000986,KH-DAL-02,Dallas,2026-09-03,online,completed,2026-09-03 19:03
KB0000039,P-003443,KH-NYC-01,New York,2026-04-01,online,completed,2026-04-01 13:32
KB0007933,P-005867,KH-PHI-02,Philadelphia,2026-08-04,walk-in,completed,2026-08-04 17:00
KB0007988,P-005898,KH-PHI-02,Philadelphia,2026-08-05,walk-in,cancelled,2026-08-05 12:57
KB0007536,P-004715,KH-CHI-03,Chicago,2026-07-29,online,completed,2026-07-29 18:29
KB0002439,P-005799,KH-PHI-03,Philadelphia,2026-05-09,walk-in,completed,2026-05-09 17:23
KB0005106,P-002392,KH-PHX-02,Phoenix,2026-06-21,at-home,completed,2026-06-21 13:51
KB0005212,P-001777,KH-PHX-01,Phoenix,2026-06-23,walk-in,completed,2026-06-23 11:10
KB0008666,P-001751,KH-PHX-02,Phoenix,2026-08-16,online,completed,2026-08-16 16:20
KB0003557,P-000651,KH-DAL-02,Dallas,2026-05-28,phone,completed,2026-05-28 13:56
KB0003955,P-002017,KH-PHX-02,Phoenix,2026-06-03,walk-in,completed,2026-06-03 13:57
KB0011608,P-005436,KH-ATL-01,Atlanta,2026-09-29,online,completed,2026-09-29 11:04
KB0011547,P-000733,KH-DAL-01,Dallas,2026-09-29,walk-in,completed,2026-09-29 13:04
KB0007934,P-000307,KH-DAL-01,Dallas,2026-08-05,phone,completed,2026-08-05 14:35
KB0004211,P-002216,KH-PHX-03,Phoenix,2026-06-07,walk-in,completed,2026-06-07 14:17
KB0004082,P-002031,KH-PHX-01,Phoenix,2026-06-05,phone,completed,2026-06-05 18:00
KB0004823,P-000323,KH-DAL-02,Dallas,2026-06-17,at-home,completed,2026-06-17 19:25
KB0009600,P-005672,KH-ATL-01,Atlanta,2026-08-30,walk-in,completed,2026-08-30 16:28
KB0004700,P-001635,KH-PHX-03,Phoenix,2026-06-15,at-home,completed,2026-06-15 14:13
KB0002969,P-003617,KH-NYC-01,New York,2026-05-18,walk-in,completed,2026-05-18 19:45
KB0007831,P-003923,KH-NYC-02,New York,2026-08-03,online,completed,2026-08-03 16:41
KB0007374,P-001223,KH-DAL-01,Dallas,2026-07-27,at-home,completed,2026-07-27 10:58
KB0001750,P-000719,KH-DAL-03,Dallas,2026-04-29,walk-in,completed,2026-04-29 08:08
KB0006822,P-001791,KH-PHX-01,Phoenix,2026-07-18,walk-in,completed,2026-07-18 08:45
KB0008401,P-002347,KH-PHX-01,Phoenix,2026-08-12,walk-in,completed,2026-08-12 16:18
KB0011067,P-000914,KH-DAL-03,Dallas,2026-09-22,phone,completed,2026-09-22 19:56
KB0006692,P-003837,KH-NYC-03,New York,2026-07-16,walk-in,completed,2026-07-16 14:58
KB0010381,P-003668,KH-NYC-01,New York,2026-09-11,walk-in,completed,2026-09-11 18:53
KB0005308,P-005483,KH-ATL-01,Atlanta,2026-06-24,,completed,2026-06-24 12:42
KB0007112,P-006412,KH-PHI-02,Philadelphia,2026-07-22,walk-in,completed,2026-07-22 19:19
KB0001135,P-002992,KH-NYC-03,New York,2026-04-18,,completed,2026-04-18 09:10
KB0009786,P-004221,KH-CHI-03,Chicago,2026-09-02,online,completed,2026-09-02 15:14
KB0008163,P-003956,KH-CHI-01,Chicago,2026-08-08,online,cancelled,2026-08-08 12:12
KB0009034,P-005199,KH-ATL-01,Atlanta,2026-08-21,at-home,completed,2026-08-21 19:30
KB0006244,P-002689,KH-NYC-03,New York,2026-07-09,phone,completed,2026-07-09 14:12
KB0008618,P-002507,KH-NYC-03,New York,2026-08-15,online,completed,2026-08-15 14:41
KB0004919,P-003269,KH-NYC-02,New York,2026-06-18,walk-in,completed,2026-06-18 16:13
KB0004882,P-006458,KH-PHI-03,Philadelphia,2026-06-17,walk-in,completed,2026-06-17 17:42
KB0004545,P-002924,KH-NYC-02,New York,2026-06-12,phone,completed,2026-06-12 16:09
KB0000448,P-004635,KH-CHI-03,Chicago,2026-04-07,walk-in,completed,2026-04-07 08:13
KB0001789,P-005728,KH-ATL-02,Atlanta,2026-04-29,walk-in,completed,2026-04-29 18:13
KB0007006,P-001537,KH-PHX-03,Phoenix,2026-07-21,online,completed,2026-07-21 18:33
KB0007890,P-001723,KH-PHX-02,Phoenix,2026-08-04,online,completed,2026-08-04 17:02
KB0009124,P-001812,KH-PHX-03,Phoenix,2026-08-23,phone,completed,2026-08-23 18:53
KB0008693,P-005821,KH-PHI-02,Philadelphia,2026-08-16,phone,completed,2026-08-16 09:37
KB0006502,P-005373,KH-ATL-01,Atlanta,2026-07-13,walk-in,completed,2026-07-13 19:30
KB0001510,P-006140,KH-PHI-03,Philadelphia,2026-04-24,phone,completed,2026-04-24 14:16
KB0003398,P-004853,KH-CHI-03,Chicago,2026-05-25,at-home,completed,2026-05-25 09:40
KB0006755,P-003459,KH-NYC-01,New York,2026-07-17,walk-in,completed,2026-07-17 10:00
KB0007673,P-006049,KH-PHI-03,Philadelphia,2026-07-31,walk-in,completed,2026-07-31 12:58
KB0009235,P-000272,KH-DAL-01,Dallas,2026-08-25,walk-in,completed,2026-08-25 18:09
KB0005515,P-001181,KH-DAL-02,Dallas,2026-06-28,online,completed,2026-06-28 10:04
KB0010657,P-005818,KH-PHI-03,Philadelphia,2026-09-15,walk-in,completed,2026-09-15 14:45
KB0008131,P-000958,KH-DAL-03,Dallas,2026-08-08,phone,completed,2026-08-08 19:32
KB0003372,P-001426,KH-PHX-02,Phoenix,2026-05-25,online,completed,2026-05-25 15:51
KB0005461,P-002205,KH-PHX-03,Phoenix,2026-06-27,online,completed,2026-06-27 11:31
KB0011136,P-000299,KH-DAL-02,Dallas,2026-09-23,walk-in,completed,2026-09-23 19:24
KB0003127,P-000339,KH-DAL-02,Dallas,2026-05-21,at-home,completed,2026-05-21 17:55
KB0000246,P-002734,KH-NYC-02,New York,2026-04-04,online,completed,2026-04-04 12:50
KB0004122,P-005455,KH-ATL-01,Atlanta,2026-06-05,,completed,2026-06-05 19:29
KB0005598,P-003326,KH-NYC-01,New York,2026-06-29,online,completed,2026-06-29 18:14
KB0007704,P-001611,KH-PHX-03,Phoenix,2026-08-01,walk-in,completed,2026-08-01 10:09
KB0001116,P-000293,KH-DAL-03,Dallas,2026-04-18,online,completed,2026-04-18 10:57
KB0003420,P-000038,KH-DAL-01,Dallas,2026-05-26,,completed,2026-05-26 19:26
KB0001988,P-005254,KH-ATL-01,Atlanta,2026-05-02,phone,completed,2026-05-02 08:07
KB0001289,P-002043,KH-PHX-03,Phoenix,2026-04-21,online,completed,2026-04-21 13:31
KB0009121,P-000298,KH-DAL-02,Dallas,2026-08-23,online,completed,2026-08-23 10:20
KB0003746,P-000917,KH-DAL-03,Dallas,2026-05-31,phone,completed,2026-05-31 16:20
KB0002771,P-001971,KH-PHX-03,Phoenix,2026-05-15,walk-in,completed,2026-05-15 11:16
KB0000403,P-005918,KH-PHI-02,Philadelphia,2026-04-06,at-home,completed,2026-04-06 15:07
KB0002965,P-001630,KH-PHX-02,Phoenix,2026-05-18,walk-in,completed,2026-05-18 10:20
KB0005869,P-004626,KH-CHI-03,Chicago,2026-07-03,phone,completed,2026-07-03 15:27
KB0008820,P-005207,KH-ATL-02,Atlanta,2026-08-18,walk-in,completed,2026-08-18 18:23
KB0005610,P-003977,KH-CHI-01,Chicago,2026-06-29,at-home,completed,2026-06-29 10:38
KB0003846,P-004311,KH-CHI-03,Chicago,2026-06-01,at-home,completed,2026-06-01 09:16
KB0003636,P-000279,KH-DAL-02,Dallas,2026-05-29,walk-in,cancelled,2026-05-29 08:21
KB0002621,P-000339,KH-DAL-02,Dallas,2026-05-13,walk-in,completed,2026-05-13 16:50
KB0004727,P-004213,KH-CHI-03,Chicago,2026-06-15,walk-in,completed,2026-06-15 14:47
KB0006695,P-003279,KH-NYC-01,New York,2026-07-16,online,completed,2026-07-16 08:13
KB0009656,P-004681,KH-CHI-03,Chicago,2026-08-31,online,completed,2026-08-31 17:52
KB0009722,P-003952,KH-CHI-03,Chicago,2026-09-01,walk-in,completed,2026-09-01 13:08
KB0004588,P-001141,KH-DAL-02,Dallas,2026-06-13,walk-in,completed,2026-06-13 16:23
KB0006206,P-000273,KH-DAL-01,Dallas,2026-07-09,online,completed,2026-07-09 11:25
KB0008399,P-002003,KH-PHX-01,Phoenix,2026-08-12,at-home,completed,2026-08-12 15:24
KB0003564,P-001506,KH-PHX-01,Phoenix,2026-05-28,,completed,2026-05-28 15:33
KB0011370,P-000222,KH-DAL-02,Dallas,2026-09-26,walk-in,completed,2026-09-26 16:29
KB0007167,P-004468,KH-CHI-03,Chicago,2026-07-23,phone,completed,2026-07-23 11:20
KB0005632,P-000444,KH-DAL-03,Dallas,2026-06-30,walk-in,completed,2026-06-30 10:59
KB0007424,P-001052,KH-DAL-02,Dallas,2026-07-28,walk-in,completed,2026-07-28 08:10
KB0010397,P-005651,KH-ATL-02,Atlanta,2026-09-11,phone,completed,2026-09-11 09:23
KB0008874,P-002580,KH-NYC-03,New York,2026-08-19,online,completed,2026-08-19 09:19
KB0000986,P-001299,KH-PHX-03,Phoenix,2026-04-16,at-home,completed,2026-04-16 08:12
KB0005538,P-002666,KH-NYC-02,New York,2026-06-28,online,completed,2026-06-28 10:37
KB0010876,P-000421,KH-DAL-01,Dallas,2026-09-19,walk-in,completed,2026-09-19 13:33
KB0003573,P-002177,KH-PHX-03,Phoenix,2026-05-28,walk-in,completed,2026-05-28 12:18
KB0010821,P-002136,KH-PHX-01,Phoenix,2026-09-18,walk-in,completed,2026-09-18 16:56
KB0002358,P-004786,KH-CHI-02,Chicago,2026-05-08,phone,completed,2026-05-08 15:38
KB0001327,P-005869,KH-PHI-02,Philadelphia,2026-04-21,online,completed,2026-04-21 19:01
KB0003958,P-002396,KH-PHX-03,Phoenix,2026-06-03,walk-in,completed,2026-06-03 11:42
KB0003073,P-002098,KH-PHX-01,Phoenix,2026-05-20,online,completed,2026-05-20 15:35
KB0006982,P-005962,KH-PHI-01,Philadelphia,2026-07-20,walk-in,completed,2026-07-20 08:43
KB0009292,P-000138,KH-DAL-01,Dallas,2026-08-26,walk-in,completed,2026-08-26 19:51
KB0006745,P-002374,KH-PHX-01,Phoenix,2026-07-17,walk-in,completed,2026-07-17 13:42
KB0003144,P-003563,KH-NYC-01,New York,2026-05-21,walk-in,completed,2026-05-21 11:37
KB0001965,P-003534,KH-NYC-02,New York,2026-05-02,online,completed,2026-05-02 18:38
KB0008849,P-001124,KH-DAL-03,Dallas,2026-08-19,walk-in,completed,2026-08-19 11:19
KB0005340,P-001565,KH-PHX-01,Phoenix,2026-06-25,phone,completed,2026-06-25 09:03
KB0002323,P-000824,KH-DAL-03,Dallas,2026-05-08,walk-in,completed,2026-05-08 13:54
KB0001857,P-006501,KH-PHI-02,Philadelphia,2026-04-30,walk-in,completed,2026-04-30 08:03
KB0009853,P-003962,KH-CHI-01,Chicago,2026-09-03,at-home,completed,2026-09-03 10:17
KB0004978,P-002868,KH-NYC-02,New York,2026-06-19,walk-in,completed,2026-06-19 08:31
KB0006030,P-002349,KH-PHX-02,Phoenix,2026-07-06,online,completed,2026-07-06 18:44
KB0003325,P-001416,KH-PHX-02,Phoenix,2026-05-24,walk-in,completed,2026-05-24 15:18
KB0003197,P-001840,KH-PHX-03,Phoenix,2026-05-22,walk-in,completed,2026-05-22 09:17
KB0004575,P-000348,KH-DAL-01,Dallas,2026-06-13,phone,completed,2026-06-13 10:58
KB0007142,P-001404,KH-PHX-02,Phoenix,2026-07-23,online,completed,2026-07-23 12:19
KB0004870,P-004571,KH-CHI-03,Chicago,2026-06-17,walk-in,completed,2026-06-17 08:48
KB0010464,P-005441,KH-ATL-02,Atlanta,2026-09-12,online,completed,2026-09-12 11:55
KB0008619,P-003788,KH-NYC-03,New York,2026-08-15,phone,completed,2026-08-15 18:37
KB0004875,P-005383,KH-ATL-01,Atlanta,2026-06-17,walk-in,completed,2026-06-17 17:36
KB0001765,P-002333,KH-PHX-02,Phoenix,2026-04-29,walk-in,completed,2026-04-29 12:14
KB0005200,P-000210,KH-DAL-01,Dallas,2026-06-23,phone,completed,2026-06-23 15:42
KB0004593,P-000392,KH-DAL-02,Dallas,2026-06-13,phone,completed,2026-06-13 16:55
KB0004717,P-002952,KH-NYC-03,New York,2026-06-15,online,completed,2026-06-15 10:44
KB0002982,P-004416,KH-CHI-03,Chicago,2026-05-18,phone,completed,2026-05-18 12:51
KB0001402,P-000438,KH-DAL-02,Dallas,2026-04-23,phone,completed,2026-04-23 09:03
KB0006562,P-004374,KH-CHI-03,Chicago,2026-07-14,walk-in,completed,2026-07-14 12:27
KB0006913,P-000875,KH-DAL-01,Dallas,2026-07-20,online,completed,2026-07-20 08:15
KB0000016,P-000775,KH-DAL-03,Dallas,2026-04-01,walk-in,completed,2026-04-01 11:15
KB0011478,P-005312,KH-ATL-02,Atlanta,2026-09-27,online,completed,2026-09-27 14:51
KB0007872,P-000188,KH-DAL-02,Dallas,2026-08-04,walk-in,completed,2026-08-04 17:19
KB0002382,P-006590,KH-PHI-02,Philadelphia,2026-05-08,walk-in,completed,2026-05-08 18:28
KB0005091,P-001063,KH-DAL-01,Dallas,2026-06-21,at-home,completed,2026-06-21 14:13
KB0004543,P-003507,KH-NYC-03,New York,2026-06-12,walk-in,completed,2026-06-12 15:57
KB0010197,P-005244,KH-ATL-02,Atlanta,2026-09-08,online,completed,2026-09-08 16:37
KB0004442,P-000145,KH-DAL-03,Dallas,2026-06-11,walk-in,completed,2026-06-11 18:56
KB0010534,P-000112,KH-DAL-03,Dallas,2026-09-14,online,completed,2026-09-14 16:42
KB0003836,P-004724,KH-CHI-01,Chicago,2026-06-01,walk-in,completed,2026-06-01 11:43
KB0001590,P-002015,KH-PHX-03,Phoenix,2026-04-26,walk-in,completed,2026-04-26 18:30
KB0006887,P-002769,KH-NYC-01,New York,2026-07-19,walk-in,completed,2026-07-19 16:32
KB0003845,P-004283,KH-CHI-01,Chicago,2026-06-01,online,completed,2026-06-01 14:29
KB0010932,P-005609,KH-ATL-03,Atlanta,2026-09-19,online,completed,2026-09-19 14:30
KB0005010,P-006162,KH-PHI-03,Philadelphia,2026-06-19,walk-in,completed,2026-06-19 12:22
KB0011320,P-001359,KH-PHX-02,Phoenix,2026-09-25,walk-in,completed,2026-09-25 10:27
KB0011007,P-000460,KH-DAL-02,Dallas,2026-09-21,at-home,completed,2026-09-21 09:20
KB0004038,P-003045,KH-NYC-01,New York,2026-06-04,online,completed,2026-06-04 17:38
KB0005811,P-005150,KH-ATL-03,Atlanta,2026-07-02,online,completed,2026-07-02 08:51
KB0004792,P-003744,KH-NYC-03,New York,2026-06-16,walk-in,completed,2026-06-16 16:14
KB0009148,P-005170,KH-ATL-02,Atlanta,2026-08-23,walk-in,completed,2026-08-23 14:15
KB0009170,P-001947,KH-PHX-03,Phoenix,2026-08-24,phone,completed,2026-08-24 14:08
KB0006130,P-000320,KH-DAL-02,Dallas,2026-07-08,at-home,completed,2026-07-08 11:04
KB0009148,P-005170,KH-ATL-02,Atlanta,2026-08-23,walk-in,completed,2026-08-23 21:45
KB0005021,P-001102,KH-DAL-03,Dallas,2026-06-20,phone,completed,2026-06-20 08:13
KB0008559,P-004303,KH-CHI-03,Chicago,2026-08-14,walk-in,completed,2026-08-14 10:29
KB0009839,P-002734,KH-NYC-03,New York,2026-09-03,walk-in,completed,2026-09-03 10:19
KB0003004,P-000597,KH-DAL-01,Dallas,2026-05-19,walk-in,completed,2026-05-19 16:33
KB0000906,P-000366,KH-DAL-03,Dallas,2026-04-15,,completed,2026-04-15 16:51
KB0010103,P-003756,KH-NYC-02,New York,2026-09-07,at-home,completed,2026-09-07 16:42
KB0009448,P-002643,KH-NYC-02,New York,2026-08-28,phone,completed,2026-08-28 15:34
KB0002117,P-005399,KH-ATL-02,Atlanta,2026-05-04,walk-in,completed,2026-05-04 10:38
KB0003145,P-003177,KH-NYC-02,New York,2026-05-21,phone,completed,2026-05-21 17:37
KB0008634,P-005377,KH-ATL-02,Atlanta,2026-08-15,online,completed,2026-08-15 10:28
KB0009540,P-005632,KH-ATL-01,Atlanta,2026-08-29,at-home,completed,2026-08-29 11:19
KB0003957,P-001488,KH-PHX-03,Phoenix,2026-06-03,walk-in,completed,2026-06-03 09:30
KB0005168,P-003901,KH-NYC-03,New York,2026-06-22,at-home,completed,2026-06-22 16:49
KB0002335,P-001336,KH-PHX-03,Phoenix,2026-05-08,walk-in,completed,2026-05-08 13:44
KB0006979,P-005980,KH-PHI-01,Philadelphia,2026-07-20,online,completed,2026-07-20 14:11
KB0004759,P-000930,KH-DAL-03,Dallas,2026-06-16,online,completed,2026-06-16 11:45
KB0011500,P-002088,KH-PHX-02,Phoenix,2026-09-28,online,completed,2026-09-28 11:33
KB0000911,P-000229,KH-DAL-03,Dallas,2026-04-15,phone,completed,2026-04-15 08:46
KB0000198,P-004516,KH-CHI-01,Chicago,2026-04-03,at-home,completed,2026-04-03 17:25
KB0007212,P-001635,KH-PHX-03,Phoenix,2026-07-24,walk-in,completed,2026-07-24 11:23
KB0001051,P-000185,KH-DAL-01,Dallas,2026-04-17,online,completed,2026-04-17 14:04
KB0008409,P-003762,KH-NYC-02,New York,2026-08-12,online,completed,2026-08-12 17:55
KB0005077,P-006362,KH-PHI-01,Philadelphia,2026-06-20,phone,completed,2026-06-20 13:46
KB0001759,P-001412,KH-PHX-03,Phoenix,2026-04-29,walk-in,completed,2026-04-29 10:19
KB0004964,P-000022,KH-DAL-03,Dallas,2026-06-19,walk-in,completed,2026-06-19 11:12
KB0009504,P-001744,KH-PHX-03,Phoenix,2026-08-29,walk-in,completed,2026-08-29 09:48
KB0001031,P-006647,KH-PHI-03,Philadelphia,2026-04-16,online,completed,2026-04-16 17:14
KB0004558,P-005725,KH-ATL-02,Atlanta,2026-06-12,online,completed,2026-06-12 14:12
KB0004084,P-001566,KH-PHX-03,Phoenix,2026-06-05,walk-in,completed,2026-06-05 16:42
KB0010206,P-000679,KH-DAL-03,Dallas,2026-09-09,phone,completed,2026-09-09 14:04
KB0009227,P-000433,KH-DAL-02,Dallas,2026-08-25,walk-in,completed,2026-08-25 11:41
KB0004784,P-003662,KH-NYC-03,New York,2026-06-16,walk-in,completed,2026-06-16 19:31
KB0004699,P-001973,KH-PHX-02,Phoenix,2026-06-15,at-home,cancelled,2026-06-15 13:09
KB0008537,P-001262,KH-PHX-01,Phoenix,2026-08-14,at-home,completed,2026-08-14 14:09
KB0001937,P-000749,KH-DAL-02,Dallas,2026-05-02,walk-in,completed,2026-05-02 11:29
KB0009496,P-000968,KH-DAL-02,Dallas,2026-08-29,phone,completed,2026-08-29 10:00
KB0009339,P-005747,KH-ATL-01,Atlanta,2026-08-26,phone,completed,2026-08-26 09:37
KB0006413,P-001077,KH-DAL-02,Dallas,2026-07-12,walk-in,completed,2026-07-12 14:55
KB0008686,P-004995,KH-ATL-02,Atlanta,2026-08-16,walk-in,completed,2026-08-16 09:19
KB0000784,P-000704,KH-DAL-02,Dallas,2026-04-13,walk-in,completed,2026-04-13 19:51
KB0004164,P-002803,KH-NYC-02,New York,2026-06-06,at-home,completed,2026-06-06 11:22
KB0009433,P-001491,KH-PHX-03,Phoenix,2026-08-28,walk-in,completed,2026-08-28 15:06
KB0004772,P-002205,KH-PHX-03,Phoenix,2026-06-16,walk-in,completed,2026-06-16 13:07
KB0005639,P-000935,KH-DAL-01,Dallas,2026-06-30,phone,completed,2026-06-30 13:03
KB0004501,P-006145,KH-PHI-02,Philadelphia,2026-06-11,walk-in,completed,2026-06-11 18:57
KB0004843,P-001521,KH-PHX-03,Phoenix,2026-06-17,online,completed,2026-06-17 14:08
KB0004878,P-005289,KH-ATL-01,Atlanta,2026-06-17,walk-in,completed,2026-06-17 09:23
KB0000019,P-001347,KH-PHX-02,Phoenix,2026-04-01,walk-in,completed,2026-04-01 08:32
KB0009996,P-004109,KH-CHI-01,Chicago,2026-09-05,at-home,completed,2026-09-05 16:45
KB0001617,P-005800,KH-PHI-01,Philadelphia,2026-04-26,walk-in,completed,2026-04-26 17:35
KB0009176,P-002043,KH-PHX-01,Phoenix,2026-08-24,phone,completed,2026-08-24 10:24
KB0002377,P-006593,KH-PHI-03,Philadelphia,2026-05-08,phone,completed,2026-05-08 10:06
KB0002306,P-005037,KH-ATL-02,Atlanta,2026-05-07,online,completed,2026-05-07 19:19
KB0000520,P-005170,KH-ATL-03,Atlanta,2026-04-08,online,completed,2026-04-08 10:17
KB0001538,P-001713,KH-PHX-03,Phoenix,2026-04-25,walk-in,completed,2026-04-25 14:33
KB0000080,P-000464,KH-DAL-03,Dallas,2026-04-02,online,completed,2026-04-02 10:51
KB0006788,P-005851,KH-PHI-01,Philadelphia,2026-07-17,phone,completed,2026-07-17 17:50
KB0006324,P-005639,KH-ATL-02,Atlanta,2026-07-10,online,completed,2026-07-10 10:06
KB0001556,P-003113,KH-NYC-01,New York,2026-04-25,at-home,completed,2026-04-25 08:14
KB0011312,P-001951,KH-PHX-01,Phoenix,2026-09-25,walk-in,completed,2026-09-25 12:56
KB0000206,P-005725,KH-ATL-02,Atlanta,2026-04-03,phone,completed,2026-04-03 13:29
KB0008898,P-005100,KH-ATL-02,Atlanta,2026-08-19,walk-in,completed,2026-08-19 11:54
KB0008914,P-001188,KH-DAL-01,Dallas,2026-08-20,phone,completed,2026-08-20 16:36
KB0011310,P-002195,KH-PHX-01,Phoenix,2026-09-25,walk-in,completed,2026-09-25 10:28
KB0000726,P-006587,KH-PHI-02,Philadelphia,2026-04-11,online,completed,2026-04-11 15:20
KB0009532,P-004994,KH-ATL-02,Atlanta,2026-08-29,walk-in,completed,2026-08-29 14:47
KB0010793,P-006550,KH-PHI-02,Philadelphia,2026-09-17,online,completed,2026-09-17 08:42
KB0002665,P-004964,KH-ATL-02,Atlanta,2026-05-13,walk-in,cancelled,2026-05-13 19:55
KB0001362,P-002936,KH-NYC-03,New York,2026-04-22,walk-in,completed,2026-04-22 17:14
KB0000680,P-001978,KH-PHX-01,Phoenix,2026-04-11,walk-in,completed,2026-04-11 18:59
KB0007077,P-001539,KH-PHX-01,Phoenix,2026-07-22,online,completed,2026-07-22 14:25
KB0008115,P-005704,KH-ATL-02,Atlanta,2026-08-07,phone,completed,2026-08-07 14:08
KB0003832,P-002525,KH-NYC-03,New York,2026-06-01,at-home,cancelled,2026-06-01 08:56
KB0006192,P-004955,KH-ATL-02,Atlanta,2026-07-08,walk-in,completed,2026-07-08 12:48
KB0005957,P-000308,KH-DAL-02,Dallas,2026-07-05,walk-in,completed,2026-07-05 12:18
KB0004111,P-004546,KH-CHI-01,Chicago,2026-06-05,walk-in,completed,2026-06-05 17:04
KB0010759,P-003640,KH-NYC-02,New York,2026-09-17,walk-in,completed,2026-09-17 17:24
KB0006087,P-002242,KH-PHX-02,Phoenix,2026-07-07,online,completed,2026-07-07 16:45
KB0001015,P-004544,KH-CHI-03,Chicago,2026-04-16,phone,completed,2026-04-16 11:53
KB0008108,P-004242,KH-CHI-03,Chicago,2026-08-07,phone,completed,2026-08-07 13:55
KB0004915,P-002904,KH-NYC-02,New York,2026-06-18,walk-in,completed,2026-06-18 09:38
KB0009268,P-005482,KH-ATL-02,Atlanta,2026-08-25,at-home,completed,2026-08-25 11:34
KB0005924,P-001289,KH-PHX-03,Phoenix,2026-07-04,walk-in,completed,2026-07-04 14:34
KB0001451,P-006359,KH-PHI-02,Philadelphia,2026-04-23,walk-in,completed,2026-04-23 13:41
KB0009734,P-005228,KH-ATL-03,Atlanta,2026-09-01,online,completed,2026-09-01 11:12
KB0007059,P-000209,KH-DAL-01,Dallas,2026-07-22,walk-in,completed,2026-07-22 17:27
KB0004197,P-001068,KH-DAL-02,Dallas,2026-06-07,online,completed,2026-06-07 19:02
KB0003742,P-005979,KH-PHI-02,Philadelphia,2026-05-30,walk-in,completed,2026-05-30 09:18
KB0000622,P-002090,KH-PHX-03,Phoenix,2026-04-10,walk-in,completed,2026-04-10 19:14
KB0009233,P-001200,KH-DAL-03,Dallas,2026-08-25,at-home,completed,2026-08-25 19:37
KB0003837,P-004618,KH-CHI-03,Chicago,2026-06-01,walk-in,completed,2026-06-01 19:53
KB0007819,P-002121,KH-PHX-02,Phoenix,2026-08-03,online,completed,2026-08-03 11:49
KB0000477,P-000910,KH-DAL-03,Dallas,2026-04-08,phone,completed,2026-04-08 18:53
KB0000725,P-005922,KH-PHI-02,Philadelphia,2026-04-11,online,completed,2026-04-11 10:01
KB0004361,P-005003,KH-ATL-02,Atlanta,2026-06-09,online,completed,2026-06-09 12:22
KB0005595,P-003854,KH-NYC-01,New York,2026-06-29,walk-in,completed,2026-06-29 10:53
KB0007823,P-002117,KH-PHX-01,Phoenix,2026-08-03,walk-in,completed,2026-08-03 15:44
KB0003264,P-001925,KH-PHX-01,Phoenix,2026-05-23,walk-in,completed,2026-05-23 14:06
KB0007731,P-005517,KH-ATL-02,Atlanta,2026-08-01,at-home,completed,2026-08-01 18:08
KB0000249,P-003110,KH-NYC-03,New York,2026-04-04,at-home,completed,2026-04-04 19:09
KB0006355,P-002317,KH-PHX-02,Phoenix,2026-07-11,online,completed,2026-07-11 13:31
KB0003693,P-001027,KH-DAL-01,Dallas,2026-05-30,at-home,completed,2026-05-30 08:10
KB0010651,P-005412,KH-ATL-02,Atlanta,2026-09-15,walk-in,completed,2026-09-15 16:27
KB0008897,P-004963,KH-ATL-02,Atlanta,2026-08-19,walk-in,completed,2026-08-19 13:57
KB0007741,P-006174,KH-PHI-01,Philadelphia,2026-08-01,online,completed,2026-08-01 19:11
KB0002686,P-001142,KH-DAL-01,Dallas,2026-05-14,walk-in,completed,2026-05-14 15:13
KB0009887,P-001122,KH-DAL-01,Dallas,2026-09-04,walk-in,completed,2026-09-04 08:13
KB0000853,P-001750,KH-PHX-01,Phoenix,2026-04-14,walk-in,completed,2026-04-14 12:38
KB0005104,P-002176,KH-PHX-02,Phoenix,2026-06-21,walk-in,completed,2026-06-21 09:12
KB0000950,P-005664,KH-ATL-01,Atlanta,2026-04-15,walk-in,completed,2026-04-15 10:30
KB0011286,P-001052,KH-DAL-02,Dallas,2026-09-25,at-home,completed,2026-09-25 08:13
KB0005697,P-001065,KH-DAL-02,Dallas,2026-07-01,phone,completed,2026-07-01 18:17
KB0006873,P-002228,KH-PHX-03,Phoenix,2026-07-19,walk-in,completed,2026-07-19 08:04
KB0000083,P-000145,KH-DAL-03,Dallas,2026-04-02,walk-in,completed,2026-04-02 11:39
KB0008127,P-006630,KH-PHI-03,Philadelphia,2026-08-07,phone,completed,2026-08-07 16:09
KB0007615,P-005786,KH-PHI-02,Philadelphia,2026-07-30,walk-in,completed,2026-07-30 17:58
KB0006611,P-001864,KH-PHX-03,Phoenix,2026-07-15,walk-in,completed,2026-07-15 15:59
KB0007476,P-005599,KH-ATL-01,Atlanta,2026-07-28,walk-in,completed,2026-07-28 16:34
KB0002889,P-000692,KH-DAL-02,Dallas,2026-05-17,walk-in,completed,2026-05-17 17:59
KB0007666,P-005136,KH-ATL-02,Atlanta,2026-07-31,online,completed,2026-07-31 19:55
KB0002805,P-005048,KH-ATL-01,Atlanta,2026-05-15,online,completed,2026-05-15 12:36
KB0004629,P-005689,KH-ATL-02,Atlanta,2026-06-13,walk-in,completed,2026-06-13 14:23
KB0006384,P-004243,KH-CHI-02,Chicago,2026-07-11,walk-in,completed,2026-07-11 09:53
KB0008952,P-004339,KH-CHI-03,Chicago,2026-08-20,online,completed,2026-08-20 08:47
KB0004941,P-005442,KH-ATL-01,Atlanta,2026-06-18,walk-in,completed,2026-06-18 08:14
KB0005418,P-002912,KH-NYC-01,New York,2026-06-26,walk-in,completed,2026-06-26 14:05
KB0002881,P-006182,KH-PHI-02,Philadelphia,2026-05-16,phone,completed,2026-05-16 18:59
KB0005824,P-006457,KH-PHI-01,Philadelphia,2026-07-02,walk-in,completed,2026-07-02 09:43
KB0004504,P-000039,KH-DAL-01,Dallas,2026-06-12,walk-in,completed,2026-06-12 09:35
KB0006583,P-001005,KH-DAL-03,Dallas,2026-07-15,walk-in,completed,2026-07-15 08:54
KB0005311,P-005691,KH-ATL-01,Atlanta,2026-06-24,walk-in,completed,2026-06-24 19:34
KB0001436,P-004597,KH-CHI-03,Chicago,2026-04-23,phone,completed,2026-04-23 11:36
KB0006068,P-000250,KH-DAL-02,Dallas,2026-07-07,walk-in,completed,2026-07-07 10:10
KB0011068,P-000313,KH-DAL-01,Dallas,2026-09-22,walk-in,completed,2026-09-22 16:54
KB0010341,P-000749,KH-DAL-03,Dallas,2026-09-11,walk-in,completed,2026-09-11 19:24
KB0000094,P-001756,KH-PHX-01,Phoenix,2026-04-02,phone,completed,2026-04-02 14:18
KB0004946,P-006677,KH-PHI-01,Philadelphia,2026-06-18,walk-in,completed,2026-06-18 10:16
KB0006656,P-000765,KH-DAL-03,Dallas,2026-07-16,walk-in,completed,2026-07-16 09:08
KB0010383,P-002859,KH-NYC-03,New York,2026-09-11,at-home,completed,2026-09-11 17:06
KB0009120,P-000493,KH-DAL-02,Dallas,2026-08-23,online,completed,2026-08-23 09:13
KB0001408,P-001675,KH-PHX-01,Phoenix,2026-04-23,online,completed,2026-04-23 17:48
KB0008075,P-001863,KH-PHX-02,Phoenix,2026-08-07,phone,completed,2026-08-07 18:58
KB0011548,P-000078,KH-DAL-01,Dallas,2026-09-29,walk-in,completed,2026-09-29 08:25
KB0006797,P-001052,KH-DAL-03,Dallas,2026-07-18,phone,completed,2026-07-18 10:31
KB0010251,P-004804,KH-CHI-03,Chicago,2026-09-09,walk-in,completed,2026-09-09 16:45
KB0007683,P-000920,KH-DAL-03,Dallas,2026-08-01,at-home,completed,2026-08-01 19:04
KB0003605,P-005250,KH-ATL-03,Atlanta,2026-05-28,phone,completed,2026-05-28 14:49
KB0005141,P-000215,KH-DAL-01,Dallas,2026-06-22,walk-in,completed,2026-06-22 19:21
KB0004216,P-003944,KH-NYC-01,New York,2026-06-07,,completed,2026-06-07 12:17
KB0000487,P-001358,KH-PHX-03,Phoenix,2026-04-08,online,completed,2026-04-08 18:48
KB0004164,P-002803,KH-NYC-02,New York,2026-06-06,at-home,completed,2026-06-06 11:22
KB0009855,P-005542,KH-ATL-02,Atlanta,2026-09-03,at-home,cancelled,2026-09-03 14:19
KB0005016,P-000566,KH-DAL-03,Dallas,2026-06-20,online,completed,2026-06-20 08:20
KB0010171,P-002876,KH-NYC-03,New York,2026-09-08,walk-in,completed,2026-09-08 14:37
KB0009935,P-005599,KH-ATL-01,Atlanta,2026-09-04,phone,completed,2026-09-04 08:35
KB0009428,P-001584,KH-PHX-01,Phoenix,2026-08-28,walk-in,completed,2026-08-28 08:38
KB0010597,P-006330,KH-PHI-01,Philadelphia,2026-09-14,phone,completed,2026-09-14 08:08
KB0003551,P-000973,KH-DAL-01,Dallas,2026-05-28,walk-in,completed,2026-05-28 14:18
KB0004820,P-000669,KH-DAL-02,Dallas,2026-06-17,phone,completed,2026-06-17 09:43
KB0005035,P-001735,KH-PHX-01,Phoenix,2026-06-20,phone,completed,2026-06-20 08:45
KB0000755,P-003492,KH-NYC-03,New York,2026-04-12,walk-in,completed,2026-04-12 14:58
KB0005047,P-002608,KH-NYC-03,New York,2026-06-20,walk-in,completed,2026-06-20 18:31
KB0001493,P-002544,KH-NYC-03,New York,2026-04-24,walk-in,completed,2026-04-24 12:07
KB0000312,P-001840,KH-PHX-02,Phoenix,2026-04-05,,cancelled,2026-04-05 13:53
KB0005407,P-001498,KH-PHX-01,Phoenix,2026-06-26,online,completed,2026-06-26 12:06
KB0005057,P-004700,KH-CHI-02,Chicago,2026-06-20,phone,completed,2026-06-20 10:56
KB0010220,P-001326,KH-PHX-01,Phoenix,2026-09-09,walk-in,completed,2026-09-09 18:45
KB0011102,P-003692,KH-NYC-03,New York,2026-09-22,online,completed,2026-09-22 12:24
KB0008149,P-002119,KH-PHX-01,Phoenix,2026-08-08,phone,cancelled,2026-08-08 18:51
KB0001391,P-006263,KH-PHI-01,Philadelphia,2026-04-22,online,completed,2026-04-22 17:31
KB0007309,P-004957,KH-ATL-01,Atlanta,2026-07-25,walk-in,completed,2026-07-25 10:27
KB0001036,P-006497,KH-PHI-02,Philadelphia,2026-04-16,walk-in,completed,2026-04-16 19:02
KB0002745,P-006190,KH-PHI-03,Philadelphia,2026-05-14,walk-in,completed,2026-05-14 17:06
KB0006198,P-005145,KH-ATL-02,Atlanta,2026-07-08,walk-in,completed,2026-07-08 16:40
KB0002240,P-005238,KH-ATL-02,Atlanta,2026-05-06,online,completed,2026-05-06 15:27
KB0004803,P-004408,KH-CHI-03,Chicago,2026-06-16,online,completed,2026-06-16 10:50
KB0001156,P-005210,KH-ATL-02,Atlanta,2026-04-18,at-home,completed,2026-04-18 08:36
KB0007911,P-004811,KH-CHI-01,Chicago,2026-08-04,phone,completed,2026-08-04 13:15
KB0005391,P-000228,KH-DAL-01,Dallas,2026-06-26,walk-in,completed,2026-06-26 19:13
KB0000850,P-001769,KH-PHX-02,Phoenix,2026-04-14,online,completed,2026-04-14 11:03
KB0005040,P-001550,KH-PHX-02,Phoenix,2026-06-20,online,completed,2026-06-20 10:19
KB0005549,P-004990,KH-ATL-02,Atlanta,2026-06-28,phone,completed,2026-06-28 16:31
KB0010967,P-001736,KH-PHX-01,Phoenix,2026-09-20,at-home,cancelled,2026-09-20 08:55
KB0000681,P-001445,KH-PHX-02,Phoenix,2026-04-11,online,completed,2026-04-11 16:35
KB0005807,P-004965,KH-ATL-02,Atlanta,2026-07-02,walk-in,completed,2026-07-02 12:21
KB0007141,P-001750,KH-PHX-01,Phoenix,2026-07-23,walk-in,completed,2026-07-23 14:31
KB0005789,P-002879,KH-NYC-03,New York,2026-07-02,walk-in,completed,2026-07-02 18:44
KB0006342,P-000185,KH-DAL-03,Dallas,2026-07-11,walk-in,completed,2026-07-11 15:56
KB0001317,P-005225,KH-ATL-02,Atlanta,2026-04-21,walk-in,completed,2026-04-21 17:37
KB0009253,P-002951,KH-NYC-01,New York,2026-08-25,online,completed,2026-08-25 18:23
KB0003802,P-000360,KH-DAL-01,Dallas,2026-06-01,walk-in,completed,2026-06-01 17:07
KB0000464,P-000167,KH-DAL-01,Dallas,2026-04-08,walk-in,completed,2026-04-08 17:43
KB0001071,P-003628,KH-NYC-03,New York,2026-04-17,phone,completed,2026-04-17 10:50
KB0009261,P-004946,KH-CHI-01,Chicago,2026-08-25,walk-in,completed,2026-08-25 10:03
KB0007878,P-001920,KH-PHX-02,Phoenix,2026-08-04,online,completed,2026-08-04 11:25
KB0006860,P-001199,KH-DAL-01,Dallas,2026-07-19,phone,cancelled,2026-07-19 09:49
KB0002839,P-001801,KH-PHX-01,Phoenix,2026-05-16,walk-in,completed,2026-05-16 19:03
KB0010044,P-003788,KH-NYC-03,New York,2026-09-06,walk-in,completed,2026-09-06 17:05
KB0002523,P-001723,KH-PHX-03,Phoenix,2026-05-11,at-home,completed,2026-05-11 18:02
KB0008012,P-001796,KH-PHX-01,Phoenix,2026-08-06,walk-in,completed,2026-08-06 11:30
KB0009065,P-002140,KH-PHX-02,Phoenix,2026-08-22,walk-in,completed,2026-08-22 12:21
KB0004112,P-003971,KH-CHI-03,Chicago,2026-06-05,online,completed,2026-06-05 08:11
KB0007964,P-003483,KH-NYC-02,New York,2026-08-05,walk-in,completed,2026-08-05 11:25
KB0011120,P-004965,KH-ATL-02,Atlanta,2026-09-22,online,completed,2026-09-22 12:54
KB0011508,P-003879,KH-NYC-02,New York,2026-09-28,at-home,completed,2026-09-28 09:11
KB0003841,P-004589,KH-CHI-02,Chicago,2026-06-01,walk-in,completed,2026-06-01 11:56
KB0009545,P-006531,KH-PHI-02,Philadelphia,2026-08-29,at-home,completed,2026-08-29 08:45
KB0006083,P-001274,KH-PHX-01,Phoenix,2026-07-07,phone,completed,2026-07-07 19:53
KB0002041,P-005545,KH-ATL-03,Atlanta,2026-05-03,online,completed,2026-05-03 14:02
KB0005456,P-000039,KH-DAL-01,Dallas,2026-06-27,online,completed,2026-06-27 08:15
KB0007664,P-004985,KH-ATL-01,Atlanta,2026-07-31,walk-in,completed,2026-07-31 19:06
KB0006776,P-005253,KH-ATL-01,Atlanta,2026-07-17,walk-in,completed,2026-07-17 12:26
KB0010896,P-001782,KH-PHX-03,Phoenix,2026-09-19,phone,completed,2026-09-19 17:04
KB0011666,P-003515,KH-NYC-02,New York,2026-09-30,online,completed,2026-09-30 14:00
KB0005773,P-001776,KH-PHX-03,Phoenix,2026-07-02,online,completed,2026-07-02 17:16
KB0008981,P-006347,KH-PHI-03,Philadelphia,2026-08-20,at-home,cancelled,2026-08-20 14:17
KB0001917,P-005184,KH-ATL-02,Atlanta,2026-05-01,,completed,2026-05-01 10:14
KB0000267,P-004674,KH-CHI-02,Chicago,2026-04-04,phone,completed,2026-04-04 16:36
KB0002101,P-003151,KH-NYC-03,New York,2026-05-04,walk-in,completed,2026-05-04 16:56
KB0010528,P-005766,KH-PHI-01,Philadelphia,2026-09-13,online,completed,2026-09-13 12:25
KB0003442,P-001424,KH-PHX-01,Phoenix,2026-05-26,online,completed,2026-05-26 12:55
KB0009088,P-004619,KH-CHI-03,Chicago,2026-08-22,phone,completed,2026-08-22 17:58
KB0002849,P-003149,KH-NYC-03,New York,2026-05-16,at-home,completed,2026-05-16 09:08
KB0009694,P-000870,KH-DAL-02,Dallas,2026-09-01,walk-in,completed,2026-09-01 15:08
KB0000050,P-004472,KH-CHI-02,Chicago,2026-04-01,walk-in,completed,2026-04-01 15:04
KB0005384,P-006002,KH-PHI-01,Philadelphia,2026-06-25,walk-in,completed,2026-06-25 11:36
KB0004651,P-000483,KH-DAL-02,Dallas,2026-06-14,online,completed,2026-06-14 10:53
KB0009782,P-003880,KH-NYC-03,New York,2026-09-02,walk-in,completed,2026-09-02 19:38
KB0004371,P-001184,KH-DAL-02,Dallas,2026-06-10,walk-in,completed,2026-06-10 09:43
KB0002172,P-003692,KH-NYC-01,New York,2026-05-05,phone,completed,2026-05-05 16:56
KB0008815,P-005209,KH-ATL-02,Atlanta,2026-08-18,walk-in,completed,2026-08-18 10:57
KB0001211,P-000106,KH-DAL-03,Dallas,2026-04-20,at-home,completed,2026-04-20 09:39
KB0007764,P-001977,KH-PHX-03,Phoenix,2026-08-02,walk-in,completed,2026-08-02 16:09
KB0000412,P-000118,KH-DAL-03,Dallas,2026-04-07,at-home,completed,2026-04-07 13:23
KB0010113,P-003210,KH-NYC-01,New York,2026-09-07,at-home,completed,2026-09-07 09:42
KB0004634,P-005150,KH-ATL-02,Atlanta,2026-06-13,online,completed,2026-06-13 15:10
KB0000766,P-005446,KH-ATL-02,Atlanta,2026-04-12,phone,completed,2026-04-12 09:55
KB0010676,P-002412,KH-PHX-01,Phoenix,2026-09-16,phone,completed,2026-09-16 08:44
KB0006488,P-003425,KH-NYC-02,New York,2026-07-13,online,completed,2026-07-13 14:53
KB0011683,P-005082,KH-ATL-02,Atlanta,2026-09-30,online,completed,2026-09-30 11:06
KB0003643,P-001645,KH-PHX-03,Phoenix,2026-05-29,online,completed,2026-05-29 10:23
KB0007156,P-003627,KH-NYC-03,New York,2026-07-23,phone,completed,2026-07-23 19:25
KB0002938,P-000030,KH-DAL-03,Dallas,2026-05-18,walk-in,completed,2026-05-18 10:24
KB0007637,P-001754,KH-PHX-01,Phoenix,2026-07-31,walk-in,completed,2026-07-31 16:06
KB0007000,P-001549,KH-PHX-03,Phoenix,2026-07-21,phone,completed,2026-07-21 15:38
KB0003446,P-003602,KH-NYC-01,New York,2026-05-26,walk-in,completed,2026-05-26 12:10
KB0000341,P-006195,KH-PHI-03,Philadelphia,2026-04-05,online,completed,2026-04-05 16:17
KB0002520,P-001354,KH-PHX-02,Phoenix,2026-05-11,walk-in,completed,2026-05-11 17:47
KB0007375,P-001139,KH-DAL-02,Dallas,2026-07-27,walk-in,completed,2026-07-27 14:11
KB0005634,P-000566,KH-DAL-03,Dallas,2026-06-30,walk-in,completed,2026-06-30 09:59
KB0002177,P-003512,KH-NYC-01,New York,2026-05-05,online,completed,2026-05-05 11:40
KB0000581,P-004767,KH-CHI-01,Chicago,2026-04-09,walk-in,completed,2026-04-09 15:48
KB0010147,P-000397,KH-DAL-02,Dallas,2026-09-08,online,completed,2026-09-08 08:59
KB0004091,P-001836,KH-PHX-02,Phoenix,2026-06-05,walk-in,completed,2026-06-05 14:34
KB0006766,P-003196,KH-NYC-01,New York,2026-07-17,walk-in,completed,2026-07-17 17:09
KB0006424,P-003148,KH-NYC-03,New York,2026-07-12,phone,completed,2026-07-12 18:51
KB0006662,P-000155,KH-DAL-03,Dallas,2026-07-16,online,completed,2026-07-16 11:09
KB0002367,P-004742,KH-CHI-03,Chicago,2026-05-08,walk-in,completed,2026-05-08 11:28
KB0003240,P-006001,KH-PHI-01,Philadelphia,2026-05-22,at-home,completed,2026-05-22 09:51
KB0002776,P-001685,KH-PHX-01,Phoenix,2026-05-15,walk-in,completed,2026-05-15 18:08
KB0003250,P-000020,KH-DAL-01,Dallas,2026-05-23,phone,completed,2026-05-23 14:23
KB0010954,P-001369,KH-PHX-01,Phoenix,2026-09-20,online,completed,2026-09-20 17:41
KB0001529,P-001853,KH-PHX-03,Phoenix,2026-04-25,online,completed,2026-04-25 17:27
KB0009275,P-005216,KH-ATL-03,Atlanta,2026-08-25,online,completed,2026-08-25 16:15
KB0003171,P-006281,KH-PHI-02,Philadelphia,2026-05-21,phone,completed,2026-05-21 13:27
KB0001262,P-005687,KH-ATL-02,Atlanta,2026-04-20,walk-in,completed,2026-04-20 09:29
KB0007372,P-000586,KH-DAL-01,Dallas,2026-07-27,online,completed,2026-07-27 09:40
KB0002855,P-002987,KH-NYC-03,New York,2026-05-16,online,completed,2026-05-16 09:19
KB0007379,P-002242,KH-PHX-03,Phoenix,2026-07-27,walk-in,completed,2026-07-27 16:17
KB0011660,P-001394,KH-PHX-01,Phoenix,2026-09-30,online,completed,2026-09-30 09:58
KB0006050,P-005209,KH-ATL-01,Atlanta,2026-07-06,online,completed,2026-07-06 13:11
KB0008786,P-001870,KH-PHX-02,Phoenix,2026-08-18,phone,completed,2026-08-18 15:13
KB0007201,P-001222,KH-DAL-02,Dallas,2026-07-24,online,completed,2026-07-24 08:20
KB0006599,P-001289,KH-PHX-01,Phoenix,2026-07-15,online,completed,2026-07-15 12:06
KB0005870,P-004830,KH-CHI-02,Chicago,2026-07-03,walk-in,completed,2026-07-03 19:37
KB0009387,P-003140,KH-NYC-01,New York,2026-08-27,at-home,completed,2026-08-27 15:45
KB0008937,P-002400,KH-PHX-01,Phoenix,2026-08-20,online,completed,2026-08-20 15:58
KB0005232,P-003045,KH-NYC-03,New York,2026-06-23,online,completed,2026-06-23 15:10
KB0009651,P-004690,KH-CHI-03,Chicago,2026-08-31,walk-in,completed,2026-08-31 12:55
KB0002444,P-006315,KH-PHI-01,Philadelphia,2026-05-09,phone,completed,2026-05-09 19:04
KB0001166,P-001152,KH-DAL-01,Dallas,2026-04-19,walk-in,completed,2026-04-19 08:12
KB0010577,P-004929,KH-CHI-01,Chicago,2026-09-14,at-home,completed,2026-09-14 13:56
KB0000450,P-004775,KH-CHI-02,Chicago,2026-04-07,online,completed,2026-04-07 15:26
KB0008987,P-000688,KH-DAL-02,Dallas,2026-08-21,phone,completed,2026-08-21 14:16
KB0006180,P-004596,KH-CHI-03,Chicago,2026-07-08,walk-in,completed,2026-07-08 18:58
KB0007270,P-000293,KH-DAL-03,Dallas,2026-07-25,online,cancelled,2026-07-25 10:44
KB0006245,P-004945,KH-CHI-03,Chicago,2026-07-09,walk-in,completed,2026-07-09 15:49
KB0011149,P-000803,KH-DAL-02,Dallas,2026-09-23,walk-in,completed,2026-09-23 14:13
KB0010530,P-006404,KH-PHI-02,Philadelphia,2026-09-13,at-home,completed,2026-09-13 16:49
KB0010023,P-000605,KH-DAL-01,Dallas,2026-09-06,walk-in,completed,2026-09-06 13:41
KB0001582,P-000427,KH-DAL-03,Dallas,2026-04-26,online,completed,2026-04-26 08:00
KB0006833,P-004678,KH-CHI-02,Chicago,2026-07-18,at-home,completed,2026-07-18 13:36
KB0010701,P-004216,KH-CHI-02,Chicago,2026-09-16,online,completed,2026-09-16 16:16
KB0003696,P-000079,KH-DAL-03,Dallas,2026-05-30,walk-in,completed,2026-05-30 16:55
KB0008325,P-000517,KH-DAL-01,Dallas,2026-08-11,at-home,completed,2026-08-11 16:45
KB0006272,P-006565,KH-PHI-01,Philadelphia,2026-07-09,phone,completed,2026-07-09 11:45
KB0009516,P-002969,KH-NYC-03,New York,2026-08-29,walk-in,completed,2026-08-29 17:25
KB0005342,P-002121,KH-PHX-03,Phoenix,2026-06-25,online,completed,2026-06-25 11:11
KB0010041,P-003476,KH-NYC-02,New York,2026-09-06,walk-in,completed,2026-09-06 12:30
KB0004617,P-002887,KH-NYC-03,New York,2026-06-13,walk-in,completed,2026-06-13 09:00
KB0008691,P-005322,KH-ATL-01,Atlanta,2026-08-16,walk-in,completed,2026-08-16 18:35
KB0004261,P-002049,KH-PHX-01,Phoenix,2026-06-08,walk-in,completed,2026-06-08 19:24
KB0000473,P-000349,KH-DAL-02,Dallas,2026-04-08,walk-in,completed,2026-04-08 16:02
KB0007096,P-004576,KH-CHI-02,Chicago,2026-07-22,online,completed,2026-07-22 14:57
KB0000965,P-006272,KH-PHI-03,Philadelphia,2026-04-15,phone,completed,2026-04-15 18:00
KB0004626,P-004606,KH-CHI-02,Chicago,2026-06-13,walk-in,completed,2026-06-13 13:24
KB0000138,P-006151,KH-PHI-02,Philadelphia,2026-04-02,walk-in,completed,2026-04-02 09:46
KB0000708,P-004571,KH-CHI-01,Chicago,2026-04-11,online,completed,2026-04-11 09:53
KB0005423,P-002461,KH-NYC-02,New York,2026-06-26,walk-in,cancelled,2026-06-26 08:18
KB0003025,P-002275,KH-PHX-03,Phoenix,2026-05-19,online,completed,2026-05-19 18:51
KB0008198,P-001908,KH-PHX-02,Phoenix,2026-08-09,online,completed,2026-08-09 13:06
KB0010361,P-002064,KH-PHX-01,Phoenix,2026-09-11,phone,completed,2026-09-11 11:49
KB0000997,P-003640,KH-NYC-02,New York,2026-04-16,walk-in,completed,2026-04-16 10:28
KB0001279,P-001113,KH-DAL-01,Dallas,2026-04-21,at-home,completed,2026-04-21 15:10
KB0002973,P-003535,KH-NYC-02,New York,2026-05-18,at-home,completed,2026-05-18 09:14
KB0007397,P-003022,KH-NYC-02,New York,2026-07-27,walk-in,completed,2026-07-27 17:17
KB0003431,P-002413,KH-PHX-02,Phoenix,2026-05-26,at-home,completed,2026-05-26 13:43
KB0000672,P-000018,KH-DAL-02,Dallas,2026-04-11,phone,completed,2026-04-11 09:48
KB0009693,P-000577,KH-DAL-01,Dallas,2026-09-01,online,cancelled,2026-09-01 11:48
KB0009206,P-005671,KH-ATL-01,Atlanta,2026-08-24,phone,completed,2026-08-24 14:14
KB0006104,P-003694,KH-NYC-01,New York,2026-07-07,walk-in,completed,2026-07-07 16:48
KB0000618,P-002050,KH-PHX-02,Phoenix,2026-04-10,online,completed,2026-04-10 14:43
KB0009505,P-001742,KH-PHX-03,Phoenix,2026-08-29,online,completed,2026-08-29 10:21
KB0003505,P-001595,KH-PHX-01,Phoenix,2026-05-27,walk-in,completed,2026-05-27 09:05
KB0006330,P-005658,KH-ATL-02,Atlanta,2026-07-10,phone,completed,2026-07-10 15:20
KB0000877,P-004236,KH-CHI-02,Chicago,2026-04-14,walk-in,completed,2026-04-14 09:57
KB0010559,P-001755,KH-PHX-03,Phoenix,2026-09-14,online,completed,2026-09-14 08:51
KB0003641,P-002364,KH-PHX-01,Phoenix,2026-05-29,online,completed,2026-05-29 17:35
KB0003915,P-005364,KH-ATL-02,Atlanta,2026-06-02,walk-in,completed,2026-06-02 13:02
KB0004429,P-006669,KH-PHI-03,Philadelphia,2026-06-10,online,completed,2026-06-10 12:01
KB0006000,P-000782,KH-DAL-01,Dallas,2026-07-06,walk-in,completed,2026-07-06 17:17
KB0008736,P-002635,KH-NYC-02,New York,2026-08-17,at-home,cancelled,2026-08-17 19:19
KB0006258,P-004168,KH-CHI-02,Chicago,2026-07-09,walk-in,completed,2026-07-09 08:10
KB0010513,P-003206,KH-NYC-02,New York,2026-09-13,at-home,completed,2026-09-13 17:41
KB0003910,P-004696,KH-CHI-02,Chicago,2026-06-02,walk-in,completed,2026-06-02 14:52
KB0004520,P-002270,KH-PHX-03,Phoenix,2026-06-12,online,completed,2026-06-12 17:08
KB0010408,P-005913,KH-PHI-01,Philadelphia,2026-09-11,online,completed,2026-09-11 08:16
KB0002958,P-002176,KH-PHX-02,Phoenix,2026-05-18,online,completed,2026-05-18 18:11
KB0006916,P-000799,KH-DAL-02,Dallas,2026-07-20,online,completed,2026-07-20 08:31
KB0005177,P-004369,KH-CHI-02,Chicago,2026-06-22,online,completed,2026-06-22 15:20
KB0010912,P-002755,KH-NYC-01,New York,2026-09-19,walk-in,completed,2026-09-19 12:04
KB0010750,P-001468,KH-PHX-03,Phoenix,2026-09-17,online,completed,2026-09-17 12:11
KB0010084,P-001880,KH-PHX-01,Phoenix,2026-09-07,phone,completed,2026-09-07 13:44
KB0009464,P-005050,KH-ATL-01,Atlanta,2026-08-28,walk-in,completed,2026-08-28 17:51
KB0007417,P-006144,KH-PHI-02,Philadelphia,2026-07-27,online,cancelled,2026-07-27 10:38
KB0001180,P-002420,KH-PHX-01,Phoenix,2026-04-19,phone,completed,2026-04-19 08:35
KB0001035,P-006492,KH-PHI-01,Philadelphia,2026-04-16,walk-in,completed,2026-04-16 16:47
KB0003613,P-005273,KH-ATL-01,Atlanta,2026-05-28,walk-in,completed,2026-05-28 11:43
KB0001675,P-005936,KH-PHI-01,Philadelphia,2026-04-27,walk-in,completed,2026-04-27 08:47
KB0002164,P-001565,KH-PHX-01,Phoenix,2026-05-05,walk-in,completed,2026-05-05 19:02
KB0009750,P-000254,KH-DAL-03,Dallas,2026-09-02,online,completed,2026-09-02 15:16
KB0008657,P-001098,KH-DAL-03,Dallas,2026-08-16,walk-in,completed,2026-08-16 12:13
KB0003586,P-003053,KH-NYC-03,New York,2026-05-28,phone,completed,2026-05-28 08:16
KB0006699,P-004403,KH-CHI-03,Chicago,2026-07-16,phone,completed,2026-07-16 13:53
KB0009502,P-002103,KH-PHX-01,Phoenix,2026-08-29,phone,completed,2026-08-29 11:09
KB0006972,P-005521,KH-ATL-02,Atlanta,2026-07-20,at-home,completed,2026-07-20 09:33
KB0008651,P-000880,KH-DAL-03,Dallas,2026-08-16,online,completed,2026-08-16 10:00
KB0003539,P-005072,KH-ATL-02,Atlanta,2026-05-27,walk-in,completed,2026-05-27 11:09
KB0010689,P-003249,KH-NYC-03,New York,2026-09-16,,completed,2026-09-16 09:24
KB0004230,P-005605,KH-ATL-02,Atlanta,2026-06-07,online,completed,2026-06-07 19:56
KB0004620,P-003994,KH-CHI-03,Chicago,2026-06-13,at-home,completed,2026-06-13 19:55
KB0000785,P-000371,KH-DAL-02,Dallas,2026-04-13,walk-in,completed,2026-04-13 17:01
KB0010827,P-003441,KH-NYC-03,New York,2026-09-18,walk-in,completed,2026-09-18 16:06
KB0007252,P-005898,KH-PHI-01,Philadelphia,2026-07-24,online,completed,2026-07-24 19:47
KB0000329,P-004416,KH-CHI-02,Chicago,2026-04-05,online,completed,2026-04-05 12:27
KB0005053,P-004039,KH-CHI-01,Chicago,2026-06-20,walk-in,completed,2026-06-20 14:32
KB0002930,P-006562,KH-PHI-01,Philadelphia,2026-05-17,online,completed,2026-05-17 17:58
KB0010279,P-000416,KH-DAL-03,Dallas,2026-09-10,at-home,cancelled,2026-09-10 19:41
KB0008661,P-001553,KH-PHX-03,Phoenix,2026-08-16,walk-in,completed,2026-08-16 19:32
KB0009166,P-000275,KH-DAL-03,Dallas,2026-08-24,walk-in,completed,2026-08-24 19:43
KB0006621,P-002648,KH-NYC-01,New York,2026-07-15,walk-in,completed,2026-07-15 15:54
KB0010681,P-001787,KH-PHX-02,Phoenix,2026-09-16,online,completed,2026-09-16 12:57
KB0007464,P-004558,KH-CHI-03,Chicago,2026-07-28,walk-in,completed,2026-07-28 17:21
KB0007025,P-004582,KH-CHI-03,Chicago,2026-07-21,walk-in,completed,2026-07-21 11:16
KB0000671,P-000396,KH-DAL-03,Dallas,2026-04-11,online,completed,2026-04-11 10:24
KB0001209,P-006492,KH-PHI-01,Philadelphia,2026-04-19,walk-in,completed,2026-04-19 13:45
KB0011157,P-001692,KH-PHX-03,Phoenix,2026-09-23,walk-in,completed,2026-09-23 14:28
KB0000058,P-005989,KH-PHI-01,Philadelphia,2026-04-01,online,completed,2026-04-01 09:25
KB0000856,P-001531,KH-PHX-03,Phoenix,2026-04-14,online,completed,2026-04-14 14:18
KB0000273,P-004551,KH-CHI-03,Chicago,2026-04-04,walk-in,completed,2026-04-04 11:25
KB0003435,P-002094,KH-PHX-01,Phoenix,2026-05-26,walk-in,completed,2026-05-26 14:30
KB0008306,P-005405,KH-ATL-02,Atlanta,2026-08-10,at-home,completed,2026-08-10 13:34
KB0010879,P-000328,KH-DAL-03,Dallas,2026-09-19,phone,completed,2026-09-19 16:12
KB0003875,P-000255,KH-DAL-03,Dallas,2026-06-02,walk-in,completed,2026-06-02 17:12
KB0009861,P-005076,KH-ATL-02,Atlanta,2026-09-03,at-home,completed,2026-09-03 13:54
KB0007767,P-001813,KH-PHX-03,Phoenix,2026-08-02,at-home,completed,2026-08-02 12:28
KB0000625,P-002518,KH-NYC-03,New York,2026-04-10,walk-in,completed,2026-04-10 14:06
KB0000055,P-005129,KH-ATL-02,Atlanta,2026-04-01,walk-in,completed,2026-04-01 17:15
KB0004000,P-006074,KH-PHI-03,Philadelphia,2026-06-03,at-home,completed,2026-06-03 16:04
KB0006570,P-005010,KH-ATL-02,Atlanta,2026-07-14,walk-in,completed,2026-07-14 11:14
KB0008698,P-000858,KH-DAL-03,Dallas,2026-08-17,walk-in,completed,2026-08-17 15:46
KB0007740,P-006253,KH-PHI-03,Philadelphia,2026-08-01,online,completed,2026-08-01 16:44
KB0009089,P-004696,KH-CHI-03,Chicago,2026-08-22,phone,completed,2026-08-22 14:02
KB0009153,P-006142,KH-PHI-02,Philadelphia,2026-08-23,online,completed,2026-08-23 18:17
KB0011051,P-005207,KH-ATL-01,Atlanta,2026-09-21,walk-in,completed,2026-09-21 11:48
KB0003484,P-000619,KH-DAL-03,Dallas,2026-05-27,walk-in,completed,2026-05-27 08:46
KB0010421,P-000859,KH-DAL-03,Dallas,2026-09-12,phone,completed,2026-09-12 18:36
KB0005666,P-003593,KH-NYC-03,New York,2026-06-30,phone,completed,2026-06-30 12:33
KB0008647,P-006152,KH-PHI-02,Philadelphia,2026-08-15,online,completed,2026-08-15 18:27
KB0005589,P-002181,KH-PHX-02,Phoenix,2026-06-29,walk-in,completed,2026-06-29 17:09
KB0004744,P-006583,KH-PHI-03,Philadelphia,2026-06-15,online,completed,2026-06-15 13:49
KB0009985,P-002633,KH-NYC-01,New York,2026-09-05,at-home,completed,2026-09-05 10:13
KB0007677,P-000178,KH-DAL-02,Dallas,2026-08-01,walk-in,completed,2026-08-01 08:38
KB0002658,P-004243,KH-CHI-01,Chicago,2026-05-13,walk-in,completed,2026-05-13 12:04
KB0001318,P-005649,KH-ATL-02,Atlanta,2026-04-21,at-home,completed,2026-04-21 08:23
KB0001540,P-001947,KH-PHX-02,Phoenix,2026-04-25,online,completed,2026-04-25 10:40
KB0006674,P-002371,KH-PHX-02,Phoenix,2026-07-16,at-home,completed,2026-07-16 11:20
KB0005726,P-003638,KH-NYC-02,New York,2026-07-01,walk-in,completed,2026-07-01 16:22
KB0004771,P-002245,KH-PHX-02,Phoenix,2026-06-16,phone,completed,2026-06-16 09:21
KB0011091,P-002383,KH-PHX-03,Phoenix,2026-09-22,at-home,completed,2026-09-22 10:42
KB0006926,P-001052,KH-DAL-02,Dallas,2026-07-20,walk-in,completed,2026-07-20 18:38
KB0005694,P-000523,KH-DAL-03,Dallas,2026-07-01,walk-in,completed,2026-07-01 09:40
KB0000123,P-005536,KH-ATL-01,Atlanta,2026-04-02,walk-in,completed,2026-04-02 19:55
KB0001037,P-000101,KH-DAL-03,Dallas,2026-04-17,walk-in,completed,2026-04-17 10:43
KB0008935,P-001402,KH-PHX-03,Phoenix,2026-08-20,at-home,completed,2026-08-20 09:30
KB0007496,P-000416,KH-DAL-01,Dallas,2026-07-29,at-home,completed,2026-07-29 12:07
KB0010070,P-001116,KH-DAL-02,Dallas,2026-09-07,online,completed,2026-09-07 08:49
KB0010653,P-005510,KH-ATL-01,Atlanta,2026-09-15,online,completed,2026-09-15 08:14
KB0001042,P-000983,KH-DAL-02,Dallas,2026-04-17,at-home,completed,2026-04-17 19:29
KB0006183,P-004513,KH-CHI-02,Chicago,2026-07-08,walk-in,completed,2026-07-08 11:08
KB0010114,P-003802,KH-NYC-02,New York,2026-09-07,online,completed,2026-09-07 19:18
KB0005488,P-003188,KH-NYC-03,New York,2026-06-27,at-home,completed,2026-06-27 16:32
KB0002546,P-004846,KH-CHI-02,Chicago,2026-05-11,online,completed,2026-05-11 09:29
KB0007469,P-005717,KH-ATL-02,Atlanta,2026-07-28,at-home,completed,2026-07-28 18:31
KB0009446,P-003908,KH-NYC-02,New York,2026-08-28,walk-in,completed,2026-08-28 12:09
KB0009500,P-000193,KH-DAL-02,Dallas,2026-08-29,phone,completed,2026-08-29 12:45
KB0004181,P-005692,KH-ATL-02,Atlanta,2026-06-06,at-home,completed,2026-06-06 18:02
KB0003678,P-005934,KH-PHI-01,Philadelphia,2026-05-29,online,completed,2026-05-29 15:33
KB0011099,P-002518,KH-NYC-02,New York,2026-09-22,at-home,completed,2026-09-22 15:44
KB0010331,P-005591,KH-ATL-01,Atlanta,2026-09-10,walk-in,completed,2026-09-10 08:31
KB0002298,P-004019,KH-CHI-01,Chicago,2026-05-07,walk-in,completed,2026-05-07 10:13
KB0001230,P-001396,KH-PHX-01,Phoenix,2026-04-20,walk-in,cancelled,2026-04-20 14:01
KB0001511,P-006014,KH-PHI-01,Philadelphia,2026-04-24,walk-in,completed,2026-04-24 09:09
KB0010199,P-006398,KH-PHI-03,Philadelphia,2026-09-08,walk-in,completed,2026-09-08 09:53
KB0005138,P-000310,KH-DAL-03,Dallas,2026-06-22,walk-in,completed,2026-06-22 19:40
KB0003245,P-000189,KH-DAL-02,Dallas,2026-05-23,walk-in,completed,2026-05-23 14:47
KB0006876,P-001630,KH-PHX-03,Phoenix,2026-07-19,walk-in,completed,2026-07-19 18:40
KB0004764,P-001039,KH-DAL-03,Dallas,2026-06-16,walk-in,completed,2026-06-16 18:31
KB0002710,P-002313,KH-PHX-03,Phoenix,2026-05-14,online,completed,2026-05-14 10:39
KB0008688,P-005195,KH-ATL-02,Atlanta,2026-08-16,at-home,completed,2026-08-16 08:00
KB0001746,P-001072,KH-DAL-02,Dallas,2026-04-29,walk-in,completed,2026-04-29 18:24
KB0010158,P-001800,KH-PHX-01,Phoenix,2026-09-08,at-home,completed,2026-09-08 08:55
KB0009259,P-004635,KH-CHI-03,Chicago,2026-08-25,walk-in,completed,2026-08-25 12:06
KB0009646,P-003705,KH-NYC-03,New York,2026-08-31,walk-in,completed,2026-08-31 14:43
KB0004438,P-000270,KH-DAL-01,Dallas,2026-06-11,walk-in,completed,2026-06-11 15:22
KB0005800,P-004601,KH-CHI-01,Chicago,2026-07-02,walk-in,completed,2026-07-02 09:53
KB0001175,P-001971,KH-PHX-01,Phoenix,2026-04-19,walk-in,completed,2026-04-19 11:08
KB0001207,P-006322,KH-PHI-01,Philadelphia,2026-04-19,walk-in,cancelled,2026-04-19 19:58
KB0005718,P-002339,KH-PHX-02,Phoenix,2026-07-01,walk-in,completed,2026-07-01 17:46
KB0005270,P-000309,KH-DAL-02,Dallas,2026-06-24,at-home,completed,2026-06-24 15:51
KB0008807,P-004103,KH-CHI-01,Chicago,2026-08-18,phone,completed,2026-08-18 13:43
KB0005226,P-003801,KH-NYC-03,New York,2026-06-23,online,completed,2026-06-23 16:19
KB0002478,P-004807,KH-CHI-03,Chicago,2026-05-10,walk-in,completed,2026-05-10 19:08
KB0008847,P-000820,KH-DAL-01,Dallas,2026-08-19,walk-in,completed,2026-08-19 08:16
KB0008304,P-005360,KH-ATL-01,Atlanta,2026-08-10,at-home,completed,2026-08-10 09:39
KB0007843,P-004401,KH-CHI-01,Chicago,2026-08-03,online,completed,2026-08-03 19:41
KB0004088,P-001757,KH-PHX-01,Phoenix,2026-06-05,walk-in,completed,2026-06-05 12:29
KB0006477,P-003945,KH-NYC-01,New York,2026-07-13,phone,completed,2026-07-13 19:53
KB0007149,P-001457,KH-PHX-02,Phoenix,2026-07-23,walk-in,completed,2026-07-23 12:55
KB0006912,P-006510,KH-PHI-01,Philadelphia,2026-07-19,online,completed,2026-07-19 08:26
KB0004660,P-002216,KH-PHX-01,Phoenix,2026-06-14,online,completed,2026-06-14 11:33
KB0003367,P-001201,KH-DAL-01,Dallas,2026-05-25,online,completed,2026-05-25 18:05
KB0006405,P-000364,KH-DAL-01,Dallas,2026-07-12,walk-in,completed,2026-07-12 16:20
KB0004892,P-000778,KH-DAL-03,Dallas,2026-06-18,walk-in,completed,2026-06-18 13:41
KB0002487,P-005384,KH-ATL-02,Atlanta,2026-05-10,walk-in,completed,2026-05-10 12:33
KB0010979,P-005348,KH-ATL-02,Atlanta,2026-09-20,at-home,completed,2026-09-20 14:00
KB0001502,P-005637,KH-ATL-03,Atlanta,2026-04-24,walk-in,completed,2026-04-24 12:19
KB0004990,P-004398,KH-CHI-02,Chicago,2026-06-19,online,completed,2026-06-19 18:09
KB0007047,P-000182,KH-DAL-03,Dallas,2026-07-22,walk-in,completed,2026-07-22 15:33
KB0003415,P-005905,KH-PHI-02,Philadelphia,2026-05-25,online,completed,2026-05-25 11:54
KB0008120,P-005391,KH-ATL-02,Atlanta,2026-08-07,online,completed,2026-08-07 09:13
KB0010524,P-005034,KH-ATL-01,Atlanta,2026-09-13,walk-in,cancelled,2026-09-13 10:28
KB0006765,P-003791,KH-NYC-02,New York,2026-07-17,online,completed,2026-07-17 14:14
KB0002091,P-001487,KH-PHX-02,Phoenix,2026-05-04,walk-in,completed,2026-05-04 19:56
KB0010255,P-004934,KH-CHI-01,Chicago,2026-09-09,walk-in,completed,2026-09-09 15:48
KB0011066,P-000281,KH-DAL-02,Dallas,2026-09-22,walk-in,completed,2026-09-22 08:47
KB0003384,P-002888,KH-NYC-02,New York,2026-05-25,walk-in,completed,2026-05-25 12:29
KB0011475,P-005220,KH-ATL-03,Atlanta,2026-09-27,online,completed,2026-09-27 13:28
KB0010804,P-000311,KH-DAL-03,Dallas,2026-09-18,walk-in,completed,2026-09-18 10:00
KB0000691,P-002813,KH-NYC-01,New York,2026-04-11,walk-in,completed,2026-04-11 10:37
KB0008054,P-000001,KH-DAL-01,Dallas,2026-08-06,employer,completed,2026-08-06 11:11
KB0003011,P-000743,KH-DAL-03,Dallas,2026-05-19,online,completed,2026-05-19 13:00
KB0005484,P-002491,KH-NYC-02,New York,2026-06-27,walk-in,completed,2026-06-27 18:14
KB0011227,P-001852,KH-PHX-01,Phoenix,2026-09-24,phone,completed,2026-09-24 19:47
KB0006615,P-002246,KH-PHX-02,Phoenix,2026-07-15,walk-in,completed,2026-07-15 13:42
KB0009064,P-001840,KH-PHX-01,Phoenix,2026-08-22,at-home,completed,2026-08-22 15:55
KB0004791,P-002623,KH-NYC-03,New York,2026-06-16,walk-in,completed,2026-06-16 12:03
KB0007307,P-005047,KH-ATL-03,Atlanta,2026-07-25,phone,completed,2026-07-25 10:35
KB0004867,P-004560,KH-CHI-02,Chicago,2026-06-17,walk-in,completed,2026-06-17 17:59
KB0006884,P-002563,KH-NYC-02,New York,2026-07-19,walk-in,completed,2026-07-19 18:34
KB0011311,P-001577,KH-PHX-01,Phoenix,2026-09-25,online,completed,2026-09-25 10:05
KB0000981,P-001566,KH-PHX-03,Phoenix,2026-04-16,walk-in,completed,2026-04-16 17:36
KB0007681,P-000807,KH-DAL-02,Dallas,2026-08-01,at-home,completed,2026-08-01 16:15
KB0006515,P-000683,KH-DAL-01,Dallas,2026-07-14,walk-in,completed,2026-07-14 09:53
KB0006064,P-006092,KH-PHI-03,Philadelphia,2026-07-06,walk-in,completed,2026-07-06 17:46
KB0003790,P-005898,KH-PHI-03,Philadelphia,2026-05-31,walk-in,completed,2026-05-31 14:30
KB0010749,P-002120,KH-PHX-02,Phoenix,2026-09-17,online,completed,2026-09-17 11:40
KB0004461,P-002405,KH-PHX-01,Phoenix,2026-06-11,online,completed,2026-06-11 14:57
KB0009449,P-003563,KH-NYC-03,New York,2026-08-28,walk-in,completed,2026-08-28 12:46
KB0002808,P-005017,KH-ATL-02,Atlanta,2026-05-15,walk-in,completed,2026-05-15 15:26
KB0009882,P-001083,KH-DAL-02,Dallas,2026-09-04,phone,completed,2026-09-04 09:52
KB0009699,P-002392,KH-PHX-02,Phoenix,2026-09-01,walk-in,completed,2026-09-01 13:20
KB0003686,P-001133,KH-DAL-01,Dallas,2026-05-30,at-home,completed,2026-05-30 13:46
KB0007204,P-000812,KH-DAL-02,Dallas,2026-07-24,at-home,completed,2026-07-24 16:55
KB0001485,P-002987,KH-NYC-02,New York,2026-04-24,,completed,2026-04-24 13:33
KB0001246,P-003865,KH-NYC-01,New York,2026-04-20,online,completed,2026-04-20 09:02
KB0009194,P-004414,KH-CHI-02,Chicago,2026-08-24,online,completed,2026-08-24 17:43
KB0008002,P-001003,KH-DAL-03,Dallas,2026-08-06,,completed,2026-08-06 11:29
KB0008353,P-003269,KH-NYC-02,New York,2026-08-11,at-home,completed,2026-08-11 19:22
KB0007962,P-002782,KH-NYC-03,New York,2026-08-05,walk-in,completed,2026-08-05 11:40
KB0003065,P-000028,KH-DAL-02,Dallas,2026-05-20,online,completed,2026-05-20 18:35
KB0010583,P-005048,KH-ATL-03,Atlanta,2026-09-14,online,completed,2026-09-14 09:52
KB0008972,P-005558,KH-ATL-02,Atlanta,2026-08-20,walk-in,completed,2026-08-20 15:17
KB0005015,P-000745,KH-DAL-02,Dallas,2026-06-20,phone,completed,2026-06-20 11:37
KB0009983,P-003675,KH-NYC-02,New York,2026-09-05,phone,completed,2026-09-05 17:13
KB0004036,P-003846,KH-NYC-03,New York,2026-06-04,at-home,completed,2026-06-04 09:51
KB0003597,P-004024,KH-CHI-02,Chicago,2026-05-28,walk-in,completed,2026-05-28 13:55
KB0008717,P-002266,KH-PHX-01,Phoenix,2026-08-17,walk-in,completed,2026-08-17 10:04
KB0009878,P-000182,KH-DAL-03,Dallas,2026-09-04,online,completed,2026-09-04 14:41
KB0001247,P-004449,KH-CHI-02,Chicago,2026-04-20,at-home,completed,2026-04-20 10:46
KB0002657,P-002559,KH-NYC-01,New York,2026-05-13,at-home,completed,2026-05-13 13:11
KB0011155,P-002253,KH-PHX-01,Phoenix,2026-09-23,walk-in,completed,2026-09-23 10:21
KB0001796,P-005102,KH-ATL-02,Atlanta,2026-04-29,walk-in,completed,2026-04-29 13:49
KB0008730,P-003036,KH-NYC-01,New York,2026-08-17,phone,cancelled,2026-08-17 08:23
KB0009916,P-002621,KH-NYC-02,New York,2026-09-04,online,completed,2026-09-04 17:51
KB0002634,P-001685,KH-PHX-03,Phoenix,2026-05-13,online,completed,2026-05-13 17:44
KB0008774,P-000377,KH-DAL-03,Dallas,2026-08-18,walk-in,cancelled,2026-08-18 10:25
KB0004241,P-000226,KH-DAL-02,Dallas,2026-06-08,walk-in,completed,2026-06-08 08:41
KB0011318,P-001851,KH-PHX-01,Phoenix,2026-09-25,,completed,2026-09-25 18:07
KB0006240,P-003686,KH-NYC-01,New York,2026-07-09,online,completed,2026-07-09 18:37
KB0002465,P-001505,KH-PHX-01,Phoenix,2026-05-10,online,completed,2026-05-10 16:54
KB0000970,P-000387,KH-DAL-02,Dallas,2026-04-16,online,completed,2026-04-16 10:08
KB0001056,P-001643,KH-PHX-01,Phoenix,2026-04-17,phone,completed,2026-04-17 17:55
KB0002028,P-003102,KH-NYC-02,New York,2026-05-03,at-home,completed,2026-05-03 15:45
KB0004262,P-001458,KH-PHX-01,Phoenix,2026-06-08,walk-in,completed,2026-06-08 09:11
KB0002615,P-005488,KH-ATL-02,Atlanta,2026-05-12,walk-in,completed,2026-05-12 16:33
KB0011201,P-005654,KH-ATL-02,Atlanta,2026-09-23,walk-in,completed,2026-09-23 15:51
KB0003662,P-004879,KH-CHI-02,Chicago,2026-05-29,online,completed,2026-05-29 17:18
KB0011565,P-001840,KH-PHX-02,Phoenix,2026-09-29,walk-in,completed,2026-09-29 18:28
KB0009781,P-003391,KH-NYC-02,New York,2026-09-02,online,completed,2026-09-02 16:08
KB0004814,P-006323,KH-PHI-02,Philadelphia,2026-06-16,online,completed,2026-06-16 18:16
KB0011141,P-000590,KH-DAL-01,Dallas,2026-09-23,online,completed,2026-09-23 08:24
KB0002250,P-006013,KH-PHI-01,Philadelphia,2026-05-06,walk-in,completed,2026-05-06 14:21
KB0009364,P-001948,KH-PHX-01,Phoenix,2026-08-27,at-home,completed,2026-08-27 09:04
KB0003705,P-001513,KH-PHX-02,Phoenix,2026-05-30,phone,completed,2026-05-30 08:43
KB0003275,P-003409,KH-NYC-01,New York,2026-05-23,at-home,completed,2026-05-23 11:28
KB0001826,P-001383,KH-PHX-02,Phoenix,2026-04-30,online,cancelled,2026-04-30 11:51
KB0002558,P-006280,KH-PHI-01,Philadelphia,2026-05-11,walk-in,completed,2026-05-11 12:38
KB0004745,P-006424,KH-PHI-01,Philadelphia,2026-06-15,online,completed,2026-06-15 17:44
KB0004206,P-001975,KH-PHX-02,Phoenix,2026-06-07,walk-in,completed,2026-06-07 09:13
KB0007362,P-006548,KH-PHI-03,Philadelphia,2026-07-26,online,completed,2026-07-26 17:02
KB0007603,P-005493,KH-ATL-01,Atlanta,2026-07-30,walk-in,completed,2026-07-30 13:11
KB0000761,P-004254,KH-CHI-03,Chicago,2026-04-12,walk-in,completed,2026-04-12 14:50
KB0009729,P-004987,KH-ATL-02,Atlanta,2026-09-01,walk-in,completed,2026-09-01 17:11
KB0008393,P-002433,KH-PHX-03,Phoenix,2026-08-12,at-home,completed,2026-08-12 18:34
KB0007433,P-000928,KH-DAL-02,Dallas,2026-07-28,walk-in,completed,2026-07-28 17:26
KB0004555,P-005666,KH-ATL-01,Atlanta,2026-06-12,online,completed,2026-06-12 12:57
KB0005318,P-006494,KH-PHI-02,Philadelphia,2026-06-24,walk-in,completed,2026-06-24 10:18
KB0010466,P-005334,KH-ATL-02,Atlanta,2026-09-12,walk-in,completed,2026-09-12 11:12
KB0004665,P-003686,KH-NYC-02,New York,2026-06-14,walk-in,completed,2026-06-14 19:33
KB0010761,P-003742,KH-NYC-03,New York,2026-09-17,walk-in,completed,2026-09-17 10:36
KB0010778,P-005729,KH-ATL-01,Atlanta,2026-09-17,walk-in,completed,2026-09-17 14:01
KB0011581,P-003858,KH-NYC-03,New York,2026-09-29,phone,completed,2026-09-29 18:21
KB0004557,P-005650,KH-ATL-02,Atlanta,2026-06-12,at-home,completed,2026-06-12 15:32
KB0001614,P-005691,KH-ATL-01,Atlanta,2026-04-26,walk-in,completed,2026-04-26 11:16
KB0004329,P-002112,KH-PHX-01,Phoenix,2026-06-09,walk-in,completed,2026-06-09 09:00
KB0011033,P-003419,KH-NYC-03,New York,2026-09-21,walk-in,completed,2026-09-21 11:43
KB0010516,P-004365,KH-CHI-03,Chicago,2026-09-13,phone,completed,2026-09-13 16:30
KB0003812,P-001255,KH-PHX-02,Phoenix,2026-06-01,walk-in,completed,2026-06-01 18:41
KB0002573,P-000846,KH-DAL-01,Dallas,2026-05-12,walk-in,completed,2026-05-12 12:46
KB0006679,P-001600,KH-PHX-03,Phoenix,2026-07-16,walk-in,completed,2026-07-16 17:18
KB0006635,P-004706,KH-CHI-01,Chicago,2026-07-15,online,completed,2026-07-15 09:55
KB0009074,P-001584,KH-PHX-03,Phoenix,2026-08-22,walk-in,completed,2026-08-22 11:11
KB0009454,P-004916,KH-CHI-03,Chicago,2026-08-28,online,completed,2026-08-28 08:07
KB0000789,P-001467,KH-PHX-03,Phoenix,2026-04-13,at-home,completed,2026-04-13 19:03
KB0001558,P-004497,KH-CHI-01,Chicago,2026-04-25,online,completed,2026-04-25 09:10
KB0005717,P-001429,KH-PHX-02,Phoenix,2026-07-01,online,completed,2026-07-01 18:53
KB0002243,P-005092,KH-ATL-02,Atlanta,2026-05-06,walk-in,cancelled,2026-05-06 17:58
KB0006318,P-004665,KH-CHI-02,Chicago,2026-07-10,phone,completed,2026-07-10 12:20
KB0003136,P-001930,KH-PHX-03,Phoenix,2026-05-21,phone,completed,2026-05-21 09:01
KB0009888,P-000454,KH-DAL-02,Dallas,2026-09-04,online,completed,2026-09-04 13:19
KB0006955,P-003388,KH-NYC-01,New York,2026-07-20,online,completed,2026-07-20 17:28
KB0009479,P-006060,KH-PHI-03,Philadelphia,2026-08-28,walk-in,completed,2026-08-28 13:32
KB0009852,P-004650,KH-CHI-02,Chicago,2026-09-03,,completed,2026-09-03 17:05
KB0009732,P-005076,KH-ATL-02,Atlanta,2026-09-01,online,completed,2026-09-01 17:16
KB0009238,P-002378,KH-PHX-01,Phoenix,2026-08-25,walk-in,completed,2026-08-25 13:36
KB0011232,P-002139,KH-PHX-01,Phoenix,2026-09-24,phone,completed,2026-09-24 13:07
KB0007465,P-004930,KH-CHI-03,Chicago,2026-07-28,online,completed,2026-07-28 15:11
KB0009305,P-001378,KH-PHX-02,Phoenix,2026-08-26,at-home,completed,2026-08-26 16:23
KB0011636,P-000253,KH-DAL-01,Dallas,2026-09-30,online,completed,2026-09-30 11:23
KB0005647,P-001951,KH-PHX-02,Phoenix,2026-06-30,walk-in,completed,2026-06-30 13:15
KB0003150,P-003707,KH-NYC-03,New York,2026-05-21,online,completed,2026-05-21 14:22
KB0009660,P-005410,KH-ATL-01,Atlanta,2026-08-31,online,cancelled,2026-08-31 17:12
KB0000973,P-000235,KH-DAL-01,Dallas,2026-04-16,online,completed,2026-04-16 10:43
KB0002233,P-004759,KH-CHI-03,Chicago,2026-05-06,walk-in,completed,2026-05-06 13:42
KB0001337,P-001062,KH-DAL-03,Dallas,2026-04-22,phone,completed,2026-04-22 08:05
KB0005292,P-003463,KH-NYC-03,New York,2026-06-24,walk-in,completed,2026-06-24 13:14
KB0001680,P-006093,KH-PHI-03,Philadelphia,2026-04-27,phone,completed,2026-04-27 16:16
KB0006574,P-005991,KH-PHI-02,Philadelphia,2026-07-14,walk-in,completed,2026-07-14 18:00
KB0001552,P-002612,KH-NYC-03,New York,2026-04-25,walk-in,completed,2026-04-25 12:43
KB0006710,P-004953,KH-ATL-02,Atlanta,2026-07-16,walk-in,completed,2026-07-16 09:43
KB0004697,P-000533,KH-DAL-02,Dallas,2026-06-15,walk-in,completed,2026-06-15 08:17
KB0001700,P-002020,KH-PHX-02,Phoenix,2026-04-28,at-home,completed,2026-04-28 08:27
KB0007921,P-005511,KH-ATL-02,Atlanta,2026-08-04,walk-in,completed,2026-08-04 16:40
KB0005086,P-001197,KH-DAL-03,Dallas,2026-06-21,walk-in,completed,2026-06-21 18:19
KB0010899,P-001531,KH-PHX-03,Phoenix,2026-09-19,walk-in,completed,2026-09-19 10:37
KB0007139,P-002095,KH-PHX-02,Phoenix,2026-07-23,walk-in,completed,2026-07-23 15:06
KB0000640,P-004623,KH-CHI-01,Chicago,2026-04-10,walk-in,completed,2026-04-10 14:10
KB0002212,P-000308,KH-DAL-03,Dallas,2026-05-06,online,completed,2026-05-06 16:11
KB0008137,P-001237,KH-DAL-02,Dallas,2026-08-08,walk-in,completed,2026-08-08 08:09
KB0007009,P-001793,KH-PHX-03,Phoenix,2026-07-21,online,completed,2026-07-21 09:10
KB0002611,P-005744,KH-ATL-01,Atlanta,2026-05-12,walk-in,completed,2026-05-12 13:54
KB0010771,P-004068,KH-CHI-01,Chicago,2026-09-17,walk-in,cancelled,2026-09-17 16:18
KB0009926,P-003111,KH-NYC-02,New York,2026-09-04,online,completed,2026-09-04 16:57
KB0005155,P-001790,KH-PHX-03,Phoenix,2026-06-22,walk-in,completed,2026-06-22 08:29
KB0000214,P-006689,KH-PHI-02,Philadelphia,2026-04-03,walk-in,completed,2026-04-03 09:59
KB0008498,P-005175,KH-ATL-02,Atlanta,2026-08-13,online,completed,2026-08-13 19:25
KB0000284,P-005325,KH-ATL-02,Atlanta,2026-04-04,at-home,completed,2026-04-04 15:38
KB0002937,P-001175,KH-DAL-02,Dallas,2026-05-18,walk-in,completed,2026-05-18 12:47
KB0006027,P-001294,KH-PHX-01,Phoenix,2026-07-06,walk-in,completed,2026-07-06 13:08
KB0008706,P-000139,KH-DAL-01,Dallas,2026-08-17,walk-in,completed,2026-08-17 10:22
KB0000948,P-004055,KH-CHI-02,Chicago,2026-04-15,phone,cancelled,2026-04-15 12:13
KB0005386,P-006524,KH-PHI-02,Philadelphia,2026-06-25,walk-in,completed,2026-06-25 13:12
KB0005254,P-005681,KH-ATL-02,Atlanta,2026-06-23,walk-in,completed,2026-06-23 18:00
KB0009553,P-000340,KH-DAL-01,Dallas,2026-08-30,walk-in,completed,2026-08-30 09:55
KB0004498,P-005792,KH-PHI-01,Philadelphia,2026-06-11,at-home,completed,2026-06-11 11:23
KB0011477,P-005237,KH-ATL-02,Atlanta,2026-09-27,walk-in,completed,2026-09-27 12:33
KB0005691,P-006174,KH-PHI-03,Philadelphia,2026-06-30,phone,completed,2026-06-30 14:01
KB0005210,P-000738,KH-DAL-03,Dallas,2026-06-23,walk-in,completed,2026-06-23 19:29
KB0000953,P-005587,KH-ATL-01,Atlanta,2026-04-15,walk-in,completed,2026-04-15 18:59
KB0001503,P-004953,KH-ATL-02,Atlanta,2026-04-24,walk-in,completed,2026-04-24 11:42
KB0006622,P-003563,KH-NYC-02,New York,2026-07-15,phone,completed,2026-07-15 17:46
KB0003649,P-002420,KH-PHX-02,Phoenix,2026-05-29,phone,completed,2026-05-29 17:40
KB0000996,P-002943,KH-NYC-03,New York,2026-04-16,phone,completed,2026-04-16 16:59
KB0000410,P-000249,KH-DAL-03,Dallas,2026-04-07,walk-in,completed,2026-04-07 12:17
KB0008540,P-001367,KH-PHX-03,Phoenix,2026-08-14,at-home,completed,2026-08-14 09:37
KB0002749,P-000700,KH-DAL-01,Dallas,2026-05-15,online,completed,2026-05-15 16:40
KB0003344,P-005194,KH-ATL-02,Atlanta,2026-05-24,walk-in,completed,2026-05-24 08:05
KB0000590,P-006392,KH-PHI-02,Philadelphia,2026-04-09,at-home,completed,2026-04-09 16:05
KB0004284,P-004575,KH-CHI-01,Chicago,2026-06-08,online,completed,2026-06-08 11:20
KB0006232,P-001817,KH-PHX-02,Phoenix,2026-07-09,walk-in,completed,2026-07-09 10:19
KB0008941,P-003543,KH-NYC-03,New York,2026-08-20,walk-in,completed,2026-08-20 16:03
KB0004387,P-002112,KH-PHX-02,Phoenix,2026-06-10,phone,completed,2026-06-10 12:20
KB0001195,P-004887,KH-CHI-02,Chicago,2026-04-19,phone,completed,2026-04-19 08:25
KB0005331,P-000873,KH-DAL-03,Dallas,2026-06-25,walk-in,completed,2026-06-25 09:23
KB0004258,P-001767,KH-PHX-02,Phoenix,2026-06-08,walk-in,completed,2026-06-08 12:42
KB0006349,P-000478,KH-DAL-01,Dallas,2026-07-11,online,completed,2026-07-11 19:54
KB0010910,P-003163,KH-NYC-01,New York,2026-09-19,walk-in,completed,2026-09-19 16:56
KB0009146,P-005373,KH-ATL-03,Atlanta,2026-08-23,phone,completed,2026-08-23 12:18
KB0000420,P-000004,KH-DAL-02,Dallas,2026-04-07,online,completed,2026-04-07 08:41
KB0002017,P-001875,KH-PHX-03,Phoenix,2026-05-03,online,completed,2026-05-03 09:37
KB0002398,P-002378,KH-PHX-02,Phoenix,2026-05-09,walk-in,completed,2026-05-09 18:03
KB0004654,P-000228,KH-DAL-02,Dallas,2026-06-14,online,completed,2026-06-14 14:26
KB0009011,P-001743,KH-PHX-01,Phoenix,2026-08-21,phone,completed,2026-08-21 10:28
KB0004785,P-003805,KH-NYC-02,New York,2026-06-16,walk-in,completed,2026-06-16 13:50
KB0008648,P-006182,KH-PHI-03,Philadelphia,2026-08-15,walk-in,completed,2026-08-15 19:45
KB0010728,P-000308,KH-DAL-01,Dallas,2026-09-17,phone,completed,2026-09-17 15:34
KB0004108,P-003624,KH-NYC-01,New York,2026-06-05,walk-in,completed,2026-06-05 09:04
KB0009730,P-005181,KH-ATL-02,Atlanta,2026-09-01,walk-in,completed,2026-09-01 17:55
KB0010426,P-001072,KH-DAL-02,Dallas,2026-09-12,walk-in,completed,2026-09-12 17:16
KB0003306,P-006040,KH-PHI-03,Philadelphia,2026-05-23,walk-in,completed,2026-05-23 11:07
KB0008500,P-005617,KH-ATL-01,Atlanta,2026-08-13,online,completed,2026-08-13 10:44
KB0009324,P-004453,KH-CHI-01,Chicago,2026-08-26,,completed,2026-08-26 08:59
KB0008436,P-006570,KH-PHI-03,Philadelphia,2026-08-12,at-home,completed,2026-08-12 09:40
KB0007477,P-005099,KH-ATL-03,Atlanta,2026-07-28,phone,completed,2026-07-28 11:46
KB0000435,P-002459,KH-NYC-03,New York,2026-04-07,walk-in,completed,2026-04-07 18:36
KB0006039,P-003662,KH-NYC-01,New York,2026-07-06,walk-in,completed,2026-07-06 14:50
KB0006944,P-002038,KH-PHX-02,Phoenix,2026-07-20,online,completed,2026-07-20 13:58
KB0008361,P-004743,KH-CHI-03,Chicago,2026-08-11,phone,completed,2026-08-11 12:31
KB0002270,P-002047,KH-PHX-01,Phoenix,2026-05-07,walk-in,completed,2026-05-07 15:09
KB0004459,P-001605,KH-PHX-02,Phoenix,2026-06-11,walk-in,completed,2026-06-11 14:10
KB0011535,P-005648,KH-ATL-02,Atlanta,2026-09-28,phone,completed,2026-09-28 09:31
KB0001491,P-003289,KH-NYC-02,New York,2026-04-24,online,completed,2026-04-24 15:56
KB0002500,P-000713,KH-DAL-03,Dallas,2026-05-11,walk-in,completed,2026-05-11 19:49
KB0005115,P-004468,KH-CHI-01,Chicago,2026-06-21,phone,completed,2026-06-21 10:01
KB0003265,P-001391,KH-PHX-01,Phoenix,2026-05-23,at-home,completed,2026-05-23 17:38
KB0004116,P-004180,KH-CHI-02,Chicago,2026-06-05,walk-in,completed,2026-06-05 10:04
KB0009547,P-005921,KH-PHI-01,Philadelphia,2026-08-29,online,completed,2026-08-29 18:10
KB0000513,P-004402,KH-CHI-01,Chicago,2026-04-08,walk-in,completed,2026-04-08 15:37
KB0010273,P-000884,KH-DAL-02,Dallas,2026-09-10,at-home,completed,2026-09-10 08:47
KB0003583,P-003327,KH-NYC-01,New York,2026-05-28,online,completed,2026-05-28 19:43
KB0002260,P-000735,KH-DAL-03,Dallas,2026-05-07,walk-in,completed,2026-05-07 19:05
KB0003228,P-005715,KH-ATL-02,Atlanta,2026-05-22,walk-in,completed,2026-05-22 13:04
KB0011266,P-005075,KH-ATL-01,Atlanta,2026-09-24,phone,completed,2026-09-24 18:46
KB0006823,P-002374,KH-PHX-01,Phoenix,2026-07-18,walk-in,completed,2026-07-18 11:41
KB0002574,P-000917,KH-DAL-03,Dallas,2026-05-12,at-home,completed,2026-05-12 09:41
KB0006680,P-001396,KH-PHX-03,Phoenix,2026-07-16,online,completed,2026-07-16 10:28
KB0009961,P-000140,KH-DAL-03,Dallas,2026-09-05,walk-in,completed,2026-09-05 13:24
KB0004163,P-002708,KH-NYC-02,New York,2026-06-06,online,completed,2026-06-06 19:10
KB0004687,P-000239,KH-DAL-02,Dallas,2026-06-15,walk-in,completed,2026-06-15 19:01
KB0001516,P-001054,KH-DAL-01,Dallas,2026-04-25,walk-in,completed,2026-04-25 13:49
KB0001611,P-005380,KH-ATL-02,Atlanta,2026-04-26,walk-in,completed,2026-04-26 11:48
KB0008512,P-000688,KH-DAL-01,Dallas,2026-08-14,online,completed,2026-08-14 12:18
KB0002595,P-003509,KH-NYC-03,New York,2026-05-12,phone,completed,2026-05-12 12:26
KB0007558,P-000488,KH-DAL-02,Dallas,2026-07-30,online,completed,2026-07-30 18:43
KB0007640,P-001594,KH-PHX-02,Phoenix,2026-07-31,online,completed,2026-07-31 17:11
KB0000445,P-003953,KH-CHI-01,Chicago,2026-04-07,walk-in,completed,2026-04-07 18:42
KB0006264,P-005320,KH-ATL-01,Atlanta,2026-07-09,walk-in,completed,2026-07-09 12:51
KB0002050,P-005108,KH-ATL-01,Atlanta,2026-05-03,at-home,completed,2026-05-03 15:55
KB0003639,P-001008,KH-DAL-01,Dallas,2026-05-29,online,completed,2026-05-29 10:31
KB0010614,P-001334,KH-PHX-03,Phoenix,2026-09-15,online,completed,2026-09-15 18:44
KB0007862,P-000460,KH-DAL-02,Dallas,2026-08-04,online,completed,2026-08-04 11:08
KB0007033,P-005147,KH-ATL-02,Atlanta,2026-07-21,online,completed,2026-07-21 15:41
KB0003180,P-000583,KH-DAL-02,Dallas,2026-05-22,walk-in,completed,2026-05-22 16:30
KB0005944,P-005286,KH-ATL-02,Atlanta,2026-07-04,online,completed,2026-07-04 15:58
KB0001831,P-001591,KH-PHX-01,Phoenix,2026-04-30,walk-in,completed,2026-04-30 17:48
KB0006659,P-000869,KH-DAL-02,Dallas,2026-07-16,phone,completed,2026-07-16 18:01
KB0000595,P-006149,KH-PHI-02,Philadelphia,2026-04-09,online,completed,2026-04-09 17:18
KB0006986,P-001073,KH-DAL-02,Dallas,2026-07-21,at-home,completed,2026-07-21 09:52
KB0006760,P-002793,KH-NYC-03,New York,2026-07-17,online,completed,2026-07-17 17:32
KB0002777,P-002236,KH-PHX-01,Phoenix,2026-05-15,walk-in,completed,2026-05-15 18:02
KB0007680,P-000182,KH-DAL-03,Dallas,2026-08-01,at-home,completed,2026-08-01 08:52
KB0004403,P-003560,KH-NYC-03,New York,2026-06-10,phone,completed,2026-06-10 09:07
KB0004956,P-000279,KH-DAL-03,Dallas,2026-06-19,online,completed,2026-06-19 15:31
KB0011158,P-001736,KH-PHX-03,Phoenix,2026-09-23,at-home,completed,2026-09-23 14:24
KB0010776,P-004039,KH-CHI-01,Chicago,2026-09-17,walk-in,completed,2026-09-17 19:01
KB0002055,P-006035,KH-PHI-02,Philadelphia,2026-05-03,online,completed,2026-05-03 10:09
KB0008260,P-001462,KH-PHX-03,Phoenix,2026-08-10,phone,completed,2026-08-10 13:52
KB0008429,P-005732,KH-ATL-01,Atlanta,2026-08-12,walk-in,completed,2026-08-12 17:18
KB0002908,P-003109,KH-NYC-02,New York,2026-05-17,walk-in,completed,2026-05-17 18:28
KB0010172,P-003630,KH-NYC-01,New York,2026-09-08,walk-in,completed,2026-09-08 17:31
KB0002404,P-002393,KH-PHX-02,Phoenix,2026-05-09,walk-in,completed,2026-05-09 08:31
KB0002481,P-004544,KH-CHI-02,Chicago,2026-05-10,walk-in,completed,2026-05-10 14:54
KB0004977,P-001988,KH-PHX-01,Phoenix,2026-06-19,online,completed,2026-06-19 18:38
KB0010986,P-005018,KH-ATL-02,Atlanta,2026-09-20,online,completed,2026-09-20 17:43
KB0007956,P-002479,KH-NYC-01,New York,2026-08-05,walk-in,completed,2026-08-05 19:57
KB0005383,P-006053,KH-PHI-01,Philadelphia,2026-06-25,online,completed,2026-06-25 12:21
KB0007261,P-000672,KH-DAL-01,Dallas,2026-07-25,walk-in,completed,2026-07-25 08:56
KB0009905,P-002236,KH-PHX-01,Phoenix,2026-09-04,walk-in,completed,2026-09-04 08:37
KB0006634,P-004941,KH-CHI-03,Chicago,2026-07-15,walk-in,completed,2026-07-15 15:28
KB0007159,P-003658,KH-NYC-03,New York,2026-07-23,walk-in,completed,2026-07-23 08:11
KB0008417,P-003742,KH-NYC-01,New York,2026-08-12,online,completed,2026-08-12 16:55
KB0009633,P-001474,KH-PHX-03,Phoenix,2026-08-31,online,completed,2026-08-31 09:46
KB0005714,P-001683,KH-PHX-02,Phoenix,2026-07-01,phone,completed,2026-07-01 15:34
KB0002468,P-002028,KH-PHX-03,Phoenix,2026-05-10,online,completed,2026-05-10 13:45
KB0003617,P-006471,KH-PHI-02,Philadelphia,2026-05-28,online,completed,2026-05-28 17:28
KB0005094,P-000255,KH-DAL-02,Dallas,2026-06-21,walk-in,completed,2026-06-21 18:47
KB0001328,P-005891,KH-PHI-02,Philadelphia,2026-04-21,walk-in,completed,2026-04-21 12:15
KB0006866,P-000181,KH-DAL-01,Dallas,2026-07-19,online,completed,2026-07-19 19:42
KB0007858,P-005918,KH-PHI-03,Philadelphia,2026-08-03,at-home,completed,2026-08-03 11:13
KB0009100,P-005031,KH-ATL-02,Atlanta,2026-08-22,walk-in,completed,2026-08-22 13:41
KB0007024,P-003967,KH-CHI-02,Chicago,2026-07-21,walk-in,completed,2026-07-21 14:47
KB0006105,P-002780,KH-NYC-02,New York,2026-07-07,walk-in,completed,2026-07-07 19:14
KB0007812,P-001029,KH-DAL-03,Dallas,2026-08-03,walk-in,cancelled,2026-08-03 15:07
KB0006664,P-001052,KH-DAL-03,Dallas,2026-07-16,walk-in,completed,2026-07-16 11:26
KB0001452,P-005752,KH-PHI-02,Philadelphia,2026-04-23,walk-in,completed,2026-04-23 08:47
KB0004519,P-000149,KH-DAL-01,Dallas,2026-06-12,phone,completed,2026-06-12 16:16
KB0010831,P-002965,KH-NYC-03,New York,2026-09-18,phone,completed,2026-09-18 08:43
KB0007454,P-003351,KH-NYC-03,New York,2026-07-28,phone,completed,2026-07-28 10:48
KB0009528,P-004664,KH-CHI-02,Chicago,2026-08-29,phone,completed,2026-08-29 17:14
KB0006516,P-000323,KH-DAL-02,Dallas,2026-07-14,walk-in,completed,2026-07-14 08:02
KB0002578,P-001378,KH-PHX-02,Phoenix,2026-05-12,walk-in,completed,2026-05-12 13:41
KB0004552,P-004599,KH-CHI-03,Chicago,2026-06-12,phone,completed,2026-06-12 11:39
KB0011476,P-005298,KH-ATL-01,Atlanta,2026-09-27,online,completed,2026-09-27 14:32
KB0007920,P-005075,KH-ATL-01,Atlanta,2026-08-04,at-home,completed,2026-08-04 14:27
KB0008713,P-001787,KH-PHX-02,Phoenix,2026-08-17,at-home,completed,2026-08-17 10:55
KB0010043,P-002807,KH-NYC-01,New York,2026-09-06,walk-in,completed,2026-09-06 19:06
KB0004458,P-002371,KH-PHX-03,Phoenix,2026-06-11,walk-in,completed,2026-06-11 19:20
KB0004243,P-000513,KH-DAL-01,Dallas,2026-06-08,online,completed,2026-06-08 09:45
KB0000976,P-000653,KH-DAL-03,Dallas,2026-04-16,at-home,completed,2026-04-16 14:02
KB0003608,P-005409,KH-ATL-02,Atlanta,2026-05-28,at-home,completed,2026-05-28 12:45
KB0004958,P-000189,KH-DAL-02,Dallas,2026-06-19,walk-in,cancelled,2026-06-19 10:21
KB0005517,P-000750,KH-DAL-02,Dallas,2026-06-28,phone,completed,2026-06-28 17:54
KB0001621,P-005775,KH-PHI-01,Philadelphia,2026-04-26,phone,completed,2026-04-26 13:48
KB0002176,P-003045,KH-NYC-01,New York,2026-05-05,online,completed,2026-05-05 09:04
KB0011071,P-000200,KH-DAL-01,Dallas,2026-09-22,phone,completed,2026-09-22 08:06
KB0011076,P-000071,KH-DAL-02,Dallas,2026-09-22,online,completed,2026-09-22 10:51
KB0007330,P-000270,KH-DAL-02,Dallas,2026-07-26,walk-in,completed,2026-07-26 14:49
KB0002540,P-004298,KH-CHI-02,Chicago,2026-05-11,online,completed,2026-05-11 17:03
KB0004225,P-004325,KH-CHI-03,Chicago,2026-06-07,walk-in,completed,2026-06-07 08:43
KB0011246,P-003569,KH-NYC-01,New York,2026-09-24,online,completed,2026-09-24 09:00
KB0002854,P-002805,KH-NYC-03,New York,2026-05-16,walk-in,completed,2026-05-16 18:35
KB0010344,P-000679,KH-DAL-03,Dallas,2026-09-11,walk-in,completed,2026-09-11 10:36
KB0009684,P-001201,KH-DAL-01,Dallas,2026-09-01,phone,completed,2026-09-01 12:00
KB0005304,P-004071,KH-CHI-02,Chicago,2026-06-24,online,completed,2026-06-24 14:41
KB0005945,P-004962,KH-ATL-01,Atlanta,2026-07-04,phone,completed,2026-07-04 12:53
KB0004659,P-001646,KH-PHX-03,Phoenix,2026-06-14,at-home,completed,2026-06-14 17:00
KB0004615,P-003905,KH-NYC-02,New York,2026-06-13,online,completed,2026-06-13 11:56
KB0008424,P-004946,KH-CHI-01,Chicago,2026-08-12,at-home,completed,2026-08-12 14:03
KB0007524,P-002681,KH-NYC-01,New York,2026-07-29,phone,completed,2026-07-29 19:28
KB0002649,P-002715,KH-NYC-03,New York,2026-05-13,online,cancelled,2026-05-13 12:59
KB0000180,P-003210,KH-NYC-02,New York,2026-04-03,walk-in,completed,2026-04-03 17:49
KB0010398,P-005682,KH-ATL-01,Atlanta,2026-09-11,walk-in,completed,2026-09-11 14:48
KB0007799,P-006060,KH-PHI-02,Philadelphia,2026-08-02,online,completed,2026-08-02 16:24
KB0000660,P-000500,KH-DAL-02,Dallas,2026-04-11,online,completed,2026-04-11 11:54
KB0007416,P-005437,KH-ATL-01,Atlanta,2026-07-27,walk-in,completed,2026-07-27 10:06
KB0010893,P-001720,KH-PHX-01,Phoenix,2026-09-19,online,completed,2026-09-19 19:21
KB0010219,P-002390,KH-PHX-02,Phoenix,2026-09-09,at-home,completed,2026-09-09 18:13
KB0004871,P-004912,KH-CHI-01,Chicago,2026-06-17,online,completed,2026-06-17 08:18
KB0009122,P-002057,KH-PHX-01,Phoenix,2026-08-23,walk-in,completed,2026-08-23 11:53
KB0006688,P-002651,KH-NYC-02,New York,2026-07-16,walk-in,completed,2026-07-16 14:09
KB0006310,P-002518,KH-NYC-02,New York,2026-07-10,phone,completed,2026-07-10 12:24
KB0008119,P-005384,KH-ATL-03,Atlanta,2026-08-07,online,completed,2026-08-07 09:12
KB0000926,P-001407,KH-PHX-02,Phoenix,2026-04-15,phone,completed,2026-04-15 14:25
KB0011445,P-001719,KH-PHX-03,Phoenix,2026-09-27,online,completed,2026-09-27 12:48
KB0009202,P-005600,KH-ATL-02,Atlanta,2026-08-24,walk-in,completed,2026-08-24 12:42
KB0004221,P-003738,KH-NYC-03,New York,2026-06-07,walk-in,completed,2026-06-07 15:30
KB0000331,P-005712,KH-ATL-02,Atlanta,2026-04-05,walk-in,completed,2026-04-05 08:39
KB0006869,P-000745,KH-DAL-02,Dallas,2026-07-19,walk-in,completed,2026-07-19 17:06
KB0005055,P-004389,KH-CHI-03,Chicago,2026-06-20,walk-in,cancelled,2026-06-20 11:01
KB0008237,P-005526,KH-ATL-03,Atlanta,2026-08-09,online,completed,2026-08-09 15:25
KB0009713,P-003450,KH-NYC-01,New York,2026-09-01,,completed,2026-09-01 11:22
KB0011122,P-005698,KH-ATL-02,Atlanta,2026-09-22,at-home,completed,2026-09-22 18:06
KB0002486,P-004965,KH-ATL-01,Atlanta,2026-05-10,walk-in,completed,2026-05-10 11:34
KB0002936,P-000711,KH-DAL-03,Dallas,2026-05-18,online,completed,2026-05-18 12:09
KB0001613,P-005049,KH-ATL-01,Atlanta,2026-04-26,online,completed,2026-04-26 08:23
KB0004890,P-000371,KH-DAL-01,Dallas,2026-06-18,at-home,completed,2026-06-18 17:10
KB0007923,P-005011,KH-ATL-02,Atlanta,2026-08-04,walk-in,completed,2026-08-04 09:53
KB0005914,P-002445,KH-PHX-01,Phoenix,2026-07-04,online,completed,2026-07-04 16:07
KB0004618,P-003097,KH-NYC-02,New York,2026-06-13,online,cancelled,2026-06-13 15:26
KB0003783,P-005217,KH-ATL-02,Atlanta,2026-05-31,walk-in,completed,2026-05-31 08:25
KB0004970,P-002343,KH-PHX-03,Phoenix,2026-06-19,walk-in,cancelled,2026-06-19 12:15
KB0006172,P-002759,KH-NYC-03,New York,2026-07-08,,completed,2026-07-08 18:14
KB0000685,P-001288,KH-PHX-03,Phoenix,2026-04-11,online,completed,2026-04-11 18:00
KB0002206,P-000497,KH-DAL-01,Dallas,2026-05-06,at-home,completed,2026-05-06 09:13
KB0002654,P-002729,KH-NYC-02,New York,2026-05-13,walk-in,completed,2026-05-13 15:40
KB0010351,P-000414,KH-DAL-03,Dallas,2026-09-11,walk-in,completed,2026-09-11 14:07
KB0003218,P-003955,KH-CHI-02,Chicago,2026-05-22,walk-in,completed,2026-05-22 17:25
KB0003470,P-005300,KH-ATL-02,Atlanta,2026-05-26,walk-in,completed,2026-05-26 08:19
KB0008098,P-003920,KH-NYC-03,New York,2026-08-07,phone,completed,2026-08-07 18:22
KB0010604,P-000367,KH-DAL-03,Dallas,2026-09-15,walk-in,completed,2026-09-15 15:58
KB0005173,P-004323,KH-CHI-01,Chicago,2026-06-22,walk-in,completed,2026-06-22 11:43
KB0004033,P-002706,KH-NYC-01,New York,2026-06-04,walk-in,completed,2026-06-04 12:08
KB0009974,P-002110,KH-PHX-03,Phoenix,2026-09-05,at-home,completed,2026-09-05 15:08
KB0009595,P-005532,KH-ATL-02,Atlanta,2026-08-30,walk-in,completed,2026-08-30 16:18
KB0009021,P-003762,KH-NYC-01,New York,2026-08-21,phone,completed,2026-08-21 15:09
KB0008715,P-001635,KH-PHX-01,Phoenix,2026-08-17,walk-in,completed,2026-08-17 14:37
KB0001871,P-001237,KH-DAL-03,Dallas,2026-05-01,phone,completed,2026-05-01 18:39
KB0001693,P-000243,KH-DAL-02,Dallas,2026-04-28,walk-in,completed,2026-04-28 19:20
KB0002053,P-006190,KH-PHI-01,Philadelphia,2026-05-03,walk-in,completed,2026-05-03 10:29
KB0004856,P-003627,KH-NYC-03,New York,2026-06-17,online,completed,2026-06-17 09:16
KB0006385,P-004315,KH-CHI-02,Chicago,2026-07-11,phone,completed,2026-07-11 09:54
KB0008813,P-004249,KH-CHI-03,Chicago,2026-08-18,walk-in,completed,2026-08-18 19:08
KB0004507,P-001181,KH-DAL-03,Dallas,2026-06-12,phone,completed,2026-06-12 15:14
KB0010976,P-002513,KH-NYC-03,New York,2026-09-20,at-home,completed,2026-09-20 11:12
KB0011582,P-002622,KH-NYC-03,New York,2026-09-29,online,completed,2026-09-29 13:03
KB0007791,P-005381,KH-ATL-02,Atlanta,2026-08-02,phone,completed,2026-08-02 17:18
KB0004043,P-004908,KH-CHI-03,Chicago,2026-06-04,online,completed,2026-06-04 11:52
KB0008998,P-000818,KH-DAL-02,Dallas,2026-08-21,walk-in,completed,2026-08-21 09:26
KB0008877,P-003354,KH-NYC-03,New York,2026-08-19,phone,completed,2026-08-19 13:21
KB0011396,P-001611,KH-PHX-02,Phoenix,2026-09-26,walk-in,completed,2026-09-26 15:25
KB0003438,P-002214,KH-PHX-02,Phoenix,2026-05-26,walk-in,completed,2026-05-26 19:04
KB0007332,P-000364,KH-DAL-03,Dallas,2026-07-26,walk-in,completed,2026-07-26 08:44
KB0002579,P-001497,KH-PHX-01,Phoenix,2026-05-12,walk-in,completed,2026-05-12 12:33
KB0002778,P-001531,KH-PHX-02,Phoenix,2026-05-15,at-home,completed,2026-05-15 14:50
KB0006284,P-000285,KH-DAL-02,Dallas,2026-07-10,phone,completed,2026-07-10 14:19
KB0009956,P-000414,KH-DAL-01,Dallas,2026-09-05,,completed,2026-09-05 18:06
KB0004517,P-001190,KH-DAL-01,Dallas,2026-06-12,walk-in,completed,2026-06-12 17:15
KB0010684,P-001762,KH-PHX-03,Phoenix,2026-09-16,walk-in,completed,2026-09-16 14:24
KB0004260,P-001972,KH-PHX-03,Phoenix,2026-06-08,online,completed,2026-06-08 12:02
KB0009215,P-005752,KH-PHI-01,Philadelphia,2026-08-24,online,completed,2026-08-24 18:31
KB0003358,P-000617,KH-DAL-01,Dallas,2026-05-25,walk-in,completed,2026-05-25 15:04
KB0002727,P-004048,KH-CHI-02,Chicago,2026-05-14,online,completed,2026-05-14 14:17
KB0008219,P-002518,KH-NYC-02,New York,2026-08-09,walk-in,completed,2026-08-09 19:01
KB0004522,P-002039,KH-PHX-01,Phoenix,2026-06-12,walk-in,completed,2026-06-12 19:21
KB0003426,P-000632,KH-DAL-03,Dallas,2026-05-26,walk-in,completed,2026-05-26 10:27
KB0001368,P-003941,KH-NYC-01,New York,2026-04-22,walk-in,completed,2026-04-22 10:27
KB0002165,P-003857,KH-NYC-03,New York,2026-05-05,walk-in,completed,2026-05-05 12:38
KB0007195,P-000291,KH-DAL-03,Dallas,2026-07-24,walk-in,completed,2026-07-24 16:26
KB0002015,P-001283,KH-PHX-03,Phoenix,2026-05-03,walk-in,completed,2026-05-03 17:20
KB0001097,P-005252,KH-ATL-02,Atlanta,2026-04-17,walk-in,completed,2026-04-17 13:09
KB0008805,P-002607,KH-NYC-03,New York,2026-08-18,walk-in,completed,2026-08-18 19:34
KB0000526,P-005762,KH-PHI-02,Philadelphia,2026-04-08,walk-in,completed,2026-04-08 11:34
KB0004931,P-004146,KH-CHI-02,Chicago,2026-06-18,phone,completed,2026-06-18 08:12
KB0010002,P-005181,KH-ATL-01,Atlanta,2026-09-05,online,completed,2026-09-05 09:09
KB0005313,P-006527,KH-PHI-01,Philadelphia,2026-06-24,phone,completed,2026-06-24 16:12
KB0002625,P-000815,KH-DAL-01,Dallas,2026-05-13,walk-in,completed,2026-05-13 16:03
KB0002563,P-000517,KH-DAL-02,Dallas,2026-05-12,at-home,completed,2026-05-12 16:05
KB0009567,P-001627,KH-PHX-02,Phoenix,2026-08-30,walk-in,completed,2026-08-30 14:43
KB0009245,P-001508,KH-PHX-03,Phoenix,2026-08-25,online,completed,2026-08-25 09:23
KB0005760,P-001178,KH-DAL-01,Dallas,2026-07-02,at-home,completed,2026-07-02 09:17
KB0005711,P-002140,KH-PHX-01,Phoenix,2026-07-01,online,completed,2026-07-01 10:55
KB0011435,P-000695,KH-DAL-02,Dallas,2026-09-27,phone,completed,2026-09-27 12:50
KB0005213,P-001810,KH-PHX-01,Phoenix,2026-06-23,walk-in,completed,2026-06-23 08:55
KB0002461,P-001365,KH-PHX-02,Phoenix,2026-05-10,online,completed,2026-05-10 14:53
KB0010832,P-002616,KH-NYC-03,New York,2026-09-18,online,completed,2026-09-18 09:34
KB0002272,P-002084,KH-PHX-01,Phoenix,2026-05-07,walk-in,completed,2026-05-07 18:20
KB0002556,P-006465,KH-PHI-03,Philadelphia,2026-05-11,phone,completed,2026-05-11 19:57
KB0011628,P-001092,KH-DAL-01,Dallas,2026-09-30,walk-in,completed,2026-09-30 17:52
KB0004781,P-002165,KH-PHX-03,Phoenix,2026-06-16,walk-in,completed,2026-06-16 17:33
KB0010111,P-002743,KH-NYC-03,New York,2026-09-07,walk-in,completed,2026-09-07 17:27
KB0003560,P-000386,KH-DAL-03,Dallas,2026-05-28,online,completed,2026-05-28 13:54
KB0006111,P-003941,KH-NYC-02,New York,2026-07-07,walk-in,completed,2026-07-07 10:48
KB0004492,P-005314,KH-ATL-02,Atlanta,2026-06-11,walk-in,completed,2026-06-11 17:40
KB0009915,P-002668,KH-NYC-02,New York,2026-09-04,walk-in,completed,2026-09-04 09:05
KB0003488,P-000806,KH-DAL-02,Dallas,2026-05-27,phone,completed,2026-05-27 12:18
KB0001674,P-006309,KH-PHI-02,Philadelphia,2026-04-27,walk-in,completed,2026-04-27 11:46
KB0004755,P-000894,KH-DAL-03,Dallas,2026-06-16,walk-in,completed,2026-06-16 17:04
KB0010328,P-005659,KH-ATL-02,Atlanta,2026-09-10,walk-in,completed,2026-09-10 09:50
KB0006121,P-005544,KH-ATL-02,Atlanta,2026-07-07,walk-in,completed,2026-07-07 11:38
KB0001737,P-006088,KH-PHI-02,Philadelphia,2026-04-28,online,completed,2026-04-28 17:54
KB0002223,P-001541,KH-PHX-02,Phoenix,2026-05-06,walk-in,completed,2026-05-06 12:48
KB0000978,P-000038,KH-DAL-02,Dallas,2026-04-16,online,completed,2026-04-16 12:42
KB0009726,P-005487,KH-ATL-02,Atlanta,2026-09-01,online,completed,2026-09-01 12:02
KB0008483,P-002502,KH-NYC-03,New York,2026-08-13,at-home,completed,2026-08-13 18:58
KB0008826,P-005275,KH-ATL-02,Atlanta,2026-08-18,walk-in,completed,2026-08-18 12:17
KB0009345,P-006258,KH-PHI-01,Philadelphia,2026-08-26,walk-in,completed,2026-08-26 14:33
KB0001145,P-004689,KH-CHI-03,Chicago,2026-04-18,at-home,completed,2026-04-18 17:01
KB0003198,P-001875,KH-PHX-03,Phoenix,2026-05-22,walk-in,completed,2026-05-22 09:44
KB0000485,P-002432,KH-PHX-01,Phoenix,2026-04-08,online,completed,2026-04-08 09:47
KB0009987,P-002499,KH-NYC-01,New York,2026-09-05,online,completed,2026-09-05 08:46
KB0010365,P-001776,KH-PHX-02,Phoenix,2026-09-11,online,completed,2026-09-11 14:47
KB0010770,P-002744,KH-NYC-03,New York,2026-09-17,walk-in,completed,2026-09-17 09:36
KB0002842,P-001998,KH-PHX-01,Phoenix,2026-05-16,walk-in,completed,2026-05-16 18:59
KB0011285,P-000071,KH-DAL-01,Dallas,2026-09-25,walk-in,completed,2026-09-25 08:30
KB0009350,P-000281,KH-DAL-01,Dallas,2026-08-27,at-home,completed,2026-08-27 14:42
KB0000864,P-003490,KH-NYC-03,New York,2026-04-14,walk-in,completed,2026-04-14 12:18
KB0003702,P-002351,KH-PHX-02,Phoenix,2026-05-30,online,completed,2026-05-30 16:29
KB0008110,P-004243,KH-CHI-02,Chicago,2026-08-07,walk-in,completed,2026-08-07 19:13
KB0004298,P-006336,KH-PHI-01,Philadelphia,2026-06-08,,completed,2026-06-08 19:49
KB0010756,P-003945,KH-NYC-01,New York,2026-09-17,online,cancelled,2026-09-17 10:00
KB0002774,P-001400,KH-PHX-02,Phoenix,2026-05-15,online,completed,2026-05-15 12:25
KB0002190,P-005408,KH-ATL-01,Atlanta,2026-05-05,,completed,2026-05-05 11:26
KB0008327,P-001862,KH-PHX-01,Phoenix,2026-08-11,online,completed,2026-08-11 11:14
KB0002001,P-006404,KH-PHI-03,Philadelphia,2026-05-02,online,completed,2026-05-02 09:00
KB0005133,P-000873,KH-DAL-01,Dallas,2026-06-22,walk-in,completed,2026-06-22 13:20
KB0006825,P-003893,KH-NYC-03,New York,2026-07-18,walk-in,completed,2026-07-18 18:31
KB0001250,P-004558,KH-CHI-02,Chicago,2026-04-20,phone,completed,2026-04-20 12:33
KB0005648,P-002024,KH-PHX-01,Phoenix,2026-06-30,online,completed,2026-06-30 08:15
KB0002651,P-003476,KH-NYC-02,New York,2026-05-13,walk-in,completed,2026-05-13 13:12
KB0007652,P-004735,KH-CHI-01,Chicago,2026-07-31,phone,completed,2026-07-31 09:20
KB0003088,P-003050,KH-NYC-01,New York,2026-05-20,online,completed,2026-05-20 16:11
KB0000111,P-003146,KH-NYC-02,New York,2026-04-02,online,completed,2026-04-02 19:54
KB0001780,P-004400,KH-CHI-02,Chicago,2026-04-29,online,completed,2026-04-29 16:03
KB0009091,P-004652,KH-CHI-03,Chicago,2026-08-22,walk-in,completed,2026-08-22 09:52
KB0001371,P-004359,KH-CHI-02,Chicago,2026-04-22,online,completed,2026-04-22 17:35
KB0007658,P-005235,KH-ATL-01,Atlanta,2026-07-31,at-home,completed,2026-07-31 16:02
KB0009673,P-006496,KH-PHI-02,Philadelphia,2026-08-31,walk-in,completed,2026-08-31 21:45
KB0003411,P-005890,KH-PHI-01,Philadelphia,2026-05-25,walk-in,completed,2026-05-25 15:35
KB0010104,P-003630,KH-NYC-01,New York,2026-09-07,online,completed,2026-09-07 14:13
KB0007319,P-006524,KH-PHI-03,Philadelphia,2026-07-25,walk-in,completed,2026-07-25 17:28
KB0007535,P-004781,KH-CHI-03,Chicago,2026-07-29,at-home,completed,2026-07-29 09:46
KB0007285,P-001637,KH-PHX-03,Phoenix,2026-07-25,online,completed,2026-07-25 18:24
KB0002027,P-002996,KH-NYC-02,New York,2026-05-03,phone,completed,2026-05-03 19:06
KB0009349,P-000597,KH-DAL-01,Dallas,2026-08-27,at-home,completed,2026-08-27 15:33
KB0009814,P-000505,KH-DAL-03,Dallas,2026-09-03,at-home,completed,2026-09-03 13:33
KB0004822,P-001052,KH-DAL-03,Dallas,2026-06-17,walk-in,completed,2026-06-17 09:33
KB0008791,P-001637,KH-PHX-03,Phoenix,2026-08-18,online,completed,2026-08-18 15:05
KB0005372,P-005137,KH-ATL-02,Atlanta,2026-06-25,walk-in,completed,2026-06-25 13:10
KB0007864,P-000650,KH-DAL-01,Dallas,2026-08-04,walk-in,completed,2026-08-04 12:44
KB0000075,P-000979,KH-DAL-02,Dallas,2026-04-02,walk-in,completed,2026-04-02 08:27
KB0001646,P-003663,KH-NYC-01,New York,2026-04-27,walk-in,completed,2026-04-27 18:56
KB0010589,P-005108,KH-ATL-02,Atlanta,2026-09-14,walk-in,completed,2026-09-14 12:47
KB0006485,P-002690,KH-NYC-03,New York,2026-07-13,online,completed,2026-07-13 09:40
KB0009865,P-005421,KH-ATL-01,Atlanta,2026-09-03,walk-in,completed,2026-09-03 12:20
KB0007297,P-004858,KH-CHI-02,Chicago,2026-07-25,walk-in,completed,2026-07-25 09:31
KB0003808,P-000036,KH-DAL-01,Dallas,2026-06-01,walk-in,cancelled,2026-06-01 10:18
KB0002705,P-001523,KH-PHX-03,Phoenix,2026-05-14,phone,completed,2026-05-14 18:49
KB0008488,P-004601,KH-CHI-02,Chicago,2026-08-13,walk-in,completed,2026-08-13 15:16
KB0007269,P-001142,KH-DAL-01,Dallas,2026-07-25,online,completed,2026-07-25 17:31
KB0008383,P-001245,KH-DAL-01,Dallas,2026-08-12,at-home,completed,2026-08-12 18:58
KB0011452,P-001626,KH-PHX-03,Phoenix,2026-09-27,walk-in,completed,2026-09-27 16:44
KB0010265,P-005171,KH-ATL-02,Atlanta,2026-09-09,walk-in,completed,2026-09-09 15:01
KB0009518,P-002982,KH-NYC-03,New York,2026-08-29,walk-in,completed,2026-08-29 18:43
KB0009361,P-000301,KH-DAL-03,Dallas,2026-08-27,phone,completed,2026-08-27 08:27
KB0009770,P-001582,KH-PHX-01,Phoenix,2026-09-02,walk-in,completed,2026-09-02 08:37
KB0004398,P-002332,KH-PHX-03,Phoenix,2026-06-10,phone,completed,2026-06-10 14:44
KB0010450,P-003290,KH-NYC-03,New York,2026-09-12,walk-in,completed,2026-09-12 10:11
KB0006238,P-003162,KH-NYC-02,New York,2026-07-09,at-home,completed,2026-07-09 13:09
KB0011159,P-001629,KH-PHX-03,Phoenix,2026-09-23,at-home,completed,2026-09-23 13:55
KB0006838,P-005576,KH-ATL-01,Atlanta,2026-07-18,walk-in,completed,2026-07-18 13:05
KB0000525,P-006546,KH-PHI-03,Philadelphia,2026-04-08,walk-in,completed,2026-04-08 10:16
KB0005184,P-005187,KH-ATL-02,Atlanta,2026-06-22,online,completed,2026-06-22 11:43
KB0007220,P-003850,KH-NYC-01,New York,2026-07-24,online,completed,2026-07-24 16:55
KB0000550,P-002305,KH-PHX-01,Phoenix,2026-04-09,online,completed,2026-04-09 13:14
KB0001709,P-001477,KH-PHX-03,Phoenix,2026-04-28,walk-in,cancelled,2026-04-28 18:42
KB0008184,P-000130,KH-DAL-02,Dallas,2026-08-09,at-home,completed,2026-08-09 18:59
KB0004418,P-004753,KH-CHI-01,Chicago,2026-06-10,walk-in,completed,2026-06-10 09:09
KB0002057,P-005856,KH-PHI-01,Philadelphia,2026-05-03,at-home,completed,2026-05-03 14:50
KB0001395,P-000036,KH-DAL-03,Dallas,2026-04-23,online,completed,2026-04-23 10:29
KB0006101,P-003828,KH-NYC-02,New York,2026-07-07,at-home,completed,2026-07-07 12:22
KB0001670,P-006066,KH-PHI-01,Philadelphia,2026-04-27,at-home,completed,2026-04-27 10:25
KB0010376,P-003617,KH-NYC-02,New York,2026-09-11,walk-in,completed,2026-09-11 08:01
KB0009608,P-000039,KH-DAL-01,Dallas,2026-08-31,online,completed,2026-08-31 17:03
KB0006590,P-001192,KH-DAL-01,Dallas,2026-07-15,at-home,completed,2026-07-15 08:31
KB0001812,P-000328,KH-DAL-01,Dallas,2026-04-30,online,completed,2026-04-30 11:05
KB0006947,P-003737,KH-NYC-02,New York,2026-07-20,walk-in,completed,2026-07-20 15:36
KB0009062,P-001087,KH-DAL-01,Dallas,2026-08-22,at-home,completed,2026-08-22 19:35
KB0008818,P-005654,KH-ATL-03,Atlanta,2026-08-18,online,completed,2026-08-18 17:27
KB0004738,P-005012,KH-ATL-02,Atlanta,2026-06-15,phone,completed,2026-06-15 16:30
KB0004527,P-002441,KH-PHX-03,Phoenix,2026-06-12,online,completed,2026-06-12 16:39
KB0008748,P-004325,KH-CHI-02,Chicago,2026-08-17,walk-in,completed,2026-08-17 13:44
KB0011131,P-000442,KH-DAL-01,Dallas,2026-09-23,walk-in,completed,2026-09-23 12:33
KB0008503,P-006575,KH-PHI-01,Philadelphia,2026-08-13,walk-in,completed,2026-08-13 15:43
KB0011010,P-002109,KH-PHX-03,Phoenix,2026-09-21,online,completed,2026-09-21 11:19
KB0004212,P-002269,KH-PHX-02,Phoenix,2026-06-07,walk-in,completed,2026-06-07 18:52
KB0007415,P-005426,KH-ATL-03,Atlanta,2026-07-27,phone,completed,2026-07-27 18:24
KB0007229,P-004389,KH-CHI-01,Chicago,2026-07-24,phone,completed,2026-07-24 11:51
KB0000325,P-003980,KH-CHI-02,Chicago,2026-04-05,walk-in,completed,2026-04-05 14:21
KB0011241,P-002225,KH-PHX-02,Phoenix,2026-09-24,phone,completed,2026-09-24 13:45
KB0002544,P-004539,KH-CHI-03,Chicago,2026-05-11,walk-in,completed,2026-05-11 17:39
KB0010290,P-002025,KH-PHX-02,Phoenix,2026-09-10,walk-in,completed,2026-09-10 10:29
KB0002149,P-002084,KH-PHX-01,Phoenix,2026-05-05,online,completed,2026-05-05 08:43
KB0003540,P-005347,KH-ATL-01,Atlanta,2026-05-27,at-home,completed,2026-05-27 11:57
KB0002582,P-001314,KH-PHX-01,Phoenix,2026-05-12,walk-in,completed,2026-05-12 17:19
KB0003863,P-006295,KH-PHI-01,Philadelphia,2026-06-01,at-home,completed,2026-06-01 11:42
KB0004069,P-000847,KH-DAL-03,Dallas,2026-06-05,online,completed,2026-06-05 09:46
KB0010119,P-004084,KH-CHI-03,Chicago,2026-09-07,online,completed,2026-09-07 11:06
KB0005503,P-006440,KH-PHI-02,Philadelphia,2026-06-27,online,completed,2026-06-27 16:09
KB0003664,P-004653,KH-CHI-01,Chicago,2026-05-29,at-home,completed,2026-05-29 10:48
KB0001016,P-004676,KH-CHI-01,Chicago,2026-04-16,walk-in,completed,2026-04-16 10:50
KB0000516,P-005260,KH-ATL-02,Atlanta,2026-04-08,walk-in,completed,2026-04-08 09:01
KB0009312,P-001876,KH-PHX-02,Phoenix,2026-08-26,phone,completed,2026-08-26 15:32
KB0001953,P-001689,KH-PHX-03,Phoenix,2026-05-02,walk-in,completed,2026-05-02 17:23
KB0003448,P-002663,KH-NYC-02,New York,2026-05-26,walk-in,completed,2026-05-26 09:29
KB0002876,P-005216,KH-ATL-02,Atlanta,2026-05-16,walk-in,completed,2026-05-16 11:45
KB0005460,P-000230,KH-DAL-03,Dallas,2026-06-27,walk-in,completed,2026-06-27 12:42
KB0001284,P-001220,KH-DAL-03,Dallas,2026-04-21,online,completed,2026-04-21 08:14
KB0010755,P-003715,KH-NYC-02,New York,2026-09-17,phone,completed,2026-09-17 17:53
KB0006858,P-000623,KH-DAL-03,Dallas,2026-07-19,online,completed,2026-07-19 11:09
KB0011353,P-005029,KH-ATL-01,Atlanta,2026-09-25,online,completed,2026-09-25 16:13
KB0004244,P-001052,KH-DAL-02,Dallas,2026-06-08,walk-in,completed,2026-06-08 17:29
KB0004526,P-002119,KH-PHX-02,Phoenix,2026-06-12,at-home,completed,2026-06-12 09:24
KB0003204,P-001863,KH-PHX-01,Phoenix,2026-05-22,online,completed,2026-05-22 09:00
KB0001045,P-001232,KH-DAL-02,Dallas,2026-04-17,walk-in,completed,2026-04-17 08:13
KB0002994,P-005914,KH-PHI-01,Philadelphia,2026-05-18,walk-in,completed,2026-05-18 09:21
KB0001973,P-004881,KH-CHI-03,Chicago,2026-05-02,phone,completed,2026-05-02 15:14
KB0010396,P-005072,KH-ATL-02,Atlanta,2026-09-11,at-home,completed,2026-09-11 08:19
KB0001478,P-001742,KH-PHX-01,Phoenix,2026-04-24,walk-in,completed,2026-04-24 13:11
KB0008089,P-001262,KH-PHX-01,Phoenix,2026-08-07,phone,completed,2026-08-07 10:47
KB0003117,P-006596,KH-PHI-02,Philadelphia,2026-05-20,phone,completed,2026-05-20 14:12
KB0006696,P-003824,KH-NYC-02,New York,2026-07-16,at-home,completed,2026-07-16 18:17
KB0010370,P-001550,KH-PHX-02,Phoenix,2026-09-11,walk-in,completed,2026-09-11 09:45
KB0000729,P-000836,KH-DAL-02,Dallas,2026-04-12,walk-in,completed,2026-04-12 18:10
KB0009666,P-005715,KH-ATL-02,Atlanta,2026-08-31,at-home,completed,2026-08-31 15:08
KB0004806,P-005556,KH-ATL-01,Atlanta,2026-06-16,at-home,completed,2026-06-16 17:41
KB0006440,P-005618,KH-ATL-02,Atlanta,2026-07-12,online,completed,2026-07-12 15:40
KB0000770,P-006207,KH-PHI-02,Philadelphia,2026-04-12,online,completed,2026-04-12 09:17
KB0000417,P-001006,KH-DAL-02,Dallas,2026-04-07,walk-in,completed,2026-04-07 08:27
KB0001438,P-005472,KH-ATL-02,Atlanta,2026-04-23,online,completed,2026-04-23 18:00
KB0005178,P-004263,KH-CHI-02,Chicago,2026-06-22,online,completed,2026-06-22 08:15
KB0004838,P-001988,KH-PHX-03,Phoenix,2026-06-17,online,completed,2026-06-17 13:38
KB0011502,P-001595,KH-PHX-03,Phoenix,2026-09-28,walk-in,completed,2026-09-28 11:38
KB0003542,P-005250,KH-ATL-02,Atlanta,2026-05-27,online,completed,2026-05-27 18:57
KB0002070,P-000258,KH-DAL-03,Dallas,2026-05-04,,completed,2026-05-04 13:59
KB0008190,P-001065,KH-DAL-01,Dallas,2026-08-09,at-home,completed,2026-08-09 19:58
KB0003071,P-000305,KH-DAL-01,Dallas,2026-05-20,phone,completed,2026-05-20 11:12
KB0004826,P-000396,KH-DAL-02,Dallas,2026-06-17,walk-in,completed,2026-06-17 12:24
KB0008881,P-002865,KH-NYC-02,New York,2026-08-19,online,completed,2026-08-19 09:41
KB0000319,P-003831,KH-NYC-03,New York,2026-04-05,walk-in,completed,2026-04-05 12:19
KB0009872,P-006012,KH-PHI-02,Philadelphia,2026-09-03,walk-in,completed,2026-09-03 12:21
KB0005723,P-003493,KH-NYC-02,New York,2026-07-01,online,cancelled,2026-07-01 18:45
KB0008699,P-000199,KH-DAL-02,Dallas,2026-08-17,walk-in,completed,2026-08-17 19:11
KB0003596,P-004185,KH-CHI-03,Chicago,2026-05-28,phone,completed,2026-05-28 17:39
KB0001081,P-003458,KH-NYC-03,New York,2026-04-17,at-home,completed,2026-04-17 16:40
KB0007243,P-005086,KH-ATL-02,Atlanta,2026-07-24,phone,completed,2026-07-24 11:59
KB0010497,P-001888,KH-PHX-01,Phoenix,2026-09-13,walk-in,completed,2026-09-13 17:54
KB0005579,P-000708,KH-DAL-03,Dallas,2026-06-29,walk-in,completed,2026-06-29 17:00
KB0006452,P-000987,KH-DAL-01,Dallas,2026-07-13,walk-in,completed,2026-07-13 13:28
KB0007028,P-003977,KH-CHI-01,Chicago,2026-07-21,online,completed,2026-07-21 17:40
KB0008045,P-004951,KH-ATL-02,Atlanta,2026-08-06,online,completed,2026-08-06 19:57
KB0007710,P-003615,KH-NYC-01,New York,2026-08-01,walk-in,completed,2026-08-01 18:46
KB0004513,P-000928,KH-DAL-03,Dallas,2026-06-12,online,completed,2026-06-12 19:42
KB0005241,P-004155,KH-CHI-02,Chicago,2026-06-23,walk-in,completed,2026-06-23 14:02
KB0004035,P-003603,KH-NYC-01,New York,2026-06-04,walk-in,completed,2026-06-04 09:40
KB0004974,P-001586,KH-PHX-01,Phoenix,2026-06-19,walk-in,completed,2026-06-19 15:28
KB0000292,P-005794,KH-PHI-02,Philadelphia,2026-04-04,online,completed,2026-04-04 11:06
KB0004394,P-002175,KH-PHX-02,Phoenix,2026-06-10,phone,completed,2026-06-10 11:48
KB0004273,P-003898,KH-NYC-01,New York,2026-06-08,at-home,completed,2026-06-08 10:28
KB0008335,P-002094,KH-PHX-02,Phoenix,2026-08-11,online,completed,2026-08-11 13:38
KB0001615,P-006293,KH-PHI-01,Philadelphia,2026-04-26,walk-in,completed,2026-04-26 12:02
KB0001113,P-001058,KH-DAL-03,Dallas,2026-04-18,walk-in,completed,2026-04-18 19:56
KB0007280,P-002369,KH-PHX-03,Phoenix,2026-07-25,walk-in,completed,2026-07-25 15:07
KB0004086,P-001458,KH-PHX-02,Phoenix,2026-06-05,at-home,completed,2026-06-05 11:48
KB0000502,P-003586,KH-NYC-01,New York,2026-04-08,walk-in,completed,2026-04-08 10:15
KB0005440,P-005718,KH-ATL-02,Atlanta,2026-06-26,at-home,completed,2026-06-26 15:17
KB0006725,P-000622,KH-DAL-02,Dallas,2026-07-17,online,completed,2026-07-17 17:04
KB0010218,P-001039,KH-DAL-01,Dallas,2026-09-09,walk-in,completed,2026-09-09 12:48
KB0000242,P-002400,KH-PHX-02,Phoenix,2026-04-04,at-home,completed,2026-04-04 13:07
KB0007860,P-000874,KH-DAL-02,Dallas,2026-08-04,at-home,completed,2026-08-04 09:14
KB0004713,P-002851,KH-NYC-01,New York,2026-06-15,walk-in,completed,2026-06-15 17:03
KB0000641,P-003977,KH-CHI-02,Chicago,2026-04-10,,completed,2026-04-10 17:25
KB0005725,P-003450,KH-NYC-01,New York,2026-07-01,,completed,2026-07-01 16:21
KB0008967,P-005187,KH-ATL-01,Atlanta,2026-08-20,walk-in,completed,2026-08-20 09:47
KB0007587,P-003644,KH-NYC-03,New York,2026-07-30,walk-in,completed,2026-07-30 10:46
KB0010741,P-002342,KH-PHX-03,Phoenix,2026-09-17,walk-in,completed,2026-09-17 09:02
KB0008819,P-005688,KH-ATL-02,Atlanta,2026-08-18,online,completed,2026-08-18 14:40
KB0010292,P-001401,KH-PHX-02,Phoenix,2026-09-10,online,completed,2026-09-10 18:06
KB0006013,P-000398,KH-DAL-02,Dallas,2026-07-06,online,completed,2026-07-06 18:42
KB0003137,P-002114,KH-PHX-03,Phoenix,2026-05-21,online,completed,2026-05-21 18:35
KB0009073,P-002060,KH-PHX-02,Phoenix,2026-08-22,walk-in,completed,2026-08-22 09:01
KB0006036,P-003201,KH-NYC-03,New York,2026-07-06,online,completed,2026-07-06 09:28
KB0002083,P-001757,KH-PHX-01,Phoenix,2026-05-04,phone,completed,2026-05-04 19:11
KB0003375,P-001515,KH-PHX-02,Phoenix,2026-05-25,walk-in,completed,2026-05-25 15:49
KB0011450,P-001403,KH-PHX-02,Phoenix,2026-09-27,walk-in,completed,2026-09-27 18:48
KB0006948,P-003805,KH-NYC-03,New York,2026-07-20,at-home,completed,2026-07-20 15:31
KB0011192,P-005085,KH-ATL-01,Atlanta,2026-09-23,walk-in,completed,2026-09-23 18:34
KB0010968,P-003132,KH-NYC-02,New York,2026-09-20,walk-in,completed,2026-09-20 19:54
KB0006465,P-002038,KH-PHX-02,Phoenix,2026-07-13,online,completed,2026-07-13 11:32
KB0005186,P-004985,KH-ATL-01,Atlanta,2026-06-22,at-home,completed,2026-06-22 13:53
KB0000156,P-000181,KH-DAL-01,Dallas,2026-04-03,online,completed,2026-04-03 11:11
KB0011248,P-002891,KH-NYC-01,New York,2026-09-24,walk-in,completed,2026-09-24 08:20
KB0007694,P-001870,KH-PHX-03,Phoenix,2026-08-01,walk-in,completed,2026-08-01 19:35
KB0004839,P-001742,KH-PHX-01,Phoenix,2026-06-17,walk-in,completed,2026-06-17 08:37
KB0008902,P-006606,KH-PHI-01,Philadelphia,2026-08-19,online,completed,2026-08-19 14:54
KB0006097,P-002157,KH-PHX-01,Phoenix,2026-07-07,online,completed,2026-07-07 14:01
KB0010082,P-000912,KH-DAL-02,Dallas,2026-09-07,walk-in,completed,2026-09-07 18:40
KB0008303,P-005620,KH-ATL-02,Atlanta,2026-08-10,phone,completed,2026-08-10 17:33
KB0011590,P-002498,KH-NYC-01,New York,2026-09-29,walk-in,completed,2026-09-29 13:08
KB0005977,P-004352,KH-CHI-02,Chicago,2026-07-05,walk-in,completed,2026-07-05 16:55
KB0009827,P-002060,KH-PHX-01,Phoenix,2026-09-03,walk-in,completed,2026-09-03 13:20
KB0007832,P-002553,KH-NYC-01,New York,2026-08-03,at-home,completed,2026-08-03 12:17
KB0000216,P-006564,KH-PHI-03,Philadelphia,2026-04-03,online,completed,2026-04-03 17:13
KB0000574,P-004339,KH-CHI-03,Chicago,2026-04-09,online,completed,2026-04-09 18:05
KB0001881,P-001916,KH-PHX-02,Phoenix,2026-05-01,walk-in,completed,2026-05-01 13:29
KB0006762,P-003516,KH-NYC-02,New York,2026-07-17,,cancelled,2026-07-17 14:10
KB0010169,P-001550,KH-PHX-02,Phoenix,2026-09-08,online,completed,2026-09-08 17:49
KB0003087,P-003247,KH-NYC-03,New York,2026-05-20,online,completed,2026-05-20 10:47
KB0008788,P-001795,KH-PHX-03,Phoenix,2026-08-18,at-home,completed,2026-08-18 15:09
KB0002827,P-000525,KH-DAL-02,Dallas,2026-05-16,online,completed,2026-05-16 08:19
KB0009805,P-006121,KH-PHI-01,Philadelphia,2026-09-02,at-home,completed,2026-09-02 19:43
KB0004042,P-004210,KH-CHI-02,Chicago,2026-06-04,phone,completed,2026-06-04 11:59
KB0004743,P-005826,KH-PHI-01,Philadelphia,2026-06-15,online,completed,2026-06-15 13:53
KB0006230,P-002240,KH-PHX-03,Phoenix,2026-07-09,walk-in,completed,2026-07-09 17:30
KB0009973,P-001630,KH-PHX-03,Phoenix,2026-09-05,walk-in,completed,2026-09-05 19:11
KB0003430,P-000847,KH-DAL-01,Dallas,2026-05-26,walk-in,completed,2026-05-26 16:42
KB0004648,P-001237,KH-DAL-01,Dallas,2026-06-14,online,cancelled,2026-06-14 14:09
KB0007064,P-001396,KH-PHX-01,Phoenix,2026-07-22,at-home,completed,2026-07-22 13:38
KB0007446,P-001976,KH-PHX-03,Phoenix,2026-07-28,walk-in,completed,2026-07-28 11:19
KB0000969,P-000920,KH-DAL-02,Dallas,2026-04-16,walk-in,completed,2026-04-16 10:21
KB0006184,P-004660,KH-CHI-01,Chicago,2026-07-08,walk-in,completed,2026-07-08 16:42
KB0009234,P-000907,KH-DAL-03,Dallas,2026-08-25,walk-in,completed,2026-08-25 19:22
KB0008388,P-000158,KH-DAL-01,Dallas,2026-08-12,phone,completed,2026-08-12 13:42
KB0007327,P-000812,KH-DAL-02,Dallas,2026-07-26,walk-in,completed,2026-07-26 17:20
KB0000397,P-005442,KH-ATL-01,Atlanta,2026-04-06,walk-in,completed,2026-04-06 11:06
KB0011593,P-003517,KH-NYC-02,New York,2026-09-29,walk-in,completed,2026-09-29 17:47
KB0009057,P-000226,KH-DAL-02,Dallas,2026-08-22,at-home,completed,2026-08-22 16:55
KB0007925,P-005013,KH-ATL-03,Atlanta,2026-08-04,online,completed,2026-08-04 13:33
KB0009396,P-004581,KH-CHI-01,Chicago,2026-08-27,walk-in,completed,2026-08-27 14:50
KB0007682,P-000106,KH-DAL-01,Dallas,2026-08-01,phone,completed,2026-08-01 11:15
KB0005312,P-005650,KH-ATL-02,Atlanta,2026-06-24,walk-in,cancelled,2026-06-24 11:30
KB0005435,P-003972,KH-CHI-01,Chicago,2026-06-26,walk-in,completed,2026-06-26 08:04
KB0003503,P-001838,KH-PHX-01,Phoenix,2026-05-27,walk-in,completed,2026-05-27 19:50
KB0008495,P-005018,KH-ATL-03,Atlanta,2026-08-13,at-home,completed,2026-08-13 17:18
KB0005054,P-004492,KH-CHI-02,Chicago,2026-06-20,online,completed,2026-06-20 13:55
KB0005314,P-005905,KH-PHI-03,Philadelphia,2026-06-24,walk-in,completed,2026-06-24 08:01
KB0002354,P-003899,KH-NYC-01,New York,2026-05-08,online,completed,2026-05-08 15:37
KB0001070,P-003827,KH-NYC-02,New York,2026-04-17,walk-in,completed,2026-04-17 11:36
KB0008392,P-001332,KH-PHX-03,Phoenix,2026-08-12,walk-in,completed,2026-08-12 10:38
KB0001082,P-003260,KH-NYC-01,New York,2026-04-17,at-home,completed,2026-04-17 17:28
KB0009769,P-001426,KH-PHX-02,Phoenix,2026-09-02,walk-in,completed,2026-09-02 15:43
KB0004050,P-005605,KH-ATL-02,Atlanta,2026-06-04,walk-in,completed,2026-06-04 11:26
KB0000407,P-000635,KH-DAL-03,Dallas,2026-04-07,walk-in,completed,2026-04-07 18:34
KB0003514,P-003308,KH-NYC-03,New York,2026-05-27,walk-in,completed,2026-05-27 14:05
KB0011568,P-001951,KH-PHX-02,Phoenix,2026-09-29,walk-in,cancelled,2026-09-29 14:27
KB0003842,P-004338,KH-CHI-01,Chicago,2026-06-01,walk-in,completed,2026-06-01 14:19
KB0001227,P-002359,KH-PHX-03,Phoenix,2026-04-20,phone,completed,2026-04-20 16:08
KB0011655,P-001283,KH-PHX-01,Phoenix,2026-09-30,walk-in,completed,2026-09-30 13:36
KB0004837,P-000618,KH-DAL-03,Dallas,2026-06-17,phone,completed,2026-06-17 18:51
KB0000159,P-001058,KH-DAL-02,Dallas,2026-04-03,phone,completed,2026-04-03 13:29
KB0008172,P-005280,KH-ATL-02,Atlanta,2026-08-08,walk-in,completed,2026-08-08 18:28
KB0010859,P-005225,KH-ATL-02,Atlanta,2026-09-18,walk-in,completed,2026-09-18 11:21
KB0004644,P-000281,KH-DAL-01,Dallas,2026-06-14,walk-in,completed,2026-06-14 11:49
KB0010336,P-006570,KH-PHI-03,Philadelphia,2026-09-10,walk-in,completed,2026-09-10 18:51
KB0008565,P-005050,KH-ATL-02,Atlanta,2026-08-14,walk-in,completed,2026-08-14 13:48
KB0002282,P-003425,KH-NYC-01,New York,2026-05-07,online,completed,2026-05-07 09:07
KB0004903,P-001468,KH-PHX-03,Phoenix,2026-06-18,walk-in,completed,2026-06-18 08:20
KB0008268,P-001826,KH-PHX-02,Phoenix,2026-08-10,at-home,completed,2026-08-10 11:43
KB0004308,P-000504,KH-DAL-01,Dallas,2026-06-09,walk-in,completed,2026-06-09 18:14
KB0003224,P-004206,KH-CHI-01,Chicago,2026-05-22,walk-in,completed,2026-05-22 17:20
KB0004609,P-002661,KH-NYC-01,New York,2026-06-13,phone,completed,2026-06-13 15:17
KB0000439,P-003535,KH-NYC-02,New York,2026-04-07,walk-in,completed,2026-04-07 09:21
KB0003091,P-002735,KH-NYC-03,New York,2026-05-20,online,completed,2026-05-20 19:59
KB0003243,P-001214,KH-DAL-01,Dallas,2026-05-23,online,completed,2026-05-23 16:57
KB0007505,P-001296,KH-PHX-02,Phoenix,2026-07-29,online,completed,2026-07-29 08:05
KB0002513,P-001585,KH-PHX-02,Phoenix,2026-05-11,walk-in,completed,2026-05-11 10:09
KB0004891,P-000112,KH-DAL-01,Dallas,2026-06-18,online,cancelled,2026-06-18 10:47
KB0001307,P-003788,KH-NYC-03,New York,2026-04-21,walk-in,completed,2026-04-21 17:56
KB0006756,P-003802,KH-NYC-03,New York,2026-07-17,phone,completed,2026-07-17 19:05
KB0009400,P-005651,KH-ATL-02,Atlanta,2026-08-27,phone,completed,2026-08-27 16:48
KB0008655,P-000746,KH-DAL-02,Dallas,2026-08-16,walk-in,completed,2026-08-16 13:29
KB0002684,P-000428,KH-DAL-02,Dallas,2026-05-14,online,completed,2026-05-14 15:09
KB0006307,P-002669,KH-NYC-03,New York,2026-07-10,at-home,completed,2026-07-10 11:50
KB0004350,P-004472,KH-CHI-03,Chicago,2026-06-09,online,completed,2026-06-09 09:29
KB0001659,P-005318,KH-ATL-03,Atlanta,2026-04-27,online,completed,2026-04-27 11:05
KB0003326,P-001921,KH-PHX-01,Phoenix,2026-05-24,online,completed,2026-05-24 11:16
KB0008318,P-000159,KH-DAL-02,Dallas,2026-08-11,online,completed,2026-08-11 16:12
KB0004247,P-000156,KH-DAL-03,Dallas,2026-06-08,phone,completed,2026-06-08 09:06
KB0004633,P-005133,KH-ATL-02,Atlanta,2026-06-13,phone,completed,2026-06-13 15:42
KB0001735,P-005534,KH-ATL-02,Atlanta,2026-04-28,at-home,completed,2026-04-28 13:00
KB0007532,P-004196,KH-CHI-01,Chicago,2026-07-29,online,completed,2026-07-29 09:34
KB0000223,P-006015,KH-PHI-03,Philadelphia,2026-04-03,,completed,2026-04-03 11:25
KB0003084,P-001907,KH-PHX-01,Phoenix,2026-05-20,walk-in,completed,2026-05-20 13:51
KB0007019,P-003195,KH-NYC-03,New York,2026-07-21,phone,completed,2026-07-21 10:06
KB0004367,P-006448,KH-PHI-02,Philadelphia,2026-06-09,phone,completed,2026-06-09 13:32
KB0009048,P-006427,KH-PHI-03,Philadelphia,2026-08-21,at-home,completed,2026-08-21 16:09
KB0008419,P-004352,KH-CHI-01,Chicago,2026-08-12,walk-in,completed,2026-08-12 18:31
KB0011225,P-000193,KH-DAL-01,Dallas,2026-09-24,phone,completed,2026-09-24 08:36
KB0003873,P-001154,KH-DAL-02,Dallas,2026-06-02,online,completed,2026-06-02 16:19
KB0008138,P-000979,KH-DAL-03,Dallas,2026-08-08,walk-in,completed,2026-08-08 13:09
KB0011083,P-001817,KH-PHX-01,Phoenix,2026-09-22,walk-in,completed,2026-09-22 13:53
KB0000460,P-005887,KH-PHI-02,Philadelphia,2026-04-07,at-home,completed,2026-04-07 14:33
KB0010234,P-001553,KH-PHX-02,Phoenix,2026-09-09,walk-in,completed,2026-09-09 19:31
KB0004343,P-003782,KH-NYC-01,New York,2026-06-09,online,completed,2026-06-09 19:22
KB0002747,P-006460,KH-PHI-03,Philadelphia,2026-05-14,online,completed,2026-05-14 08:00
KB0010734,P-000081,KH-DAL-03,Dallas,2026-09-17,walk-in,completed,2026-09-17 19:05
KB0010182,P-004672,KH-CHI-01,Chicago,2026-09-08,at-home,completed,2026-09-08 14:26
KB0005437,P-005021,KH-ATL-02,Atlanta,2026-06-26,walk-in,completed,2026-06-26 12:29
KB0004777,P-002377,KH-PHX-03,Phoenix,2026-06-16,walk-in,completed,2026-06-16 16:03
KB0009471,P-005246,KH-ATL-01,Atlanta,2026-08-28,walk-in,completed,2026-08-28 18:48
KB0000095,P-001667,KH-PHX-02,Phoenix,2026-04-02,phone,completed,2026-04-02 11:52
KB0011383,P-002386,KH-PHX-03,Phoenix,2026-09-26,walk-in,completed,2026-09-26 15:48
KB0004252,P-002349,KH-PHX-02,Phoenix,2026-06-08,online,completed,2026-06-08 19:28
KB0001169,P-001181,KH-DAL-02,Dallas,2026-04-19,online,completed,2026-04-19 18:47
KB0005519,P-001227,KH-DAL-03,Dallas,2026-06-28,walk-in,completed,2026-06-28 17:49
KB0004446,P-000334,KH-DAL-01,Dallas,2026-06-11,walk-in,completed,2026-06-11 18:13
KB0000064,P-006253,KH-PHI-02,Philadelphia,2026-04-01,phone,completed,2026-04-01 10:09
KB0000066,P-005949,KH-PHI-01,Philadelphia,2026-04-01,walk-in,completed,2026-04-01 08:09
KB0010900,P-001333,KH-PHX-01,Phoenix,2026-09-19,online,completed,2026-09-19 08:27
KB0004956,P-000279,KH-DAL-03,Dallas,2026-06-19,online,completed,2026-06-19 15:31
KB0003984,P-004341,KH-CHI-02,Chicago,2026-06-03,phone,completed,2026-06-03 09:17
KB0005068,P-005434,KH-ATL-02,Atlanta,2026-06-20,walk-in,completed,2026-06-20 11:57
KB0002290,P-004275,KH-CHI-03,Chicago,2026-05-07,walk-in,cancelled,2026-05-07 18:58
KB0007654,P-004392,KH-CHI-03,Chicago,2026-07-31,online,completed,2026-07-31 18:23
KB0005182,P-005256,KH-ATL-02,Atlanta,2026-06-22,at-home,completed,2026-06-22 18:34
KB0003005,P-000445,KH-DAL-02,Dallas,2026-05-19,walk-in,completed,2026-05-19 16:38
KB0009463,P-005568,KH-ATL-02,Atlanta,2026-08-28,at-home,completed,2026-08-28 12:42
KB0002566,P-000097,KH-DAL-01,Dallas,2026-05-12,online,completed,2026-05-12 12:11
KB0002296,P-004047,KH-CHI-03,Chicago,2026-05-07,walk-in,completed,2026-05-07 18:38
KB0004182,P-004994,KH-ATL-02,Atlanta,2026-06-06,online,completed,2026-06-06 13:20
KB0006132,P-000047,KH-DAL-01,Dallas,2026-07-08,phone,completed,2026-07-08 11:27
KB0007757,P-002171,KH-PHX-03,Phoenix,2026-08-02,phone,completed,2026-08-02 18:29
KB0004093,P-002211,KH-PHX-03,Phoenix,2026-06-05,phone,completed,2026-06-05 10:37
KB0009877,P-001201,KH-DAL-01,Dallas,2026-09-04,online,completed,2026-09-04 19:27
KB0002384,P-000680,KH-DAL-03,Dallas,2026-05-09,phone,completed,2026-05-09 08:13
KB0006735,P-002064,KH-PHX-03,Phoenix,2026-07-17,online,completed,2026-07-17 10:09
KB0009139,P-002561,KH-NYC-03,New York,2026-08-23,online,completed,2026-08-23 19:30
KB0008022,P-001794,KH-PHX-02,Phoenix,2026-08-06,phone,completed,2026-08-06 09:15
KB0008561,P-004575,KH-CHI-02,Chicago,2026-08-14,online,completed,2026-08-14 12:37
KB0007995,P-000849,KH-DAL-02,Dallas,2026-08-06,,completed,2026-08-06 19:39
KB0005262,P-001224,KH-DAL-02,Dallas,2026-06-24,walk-in,completed,2026-06-24 11:30
KB0009263,P-004877,KH-CHI-02,Chicago,2026-08-25,at-home,completed,2026-08-25 11:38
KB0007183,P-005868,KH-PHI-01,Philadelphia,2026-07-23,phone,completed,2026-07-23 14:41
KB0010934,P-005518,KH-ATL-02,Atlanta,2026-09-19,walk-in,completed,2026-09-19 09:19
KB0007980,P-005690,KH-ATL-02,Atlanta,2026-08-05,walk-in,completed,2026-08-05 12:54
KB0011518,P-002589,KH-NYC-01,New York,2026-09-28,walk-in,completed,2026-09-28 16:09
KB0008328,P-002055,KH-PHX-02,Phoenix,2026-08-11,phone,completed,2026-08-11 16:31
KB0011242,P-001359,KH-PHX-03,Phoenix,2026-09-24,walk-in,completed,2026-09-24 17:16
KB0005999,P-000708,KH-DAL-03,Dallas,2026-07-06,online,completed,2026-07-06 11:02
KB0005624,P-006416,KH-PHI-03,Philadelphia,2026-06-29,walk-in,completed,2026-06-29 13:00
KB0005476,P-001690,KH-PHX-01,Phoenix,2026-06-27,online,completed,2026-06-27 11:15
KB0010270,P-006231,KH-PHI-02,Philadelphia,2026-09-09,at-home,completed,2026-09-09 11:41
KB0007313,P-006060,KH-PHI-02,Philadelphia,2026-07-25,phone,cancelled,2026-07-25 18:46
KB0000227,P-000126,KH-DAL-02,Dallas,2026-04-04,online,completed,2026-04-04 15:06
KB0011585,P-002838,KH-NYC-03,New York,2026-09-29,at-home,completed,2026-09-29 13:43
KB0010417,P-000791,KH-DAL-02,Dallas,2026-09-12,at-home,completed,2026-09-12 13:18
KB0002496,P-006077,KH-PHI-03,Philadelphia,2026-05-10,walk-in,completed,2026-05-10 11:19
KB0002830,P-000125,KH-DAL-02,Dallas,2026-05-16,at-home,completed,2026-05-16 16:32
KB0004529,P-001393,KH-PHX-02,Phoenix,2026-06-12,walk-in,completed,2026-06-12 10:13
KB0005845,P-002232,KH-PHX-01,Phoenix,2026-07-03,walk-in,completed,2026-07-03 08:11
KB0002986,P-005387,KH-ATL-02,Atlanta,2026-05-18,at-home,completed,2026-05-18 12:44
KB0009960,P-000945,KH-DAL-01,Dallas,2026-09-05,online,completed,2026-09-05 19:17
KB0009486,P-000920,KH-DAL-02,Dallas,2026-08-29,at-home,completed,2026-08-29 10:22
KB0003112,P-006050,KH-PHI-03,Philadelphia,2026-05-20,walk-in,completed,2026-05-20 11:49
KB0001107,P-000906,KH-DAL-03,Dallas,2026-04-18,walk-in,completed,2026-04-18 09:50
KB0003364,P-000148,KH-DAL-03,Dallas,2026-05-25,phone,completed,2026-05-25 11:18
KB0003835,P-002769,KH-NYC-03,New York,2026-06-01,walk-in,completed,2026-06-01 19:03
KB0010777,P-005206,KH-ATL-02,Atlanta,2026-09-17,phone,completed,2026-09-17 19:48
KB0007952,P-001564,KH-PHX-03,Phoenix,2026-08-05,walk-in,completed,2026-08-05 18:34
KB0005238,P-003957,KH-CHI-02,Chicago,2026-06-23,walk-in,completed,2026-06-23 19:42
KB0000576,P-004293,KH-CHI-01,Chicago,2026-04-09,phone,completed,2026-04-09 16:23
KB0001013,P-004254,KH-CHI-02,Chicago,2026-04-16,walk-in,completed,2026-04-16 19:08
KB0010680,P-002376,KH-PHX-01,Phoenix,2026-09-16,online,completed,2026-09-16 15:52
KB0004460,P-002223,KH-PHX-03,Phoenix,2026-06-11,online,completed,2026-06-11 19:59
KB0004573,P-005945,KH-PHI-03,Philadelphia,2026-06-12,walk-in,completed,2026-06-12 10:56
KB0010287,P-001702,KH-PHX-02,Phoenix,2026-09-10,walk-in,completed,2026-09-10 10:58
KB0006731,P-000410,KH-DAL-02,Dallas,2026-07-17,online,completed,2026-07-17 16:33
KB0002256,P-000472,KH-DAL-01,Dallas,2026-05-07,online,completed,2026-05-07 09:34
KB0005658,P-001571,KH-PHX-03,Phoenix,2026-06-30,online,completed,2026-06-30 19:01
KB0003147,P-003728,KH-NYC-01,New York,2026-05-21,phone,completed,2026-05-21 09:41
KB0006286,P-000016,KH-DAL-03,Dallas,2026-07-10,phone,completed,2026-07-10 12:13
KB0003987,P-005385,KH-ATL-02,Atlanta,2026-06-03,walk-in,completed,2026-06-03 17:46
KB0010152,P-000712,KH-DAL-03,Dallas,2026-09-08,at-home,completed,2026-09-08 17:46
KB0006812,P-001663,KH-PHX-02,Phoenix,2026-07-18,walk-in,completed,2026-07-18 15:45
KB0010670,P-000695,KH-DAL-03,Dallas,2026-09-16,online,completed,2026-09-16 19:27
KB0007745,P-006319,KH-PHI-03,Philadelphia,2026-08-01,walk-in,completed,2026-08-01 15:47
KB0006142,P-000152,KH-DAL-03,Dallas,2026-07-08,walk-in,completed,2026-07-08 10:01
KB0008828,P-005568,KH-ATL-01,Atlanta,2026-08-18,at-home,completed,2026-08-18 10:02
KB0000611,P-002422,KH-PHX-03,Phoenix,2026-04-10,phone,completed,2026-04-10 19:56
KB0005358,P-002563,KH-NYC-02,New York,2026-06-25,walk-in,completed,2026-06-25 13:48
KB0010468,P-005611,KH-ATL-01,Atlanta,2026-09-12,online,completed,2026-09-12 19:02
KB0007304,P-005715,KH-ATL-02,Atlanta,2026-07-25,at-home,completed,2026-07-25 12:50
KB0003445,P-003611,KH-NYC-03,New York,2026-05-26,online,completed,2026-05-26 14:45
KB0003113,P-005992,KH-PHI-02,Philadelphia,2026-05-20,phone,completed,2026-05-20 15:12
KB0004827,P-000935,KH-DAL-01,Dallas,2026-06-17,at-home,completed,2026-06-17 11:11
KB0000631,P-003202,KH-NYC-01,New York,2026-04-10,phone,cancelled,2026-04-10 11:54
KB0007977,P-005699,KH-ATL-01,Atlanta,2026-08-05,online,completed,2026-08-05 15:03
KB0001067,P-003693,KH-NYC-01,New York,2026-04-17,walk-in,completed,2026-04-17 13:37
KB0006642,P-005240,KH-ATL-01,Atlanta,2026-07-15,phone,completed,2026-07-15 18:21
KB0008877,P-003354,KH-NYC-03,New York,2026-08-19,phone,completed,2026-08-19 21:45
KB0000795,P-003517,KH-NYC-02,New York,2026-04-13,walk-in,completed,2026-04-13 11:46
KB0011498,P-001432,KH-PHX-01,Phoenix,2026-09-28,walk-in,completed,2026-09-28 16:21
KB0003016,P-002231,KH-PHX-03,Phoenix,2026-05-19,walk-in,completed,2026-05-19 16:01
KB0004619,P-003136,KH-NYC-03,New York,2026-06-13,walk-in,completed,2026-06-13 19:04
KB0009250,P-003106,KH-NYC-03,New York,2026-08-25,at-home,completed,2026-08-25 17:50
KB0001718,P-004925,KH-CHI-02,Chicago,2026-04-28,online,cancelled,2026-04-28 08:16
KB0006595,P-000418,KH-DAL-01,Dallas,2026-07-15,phone,completed,2026-07-15 16:54
KB0001078,P-002919,KH-NYC-03,New York,2026-04-17,phone,completed,2026-04-17 12:17
KB0011206,P-000630,KH-DAL-03,Dallas,2026-09-24,at-home,completed,2026-09-24 13:05
KB0007223,P-003106,KH-NYC-02,New York,2026-07-24,phone,completed,2026-07-24 18:00
KB0010243,P-002563,KH-NYC-03,New York,2026-09-09,walk-in,completed,2026-09-09 19:22
KB0001339,P-000976,KH-DAL-02,Dallas,2026-04-22,online,completed,2026-04-22 17:16
KB0004877,P-005310,KH-ATL-03,Atlanta,2026-06-17,online,completed,2026-06-17 18:21
KB0004318,P-001841,KH-PHX-03,Phoenix,2026-06-09,online,completed,2026-06-09 15:29
KB0009365,P-002327,KH-PHX-03,Phoenix,2026-08-27,phone,completed,2026-08-27 08:16
KB0008610,P-001791,KH-PHX-02,Phoenix,2026-08-15,at-home,completed,2026-08-15 16:58
KB0008531,P-002087,KH-PHX-01,Phoenix,2026-08-14,online,completed,2026-08-14 15:09
KB0008616,P-003584,KH-NYC-01,New York,2026-08-15,phone,completed,2026-08-15 16:55
KB0006578,P-006415,KH-PHI-03,Philadelphia,2026-07-14,online,completed,2026-07-14 10:03
KB0007125,P-000631,KH-DAL-02,Dallas,2026-07-23,at-home,completed,2026-07-23 18:36
KB0003966,P-003232,KH-NYC-01,New York,2026-06-03,,completed,2026-06-03 14:36
KB0008139,P-001029,KH-DAL-01,Dallas,2026-08-08,at-home,completed,2026-08-08 11:32
KB0000354,P-000434,KH-DAL-02,Dallas,2026-04-06,at-home,completed,2026-04-06 09:48
KB0003405,P-005678,KH-ATL-02,Atlanta,2026-05-25,walk-in,cancelled,2026-05-25 19:37
KB0004192,P-006358,KH-PHI-01,Philadelphia,2026-06-06,walk-in,completed,2026-06-06 16:01
KB0005517,P-000750,KH-DAL-02,Dallas,2026-06-28,phone,completed,2026-06-28 17:54
KB0003443,P-001838,KH-PHX-03,Phoenix,2026-05-26,walk-in,completed,2026-05-26 08:20
KB0010517,P-004569,KH-CHI-01,Chicago,2026-09-13,walk-in,completed,2026-09-13 15:23
KB0009744,P-006040,KH-PHI-03,Philadelphia,2026-09-01,walk-in,completed,2026-09-01 11:33
KB0007626,P-000167,KH-DAL-02,Dallas,2026-07-31,at-home,completed,2026-07-31 09:00
KB0011392,P-001948,KH-PHX-03,Phoenix,2026-09-26,online,completed,2026-09-26 11:49
KB0001950,P-002317,KH-PHX-01,Phoenix,2026-05-02,online,completed,2026-05-02 09:54
KB0008599,P-001662,KH-PHX-03,Phoenix,2026-08-15,walk-in,completed,2026-08-15 08:14
KB0009761,P-001864,KH-PHX-02,Phoenix,2026-09-02,walk-in,completed,2026-09-02 10:14
KB0007999,P-000557,KH-DAL-01,Dallas,2026-08-06,walk-in,completed,2026-08-06 19:48
KB0003165,P-005511,KH-ATL-02,Atlanta,2026-05-21,phone,completed,2026-05-21 12:47
KB0010784,P-005305,KH-ATL-02,Atlanta,2026-09-17,phone,completed,2026-09-17 16:19
KB0006251,P-004484,KH-CHI-02,Chicago,2026-07-09,online,completed,2026-07-09 19:37
KB0002287,P-003288,KH-NYC-02,New York,2026-05-07,walk-in,completed,2026-05-07 18:03
KB0006559,P-003396,KH-NYC-02,New York,2026-07-14,at-home,completed,2026-07-14 14:16
KB0005852,P-002465,KH-NYC-02,New York,2026-07-03,walk-in,completed,2026-07-03 18:38
KB0011294,P-000921,KH-DAL-03,Dallas,2026-09-25,walk-in,completed,2026-09-25 18:00
KB0001417,P-001295,KH-PHX-01,Phoenix,2026-04-23,walk-in,completed,2026-04-23 10:20
KB0000633,P-002535,KH-NYC-02,New York,2026-04-10,at-home,completed,2026-04-10 18:28
KB0002216,P-002115,KH-PHX-02,Phoenix,2026-05-06,walk-in,cancelled,2026-05-06 13:58
KB0001076,P-003941,KH-NYC-02,New York,2026-04-17,walk-in,completed,2026-04-17 11:09
KB0011030,P-003464,KH-NYC-02,New York,2026-09-21,online,completed,2026-09-21 08:12
KB0010354,P-000051,KH-DAL-02,Dallas,2026-09-11,online,completed,2026-09-11 16:04
KB0002087,P-001424,KH-PHX-02,Phoenix,2026-05-04,online,completed,2026-05-04 10:33
KB0002561,P-000602,KH-DAL-03,Dallas,2026-05-12,walk-in,completed,2026-05-12 16:48
KB0006219,P-000245,KH-DAL-03,Dallas,2026-07-09,walk-in,completed,2026-07-09 12:13
KB0000040,P-002629,KH-NYC-02,New York,2026-04-01,phone,completed,2026-04-01 14:18
KB0000904,P-000613,KH-DAL-03,Dallas,2026-04-15,online,completed,2026-04-15 08:16
KB0009760,P-001659,KH-PHX-02,Phoenix,2026-09-02,walk-in,completed,2026-09-02 19:11
KB0005971,P-002613,KH-NYC-03,New York,2026-07-05,walk-in,completed,2026-07-05 14:43
KB0008122,P-005530,KH-ATL-02,Atlanta,2026-08-07,online,completed,2026-08-07 12:52
KB0007166,P-004892,KH-CHI-01,Chicago,2026-07-23,phone,completed,2026-07-23 09:09
KB0011504,P-002186,KH-PHX-03,Phoenix,2026-09-28,walk-in,completed,2026-09-28 13:30
KB0005575,P-000815,KH-DAL-03,Dallas,2026-06-29,walk-in,completed,2026-06-29 13:13
KB0010096,P-001756,KH-PHX-02,Phoenix,2026-09-07,walk-in,completed,2026-09-07 13:36
KB0007014,P-003045,KH-NYC-02,New York,2026-07-21,walk-in,completed,2026-07-21 16:52
KB0001432,P-004339,KH-CHI-02,Chicago,2026-04-23,at-home,cancelled,2026-04-23 10:00
KB0009560,P-000090,KH-DAL-01,Dallas,2026-08-30,walk-in,completed,2026-08-30 14:07
KB0010492,P-000968,KH-DAL-03,Dallas,2026-09-13,online,completed,2026-09-13 11:04
KB0001567,P-005526,KH-ATL-02,Atlanta,2026-04-25,online,completed,2026-04-25 11:09
KB0001440,P-005147,KH-ATL-01,Atlanta,2026-04-23,phone,completed,2026-04-23 17:10
KB0000686,P-001681,KH-PHX-02,Phoenix,2026-04-11,walk-in,completed,2026-04-11 15:23
KB0004179,P-004986,KH-ATL-01,Atlanta,2026-06-06,walk-in,completed,2026-06-06 14:31
KB0008439,P-000226,KH-DAL-03,Dallas,2026-08-13,walk-in,completed,2026-08-13 11:51
KB0007240,P-005212,KH-ATL-01,Atlanta,2026-07-24,walk-in,completed,2026-07-24 14:07
KB0010277,P-000618,KH-DAL-01,Dallas,2026-09-10,online,completed,2026-09-10 16:14
KB0003962,P-001513,KH-PHX-01,Phoenix,2026-06-03,walk-in,completed,2026-06-03 10:35
KB0002596,P-003650,KH-NYC-02,New York,2026-05-12,,completed,2026-05-12 14:08
KB0011080,P-001566,KH-PHX-03,Phoenix,2026-09-22,online,completed,2026-09-22 15:47
KB0004278,P-003123,KH-NYC-03,New York,2026-06-08,walk-in,completed,2026-06-08 12:23
KB0011243,P-002721,KH-NYC-02,New York,2026-09-24,online,completed,2026-09-24 14:15
KB0005652,P-001946,KH-PHX-01,Phoenix,2026-06-30,walk-in,completed,2026-06-30 14:55
KB0007457,P-003463,KH-NYC-02,New York,2026-07-28,walk-in,completed,2026-07-28 17:40
KB0011459,P-002545,KH-NYC-02,New York,2026-09-27,walk-in,completed,2026-09-27 16:55
KB0006672,P-001816,KH-PHX-02,Phoenix,2026-07-16,walk-in,cancelled,2026-07-16 17:33
KB0006768,P-004325,KH-CHI-01,Chicago,2026-07-17,at-home,completed,2026-07-17 13:16
KB0011296,P-000360,KH-DAL-03,Dallas,2026-09-25,walk-in,completed,2026-09-25 18:38
KB0007624,P-000409,KH-DAL-01,Dallas,2026-07-31,walk-in,completed,2026-07-31 18:50
KB0007623,P-000163,KH-DAL-02,Dallas,2026-07-31,walk-in,completed,2026-07-31 16:51
KB0008529,P-002325,KH-PHX-01,Phoenix,2026-08-14,online,completed,2026-08-14 12:59
KB0005899,P-000649,KH-DAL-02,Dallas,2026-07-04,phone,completed,2026-07-04 14:11
KB0010133,P-004959,KH-ATL-02,Atlanta,2026-09-07,online,completed,2026-09-07 11:22
KB0002746,P-006508,KH-PHI-03,Philadelphia,2026-05-14,walk-in,completed,2026-05-14 17:35
KB0009812,P-000465,KH-DAL-03,Dallas,2026-09-03,online,completed,2026-09-03 15:03
KB0011323,P-003191,KH-NYC-02,New York,2026-09-25,walk-in,completed,2026-09-25 18:13
KB0008277,P-003273,KH-NYC-03,New York,2026-08-10,walk-in,completed,2026-08-10 17:22
KB0000121,P-005718,KH-ATL-02,Atlanta,2026-04-02,at-home,completed,2026-04-02 18:18
KB0005067,P-005599,KH-ATL-01,Atlanta,2026-06-20,walk-in,completed,2026-06-20 18:55
KB0010026,P-000311,KH-DAL-03,Dallas,2026-09-06,at-home,completed,2026-09-06 15:13
KB0009522,P-002673,KH-NYC-01,New York,2026-08-29,at-home,completed,2026-08-29 11:47
KB0007264,P-000155,KH-DAL-02,Dallas,2026-07-25,at-home,completed,2026-07-25 19:24
KB0004345,P-004166,KH-CHI-01,Chicago,2026-06-09,walk-in,completed,2026-06-09 08:38
KB0007516,P-001713,KH-PHX-03,Phoenix,2026-07-29,at-home,completed,2026-07-29 14:06
KB0005250,P-005462,KH-ATL-01,Atlanta,2026-06-23,online,completed,2026-06-23 14:32
KB0006010,P-000434,KH-DAL-02,Dallas,2026-07-06,walk-in,completed,2026-07-06 11:20
KB0009351,P-000965,KH-DAL-01,Dallas,2026-08-27,phone,completed,2026-08-27 16:01
KB0003257,P-001534,KH-PHX-02,Phoenix,2026-05-23,walk-in,completed,2026-05-23 19:02
KB0001098,P-005338,KH-ATL-02,Atlanta,2026-04-17,online,completed,2026-04-17 10:22
KB0009571,P-001533,KH-PHX-02,Phoenix,2026-08-30,,completed,2026-08-30 12:25
KB0004515,P-000496,KH-DAL-03,Dallas,2026-06-12,at-home,completed,2026-06-12 13:53
KB0008816,P-005493,KH-ATL-02,Atlanta,2026-08-18,walk-in,completed,2026-08-18 16:40
KB0010058,P-005209,KH-ATL-01,Atlanta,2026-09-06,online,completed,2026-09-06 10:23
KB0006576,P-006519,KH-PHI-03,Philadelphia,2026-07-14,phone,cancelled,2026-07-14 12:21
KB0010622,P-002422,KH-PHX-02,Phoenix,2026-09-15,online,completed,2026-09-15 18:02
KB0010315,P-004497,KH-CHI-01,Chicago,2026-09-10,phone,completed,2026-09-10 14:59
KB0008953,P-004462,KH-CHI-03,Chicago,2026-08-20,online,completed,2026-08-20 11:03
KB0008658,P-000193,KH-DAL-03,Dallas,2026-08-16,online,completed,2026-08-16 17:26
KB0001403,P-000965,KH-DAL-02,Dallas,2026-04-23,walk-in,completed,2026-04-23 11:36
KB0011513,P-003297,KH-NYC-01,New York,2026-09-28,online,completed,2026-09-28 15:37
KB0006250,P-004611,KH-CHI-02,Chicago,2026-07-09,online,completed,2026-07-09 17:13
KB0001111,P-000488,KH-DAL-03,Dallas,2026-04-18,online,completed,2026-04-18 13:51
KB0007299,P-004406,KH-CHI-01,Chicago,2026-07-25,at-home,completed,2026-07-25 18:17
KB0010984,P-005697,KH-ATL-02,Atlanta,2026-09-20,walk-in,completed,2026-09-20 10:59
KB0006845,P-005683,KH-ATL-01,Atlanta,2026-07-18,online,completed,2026-07-18 08:26
KB0010297,P-002401,KH-PHX-03,Phoenix,2026-09-10,walk-in,completed,2026-09-10 15:51
KB0000793,P-002408,KH-PHX-01,Phoenix,2026-04-13,phone,completed,2026-04-13 14:39
KB0004616,P-003467,KH-NYC-02,New York,2026-06-13,walk-in,cancelled,2026-06-13 14:23
KB0010018,P-006141,KH-PHI-01,Philadelphia,2026-09-05,online,completed,2026-09-05 08:32
KB0002429,P-004969,KH-ATL-02,Atlanta,2026-05-09,walk-in,completed,2026-05-09 19:44
KB0002837,P-001693,KH-PHX-03,Phoenix,2026-05-16,online,completed,2026-05-16 17:19
KB0005306,P-005652,KH-ATL-03,Atlanta,2026-06-24,online,completed,2026-06-24 18:36
KB0006472,P-001634,KH-PHX-03,Phoenix,2026-07-13,phone,completed,2026-07-13 16:43
KB0003871,P-000101,KH-DAL-03,Dallas,2026-06-02,online,completed,2026-06-02 11:45
KB0009677,P-006647,KH-PHI-03,Philadelphia,2026-08-31,online,completed,2026-08-31 16:17
KB0009782,P-003880,KH-NYC-03,New York,2026-09-02,walk-in,completed,2026-09-02 21:45
KB0007625,P-000097,KH-DAL-03,Dallas,2026-07-31,at-home,completed,2026-07-31 11:31
KB0007237,P-005590,KH-ATL-01,Atlanta,2026-07-24,walk-in,completed,2026-07-24 18:31
KB0005419,P-002602,KH-NYC-02,New York,2026-06-26,phone,completed,2026-06-26 15:18
KB0001847,P-004454,KH-CHI-02,Chicago,2026-04-30,walk-in,completed,2026-04-30 17:21
KB0009897,P-001403,KH-PHX-02,Phoenix,2026-09-04,walk-in,completed,2026-09-04 12:24
KB0000808,P-003392,KH-NYC-03,New York,2026-04-13,online,completed,2026-04-13 17:38
KB0004586,P-000485,KH-DAL-03,Dallas,2026-06-13,walk-in,completed,2026-06-13 12:20
KB0008725,P-001301,KH-PHX-02,Phoenix,2026-08-17,walk-in,completed,2026-08-17 08:44
KB0010509,P-002669,KH-NYC-03,New York,2026-09-13,online,completed,2026-09-13 15:28
KB0004003,P-006384,KH-PHI-03,Philadelphia,2026-06-03,online,completed,2026-06-03 17:26
KB0000352,P-001154,KH-DAL-01,Dallas,2026-04-06,walk-in,completed,2026-04-06 13:09
KB0000229,P-000063,KH-DAL-02,Dallas,2026-04-04,phone,completed,2026-04-04 12:19
KB0001587,P-001840,KH-PHX-03,Phoenix,2026-04-26,walk-in,completed,2026-04-26 08:41
KB0006441,P-005413,KH-ATL-02,Atlanta,2026-07-12,walk-in,completed,2026-07-12 12:18
KB0002059,P-000526,KH-DAL-01,Dallas,2026-05-04,phone,completed,2026-05-04 15:48
KB0008766,P-006135,KH-PHI-02,Philadelphia,2026-08-17,phone,completed,2026-08-17 10:59
KB0010590,P-005559,KH-ATL-02,Atlanta,2026-09-14,,completed,2026-09-14 17:16
KB0001087,P-004376,KH-CHI-03,Chicago,2026-04-17,walk-in,completed,2026-04-17 12:40
KB0002069,P-000623,KH-DAL-01,Dallas,2026-05-04,phone,completed,2026-05-04 14:44
KB0004502,P-005936,KH-PHI-01,Philadelphia,2026-06-11,online,completed,2026-06-11 17:13
KB0001151,P-004468,KH-CHI-03,Chicago,2026-04-18,walk-in,completed,2026-04-18 17:37
KB0007967,P-003956,KH-CHI-03,Chicago,2026-08-05,phone,completed,2026-08-05 08:43
KB0000101,P-003066,KH-NYC-03,New York,2026-04-02,walk-in,completed,2026-04-02 13:41
KB0003925,P-006378,KH-PHI-03,Philadelphia,2026-06-02,walk-in,completed,2026-06-02 11:38
KB0004186,P-006203,KH-PHI-03,Philadelphia,2026-06-06,online,completed,2026-06-06 12:26
KB0004301,P-005792,KH-PHI-02,Philadelphia,2026-06-08,online,completed,2026-06-08 17:04
KB0007045,P-005814,KH-PHI-03,Philadelphia,2026-07-21,online,completed,2026-07-21 19:51
KB0006508,P-006336,KH-PHI-02,Philadelphia,2026-07-13,online,completed,2026-07-13 13:57
KB0002619,P-006592,KH-PHI-01,Philadelphia,2026-05-12,walk-in,completed,2026-05-12 17:07
KB0005376,P-005695,KH-ATL-02,Atlanta,2026-06-25,online,completed,2026-06-25 11:38
KB0008421,P-004817,KH-CHI-01,Chicago,2026-08-12,walk-in,completed,2026-08-12 14:22
KB0000049,P-004568,KH-CHI-01,Chicago,2026-04-01,walk-in,completed,2026-04-01 08:26
KB0008406,P-002307,KH-PHX-03,Phoenix,2026-08-12,walk-in,completed,2026-08-12 19:48
KB0006088,P-001536,KH-PHX-02,Phoenix,2026-07-07,walk-in,completed,2026-07-07 16:38
KB0009562,P-000391,KH-DAL-03,Dallas,2026-08-30,online,completed,2026-08-30 11:28
KB0009467,P-005203,KH-ATL-02,Atlanta,2026-08-28,phone,completed,2026-08-28 18:33
KB0008066,P-000073,KH-DAL-01,Dallas,2026-08-07,online,completed,2026-08-07 16:47
KB0011397,P-003806,KH-NYC-01,New York,2026-09-26,online,completed,2026-09-26 16:18
KB0007288,P-003151,KH-NYC-03,New York,2026-07-25,online,completed,2026-07-25 15:12
KB0010225,P-001908,KH-PHX-03,Phoenix,2026-09-09,walk-in,completed,2026-09-09 15:22
KB0009514,P-003131,KH-NYC-03,New York,2026-08-29,walk-in,completed,2026-08-29 15:58
KB0003647,P-001641,KH-PHX-03,Phoenix,2026-05-29,walk-in,completed,2026-05-29 10:50
KB0003741,P-005510,KH-ATL-02,Atlanta,2026-05-30,online,completed,2026-05-30 18:46
KB0004834,P-000856,KH-DAL-02,Dallas,2026-06-17,walk-in,completed,2026-06-17 09:07
KB0004929,P-004802,KH-CHI-03,Chicago,2026-06-18,walk-in,completed,2026-06-18 17:05
KB0000554,P-002398,KH-PHX-01,Phoenix,2026-04-09,walk-in,completed,2026-04-09 16:35
KB0004475,P-003920,KH-NYC-01,New York,2026-06-11,online,completed,2026-06-11 15:44
KB0010633,P-003053,KH-NYC-02,New York,2026-09-15,walk-in,completed,2026-09-15 19:09
KB0003205,P-001895,KH-PHX-01,Phoenix,2026-05-22,walk-in,completed,2026-05-22 09:02
KB0005457,P-000036,KH-DAL-02,Dallas,2026-06-27,walk-in,completed,2026-06-27 10:19
KB0006772,P-004171,KH-CHI-01,Chicago,2026-07-17,walk-in,completed,2026-07-17 11:37
KB0003634,P-000752,KH-DAL-01,Dallas,2026-05-29,walk-in,completed,2026-05-29 11:23
KB0003307,P-006009,KH-PHI-03,Philadelphia,2026-05-23,walk-in,cancelled,2026-05-23 15:17
KB0006670,P-001975,KH-PHX-03,Phoenix,2026-07-16,walk-in,completed,2026-07-16 19:05
KB0003191,P-001187,KH-DAL-02,Dallas,2026-05-22,online,completed,2026-05-22 13:12
KB0004455,P-001798,KH-PHX-01,Phoenix,2026-06-11,,completed,2026-06-11 10:55
KB0002034,P-004442,KH-CHI-03,Chicago,2026-05-03,phone,completed,2026-05-03 08:07
KB0000186,P-002848,KH-NYC-02,New York,2026-04-03,walk-in,completed,2026-04-03 15:48
KB0002189,P-005729,KH-ATL-01,Atlanta,2026-05-05,walk-in,completed,2026-05-05 17:08
KB0004782,P-003645,KH-NYC-03,New York,2026-06-16,online,completed,2026-06-16 12:47
KB0001462,P-000871,KH-DAL-01,Dallas,2026-04-24,online,completed,2026-04-24 13:01
KB0004885,P-001019,KH-DAL-03,Dallas,2026-06-18,walk-in,completed,2026-06-18 11:22
KB0005061,P-005617,KH-ATL-01,Atlanta,2026-06-20,online,completed,2026-06-20 16:44
KB0007284,P-001343,KH-PHX-03,Phoenix,2026-07-25,online,completed,2026-07-25 13:11
KB0000470,P-000124,KH-DAL-03,Dallas,2026-04-08,online,completed,2026-04-08 18:38
KB0007443,P-001565,KH-PHX-03,Phoenix,2026-07-28,walk-in,cancelled,2026-07-28 12:39
KB0009870,P-006035,KH-PHI-02,Philadelphia,2026-09-03,online,completed,2026-09-03 17:38
KB0005832,P-000685,KH-DAL-03,Dallas,2026-07-03,walk-in,completed,2026-07-03 19:30
KB0006018,P-001817,KH-PHX-03,Phoenix,2026-07-06,walk-in,completed,2026-07-06 17:57
KB0006193,P-005725,KH-ATL-01,Atlanta,2026-07-08,online,completed,2026-07-08 19:45
KB0001971,P-004252,KH-CHI-03,Chicago,2026-05-02,walk-in,completed,2026-05-02 15:49
KB0008575,P-005764,KH-PHI-03,Philadelphia,2026-08-14,online,completed,2026-08-14 13:02
KB0004040,P-003488,KH-NYC-03,New York,2026-06-04,phone,completed,2026-06-04 16:18
KB0005005,P-005190,KH-ATL-02,Atlanta,2026-06-19,walk-in,completed,2026-06-19 19:17
KB0003368,P-001178,KH-DAL-01,Dallas,2026-05-25,phone,completed,2026-05-25 15:21
KB0008034,P-004827,KH-CHI-02,Chicago,2026-08-06,walk-in,completed,2026-08-06 18:40
KB0002644,P-001713,KH-PHX-02,Phoenix,2026-05-13,at-home,completed,2026-05-13 19:40
KB0002089,P-001492,KH-PHX-03,Phoenix,2026-05-04,walk-in,completed,2026-05-04 08:03
KB0007369,P-000614,KH-DAL-02,Dallas,2026-07-27,phone,completed,2026-07-27 16:44
KB0007580,P-001776,KH-PHX-03,Phoenix,2026-07-30,at-home,completed,2026-07-30 12:23
KB0009795,P-005358,KH-ATL-02,Atlanta,2026-09-02,online,completed,2026-09-02 11:39
KB0007708,P-002949,KH-NYC-02,New York,2026-08-01,online,completed,2026-08-01 17:47
KB0010055,P-004153,KH-CHI-02,Chicago,2026-09-06,at-home,completed,2026-09-06 12:06
KB0009098,P-005113,KH-ATL-02,Atlanta,2026-08-22,walk-in,completed,2026-08-22 19:18
KB0008037,P-004858,KH-CHI-03,Chicago,2026-08-06,online,completed,2026-08-06 13:16
KB0004827,P-000935,KH-DAL-01,Dallas,2026-06-17,at-home,completed,2026-06-17 11:11
KB0009499,P-000276,KH-DAL-01,Dallas,2026-08-29,online,completed,2026-08-29 08:57
KB0001705,P-001374,KH-PHX-02,Phoenix,2026-04-28,phone,completed,2026-04-28 08:42
KB0002183,P-004265,KH-CHI-03,Chicago,2026-05-05,phone,completed,2026-05-05 17:58
KB0008553,P-004256,KH-CHI-03,Chicago,2026-08-14,online,completed,2026-08-14 08:45
KB0004949,P-001146,KH-DAL-01,Dallas,2026-06-19,walk-in,completed,2026-06-19 16:33
KB0003097,P-004221,KH-CHI-03,Chicago,2026-05-20,walk-in,completed,2026-05-20 16:10
KB0001861,P-006388,KH-PHI-02,Philadelphia,2026-04-30,online,completed,2026-04-30 19:41
KB0002856,P-002508,KH-NYC-03,New York,2026-05-16,walk-in,completed,2026-05-16 15:19
KB0008627,P-004352,KH-CHI-01,Chicago,2026-08-15,online,cancelled,2026-08-15 16:24
KB0007826,P-001764,KH-PHX-03,Phoenix,2026-08-03,online,completed,2026-08-03 08:32
KB0008111,P-004902,KH-CHI-03,Chicago,2026-08-07,at-home,completed,2026-08-07 09:31
KB0009330,P-005728,KH-ATL-01,Atlanta,2026-08-26,at-home,completed,2026-08-26 18:56
KB0002403,P-002240,KH-PHX-03,Phoenix,2026-05-09,walk-in,completed,2026-05-09 19:17
KB0002116,P-005653,KH-ATL-02,Atlanta,2026-05-04,walk-in,completed,2026-05-04 13:42
KB0006492,P-004709,KH-CHI-03,Chicago,2026-07-13,walk-in,completed,2026-07-13 15:58
KB0011199,P-005316,KH-ATL-01,Atlanta,2026-09-23,walk-in,completed,2026-09-23 11:31
KB0010858,P-005384,KH-ATL-03,Atlanta,2026-09-18,online,completed,2026-09-18 14:59
KB0004215,P-003877,KH-NYC-03,New York,2026-06-07,online,completed,2026-06-07 14:26
KB0010029,P-000700,KH-DAL-01,Dallas,2026-09-06,online,completed,2026-09-06 15:37
KB0011117,P-005699,KH-ATL-02,Atlanta,2026-09-22,walk-in,completed,2026-09-22 13:09
KB0003826,P-003703,KH-NYC-03,New York,2026-06-01,walk-in,completed,2026-06-01 15:46
KB0010286,P-002316,KH-PHX-02,Phoenix,2026-09-10,walk-in,completed,2026-09-10 10:59
KB0007817,P-001870,KH-PHX-02,Phoenix,2026-08-03,,completed,2026-08-03 10:05
KB0001178,P-002163,KH-PHX-02,Phoenix,2026-04-19,phone,completed,2026-04-19 12:50
KB0000148,P-000821,KH-DAL-03,Dallas,2026-04-03,at-home,completed,2026-04-03 11:27
KB0008464,P-002360,KH-PHX-01,Phoenix,2026-08-13,phone,completed,2026-08-13 15:52
KB0004336,P-003468,KH-NYC-03,New York,2026-06-09,online,completed,2026-06-09 14:14
KB0004673,P-005447,KH-ATL-01,Atlanta,2026-06-14,walk-in,completed,2026-06-14 08:35
KB0002447,P-000185,KH-DAL-01,Dallas,2026-05-10,walk-in,completed,2026-05-10 14:41
KB0007413,P-005476,KH-ATL-02,Atlanta,2026-07-27,phone,completed,2026-07-27 14:14
KB0000322,P-003659,KH-NYC-02,New York,2026-04-05,at-home,completed,2026-04-05 17:56
KB0007824,P-001836,KH-PHX-02,Phoenix,2026-08-03,at-home,completed,2026-08-03 13:42
KB0006059,P-006501,KH-PHI-01,Philadelphia,2026-07-06,walk-in,completed,2026-07-06 09:49
KB0008450,P-000670,KH-DAL-03,Dallas,2026-08-13,at-home,completed,2026-08-13 17:27
KB0010181,P-003517,KH-NYC-03,New York,2026-09-08,at-home,completed,2026-09-08 15:28
KB0009420,P-000704,KH-DAL-02,Dallas,2026-08-28,walk-in,completed,2026-08-28 14:44
KB0004896,P-000367,KH-DAL-02,Dallas,2026-06-18,online,completed,2026-06-18 10:25
KB0003558,P-000090,KH-DAL-03,Dallas,2026-05-28,phone,completed,2026-05-28 15:35
KB0009589,P-004611,KH-CHI-01,Chicago,2026-08-30,walk-in,completed,2026-08-30 16:09
KB0008358,P-004254,KH-CHI-02,Chicago,2026-08-11,walk-in,completed,2026-08-11 18:14
KB0006490,P-004862,KH-CHI-01,Chicago,2026-07-13,online,completed,2026-07-13 17:39
KB0007405,P-004992,KH-ATL-02,Atlanta,2026-07-27,walk-in,completed,2026-07-27 09:53
KB0002202,P-000921,KH-DAL-02,Dallas,2026-05-06,online,completed,2026-05-06 16:55
KB0008011,P-001534,KH-PHX-03,Phoenix,2026-08-06,online,completed,2026-08-06 08:10
KB0001054,P-002203,KH-PHX-03,Phoenix,2026-04-17,online,completed,2026-04-17 11:33
KB0009426,P-000597,KH-DAL-02,Dallas,2026-08-28,walk-in,completed,2026-08-28 10:20
KB0004763,P-000878,KH-DAL-01,Dallas,2026-06-16,phone,completed,2026-06-16 10:17
KB0001518,P-000626,KH-DAL-02,Dallas,2026-04-25,walk-in,completed,2026-04-25 09:21
KB0005829,P-000507,KH-DAL-02,Dallas,2026-07-03,phone,completed,2026-07-03 14:38
KB0006533,P-001755,KH-PHX-03,Phoenix,2026-07-14,walk-in,completed,2026-07-14 17:26
KB0008156,P-003433,KH-NYC-01,New York,2026-08-08,walk-in,completed,2026-08-08 12:49
KB0006522,P-001199,KH-DAL-02,Dallas,2026-07-14,walk-in,completed,2026-07-14 16:38
KB0001483,P-002236,KH-PHX-03,Phoenix,2026-04-24,online,completed,2026-04-24 09:56
KB0011463,P-002680,KH-NYC-03,New York,2026-09-27,,completed,2026-09-27 12:29
KB0006009,P-001061,KH-DAL-02,Dallas,2026-07-06,phone,completed,2026-07-06 14:50
KB0003267,P-001288,KH-PHX-03,Phoenix,2026-05-23,at-home,cancelled,2026-05-23 09:19
KB0009842,P-003884,KH-NYC-01,New York,2026-09-03,at-home,completed,2026-09-03 12:25
KB0004684,P-006656,KH-PHI-03,Philadelphia,2026-06-14,walk-in,completed,2026-06-14 12:13
KB0008822,P-005517,KH-ATL-02,Atlanta,2026-08-18,online,completed,2026-08-18 19:49
KB0001534,P-001297,KH-PHX-02,Phoenix,2026-04-25,phone,completed,2026-04-25 19:49
KB0000342,P-000815,KH-DAL-03,Dallas,2026-04-06,online,completed,2026-04-06 11:04
KB0001815,P-000429,KH-DAL-01,Dallas,2026-04-30,online,completed,2026-04-30 16:06
KB0003765,P-002311,KH-PHX-02,Phoenix,2026-05-31,walk-in,completed,2026-05-31 13:54
KB0006927,P-000106,KH-DAL-02,Dallas,2026-07-20,walk-in,completed,2026-07-20 18:10
KB0005710,P-001873,KH-PHX-02,Phoenix,2026-07-01,online,completed,2026-07-01 15:44
KB0008223,P-004523,KH-CHI-01,Chicago,2026-08-09,phone,completed,2026-08-09 18:24
KB0004439,P-000250,KH-DAL-03,Dallas,2026-06-11,phone,completed,2026-06-11 16:37
KB0007671,P-006524,KH-PHI-03,Philadelphia,2026-07-31,walk-in,completed,2026-07-31 11:08
KB0004673,P-005447,KH-ATL-01,Atlanta,2026-06-14,walk-in,completed,2026-06-14 08:35
KB0006067,P-000229,KH-DAL-02,Dallas,2026-07-07,at-home,completed,2026-07-07 08:22
KB0002888,P-000496,KH-DAL-01,Dallas,2026-05-17,online,completed,2026-05-17 15:23
KB0010506,P-002719,KH-NYC-03,New York,2026-09-13,online,completed,2026-09-13 10:17
KB0003665,P-004328,KH-CHI-02,Chicago,2026-05-29,walk-in,completed,2026-05-29 11:44
KB0010765,P-002926,KH-NYC-03,New York,2026-09-17,walk-in,completed,2026-09-17 13:27
KB0002014,P-001596,KH-PHX-03,Phoenix,2026-05-03,online,completed,2026-05-03 11:39
KB0002200,P-006496,KH-PHI-03,Philadelphia,2026-05-05,online,completed,2026-05-05 14:10
KB0009736,P-005072,KH-ATL-02,Atlanta,2026-09-01,phone,completed,2026-09-01 13:29
KB0011115,P-005134,KH-ATL-02,Atlanta,2026-09-22,online,completed,2026-09-22 12:08
KB0001346,P-000175,KH-DAL-02,Dallas,2026-04-22,walk-in,completed,2026-04-22 18:14
KB0008256,P-001043,KH-DAL-01,Dallas,2026-08-10,phone,completed,2026-08-10 21:45
KB0000842,P-000687,KH-DAL-03,Dallas,2026-04-14,phone,completed,2026-04-14 15:12
KB0003807,P-000965,KH-DAL-02,Dallas,2026-06-01,walk-in,completed,2026-06-01 15:48
KB0005320,P-001110,KH-DAL-01,Dallas,2026-06-25,at-home,completed,2026-06-25 18:27
KB0001136,P-002743,KH-NYC-03,New York,2026-04-18,walk-in,completed,2026-04-18 12:19
KB0002191,P-005349,KH-ATL-02,Atlanta,2026-05-05,online,completed,2026-05-05 18:27
KB0005260,P-006155,KH-PHI-03,Philadelphia,2026-06-23,walk-in,completed,2026-06-23 10:49
KB0004209,P-002195,KH-PHX-01,Phoenix,2026-06-07,at-home,completed,2026-06-07 17:10
KB0006300,P-002177,KH-PHX-03,Phoenix,2026-07-10,walk-in,completed,2026-07-10 16:31
KB0003659,P-003739,KH-NYC-02,New York,2026-05-29,at-home,completed,2026-05-29 10:32
KB0002045,P-005407,KH-ATL-02,Atlanta,2026-05-03,phone,completed,2026-05-03 18:40
KB0005525,P-002120,KH-PHX-02,Phoenix,2026-06-28,walk-in,completed,2026-06-28 15:05
KB0002751,P-000819,KH-DAL-02,Dallas,2026-05-15,phone,completed,2026-05-15 19:16
KB0007912,P-004392,KH-CHI-02,Chicago,2026-08-04,online,completed,2026-08-04 11:30
KB0003803,P-000412,KH-DAL-01,Dallas,2026-06-01,phone,completed,2026-06-01 12:45
KB0001901,P-002944,KH-NYC-02,New York,2026-05-01,online,completed,2026-05-01 10:30
KB0009490,P-000720,KH-DAL-01,Dallas,2026-08-29,at-home,completed,2026-08-29 10:08
KB0001323,P-005307,KH-ATL-02,Atlanta,2026-04-21,walk-in,completed,2026-04-21 13:17
KB0011005,P-000382,KH-DAL-02,Dallas,2026-09-21,walk-in,completed,2026-09-21 13:08
KB0001724,P-004866,KH-CHI-01,Chicago,2026-04-28,online,completed,2026-04-28 18:04
KB0010262,P-005510,KH-ATL-02,Atlanta,2026-09-09,walk-in,completed,2026-09-09 09:41
KB0010600,P-000745,KH-DAL-01,Dallas,2026-09-15,at-home,completed,2026-09-15 12:16
KB0009372,P-001680,KH-PHX-01,Phoenix,2026-08-27,walk-in,completed,2026-08-27 16:16
KB0008804,P-003425,KH-NYC-02,New York,2026-08-18,online,completed,2026-08-18 13:10
KB0011069,P-000314,KH-DAL-01,Dallas,2026-09-22,walk-in,completed,2026-09-22 08:26
KB0001967,P-002915,KH-NYC-01,New York,2026-05-02,walk-in,completed,2026-05-02 09:28
KB0000181,P-002616,KH-NYC-02,New York,2026-04-03,at-home,completed,2026-04-03 08:45
KB0003263,P-002114,KH-PHX-02,Phoenix,2026-05-23,at-home,completed,2026-05-23 16:31
KB0000278,P-005556,KH-ATL-01,Atlanta,2026-04-04,at-home,completed,2026-04-04 13:16
KB0006617,P-002488,KH-NYC-03,New York,2026-07-15,phone,completed,2026-07-15 09:47
KB0002571,P-000326,KH-DAL-01,Dallas,2026-05-12,walk-in,completed,2026-05-12 18:27
KB0001862,P-006362,KH-PHI-01,Philadelphia,2026-04-30,walk-in,completed,2026-04-30 19:30
KB0002173,P-003559,KH-NYC-01,New York,2026-05-05,online,completed,2026-05-05 15:04
KB0009902,P-001971,KH-PHX-03,Phoenix,2026-09-04,at-home,completed,2026-09-04 08:35
KB0010581,P-005601,KH-ATL-02,Atlanta,2026-09-14,at-home,completed,2026-09-14 12:40
KB0008636,P-005262,KH-ATL-02,Atlanta,2026-08-15,walk-in,cancelled,2026-08-15 18:29
KB0006937,P-001770,KH-PHX-03,Phoenix,2026-07-20,walk-in,completed,2026-07-20 17:22
KB0009816,P-000523,KH-DAL-03,Dallas,2026-09-03,at-home,completed,2026-09-03 14:16
KB0008371,P-004992,KH-ATL-02,Atlanta,2026-08-11,walk-in,completed,2026-08-11 09:55
KB0004087,P-001581,KH-PHX-03,Phoenix,2026-06-05,walk-in,completed,2026-06-05 16:04
KB0007781,P-004938,KH-CHI-02,Chicago,2026-08-02,online,completed,2026-08-02 19:41
KB0009755,P-000309,KH-DAL-02,Dallas,2026-09-02,walk-in,completed,2026-09-02 15:16
KB0009151,P-006129,KH-PHI-01,Philadelphia,2026-08-23,walk-in,completed,2026-08-23 15:15
KB0006201,P-006061,KH-PHI-03,Philadelphia,2026-07-08,online,completed,2026-07-08 16:51
KB0009286,P-001077,KH-DAL-03,Dallas,2026-08-26,walk-in,completed,2026-08-26 16:19
KB0001479,P-001759,KH-PHX-03,Phoenix,2026-04-24,phone,completed,2026-04-24 19:34
KB0000287,P-006424,KH-PHI-03,Philadelphia,2026-04-04,walk-in,completed,2026-04-04 16:19
KB0006616,P-001530,KH-PHX-02,Phoenix,2026-07-15,walk-in,completed,2026-07-15 13:22
KB0009346,P-006182,KH-PHI-03,Philadelphia,2026-08-26,phone,completed,2026-08-26 10:39
KB0008755,P-005522,KH-ATL-02,Atlanta,2026-08-17,phone,completed,2026-08-17 13:31
KB0006398,P-005280,KH-ATL-02,Atlanta,2026-07-11,online,completed,2026-07-11 08:16
KB0011421,P-005644,KH-ATL-02,Atlanta,2026-09-26,at-home,completed,2026-09-26 09:32
KB0009579,P-002613,KH-NYC-01,New York,2026-08-30,phone,completed,2026-08-30 10:46
KB0002371,P-005696,KH-ATL-01,Atlanta,2026-05-08,at-home,completed,2026-05-08 16:15
KB0011634,P-000905,KH-DAL-01,Dallas,2026-09-30,walk-in,completed,2026-09-30 16:36
KB0007579,P-002171,KH-PHX-02,Phoenix,2026-07-30,walk-in,completed,2026-07-30 13:42
KB0009126,P-001422,KH-PHX-03,Phoenix,2026-08-23,walk-in,completed,2026-08-23 09:59
KB0004428,P-005997,KH-PHI-02,Philadelphia,2026-06-10,online,completed,2026-06-10 13:45
KB0008697,P-006095,KH-PHI-01,Philadelphia,2026-08-16,walk-in,completed,2026-08-16 11:26
KB0009447,P-002743,KH-NYC-02,New York,2026-08-28,walk-in,completed,2026-08-28 11:57
KB0001753,P-001142,KH-DAL-02,Dallas,2026-04-29,walk-in,completed,2026-04-29 19:25
KB0001665,P-005611,KH-ATL-01,Atlanta,2026-04-27,online,completed,2026-04-27 15:17
KB0004708,P-003598,KH-NYC-01,New York,2026-06-15,walk-in,completed,2026-06-15 14:32
KB0007789,P-005168,KH-ATL-01,Atlanta,2026-08-02,online,completed,2026-08-02 12:42
KB0010477,P-006162,KH-PHI-02,Philadelphia,2026-09-12,walk-in,completed,2026-09-12 13:37
KB0003279,P-004329,KH-CHI-01,Chicago,2026-05-23,online,completed,2026-05-23 18:58
KB0002624,P-000204,KH-DAL-03,Dallas,2026-05-13,online,cancelled,2026-05-13 08:30
KB0005220,P-002010,KH-PHX-01,Phoenix,2026-06-23,walk-in,completed,2026-06-23 13:58
KB0005719,P-001492,KH-PHX-02,Phoenix,2026-07-01,online,cancelled,2026-07-01 18:14
KB0010106,P-003099,KH-NYC-01,New York,2026-09-07,walk-in,completed,2026-09-07 09:48
KB0010791,P-006104,KH-PHI-03,Philadelphia,2026-09-17,walk-in,completed,2026-09-17 18:44
KB0002892,P-001235,KH-DAL-02,Dallas,2026-05-17,online,completed,2026-05-17 11:55
KB0008204,P-002229,KH-PHX-01,Phoenix,2026-08-09,walk-in,completed,2026-08-09 18:51
KB0006991,P-001099,KH-DAL-01,Dallas,2026-07-21,walk-in,completed,2026-07-21 10:49
KB0006683,P-002849,KH-NYC-01,New York,2026-07-16,walk-in,completed,2026-07-16 08:32
KB0000205,P-005527,KH-ATL-02,Atlanta,2026-04-03,walk-in,completed,2026-04-03 09:11
KB0005324,P-000827,KH-DAL-03,Dallas,2026-06-25,walk-in,completed,2026-06-25 16:22
KB0000116,P-003969,KH-CHI-01,Chicago,2026-04-02,walk-in,completed,2026-04-02 08:59
KB0000746,P-002185,KH-PHX-03,Phoenix,2026-04-12,online,completed,2026-04-12 08:55
KB0002004,P-000758,KH-DAL-03,Dallas,2026-05-03,walk-in,completed,2026-05-03 13:24
KB0009390,P-004453,KH-CHI-01,Chicago,2026-08-27,online,completed,2026-08-27 19:53
KB0004392,P-001691,KH-PHX-02,Phoenix,2026-06-10,online,completed,2026-06-10 14:30
KB0005974,P-003905,KH-NYC-03,New York,2026-07-05,online,completed,2026-07-05 08:39
KB0005222,P-001687,KH-PHX-02,Phoenix,2026-06-23,walk-in,completed,2026-06-23 15:16
KB0010067,P-000018,KH-DAL-01,Dallas,2026-09-07,walk-in,completed,2026-09-07 09:22
KB0010762,P-002513,KH-NYC-01,New York,2026-09-17,at-home,completed,2026-09-17 13:34
KB0004499,P-006425,KH-PHI-02,Philadelphia,2026-06-11,online,completed,2026-06-11 09:45
KB0003627,P-000730,KH-DAL-01,Dallas,2026-05-29,walk-in,completed,2026-05-29 09:51
KB0004645,P-000346,KH-DAL-01,Dallas,2026-06-14,online,completed,2026-06-14 17:42
KB0006607,P-001347,KH-PHX-01,Phoenix,2026-07-15,at-home,completed,2026-07-15 14:14
KB0004880,P-005314,KH-ATL-01,Atlanta,2026-06-17,online,completed,2026-06-17 17:05
KB0005310,P-005033,KH-ATL-02,Atlanta,2026-06-24,walk-in,completed,2026-06-24 16:58
KB0000542,P-000114,KH-DAL-02,Dallas,2026-04-09,walk-in,completed,2026-04-09 08:21
KB0002342,P-001603,KH-PHX-01,Phoenix,2026-05-08,online,completed,2026-05-08 14:23
KB0010611,P-000808,KH-DAL-03,Dallas,2026-09-15,online,completed,2026-09-15 08:10
KB0003885,P-001776,KH-PHX-03,Phoenix,2026-06-02,online,completed,2026-06-02 15:03
KB0009474,P-005108,KH-ATL-01,Atlanta,2026-08-28,walk-in,completed,2026-08-28 11:45
KB0002046,P-005171,KH-ATL-02,Atlanta,2026-05-03,walk-in,completed,2026-05-03 13:39
KB0000936,P-003551,KH-NYC-03,New York,2026-04-15,online,completed,2026-04-15 15:50
KB0011510,P-003377,KH-NYC-03,New York,2026-09-28,online,completed,2026-09-28 10:26
KB0008116,P-005292,KH-ATL-01,Atlanta,2026-08-07,walk-in,completed,2026-08-07 11:03
KB0007081,P-003088,KH-NYC-02,New York,2026-07-22,walk-in,completed,2026-07-22 15:26
KB0006780,P-005715,KH-ATL-02,Atlanta,2026-07-17,walk-in,completed,2026-07-17 16:53
KB0010562,P-002545,KH-NYC-02,New York,2026-09-14,at-home,completed,2026-09-14 19:42
KB0001095,P-005465,KH-ATL-02,Atlanta,2026-04-17,walk-in,completed,2026-04-17 09:31
KB0007663,P-005568,KH-ATL-02,Atlanta,2026-07-31,walk-in,completed,2026-07-31 17:55
KB0000320,P-003157,KH-NYC-03,New York,2026-04-05,walk-in,completed,2026-04-05 10:14
KB0007052,P-001029,KH-DAL-01,Dallas,2026-07-22,walk-in,completed,2026-07-22 08:18
KB0010658,P-006157,KH-PHI-02,Philadelphia,2026-09-15,walk-in,completed,2026-09-15 10:03
KB0006496,P-004448,KH-CHI-03,Chicago,2026-07-13,at-home,completed,2026-07-13 13:41
KB0006702,P-004201,KH-CHI-03,Chicago,2026-07-16,online,completed,2026-07-16 13:14
KB0002512,P-001584,KH-PHX-02,Phoenix,2026-05-11,online,completed,2026-05-11 08:04
KB0010612,P-001682,KH-PHX-02,Phoenix,2026-09-15,walk-in,completed,2026-09-15 09:51
KB0009422,P-000527,KH-DAL-01,Dallas,2026-08-28,phone,completed,2026-08-28 12:49
KB0005352,P-003153,KH-NYC-01,New York,2026-06-25,walk-in,completed,2026-06-25 12:49
KB0005227,P-003381,KH-NYC-01,New York,2026-06-23,walk-in,completed,2026-06-23 18:53
KB0011560,P-001051,KH-DAL-03,Dallas,2026-09-29,walk-in,completed,2026-09-29 11:55
KB0003181,P-001049,KH-DAL-01,Dallas,2026-05-22,online,completed,2026-05-22 16:26
KB0008625,P-004596,KH-CHI-01,Chicago,2026-08-15,online,completed,2026-08-15 18:21
KB0001399,P-000514,KH-DAL-03,Dallas,2026-04-23,walk-in,completed,2026-04-23 13:37
KB0000604,P-000214,KH-DAL-03,Dallas,2026-04-10,phone,completed,2026-04-10 09:03
KB0003969,P-002626,KH-NYC-01,New York,2026-06-03,online,completed,2026-06-03 10:37
KB0007484,P-006042,KH-PHI-01,Philadelphia,2026-07-28,walk-in,completed,2026-07-28 19:53
KB0008362,P-005385,KH-ATL-01,Atlanta,2026-08-11,online,completed,2026-08-11 12:44
KB0007564,P-000279,KH-DAL-02,Dallas,2026-07-30,online,completed,2026-07-30 11:31
KB0008883,P-004315,KH-CHI-01,Chicago,2026-08-19,walk-in,completed,2026-08-19 12:10
KB0000740,P-002297,KH-PHX-01,Phoenix,2026-04-12,walk-in,completed,2026-04-12 08:24
KB0005447,P-006416,KH-PHI-01,Philadelphia,2026-06-26,phone,completed,2026-06-26 17:21
KB0009698,P-001338,KH-PHX-01,Phoenix,2026-09-01,walk-in,completed,2026-09-01 16:54
KB0007910,P-004779,KH-CHI-03,Chicago,2026-08-04,phone,completed,2026-08-04 18:00
KB0002510,P-000936,KH-DAL-03,Dallas,2026-05-11,online,completed,2026-05-11 14:41
KB0005532,P-001798,KH-PHX-03,Phoenix,2026-06-28,walk-in,completed,2026-06-28 12:50
KB0003208,P-003280,KH-NYC-01,New York,2026-05-22,walk-in,completed,2026-05-22 13:23
KB0003378,P-001954,KH-PHX-03,Phoenix,2026-05-25,online,completed,2026-05-25 13:01
KB0001496,P-004018,KH-CHI-01,Chicago,2026-04-24,walk-in,completed,2026-04-24 15:03
KB0003014,P-001401,KH-PHX-03,Phoenix,2026-05-19,online,completed,2026-05-19 19:07
KB0010363,P-002123,KH-PHX-03,Phoenix,2026-09-11,walk-in,completed,2026-09-11 13:56
KB0006164,P-003615,KH-NYC-03,New York,2026-07-08,,completed,2026-07-08 15:12
KB0009800,P-006381,KH-PHI-03,Philadelphia,2026-09-02,phone,completed,2026-09-02 12:32
KB0000001,P-001142,KH-DAL-01,Dallas,2026-04-01,phone,completed,2026-04-01 14:25
KB0008558,P-004017,KH-CHI-01,Chicago,2026-08-14,online,completed,2026-08-14 13:43
KB0001022,P-005493,KH-ATL-02,Atlanta,2026-04-16,online,completed,2026-04-16 09:55
KB0003407,P-004959,KH-ATL-03,Atlanta,2026-05-25,online,completed,2026-05-25 18:35
KB0006459,P-000279,KH-DAL-01,Dallas,2026-07-13,walk-in,completed,2026-07-13 19:58
KB0003512,P-002829,KH-NYC-03,New York,2026-05-27,walk-in,completed,2026-05-27 13:07
KB0003937,P-000595,KH-DAL-02,Dallas,2026-06-03,walk-in,completed,2026-06-03 13:10
KB0008544,P-002679,KH-NYC-02,New York,2026-08-14,online,completed,2026-08-14 16:58
KB0009081,P-002600,KH-NYC-01,New York,2026-08-22,walk-in,completed,2026-08-22 10:31
KB0011200,P-005084,KH-ATL-01,Atlanta,2026-09-23,walk-in,completed,2026-09-23 08:43
KB0002208,P-000400,KH-DAL-03,Dallas,2026-05-06,online,completed,2026-05-06 18:55
KB0011561,P-000505,KH-DAL-02,Dallas,2026-09-29,phone,completed,2026-09-29 19:29
KB0002681,P-006178,KH-PHI-01,Philadelphia,2026-05-13,walk-in,completed,2026-05-13 17:50
KB0001441,P-005560,KH-ATL-02,Atlanta,2026-04-23,online,completed,2026-04-23 09:50
KB0006586,P-000635,KH-DAL-02,Dallas,2026-07-15,online,completed,2026-07-15 17:28
KB0007266,P-001090,KH-DAL-02,Dallas,2026-07-25,walk-in,completed,2026-07-25 16:36
KB0006462,P-002271,KH-PHX-02,Phoenix,2026-07-13,walk-in,completed,2026-07-13 13:54
KB0004548,P-002705,KH-NYC-03,New York,2026-06-12,walk-in,completed,2026-06-12 16:05
KB0010798,P-000836,KH-DAL-03,Dallas,2026-09-18,at-home,completed,2026-09-18 09:14
KB0006079,P-001201,KH-DAL-01,Dallas,2026-07-07,phone,completed,2026-07-07 10:40
KB0004402,P-002807,KH-NYC-03,New York,2026-06-10,phone,completed,2026-06-10 11:11
KB0007533,P-004209,KH-CHI-03,Chicago,2026-07-29,phone,completed,2026-07-29 19:32
KB0005174,P-004107,KH-CHI-03,Chicago,2026-06-22,at-home,completed,2026-06-22 19:14
KB0009813,P-000849,KH-DAL-02,Dallas,2026-09-03,online,completed,2026-09-03 19:15
KB0009817,P-000005,KH-DAL-01,Dallas,2026-09-03,walk-in,completed,2026-09-03 12:05
KB0000804,P-003169,KH-NYC-03,New York,2026-04-13,phone,completed,2026-04-13 08:23
KB0009822,P-000816,KH-DAL-03,Dallas,2026-09-03,phone,completed,2026-09-03 10:02
KB0006074,P-001102,KH-DAL-02,Dallas,2026-07-07,walk-in,completed,2026-07-07 17:19
KB0005643,P-002176,KH-PHX-03,Phoenix,2026-06-30,walk-in,completed,2026-06-30 17:36
KB0007769,P-002444,KH-PHX-02,Phoenix,2026-08-02,walk-in,completed,2026-08-02 14:07
KB0008794,P-002422,KH-PHX-03,Phoenix,2026-08-18,at-home,completed,2026-08-18 18:31
KB0001855,P-004958,KH-ATL-03,Atlanta,2026-04-30,online,completed,2026-04-30 13:52
KB0011013,P-002236,KH-PHX-01,Phoenix,2026-09-21,phone,completed,2026-09-21 08:04
KB0001387,P-005871,KH-PHI-01,Philadelphia,2026-04-22,phone,completed,2026-04-22 08:16
KB0011519,P-003839,KH-NYC-01,New York,2026-09-28,walk-in,completed,2026-09-28 12:28
KB0001102,P-006536,KH-PHI-01,Philadelphia,2026-04-17,walk-in,completed,2026-04-17 11:55
KB0008104,P-002727,KH-NYC-03,New York,2026-08-07,walk-in,completed,2026-08-07 12:15
KB0008035,P-004885,KH-CHI-03,Chicago,2026-08-06,at-home,completed,2026-08-06 19:00
KB0006474,P-003802,KH-NYC-01,New York,2026-07-13,at-home,completed,2026-07-13 19:43
KB0008093,P-003092,KH-NYC-01,New York,2026-08-07,phone,completed,2026-08-07 13:40
KB0004313,P-001126,KH-DAL-01,Dallas,2026-06-09,at-home,completed,2026-06-09 13:21
KB0007500,P-001049,KH-DAL-02,Dallas,2026-07-29,walk-in,completed,2026-07-29 19:25
KB0008707,P-000043,KH-DAL-03,Dallas,2026-08-17,phone,completed,2026-08-17 08:01
KB0000280,P-005489,KH-ATL-02,Atlanta,2026-04-04,online,cancelled,2026-04-04 18:21
KB0006568,P-005364,KH-ATL-02,Atlanta,2026-07-14,walk-in,completed,2026-07-14 16:10
KB0007219,P-002978,KH-NYC-01,New York,2026-07-24,online,completed,2026-07-24 14:26
KB0003806,P-000281,KH-DAL-02,Dallas,2026-06-01,phone,completed,2026-06-01 15:30
KB0003815,P-002010,KH-PHX-02,Phoenix,2026-06-01,walk-in,completed,2026-06-01 09:05
KB0009685,P-000462,KH-DAL-01,Dallas,2026-09-01,walk-in,completed,2026-09-01 14:52
KB0005640,P-000095,KH-DAL-02,Dallas,2026-06-30,phone,completed,2026-06-30 14:55
KB0006758,P-003414,KH-NYC-03,New York,2026-07-17,walk-in,completed,2026-07-17 18:29
KB0000004,P-000091,KH-DAL-01,Dallas,2026-04-01,walk-in,completed,2026-04-01 14:02
KB0006851,P-005888,KH-PHI-02,Philadelphia,2026-07-18,walk-in,completed,2026-07-18 18:48
KB0001489,P-003488,KH-NYC-03,New York,2026-04-24,walk-in,completed,2026-04-24 08:01
KB0010533,P-000778,KH-DAL-02,Dallas,2026-09-14,online,completed,2026-09-14 08:02
KB0008397,P-001489,KH-PHX-01,Phoenix,2026-08-12,,completed,2026-08-12 15:40
KB0003056,P-000053,KH-DAL-02,Dallas,2026-05-20,walk-in,completed,2026-05-20 17:24
KB0002048,P-005099,KH-ATL-01,Atlanta,2026-05-03,walk-in,completed,2026-05-03 19:02
KB0005223,P-003195,KH-NYC-03,New York,2026-06-23,walk-in,completed,2026-06-23 14:25
KB0003126,P-000517,KH-DAL-01,Dallas,2026-05-21,at-home,completed,2026-05-21 15:28
KB0004973,P-001557,KH-PHX-03,Phoenix,2026-06-19,walk-in,completed,2026-06-19 13:00
KB0011344,P-005052,KH-ATL-02,Atlanta,2026-09-25,walk-in,completed,2026-09-25 15:18
KB0011165,P-002039,KH-PHX-02,Phoenix,2026-09-23,online,completed,2026-09-23 18:26
KB0003786,P-004994,KH-ATL-02,Atlanta,2026-05-31,walk-in,completed,2026-05-31 15:33
KB0000757,P-003710,KH-NYC-01,New York,2026-04-12,online,completed,2026-04-12 08:19
KB0000386,P-004272,KH-CHI-03,Chicago,2026-04-06,online,completed,2026-04-06 14:36
KB0004933,P-005436,KH-ATL-02,Atlanta,2026-06-18,walk-in,completed,2026-06-18 12:37
KB0001892,P-003041,KH-NYC-02,New York,2026-05-01,walk-in,completed,2026-05-01 10:38
KB0010975,P-002982,KH-NYC-02,New York,2026-09-20,online,completed,2026-09-20 16:39
KB0007442,P-002079,KH-PHX-01,Phoenix,2026-07-28,at-home,completed,2026-07-28 08:05
KB0000337,P-006431,KH-PHI-01,Philadelphia,2026-04-05,at-home,completed,2026-04-05 11:57
KB0003906,P-003667,KH-NYC-01,New York,2026-06-02,phone,completed,2026-06-02 13:05
KB0009721,P-004300,KH-CHI-02,Chicago,2026-09-01,online,completed,2026-09-01 19:20
KB0003103,P-005596,KH-ATL-01,Atlanta,2026-05-20,phone,completed,2026-05-20 18:57
KB0003058,P-000628,KH-DAL-02,Dallas,2026-05-20,walk-in,completed,2026-05-20 11:36
KB0005240,P-004800,KH-CHI-03,Chicago,2026-06-23,phone,completed,2026-06-23 12:40
KB0010800,P-000454,KH-DAL-02,Dallas,2026-09-18,at-home,completed,2026-09-18 19:37
KB0004321,P-002140,KH-PHX-03,Phoenix,2026-06-09,phone,completed,2026-06-09 08:26
KB0003961,P-002043,KH-PHX-02,Phoenix,2026-06-03,walk-in,completed,2026-06-03 16:08
KB0009356,P-000793,KH-DAL-01,Dallas,2026-08-27,walk-in,completed,2026-08-27 09:28
KB0002640,P-001907,KH-PHX-01,Phoenix,2026-05-13,online,cancelled,2026-05-13 10:44
KB0002949,P-001553,KH-PHX-02,Phoenix,2026-05-18,phone,completed,2026-05-18 15:35
KB0005171,P-002552,KH-NYC-03,New York,2026-06-22,walk-in,completed,2026-06-22 13:21
KB0002076,P-001870,KH-PHX-02,Phoenix,2026-05-04,walk-in,completed,2026-05-04 18:20
KB0006302,P-002795,KH-NYC-03,New York,2026-07-10,walk-in,completed,2026-07-10 10:58
KB0004530,P-002236,KH-PHX-02,Phoenix,2026-06-12,online,cancelled,2026-06-12 08:01
KB0001923,P-005758,KH-PHI-03,Philadelphia,2026-05-01,,completed,2026-05-01 13:08
KB0001561,P-004623,KH-CHI-02,Chicago,2026-04-25,online,completed,2026-04-25 13:43
KB0011290,P-000445,KH-DAL-03,Dallas,2026-09-25,online,completed,2026-09-25 08:09
KB0000735,P-000118,KH-DAL-03,Dallas,2026-04-12,walk-in,completed,2026-04-12 13:32
KB0010866,P-000567,KH-DAL-01,Dallas,2026-09-19,walk-in,completed,2026-09-19 08:49
KB0005022,P-000778,KH-DAL-02,Dallas,2026-06-20,walk-in,completed,2026-06-20 09:01
KB0007899,P-003053,KH-NYC-02,New York,2026-08-04,at-home,completed,2026-08-04 16:22
KB0000345,P-000710,KH-DAL-02,Dallas,2026-04-06,walk-in,completed,2026-04-06 19:11
KB0001109,P-000578,KH-DAL-02,Dallas,2026-04-18,,completed,2026-04-18 13:53
KB0010112,P-003095,KH-NYC-03,New York,2026-09-07,phone,completed,2026-09-07 13:59
KB0001091,P-004431,KH-CHI-02,Chicago,2026-04-17,walk-in,completed,2026-04-17 15:42
KB0008068,P-001000,KH-DAL-03,Dallas,2026-08-07,walk-in,completed,2026-08-07 16:47
KB0007846,P-005089,KH-ATL-02,Atlanta,2026-08-03,at-home,completed,2026-08-03 13:21
KB0010178,P-002961,KH-NYC-02,New York,2026-09-08,walk-in,completed,2026-09-08 15:21
KB0011563,P-000619,KH-DAL-03,Dallas,2026-09-29,walk-in,completed,2026-09-29 12:39
KB0004523,P-001450,KH-PHX-03,Phoenix,2026-06-12,online,completed,2026-06-12 17:49
KB0001520,P-000794,KH-DAL-01,Dallas,2026-04-25,at-home,completed,2026-04-25 09:36
KB0010606,P-000765,KH-DAL-01,Dallas,2026-09-15,walk-in,completed,2026-09-15 10:42
KB0004279,P-003923,KH-NYC-02,New York,2026-06-08,at-home,completed,2026-06-08 08:04
KB0001900,P-003392,KH-NYC-03,New York,2026-05-01,phone,completed,2026-05-01 17:03
KB0007786,P-005384,KH-ATL-02,Atlanta,2026-08-02,at-home,completed,2026-08-02 18:55
KB0001599,P-003813,KH-NYC-02,New York,2026-04-26,,completed,2026-04-26 17:23
KB0007600,P-004124,KH-CHI-02,Chicago,2026-07-30,phone,completed,2026-07-30 19:38
KB0008423,P-004182,KH-CHI-01,Chicago,2026-08-12,online,completed,2026-08-12 09:11
KB0007193,P-000296,KH-DAL-03,Dallas,2026-07-24,online,completed,2026-07-24 17:15
KB0002923,P-005175,KH-ATL-02,Atlanta,2026-05-17,walk-in,completed,2026-05-17 18:28
KB0005326,P-001188,KH-DAL-01,Dallas,2026-06-25,online,completed,2026-06-25 09:41
KB0008132,P-000618,KH-DAL-01,Dallas,2026-08-08,walk-in,completed,2026-08-08 12:45
KB0004078,P-000262,KH-DAL-01,Dallas,2026-06-05,online,completed,2026-06-05 13:47
KB0005792,P-002914,KH-NYC-01,New York,2026-07-02,at-home,cancelled,2026-07-02 13:32
KB0003533,P-005505,KH-ATL-02,Atlanta,2026-05-27,at-home,completed,2026-05-27 16:29
KB0000564,P-002535,KH-NYC-03,New York,2026-04-09,walk-in,completed,2026-04-09 14:28
KB0009358,P-000936,KH-DAL-01,Dallas,2026-08-27,online,completed,2026-08-27 17:13
KB0006747,P-001838,KH-PHX-02,Phoenix,2026-07-17,online,cancelled,2026-07-17 17:39
KB0010991,P-000028,KH-DAL-01,Dallas,2026-09-21,online,completed,2026-09-21 09:50
KB0007908,P-004693,KH-CHI-02,Chicago,2026-08-04,online,completed,2026-08-04 13:54
KB0010535,P-000360,KH-DAL-01,Dallas,2026-09-14,walk-in,completed,2026-09-14 16:14
KB0003262,P-002228,KH-PHX-03,Phoenix,2026-05-23,walk-in,completed,2026-05-23 13:22
KB0003316,P-000579,KH-DAL-03,Dallas,2026-05-24,walk-in,completed,2026-05-24 14:37
KB0000257,P-002478,KH-NYC-03,New York,2026-04-04,at-home,completed,2026-04-04 15:39
KB0008769,P-000752,KH-DAL-02,Dallas,2026-08-18,online,completed,2026-08-18 19:50
KB0005334,P-001102,KH-DAL-03,Dallas,2026-06-25,online,completed,2026-06-25 17:04
KB0004975,P-001538,KH-PHX-01,Phoenix,2026-06-19,walk-in,completed,2026-06-19 14:43
KB0009470,P-005360,KH-ATL-03,Atlanta,2026-08-28,phone,completed,2026-08-28 13:23
KB0003066,P-000231,KH-DAL-03,Dallas,2026-05-20,online,completed,2026-05-20 09:37
KB0004917,P-002471,KH-NYC-03,New York,2026-06-18,walk-in,completed,2026-06-18 16:04
KB0001411,P-001921,KH-PHX-02,Phoenix,2026-04-23,online,completed,2026-04-23 11:53
KB0010146,P-000858,KH-DAL-01,Dallas,2026-09-08,phone,completed,2026-09-08 12:54
KB0006941,P-001774,KH-PHX-01,Phoenix,2026-07-20,at-home,completed,2026-07-20 08:21
KB0000568,P-003087,KH-NYC-02,New York,2026-04-09,walk-in,completed,2026-04-09 10:14
KB0011441,P-001006,KH-DAL-02,Dallas,2026-09-27,at-home,completed,2026-09-27 14:04
KB0005603,P-003605,KH-NYC-01,New York,2026-06-29,walk-in,cancelled,2026-06-29 10:24
KB0008125,P-006176,KH-PHI-02,Philadelphia,2026-08-07,online,completed,2026-08-07 09:50
KB0008799,P-002704,KH-NYC-03,New York,2026-08-18,online,completed,2026-08-18 15:43
KB0002133,P-001118,KH-DAL-02,Dallas,2026-05-05,phone,completed,2026-05-05 12:56
KB0005478,P-003459,KH-NYC-02,New York,2026-06-27,at-home,completed,2026-06-27 19:05
KB0010011,P-005022,KH-ATL-01,Atlanta,2026-09-05,online,completed,2026-09-05 12:22
KB0005105,P-001977,KH-PHX-03,Phoenix,2026-06-21,online,completed,2026-06-21 13:47
KB0009248,P-002640,KH-NYC-03,New York,2026-08-25,online,completed,2026-08-25 15:17
KB0010950,P-000771,KH-DAL-01,Dallas,2026-09-20,walk-in,completed,2026-09-20 21:45
KB0003637,P-000396,KH-DAL-02,Dallas,2026-05-29,phone,completed,2026-05-29 08:10
KB0001315,P-004039,KH-CHI-01,Chicago,2026-04-21,walk-in,completed,2026-04-21 18:13
KB0003049,P-006052,KH-PHI-01,Philadelphia,2026-05-19,phone,completed,2026-05-19 18:27
KB0004393,P-002118,KH-PHX-02,Phoenix,2026-06-10,phone,completed,2026-06-10 13:45
KB0010834,P-002699,KH-NYC-03,New York,2026-09-18,walk-in,completed,2026-09-18 15:07
KB0010786,P-005006,KH-ATL-02,Atlanta,2026-09-17,online,completed,2026-09-17 10:40
KB0011614,P-005266,KH-ATL-01,Atlanta,2026-09-29,phone,completed,2026-09-29 11:21
KB0007756,P-001742,KH-PHX-02,Phoenix,2026-08-02,online,completed,2026-08-02 10:36
KB0011208,P-000309,KH-DAL-01,Dallas,2026-09-24,online,completed,2026-09-24 10:23
KB0003192,P-001223,KH-DAL-02,Dallas,2026-05-22,online,completed,2026-05-22 15:04
KB0006920,P-000970,KH-DAL-01,Dallas,2026-07-20,walk-in,completed,2026-07-20 11:13
KB0010619,P-001296,KH-PHX-01,Phoenix,2026-09-15,online,completed,2026-09-15 13:35
KB0001127,P-001537,KH-PHX-03,Phoenix,2026-04-18,walk-in,completed,2026-04-18 14:29
KB0005952,P-006087,KH-PHI-03,Philadelphia,2026-07-04,online,completed,2026-07-04 11:47
KB0005732,P-004561,KH-CHI-03,Chicago,2026-07-01,phone,completed,2026-07-01 08:26
KB0007123,P-000367,KH-DAL-02,Dallas,2026-07-23,online,completed,2026-07-23 19:08
KB0004422,P-005555,KH-ATL-01,Atlanta,2026-06-10,online,completed,2026-06-10 10:39
KB0002300,P-004361,KH-CHI-02,Chicago,2026-05-07,phone,completed,2026-05-07 10:25
KB0000161,P-001245,KH-DAL-02,Dallas,2026-04-03,walk-in,cancelled,2026-04-03 14:14
KB0009508,P-002219,KH-PHX-03,Phoenix,2026-08-29,online,completed,2026-08-29 11:49
KB0009749,P-000782,KH-DAL-02,Dallas,2026-09-02,walk-in,completed,2026-09-02 18:41
KB0007783,P-004041,KH-CHI-01,Chicago,2026-08-02,walk-in,completed,2026-08-02 14:44
KB0004817,P-005799,KH-PHI-02,Philadelphia,2026-06-16,walk-in,completed,2026-06-16 10:06
KB0006749,P-002313,KH-PHX-03,Phoenix,2026-07-17,at-home,completed,2026-07-17 12:51
KB0004373,P-000953,KH-DAL-03,Dallas,2026-06-10,online,completed,2026-06-10 18:25
KB0002893,P-001013,KH-DAL-02,Dallas,2026-05-17,phone,completed,2026-05-17 14:21
KB0009981,P-002508,KH-NYC-01,New York,2026-09-05,phone,completed,2026-09-05 16:22
KB0009932,P-005726,KH-ATL-01,Atlanta,2026-09-04,phone,completed,2026-09-04 17:24
KB0003690,P-000679,KH-DAL-01,Dallas,2026-05-30,at-home,completed,2026-05-30 15:36
KB0008895,P-005468,KH-ATL-02,Atlanta,2026-08-19,at-home,completed,2026-08-19 08:21
KB0010403,P-006397,KH-PHI-02,Philadelphia,2026-09-11,phone,completed,2026-09-11 13:15
KB0008302,P-005712,KH-ATL-02,Atlanta,2026-08-10,online,completed,2026-08-10 09:53
KB0001497,P-004361,KH-CHI-01,Chicago,2026-04-24,walk-in,completed,2026-04-24 08:13
KB0006482,P-003753,KH-NYC-02,New York,2026-07-13,online,completed,2026-07-13 08:22
KB0001787,P-005519,KH-ATL-02,Atlanta,2026-04-29,walk-in,completed,2026-04-29 08:47
KB0007661,P-005370,KH-ATL-02,Atlanta,2026-07-31,at-home,completed,2026-07-31 14:41
KB0006445,P-006682,KH-PHI-03,Philadelphia,2026-07-12,at-home,completed,2026-07-12 09:04
KB0001784,P-004315,KH-CHI-03,Chicago,2026-04-29,online,completed,2026-04-29 08:19
KB0002998,P-005936,KH-PHI-01,Philadelphia,2026-05-18,phone,completed,2026-05-18 18:04
KB0003392,P-004252,KH-CHI-03,Chicago,2026-05-25,walk-in,completed,2026-05-25 15:26
KB0002711,P-002248,KH-PHX-01,Phoenix,2026-05-14,online,completed,2026-05-14 17:40
KB0000506,P-003857,KH-NYC-02,New York,2026-04-08,online,completed,2026-04-08 11:58
KB0007366,P-000910,KH-DAL-01,Dallas,2026-07-27,at-home,completed,2026-07-27 16:42
KB0004579,P-000586,KH-DAL-03,Dallas,2026-06-13,walk-in,completed,2026-06-13 09:01
KB0003897,P-003701,KH-NYC-03,New York,2026-06-02,walk-in,completed,2026-06-02 09:25
KB0003763,P-001870,KH-PHX-02,Phoenix,2026-05-31,phone,completed,2026-05-31 11:53
KB0007997,P-000174,KH-DAL-03,Dallas,2026-08-06,walk-in,completed,2026-08-06 18:25
KB0000248,P-003144,KH-NYC-01,New York,2026-04-04,phone,completed,2026-04-04 10:22
KB0006575,P-006291,KH-PHI-02,Philadelphia,2026-07-14,at-home,completed,2026-07-14 11:24
KB0006213,P-001224,KH-DAL-01,Dallas,2026-07-09,online,completed,2026-07-09 11:13
KB0010573,P-003211,KH-NYC-03,New York,2026-09-14,at-home,completed,2026-09-14 13:25
KB0001312,P-004438,KH-CHI-03,Chicago,2026-04-21,online,completed,2026-04-21 09:28
KB0008767,P-005992,KH-PHI-03,Philadelphia,2026-08-17,phone,completed,2026-08-17 12:50
KB0010233,P-001562,KH-PHX-02,Phoenix,2026-09-09,online,completed,2026-09-09 16:25
KB0002672,P-005193,KH-ATL-02,Atlanta,2026-05-13,online,completed,2026-05-13 19:19
KB0009444,P-003701,KH-NYC-03,New York,2026-08-28,online,completed,2026-08-28 18:49
KB0001886,P-002159,KH-PHX-03,Phoenix,2026-05-01,online,completed,2026-05-01 17:20
KB0005340,P-001565,KH-PHX-01,Phoenix,2026-06-25,phone,completed,2026-06-25 09:03
KB0010200,P-005872,KH-PHI-02,Philadelphia,2026-09-08,phone,completed,2026-09-08 09:09
KB0007750,P-000189,KH-DAL-01,Dallas,2026-08-02,at-home,completed,2026-08-02 09:23
KB0005070,P-005725,KH-ATL-02,Atlanta,2026-06-20,walk-in,completed,2026-06-20 16:42
KB0003216,P-003785,KH-NYC-01,New York,2026-05-22,walk-in,completed,2026-05-22 09:18
KB0007394,P-003328,KH-NYC-03,New York,2026-07-27,online,completed,2026-07-27 10:05
KB0003379,P-001692,KH-PHX-02,Phoenix,2026-05-25,online,completed,2026-05-25 16:19
KB0001348,P-002111,KH-PHX-02,Phoenix,2026-04-22,walk-in,completed,2026-04-22 12:35
KB0003253,P-000260,KH-DAL-02,Dallas,2026-05-23,online,completed,2026-05-23 16:23
KB0010601,P-000256,KH-DAL-01,Dallas,2026-09-15,phone,completed,2026-09-15 10:16
KB0009187,P-003561,KH-NYC-01,New York,2026-08-24,walk-in,completed,2026-08-24 19:51
KB0008298,P-005023,KH-ATL-02,Atlanta,2026-08-10,walk-in,completed,2026-08-10 08:43
KB0000399,P-006025,KH-PHI-02,Philadelphia,2026-04-06,walk-in,completed,2026-04-06 08:04
KB0008090,P-002347,KH-PHX-03,Phoenix,2026-08-07,online,completed,2026-08-07 15:33
KB0003010,P-000465,KH-DAL-02,Dallas,2026-05-19,walk-in,completed,2026-05-19 11:58
KB0008761,P-006575,KH-PHI-03,Philadelphia,2026-08-17,online,completed,2026-08-17 13:27
KB0010177,P-003202,KH-NYC-03,New York,2026-09-08,phone,completed,2026-09-08 17:48
KB0008242,P-000481,KH-DAL-03,Dallas,2026-08-10,online,completed,2026-08-10 09:15
KB0009051,P-000270,KH-DAL-02,Dallas,2026-08-22,walk-in,completed,2026-08-22 19:42
KB0009294,P-000665,KH-DAL-02,Dallas,2026-08-26,walk-in,completed,2026-08-26 12:02
KB0001872,P-000730,KH-DAL-03,Dallas,2026-05-01,walk-in,completed,2026-05-01 12:15
KB0003805,P-000397,KH-DAL-03,Dallas,2026-06-01,phone,completed,2026-06-01 09:14
KB0006471,P-001422,KH-PHX-02,Phoenix,2026-07-13,phone,completed,2026-07-13 15:00
KB0009712,P-003586,KH-NYC-03,New York,2026-09-01,walk-in,completed,2026-09-01 12:47
KB0001454,P-006083,KH-PHI-03,Philadelphia,2026-04-23,at-home,completed,2026-04-23 16:37
KB0004081,P-001937,KH-PHX-02,Phoenix,2026-06-05,online,completed,2026-06-05 10:53
KB0002542,P-004323,KH-CHI-03,Chicago,2026-05-11,online,completed,2026-05-11 18:42
KB0003347,P-004951,KH-ATL-02,Atlanta,2026-05-24,phone,completed,2026-05-24 17:16
KB0007100,P-005336,KH-ATL-02,Atlanta,2026-07-22,online,completed,2026-07-22 09:56
KB0001342,P-001102,KH-DAL-02,Dallas,2026-04-22,walk-in,completed,2026-04-22 09:04
KB0007618,P-006493,KH-PHI-03,Philadelphia,2026-07-30,walk-in,completed,2026-07-30 16:38
KB0009895,P-001155,KH-DAL-02,Dallas,2026-09-04,walk-in,completed,2026-09-04 13:22
KB0001906,P-004943,KH-CHI-01,Chicago,2026-05-01,walk-in,completed,2026-05-01 16:04
KB0010764,P-002761,KH-NYC-03,New York,2026-09-17,walk-in,completed,2026-09-17 11:00
KB0008968,P-005653,KH-ATL-02,Atlanta,2026-08-20,walk-in,completed,2026-08-20 14:58
KB0002729,P-004181,KH-CHI-02,Chicago,2026-05-14,walk-in,completed,2026-05-14 13:04
KB0007475,P-005516,KH-ATL-02,Atlanta,2026-07-28,walk-in,completed,2026-07-28 15:09
KB0005740,P-004632,KH-CHI-01,Chicago,2026-07-01,walk-in,completed,2026-07-01 11:39
KB0003556,P-000892,KH-DAL-03,Dallas,2026-05-28,online,completed,2026-05-28 15:33
KB0000226,P-000642,KH-DAL-03,Dallas,2026-04-04,at-home,completed,2026-04-04 13:22
KB0002737,P-005459,KH-ATL-02,Atlanta,2026-05-14,walk-in,completed,2026-05-14 12:29
KB0004928,P-004471,KH-CHI-03,Chicago,2026-06-18,walk-in,completed,2026-06-18 16:08
KB0005995,P-005933,KH-PHI-02,Philadelphia,2026-07-05,walk-in,completed,2026-07-05 19:51
KB0001429,P-002807,KH-NYC-03,New York,2026-04-23,walk-in,completed,2026-04-23 17:11
KB0005778,P-001565,KH-PHX-02,Phoenix,2026-07-02,online,completed,2026-07-02 18:27
KB0002789,P-003656,KH-NYC-03,New York,2026-05-15,online,completed,2026-05-15 15:05
KB0001205,P-005347,KH-ATL-02,Atlanta,2026-04-19,online,completed,2026-04-19 18:57
KB0004647,P-000995,KH-DAL-01,Dallas,2026-06-14,phone,completed,2026-06-14 08:56
KB0009489,P-000979,KH-DAL-01,Dallas,2026-08-29,at-home,completed,2026-08-29 14:55
KB0001238,P-003423,KH-NYC-03,New York,2026-04-20,online,completed,2026-04-20 15:45
KB0000541,P-000719,KH-DAL-02,Dallas,2026-04-09,phone,completed,2026-04-09 11:56
KB0001290,P-001280,KH-PHX-01,Phoenix,2026-04-21,online,completed,2026-04-21 16:29
KB0003612,P-004982,KH-ATL-01,Atlanta,2026-05-28,walk-in,completed,2026-05-28 09:21
KB0008413,P-003411,KH-NYC-03,New York,2026-08-12,phone,completed,2026-08-12 12:23
KB0006212,P-000692,KH-DAL-02,Dallas,2026-07-09,online,completed,2026-07-09 14:03
KB0004853,P-002975,KH-NYC-01,New York,2026-06-17,online,completed,2026-06-17 10:45
KB0010249,P-003374,KH-NYC-01,New York,2026-09-09,at-home,completed,2026-09-09 19:14
KB0006124,P-005692,KH-ATL-01,Atlanta,2026-07-07,walk-in,completed,2026-07-07 18:56
KB0009173,P-001947,KH-PHX-03,Phoenix,2026-08-24,walk-in,completed,2026-08-24 16:11
KB0005028,P-001141,KH-DAL-03,Dallas,2026-06-20,online,completed,2026-06-20 17:19
KB0003019,P-001450,KH-PHX-01,Phoenix,2026-05-19,walk-in,completed,2026-05-19 12:06
KB0002939,P-000364,KH-DAL-02,Dallas,2026-05-18,walk-in,completed,2026-05-18 15:13
KB0011088,P-002245,KH-PHX-01,Phoenix,2026-09-22,walk-in,completed,2026-09-22 12:29
KB0008966,P-005119,KH-ATL-02,Atlanta,2026-08-20,walk-in,completed,2026-08-20 08:29
KB0004034,P-003831,KH-NYC-03,New York,2026-06-04,walk-in,completed,2026-06-04 11:26
KB0007590,P-003550,KH-NYC-02,New York,2026-07-30,online,completed,2026-07-30 18:42
KB0007847,P-005527,KH-ATL-02,Atlanta,2026-08-03,online,completed,2026-08-03 11:27
KB0002092,P-001787,KH-PHX-02,Phoenix,2026-05-04,online,completed,2026-05-04 15:23
KB0001147,P-004559,KH-CHI-02,Chicago,2026-04-18,walk-in,completed,2026-04-18 16:28
KB0001818,P-000711,KH-DAL-03,Dallas,2026-04-30,online,completed,2026-04-30 17:37
KB0003923,P-006341,KH-PHI-02,Philadelphia,2026-06-02,at-home,completed,2026-06-02 11:58
KB0005095,P-002255,KH-PHX-02,Phoenix,2026-06-21,online,completed,2026-06-21 18:20
KB0007155,P-002940,KH-NYC-02,New York,2026-07-23,at-home,completed,2026-07-23 12:12
KB0009343,P-005998,KH-PHI-03,Philadelphia,2026-08-26,walk-in,completed,2026-08-26 11:37
KB0006967,P-004967,KH-ATL-01,Atlanta,2026-07-20,online,completed,2026-07-20 19:26
KB0005303,P-004754,KH-CHI-01,Chicago,2026-06-24,walk-in,completed,2026-06-24 13:32
KB0005316,P-005865,KH-PHI-02,Philadelphia,2026-06-24,walk-in,cancelled,2026-06-24 19:46
KB0005574,P-000642,KH-DAL-02,Dallas,2026-06-29,phone,completed,2026-06-29 13:13
KB0000606,P-000560,KH-DAL-03,Dallas,2026-04-10,phone,completed,2026-04-10 09:45
KB0004854,P-003516,KH-NYC-01,New York,2026-06-17,walk-in,completed,2026-06-17 10:29
KB0005566,P-000260,KH-DAL-03,Dallas,2026-06-29,online,completed,2026-06-29 17:11
KB0008864,P-001449,KH-PHX-01,Phoenix,2026-08-19,at-home,completed,2026-08-19 18:32
KB0010594,P-006330,KH-PHI-01,Philadelphia,2026-09-14,walk-in,completed,2026-09-14 11:45
KB0007665,P-005638,KH-ATL-02,Atlanta,2026-07-31,phone,completed,2026-07-31 12:05
KB0006802,P-000408,KH-DAL-03,Dallas,2026-07-18,phone,completed,2026-07-18 11:36
KB0010694,P-003898,KH-NYC-01,New York,2026-09-16,walk-in,completed,2026-09-16 15:39
KB0007428,P-000072,KH-DAL-01,Dallas,2026-07-28,walk-in,completed,2026-07-28 11:45
KB0011684,P-005534,KH-ATL-01,Atlanta,2026-09-30,walk-in,completed,2026-09-30 10:01
KB0009523,P-003050,KH-NYC-02,New York,2026-08-29,phone,completed,2026-08-29 12:05
KB0009529,P-004248,KH-CHI-03,Chicago,2026-08-29,online,completed,2026-08-29 11:28
KB0005816,P-005442,KH-ATL-01,Atlanta,2026-07-02,walk-in,completed,2026-07-02 17:16
KB0003361,P-001227,KH-DAL-03,Dallas,2026-05-25,online,cancelled,2026-05-25 09:58
KB0000099,P-002371,KH-PHX-02,Phoenix,2026-04-02,online,completed,2026-04-02 16:34
KB0008308,P-006068,KH-PHI-01,Philadelphia,2026-08-10,walk-in,completed,2026-08-10 15:21
KB0002983,P-005734,KH-ATL-02,Atlanta,2026-05-18,walk-in,completed,2026-05-18 13:34
KB0000230,P-000160,KH-DAL-01,Dallas,2026-04-04,online,completed,2026-04-04 15:03
KB0005967,P-003764,KH-NYC-03,New York,2026-07-05,walk-in,completed,2026-07-05 10:32
KB0008539,P-001828,KH-PHX-02,Phoenix,2026-08-14,phone,completed,2026-08-14 18:39
KB0003947,P-001109,KH-DAL-01,Dallas,2026-06-03,online,completed,2026-06-03 19:49
KB0009284,P-005811,KH-PHI-01,Philadelphia,2026-08-25,online,completed,2026-08-25 08:06
KB0002494,P-006035,KH-PHI-02,Philadelphia,2026-05-10,phone,completed,2026-05-10 15:18
KB0010064,P-006305,KH-PHI-01,Philadelphia,2026-09-06,walk-in,completed,2026-09-06 16:52
KB0008530,P-002438,KH-PHX-03,Phoenix,2026-08-14,walk-in,completed,2026-08-14 14:01
KB0008839,P-000371,KH-DAL-03,Dallas,2026-08-19,walk-in,completed,2026-08-19 16:55
KB0006056,P-005401,KH-ATL-01,Atlanta,2026-07-06,online,completed,2026-07-06 15:46
KB0007192,P-000079,KH-DAL-02,Dallas,2026-07-24,at-home,completed,2026-07-24 15:38
KB0009376,P-001778,KH-PHX-02,Phoenix,2026-08-27,walk-in,completed,2026-08-27 10:58
KB0002205,P-000135,KH-DAL-03,Dallas,2026-05-06,walk-in,completed,2026-05-06 16:41
KB0010033,P-000180,KH-DAL-01,Dallas,2026-09-06,walk-in,completed,2026-09-06 12:46
KB0002794,P-004154,KH-CHI-02,Chicago,2026-05-15,phone,completed,2026-05-15 09:16
KB0006917,P-000163,KH-DAL-02,Dallas,2026-07-20,phone,completed,2026-07-20 18:16
KB0009116,P-000196,KH-DAL-03,Dallas,2026-08-23,walk-in,completed,2026-08-23 16:58
KB0008338,P-002007,KH-PHX-03,Phoenix,2026-08-11,walk-in,completed,2026-08-11 11:52
KB0002431,P-005574,KH-ATL-02,Atlanta,2026-05-09,phone,completed,2026-05-09 09:16
KB0001385,P-005473,KH-ATL-02,Atlanta,2026-04-22,at-home,completed,2026-04-22 14:00
KB0000367,P-001649,KH-PHX-02,Phoenix,2026-04-06,online,completed,2026-04-06 09:04
KB0001933,P-000861,KH-DAL-01,Dallas,2026-05-02,walk-in,completed,2026-05-02 16:08
KB0004583,P-000517,KH-DAL-02,Dallas,2026-06-13,at-home,completed,2026-06-13 09:50
KB0004972,P-002168,KH-PHX-03,Phoenix,2026-06-19,walk-in,completed,2026-06-19 08:46
KB0009696,P-001276,KH-PHX-02,Phoenix,2026-09-01,online,completed,2026-09-01 13:56
KB0006821,P-001539,KH-PHX-02,Phoenix,2026-07-18,walk-in,completed,2026-07-18 13:16
KB0010356,P-001824,KH-PHX-02,Phoenix,2026-09-11,online,cancelled,2026-09-11 10:59
KB0009585,P-003011,KH-NYC-02,New York,2026-08-30,online,completed,2026-08-30 14:19
KB0004406,P-002979,KH-NYC-02,New York,2026-06-10,online,completed,2026-06-10 13:19
KB0009167,P-000496,KH-DAL-02,Dallas,2026-08-24,walk-in,completed,2026-08-24 10:23
KB0007022,P-004588,KH-CHI-02,Chicago,2026-07-21,online,completed,2026-07-21 09:30
KB0004719,P-003414,KH-NYC-02,New York,2026-06-15,walk-in,completed,2026-06-15 10:08
KB0002638,P-001700,KH-PHX-02,Phoenix,2026-05-13,walk-in,completed,2026-05-13 17:59
KB0004757,P-000385,KH-DAL-02,Dallas,2026-06-16,walk-in,completed,2026-06-16 10:40
KB0004989,P-004153,KH-CHI-01,Chicago,2026-06-19,walk-in,completed,2026-06-19 10:54
KB0009681,P-001008,KH-DAL-01,Dallas,2026-09-01,online,completed,2026-09-01 10:45
KB0000149,P-001096,KH-DAL-01,Dallas,2026-04-03,phone,completed,2026-04-03 08:36
KB0002463,P-002176,KH-PHX-03,Phoenix,2026-05-10,walk-in,completed,2026-05-10 18:42
KB0009157,P-000371,KH-DAL-01,Dallas,2026-08-24,phone,completed,2026-08-24 12:44
KB0011235,P-002252,KH-PHX-02,Phoenix,2026-09-24,at-home,completed,2026-09-24 13:58
KB0002896,P-002234,KH-PHX-03,Phoenix,2026-05-17,walk-in,completed,2026-05-17 09:00
KB0002192,P-005288,KH-ATL-02,Atlanta,2026-05-05,phone,completed,2026-05-05 10:19
KB0000913,P-000584,KH-DAL-01,Dallas,2026-04-15,online,completed,2026-04-15 17:04
KB0009315,P-003044,KH-NYC-03,New York,2026-08-26,at-home,completed,2026-08-26 08:46
KB0010486,P-000620,KH-DAL-03,Dallas,2026-09-13,online,completed,2026-09-13 16:11
KB0002673,P-005520,KH-ATL-02,Atlanta,2026-05-13,walk-in,completed,2026-05-13 15:14
KB0006630,P-004696,KH-CHI-03,Chicago,2026-07-15,online,completed,2026-07-15 12:50
KB0010598,P-005806,KH-PHI-01,Philadelphia,2026-09-14,walk-in,completed,2026-09-14 09:37
KB0000489,P-001534,KH-PHX-02,Phoenix,2026-04-08,online,completed,2026-04-08 19:35
KB0000523,P-006631,KH-PHI-01,Philadelphia,2026-04-08,walk-in,completed,2026-04-08 15:27
KB0004733,P-004975,KH-ATL-02,Atlanta,2026-06-15,walk-in,cancelled,2026-06-15 18:52
KB0004453,P-000479,KH-DAL-01,Dallas,2026-06-11,phone,completed,2026-06-11 19:56
KB0000707,P-004679,KH-CHI-03,Chicago,2026-04-11,walk-in,completed,2026-04-11 10:36
KB0008414,P-003136,KH-NYC-02,New York,2026-08-12,at-home,completed,2026-08-12 16:14
KB0004667,P-002513,KH-NYC-01,New York,2026-06-14,walk-in,completed,2026-06-14 17:41
KB0008568,P-005230,KH-ATL-01,Atlanta,2026-08-14,online,completed,2026-08-14 15:39
KB0006567,P-004265,KH-CHI-02,Chicago,2026-07-14,walk-in,completed,2026-07-14 09:27
KB0006139,P-000444,KH-DAL-03,Dallas,2026-07-08,walk-in,completed,2026-07-08 11:21
KB0002886,P-000243,KH-DAL-02,Dallas,2026-05-17,online,completed,2026-05-17 19:15
KB0008334,P-001758,KH-PHX-03,Phoenix,2026-08-11,at-home,completed,2026-08-11 15:17
KB0003689,P-000620,KH-DAL-02,Dallas,2026-05-30,phone,completed,2026-05-30 14:23
KB0004922,P-002601,KH-NYC-02,New York,2026-06-18,walk-in,completed,2026-06-18 12:46
KB0001596,P-002793,KH-NYC-01,New York,2026-04-26,walk-in,completed,2026-04-26 19:49
KB0004020,P-001754,KH-PHX-01,Phoenix,2026-06-04,online,completed,2026-06-04 15:36
KB0005838,P-001398,KH-PHX-01,Phoenix,2026-07-03,online,completed,2026-07-03 15:02
KB0007763,P-001729,KH-PHX-03,Phoenix,2026-08-02,walk-in,completed,2026-08-02 12:13
KB0008784,P-002199,KH-PHX-02,Phoenix,2026-08-18,walk-in,completed,2026-08-18 17:40
KB0006200,P-006519,KH-PHI-03,Philadelphia,2026-07-08,online,completed,2026-07-08 08:16
KB0003396,P-004176,KH-CHI-02,Chicago,2026-05-25,online,completed,2026-05-25 09:50
KB0002236,P-004933,KH-CHI-02,Chicago,2026-05-06,phone,completed,2026-05-06 17:33
KB0000152,P-000071,KH-DAL-02,Dallas,2026-04-03,walk-in,completed,2026-04-03 17:17
KB0009373,P-002140,KH-PHX-03,Phoenix,2026-08-27,phone,completed,2026-08-27 09:34
KB0009335,P-005579,KH-ATL-02,Atlanta,2026-08-26,online,completed,2026-08-26 21:45
KB0008274,P-001748,KH-PHX-03,Phoenix,2026-08-10,walk-in,completed,2026-08-10 13:01
KB0005954,P-000872,KH-DAL-01,Dallas,2026-07-05,walk-in,completed,2026-07-05 08:05
KB0005501,P-005163,KH-ATL-02,Atlanta,2026-06-27,walk-in,completed,2026-06-27 18:58
KB0004430,P-006122,KH-PHI-01,Philadelphia,2026-06-10,at-home,completed,2026-06-10 13:12
KB0011170,P-001285,KH-PHX-02,Phoenix,2026-09-23,walk-in,completed,2026-09-23 12:52
KB0005365,P-004897,KH-CHI-01,Chicago,2026-06-25,online,cancelled,2026-06-25 11:31
KB0010820,P-001840,KH-PHX-01,Phoenix,2026-09-18,online,completed,2026-09-18 17:22
KB0007034,P-005729,KH-ATL-02,Atlanta,2026-07-21,online,completed,2026-07-21 17:19
KB0011209,P-000994,KH-DAL-02,Dallas,2026-09-24,walk-in,completed,2026-09-24 15:00
KB0009654,P-004365,KH-CHI-01,Chicago,2026-08-31,phone,completed,2026-08-31 13:45
KB0006328,P-005066,KH-ATL-02,Atlanta,2026-07-10,walk-in,completed,2026-07-10 12:59
KB0001603,P-004290,KH-CHI-01,Chicago,2026-04-26,walk-in,completed,2026-04-26 09:41
KB0006280,P-000269,KH-DAL-02,Dallas,2026-07-10,online,completed,2026-07-10 12:31
KB0002726,P-004792,KH-CHI-01,Chicago,2026-05-14,walk-in,completed,2026-05-14 12:27
KB0009586,P-002686,KH-NYC-03,New York,2026-08-30,walk-in,completed,2026-08-30 11:58
KB0005826,P-000112,KH-DAL-03,Dallas,2026-07-03,phone,completed,2026-07-03 17:25
KB0002446,P-006279,KH-PHI-02,Philadelphia,2026-05-09,walk-in,completed,2026-05-09 12:58
KB0001968,P-003095,KH-NYC-02,New York,2026-05-02,online,completed,2026-05-02 14:07
KB0004195,P-000455,KH-DAL-01,Dallas,2026-06-07,walk-in,completed,2026-06-07 09:48
KB0000351,P-000234,KH-DAL-03,Dallas,2026-04-06,phone,completed,2026-04-06 18:45
KB0009688,P-000387,KH-DAL-02,Dallas,2026-09-01,walk-in,completed,2026-09-01 18:34
KB0006145,P-001946,KH-PHX-01,Phoenix,2026-07-08,walk-in,completed,2026-07-08 15:16
KB0003048,P-005211,KH-ATL-02,Atlanta,2026-05-19,online,completed,2026-05-19 09:02
KB0005766,P-001566,KH-PHX-02,Phoenix,2026-07-02,walk-in,completed,2026-07-02 14:26
KB0003781,P-004558,KH-CHI-02,Chicago,2026-05-31,at-home,completed,2026-05-31 10:24
KB0010359,P-001389,KH-PHX-02,Phoenix,2026-09-11,online,cancelled,2026-09-11 18:42
KB0002917,P-004457,KH-CHI-03,Chicago,2026-05-17,at-home,completed,2026-05-17 12:35
KB0004133,P-006365,KH-PHI-02,Philadelphia,2026-06-05,at-home,completed,2026-06-05 18:27
KB0005743,P-005532,KH-ATL-01,Atlanta,2026-07-01,walk-in,completed,2026-07-01 10:20
KB0007634,P-001529,KH-PHX-02,Phoenix,2026-07-31,walk-in,completed,2026-07-31 10:55
KB0005351,P-003741,KH-NYC-01,New York,2026-06-25,online,completed,2026-06-25 10:45
KB0001130,P-003430,KH-NYC-02,New York,2026-04-18,walk-in,completed,2026-04-18 16:29
KB0002632,P-000403,KH-DAL-03,Dallas,2026-05-13,walk-in,completed,2026-05-13 17:57
KB0003045,P-005699,KH-ATL-02,Atlanta,2026-05-19,walk-in,completed,2026-05-19 11:35
KB0009143,P-004140,KH-CHI-01,Chicago,2026-08-23,walk-in,completed,2026-08-23 18:03
KB0005452,P-001178,KH-DAL-03,Dallas,2026-06-27,walk-in,completed,2026-06-27 10:18
KB0008364,P-005415,KH-ATL-02,Atlanta,2026-08-11,walk-in,completed,2026-08-11 12:01
KB0002185,P-004904,KH-CHI-03,Chicago,2026-05-05,phone,completed,2026-05-05 17:54
KB0002989,P-005651,KH-ATL-02,Atlanta,2026-05-18,walk-in,completed,2026-05-18 11:22
KB0003188,P-000872,KH-DAL-01,Dallas,2026-05-22,walk-in,completed,2026-05-22 18:56
KB0001829,P-001987,KH-PHX-01,Phoenix,2026-04-30,walk-in,completed,2026-04-30 08:13
KB0005039,P-002084,KH-PHX-03,Phoenix,2026-06-20,online,completed,2026-06-20 19:40
KB0008802,P-003094,KH-NYC-02,New York,2026-08-18,walk-in,completed,2026-08-18 19:51
KB0009936,P-005650,KH-ATL-02,Atlanta,2026-09-04,phone,completed,2026-09-04 18:13
KB0000983,P-001555,KH-PHX-03,Phoenix,2026-04-16,walk-in,completed,2026-04-16 17:13
KB0003044,P-005426,KH-ATL-02,Atlanta,2026-05-19,at-home,completed,2026-05-19 08:01
KB0009962,P-000979,KH-DAL-03,Dallas,2026-09-05,walk-in,completed,2026-09-05 12:07
KB0004457,P-001978,KH-PHX-02,Phoenix,2026-06-11,at-home,completed,2026-06-11 10:28
KB0011446,P-001332,KH-PHX-03,Phoenix,2026-09-27,online,completed,2026-09-27 09:37
KB0005160,P-001793,KH-PHX-02,Phoenix,2026-06-22,phone,cancelled,2026-06-22 09:04
KB0009022,P-003362,KH-NYC-02,New York,2026-08-21,walk-in,completed,2026-08-21 10:31
KB0004962,P-000786,KH-DAL-03,Dallas,2026-06-19,walk-in,completed,2026-06-19 13:30
KB0000718,P-005050,KH-ATL-03,Atlanta,2026-04-11,online,completed,2026-04-11 19:59
KB0011499,P-002159,KH-PHX-02,Phoenix,2026-09-28,phone,completed,2026-09-28 11:44
KB0002476,P-003929,KH-NYC-03,New York,2026-05-10,walk-in,completed,2026-05-10 15:41
KB0006545,P-001713,KH-PHX-02,Phoenix,2026-07-14,walk-in,completed,2026-07-14 11:08
KB0005858,P-003106,KH-NYC-03,New York,2026-07-03,online,completed,2026-07-03 15:45
KB0002360,P-004619,KH-CHI-02,Chicago,2026-05-08,walk-in,completed,2026-05-08 13:50
KB0000934,P-003409,KH-NYC-02,New York,2026-04-15,online,completed,2026-04-15 16:33
KB0004248,P-000711,KH-DAL-02,Dallas,2026-06-08,online,completed,2026-06-08 14:20
KB0007938,P-000011,KH-DAL-02,Dallas,2026-08-05,online,completed,2026-08-05 16:50
KB0011671,P-003813,KH-NYC-02,New York,2026-09-30,online,completed,2026-09-30 18:03
KB0008051,P-006282,KH-PHI-03,Philadelphia,2026-08-06,walk-in,completed,2026-08-06 17:47
KB0006252,P-004428,KH-CHI-02,Chicago,2026-07-09,online,completed,2026-07-09 16:51
KB0011255,P-003440,KH-NYC-02,New York,2026-09-24,phone,completed,2026-09-24 17:58
KB0004437,P-000142,KH-DAL-03,Dallas,2026-06-11,online,completed,2026-06-11 15:13
KB0002460,P-001445,KH-PHX-03,Phoenix,2026-05-10,walk-in,completed,2026-05-10 19:06
KB0010042,P-003886,KH-NYC-03,New York,2026-09-06,walk-in,completed,2026-09-06 11:28
KB0000553,P-002264,KH-PHX-01,Phoenix,2026-04-09,walk-in,completed,2026-04-09 16:22
KB0000565,P-003482,KH-NYC-01,New York,2026-04-09,walk-in,completed,2026-04-09 12:31
KB0009293,P-000407,KH-DAL-01,Dallas,2026-08-26,walk-in,completed,2026-08-26 14:00
KB0008315,P-001172,KH-DAL-01,Dallas,2026-08-11,online,completed,2026-08-11 13:57
KB0007308,P-005201,KH-ATL-02,Atlanta,2026-07-25,online,completed,2026-07-25 15:08
KB0011512,P-002836,KH-NYC-01,New York,2026-09-28,walk-in,completed,2026-09-28 08:12
KB0011437,P-001062,KH-DAL-03,Dallas,2026-09-27,online,completed,2026-09-27 10:06
KB0004426,P-005523,KH-ATL-02,Atlanta,2026-06-10,online,completed,2026-06-10 14:45
KB0008191,P-000495,KH-DAL-03,Dallas,2026-08-09,online,completed,2026-08-09 12:13
KB0001837,P-003291,KH-NYC-01,New York,2026-04-30,phone,completed,2026-04-30 13:36
KB0008135,P-001060,KH-DAL-03,Dallas,2026-08-08,walk-in,completed,2026-08-08 14:10
KB0000077,P-000377,KH-DAL-03,Dallas,2026-04-02,walk-in,completed,2026-04-02 17:55
KB0005434,P-003977,KH-CHI-03,Chicago,2026-06-26,walk-in,completed,2026-06-26 18:48
KB0006518,P-000868,KH-DAL-01,Dallas,2026-07-14,walk-in,completed,2026-07-14 12:19
KB0004787,P-003155,KH-NYC-02,New York,2026-06-16,at-home,completed,2026-06-16 18:35
KB0010496,P-002136,KH-PHX-02,Phoenix,2026-09-13,walk-in,completed,2026-09-13 16:28
KB0010215,P-000367,KH-DAL-03,Dallas,2026-09-09,phone,completed,2026-09-09 10:17
KB0009394,P-004105,KH-CHI-02,Chicago,2026-08-27,walk-in,completed,2026-08-27 10:46
KB0011564,P-002282,KH-PHX-03,Phoenix,2026-09-29,online,completed,2026-09-29 18:23
KB0004753,P-000811,KH-DAL-02,Dallas,2026-06-16,walk-in,completed,2026-06-16 13:37
KB0002904,P-002138,KH-PHX-01,Phoenix,2026-05-17,at-home,completed,2026-05-17 10:09
KB0002532,P-002662,KH-NYC-03,New York,2026-05-11,walk-in,completed,2026-05-11 18:38
KB0010475,P-005659,KH-ATL-03,Atlanta,2026-09-12,phone,completed,2026-09-12 09:45
KB0000558,P-001279,KH-PHX-03,Phoenix,2026-04-09,online,completed,2026-04-09 11:14
KB0006519,P-001223,KH-DAL-03,Dallas,2026-07-14,walk-in,completed,2026-07-14 13:18
KB0003890,P-001800,KH-PHX-02,Phoenix,2026-06-02,walk-in,completed,2026-06-02 15:00
KB0000787,P-002438,KH-PHX-03,Phoenix,2026-04-13,online,completed,2026-04-13 16:00
KB0003756,P-000355,KH-DAL-02,Dallas,2026-05-31,online,completed,2026-05-31 19:08
KB0003190,P-001142,KH-DAL-03,Dallas,2026-05-22,walk-in,completed,2026-05-22 15:01
KB0006843,P-005227,KH-ATL-02,Atlanta,2026-07-18,walk-in,completed,2026-07-18 17:51
KB0008329,P-001262,KH-PHX-02,Phoenix,2026-08-11,walk-in,completed,2026-08-11 19:06
KB0007976,P-005599,KH-ATL-02,Atlanta,2026-08-05,online,completed,2026-08-05 18:33
KB0001114,P-000818,KH-DAL-03,Dallas,2026-04-18,walk-in,completed,2026-04-18 14:51
KB0001908,P-004482,KH-CHI-02,Chicago,2026-05-01,phone,completed,2026-05-01 18:35
KB0002991,P-005366,KH-ATL-01,Atlanta,2026-05-18,walk-in,completed,2026-05-18 17:14
KB0004401,P-003782,KH-NYC-02,New York,2026-06-10,walk-in,completed,2026-06-10 18:25
KB0003015,P-001909,KH-PHX-01,Phoenix,2026-05-19,online,completed,2026-05-19 16:37
KB0006254,P-004313,KH-CHI-03,Chicago,2026-07-09,phone,completed,2026-07-09 15:45
KB0004804,P-005645,KH-ATL-03,Atlanta,2026-06-16,phone,completed,2026-06-16 12:28
KB0004930,P-004175,KH-CHI-02,Chicago,2026-06-18,walk-in,completed,2026-06-18 09:40
KB0002645,P-002123,KH-PHX-02,Phoenix,2026-05-13,walk-in,completed,2026-05-13 17:34
KB0002044,P-005611,KH-ATL-01,Atlanta,2026-05-03,walk-in,completed,2026-05-03 12:39
KB0000848,P-000232,KH-DAL-02,Dallas,2026-04-14,walk-in,completed,2026-04-14 11:26
KB0007961,P-003941,KH-NYC-01,New York,2026-08-05,phone,completed,2026-08-05 11:49
KB0010569,P-003032,KH-NYC-02,New York,2026-09-14,at-home,completed,2026-09-14 09:41
KB0000826,P-005052,KH-ATL-01,Atlanta,2026-04-13,at-home,completed,2026-04-13 11:26
KB0009103,P-004982,KH-ATL-01,Atlanta,2026-08-22,online,completed,2026-08-22 09:04
KB0005282,P-001362,KH-PHX-03,Phoenix,2026-06-24,at-home,completed,2026-06-24 09:12
KB0004780,P-002101,KH-PHX-02,Phoenix,2026-06-16,walk-in,completed,2026-06-16 09:57
KB0001486,P-003092,KH-NYC-02,New York,2026-04-24,at-home,completed,2026-04-24 14:37
KB0005432,P-004891,KH-CHI-02,Chicago,2026-06-26,walk-in,completed,2026-06-26 15:08
KB0009419,P-001092,KH-DAL-03,Dallas,2026-08-28,online,completed,2026-08-28 09:54
KB0004017,P-001735,KH-PHX-01,Phoenix,2026-06-04,online,completed,2026-06-04 11:04
KB0003030,P-003244,KH-NYC-03,New York,2026-05-19,walk-in,completed,2026-05-19 09:15
KB0000434,P-003426,KH-NYC-03,New York,2026-04-07,phone,completed,2026-04-07 09:05
KB0009099,P-005473,KH-ATL-01,Atlanta,2026-08-22,walk-in,completed,2026-08-22 17:00
KB0007244,P-005275,KH-ATL-02,Atlanta,2026-07-24,at-home,completed,2026-07-24 09:14
KB0001588,P-001484,KH-PHX-03,Phoenix,2026-04-26,online,completed,2026-04-26 09:44
KB0009307,P-002122,KH-PHX-01,Phoenix,2026-08-26,walk-in,completed,2026-08-26 15:25
KB0005221,P-002327,KH-PHX-01,Phoenix,2026-06-23,walk-in,completed,2026-06-23 19:21
KB0010385,P-004684,KH-CHI-01,Chicago,2026-09-11,phone,completed,2026-09-11 11:03
KB0008986,P-000936,KH-DAL-02,Dallas,2026-08-21,walk-in,completed,2026-08-21 12:13
KB0008743,P-004376,KH-CHI-01,Chicago,2026-08-17,walk-in,completed,2026-08-17 19:07
KB0008825,P-005073,KH-ATL-02,Atlanta,2026-08-18,at-home,completed,2026-08-18 19:32
KB0007093,P-003668,KH-NYC-02,New York,2026-07-22,walk-in,cancelled,2026-07-22 17:34
KB0007645,P-002762,KH-NYC-02,New York,2026-07-31,online,cancelled,2026-07-31 12:09
KB0006626,P-003637,KH-NYC-02,New York,2026-07-15,at-home,completed,2026-07-15 16:25
KB0003630,P-000569,KH-DAL-02,Dallas,2026-05-29,walk-in,completed,2026-05-29 18:32
KB0008020,P-001771,KH-PHX-01,Phoenix,2026-08-06,walk-in,completed,2026-08-06 17:30
KB0011135,P-000286,KH-DAL-01,Dallas,2026-09-23,walk-in,completed,2026-09-23 16:45
KB0006500,P-005145,KH-ATL-02,Atlanta,2026-07-13,phone,completed,2026-07-13 10:26
KB0001047,P-000949,KH-DAL-01,Dallas,2026-04-17,online,completed,2026-04-17 15:43
KB0011697,P-005148,KH-ATL-02,Atlanta,2026-09-30,at-home,completed,2026-09-30 18:21
KB0002515,P-002333,KH-PHX-03,Phoenix,2026-05-11,phone,completed,2026-05-11 19:42
KB0008518,P-000606,KH-DAL-01,Dallas,2026-08-14,online,completed,2026-08-14 09:15
KB0000737,P-000269,KH-DAL-01,Dallas,2026-04-12,at-home,completed,2026-04-12 19:45
KB0006582,P-006030,KH-PHI-03,Philadelphia,2026-07-14,walk-in,completed,2026-07-14 19:42
KB0003748,P-001193,KH-DAL-02,Dallas,2026-05-31,walk-in,completed,2026-05-31 19:51
KB0010521,P-005518,KH-ATL-02,Atlanta,2026-09-13,walk-in,completed,2026-09-13 16:33
KB0002581,P-002187,KH-PHX-03,Phoenix,2026-05-12,walk-in,completed,2026-05-12 09:38
KB0009597,P-005393,KH-ATL-02,Atlanta,2026-08-30,walk-in,completed,2026-08-30 16:32
KB0001868,P-000344,KH-DAL-02,Dallas,2026-05-01,phone,completed,2026-05-01 16:52
KB0008831,P-006390,KH-PHI-01,Philadelphia,2026-08-18,phone,completed,2026-08-18 09:33
KB0003122,P-000985,KH-DAL-02,Dallas,2026-05-21,phone,completed,2026-05-21 17:58
KB0006325,P-005373,KH-ATL-02,Atlanta,2026-07-10,phone,completed,2026-07-10 13:00
KB0003571,P-001396,KH-PHX-03,Phoenix,2026-05-28,phone,completed,2026-05-28 08:03
KB0007771,P-003071,KH-NYC-03,New York,2026-08-02,phone,completed,2026-08-02 13:33
KB0004089,P-001817,KH-PHX-02,Phoenix,2026-06-05,phone,completed,2026-06-05 15:37
KB0008346,P-003941,KH-NYC-03,New York,2026-08-11,walk-in,completed,2026-08-11 08:25
KB0004334,P-002626,KH-NYC-02,New York,2026-06-09,walk-in,completed,2026-06-09 09:40
KB0001824,P-001534,KH-PHX-01,Phoenix,2026-04-30,walk-in,completed,2026-04-30 18:31
KB0004631,P-005299,KH-ATL-02,Atlanta,2026-06-13,online,completed,2026-06-13 19:07
KB0004986,P-003889,KH-NYC-01,New York,2026-06-19,at-home,completed,2026-06-19 19:37
KB0000491,P-001800,KH-PHX-02,Phoenix,2026-04-08,walk-in,completed,2026-04-08 19:01
KB0005685,P-005380,KH-ATL-01,Atlanta,2026-06-30,online,completed,2026-06-30 11:22
KB0005506,P-006158,KH-PHI-03,Philadelphia,2026-06-27,walk-in,completed,2026-06-27 12:06
KB0004749,P-000291,KH-DAL-03,Dallas,2026-06-16,,completed,2026-06-16 17:10
KB0004174,P-004943,KH-CHI-02,Chicago,2026-06-06,online,completed,2026-06-06 12:50
KB0003671,P-005338,KH-ATL-02,Atlanta,2026-05-29,online,completed,2026-05-29 10:34
KB0011147,P-000965,KH-DAL-02,Dallas,2026-09-23,at-home,completed,2026-09-23 10:05
KB0001688,P-000635,KH-DAL-02,Dallas,2026-04-28,online,completed,2026-04-28 15:29
KB0005550,P-005274,KH-ATL-02,Atlanta,2026-06-28,phone,completed,2026-06-28 19:56
KB0000291,P-006391,KH-PHI-03,Philadelphia,2026-04-04,online,completed,2026-04-04 11:15
KB0000045,P-004103,KH-CHI-01,Chicago,2026-04-01,online,completed,2026-04-01 17:52
KB0008623,P-003545,KH-NYC-03,New York,2026-08-15,at-home,completed,2026-08-15 16:55
KB0010537,P-000528,KH-DAL-02,Dallas,2026-09-14,at-home,completed,2026-09-14 15:43
KB0008977,P-005821,KH-PHI-01,Philadelphia,2026-08-20,at-home,completed,2026-08-20 12:10
KB0009281,P-005613,KH-ATL-02,Atlanta,2026-08-25,at-home,completed,2026-08-25 19:47
KB0010871,P-001052,KH-DAL-03,Dallas,2026-09-19,phone,completed,2026-09-19 17:09
KB0003402,P-005640,KH-ATL-03,Atlanta,2026-05-25,phone,completed,2026-05-25 15:15
KB0007575,P-001756,KH-PHX-01,Phoenix,2026-07-30,walk-in,completed,2026-07-30 09:43
KB0004895,P-000414,KH-DAL-01,Dallas,2026-06-18,walk-in,completed,2026-06-18 17:22
KB0000346,P-000862,KH-DAL-02,Dallas,2026-04-06,walk-in,completed,2026-04-06 08:24
KB0006066,P-001068,KH-DAL-02,Dallas,2026-07-07,walk-in,completed,2026-07-07 18:29
KB0002356,P-003127,KH-NYC-02,New York,2026-05-08,walk-in,completed,2026-05-08 17:10
KB0005993,P-006562,KH-PHI-01,Philadelphia,2026-07-05,walk-in,completed,2026-07-05 08:37
KB0008259,P-001336,KH-PHX-03,Phoenix,2026-08-10,at-home,completed,2026-08-10 15:59
KB0002534,P-002524,KH-NYC-01,New York,2026-05-11,online,completed,2026-05-11 08:13
KB0010690,P-002681,KH-NYC-03,New York,2026-09-16,at-home,completed,2026-09-16 13:37
KB0009449,P-003563,KH-NYC-03,New York,2026-08-28,walk-in,completed,2026-08-28 21:45
KB0000137,P-005818,KH-PHI-02,Philadelphia,2026-04-02,walk-in,completed,2026-04-02 08:34
KB0002315,P-006590,KH-PHI-03,Philadelphia,2026-05-07,online,completed,2026-05-07 08:50
KB0007992,P-001098,KH-DAL-03,Dallas,2026-08-06,at-home,completed,2026-08-06 12:04
KB0011075,P-000063,KH-DAL-02,Dallas,2026-09-22,phone,completed,2026-09-22 11:55
KB0009976,P-001283,KH-PHX-01,Phoenix,2026-09-05,at-home,completed,2026-09-05 19:56
KB0003532,P-004389,KH-CHI-01,Chicago,2026-05-27,online,completed,2026-05-27 18:49
KB0003698,P-000688,KH-DAL-02,Dallas,2026-05-30,online,completed,2026-05-30 16:33
KB0000017,P-001058,KH-DAL-01,Dallas,2026-04-01,phone,completed,2026-04-01 10:11
KB0000697,P-003404,KH-NYC-01,New York,2026-04-11,at-home,completed,2026-04-11 15:42
KB0005046,P-002607,KH-NYC-03,New York,2026-06-20,phone,completed,2026-06-20 17:26
KB0008027,P-003354,KH-NYC-02,New York,2026-08-06,walk-in,completed,2026-08-06 12:50
KB0000310,P-001355,KH-PHX-03,Phoenix,2026-04-05,walk-in,completed,2026-04-05 17:31
KB0007547,P-006236,KH-PHI-01,Philadelphia,2026-07-29,walk-in,completed,2026-07-29 11:59
KB0004178,P-005350,KH-ATL-03,Atlanta,2026-06-06,phone,completed,2026-06-06 12:56
KB0005912,P-001522,KH-PHX-02,Phoenix,2026-07-04,phone,completed,2026-07-04 11:08
KB0002197,P-006503,KH-PHI-03,Philadelphia,2026-05-05,walk-in,completed,2026-05-05 14:01
KB0000462,P-000526,KH-DAL-02,Dallas,2026-04-08,walk-in,completed,2026-04-08 17:33
KB0001040,P-001141,KH-DAL-03,Dallas,2026-04-17,walk-in,completed,2026-04-17 13:55
KB0011161,P-001555,KH-PHX-03,Phoenix,2026-09-23,online,completed,2026-09-23 13:52
KB0001202,P-005517,KH-ATL-01,Atlanta,2026-04-19,walk-in,completed,2026-04-19 08:27
KB0000788,P-001381,KH-PHX-01,Phoenix,2026-04-13,online,completed,2026-04-13 19:16
KB0005285,P-002603,KH-NYC-01,New York,2026-06-24,online,completed,2026-06-24 15:55
KB0005770,P-001782,KH-PHX-01,Phoenix,2026-07-02,,completed,2026-07-02 18:54
KB0011214,P-001181,KH-DAL-01,Dallas,2026-09-24,online,completed,2026-09-24 08:02
KB0006363,P-001550,KH-PHX-03,Phoenix,2026-07-11,online,completed,2026-07-11 16:57
KB0000096,P-002036,KH-PHX-03,Phoenix,2026-04-02,walk-in,completed,2026-04-02 15:00
KB0002442,P-006070,KH-PHI-01,Philadelphia,2026-05-09,walk-in,completed,2026-05-09 15:09
KB0008168,P-003962,KH-CHI-03,Chicago,2026-08-08,phone,completed,2026-08-08 15:49
KB0010294,P-002055,KH-PHX-02,Phoenix,2026-09-10,walk-in,completed,2026-09-10 16:19
KB0002234,P-004311,KH-CHI-02,Chicago,2026-05-06,walk-in,completed,2026-05-06 18:16
KB0001934,P-000079,KH-DAL-01,Dallas,2026-05-02,phone,completed,2026-05-02 15:11
KB0007508,P-001982,KH-PHX-02,Phoenix,2026-07-29,online,completed,2026-07-29 18:22
KB0006453,P-000074,KH-DAL-02,Dallas,2026-07-13,phone,completed,2026-07-13 14:33
KB0006090,P-001491,KH-PHX-01,Phoenix,2026-07-07,walk-in,completed,2026-07-07 18:20
KB0010309,P-003883,KH-NYC-03,New York,2026-09-10,online,completed,2026-09-10 17:55
KB0001976,P-004833,KH-CHI-01,Chicago,2026-05-02,phone,completed,2026-05-02 14:30
KB0001996,P-006452,KH-PHI-03,Philadelphia,2026-05-02,walk-in,completed,2026-05-02 18:38
KB0000939,P-003915,KH-NYC-03,New York,2026-04-15,walk-in,completed,2026-04-15 12:40
KB0003330,P-003515,KH-NYC-01,New York,2026-05-24,at-home,completed,2026-05-24 12:14
KB0000570,P-002462,KH-NYC-03,New York,2026-04-09,walk-in,completed,2026-04-09 11:57
KB0005902,P-001017,KH-DAL-03,Dallas,2026-07-04,at-home,completed,2026-07-04 10:07
KB0010335,P-006438,KH-PHI-03,Philadelphia,2026-09-10,walk-in,completed,2026-09-10 17:32
KB0005097,P-001757,KH-PHX-02,Phoenix,2026-06-21,walk-in,completed,2026-06-21 13:07
KB0005904,P-000490,KH-DAL-01,Dallas,2026-07-04,walk-in,completed,2026-07-04 09:23
KB0002762,P-000716,KH-DAL-03,Dallas,2026-05-15,walk-in,completed,2026-05-15 08:05
KB0009175,P-002058,KH-PHX-03,Phoenix,2026-08-24,phone,completed,2026-08-24 10:48
KB0011252,P-002600,KH-NYC-01,New York,2026-09-24,walk-in,completed,2026-09-24 15:20
KB0010221,P-001968,KH-PHX-02,Phoenix,2026-09-09,walk-in,completed,2026-09-09 11:05
KB0008062,P-000836,KH-DAL-02,Dallas,2026-08-07,online,completed,2026-08-07 08:43
KB0011591,P-003684,KH-NYC-02,New York,2026-09-29,at-home,completed,2026-09-29 16:06
KB0002616,P-006651,KH-PHI-02,Philadelphia,2026-05-12,online,completed,2026-05-12 17:30
KB0008065,P-001227,KH-DAL-02,Dallas,2026-08-07,online,completed,2026-08-07 15:17
KB0000616,P-001885,KH-PHX-02,Phoenix,2026-04-10,walk-in,completed,2026-04-10 17:02
KB0002325,P-000484,KH-DAL-03,Dallas,2026-05-08,phone,completed,2026-05-08 19:37
KB0005781,P-001791,KH-PHX-03,Phoenix,2026-07-02,,completed,2026-07-02 19:40
KB0005401,P-000704,KH-DAL-03,Dallas,2026-06-26,at-home,completed,2026-06-26 13:59
KB0003859,P-006559,KH-PHI-03,Philadelphia,2026-06-01,online,completed,2026-06-01 11:11
KB0000438,P-002926,KH-NYC-03,New York,2026-04-07,phone,completed,2026-04-07 17:45
KB0005898,P-000276,KH-DAL-03,Dallas,2026-07-04,walk-in,completed,2026-07-04 10:19
KB0001884,P-001325,KH-PHX-01,Phoenix,2026-05-01,online,completed,2026-05-01 17:02
KB0007257,P-000863,KH-DAL-03,Dallas,2026-07-25,at-home,completed,2026-07-25 19:46
KB0010069,P-000225,KH-DAL-01,Dallas,2026-09-07,phone,completed,2026-09-07 17:27
KB0001311,P-004169,KH-CHI-01,Chicago,2026-04-21,walk-in,completed,2026-04-21 15:13
KB0002096,P-003025,KH-NYC-01,New York,2026-05-04,phone,completed,2026-05-04 15:41
KB0001453,P-006392,KH-PHI-02,Philadelphia,2026-04-23,walk-in,completed,2026-04-23 09:09
KB0010816,P-002082,KH-PHX-02,Phoenix,2026-09-18,walk-in,completed,2026-09-18 14:14
KB0010212,P-000317,KH-DAL-01,Dallas,2026-09-09,at-home,completed,2026-09-09 15:01
KB0006651,P-000106,KH-DAL-01,Dallas,2026-07-16,walk-in,completed,2026-07-16 17:35
KB0005031,P-000396,KH-DAL-03,Dallas,2026-06-20,online,completed,2026-06-20 09:41
KB0003994,P-005228,KH-ATL-01,Atlanta,2026-06-03,walk-in,completed,2026-06-03 12:43
KB0005083,P-000308,KH-DAL-01,Dallas,2026-06-21,walk-in,completed,2026-06-21 12:55
KB0008505,P-006452,KH-PHI-02,Philadelphia,2026-08-13,at-home,completed,2026-08-13 13:02
KB0010395,P-005228,KH-ATL-01,Atlanta,2026-09-11,walk-in,completed,2026-09-11 14:00
KB0005757,P-001055,KH-DAL-03,Dallas,2026-07-02,at-home,completed,2026-07-02 09:08
KB0008367,P-005032,KH-ATL-02,Atlanta,2026-08-11,online,completed,2026-08-11 17:09
KB0002144,P-000500,KH-DAL-02,Dallas,2026-05-05,phone,completed,2026-05-05 08:33
KB0009067,P-002227,KH-PHX-01,Phoenix,2026-08-22,,completed,2026-08-22 16:56
KB0000087,P-001699,KH-PHX-02,Phoenix,2026-04-02,online,completed,2026-04-02 10:04
KB0007955,P-001627,KH-PHX-01,Phoenix,2026-08-05,walk-in,cancelled,2026-08-05 18:04
KB0000457,P-005184,KH-ATL-03,Atlanta,2026-04-07,at-home,completed,2026-04-07 19:33
KB0010500,P-001582,KH-PHX-03,Phoenix,2026-09-13,walk-in,completed,2026-09-13 16:36
KB0009046,P-006596,KH-PHI-03,Philadelphia,2026-08-21,phone,completed,2026-08-21 18:34
KB0006863,P-001180,KH-DAL-01,Dallas,2026-07-19,phone,completed,2026-07-19 10:45
KB0009716,P-002609,KH-NYC-01,New York,2026-09-01,walk-in,completed,2026-09-01 13:30
KB0005933,P-003753,KH-NYC-03,New York,2026-07-04,walk-in,completed,2026-07-04 15:16
KB0000215,P-006427,KH-PHI-01,Philadelphia,2026-04-03,online,completed,2026-04-03 17:21
KB0010575,P-002533,KH-NYC-03,New York,2026-09-14,walk-in,completed,2026-09-14 14:10
KB0000104,P-003160,KH-NYC-02,New York,2026-04-02,walk-in,completed,2026-04-02 16:57
KB0002967,P-003686,KH-NYC-02,New York,2026-05-18,walk-in,completed,2026-05-18 16:39
KB0006331,P-006496,KH-PHI-02,Philadelphia,2026-07-10,walk-in,completed,2026-07-10 10:23
KB0008099,P-003558,KH-NYC-01,New York,2026-08-07,phone,completed,2026-08-07 17:02
KB0006640,P-005349,KH-ATL-02,Atlanta,2026-07-15,walk-in,completed,2026-07-15 11:11
KB0010312,P-004946,KH-CHI-01,Chicago,2026-09-10,online,completed,2026-09-10 10:13
KB0001297,P-002393,KH-PHX-02,Phoenix,2026-04-21,phone,completed,2026-04-21 15:00
KB0010907,P-002716,KH-NYC-02,New York,2026-09-19,walk-in,completed,2026-09-19 12:25
KB0009072,P-002365,KH-PHX-03,Phoenix,2026-08-22,at-home,completed,2026-08-22 11:37
KB0010699,P-004594,KH-CHI-02,Chicago,2026-09-16,phone,completed,2026-09-16 14:55
KB0008525,P-001359,KH-PHX-03,Phoenix,2026-08-14,online,completed,2026-08-14 09:01
KB0009443,P-003392,KH-NYC-03,New York,2026-08-28,online,completed,2026-08-28 15:23
KB0009371,P-001748,KH-PHX-02,Phoenix,2026-08-27,walk-in,completed,2026-08-27 10:10
KB0009605,P-006545,KH-PHI-02,Philadelphia,2026-08-30,walk-in,completed,2026-08-30 11:56
KB0006038,P-002479,KH-NYC-01,New York,2026-07-06,walk-in,completed,2026-07-06 19:51
KB0010447,P-002247,KH-PHX-02,Phoenix,2026-09-12,walk-in,completed,2026-09-12 15:54
KB0011420,P-005066,KH-ATL-01,Atlanta,2026-09-26,walk-in,completed,2026-09-26 09:58
KB0005312,P-005650,KH-ATL-02,Atlanta,2026-06-24,walk-in,cancelled,2026-06-24 11:30
KB0001624,P-000734,KH-DAL-01,Dallas,2026-04-27,walk-in,cancelled,2026-04-27 16:50
KB0004273,P-003898,KH-NYC-01,New York,2026-06-08,at-home,completed,2026-06-08 10:28
KB0010982,P-005750,KH-ATL-02,Atlanta,2026-09-20,phone,cancelled,2026-09-20 14:46
KB0002947,P-000749,KH-DAL-02,Dallas,2026-05-18,walk-in,completed,2026-05-18 15:01
KB0009274,P-005688,KH-ATL-02,Atlanta,2026-08-25,at-home,completed,2026-08-25 11:50
KB0004283,P-004934,KH-CHI-01,Chicago,2026-06-08,walk-in,completed,2026-06-08 17:44
KB0001155,P-004350,KH-CHI-02,Chicago,2026-04-18,walk-in,completed,2026-04-18 13:51
KB0010983,P-005668,KH-ATL-01,Atlanta,2026-09-20,walk-in,completed,2026-09-20 08:39
KB0008760,P-006227,KH-PHI-01,Philadelphia,2026-08-17,walk-in,completed,2026-08-17 12:23
KB0004450,P-000816,KH-DAL-01,Dallas,2026-06-11,online,completed,2026-06-11 17:53
KB0002803,P-005737,KH-ATL-02,Atlanta,2026-05-15,online,completed,2026-05-15 12:20
KB0002699,P-001767,KH-PHX-01,Phoenix,2026-05-14,at-home,completed,2026-05-14 12:46
KB0009841,P-003318,KH-NYC-03,New York,2026-09-03,walk-in,completed,2026-09-03 16:13
KB0002685,P-001027,KH-DAL-02,Dallas,2026-05-14,walk-in,completed,2026-05-14 09:01
KB0005753,P-006020,KH-PHI-02,Philadelphia,2026-07-01,walk-in,completed,2026-07-01 19:24
KB0005327,P-000216,KH-DAL-02,Dallas,2026-06-25,online,completed,2026-06-25 18:55
KB0002507,P-001201,KH-DAL-02,Dallas,2026-05-11,walk-in,completed,2026-05-11 18:06
KB0008403,P-002128,KH-PHX-03,Phoenix,2026-08-12,walk-in,completed,2026-08-12 08:07
KB0003272,P-002792,KH-NYC-01,New York,2026-05-23,walk-in,completed,2026-05-23 08:48
KB0003820,P-001723,KH-PHX-01,Phoenix,2026-06-01,online,completed,2026-06-01 13:20
KB0009948,P-006656,KH-PHI-03,Philadelphia,2026-09-04,walk-in,completed,2026-09-04 09:31
KB0006673,P-002422,KH-PHX-01,Phoenix,2026-07-16,online,completed,2026-07-16 19:43
KB0006816,P-001938,KH-PHX-03,Phoenix,2026-07-18,online,completed,2026-07-18 17:39
KB0009668,P-005560,KH-ATL-01,Atlanta,2026-08-31,phone,completed,2026-08-31 10:25
KB0000881,P-004314,KH-CHI-03,Chicago,2026-04-14,walk-in,completed,2026-04-14 10:45
KB0006368,P-003238,KH-NYC-02,New York,2026-07-11,walk-in,completed,2026-07-11 09:47
KB0004199,P-001145,KH-DAL-01,Dallas,2026-06-07,online,completed,2026-06-07 18:09
KB0008604,P-002217,KH-PHX-02,Phoenix,2026-08-15,walk-in,completed,2026-08-15 09:58
KB0010679,P-001356,KH-PHX-01,Phoenix,2026-09-16,at-home,completed,2026-09-16 11:43
KB0008723,P-001657,KH-PHX-03,Phoenix,2026-08-17,phone,completed,2026-08-17 15:10
KB0001866,P-000243,KH-DAL-03,Dallas,2026-05-01,online,completed,2026-05-01 08:43
KB0007501,P-000810,KH-DAL-03,Dallas,2026-07-29,online,completed,2026-07-29 09:18
KB0010493,P-000529,KH-DAL-01,Dallas,2026-09-13,walk-in,completed,2026-09-13 18:38
KB0008838,P-000345,KH-DAL-02,Dallas,2026-08-19,online,completed,2026-08-19 11:25
KB0005989,P-005326,KH-ATL-02,Atlanta,2026-07-05,,completed,2026-07-05 08:49
KB0001287,P-001055,KH-DAL-03,Dallas,2026-04-21,walk-in,completed,2026-04-21 12:14
KB0000778,P-000556,KH-DAL-01,Dallas,2026-04-13,at-home,completed,2026-04-13 09:17
KB0005526,P-002091,KH-PHX-01,Phoenix,2026-06-28,walk-in,completed,2026-06-28 11:32
KB0003754,P-000074,KH-DAL-01,Dallas,2026-05-31,online,completed,2026-05-31 11:52
KB0007723,P-004075,KH-CHI-02,Chicago,2026-08-01,online,completed,2026-08-01 10:05
KB0003214,P-003804,KH-NYC-01,New York,2026-05-22,online,completed,2026-05-22 10:07
KB0010296,P-001749,KH-PHX-03,Phoenix,2026-09-10,at-home,completed,2026-09-10 09:48
KB0006742,P-002133,KH-PHX-01,Phoenix,2026-07-17,walk-in,completed,2026-07-17 19:34
KB0005642,P-001060,KH-DAL-01,Dallas,2026-06-30,walk-in,completed,2026-06-30 13:33
KB0001196,P-004258,KH-CHI-02,Chicago,2026-04-19,walk-in,completed,2026-04-19 14:55
KB0004715,P-003669,KH-NYC-02,New York,2026-06-15,walk-in,completed,2026-06-15 17:50
KB0007902,P-003228,KH-NYC-01,New York,2026-08-04,walk-in,completed,2026-08-04 09:29
KB0001774,P-002776,KH-NYC-01,New York,2026-04-29,online,completed,2026-04-29 14:46
KB0009555,P-001224,KH-DAL-03,Dallas,2026-08-30,,completed,2026-08-30 17:11
KB0006551,P-003651,KH-NYC-02,New York,2026-07-14,walk-in,completed,2026-07-14 09:56
KB0010995,P-000169,KH-DAL-01,Dallas,2026-09-21,online,completed,2026-09-21 15:19
KB0005152,P-001774,KH-PHX-02,Phoenix,2026-06-22,online,completed,2026-06-22 09:57
KB0007583,P-002307,KH-PHX-03,Phoenix,2026-07-30,at-home,completed,2026-07-30 17:12
KB0001396,P-000142,KH-DAL-03,Dallas,2026-04-23,online,completed,2026-04-23 16:40
KB0001874,P-000544,KH-DAL-01,Dallas,2026-05-01,phone,completed,2026-05-01 12:37
KB0005490,P-004427,KH-CHI-02,Chicago,2026-06-27,walk-in,completed,2026-06-27 18:16
KB0004601,P-001638,KH-PHX-02,Phoenix,2026-06-13,walk-in,completed,2026-06-13 16:07
KB0000100,P-002612,KH-NYC-03,New York,2026-04-02,online,completed,2026-04-02 09:50
KB0002226,P-002852,KH-NYC-01,New York,2026-05-06,walk-in,cancelled,2026-05-06 14:38
KB0000505,P-003651,KH-NYC-03,New York,2026-04-08,phone,completed,2026-04-08 13:41
KB0010547,P-002400,KH-PHX-03,Phoenix,2026-09-14,phone,completed,2026-09-14 15:52
KB0007399,P-003535,KH-NYC-02,New York,2026-07-27,online,completed,2026-07-27 18:08
KB0006309,P-003732,KH-NYC-02,New York,2026-07-10,phone,completed,2026-07-10 19:57
KB0001184,P-002247,KH-PHX-01,Phoenix,2026-04-19,phone,completed,2026-04-19 14:41
KB0004014,P-000903,KH-DAL-03,Dallas,2026-06-04,online,completed,2026-06-04 10:26
KB0001075,P-003115,KH-NYC-03,New York,2026-04-17,walk-in,completed,2026-04-17 12:59
KB0004980,P-003468,KH-NYC-03,New York,2026-06-19,walk-in,completed,2026-06-19 14:19
KB0001430,P-003197,KH-NYC-03,New York,2026-04-23,online,completed,2026-04-23 11:28
KB0011589,P-003381,KH-NYC-02,New York,2026-09-29,walk-in,completed,2026-09-29 12:06
KB0003535,P-005596,KH-ATL-01,Atlanta,2026-05-27,online,completed,2026-05-27 08:47
KB0004090,P-001838,KH-PHX-01,Phoenix,2026-06-05,online,completed,2026-06-05 10:41
KB0004433,P-006462,KH-PHI-03,Philadelphia,2026-06-10,walk-in,completed,2026-06-10 10:24
KB0009228,P-000979,KH-DAL-03,Dallas,2026-08-25,walk-in,completed,2026-08-25 08:00
KB0003699,P-001141,KH-DAL-02,Dallas,2026-05-30,walk-in,completed,2026-05-30 14:37
KB0000102,P-003018,KH-NYC-01,New York,2026-04-02,walk-in,completed,2026-04-02 18:55
KB0011053,P-005018,KH-ATL-01,Atlanta,2026-09-21,at-home,completed,2026-09-21 11:11
KB0006834,P-004805,KH-CHI-03,Chicago,2026-07-18,walk-in,completed,2026-07-18 19:38
KB0002366,P-004089,KH-CHI-03,Chicago,2026-05-08,walk-in,completed,2026-05-08 18:33
KB0010781,P-005054,KH-ATL-01,Atlanta,2026-09-17,walk-in,completed,2026-09-17 09:21
KB0008855,P-001361,KH-PHX-03,Phoenix,2026-08-19,at-home,completed,2026-08-19 15:14
KB0004150,P-002051,KH-PHX-03,Phoenix,2026-06-06,walk-in,completed,2026-06-06 15:05
KB0005245,P-004608,KH-CHI-02,Chicago,2026-06-23,walk-in,completed,2026-06-23 15:27
KB0006609,P-001765,KH-PHX-01,Phoenix,2026-07-15,walk-in,completed,2026-07-15 08:51
KB0001839,P-003779,KH-NYC-03,New York,2026-04-30,walk-in,completed,2026-04-30 19:20
KB0007689,P-000396,KH-DAL-03,Dallas,2026-08-01,online,completed,2026-08-01 08:40
KB0007407,P-005212,KH-ATL-02,Atlanta,2026-07-27,walk-in,completed,2026-07-27 08:08
KB0004063,P-005961,KH-PHI-02,Philadelphia,2026-06-04,walk-in,completed,2026-06-04 18:10
KB0008312,P-001223,KH-DAL-02,Dallas,2026-08-11,walk-in,completed,2026-08-11 16:21
KB0010337,P-006427,KH-PHI-01,Philadelphia,2026-09-10,walk-in,completed,2026-09-10 18:59
KB0006222,P-000829,KH-DAL-03,Dallas,2026-07-09,walk-in,completed,2026-07-09 10:37
KB0005052,P-002976,KH-NYC-03,New York,2026-06-20,walk-in,completed,2026-06-20 18:44
KB0009725,P-005462,KH-ATL-01,Atlanta,2026-09-01,phone,completed,2026-09-01 18:04
KB0001389,P-005799,KH-PHI-01,Philadelphia,2026-04-22,phone,completed,2026-04-22 17:21
KB0006569,P-005473,KH-ATL-02,Atlanta,2026-07-14,walk-in,cancelled,2026-07-14 09:57
KB0006848,P-006426,KH-PHI-02,Philadelphia,2026-07-18,walk-in,completed,2026-07-18 16:03
KB0000069,P-000237,KH-DAL-02,Dallas,2026-04-02,online,completed,2026-04-02 18:33
KB0011270,P-005314,KH-ATL-01,Atlanta,2026-09-24,online,completed,2026-09-24 17:51
KB0011017,P-002382,KH-PHX-03,Phoenix,2026-09-21,walk-in,completed,2026-09-21 14:04
KB0007174,P-005426,KH-ATL-02,Atlanta,2026-07-23,online,completed,2026-07-23 14:03
KB0000938,P-003339,KH-NYC-02,New York,2026-04-15,walk-in,completed,2026-04-15 13:47
KB0005607,P-004809,KH-CHI-03,Chicago,2026-06-29,online,completed,2026-06-29 17:34
KB0005755,P-000260,KH-DAL-02,Dallas,2026-07-02,at-home,completed,2026-07-02 13:49
KB0005223,P-003195,KH-NYC-03,New York,2026-06-23,walk-in,completed,2026-06-23 14:25
KB0003312,P-006695,KH-PHI-03,Philadelphia,2026-05-23,online,completed,2026-05-23 11:48
KB0003717,P-003372,KH-NYC-03,New York,2026-05-30,online,completed,2026-05-30 19:58
KB0010139,P-005771,KH-PHI-02,Philadelphia,2026-09-07,phone,completed,2026-09-07 13:50
KB0003750,P-000106,KH-DAL-01,Dallas,2026-05-31,phone,completed,2026-05-31 16:59
KB0004863,P-004557,KH-CHI-03,Chicago,2026-06-17,online,completed,2026-06-17 17:49
KB0007595,P-004390,KH-CHI-03,Chicago,2026-07-30,walk-in,completed,2026-07-30 09:42
KB0011388,P-002260,KH-PHX-03,Phoenix,2026-09-26,phone,completed,2026-09-26 15:42
KB0002283,P-003378,KH-NYC-01,New York,2026-05-07,walk-in,completed,2026-05-07 17:44
KB0004698,P-001959,KH-PHX-01,Phoenix,2026-06-15,walk-in,completed,2026-06-15 18:38
KB0004008,P-000909,KH-DAL-01,Dallas,2026-06-04,walk-in,completed,2026-06-04 19:22
KB0007705,P-002246,KH-PHX-01,Phoenix,2026-08-01,at-home,completed,2026-08-01 19:54
KB0003259,P-001523,KH-PHX-02,Phoenix,2026-05-23,phone,completed,2026-05-23 09:53
KB0006818,P-002034,KH-PHX-02,Phoenix,2026-07-18,at-home,completed,2026-07-18 19:53
KB0001864,P-006226,KH-PHI-01,Philadelphia,2026-04-30,online,completed,2026-04-30 12:47
KB0008078,P-002182,KH-PHX-01,Phoenix,2026-08-07,walk-in,completed,2026-08-07 18:46
KB0002703,P-002439,KH-PHX-01,Phoenix,2026-05-14,walk-in,completed,2026-05-14 10:47
KB0007777,P-003942,KH-NYC-01,New York,2026-08-02,online,completed,2026-08-02 14:23
KB0001194,P-004424,KH-CHI-03,Chicago,2026-04-19,walk-in,completed,2026-04-19 13:30
KB0005602,P-003920,KH-NYC-03,New York,2026-06-29,walk-in,completed,2026-06-29 11:14
KB0009374,P-001588,KH-PHX-01,Phoenix,2026-08-27,walk-in,completed,2026-08-27 09:19
KB0010966,P-001880,KH-PHX-02,Phoenix,2026-09-20,online,completed,2026-09-20 16:53
KB0008798,P-003849,KH-NYC-01,New York,2026-08-18,walk-in,completed,2026-08-18 14:00
KB0010269,P-006409,KH-PHI-01,Philadelphia,2026-09-09,at-home,completed,2026-09-09 09:08
KB0006908,P-006505,KH-PHI-02,Philadelphia,2026-07-19,online,completed,2026-07-19 09:20
KB0000115,P-004385,KH-CHI-03,Chicago,2026-04-02,online,completed,2026-04-02 12:46
KB0002203,P-000140,KH-DAL-03,Dallas,2026-05-06,online,completed,2026-05-06 10:52
KB0004638,P-006120,KH-PHI-02,Philadelphia,2026-06-13,walk-in,completed,2026-06-13 15:17
KB0005988,P-005283,KH-ATL-02,Atlanta,2026-07-05,online,completed,2026-07-05 13:44
KB0000540,P-000465,KH-DAL-01,Dallas,2026-04-09,walk-in,completed,2026-04-09 11:09
KB0008643,P-005182,KH-ATL-02,Atlanta,2026-08-15,at-home,completed,2026-08-15 19:47
KB0007904,P-003768,KH-NYC-02,New York,2026-08-04,walk-in,completed,2026-08-04 08:26
KB0009114,P-000865,KH-DAL-03,Dallas,2026-08-23,walk-in,completed,2026-08-23 18:44
KB0001638,P-002018,KH-PHX-03,Phoenix,2026-04-27,walk-in,completed,2026-04-27 17:12
KB0008305,P-005590,KH-ATL-01,Atlanta,2026-08-10,,completed,2026-08-10 18:17
KB0000549,P-002420,KH-PHX-01,Phoenix,2026-04-09,walk-in,completed,2026-04-09 17:16
KB0004906,P-001790,KH-PHX-02,Phoenix,2026-06-18,online,completed,2026-06-18 16:58
KB0000584,P-005303,KH-ATL-01,Atlanta,2026-04-09,walk-in,completed,2026-04-09 19:35
KB0005776,P-001978,KH-PHX-03,Phoenix,2026-07-02,walk-in,completed,2026-07-02 11:05
KB0004994,P-004332,KH-CHI-01,Chicago,2026-06-19,phone,completed,2026-06-19 17:40
KB0006135,P-001058,KH-DAL-02,Dallas,2026-07-08,online,completed,2026-07-08 12:02
KB0008497,P-005275,KH-ATL-01,Atlanta,2026-08-13,walk-in,completed,2026-08-13 09:12
KB0003918,P-005625,KH-ATL-01,Atlanta,2026-06-02,at-home,completed,2026-06-02 17:02
KB0000947,P-004941,KH-CHI-01,Chicago,2026-04-15,online,completed,2026-04-15 16:19
KB0011580,P-001537,KH-PHX-03,Phoenix,2026-09-29,phone,completed,2026-09-29 12:17
KB0008938,P-003177,KH-NYC-02,New York,2026-08-20,online,completed,2026-08-20 10:35
KB0005429,P-004788,KH-CHI-01,Chicago,2026-06-26,walk-in,completed,2026-06-26 13:12
KB0000577,P-004402,KH-CHI-03,Chicago,2026-04-09,walk-in,completed,2026-04-09 17:58
KB0002853,P-002854,KH-NYC-01,New York,2026-05-16,phone,completed,2026-05-16 08:12
KB0006643,P-005589,KH-ATL-02,Atlanta,2026-07-15,online,completed,2026-07-15 16:15
KB0002934,P-000009,KH-DAL-01,Dallas,2026-05-18,phone,completed,2026-05-18 18:46
KB0005247,P-005591,KH-ATL-01,Atlanta,2026-06-23,phone,completed,2026-06-23 08:50
KB0007248,P-005818,KH-PHI-01,Philadelphia,2026-07-24,at-home,completed,2026-07-24 10:23
KB0006839,P-005209,KH-ATL-01,Atlanta,2026-07-18,at-home,completed,2026-07-18 18:25
KB0010098,P-002176,KH-PHX-01,Phoenix,2026-09-07,online,completed,2026-09-07 12:48
KB0009199,P-004119,KH-CHI-01,Chicago,2026-08-24,at-home,completed,2026-08-24 11:51
KB0007363,P-006265,KH-PHI-03,Philadelphia,2026-07-26,online,completed,2026-07-26 10:54
KB0004454,P-001721,KH-PHX-02,Phoenix,2026-06-11,walk-in,completed,2026-06-11 15:27
KB0007343,P-002079,KH-PHX-02,Phoenix,2026-07-26,at-home,completed,2026-07-26 15:35
KB0004333,P-003109,KH-NYC-01,New York,2026-06-09,online,completed,2026-06-09 19:22
KB0002935,P-000692,KH-DAL-03,Dallas,2026-05-18,phone,cancelled,2026-05-18 10:27
KB0008534,P-001751,KH-PHX-02,Phoenix,2026-08-14,walk-in,completed,2026-08-14 08:48
KB0008370,P-005123,KH-ATL-02,Atlanta,2026-08-11,walk-in,cancelled,2026-08-11 19:04
KB0003161,P-004882,KH-CHI-01,Chicago,2026-05-21,online,completed,2026-05-21 12:50
KB0000521,P-005049,KH-ATL-02,Atlanta,2026-04-08,online,completed,2026-04-08 17:52
KB0007387,P-001351,KH-PHX-01,Phoenix,2026-07-27,walk-in,completed,2026-07-27 14:30
KB0003466,P-005422,KH-ATL-01,Atlanta,2026-05-26,online,completed,2026-05-26 17:50
KB0000941,P-004813,KH-CHI-03,Chicago,2026-04-15,online,completed,2026-04-15 15:01
KB0003861,P-006090,KH-PHI-02,Philadelphia,2026-06-01,walk-in,completed,2026-06-01 13:41
KB0007241,P-005277,KH-ATL-02,Atlanta,2026-07-24,walk-in,completed,2026-07-24 08:05
KB0003646,P-001301,KH-PHX-01,Phoenix,2026-05-29,online,completed,2026-05-29 16:50
KB0005525,P-002120,KH-PHX-02,Phoenix,2026-06-28,walk-in,completed,2026-06-28 15:05
KB0009031,P-004712,KH-CHI-01,Chicago,2026-08-21,at-home,completed,2026-08-21 14:04
KB0009404,P-005010,KH-ATL-01,Atlanta,2026-08-27,phone,completed,2026-08-27 17:48
KB0004705,P-002518,KH-NYC-03,New York,2026-06-15,phone,completed,2026-06-15 15:27
KB0009408,P-006181,KH-PHI-02,Philadelphia,2026-08-27,walk-in,completed,2026-08-27 08:35
KB0004175,P-004619,KH-CHI-02,Chicago,2026-06-06,walk-in,completed,2026-06-06 08:47
KB0009461,P-004571,KH-CHI-01,Chicago,2026-08-28,walk-in,completed,2026-08-28 13:08
KB0001515,P-005783,KH-PHI-02,Philadelphia,2026-04-24,walk-in,completed,2026-04-24 09:11
KB0003614,P-004985,KH-ATL-02,Atlanta,2026-05-28,online,completed,2026-05-28 15:42
KB0003458,P-004421,KH-CHI-01,Chicago,2026-05-26,online,completed,2026-05-26 08:06
KB0005265,P-001096,KH-DAL-01,Dallas,2026-06-24,online,completed,2026-06-24 11:52
KB0001618,P-006565,KH-PHI-03,Philadelphia,2026-04-26,online,completed,2026-04-26 11:44
KB0005805,P-005606,KH-ATL-02,Atlanta,2026-07-02,walk-in,completed,2026-07-02 18:25
KB0008734,P-003402,KH-NYC-03,New York,2026-08-17,walk-in,completed,2026-08-17 13:39
KB0006677,P-001748,KH-PHX-02,Phoenix,2026-07-16,walk-in,completed,2026-07-16 13:05
KB0004948,P-006548,KH-PHI-01,Philadelphia,2026-06-18,online,completed,2026-06-18 11:48
KB0002113,P-004684,KH-CHI-01,Chicago,2026-05-04,phone,completed,2026-05-04 11:21
KB0011394,P-002084,KH-PHX-03,Phoenix,2026-09-26,walk-in,completed,2026-09-26 17:32
KB0000247,P-003714,KH-NYC-01,New York,2026-04-04,at-home,completed,2026-04-04 11:07
KB0001885,P-002079,KH-PHX-02,Phoenix,2026-05-01,at-home,completed,2026-05-01 13:37
KB0004080,P-000186,KH-DAL-01,Dallas,2026-06-05,walk-in,completed,2026-06-05 19:38
KB0003460,P-004327,KH-CHI-03,Chicago,2026-05-26,at-home,completed,2026-05-26 19:57
KB0010229,P-001595,KH-PHX-03,Phoenix,2026-09-09,walk-in,completed,2026-09-09 12:21
KB0006444,P-006174,KH-PHI-02,Philadelphia,2026-07-12,walk-in,completed,2026-07-12 15:49
KB0005092,P-001034,KH-DAL-01,Dallas,2026-06-21,walk-in,completed,2026-06-21 09:13
KB0002098,P-002959,KH-NYC-01,New York,2026-05-04,walk-in,completed,2026-05-04 09:00
KB0000486,P-002253,KH-PHX-02,Phoenix,2026-04-08,walk-in,completed,2026-04-08 08:37
KB0009919,P-002504,KH-NYC-03,New York,2026-09-04,at-home,completed,2026-09-04 12:58
KB0004217,P-003310,KH-NYC-02,New York,2026-06-07,walk-in,completed,2026-06-07 10:40
KB0008585,P-001051,KH-DAL-02,Dallas,2026-08-15,at-home,completed,2026-08-15 13:10
KB0011164,P-001971,KH-PHX-02,Phoenix,2026-09-23,,completed,2026-09-23 19:27
KB0009669,P-004987,KH-ATL-03,Atlanta,2026-08-31,online,completed,2026-08-31 13:41
KB0004865,P-004352,KH-CHI-02,Chicago,2026-06-17,online,completed,2026-06-17 17:40
KB0000594,P-005968,KH-PHI-02,Philadelphia,2026-04-09,phone,completed,2026-04-09 12:45
KB0010435,P-001689,KH-PHX-01,Phoenix,2026-09-12,walk-in,completed,2026-09-12 09:31
KB0000250,P-002686,KH-NYC-03,New York,2026-04-04,walk-in,completed,2026-04-04 11:54
KB0005992,P-006097,KH-PHI-01,Philadelphia,2026-07-05,online,completed,2026-07-05 19:22
KB0000298,P-000124,KH-DAL-03,Dallas,2026-04-05,phone,completed,2026-04-05 11:13
KB0007097,P-004137,KH-CHI-01,Chicago,2026-07-22,at-home,completed,2026-07-22 10:08
KB0010242,P-003494,KH-NYC-03,New York,2026-09-09,phone,completed,2026-09-09 17:10
KB0000447,P-004033,KH-CHI-03,Chicago,2026-04-07,walk-in,completed,2026-04-07 08:19
KB0001434,P-004381,KH-CHI-02,Chicago,2026-04-23,walk-in,completed,2026-04-23 12:14
KB0007316,P-006524,KH-PHI-01,Philadelphia,2026-07-25,walk-in,completed,2026-07-25 15:47
KB0001464,P-000472,KH-DAL-01,Dallas,2026-04-24,online,completed,2026-04-24 14:59
KB0011367,P-000825,KH-DAL-02,Dallas,2026-09-26,online,completed,2026-09-26 19:27
KB0006571,P-005390,KH-ATL-03,Atlanta,2026-07-14,at-home,completed,2026-07-14 10:46
KB0001945,P-002009,KH-PHX-03,Phoenix,2026-05-02,online,cancelled,2026-05-02 19:40
KB0008434,P-005738,KH-ATL-01,Atlanta,2026-08-12,phone,completed,2026-08-12 18:35
KB0001551,P-003664,KH-NYC-03,New York,2026-04-25,walk-in,completed,2026-04-25 19:42
KB0009728,P-005090,KH-ATL-02,Atlanta,2026-09-01,at-home,completed,2026-09-01 15:35
KB0002451,P-001148,KH-DAL-01,Dallas,2026-05-10,online,completed,2026-05-10 12:19
KB0002943,P-001231,KH-DAL-03,Dallas,2026-05-18,phone,completed,2026-05-18 12:18
KB0006824,P-002024,KH-PHX-02,Phoenix,2026-07-18,walk-in,completed,2026-07-18 08:59
KB0004172,P-004341,KH-CHI-03,Chicago,2026-06-06,at-home,completed,2026-06-06 15:52
KB0009236,P-001498,KH-PHX-01,Phoenix,2026-08-25,at-home,completed,2026-08-25 16:57
KB0007747,P-000645,KH-DAL-01,Dallas,2026-08-02,online,completed,2026-08-02 15:10
KB0001063,P-002155,KH-PHX-02,Phoenix,2026-04-17,walk-in,completed,2026-04-17 13:18
KB0004095,P-002588,KH-NYC-01,New York,2026-06-05,phone,completed,2026-06-05 12:38
KB0008562,P-005712,KH-ATL-02,Atlanta,2026-08-14,at-home,completed,2026-08-14 13:58
KB0000372,P-003901,KH-NYC-01,New York,2026-04-06,online,completed,2026-04-06 08:03
KB0006335,P-006454,KH-PHI-02,Philadelphia,2026-07-10,walk-in,completed,2026-07-10 18:43
KB0005609,P-004009,KH-CHI-01,Chicago,2026-06-29,walk-in,completed,2026-06-29 19:24
KB0000912,P-000164,KH-DAL-02,Dallas,2026-04-15,at-home,completed,2026-04-15 17:14
KB0010333,P-006424,KH-PHI-01,Philadelphia,2026-09-10,walk-in,completed,2026-09-10 18:27
KB0004357,P-005436,KH-ATL-03,Atlanta,2026-06-09,online,completed,2026-06-09 16:22
KB0000409,P-000569,KH-DAL-03,Dallas,2026-04-07,walk-in,completed,2026-04-07 17:00
KB0000764,P-005006,KH-ATL-01,Atlanta,2026-04-12,walk-in,completed,2026-04-12 13:46
KB0002691,P-000218,KH-DAL-03,Dallas,2026-05-14,phone,completed,2026-05-14 17:38
KB0000210,P-005395,KH-ATL-02,Atlanta,2026-04-03,online,completed,2026-04-03 13:14
KB0006805,P-000433,KH-DAL-02,Dallas,2026-07-18,phone,completed,2026-07-18 18:30
KB0003996,P-006138,KH-PHI-03,Philadelphia,2026-06-03,at-home,completed,2026-06-03 19:39
KB0000896,P-006596,KH-PHI-01,Philadelphia,2026-04-14,walk-in,completed,2026-04-14 10:17
KB0006401,P-005976,KH-PHI-01,Philadelphia,2026-07-11,online,completed,2026-07-11 08:56
KB0010223,P-002084,KH-PHX-02,Phoenix,2026-09-09,online,completed,2026-09-09 10:21
KB0005861,P-003157,KH-NYC-02,New York,2026-07-03,phone,completed,2026-07-03 15:11
KB0007046,P-006104,KH-PHI-03,Philadelphia,2026-07-21,walk-in,completed,2026-07-21 18:30
KB0010959,P-002420,KH-PHX-01,Phoenix,2026-09-20,walk-in,completed,2026-09-20 13:02
KB0005749,P-005350,KH-ATL-01,Atlanta,2026-07-01,walk-in,completed,2026-07-01 15:17
KB0000963,P-005847,KH-PHI-01,Philadelphia,2026-04-15,online,completed,2026-04-15 17:55
KB0005093,P-000496,KH-DAL-01,Dallas,2026-06-21,at-home,completed,2026-06-21 19:31
KB0007172,P-004299,KH-CHI-02,Chicago,2026-07-23,walk-in,completed,2026-07-23 13:26
KB0002560,P-006692,KH-PHI-03,Philadelphia,2026-05-11,online,completed,2026-05-11 16:22
KB0005786,P-002626,KH-NYC-01,New York,2026-07-02,walk-in,completed,2026-07-02 19:34
KB0004530,P-002236,KH-PHX-02,Phoenix,2026-06-12,online,cancelled,2026-06-12 08:01
KB0008861,P-001614,KH-PHX-01,Phoenix,2026-08-19,phone,completed,2026-08-19 08:13
KB0003478,P-006089,KH-PHI-01,Philadelphia,2026-05-26,walk-in,completed,2026-05-26 08:55
KB0002753,P-000561,KH-DAL-02,Dallas,2026-05-15,walk-in,completed,2026-05-15 18:13
KB0001444,P-005300,KH-ATL-02,Atlanta,2026-04-23,phone,completed,2026-04-23 18:03
KB0003472,P-005018,KH-ATL-01,Atlanta,2026-05-26,walk-in,completed,2026-05-26 11:47
KB0004714,P-003662,KH-NYC-02,New York,2026-06-15,online,completed,2026-06-15 16:29
KB0004194,P-000376,KH-DAL-01,Dallas,2026-06-07,online,completed,2026-06-07 19:11
KB0004432,P-006322,KH-PHI-03,Philadelphia,2026-06-10,online,completed,2026-06-10 15:29
KB0001181,P-002122,KH-PHX-03,Phoenix,2026-04-19,walk-in,completed,2026-04-19 10:16
KB0000709,P-004196,KH-CHI-03,Chicago,2026-04-11,online,completed,2026-04-11 11:47
KB0011198,P-005733,KH-ATL-01,Atlanta,2026-09-23,online,completed,2026-09-23 16:14
KB0005248,P-005019,KH-ATL-02,Atlanta,2026-06-23,at-home,completed,2026-06-23 10:47
KB0005266,P-000521,KH-DAL-03,Dallas,2026-06-24,online,completed,2026-06-24 12:58
KB0006829,P-002983,KH-NYC-03,New York,2026-07-18,walk-in,completed,2026-07-18 13:59
KB0006466,P-002316,KH-PHX-01,Phoenix,2026-07-13,phone,completed,2026-07-13 14:12
KB0002954,P-002351,KH-PHX-02,Phoenix,2026-05-18,phone,completed,2026-05-18 11:22
KB0005482,P-003515,KH-NYC-02,New York,2026-06-27,online,completed,2026-06-27 09:31
KB0008474,P-002863,KH-NYC-03,New York,2026-08-13,walk-in,completed,2026-08-13 09:09
KB0003945,P-000733,KH-DAL-01,Dallas,2026-06-03,online,completed,2026-06-03 10:20
KB0000178,P-002036,KH-PHX-02,Phoenix,2026-04-03,online,completed,2026-04-03 19:44
KB0003876,P-000812,KH-DAL-01,Dallas,2026-06-02,walk-in,completed,2026-06-02 13:00
KB0002584,P-002196,KH-PHX-01,Phoenix,2026-05-12,online,completed,2026-05-12 11:12
KB0002764,P-000778,KH-DAL-02,Dallas,2026-05-15,walk-in,completed,2026-05-15 12:37
KB0003644,P-001549,KH-PHX-02,Phoenix,2026-05-29,walk-in,completed,2026-05-29 12:12
KB0006189,P-005062,KH-ATL-02,Atlanta,2026-07-08,walk-in,completed,2026-07-08 18:52
KB0007358,P-005761,KH-PHI-02,Philadelphia,2026-07-26,at-home,completed,2026-07-26 12:14
KB0009558,P-000343,KH-DAL-02,Dallas,2026-08-30,,completed,2026-08-30 16:03
KB0000368,P-002315,KH-PHX-02,Phoenix,2026-04-06,online,completed,2026-04-06 12:42
KB0001306,P-003901,KH-NYC-02,New York,2026-04-21,walk-in,completed,2026-04-21 17:45
KB0003022,P-001424,KH-PHX-03,Phoenix,2026-05-19,phone,completed,2026-05-19 15:34
KB0003469,P-005216,KH-ATL-03,Atlanta,2026-05-26,at-home,completed,2026-05-26 17:13
KB0000592,P-005948,KH-PHI-02,Philadelphia,2026-04-09,online,completed,2026-04-09 14:07
KB0005208,P-000523,KH-DAL-01,Dallas,2026-06-23,phone,completed,2026-06-23 11:04
KB0006237,P-002459,KH-NYC-01,New York,2026-07-09,online,completed,2026-07-09 08:27
KB0010801,P-000276,KH-DAL-01,Dallas,2026-09-18,walk-in,completed,2026-09-18 14:40
KB0007766,P-001476,KH-PHX-03,Phoenix,2026-08-02,phone,completed,2026-08-02 10:21
KB0006408,P-000397,KH-DAL-03,Dallas,2026-07-12,online,completed,2026-07-12 16:25
KB0008566,P-005216,KH-ATL-02,Atlanta,2026-08-14,phone,completed,2026-08-14 17:32
KB0006350,P-000909,KH-DAL-02,Dallas,2026-07-11,walk-in,completed,2026-07-11 10:42
KB0006395,P-005502,KH-ATL-02,Atlanta,2026-07-11,walk-in,completed,2026-07-11 14:58
KB0008909,P-000769,KH-DAL-03,Dallas,2026-08-20,at-home,completed,2026-08-20 13:01
KB0004830,P-000315,KH-DAL-02,Dallas,2026-06-17,walk-in,completed,2026-06-17 17:03
KB0011454,P-002110,KH-PHX-03,Phoenix,2026-09-27,at-home,completed,2026-09-27 16:14
KB0011140,P-000006,KH-DAL-03,Dallas,2026-09-23,walk-in,completed,2026-09-23 14:45
KB0004917,P-002471,KH-NYC-03,New York,2026-06-18,walk-in,completed,2026-06-18 16:04
KB0005369,P-004327,KH-CHI-03,Chicago,2026-06-25,walk-in,completed,2026-06-25 12:20
KB0006733,P-001609,KH-PHX-01,Phoenix,2026-07-17,phone,completed,2026-07-17 10:41
KB0005144,P-000472,KH-DAL-02,Dallas,2026-06-22,online,completed,2026-06-22 14:19
KB0003485,P-000913,KH-DAL-03,Dallas,2026-05-27,walk-in,completed,2026-05-27 09:57
KB0008812,P-004342,KH-CHI-02,Chicago,2026-08-18,online,completed,2026-08-18 12:00
KB0007684,P-000074,KH-DAL-02,Dallas,2026-08-01,at-home,completed,2026-08-01 15:49
KB0006978,P-006157,KH-PHI-02,Philadelphia,2026-07-20,walk-in,completed,2026-07-20 16:08
KB0004509,P-000841,KH-DAL-02,Dallas,2026-06-12,phone,completed,2026-06-12 10:34
KB0009445,P-003351,KH-NYC-03,New York,2026-08-28,walk-in,completed,2026-08-28 11:05
KB0005011,P-006651,KH-PHI-01,Philadelphia,2026-06-19,walk-in,completed,2026-06-19 14:28
KB0010342,P-000355,KH-DAL-01,Dallas,2026-09-11,walk-in,completed,2026-09-11 11:08
KB0003040,P-004558,KH-CHI-01,Chicago,2026-05-19,online,completed,2026-05-19 17:10
KB0005071,P-005598,KH-ATL-02,Atlanta,2026-06-20,phone,completed,2026-06-20 11:44
KB0006126,P-005467,KH-ATL-03,Atlanta,2026-07-07,online,completed,2026-07-07 12:15
KB0002583,P-002127,KH-PHX-01,Phoenix,2026-05-12,walk-in,completed,2026-05-12 08:44
KB0010300,P-003138,KH-NYC-03,New York,2026-09-10,phone,completed,2026-09-10 12:25
KB0010519,P-005692,KH-ATL-01,Atlanta,2026-09-13,at-home,completed,2026-09-13 15:12
KB0011607,P-004957,KH-ATL-01,Atlanta,2026-09-29,walk-in,completed,2026-09-29 16:10
KB0003729,P-004448,KH-CHI-02,Chicago,2026-05-30,walk-in,completed,2026-05-30 18:08
KB0006416,P-001667,KH-PHX-03,Phoenix,2026-07-12,walk-in,completed,2026-07-12 09:06
KB0009683,P-000465,KH-DAL-02,Dallas,2026-09-01,walk-in,completed,2026-09-01 10:56
KB0006320,P-004510,KH-CHI-01,Chicago,2026-07-10,at-home,completed,2026-07-10 13:36
KB0007523,P-003196,KH-NYC-03,New York,2026-07-29,walk-in,completed,2026-07-29 19:20
KB0008272,P-001288,KH-PHX-01,Phoenix,2026-08-10,walk-in,completed,2026-08-10 18:36
KB0001610,P-005341,KH-ATL-03,Atlanta,2026-04-26,phone,completed,2026-04-26 16:16
KB0003395,P-004052,KH-CHI-01,Chicago,2026-05-25,walk-in,completed,2026-05-25 09:45
KB0005797,P-004006,KH-CHI-02,Chicago,2026-07-02,walk-in,completed,2026-07-02 21:45
KB0003986,P-004877,KH-CHI-02,Chicago,2026-06-03,walk-in,completed,2026-06-03 16:11
KB0001616,P-006511,KH-PHI-02,Philadelphia,2026-04-26,phone,completed,2026-04-26 12:43
KB0001761,P-002316,KH-PHX-02,Phoenix,2026-04-29,walk-in,completed,2026-04-29 15:25
KB0000219,P-006655,KH-PHI-01,Philadelphia,2026-04-03,online,completed,2026-04-03 18:17
KB0006633,P-004339,KH-CHI-01,Chicago,2026-07-15,online,completed,2026-07-15 09:48
KB0010423,P-000436,KH-DAL-03,Dallas,2026-09-12,online,completed,2026-09-12 14:51
KB0001763,P-002308,KH-PHX-01,Phoenix,2026-04-29,walk-in,completed,2026-04-29 18:08
KB0000569,P-003899,KH-NYC-02,New York,2026-04-09,walk-in,completed,2026-04-09 15:54
KB0004071,P-001089,KH-DAL-02,Dallas,2026-06-05,phone,completed,2026-06-05 14:19
KB0002927,P-005903,KH-PHI-02,Philadelphia,2026-05-17,at-home,completed,2026-05-17 08:14
KB0002129,P-006412,KH-PHI-01,Philadelphia,2026-05-04,walk-in,completed,2026-05-04 18:23
KB0010164,P-001656,KH-PHX-03,Phoenix,2026-09-08,online,completed,2026-09-08 14:25
KB0007604,P-005692,KH-ATL-02,Atlanta,2026-07-30,at-home,completed,2026-07-30 10:30
KB0009216,P-006519,KH-PHI-03,Philadelphia,2026-08-24,phone,completed,2026-08-24 13:42
KB0005802,P-004428,KH-CHI-01,Chicago,2026-07-02,walk-in,completed,2026-07-02 11:07
KB0004204,P-002008,KH-PHX-02,Phoenix,2026-06-07,walk-in,completed,2026-06-07 18:14
KB0000025,P-001357,KH-PHX-03,Phoenix,2026-04-01,phone,completed,2026-04-01 11:04
KB0009497,P-000418,KH-DAL-01,Dallas,2026-08-29,phone,completed,2026-08-29 15:56
KB0001420,P-002634,KH-NYC-03,New York,2026-04-23,walk-in,completed,2026-04-23 14:58
KB0009255,P-002655,KH-NYC-03,New York,2026-08-25,phone,cancelled,2026-08-25 15:28
KB0010640,P-004334,KH-CHI-02,Chicago,2026-09-15,walk-in,completed,2026-09-15 12:19
KB0005892,P-005764,KH-PHI-02,Philadelphia,2026-07-03,phone,completed,2026-07-03 12:37
KB0010897,P-002270,KH-PHX-01,Phoenix,2026-09-19,walk-in,completed,2026-09-19 12:56
KB0005698,P-001094,KH-DAL-01,Dallas,2026-07-01,walk-in,cancelled,2026-07-01 11:03
KB0004961,P-000418,KH-DAL-01,Dallas,2026-06-19,walk-in,completed,2026-06-19 18:54
KB0010668,P-001178,KH-DAL-01,Dallas,2026-09-16,walk-in,completed,2026-09-16 17:20
KB0000527,P-006327,KH-PHI-02,Philadelphia,2026-04-08,walk-in,completed,2026-04-08 14:34
KB0011595,P-003231,KH-NYC-02,New York,2026-09-29,walk-in,completed,2026-09-29 19:47
KB0008549,P-002999,KH-NYC-02,New York,2026-08-14,walk-in,completed,2026-08-14 11:03
KB0007581,P-001340,KH-PHX-03,Phoenix,2026-07-30,walk-in,completed,2026-07-30 09:46
KB0011418,P-005620,KH-ATL-02,Atlanta,2026-09-26,phone,completed,2026-09-26 10:02
KB0008467,P-002090,KH-PHX-03,Phoenix,2026-08-13,phone,completed,2026-08-13 08:02
KB0010089,P-001582,KH-PHX-02,Phoenix,2026-09-07,phone,completed,2026-09-07 08:21
KB0005927,P-003618,KH-NYC-01,New York,2026-07-04,,completed,2026-07-04 14:49
KB0006503,P-005518,KH-ATL-01,Atlanta,2026-07-13,walk-in,completed,2026-07-13 17:06
KB0005473,P-002437,KH-PHX-02,Phoenix,2026-06-27,online,completed,2026-06-27 19:25
KB0001239,P-003389,KH-NYC-02,New York,2026-04-20,walk-in,completed,2026-04-20 18:36
KB0006894,P-004857,KH-CHI-02,Chicago,2026-07-19,walk-in,cancelled,2026-07-19 13:03
KB0010117,P-004591,KH-CHI-03,Chicago,2026-09-07,,completed,2026-09-07 10:48
KB0001376,P-003965,KH-CHI-01,Chicago,2026-04-22,online,completed,2026-04-22 11:21
KB0005000,P-005262,KH-ATL-02,Atlanta,2026-06-19,walk-in,completed,2026-06-19 17:04
KB0011479,P-005263,KH-ATL-02,Atlanta,2026-09-27,walk-in,completed,2026-09-27 17:30
KB0004208,P-002084,KH-PHX-02,Phoenix,2026-06-07,walk-in,completed,2026-06-07 13:44
KB0003999,P-005813,KH-PHI-01,Philadelphia,2026-06-03,at-home,completed,2026-06-03 09:32
KB0001473,P-001850,KH-PHX-01,Phoenix,2026-04-24,walk-in,completed,2026-04-24 14:17
KB0007396,P-003066,KH-NYC-02,New York,2026-07-27,walk-in,completed,2026-07-27 18:24
KB0010638,P-004208,KH-CHI-02,Chicago,2026-09-15,at-home,completed,2026-09-15 14:47
KB0004099,P-002650,KH-NYC-02,New York,2026-06-05,at-home,completed,2026-06-05 13:31
KB0002082,P-001387,KH-PHX-02,Phoenix,2026-05-04,phone,completed,2026-05-04 15:45
KB0009117,P-000236,KH-DAL-03,Dallas,2026-08-23,walk-in,completed,2026-08-23 15:31
KB0008352,P-003353,KH-NYC-02,New York,2026-08-11,walk-in,completed,2026-08-11 10:28
KB0009154,P-000223,KH-DAL-02,Dallas,2026-08-24,online,completed,2026-08-24 19:24
KB0006321,P-005508,KH-ATL-01,Atlanta,2026-07-10,online,completed,2026-07-10 10:46
KB0007289,P-002716,KH-NYC-01,New York,2026-07-25,at-home,completed,2026-07-25 18:18
KB0011434,P-000435,KH-DAL-01,Dallas,2026-09-27,at-home,completed,2026-09-27 08:57
KB0007202,P-001062,KH-DAL-02,Dallas,2026-07-24,online,completed,2026-07-24 11:24
KB0009799,P-006322,KH-PHI-01,Philadelphia,2026-09-02,at-home,completed,2026-09-02 11:51
KB0001944,P-001603,KH-PHX-01,Phoenix,2026-05-02,online,completed,2026-05-02 15:48
KB0011024,P-002289,KH-PHX-03,Phoenix,2026-09-21,online,completed,2026-09-21 12:46
KB0004202,P-000172,KH-DAL-03,Dallas,2026-06-07,online,completed,2026-06-07 18:29
KB0002493,P-006088,KH-PHI-03,Philadelphia,2026-05-10,online,completed,2026-05-10 12:44
KB0003172,P-005952,KH-PHI-03,Philadelphia,2026-05-21,phone,completed,2026-05-21 14:28
KB0007032,P-005440,KH-ATL-02,Atlanta,2026-07-21,walk-in,completed,2026-07-21 11:55
KB0005536,P-002967,KH-NYC-02,New York,2026-06-28,walk-in,completed,2026-06-28 11:36
KB0000655,P-005752,KH-PHI-01,Philadelphia,2026-04-10,walk-in,completed,2026-04-10 14:36
KB0006224,P-001482,KH-PHX-03,Phoenix,2026-07-09,walk-in,completed,2026-07-09 08:04
KB0002332,P-001980,KH-PHX-02,Phoenix,2026-05-08,phone,completed,2026-05-08 08:22
KB0002909,P-003741,KH-NYC-01,New York,2026-05-17,walk-in,completed,2026-05-17 16:15
KB0006281,P-001094,KH-DAL-02,Dallas,2026-07-10,walk-in,completed,2026-07-10 17:52
KB0008222,P-003235,KH-NYC-01,New York,2026-08-09,online,completed,2026-08-09 13:27
KB0009016,P-001697,KH-PHX-01,Phoenix,2026-08-21,walk-in,completed,2026-08-21 18:34
KB0008860,P-001359,KH-PHX-03,Phoenix,2026-08-19,at-home,completed,2026-08-19 16:11
KB0009417,P-000676,KH-DAL-02,Dallas,2026-08-28,walk-in,completed,2026-08-28 10:17
KB0008608,P-001863,KH-PHX-01,Phoenix,2026-08-15,online,completed,2026-08-15 16:37
KB0001636,P-001315,KH-PHX-02,Phoenix,2026-04-27,online,completed,2026-04-27 11:17
KB0009156,P-000803,KH-DAL-02,Dallas,2026-08-24,walk-in,completed,2026-08-24 14:39
KB0009430,P-001580,KH-PHX-02,Phoenix,2026-08-28,at-home,completed,2026-08-28 15:22
KB0011408,P-003459,KH-NYC-03,New York,2026-09-26,online,completed,2026-09-26 18:38
KB0002228,P-003801,KH-NYC-02,New York,2026-05-06,online,completed,2026-05-06 14:47
KB0002648,P-002779,KH-NYC-02,New York,2026-05-13,phone,completed,2026-05-13 11:48
KB0005865,P-004323,KH-CHI-03,Chicago,2026-07-03,walk-in,completed,2026-07-03 08:23
KB0009147,P-005250,KH-ATL-02,Atlanta,2026-08-23,at-home,completed,2026-08-23 14:09
KB0007557,P-000384,KH-DAL-03,Dallas,2026-07-30,online,completed,2026-07-30 08:24
KB0004942,P-005897,KH-PHI-02,Philadelphia,2026-06-18,online,completed,2026-06-18 08:25
KB0008289,P-004545,KH-CHI-03,Chicago,2026-08-10,walk-in,completed,2026-08-10 16:36
KB0005932,P-003776,KH-NYC-03,New York,2026-07-04,online,completed,2026-07-04 17:32
KB0002744,P-005855,KH-PHI-02,Philadelphia,2026-05-14,walk-in,completed,2026-05-14 14:26
KB0009869,P-006314,KH-PHI-03,Philadelphia,2026-09-03,phone,completed,2026-09-03 16:14
KB0005521,P-001006,KH-DAL-03,Dallas,2026-06-28,online,completed,2026-06-28 11:34
KB0001745,P-000423,KH-DAL-02,Dallas,2026-04-29,walk-in,completed,2026-04-29 16:32
KB0000915,P-000073,KH-DAL-01,Dallas,2026-04-15,walk-in,completed,2026-04-15 13:46
KB0009492,P-000255,KH-DAL-01,Dallas,2026-08-29,walk-in,completed,2026-08-29 17:25
KB0006499,P-005401,KH-ATL-02,Atlanta,2026-07-13,phone,completed,2026-07-13 13:28
KB0008205,P-001341,KH-PHX-03,Phoenix,2026-08-09,at-home,completed,2026-08-09 12:21
KB0001296,P-001565,KH-PHX-01,Phoenix,2026-04-21,walk-in,completed,2026-04-21 19:27
KB0010817,P-002189,KH-PHX-03,Phoenix,2026-09-18,online,completed,2026-09-18 15:00
KB0008005,P-000354,KH-DAL-01,Dallas,2026-08-06,walk-in,completed,2026-08-06 15:29
KB0003241,P-000671,KH-DAL-03,Dallas,2026-05-23,walk-in,completed,2026-05-23 12:17
KB0011572,P-001406,KH-PHX-01,Phoenix,2026-09-29,online,completed,2026-09-29 12:11
KB0006953,P-003650,KH-NYC-03,New York,2026-07-20,phone,completed,2026-07-20 16:18
KB0001345,P-000602,KH-DAL-02,Dallas,2026-04-22,online,completed,2026-04-22 15:52
KB0003374,P-002184,KH-PHX-03,Phoenix,2026-05-25,online,completed,2026-05-25 11:11
KB0008678,P-004258,KH-CHI-03,Chicago,2026-08-16,online,completed,2026-08-16 15:44
KB0006293,P-001336,KH-PHX-03,Phoenix,2026-07-10,walk-in,completed,2026-07-10 13:32
KB0001011,P-004262,KH-CHI-01,Chicago,2026-04-16,phone,completed,2026-04-16 16:07
KB0004288,P-004313,KH-CHI-01,Chicago,2026-06-08,phone,completed,2026-06-08 19:29
KB0007931,P-005978,KH-PHI-01,Philadelphia,2026-08-04,at-home,completed,2026-08-04 09:11
KB0002701,P-001884,KH-PHX-02,Phoenix,2026-05-14,phone,completed,2026-05-14 19:37
KB0008527,P-001996,KH-PHX-03,Phoenix,2026-08-14,online,completed,2026-08-14 13:34
KB0002946,P-001129,KH-DAL-02,Dallas,2026-05-18,online,completed,2026-05-18 12:55
KB0010487,P-001245,KH-DAL-03,Dallas,2026-09-13,online,completed,2026-09-13 08:47
KB0007451,P-001412,KH-PHX-02,Phoenix,2026-07-28,online,completed,2026-07-28 10:56
KB0005321,P-000572,KH-DAL-03,Dallas,2026-06-25,walk-in,completed,2026-06-25 19:00
KB0009647,P-003145,KH-NYC-03,New York,2026-08-31,walk-in,completed,2026-08-31 19:35
KB0005937,P-004365,KH-CHI-03,Chicago,2026-07-04,walk-in,completed,2026-07-04 17:13
KB0011641,P-001191,KH-DAL-03,Dallas,2026-09-30,,completed,2026-09-30 11:14
KB0008478,P-003314,KH-NYC-02,New York,2026-08-13,walk-in,completed,2026-08-13 16:40
KB0009160,P-000895,KH-DAL-02,Dallas,2026-08-24,walk-in,completed,2026-08-24 14:59
KB0003116,P-006594,KH-PHI-02,Philadelphia,2026-05-20,walk-in,completed,2026-05-20 19:25
KB0001600,P-003494,KH-NYC-02,New York,2026-04-26,at-home,completed,2026-04-26 16:36
KB0002521,P-001402,KH-PHX-03,Phoenix,2026-05-11,walk-in,completed,2026-05-11 13:56
KB0006138,P-001170,KH-DAL-01,Dallas,2026-07-08,walk-in,completed,2026-07-08 14:58
KB0006338,P-001187,KH-DAL-02,Dallas,2026-07-11,at-home,completed,2026-07-11 16:45
KB0000071,P-000986,KH-DAL-01,Dallas,2026-04-02,walk-in,completed,2026-04-02 10:19
KB0005466,P-002121,KH-PHX-02,Phoenix,2026-06-27,phone,completed,2026-06-27 13:50
KB0000883,P-005395,KH-ATL-01,Atlanta,2026-04-14,online,completed,2026-04-14 11:42
KB0007031,P-004533,KH-CHI-03,Chicago,2026-07-21,at-home,completed,2026-07-21 18:44
KB0006973,P-006384,KH-PHI-03,Philadelphia,2026-07-20,online,completed,2026-07-20 15:01
KB0001730,P-005090,KH-ATL-02,Atlanta,2026-04-28,walk-in,completed,2026-04-28 14:10
KB0009434,P-001621,KH-PHX-02,Phoenix,2026-08-28,at-home,completed,2026-08-28 09:44
KB0008852,P-000581,KH-DAL-02,Dallas,2026-08-19,walk-in,completed,2026-08-19 16:13
KB0007115,P-006683,KH-PHI-03,Philadelphia,2026-07-22,phone,completed,2026-07-22 09:05
KB0007119,P-000366,KH-DAL-01,Dallas,2026-07-23,at-home,completed,2026-07-23 12:18
KB0009481,P-005865,KH-PHI-03,Philadelphia,2026-08-28,at-home,completed,2026-08-28 12:37
KB0011096,P-001395,KH-PHX-01,Phoenix,2026-09-22,online,completed,2026-09-22 10:48
KB0002288,P-003533,KH-NYC-03,New York,2026-05-07,walk-in,completed,2026-05-07 17:26
KB0006830,P-002902,KH-NYC-01,New York,2026-07-18,at-home,completed,2026-07-18 14:24
KB0003388,P-002606,KH-NYC-01,New York,2026-05-25,online,completed,2026-05-25 17:12
KB0008144,P-000090,KH-DAL-03,Dallas,2026-08-08,walk-in,completed,2026-08-08 18:11
KB0011530,P-005588,KH-ATL-01,Atlanta,2026-09-28,walk-in,completed,2026-09-28 18:16
KB0010138,P-006382,KH-PHI-03,Philadelphia,2026-09-07,walk-in,completed,2026-09-07 16:25
KB0010660,P-000307,KH-DAL-02,Dallas,2026-09-16,online,completed,2026-09-16 19:20
KB0008430,P-005632,KH-ATL-02,Atlanta,2026-08-12,online,completed,2026-08-12 14:06
KB0003064,P-000154,KH-DAL-02,Dallas,2026-05-20,at-home,completed,2026-05-20 15:24
KB0009304,P-001985,KH-PHX-03,Phoenix,2026-08-26,online,completed,2026-08-26 16:11
KB0006116,P-004941,KH-CHI-01,Chicago,2026-07-07,walk-in,completed,2026-07-07 08:46
KB0008009,P-002270,KH-PHX-03,Phoenix,2026-08-06,walk-in,completed,2026-08-06 13:08
KB0001708,P-001997,KH-PHX-03,Phoenix,2026-04-28,phone,completed,2026-04-28 17:52
KB0000658,P-006025,KH-PHI-02,Philadelphia,2026-04-10,walk-in,completed,2026-04-10 13:23
KB0001480,P-001649,KH-PHX-02,Phoenix,2026-04-24,walk-in,completed,2026-04-24 16:40
KB0007021,P-004877,KH-CHI-03,Chicago,2026-07-21,online,completed,2026-07-21 19:16
KB0009026,P-004252,KH-CHI-03,Chicago,2026-08-21,online,completed,2026-08-21 16:41
KB0010960,P-002349,KH-PHX-01,Phoenix,2026-09-20,phone,completed,2026-09-20 17:01
KB0004038,P-003045,KH-NYC-01,New York,2026-06-04,online,completed,2026-06-04 17:38
KB0000192,P-003789,KH-NYC-02,New York,2026-04-03,walk-in,completed,2026-04-03 12:07
KB0003757,P-000695,KH-DAL-01,Dallas,2026-05-31,online,completed,2026-05-31 14:35
KB0005033,P-000231,KH-DAL-01,Dallas,2026-06-20,walk-in,completed,2026-06-20 12:14
KB0000141,P-005867,KH-PHI-01,Philadelphia,2026-04-02,at-home,completed,2026-04-02 18:13
KB0007928,P-005400,KH-ATL-02,Atlanta,2026-08-04,walk-in,completed,2026-08-04 17:29
KB0009300,P-001701,KH-PHX-01,Phoenix,2026-08-26,walk-in,completed,2026-08-26 12:29
KB0008638,P-005005,KH-ATL-02,Atlanta,2026-08-15,walk-in,completed,2026-08-15 18:40
KB0003385,P-003041,KH-NYC-03,New York,2026-05-25,online,completed,2026-05-25 12:29
KB0006905,P-006182,KH-PHI-01,Philadelphia,2026-07-19,phone,completed,2026-07-19 19:42
KB0010906,P-002456,KH-NYC-03,New York,2026-09-19,phone,completed,2026-09-19 15:18
KB0001550,P-003789,KH-NYC-01,New York,2026-04-25,online,completed,2026-04-25 16:58
KB0003575,P-001314,KH-PHX-03,Phoenix,2026-05-28,online,completed,2026-05-28 16:36
KB0011496,P-001794,KH-PHX-01,Phoenix,2026-09-28,phone,completed,2026-09-28 15:22
KB0003339,P-004656,KH-CHI-03,Chicago,2026-05-24,phone,completed,2026-05-24 16:36
KB0010553,P-002117,KH-PHX-01,Phoenix,2026-09-14,walk-in,completed,2026-09-14 08:24
KB0006417,P-001680,KH-PHX-01,Phoenix,2026-07-12,online,completed,2026-07-12 09:45
KB0005337,P-001595,KH-PHX-01,Phoenix,2026-06-25,walk-in,completed,2026-06-25 11:03
KB0009303,P-001566,KH-PHX-01,Phoenix,2026-08-26,walk-in,completed,2026-08-26 14:58
KB0005500,P-005727,KH-ATL-02,Atlanta,2026-06-27,phone,completed,2026-06-27 10:01
KB0000585,P-005467,KH-ATL-02,Atlanta,2026-04-09,walk-in,completed,2026-04-09 16:23
KB0004925,P-004589,KH-CHI-01,Chicago,2026-06-18,online,completed,2026-06-18 11:56
KB0005100,P-001789,KH-PHX-03,Phoenix,2026-06-21,walk-in,completed,2026-06-21 08:11
KB0007691,P-000769,KH-DAL-01,Dallas,2026-08-01,walk-in,completed,2026-08-01 12:21
KB0007497,P-000666,KH-DAL-01,Dallas,2026-07-29,walk-in,completed,2026-07-29 15:02
KB0009488,P-000626,KH-DAL-02,Dallas,2026-08-29,walk-in,completed,2026-08-29 15:04
KB0010319,P-004453,KH-CHI-03,Chicago,2026-09-10,at-home,completed,2026-09-10 15:34
KB0000511,P-004172,KH-CHI-01,Chicago,2026-04-08,walk-in,completed,2026-04-08 16:53
KB0005514,P-000433,KH-DAL-01,Dallas,2026-06-28,online,completed,2026-06-28 10:37
KB0005928,P-002588,KH-NYC-03,New York,2026-07-04,online,completed,2026-07-04 18:15
KB0007571,P-001838,KH-PHX-02,Phoenix,2026-07-30,walk-in,completed,2026-07-30 21:45
KB0008669,P-003900,KH-NYC-02,New York,2026-08-16,online,completed,2026-08-16 10:30
KB0004751,P-000255,KH-DAL-02,Dallas,2026-06-16,walk-in,completed,2026-06-16 14:27
KB0002524,P-002072,KH-PHX-01,Phoenix,2026-05-11,walk-in,completed,2026-05-11 09:04
KB0010733,P-000227,KH-DAL-01,Dallas,2026-09-17,phone,completed,2026-09-17 08:30
KB0007905,P-003226,KH-NYC-01,New York,2026-08-04,at-home,completed,2026-08-04 18:33
KB0009594,P-005098,KH-ATL-02,Atlanta,2026-08-30,online,completed,2026-08-30 11:21
KB0001253,P-004242,KH-CHI-02,Chicago,2026-04-20,phone,completed,2026-04-20 11:26
KB0009820,P-000364,KH-DAL-01,Dallas,2026-09-03,at-home,completed,2026-09-03 13:27
KB0004987,P-003450,KH-NYC-02,New York,2026-06-19,online,completed,2026-06-19 10:22
KB0009623,P-001549,KH-PHX-03,Phoenix,2026-08-31,at-home,completed,2026-08-31 19:19
KB0003433,P-001955,KH-PHX-03,Phoenix,2026-05-26,walk-in,completed,2026-05-26 10:35
KB0003286,P-003979,KH-CHI-01,Chicago,2026-05-23,walk-in,completed,2026-05-23 15:09
KB0010409,P-005911,KH-PHI-01,Philadelphia,2026-09-11,walk-in,completed,2026-09-11 12:59
KB0011197,P-005593,KH-ATL-02,Atlanta,2026-09-23,online,completed,2026-09-23 08:57
KB0004897,P-000408,KH-DAL-01,Dallas,2026-06-18,at-home,completed,2026-06-18 14:24
KB0003133,P-001946,KH-PHX-03,Phoenix,2026-05-21,at-home,completed,2026-05-21 17:09
KB0007359,P-006134,KH-PHI-03,Philadelphia,2026-07-26,phone,completed,2026-07-26 15:31
KB0006698,P-004609,KH-CHI-01,Chicago,2026-07-16,phone,completed,2026-07-16 14:45
KB0008128,P-006311,KH-PHI-01,Philadelphia,2026-08-07,walk-in,completed,2026-08-07 13:31
KB0001858,P-006519,KH-PHI-02,Philadelphia,2026-04-30,walk-in,completed,2026-04-30 14:49
KB0002782,P-001961,KH-PHX-01,Phoenix,2026-05-15,phone,completed,2026-05-15 11:25
KB0002000,P-006348,KH-PHI-01,Philadelphia,2026-05-02,walk-in,completed,2026-05-02 18:07
KB0008965,P-005097,KH-ATL-01,Atlanta,2026-08-20,walk-in,completed,2026-08-20 11:33
KB0004105,P-003870,KH-NYC-03,New York,2026-06-05,walk-in,completed,2026-06-05 17:52
KB0006543,P-001482,KH-PHX-02,Phoenix,2026-07-14,online,completed,2026-07-14 17:12
KB0005252,P-005575,KH-ATL-01,Atlanta,2026-06-23,online,completed,2026-06-23 19:20
KB0008776,P-000620,KH-DAL-03,Dallas,2026-08-18,at-home,completed,2026-08-18 19:17
KB0006436,P-004048,KH-CHI-02,Chicago,2026-07-12,walk-in,completed,2026-07-12 10:32
KB0004253,P-001313,KH-PHX-01,Phoenix,2026-06-08,online,completed,2026-06-08 17:28
KB0001124,P-001635,KH-PHX-01,Phoenix,2026-04-18,at-home,completed,2026-04-18 16:28
KB0006075,P-001088,KH-DAL-03,Dallas,2026-07-07,online,completed,2026-07-07 13:22
KB0009531,P-004689,KH-CHI-03,Chicago,2026-08-29,online,completed,2026-08-29 11:14
KB0001954,P-001666,KH-PHX-03,Phoenix,2026-05-02,walk-in,completed,2026-05-02 11:54
KB0011231,P-001709,KH-PHX-03,Phoenix,2026-09-24,phone,completed,2026-09-24 15:48
KB0002514,P-002396,KH-PHX-03,Phoenix,2026-05-11,,completed,2026-05-11 10:30
KB0007412,P-005048,KH-ATL-02,Atlanta,2026-07-27,walk-in,completed,2026-07-27 13:28
KB0009924,P-002638,KH-NYC-01,New York,2026-09-04,at-home,completed,2026-09-04 14:51
KB0006278,P-000990,KH-DAL-02,Dallas,2026-07-10,walk-in,completed,2026-07-10 11:04
KB0009807,P-000842,KH-DAL-01,Dallas,2026-09-03,walk-in,completed,2026-09-03 16:56
KB0009377,P-003411,KH-NYC-02,New York,2026-08-27,phone,completed,2026-08-27 19:45
KB0002031,P-004596,KH-CHI-01,Chicago,2026-05-03,phone,completed,2026-05-03 17:11
KB0003774,P-003125,KH-NYC-02,New York,2026-05-31,walk-in,completed,2026-05-31 16:12
KB0008296,P-005387,KH-ATL-02,Atlanta,2026-08-10,online,completed,2026-08-10 12:30
KB0004674,P-005629,KH-ATL-01,Atlanta,2026-06-14,walk-in,completed,2026-06-14 09:04
KB0010860,P-005269,KH-ATL-02,Atlanta,2026-09-18,walk-in,completed,2026-09-18 10:24
KB0010434,P-001332,KH-PHX-01,Phoenix,2026-09-12,walk-in,completed,2026-09-12 14:24
KB0002678,P-006043,KH-PHI-03,Philadelphia,2026-05-13,online,completed,2026-05-13 08:13
KB0001117,P-001709,KH-PHX-03,Phoenix,2026-04-18,phone,completed,2026-04-18 08:55
KB0005502,P-006518,KH-PHI-03,Philadelphia,2026-06-27,online,completed,2026-06-27 08:25
KB0006859,P-000445,KH-DAL-02,Dallas,2026-07-19,walk-in,completed,2026-07-19 17:43
KB0010316,P-004606,KH-CHI-01,Chicago,2026-09-10,walk-in,completed,2026-09-10 17:05
KB0006443,P-005766,KH-PHI-02,Philadelphia,2026-07-12,at-home,completed,2026-07-12 15:29
KB0011690,P-005654,KH-ATL-02,Atlanta,2026-09-30,walk-in,completed,2026-09-30 10:04
KB0008178,P-006545,KH-PHI-01,Philadelphia,2026-08-08,,completed,2026-08-08 10:44
KB0003709,P-002445,KH-PHX-03,Phoenix,2026-05-30,phone,completed,2026-05-30 17:49
KB0002551,P-005747,KH-ATL-01,Atlanta,2026-05-11,online,completed,2026-05-11 17:01
KB0006596,P-001062,KH-DAL-02,Dallas,2026-07-15,walk-in,completed,2026-07-15 13:56
KB0010007,P-005216,KH-ATL-01,Atlanta,2026-09-05,online,completed,2026-09-05 08:38
KB0004537,P-002469,KH-NYC-03,New York,2026-06-12,online,completed,2026-06-12 09:11
KB0000146,P-000209,KH-DAL-02,Dallas,2026-04-03,at-home,completed,2026-04-03 15:27
KB0000919,P-001636,KH-PHX-03,Phoenix,2026-04-15,online,completed,2026-04-15 14:23
KB0005475,P-002179,KH-PHX-03,Phoenix,2026-06-27,walk-in,completed,2026-06-27 19:18
KB0008080,P-001258,KH-PHX-02,Phoenix,2026-08-07,walk-in,completed,2026-08-07 08:40
KB0010083,P-001008,KH-DAL-03,Dallas,2026-09-07,walk-in,completed,2026-09-07 17:26
KB0003968,P-003004,KH-NYC-03,New York,2026-06-03,walk-in,completed,2026-06-03 14:27
KB0004236,P-000606,KH-DAL-02,Dallas,2026-06-08,at-home,completed,2026-06-08 16:01
KB0001352,P-001864,KH-PHX-02,Phoenix,2026-04-22,phone,completed,2026-04-22 09:28
KB0006619,P-002787,KH-NYC-03,New York,2026-07-15,online,completed,2026-07-15 10:26
KB0002479,P-004861,KH-CHI-01,Chicago,2026-05-10,walk-in,completed,2026-05-10 13:20
KB0006322,P-005750,KH-ATL-02,Atlanta,2026-07-10,walk-in,completed,2026-07-10 14:38
KB0008712,P-000948,KH-DAL-01,Dallas,2026-08-17,online,completed,2026-08-17 14:34
KB0008359,P-004684,KH-CHI-03,Chicago,2026-08-11,online,completed,2026-08-11 12:27
KB0005913,P-001990,KH-PHX-03,Phoenix,2026-07-04,online,completed,2026-07-04 08:26
KB0000765,P-005542,KH-ATL-02,Atlanta,2026-04-12,walk-in,completed,2026-04-12 09:16
KB0008159,P-003572,KH-NYC-03,New York,2026-08-08,phone,completed,2026-08-08 17:06
KB0009087,P-004626,KH-CHI-03,Chicago,2026-08-22,at-home,completed,2026-08-22 10:10
KB0000820,P-005069,KH-ATL-02,Atlanta,2026-04-13,walk-in,cancelled,2026-04-13 10:41
KB0001320,P-005504,KH-ATL-01,Atlanta,2026-04-21,online,completed,2026-04-21 10:14
KB0009256,P-003844,KH-NYC-01,New York,2026-08-25,online,completed,2026-08-25 17:50
KB0002006,P-000030,KH-DAL-02,Dallas,2026-05-03,walk-in,completed,2026-05-03 16:49
KB0001993,P-005929,KH-PHI-01,Philadelphia,2026-05-02,online,completed,2026-05-02 19:27
KB0003468,P-005301,KH-ATL-02,Atlanta,2026-05-26,walk-in,completed,2026-05-26 17:23
KB0004058,P-005791,KH-PHI-01,Philadelphia,2026-06-04,walk-in,completed,2026-06-04 14:59
KB0009968,P-002159,KH-PHX-02,Phoenix,2026-09-05,walk-in,completed,2026-09-05 09:55
KB0000837,P-001058,KH-DAL-03,Dallas,2026-04-14,walk-in,completed,2026-04-14 19:42
KB0011686,P-005451,KH-ATL-02,Atlanta,2026-09-30,online,completed,2026-09-30 18:34
KB0011273,P-005706,KH-ATL-02,Atlanta,2026-09-24,online,completed,2026-09-24 10:15
KB0005403,P-002416,KH-PHX-03,Phoenix,2026-06-26,at-home,completed,2026-06-26 15:35
KB0001721,P-004899,KH-CHI-01,Chicago,2026-04-28,walk-in,completed,2026-04-28 10:42
KB0008550,P-002766,KH-NYC-03,New York,2026-08-14,phone,completed,2026-08-14 13:48
KB0011493,P-002064,KH-PHX-01,Phoenix,2026-09-28,online,completed,2026-09-28 18:25
KB0011615,P-005343,KH-ATL-02,Atlanta,2026-09-29,walk-in,completed,2026-09-29 10:19
KB0001034,P-006555,KH-PHI-03,Philadelphia,2026-04-16,online,completed,2026-04-16 10:58
KB0004704,P-002178,KH-PHX-02,Phoenix,2026-06-15,walk-in,completed,2026-06-15 18:54
KB0001941,P-001100,KH-DAL-02,Dallas,2026-05-02,walk-in,completed,2026-05-02 09:17
KB0003075,P-001515,KH-PHX-02,Phoenix,2026-05-20,online,completed,2026-05-20 09:31
KB0003333,P-003339,KH-NYC-03,New York,2026-05-24,online,completed,2026-05-24 17:20
KB0003940,P-000039,KH-DAL-02,Dallas,2026-06-03,at-home,completed,2026-06-03 15:21
KB0005379,P-005286,KH-ATL-02,Atlanta,2026-06-25,walk-in,completed,2026-06-25 19:38
KB0011573,P-001479,KH-PHX-01,Phoenix,2026-09-29,walk-in,completed,2026-09-29 11:04
KB0003887,P-002195,KH-PHX-02,Phoenix,2026-06-02,walk-in,completed,2026-06-02 08:57
KB0007426,P-000074,KH-DAL-03,Dallas,2026-07-28,walk-in,completed,2026-07-28 09:49
KB0002005,P-000074,KH-DAL-02,Dallas,2026-05-03,walk-in,completed,2026-05-03 12:07
KB0006014,P-002241,KH-PHX-02,Phoenix,2026-07-06,phone,completed,2026-07-06 11:08
KB0002913,P-003866,KH-NYC-02,New York,2026-05-17,online,completed,2026-05-17 15:08
KB0001447,P-005510,KH-ATL-02,Atlanta,2026-04-23,online,completed,2026-04-23 18:57
KB0009890,P-000734,KH-DAL-03,Dallas,2026-09-04,phone,completed,2026-09-04 16:29
KB0002567,P-000738,KH-DAL-03,Dallas,2026-05-12,walk-in,completed,2026-05-12 10:43
KB0000977,P-000580,KH-DAL-01,Dallas,2026-04-16,walk-in,completed,2026-04-16 17:00
KB0010017,P-006568,KH-PHI-02,Philadelphia,2026-09-05,at-home,completed,2026-09-05 16:02
KB0000670,P-000590,KH-DAL-02,Dallas,2026-04-11,walk-in,completed,2026-04-11 09:23
KB0007914,P-004180,KH-CHI-02,Chicago,2026-08-04,walk-in,completed,2026-08-04 18:52
KB0003850,P-005473,KH-ATL-01,Atlanta,2026-06-01,at-home,completed,2026-06-01 14:20
KB0004866,P-004166,KH-CHI-01,Chicago,2026-06-17,walk-in,cancelled,2026-06-17 11:33
KB0005443,P-005170,KH-ATL-02,Atlanta,2026-06-26,walk-in,completed,2026-06-26 15:02
KB0008718,P-001920,KH-PHX-02,Phoenix,2026-08-17,walk-in,completed,2026-08-17 17:47
KB0006739,P-001444,KH-PHX-03,Phoenix,2026-07-17,walk-in,completed,2026-07-17 08:38
KB0001101,P-006530,KH-PHI-02,Philadelphia,2026-04-17,phone,completed,2026-04-17 19:30
KB0011631,P-000597,KH-DAL-03,Dallas,2026-09-30,at-home,completed,2026-09-30 12:11
KB0003176,P-000704,KH-DAL-03,Dallas,2026-05-22,at-home,completed,2026-05-22 10:17
KB0000866,P-002600,KH-NYC-03,New York,2026-04-14,online,completed,2026-04-14 15:28
KB0005548,P-005699,KH-ATL-03,Atlanta,2026-06-28,phone,completed,2026-06-28 17:57
KB0006854,P-006050,KH-PHI-01,Philadelphia,2026-07-18,online,completed,2026-07-18 13:04
KB0005269,P-000642,KH-DAL-01,Dallas,2026-06-24,online,completed,2026-06-24 09:52
KB0000260,P-003245,KH-NYC-01,New York,2026-04-04,online,completed,2026-04-04 16:14
KB0001622,P-000163,KH-DAL-03,Dallas,2026-04-27,phone,completed,2026-04-27 19:45
KB0002606,P-004860,KH-CHI-01,Chicago,2026-05-12,walk-in,completed,2026-05-12 19:59
KB0004077,P-000387,KH-DAL-01,Dallas,2026-06-05,walk-in,completed,2026-06-05 11:32
KB0002145,P-000075,KH-DAL-03,Dallas,2026-05-05,walk-in,completed,2026-05-05 18:33
KB0004604,P-001961,KH-PHX-03,Phoenix,2026-06-13,online,completed,2026-06-13 13:02
KB0003801,P-000859,KH-DAL-01,Dallas,2026-06-01,at-home,completed,2026-06-01 10:12
KB0004068,P-000366,KH-DAL-01,Dallas,2026-06-05,walk-in,completed,2026-06-05 10:33
KB0010903,P-001516,KH-PHX-02,Phoenix,2026-09-19,walk-in,completed,2026-09-19 16:57
KB0003821,P-001415,KH-PHX-01,Phoenix,2026-06-01,walk-in,completed,2026-06-01 11:58
KB0002095,P-002915,KH-NYC-03,New York,2026-05-04,phone,completed,2026-05-04 12:59
KB0002816,P-005960,KH-PHI-02,Philadelphia,2026-05-15,online,completed,2026-05-15 18:16
KB0010693,P-003627,KH-NYC-03,New York,2026-09-16,walk-in,completed,2026-09-16 14:53
KB0002530,P-003642,KH-NYC-01,New York,2026-05-11,at-home,completed,2026-05-11 15:10
KB0005730,P-004946,KH-CHI-02,Chicago,2026-07-01,walk-in,completed,2026-07-01 18:53
KB0006365,P-001771,KH-PHX-02,Phoenix,2026-07-11,walk-in,completed,2026-07-11 12:01
KB0008200,P-002075,KH-PHX-02,Phoenix,2026-08-09,at-home,completed,2026-08-09 11:52
KB0004559,P-005488,KH-ATL-02,Atlanta,2026-06-12,online,completed,2026-06-12 10:40
KB0008301,P-005072,KH-ATL-02,Atlanta,2026-08-10,phone,completed,2026-08-10 17:00
KB0002728,P-004755,KH-CHI-01,Chicago,2026-05-14,at-home,completed,2026-05-14 19:44
KB0007838,P-004785,KH-CHI-03,Chicago,2026-08-03,online,completed,2026-08-03 09:43
KB0004643,P-006523,KH-PHI-02,Philadelphia,2026-06-13,at-home,completed,2026-06-13 17:06
KB0007401,P-003969,KH-CHI-03,Chicago,2026-07-27,online,completed,2026-07-27 13:55
KB0000547,P-002084,KH-PHX-01,Phoenix,2026-04-09,walk-in,completed,2026-04-09 08:57
KB0007348,P-004496,KH-CHI-03,Chicago,2026-07-26,phone,completed,2026-07-26 16:03
KB0003369,P-002064,KH-PHX-02,Phoenix,2026-05-25,walk-in,completed,2026-05-25 14:29
KB0009367,P-002313,KH-PHX-01,Phoenix,2026-08-27,walk-in,cancelled,2026-08-27 16:45
KB0002822,P-000270,KH-DAL-01,Dallas,2026-05-16,online,completed,2026-05-16 13:14
KB0000442,P-003658,KH-NYC-03,New York,2026-04-07,walk-in,completed,2026-04-07 17:34
KB0010548,P-002192,KH-PHX-01,Phoenix,2026-09-14,walk-in,completed,2026-09-14 08:27
KB0002580,P-001824,KH-PHX-03,Phoenix,2026-05-12,walk-in,completed,2026-05-12 19:33
KB0006371,P-003694,KH-NYC-03,New York,2026-07-11,walk-in,completed,2026-07-11 11:25
KB0002795,P-004164,KH-CHI-01,Chicago,2026-05-15,walk-in,completed,2026-05-15 19:22
KB0004968,P-002112,KH-PHX-03,Phoenix,2026-06-19,at-home,completed,2026-06-19 08:10
KB0001294,P-002259,KH-PHX-01,Phoenix,2026-04-21,walk-in,completed,2026-04-21 11:30
KB0005231,P-003016,KH-NYC-02,New York,2026-06-23,walk-in,cancelled,2026-06-23 17:45
KB0010502,P-002371,KH-PHX-03,Phoenix,2026-09-13,online,completed,2026-09-13 09:35
KB0010091,P-002050,KH-PHX-02,Phoenix,2026-09-07,at-home,completed,2026-09-07 08:02
KB0005414,P-001723,KH-PHX-02,Phoenix,2026-06-26,walk-in,completed,2026-06-26 13:29
KB0000790,P-001787,KH-PHX-01,Phoenix,2026-04-13,at-home,completed,2026-04-13 19:08
KB0005480,P-003944,KH-NYC-02,New York,2026-06-27,phone,completed,2026-06-27 08:06
KB0008394,P-001930,KH-PHX-03,Phoenix,2026-08-12,at-home,completed,2026-08-12 13:00
KB0003972,P-003533,KH-NYC-03,New York,2026-06-03,online,completed,2026-06-03 12:09
KB0010637,P-003920,KH-NYC-02,New York,2026-09-15,walk-in,completed,2026-09-15 17:37
KB0010505,P-002644,KH-NYC-02,New York,2026-09-13,online,completed,2026-09-13 16:10
KB0007916,P-004401,KH-CHI-01,Chicago,2026-08-04,walk-in,completed,2026-08-04 10:34
KB0003853,P-005469,KH-ATL-01,Atlanta,2026-06-01,walk-in,completed,2026-06-01 13:47
KB0004316,P-001125,KH-DAL-03,Dallas,2026-06-09,online,completed,2026-06-09 17:09
KB0000907,P-000473,KH-DAL-01,Dallas,2026-04-15,online,completed,2026-04-15 12:45
KB0004950,P-000995,KH-DAL-03,Dallas,2026-06-19,walk-in,completed,2026-06-19 13:27
KB0005986,P-005187,KH-ATL-01,Atlanta,2026-07-05,walk-in,completed,2026-07-05 09:34
KB0001406,P-000523,KH-DAL-01,Dallas,2026-04-23,phone,cancelled,2026-04-23 12:16
KB0006726,P-000513,KH-DAL-01,Dallas,2026-07-17,online,completed,2026-07-17 11:27
KB0003935,P-000561,KH-DAL-01,Dallas,2026-06-03,walk-in,completed,2026-06-03 09:22
KB0008617,P-003224,KH-NYC-01,New York,2026-08-15,phone,completed,2026-08-15 11:26
KB0000164,P-001947,KH-PHX-02,Phoenix,2026-04-03,walk-in,completed,2026-04-03 18:59
KB0011517,P-002461,KH-NYC-02,New York,2026-09-28,at-home,completed,2026-09-28 14:10
KB0007278,P-001358,KH-PHX-02,Phoenix,2026-07-25,walk-in,completed,2026-07-25 19:53
KB0003581,P-002943,KH-NYC-03,New York,2026-05-28,at-home,completed,2026-05-28 09:24
KB0005471,P-001875,KH-PHX-03,Phoenix,2026-06-27,walk-in,completed,2026-06-27 11:33
KB0002858,P-003709,KH-NYC-02,New York,2026-05-16,,completed,2026-05-16 17:21
KB0010028,P-000749,KH-DAL-03,Dallas,2026-09-06,online,completed,2026-09-06 14:44
KB0001304,P-003305,KH-NYC-03,New York,2026-04-21,walk-in,completed,2026-04-21 13:04
KB0004257,P-002351,KH-PHX-02,Phoenix,2026-06-08,phone,completed,2026-06-08 16:26
KB0007061,P-000046,KH-DAL-02,Dallas,2026-07-22,walk-in,completed,2026-07-22 10:11
KB0006836,P-004196,KH-CHI-01,Chicago,2026-07-18,online,completed,2026-07-18 10:43
KB0004542,P-002882,KH-NYC-02,New York,2026-06-12,walk-in,completed,2026-06-12 11:45
KB0009806,P-005777,KH-PHI-03,Philadelphia,2026-09-02,at-home,completed,2026-09-02 11:17
KB0000918,P-001759,KH-PHX-02,Phoenix,2026-04-15,at-home,completed,2026-04-15 14:04
KB0009162,P-000905,KH-DAL-03,Dallas,2026-08-24,at-home,completed,2026-08-24 16:54
KB0008814,P-004687,KH-CHI-03,Chicago,2026-08-18,online,completed,2026-08-18 16:18
KB0001427,P-003849,KH-NYC-03,New York,2026-04-23,walk-in,completed,2026-04-23 11:59
KB0005597,P-003935,KH-NYC-02,New York,2026-06-29,walk-in,completed,2026-06-29 11:15
KB0004009,P-000073,KH-DAL-01,Dallas,2026-06-04,online,completed,2026-06-04 19:07
KB0007066,P-001496,KH-PHX-02,Phoenix,2026-07-22,phone,completed,2026-07-22 08:12
KB0003313,P-000818,KH-DAL-03,Dallas,2026-05-24,walk-in,completed,2026-05-24 17:53
KB0007067,P-002321,KH-PHX-03,Phoenix,2026-07-22,phone,completed,2026-07-22 16:32
KB0001017,P-004450,KH-CHI-01,Chicago,2026-04-16,walk-in,completed,2026-04-16 16:12
KB0009791,P-005272,KH-ATL-02,Atlanta,2026-09-02,online,completed,2026-09-02 09:50
KB0007610,P-005699,KH-ATL-02,Atlanta,2026-07-30,online,completed,2026-07-30 16:49
KB0002850,P-003590,KH-NYC-03,New York,2026-05-16,walk-in,completed,2026-05-16 09:17
KB0003038,P-004175,KH-CHI-01,Chicago,2026-05-19,walk-in,completed,2026-05-19 08:39
KB0008225,P-004094,KH-CHI-02,Chicago,2026-08-09,phone,completed,2026-08-09 11:10
KB0009399,P-005175,KH-ATL-02,Atlanta,2026-08-27,online,completed,2026-08-27 14:43
KB0008858,P-001651,KH-PHX-02,Phoenix,2026-08-19,online,completed,2026-08-19 13:54
KB0006370,P-003381,KH-NYC-02,New York,2026-07-11,phone,completed,2026-07-11 19:29
KB0011501,P-002127,KH-PHX-01,Phoenix,2026-09-28,walk-in,completed,2026-09-28 10:42
KB0008451,P-000550,KH-DAL-02,Dallas,2026-08-13,at-home,completed,2026-08-13 14:00
KB0008522,P-000887,KH-DAL-01,Dallas,2026-08-14,online,completed,2026-08-14 17:24
KB0003914,P-005409,KH-ATL-02,Atlanta,2026-06-02,at-home,completed,2026-06-02 08:51
KB0006234,P-001878,KH-PHX-01,Phoenix,2026-07-09,walk-in,completed,2026-07-09 12:22
KB0010722,P-001058,KH-DAL-02,Dallas,2026-09-17,at-home,completed,2026-09-17 17:32
KB0009903,P-001428,KH-PHX-01,Phoenix,2026-09-04,online,completed,2026-09-04 09:34
KB0006262,P-005012,KH-ATL-02,Atlanta,2026-07-09,walk-in,completed,2026-07-09 13:41
KB0006071,P-000043,KH-DAL-03,Dallas,2026-07-07,phone,completed,2026-07-07 09:06
KB0000490,P-001937,KH-PHX-03,Phoenix,2026-04-08,walk-in,completed,2026-04-08 19:17
KB0010955,P-001947,KH-PHX-03,Phoenix,2026-09-20,walk-in,completed,2026-09-20 11:12
KB0007164,P-004497,KH-CHI-01,Chicago,2026-07-23,phone,completed,2026-07-23 15:36
KB0010599,P-000986,KH-DAL-02,Dallas,2026-09-15,online,completed,2026-09-15 17:39
KB0009823,P-000638,KH-DAL-03,Dallas,2026-09-03,walk-in,completed,2026-09-03 10:46
KB0005198,P-000716,KH-DAL-02,Dallas,2026-06-23,walk-in,completed,2026-06-23 17:03
KB0009290,P-000692,KH-DAL-03,Dallas,2026-08-26,online,completed,2026-08-26 16:44
KB0011179,P-003072,KH-NYC-02,New York,2026-09-23,online,completed,2026-09-23 12:20
KB0000689,P-002093,KH-PHX-01,Phoenix,2026-04-11,at-home,completed,2026-04-11 13:02
KB0004130,P-006102,KH-PHI-03,Philadelphia,2026-06-05,walk-in,completed,2026-06-05 17:10
KB0000344,P-000801,KH-DAL-01,Dallas,2026-04-06,walk-in,completed,2026-04-06 15:02
KB0008866,P-001863,KH-PHX-01,Phoenix,2026-08-19,at-home,completed,2026-08-19 11:59
KB0001981,P-005653,KH-ATL-02,Atlanta,2026-05-02,walk-in,completed,2026-05-02 12:46
KB0003363,P-000444,KH-DAL-02,Dallas,2026-05-25,walk-in,completed,2026-05-25 19:00
KB0003182,P-001208,KH-DAL-03,Dallas,2026-05-22,walk-in,completed,2026-05-22 08:37
KB0001676,P-006416,KH-PHI-02,Philadelphia,2026-04-27,phone,completed,2026-04-27 13:15
KB0005239,P-004311,KH-CHI-02,Chicago,2026-06-23,walk-in,completed,2026-06-23 14:41
KB0010754,P-003649,KH-NYC-01,New York,2026-09-17,at-home,completed,2026-09-17 19:41
KB0002748,P-000868,KH-DAL-02,Dallas,2026-05-15,walk-in,completed,2026-05-15 12:55
KB0005307,P-005493,KH-ATL-02,Atlanta,2026-06-24,walk-in,completed,2026-06-24 12:06
KB0008948,P-003483,KH-NYC-02,New York,2026-08-20,walk-in,completed,2026-08-20 16:25
KB0001355,P-002354,KH-PHX-01,Phoenix,2026-04-22,online,completed,2026-04-22 14:29
KB0002693,P-000168,KH-DAL-01,Dallas,2026-05-14,walk-in,completed,2026-05-14 11:23
KB0005505,P-006233,KH-PHI-01,Philadelphia,2026-06-27,walk-in,completed,2026-06-27 12:53
KB0002840,P-002359,KH-PHX-01,Phoenix,2026-05-16,at-home,cancelled,2026-05-16 09:52
KB0006361,P-001548,KH-PHX-02,Phoenix,2026-07-11,online,completed,2026-07-11 19:09
KB0008912,P-000580,KH-DAL-01,Dallas,2026-08-20,at-home,completed,2026-08-20 12:09
KB0000188,P-002877,KH-NYC-03,New York,2026-04-03,phone,cancelled,2026-04-03 13:00
KB0002441,P-006273,KH-PHI-02,Philadelphia,2026-05-09,phone,completed,2026-05-09 13:22
KB0006976,P-006124,KH-PHI-03,Philadelphia,2026-07-20,walk-in,completed,2026-07-20 16:53
KB0001793,P-005273,KH-ATL-02,Atlanta,2026-04-29,online,completed,2026-04-29 14:48
KB0002217,P-001498,KH-PHX-01,Phoenix,2026-05-06,online,completed,2026-05-06 15:33
KB0003822,P-001504,KH-PHX-01,Phoenix,2026-06-01,online,completed,2026-06-01 18:20
KB0008620,P-002601,KH-NYC-02,New York,2026-08-15,at-home,completed,2026-08-15 19:02
KB0001755,P-001062,KH-DAL-02,Dallas,2026-04-29,online,completed,2026-04-29 16:03
KB0010209,P-000483,KH-DAL-03,Dallas,2026-09-09,walk-in,completed,2026-09-09 11:07
KB0001658,P-004872,KH-CHI-01,Chicago,2026-04-27,walk-in,completed,2026-04-27 15:23
KB0005637,P-000117,KH-DAL-02,Dallas,2026-06-30,online,completed,2026-06-30 17:32
KB0006897,P-004661,KH-CHI-01,Chicago,2026-07-19,walk-in,completed,2026-07-19 13:05
KB0002051,P-005134,KH-ATL-03,Atlanta,2026-05-03,online,completed,2026-05-03 14:36
KB0008711,P-000273,KH-DAL-03,Dallas,2026-08-17,walk-in,completed,2026-08-17 13:07
KB0002261,P-000163,KH-DAL-03,Dallas,2026-05-07,phone,completed,2026-05-07 18:57
KB0002187,P-005373,KH-ATL-02,Atlanta,2026-05-05,online,completed,2026-05-05 14:17
KB0003951,P-001442,KH-PHX-01,Phoenix,2026-06-03,walk-in,completed,2026-06-03 10:30
KB0003667,P-005239,KH-ATL-01,Atlanta,2026-05-29,online,completed,2026-05-29 19:13
KB0010753,P-003035,KH-NYC-01,New York,2026-09-17,phone,completed,2026-09-17 13:03
KB0004183,P-005031,KH-ATL-01,Atlanta,2026-06-06,,completed,2026-06-06 12:47
KB0008490,P-004316,KH-CHI-03,Chicago,2026-08-13,phone,completed,2026-08-13 08:14
KB0001383,P-005191,KH-ATL-03,Atlanta,2026-04-22,at-home,completed,2026-04-22 17:03
KB0004191,P-006006,KH-PHI-02,Philadelphia,2026-06-06,online,completed,2026-06-06 13:42
KB0007592,P-003265,KH-NYC-01,New York,2026-07-30,at-home,completed,2026-07-30 17:17
KB0007502,P-000642,KH-DAL-01,Dallas,2026-07-29,,completed,2026-07-29 09:58
KB0008996,P-000183,KH-DAL-02,Dallas,2026-08-21,at-home,completed,2026-08-21 11:09
KB0001723,P-004567,KH-CHI-01,Chicago,2026-04-28,online,completed,2026-04-28 16:10
KB0002488,P-004954,KH-ATL-01,Atlanta,2026-05-10,walk-in,completed,2026-05-10 14:55
KB0008463,P-001270,KH-PHX-01,Phoenix,2026-08-13,walk-in,completed,2026-08-13 15:48
KB0007291,P-002734,KH-NYC-02,New York,2026-07-25,online,completed,2026-07-25 14:49
KB0008395,P-002220,KH-PHX-03,Phoenix,2026-08-12,phone,completed,2026-08-12 11:44
KB0001671,P-006205,KH-PHI-03,Philadelphia,2026-04-27,walk-in,completed,2026-04-27 09:48
KB0001632,P-000878,KH-DAL-02,Dallas,2026-04-27,online,completed,2026-04-27 19:56
KB0007765,P-001798,KH-PHX-01,Phoenix,2026-08-02,phone,completed,2026-08-02 13:31
KB0006835,P-004539,KH-CHI-02,Chicago,2026-07-18,walk-in,completed,2026-07-18 14:09
KB0004276,P-003100,KH-NYC-02,New York,2026-06-08,online,completed,2026-06-08 16:19
KB0000305,P-000215,KH-DAL-02,Dallas,2026-04-05,phone,completed,2026-04-05 13:13
KB0000500,P-003226,KH-NYC-03,New York,2026-04-08,walk-in,completed,2026-04-08 14:49
KB0000510,P-004346,KH-CHI-02,Chicago,2026-04-08,online,completed,2026-04-08 10:38
KB0000716,P-004995,KH-ATL-01,Atlanta,2026-04-11,walk-in,completed,2026-04-11 12:40
KB0001405,P-000885,KH-DAL-01,Dallas,2026-04-23,phone,completed,2026-04-23 18:17
KB0007545,P-005454,KH-ATL-02,Atlanta,2026-07-29,online,completed,2026-07-29 11:07
KB0003315,P-001173,KH-DAL-01,Dallas,2026-05-24,online,completed,2026-05-24 19:50
KB0006793,P-000793,KH-DAL-01,Dallas,2026-07-18,walk-in,completed,2026-07-18 16:43
KB0005887,P-006625,KH-PHI-03,Philadelphia,2026-07-03,at-home,completed,2026-07-03 13:05
KB0002156,P-001671,KH-PHX-03,Phoenix,2026-05-05,walk-in,completed,2026-05-05 19:51
KB0004044,P-004696,KH-CHI-01,Chicago,2026-06-04,at-home,completed,2026-06-04 17:17
KB0006217,P-000574,KH-DAL-01,Dallas,2026-07-09,walk-in,completed,2026-07-09 19:11
KB0009867,P-006689,KH-PHI-03,Philadelphia,2026-09-03,online,completed,2026-09-03 09:33
KB0007803,P-000580,KH-DAL-03,Dallas,2026-08-03,phone,completed,2026-08-03 08:54
KB0003526,P-004357,KH-CHI-02,Chicago,2026-05-27,walk-in,completed,2026-05-27 09:14
KB0003098,P-004086,KH-CHI-01,Chicago,2026-05-20,online,completed,2026-05-20 13:22
KB0003086,P-001285,KH-PHX-02,Phoenix,2026-05-20,phone,completed,2026-05-20 19:22
KB0001291,P-002192,KH-PHX-02,Phoenix,2026-04-21,online,completed,2026-04-21 17:53
KB0009437,P-002229,KH-PHX-01,Phoenix,2026-08-28,walk-in,completed,2026-08-28 16:23
KB0010373,P-002079,KH-PHX-02,Phoenix,2026-09-11,at-home,completed,2026-09-11 17:28
KB0009709,P-003184,KH-NYC-01,New York,2026-09-01,online,completed,2026-09-01 17:14
KB0000454,P-005298,KH-ATL-02,Atlanta,2026-04-07,online,completed,2026-04-07 13:55
KB0011331,P-002989,KH-NYC-03,New York,2026-09-25,online,completed,2026-09-25 19:07
KB0010427,P-000112,KH-DAL-01,Dallas,2026-09-12,walk-in,completed,2026-09-12 16:12
KB0003244,P-000340,KH-DAL-02,Dallas,2026-05-23,walk-in,completed,2026-05-23 15:46
KB0008801,P-002548,KH-NYC-03,New York,2026-08-18,phone,completed,2026-08-18 16:19
KB0010514,P-004118,KH-CHI-03,Chicago,2026-09-13,walk-in,completed,2026-09-13 08:30
KB0011662,P-001251,KH-PHX-02,Phoenix,2026-09-30,online,completed,2026-09-30 08:01
KB0010367,P-002119,KH-PHX-01,Phoenix,2026-09-11,walk-in,completed,2026-09-11 12:06
KB0006580,P-006689,KH-PHI-02,Philadelphia,2026-07-14,at-home,completed,2026-07-14 16:46
KB0006748,P-001492,KH-PHX-03,Phoenix,2026-07-17,walk-in,completed,2026-07-17 16:01
KB0003886,P-001343,KH-PHX-02,Phoenix,2026-06-02,,completed,2026-06-02 19:40
KB0003100,P-004580,KH-CHI-03,Chicago,2026-05-20,online,completed,2026-05-20 08:08
KB0007514,P-002168,KH-PHX-02,Phoenix,2026-07-29,online,completed,2026-07-29 16:26
KB0009922,P-002691,KH-NYC-01,New York,2026-09-04,walk-in,completed,2026-09-04 15:35
KB0009536,P-005174,KH-ATL-01,Atlanta,2026-08-29,walk-in,completed,2026-08-29 11:41
KB0010019,P-006194,KH-PHI-02,Philadelphia,2026-09-05,online,completed,2026-09-05 16:00
KB0006601,P-002236,KH-PHX-02,Phoenix,2026-07-15,walk-in,completed,2026-07-15 19:31
KB0005721,P-003094,KH-NYC-02,New York,2026-07-01,,completed,2026-07-01 14:15
KB0009418,P-000237,KH-DAL-02,Dallas,2026-08-28,online,completed,2026-08-28 08:06
KB0005692,P-006504,KH-PHI-01,Philadelphia,2026-06-30,at-home,completed,2026-06-30 16:06
KB0001423,P-003591,KH-NYC-03,New York,2026-04-23,walk-in,completed,2026-04-23 16:47
KB0003880,P-000190,KH-DAL-01,Dallas,2026-06-02,walk-in,completed,2026-06-02 17:09
KB0002646,P-002061,KH-PHX-03,Phoenix,2026-05-13,walk-in,completed,2026-05-13 19:18
KB0007857,P-006386,KH-PHI-02,Philadelphia,2026-08-03,at-home,completed,2026-08-03 11:19
KB0004596,P-002311,KH-PHX-01,Phoenix,2026-06-13,walk-in,completed,2026-06-13 17:30
KB0001867,P-000751,KH-DAL-01,Dallas,2026-05-01,online,completed,2026-05-01 09:48
KB0005185,P-005141,KH-ATL-02,Atlanta,2026-06-22,walk-in,completed,2026-06-22 16:24
KB0000636,P-003606,KH-NYC-02,New York,2026-04-10,online,completed,2026-04-10 15:21
KB0006950,P-002903,KH-NYC-02,New York,2026-07-20,phone,completed,2026-07-20 13:20
KB0001201,P-005015,KH-ATL-02,Atlanta,2026-04-19,walk-in,completed,2026-04-19 19:58
KB0009180,P-001523,KH-PHX-03,Phoenix,2026-08-24,phone,completed,2026-08-24 17:12
KB0010192,P-005349,KH-ATL-02,Atlanta,2026-09-08,online,completed,2026-09-08 08:07
KB0003099,P-004689,KH-CHI-01,Chicago,2026-05-20,online,completed,2026-05-20 14:34
KB0005985,P-005599,KH-ATL-02,Atlanta,2026-07-05,walk-in,cancelled,2026-07-05 17:33
KB0001806,P-000661,KH-DAL-03,Dallas,2026-04-30,walk-in,completed,2026-04-30 18:42
KB0009998,P-004010,KH-CHI-03,Chicago,2026-09-05,walk-in,completed,2026-09-05 18:23
KB0002919,P-005072,KH-ATL-01,Atlanta,2026-05-17,online,completed,2026-05-17 11:45
KB0000133,P-005332,KH-ATL-03,Atlanta,2026-04-02,phone,completed,2026-04-02 13:35
KB0001608,P-004589,KH-CHI-01,Chicago,2026-04-26,online,completed,2026-04-26 15:07
KB0001495,P-004325,KH-CHI-03,Chicago,2026-04-24,walk-in,completed,2026-04-24 13:25
KB0008872,P-003171,KH-NYC-01,New York,2026-08-19,online,completed,2026-08-19 12:32
KB0003155,P-004418,KH-CHI-01,Chicago,2026-05-21,at-home,completed,2026-05-21 08:21
KB0006023,P-001799,KH-PHX-02,Phoenix,2026-07-06,walk-in,cancelled,2026-07-06 13:18
KB0002179,P-003966,KH-CHI-02,Chicago,2026-05-05,at-home,completed,2026-05-05 14:22
KB0002779,P-001550,KH-PHX-01,Phoenix,2026-05-15,walk-in,completed,2026-05-15 13:07
KB0009397,P-004790,KH-CHI-03,Chicago,2026-08-27,phone,completed,2026-08-27 18:39
KB0009220,P-000236,KH-DAL-02,Dallas,2026-08-25,at-home,completed,2026-08-25 13:49
KB0003246,P-001008,KH-DAL-02,Dallas,2026-05-23,walk-in,completed,2026-05-23 19:14
KB0000283,P-005493,KH-ATL-02,Atlanta,2026-04-04,walk-in,completed,2026-04-04 10:15
KB0008004,P-000519,KH-DAL-02,Dallas,2026-08-06,at-home,completed,2026-08-06 08:28
KB0002959,P-002372,KH-PHX-01,Phoenix,2026-05-18,walk-in,completed,2026-05-18 08:08
KB0005901,P-000079,KH-DAL-02,Dallas,2026-07-04,phone,completed,2026-07-04 19:33
KB0007754,P-000561,KH-DAL-01,Dallas,2026-08-02,walk-in,completed,2026-08-02 09:39
KB0011054,P-004953,KH-ATL-01,Atlanta,2026-09-21,walk-in,completed,2026-09-21 08:14
KB0009866,P-005019,KH-ATL-02,Atlanta,2026-09-03,walk-in,completed,2026-09-03 15:28
KB0006511,P-006002,KH-PHI-03,Philadelphia,2026-07-13,online,completed,2026-07-13 11:17
KB0000171,P-001330,KH-PHX-03,Phoenix,2026-04-03,phone,completed,2026-04-03 09:29
KB0011403,P-003847,KH-NYC-02,New York,2026-09-26,at-home,completed,2026-09-26 11:10
KB0008836,P-006693,KH-PHI-01,Philadelphia,2026-08-18,online,completed,2026-08-18 16:42
KB0003410,P-005846,KH-PHI-03,Philadelphia,2026-05-25,phone,completed,2026-05-25 15:02
KB0009858,P-005161,KH-ATL-02,Atlanta,2026-09-03,phone,completed,2026-09-03 12:58
KB0005605,P-004335,KH-CHI-02,Chicago,2026-06-29,online,completed,2026-06-29 11:33
KB0010504,P-001336,KH-PHX-02,Phoenix,2026-09-13,phone,completed,2026-09-13 14:41
KB0011485,P-000681,KH-DAL-01,Dallas,2026-09-28,online,completed,2026-09-28 08:38
KB0010037,P-001895,KH-PHX-02,Phoenix,2026-09-06,walk-in,completed,2026-09-06 19:13
KB0001985,P-005038,KH-ATL-01,Atlanta,2026-05-02,phone,completed,2026-05-02 16:19
KB0000497,P-002648,KH-NYC-02,New York,2026-04-08,at-home,completed,2026-04-08 13:31
KB0010830,P-002743,KH-NYC-01,New York,2026-09-18,at-home,completed,2026-09-18 09:02
KB0005366,P-004358,KH-CHI-02,Chicago,2026-06-25,online,completed,2026-06-25 14:47
KB0001100,P-006524,KH-PHI-03,Philadelphia,2026-04-17,phone,completed,2026-04-17 16:42
KB0006451,P-000995,KH-DAL-01,Dallas,2026-07-13,at-home,completed,2026-07-13 11:33
KB0003555,P-000346,KH-DAL-01,Dallas,2026-05-28,walk-in,completed,2026-05-28 16:57
KB0003233,P-005230,KH-ATL-02,Atlanta,2026-05-22,walk-in,completed,2026-05-22 11:04
KB0010706,P-005493,KH-ATL-02,Atlanta,2026-09-16,at-home,completed,2026-09-16 10:12
KB0009676,P-006133,KH-PHI-02,Philadelphia,2026-08-31,walk-in,completed,2026-08-31 09:15
KB0009930,P-004932,KH-CHI-02,Chicago,2026-09-04,online,completed,2026-09-04 09:35
KB0006406,P-001199,KH-DAL-03,Dallas,2026-07-12,walk-in,completed,2026-07-12 19:44
KB0009609,P-000296,KH-DAL-01,Dallas,2026-08-31,walk-in,completed,2026-08-31 18:51
KB0002372,P-005128,KH-ATL-02,Atlanta,2026-05-08,phone,completed,2026-05-08 16:59
KB0006892,P-002912,KH-NYC-01,New York,2026-07-19,online,completed,2026-07-19 14:03
KB0003654,P-002952,KH-NYC-03,New York,2026-05-29,walk-in,completed,2026-05-29 16:42
KB0010080,P-001242,KH-DAL-01,Dallas,2026-09-07,walk-in,completed,2026-09-07 13:34
KB0007678,P-000936,KH-DAL-03,Dallas,2026-08-01,walk-in,completed,2026-08-01 08:45
KB0002346,P-002840,KH-NYC-01,New York,2026-05-08,online,completed,2026-05-08 18:23
KB0002318,P-006077,KH-PHI-03,Philadelphia,2026-05-07,online,completed,2026-05-07 09:38
KB0003865,P-000475,KH-DAL-01,Dallas,2026-06-02,online,completed,2026-06-02 13:25
KB0008253,P-001138,KH-DAL-03,Dallas,2026-08-10,online,completed,2026-08-10 14:08
KB0008961,P-005163,KH-ATL-02,Atlanta,2026-08-20,walk-in,completed,2026-08-20 16:30
KB0003631,P-000483,KH-DAL-03,Dallas,2026-05-29,at-home,completed,2026-05-29 09:36
KB0006623,P-003278,KH-NYC-02,New York,2026-07-15,online,completed,2026-07-15 08:33
KB0004044,P-004696,KH-CHI-01,Chicago,2026-06-04,at-home,completed,2026-06-04 17:17
KB0005722,P-003742,KH-NYC-02,New York,2026-07-01,at-home,completed,2026-07-01 14:49
KB0010016,P-006088,KH-PHI-02,Philadelphia,2026-09-05,walk-in,completed,2026-09-05 08:11
KB0010709,P-005188,KH-ATL-02,Atlanta,2026-09-16,walk-in,completed,2026-09-16 17:31
KB0003515,P-003016,KH-NYC-03,New York,2026-05-27,walk-in,completed,2026-05-27 08:41
KB0003691,P-001070,KH-DAL-03,Dallas,2026-05-30,,completed,2026-05-30 09:02
KB0005157,P-001752,KH-PHX-02,Phoenix,2026-06-22,online,completed,2026-06-22 18:49
KB0000370,P-002469,KH-NYC-02,New York,2026-04-06,online,completed,2026-04-06 10:13
KB0006146,P-001472,KH-PHX-01,Phoenix,2026-07-08,online,completed,2026-07-08 08:16
KB0000269,P-004944,KH-CHI-01,Chicago,2026-04-04,walk-in,completed,2026-04-04 15:48
KB0010697,P-004252,KH-CHI-02,Chicago,2026-09-16,online,completed,2026-09-16 19:03
KB0008442,P-000431,KH-DAL-03,Dallas,2026-08-13,at-home,completed,2026-08-13 08:04
KB0003898,P-003165,KH-NYC-01,New York,2026-06-02,at-home,completed,2026-06-02 17:15
KB0007907,P-003548,KH-NYC-02,New York,2026-08-04,at-home,completed,2026-08-04 15:37
KB0009954,P-000135,KH-DAL-01,Dallas,2026-09-05,phone,completed,2026-09-05 11:00
KB0000742,P-001723,KH-PHX-02,Phoenix,2026-04-12,at-home,completed,2026-04-12 10:42
KB0002505,P-000267,KH-DAL-01,Dallas,2026-05-11,walk-in,cancelled,2026-05-11 14:00
KB0004975,P-001538,KH-PHX-01,Phoenix,2026-06-19,walk-in,completed,2026-06-19 14:43
KB0010350,P-001071,KH-DAL-01,Dallas,2026-09-11,phone,completed,2026-09-11 10:52
KB0004462,P-001840,KH-PHX-02,Phoenix,2026-06-11,walk-in,completed,2026-06-11 15:12
KB0010624,P-002754,KH-NYC-02,New York,2026-09-15,online,completed,2026-09-15 08:55
KB0010963,P-002380,KH-PHX-02,Phoenix,2026-09-20,walk-in,completed,2026-09-20 16:51
KB0000504,P-003188,KH-NYC-02,New York,2026-04-08,walk-in,completed,2026-04-08 19:47
KB0003076,P-002437,KH-PHX-02,Phoenix,2026-05-20,walk-in,completed,2026-05-20 13:48
KB0004214,P-001347,KH-PHX-01,Phoenix,2026-06-07,walk-in,completed,2026-06-07 08:21
KB0001161,P-006093,KH-PHI-02,Philadelphia,2026-04-18,online,completed,2026-04-18 16:59
KB0011064,P-000669,KH-DAL-01,Dallas,2026-09-22,at-home,completed,2026-09-22 08:07
KB0009535,P-005366,KH-ATL-01,Atlanta,2026-08-29,walk-in,completed,2026-08-29 10:25
KB0001187,P-002807,KH-NYC-03,New York,2026-04-19,phone,completed,2026-04-19 08:14
KB0001183,P-001500,KH-PHX-02,Phoenix,2026-04-19,online,completed,2026-04-19 16:37
KB0011275,P-005576,KH-ATL-02,Atlanta,2026-09-24,walk-in,completed,2026-09-24 18:33
KB0001133,P-003294,KH-NYC-01,New York,2026-04-18,,completed,2026-04-18 14:49
KB0002242,P-005715,KH-ATL-01,Atlanta,2026-05-06,walk-in,completed,2026-05-06 18:15
KB0010320,P-004977,KH-ATL-01,Atlanta,2026-09-10,phone,completed,2026-09-10 19:59
KB0007436,P-001738,KH-PHX-03,Phoenix,2026-07-28,online,completed,2026-07-28 08:09
KB0002506,P-000317,KH-DAL-02,Dallas,2026-05-11,at-home,completed,2026-05-11 08:40
KB0006476,P-003506,KH-NYC-01,New York,2026-07-13,at-home,completed,2026-07-13 08:55
KB0005002,P-005521,KH-ATL-02,Atlanta,2026-06-19,walk-in,completed,2026-06-19 15:13
KB0007518,P-002581,KH-NYC-01,New York,2026-07-29,at-home,completed,2026-07-29 15:33
KB0011656,P-001289,KH-PHX-01,Phoenix,2026-09-30,online,completed,2026-09-30 10:21
KB0011308,P-001681,KH-PHX-01,Phoenix,2026-09-25,online,completed,2026-09-25 19:34
KB0002428,P-004508,KH-CHI-03,Chicago,2026-05-09,online,completed,2026-05-09 11:34
KB0008783,P-001935,KH-PHX-03,Phoenix,2026-08-18,walk-in,completed,2026-08-18 11:11
KB0003780,P-004519,KH-CHI-03,Chicago,2026-05-31,walk-in,completed,2026-05-31 12:30
KB0007867,P-000584,KH-DAL-03,Dallas,2026-08-04,at-home,completed,2026-08-04 19:59
KB0001938,P-000626,KH-DAL-01,Dallas,2026-05-02,walk-in,completed,2026-05-02 13:54
KB0001096,P-005280,KH-ATL-02,Atlanta,2026-04-17,walk-in,completed,2026-04-17 12:30
KB0000021,P-002198,KH-PHX-01,Phoenix,2026-04-01,at-home,completed,2026-04-01 13:32
KB0005076,P-006306,KH-PHI-03,Philadelphia,2026-06-20,walk-in,completed,2026-06-20 15:41
KB0008745,P-004470,KH-CHI-02,Chicago,2026-08-17,walk-in,completed,2026-08-17 18:16
KB0009205,P-005189,KH-ATL-02,Atlanta,2026-08-24,walk-in,completed,2026-08-24 14:17
KB0005036,P-001997,KH-PHX-01,Phoenix,2026-06-20,phone,completed,2026-06-20 14:56
KB0006588,P-001089,KH-DAL-03,Dallas,2026-07-15,,completed,2026-07-15 16:16
KB0000643,P-004867,KH-CHI-03,Chicago,2026-04-10,walk-in,completed,2026-04-10 15:22
KB0007513,P-002190,KH-PHX-02,Phoenix,2026-07-29,at-home,completed,2026-07-29 12:13
KB0000980,P-001713,KH-PHX-03,Phoenix,2026-04-16,phone,completed,2026-04-16 10:00
KB0000170,P-002360,KH-PHX-02,Phoenix,2026-04-03,,completed,2026-04-03 09:32
KB0001401,P-000810,KH-DAL-01,Dallas,2026-04-23,walk-in,completed,2026-04-23 18:30
KB0004143,P-000629,KH-DAL-03,Dallas,2026-06-06,at-home,completed,2026-06-06 10:41
KB0003006,P-000406,KH-DAL-02,Dallas,2026-05-19,phone,completed,2026-05-19 17:56
KB0011298,P-001199,KH-DAL-02,Dallas,2026-09-25,walk-in,completed,2026-09-25 13:22
KB0007165,P-004430,KH-CHI-03,Chicago,2026-07-23,,completed,2026-07-23 10:42
KB0004571,P-006192,KH-PHI-02,Philadelphia,2026-06-12,walk-in,completed,2026-06-12 09:08
KB0001662,P-004997,KH-ATL-02,Atlanta,2026-04-27,walk-in,completed,2026-04-27 17:55
KB0002760,P-000674,KH-DAL-03,Dallas,2026-05-15,online,completed,2026-05-15 12:51
KB0003869,P-000452,KH-DAL-01,Dallas,2026-06-02,phone,completed,2026-06-02 11:34
KB0000240,P-002153,KH-PHX-01,Phoenix,2026-04-04,phone,completed,2026-04-04 12:45
KB0010561,P-002266,KH-PHX-03,Phoenix,2026-09-14,online,completed,2026-09-14 15:55
KB0006419,P-001657,KH-PHX-01,Phoenix,2026-07-12,phone,completed,2026-07-12 13:30
KB0002276,P-002433,KH-PHX-02,Phoenix,2026-05-07,phone,completed,2026-05-07 11:41
KB0000930,P-002311,KH-PHX-03,Phoenix,2026-04-15,walk-in,completed,2026-04-15 09:54
KB0000103,P-002538,KH-NYC-01,New York,2026-04-02,,completed,2026-04-02 16:03
KB0009952,P-001154,KH-DAL-01,Dallas,2026-09-05,walk-in,completed,2026-09-05 16:24
KB0001838,P-002611,KH-NYC-03,New York,2026-04-30,phone,completed,2026-04-30 19:34
KB0000463,P-000089,KH-DAL-02,Dallas,2026-04-08,walk-in,completed,2026-04-08 09:55
KB0008882,P-002515,KH-NYC-02,New York,2026-08-19,at-home,completed,2026-08-19 15:21
KB0005512,P-000687,KH-DAL-01,Dallas,2026-06-28,walk-in,completed,2026-06-28 13:15
KB0009137,P-002979,KH-NYC-01,New York,2026-08-23,at-home,completed,2026-08-23 08:00
KB0004085,P-001914,KH-PHX-03,Phoenix,2026-06-05,walk-in,completed,2026-06-05 16:20
KB0009846,P-003512,KH-NYC-03,New York,2026-09-03,walk-in,completed,2026-09-03 14:15
KB0001229,P-001336,KH-PHX-02,Phoenix,2026-04-20,walk-in,completed,2026-04-20 09:22
KB0005143,P-000630,KH-DAL-02,Dallas,2026-06-22,phone,completed,2026-06-22 10:50
KB0008332,P-002240,KH-PHX-02,Phoenix,2026-08-11,at-home,completed,2026-08-11 11:01
KB0002525,P-001700,KH-PHX-02,Phoenix,2026-05-11,walk-in,completed,2026-05-11 12:27
KB0005415,P-002863,KH-NYC-03,New York,2026-06-26,walk-in,completed,2026-06-26 13:11
KB0005135,P-001104,KH-DAL-02,Dallas,2026-06-22,online,completed,2026-06-22 17:46
KB0000832,P-006283,KH-PHI-02,Philadelphia,2026-04-13,phone,completed,2026-04-13 17:14
KB0005541,P-002794,KH-NYC-01,New York,2026-06-28,online,completed,2026-06-28 18:47
KB0007801,P-006479,KH-PHI-02,Philadelphia,2026-08-02,walk-in,completed,2026-08-02 08:53
KB0008787,P-001626,KH-PHX-01,Phoenix,2026-08-18,at-home,completed,2026-08-18 17:29
KB0001140,P-003837,KH-NYC-03,New York,2026-04-18,walk-in,completed,2026-04-18 08:31
KB0002058,P-006345,KH-PHI-02,Philadelphia,2026-05-03,walk-in,completed,2026-05-03 16:54
KB0000209,P-005545,KH-ATL-02,Atlanta,2026-04-03,at-home,completed,2026-04-03 10:10
KB0006437,P-004288,KH-CHI-03,Chicago,2026-07-12,online,completed,2026-07-12 10:44
KB0001653,P-004004,KH-CHI-03,Chicago,2026-04-27,walk-in,completed,2026-04-27 17:43
KB0008533,P-002376,KH-PHX-03,Phoenix,2026-08-14,walk-in,completed,2026-08-14 13:36
KB0007591,P-003211,KH-NYC-01,New York,2026-07-30,at-home,completed,2026-07-30 14:38
KB0001890,P-001736,KH-PHX-03,Phoenix,2026-05-01,walk-in,completed,2026-05-01 10:38
KB0004287,P-004690,KH-CHI-02,Chicago,2026-06-08,phone,completed,2026-06-08 14:55
KB0008350,P-003078,KH-NYC-01,New York,2026-08-11,walk-in,completed,2026-08-11 14:16
KB0006871,P-002130,KH-PHX-02,Phoenix,2026-07-19,walk-in,completed,2026-07-19 08:17
KB0004275,P-003611,KH-NYC-01,New York,2026-06-08,online,completed,2026-06-08 09:59
KB0000154,P-001209,KH-DAL-01,Dallas,2026-04-03,phone,completed,2026-04-03 16:34
KB0004048,P-004734,KH-CHI-02,Chicago,2026-06-04,phone,completed,2026-06-04 15:52
KB0004613,P-003327,KH-NYC-03,New York,2026-06-13,phone,completed,2026-06-13 18:20
KB0004137,P-000808,KH-DAL-03,Dallas,2026-06-06,walk-in,completed,2026-06-06 19:19
KB0008082,P-002113,KH-PHX-02,Phoenix,2026-08-07,online,completed,2026-08-07 17:23
KB0001989,P-005440,KH-ATL-02,Atlanta,2026-05-02,at-home,completed,2026-05-02 08:53
KB0004859,P-002613,KH-NYC-02,New York,2026-06-17,at-home,completed,2026-06-17 15:52
KB0003400,P-005326,KH-ATL-01,Atlanta,2026-05-25,online,completed,2026-05-25 12:28
KB0005037,P-002199,KH-PHX-02,Phoenix,2026-06-20,walk-in,completed,2026-06-20 10:15
KB0004855,P-002728,KH-NYC-02,New York,2026-06-17,walk-in,completed,2026-06-17 08:41
KB0008258,P-000039,KH-DAL-02,Dallas,2026-08-10,walk-in,completed,2026-08-10 19:55
KB0006078,P-000454,KH-DAL-02,Dallas,2026-07-07,online,completed,2026-07-07 12:24
KB0007749,P-000201,KH-DAL-03,Dallas,2026-08-02,at-home,completed,2026-08-02 08:19
KB0002016,P-002038,KH-PHX-02,Phoenix,2026-05-03,walk-in,completed,2026-05-03 08:46
KB0009389,P-004369,KH-CHI-03,Chicago,2026-08-27,online,completed,2026-08-27 16:49
KB0002666,P-005718,KH-ATL-02,Atlanta,2026-05-13,walk-in,completed,2026-05-13 16:30
KB0010925,P-005090,KH-ATL-02,Atlanta,2026-09-19,online,completed,2026-09-19 14:28
KB0002575,P-000722,KH-DAL-02,Dallas,2026-05-12,walk-in,completed,2026-05-12 11:50
KB0010953,P-002422,KH-PHX-03,Phoenix,2026-09-20,walk-in,completed,2026-09-20 10:29
KB0011672,P-003855,KH-NYC-03,New York,2026-09-30,walk-in,completed,2026-09-30 10:52
KB0000051,P-004908,KH-CHI-03,Chicago,2026-04-01,walk-in,completed,2026-04-01 18:43
KB0001104,P-006342,KH-PHI-01,Philadelphia,2026-04-17,walk-in,completed,2026-04-17 18:51
KB0000124,P-005482,KH-ATL-01,Atlanta,2026-04-02,walk-in,completed,2026-04-02 17:53
KB0000617,P-001637,KH-PHX-01,Phoenix,2026-04-10,walk-in,completed,2026-04-10 12:58
KB0000539,P-000731,KH-DAL-02,Dallas,2026-04-09,phone,completed,2026-04-09 11:56
KB0001555,P-003100,KH-NYC-02,New York,2026-04-25,walk-in,completed,2026-04-25 11:39
KB0003911,P-003988,KH-CHI-01,Chicago,2026-06-02,phone,completed,2026-06-02 09:14
KB0005436,P-005541,KH-ATL-02,Atlanta,2026-06-26,,completed,2026-06-26 08:43
KB0003963,P-001507,KH-PHX-02,Phoenix,2026-06-03,walk-in,completed,2026-06-03 15:47
KB0000609,P-001337,KH-PHX-01,Phoenix,2026-04-10,walk-in,completed,2026-04-10 13:02
KB0000623,P-001795,KH-PHX-03,Phoenix,2026-04-10,at-home,completed,2026-04-10 18:45
KB0009174,P-002327,KH-PHX-01,Phoenix,2026-08-24,walk-in,completed,2026-08-24 11:00
KB0006382,P-003157,KH-NYC-02,New York,2026-07-11,walk-in,completed,2026-07-11 09:54
KB0011082,P-002121,KH-PHX-03,Phoenix,2026-09-22,walk-in,completed,2026-09-22 19:33
KB0011050,P-005048,KH-ATL-02,Atlanta,2026-09-21,phone,completed,2026-09-21 16:43
KB0003920,P-005659,KH-ATL-02,Atlanta,2026-06-02,walk-in,completed,2026-06-02 19:03
KB0009244,P-002342,KH-PHX-02,Phoenix,2026-08-25,phone,completed,2026-08-25 15:40
KB0009978,P-002287,KH-PHX-01,Phoenix,2026-09-05,walk-in,completed,2026-09-05 12:37
KB0003128,P-000557,KH-DAL-01,Dallas,2026-05-21,walk-in,completed,2026-05-21 09:04
KB0005216,P-002184,KH-PHX-01,Phoenix,2026-06-23,phone,completed,2026-06-23 12:31
KB0000068,P-000091,KH-DAL-03,Dallas,2026-04-02,walk-in,cancelled,2026-04-02 18:31
KB0006998,P-001296,KH-PHX-03,Phoenix,2026-07-21,walk-in,completed,2026-07-21 18:26
KB0001875,P-001008,KH-DAL-03,Dallas,2026-05-01,online,completed,2026-05-01 08:53
KB0003731,P-004137,KH-CHI-02,Chicago,2026-05-30,online,completed,2026-05-30 17:23
KB0002734,P-005611,KH-ATL-02,Atlanta,2026-05-14,at-home,completed,2026-05-14 12:10
KB0009277,P-005297,KH-ATL-02,Atlanta,2026-08-25,at-home,completed,2026-08-25 16:47
KB0000909,P-000584,KH-DAL-01,Dallas,2026-04-15,,completed,2026-04-15 19:39
KB0006235,P-002360,KH-PHX-03,Phoenix,2026-07-09,walk-in,completed,2026-07-09 14:30
KB0008751,P-005473,KH-ATL-02,Atlanta,2026-08-17,walk-in,completed,2026-08-17 17:13
KB0004359,P-005747,KH-ATL-02,Atlanta,2026-06-09,online,completed,2026-06-09 17:44
KB0001326,P-006114,KH-PHI-02,Philadelphia,2026-04-21,walk-in,completed,2026-04-21 08:11
KB0001710,P-002989,KH-NYC-01,New York,2026-04-28,online,completed,2026-04-28 16:17
KB0006814,P-002294,KH-PHX-02,Phoenix,2026-07-18,walk-in,completed,2026-07-18 14:01
KB0006379,P-003132,KH-NYC-02,New York,2026-07-11,walk-in,completed,2026-07-11 12:37
KB0005044,P-003771,KH-NYC-02,New York,2026-06-20,phone,completed,2026-06-20 16:37
KB0007101,P-005325,KH-ATL-02,Atlanta,2026-07-22,online,completed,2026-07-22 16:00
KB0009949,P-006143,KH-PHI-02,Philadelphia,2026-09-04,walk-in,completed,2026-09-04 14:49
KB0007444,P-001336,KH-PHX-03,Phoenix,2026-07-28,walk-in,completed,2026-07-28 12:30
KB0009986,P-002959,KH-NYC-01,New York,2026-09-05,walk-in,completed,2026-09-05 16:19
KB0003758,P-000182,KH-DAL-01,Dallas,2026-05-31,at-home,cancelled,2026-05-31 13:36
KB0010563,P-003732,KH-NYC-02,New York,2026-09-14,at-home,completed,2026-09-14 15:47
KB0003896,P-003037,KH-NYC-02,New York,2026-06-02,online,completed,2026-06-02 16:37
KB0004940,P-005605,KH-ATL-02,Atlanta,2026-06-18,online,completed,2026-06-18 13:39
KB0009184,P-002456,KH-NYC-02,New York,2026-08-24,walk-in,completed,2026-08-24 08:13
KB0005518,P-000315,KH-DAL-03,Dallas,2026-06-28,walk-in,completed,2026-06-28 16:13
KB0002263,P-001774,KH-PHX-03,Phoenix,2026-05-07,walk-in,completed,2026-05-07 19:16
KB0011473,P-005050,KH-ATL-01,Atlanta,2026-09-27,walk-in,completed,2026-09-27 09:49
KB0003874,P-000377,KH-DAL-02,Dallas,2026-06-02,online,completed,2026-06-02 12:57
KB0009033,P-005216,KH-ATL-03,Atlanta,2026-08-21,phone,completed,2026-08-21 14:33
KB0008995,P-000115,KH-DAL-02,Dallas,2026-08-21,at-home,completed,2026-08-21 09:43
KB0009758,P-002023,KH-PHX-03,Phoenix,2026-09-02,walk-in,completed,2026-09-02 16:13
KB0001570,P-006291,KH-PHI-03,Philadelphia,2026-04-25,walk-in,completed,2026-04-25 08:34
KB0002721,P-002666,KH-NYC-01,New York,2026-05-14,walk-in,completed,2026-05-14 10:37
KB0007245,P-005659,KH-ATL-01,Atlanta,2026-07-24,at-home,completed,2026-07-24 16:32
KB0004380,P-000257,KH-DAL-03,Dallas,2026-06-10,phone,completed,2026-06-10 12:05
KB0003079,P-001963,KH-PHX-01,Phoenix,2026-05-20,phone,completed,2026-05-20 09:45
KB0008854,P-001709,KH-PHX-01,Phoenix,2026-08-19,walk-in,cancelled,2026-08-19 09:10
KB0007122,P-001008,KH-DAL-02,Dallas,2026-07-23,walk-in,completed,2026-07-23 16:00
KB0004508,P-000063,KH-DAL-02,Dallas,2026-06-12,walk-in,completed,2026-06-12 17:50
KB0002874,P-005065,KH-ATL-02,Atlanta,2026-05-16,walk-in,completed,2026-05-16 09:23
KB0005281,P-001547,KH-PHX-01,Phoenix,2026-06-24,online,completed,2026-06-24 13:35
KB0001131,P-003861,KH-NYC-01,New York,2026-04-18,online,completed,2026-04-18 14:55
KB0001365,P-002641,KH-NYC-02,New York,2026-04-22,walk-in,completed,2026-04-22 19:06
KB0001747,P-000859,KH-DAL-02,Dallas,2026-04-29,phone,completed,2026-04-29 12:44
KB0011687,P-005426,KH-ATL-02,Atlanta,2026-09-30,walk-in,completed,2026-09-30 09:13
KB0003148,P-003499,KH-NYC-02,New York,2026-05-21,walk-in,completed,2026-05-21 08:05
KB0007788,P-005446,KH-ATL-01,Atlanta,2026-08-02,walk-in,completed,2026-08-02 08:30
KB0004154,P-001588,KH-PHX-01,Phoenix,2026-06-06,walk-in,completed,2026-06-06 12:22
KB0000408,P-000588,KH-DAL-02,Dallas,2026-04-07,walk-in,completed,2026-04-07 16:20
KB0006345,P-001049,KH-DAL-03,Dallas,2026-07-11,phone,completed,2026-07-11 13:48
KB0006510,P-006426,KH-PHI-03,Philadelphia,2026-07-13,walk-in,completed,2026-07-13 13:44
KB0005341,P-001404,KH-PHX-01,Phoenix,2026-06-25,phone,completed,2026-06-25 19:26
KB0003409,P-005533,KH-ATL-01,Atlanta,2026-05-25,phone,completed,2026-05-25 14:22
KB0008292,P-004361,KH-CHI-02,Chicago,2026-08-10,at-home,completed,2026-08-10 14:48
KB0003174,P-006138,KH-PHI-01,Philadelphia,2026-05-21,walk-in,completed,2026-05-21 13:39
KB0005438,P-005246,KH-ATL-01,Atlanta,2026-06-26,walk-in,completed,2026-06-26 12:38
KB0005134,P-001024,KH-DAL-02,Dallas,2026-06-22,walk-in,completed,2026-06-22 17:21
KB0010061,P-005473,KH-ATL-02,Atlanta,2026-09-06,online,completed,2026-09-06 13:40
KB0006537,P-001685,KH-PHX-02,Phoenix,2026-07-14,at-home,completed,2026-07-14 17:57
KB0007063,P-000593,KH-DAL-01,Dallas,2026-07-22,online,completed,2026-07-22 17:43
KB0007388,P-002109,KH-PHX-01,Phoenix,2026-07-27,online,completed,2026-07-27 10:38
KB0009423,P-000826,KH-DAL-02,Dallas,2026-08-28,walk-in,completed,2026-08-28 18:16
KB0011537,P-005365,KH-ATL-02,Atlanta,2026-09-28,phone,completed,2026-09-28 16:15
KB0002633,P-001796,KH-PHX-02,Phoenix,2026-05-13,walk-in,completed,2026-05-13 18:49
KB0010942,P-000795,KH-DAL-02,Dallas,2026-09-20,phone,completed,2026-09-20 17:10
KB0005264,P-000347,KH-DAL-02,Dallas,2026-06-24,at-home,completed,2026-06-24 09:09
KB0006377,P-003098,KH-NYC-03,New York,2026-07-11,online,completed,2026-07-11 18:09
KB0007753,P-000617,KH-DAL-02,Dallas,2026-08-02,walk-in,completed,2026-08-02 19:15
KB0009025,P-004836,KH-CHI-03,Chicago,2026-08-21,online,completed,2026-08-21 18:03
KB0006131,P-000583,KH-DAL-02,Dallas,2026-07-08,walk-in,completed,2026-07-08 19:19
KB0006784,P-005263,KH-ATL-02,Atlanta,2026-07-17,walk-in,completed,2026-07-17 19:59
KB0004031,P-002623,KH-NYC-01,New York,2026-06-04,online,completed,2026-06-04 12:15
KB0010579,P-004816,KH-CHI-02,Chicago,2026-09-14,online,completed,2026-09-14 16:11
KB0006962,P-005181,KH-ATL-01,Atlanta,2026-07-20,walk-in,completed,2026-07-20 10:14
KB0009297,P-000286,KH-DAL-02,Dallas,2026-08-26,online,completed,2026-08-26 10:00
KB0000228,P-000586,KH-DAL-01,Dallas,2026-04-04,at-home,completed,2026-04-04 13:20
KB0008261,P-002157,KH-PHX-02,Phoenix,2026-08-10,phone,completed,2026-08-10 10:35
KB0008830,P-006162,KH-PHI-01,Philadelphia,2026-08-18,at-home,completed,2026-08-18 17:52
KB0001696,P-002253,KH-PHX-01,Phoenix,2026-04-28,online,cancelled,2026-04-28 17:43
KB0004074,P-000186,KH-DAL-03,Dallas,2026-06-05,phone,cancelled,2026-06-05 18:48
KB0010472,P-005620,KH-ATL-01,Atlanta,2026-09-12,walk-in,completed,2026-09-12 18:44
KB0008385,P-000418,KH-DAL-02,Dallas,2026-08-12,at-home,completed,2026-08-12 12:58
KB0000333,P-005316,KH-ATL-02,Atlanta,2026-04-05,walk-in,completed,2026-04-05 16:57
KB0007249,P-005778,KH-PHI-01,Philadelphia,2026-07-24,at-home,completed,2026-07-24 19:53
KB0005611,P-004339,KH-CHI-01,Chicago,2026-06-29,walk-in,completed,2026-06-29 11:44
KB0006129,P-000123,KH-DAL-02,Dallas,2026-07-08,online,completed,2026-07-08 14:48
KB0000862,P-003238,KH-NYC-01,New York,2026-04-14,online,completed,2026-04-14 09:00
KB0010077,P-000218,KH-DAL-01,Dallas,2026-09-07,online,completed,2026-09-07 08:25
KB0008949,P-003241,KH-NYC-03,New York,2026-08-20,walk-in,completed,2026-08-20 17:48
KB0008528,P-001721,KH-PHX-01,Phoenix,2026-08-14,phone,completed,2026-08-14 18:35
KB0008270,P-001320,KH-PHX-03,Phoenix,2026-08-10,online,completed,2026-08-10 09:05
KB0003457,P-004357,KH-CHI-02,Chicago,2026-05-26,online,completed,2026-05-26 14:15
KB0010438,P-001840,KH-PHX-03,Phoenix,2026-09-12,at-home,cancelled,2026-09-12 17:15
KB0003839,P-004442,KH-CHI-03,Chicago,2026-06-01,phone,completed,2026-06-01 13:07
KB0006614,P-001594,KH-PHX-02,Phoenix,2026-07-15,walk-in,completed,2026-07-15 15:44
KB0003552,P-000086,KH-DAL-03,Dallas,2026-05-28,at-home,completed,2026-05-28 14:49
KB0005567,P-000920,KH-DAL-03,Dallas,2026-06-29,at-home,completed,2026-06-29 08:10
KB0010059,P-004957,KH-ATL-01,Atlanta,2026-09-06,online,completed,2026-09-06 11:49
KB0010621,P-001495,KH-PHX-01,Phoenix,2026-09-15,walk-in,completed,2026-09-15 14:54
KB0000449,P-004325,KH-CHI-03,Chicago,2026-04-07,phone,completed,2026-04-07 14:41
KB0001085,P-004611,KH-CHI-01,Chicago,2026-04-17,online,completed,2026-04-17 12:13
KB0006891,P-002913,KH-NYC-03,New York,2026-07-19,online,completed,2026-07-19 15:16
KB0005964,P-002393,KH-PHX-02,Phoenix,2026-07-05,walk-in,completed,2026-07-05 18:32
KB0003863,P-006295,KH-PHI-01,Philadelphia,2026-06-01,at-home,completed,2026-06-01 11:42
KB0000130,P-005372,KH-ATL-01,Atlanta,2026-04-02,walk-in,completed,2026-04-02 15:27
KB0000443,P-004556,KH-CHI-01,Chicago,2026-04-07,phone,completed,2026-04-07 08:11
KB0005771,P-002362,KH-PHX-03,Phoenix,2026-07-02,online,cancelled,2026-07-02 08:00
KB0001921,P-005868,KH-PHI-01,Philadelphia,2026-05-01,online,completed,2026-05-01 12:30
KB0002419,P-002479,KH-NYC-01,New York,2026-05-09,at-home,completed,2026-05-09 17:25
KB0002539,P-003650,KH-NYC-02,New York,2026-05-11,walk-in,completed,2026-05-11 14:39
KB0005906,P-000589,KH-DAL-03,Dallas,2026-07-04,online,completed,2026-07-04 19:55
KB0004296,P-006690,KH-PHI-03,Philadelphia,2026-06-08,online,completed,2026-06-08 12:13
KB0009844,P-003568,KH-NYC-02,New York,2026-09-03,phone,completed,2026-09-03 10:43
KB0009588,P-004577,KH-CHI-03,Chicago,2026-08-30,phone,completed,2026-08-30 09:17
KB0008741,P-004392,KH-CHI-02,Chicago,2026-08-17,walk-in,completed,2026-08-17 14:20
KB0010072,P-000065,KH-DAL-02,Dallas,2026-09-07,phone,completed,2026-09-07 13:27
KB0001139,P-002735,KH-NYC-01,New York,2026-04-18,at-home,completed,2026-04-18 13:44
KB0003201,P-001591,KH-PHX-02,Phoenix,2026-05-22,at-home,completed,2026-05-22 16:43
KB0010259,P-005201,KH-ATL-02,Atlanta,2026-09-09,online,completed,2026-09-09 16:38
KB0001609,P-004355,KH-CHI-02,Chicago,2026-04-26,walk-in,completed,2026-04-26 10:42
KB0010263,P-005180,KH-ATL-02,Atlanta,2026-09-09,phone,completed,2026-09-09 08:47
KB0009920,P-003202,KH-NYC-02,New York,2026-09-04,walk-in,completed,2026-09-04 10:00
KB0011668,P-003120,KH-NYC-01,New York,2026-09-30,walk-in,completed,2026-09-30 10:49
KB0007259,P-000101,KH-DAL-02,Dallas,2026-07-25,online,completed,2026-07-25 16:23
KB0008737,P-002607,KH-NYC-01,New York,2026-08-17,walk-in,completed,2026-08-17 19:52
KB0011234,P-002246,KH-PHX-02,Phoenix,2026-09-24,phone,completed,2026-09-24 13:55
KB0003060,P-000805,KH-DAL-02,Dallas,2026-05-20,phone,completed,2026-05-20 15:29
KB0004443,P-000267,KH-DAL-03,Dallas,2026-06-11,online,completed,2026-06-11 13:59
KB0006391,P-005388,KH-ATL-01,Atlanta,2026-07-11,online,completed,2026-07-11 10:48
KB0005244,P-004541,KH-CHI-02,Chicago,2026-06-23,walk-in,completed,2026-06-23 09:40
KB0009697,P-001832,KH-PHX-01,Phoenix,2026-09-01,online,completed,2026-09-01 10:54
KB0009224,P-000444,KH-DAL-02,Dallas,2026-08-25,walk-in,completed,2026-08-25 09:46
KB0005410,P-001723,KH-PHX-01,Phoenix,2026-06-26,walk-in,completed,2026-06-26 08:53
KB0009063,P-002360,KH-PHX-02,Phoenix,2026-08-22,at-home,completed,2026-08-22 15:54
KB0004173,P-004247,KH-CHI-03,Chicago,2026-06-06,walk-in,completed,2026-06-06 09:50
KB0002274,P-002163,KH-PHX-03,Phoenix,2026-05-07,walk-in,completed,2026-05-07 09:57
KB0006076,P-000497,KH-DAL-02,Dallas,2026-07-07,walk-in,completed,2026-07-07 14:01
KB0006182,P-004217,KH-CHI-01,Chicago,2026-07-08,walk-in,completed,2026-07-08 12:12
KB0004315,P-000090,KH-DAL-03,Dallas,2026-06-09,walk-in,completed,2026-06-09 09:49
KB0006681,P-002184,KH-PHX-01,Phoenix,2026-07-16,walk-in,completed,2026-07-16 12:25
KB0001870,P-001237,KH-DAL-03,Dallas,2026-05-01,at-home,completed,2026-05-01 16:28
KB0000301,P-001204,KH-DAL-03,Dallas,2026-04-05,walk-in,completed,2026-04-05 10:41
KB0005569,P-000152,KH-DAL-02,Dallas,2026-06-29,phone,completed,2026-06-29 17:25
KB0005277,P-001961,KH-PHX-03,Phoenix,2026-06-24,online,completed,2026-06-24 08:32
KB0003751,P-000627,KH-DAL-01,Dallas,2026-05-31,phone,completed,2026-05-31 09:40
KB0000696,P-003830,KH-NYC-03,New York,2026-04-11,phone,completed,2026-04-11 17:26
KB0005024,P-000418,KH-DAL-03,Dallas,2026-06-20,walk-in,completed,2026-06-20 11:14
KB0000488,P-001627,KH-PHX-01,Phoenix,2026-04-08,online,completed,2026-04-08 08:16
KB0004484,P-004696,KH-CHI-03,Chicago,2026-06-11,online,completed,2026-06-11 16:38
KB0009515,P-002805,KH-NYC-02,New York,2026-08-29,walk-in,cancelled,2026-08-29 13:58
KB0003436,P-002240,KH-PHX-02,Phoenix,2026-05-26,walk-in,completed,2026-05-26 14:11
KB0007007,P-001803,KH-PHX-01,Phoenix,2026-07-21,walk-in,completed,2026-07-21 14:28
KB0001926,P-006294,KH-PHI-01,Philadelphia,2026-05-01,walk-in,completed,2026-05-01 19:51
KB0008357,P-004155,KH-CHI-01,Chicago,2026-08-11,online,completed,2026-08-11 11:45
KB0007302,P-004662,KH-CHI-01,Chicago,2026-07-25,at-home,completed,2026-07-25 08:14
KB0005290,P-003353,KH-NYC-03,New York,2026-06-24,walk-in,completed,2026-06-24 15:23
KB0002355,P-003903,KH-NYC-02,New York,2026-05-08,phone,completed,2026-05-08 13:14
KB0004774,P-001411,KH-PHX-03,Phoenix,2026-06-16,phone,completed,2026-06-16 13:20
KB0003713,P-001626,KH-PHX-01,Phoenix,2026-05-30,phone,completed,2026-05-30 18:51
KB0005472,P-001907,KH-PHX-03,Phoenix,2026-06-27,phone,completed,2026-06-27 18:19
KB0007534,P-004758,KH-CHI-01,Chicago,2026-07-29,online,completed,2026-07-29 13:11
KB0007538,P-004280,KH-CHI-01,Chicago,2026-07-29,walk-in,completed,2026-07-29 14:53
KB0003525,P-003744,KH-NYC-01,New York,2026-05-27,online,completed,2026-05-27 19:08
KB0010714,P-005766,KH-PHI-03,Philadelphia,2026-09-16,phone,completed,2026-09-16 17:37
KB0009071,P-001264,KH-PHX-02,Phoenix,2026-08-22,online,completed,2026-08-22 09:09
KB0006594,P-000206,KH-DAL-02,Dallas,2026-07-15,walk-in,completed,2026-07-15 08:34
KB0010629,P-002716,KH-NYC-02,New York,2026-09-15,walk-in,completed,2026-09-15 19:21
KB0009695,P-002163,KH-PHX-03,Phoenix,2026-09-01,phone,completed,2026-09-01 16:23
KB0003590,P-003263,KH-NYC-02,New York,2026-05-28,online,completed,2026-05-28 12:11
KB0003451,P-003036,KH-NYC-02,New York,2026-05-26,walk-in,completed,2026-05-26 14:10
KB0003927,P-006336,KH-PHI-03,Philadelphia,2026-06-02,online,completed,2026-06-02 16:38
KB0001163,P-005890,KH-PHI-01,Philadelphia,2026-04-18,at-home,completed,2026-04-18 18:15
KB0001935,P-001250,KH-DAL-01,Dallas,2026-05-02,walk-in,completed,2026-05-02 08:40
KB0005451,P-000280,KH-DAL-03,Dallas,2026-06-27,walk-in,completed,2026-06-27 08:41
KB0010194,P-005300,KH-ATL-01,Atlanta,2026-09-08,,completed,2026-09-08 12:15
KB0000165,P-001915,KH-PHX-02,Phoenix,2026-04-03,online,cancelled,2026-04-03 13:11
KB0008639,P-005020,KH-ATL-02,Atlanta,2026-08-15,walk-in,completed,2026-08-15 11:31
KB0009958,P-000097,KH-DAL-03,Dallas,2026-09-05,walk-in,completed,2026-09-05 14:19
KB0002528,P-003840,KH-NYC-02,New York,2026-05-11,online,completed,2026-05-11 14:55
KB0002381,P-006496,KH-PHI-01,Philadelphia,2026-05-08,walk-in,completed,2026-05-08 13:22
KB0003119,P-001097,KH-DAL-01,Dallas,2026-05-21,at-home,completed,2026-05-21 17:55
KB0002033,P-004688,KH-CHI-03,Chicago,2026-05-03,phone,completed,2026-05-03 12:26
KB0005288,P-002616,KH-NYC-01,New York,2026-06-24,online,completed,2026-06-24 10:06
KB0005492,P-004358,KH-CHI-01,Chicago,2026-06-27,walk-in,completed,2026-06-27 14:40
KB0003270,P-003141,KH-NYC-02,New York,2026-05-23,walk-in,completed,2026-05-23 10:17
KB0008960,P-004939,KH-CHI-01,Chicago,2026-08-20,walk-in,completed,2026-08-20 14:25
KB0006431,P-003115,KH-NYC-02,New York,2026-07-12,phone,completed,2026-07-12 17:47
KB0006904,P-005159,KH-ATL-02,Atlanta,2026-07-19,online,completed,2026-07-19 11:27
KB0002526,P-003287,KH-NYC-03,New York,2026-05-11,phone,completed,2026-05-11 16:49
KB0008785,P-001580,KH-PHX-01,Phoenix,2026-08-18,at-home,completed,2026-08-18 14:13
KB0003268,P-002369,KH-PHX-01,Phoenix,2026-05-23,online,completed,2026-05-23 14:25
KB0009831,P-002252,KH-PHX-01,Phoenix,2026-09-03,online,completed,2026-09-03 17:20
KB0001086,P-004300,KH-CHI-02,Chicago,2026-04-17,phone,completed,2026-04-17 13:42
KB0002960,P-001541,KH-PHX-03,Phoenix,2026-05-18,walk-in,completed,2026-05-18 16:55
KB0009329,P-004741,KH-CHI-02,Chicago,2026-08-26,walk-in,completed,2026-08-26 11:14
KB0002570,P-000990,KH-DAL-02,Dallas,2026-05-12,at-home,completed,2026-05-12 14:01
KB0009735,P-005326,KH-ATL-02,Atlanta,2026-09-01,phone,completed,2026-09-01 17:50
KB0008142,P-000620,KH-DAL-02,Dallas,2026-08-08,walk-in,completed,2026-08-08 17:36
KB0009556,P-001095,KH-DAL-02,Dallas,2026-08-30,walk-in,completed,2026-08-30 08:35
KB0002977,P-004685,KH-CHI-02,Chicago,2026-05-18,walk-in,completed,2026-05-18 17:40
KB0006501,P-005629,KH-ATL-02,Atlanta,2026-07-13,walk-in,completed,2026-07-13 11:28
KB0010195,P-005007,KH-ATL-02,Atlanta,2026-09-08,phone,completed,2026-09-08 17:21
KB0009602,P-005592,KH-ATL-02,Atlanta,2026-08-30,at-home,completed,2026-08-30 17:49
KB0000732,P-001058,KH-DAL-03,Dallas,2026-04-12,at-home,completed,2026-04-12 19:28
KB0001994,P-005855,KH-PHI-03,Philadelphia,2026-05-02,at-home,completed,2026-05-02 13:10
KB0010873,P-000730,KH-DAL-01,Dallas,2026-09-19,phone,completed,2026-09-19 13:31
KB0003851,P-005537,KH-ATL-02,Atlanta,2026-06-01,walk-in,completed,2026-06-01 11:53
KB0006007,P-001243,KH-DAL-03,Dallas,2026-07-06,walk-in,completed,2026-07-06 12:14
KB0002636,P-002327,KH-PHX-03,Phoenix,2026-05-13,at-home,completed,2026-05-13 10:19
KB0010719,P-006261,KH-PHI-03,Philadelphia,2026-09-16,online,completed,2026-09-16 09:56
KB0001224,P-001224,KH-DAL-01,Dallas,2026-04-20,walk-in,completed,2026-04-20 16:27
KB0000468,P-000938,KH-DAL-03,Dallas,2026-04-08,online,completed,2026-04-08 13:06
KB0007320,P-005893,KH-PHI-03,Philadelphia,2026-07-25,online,completed,2026-07-25 19:56
KB0008637,P-005371,KH-ATL-02,Atlanta,2026-08-15,online,completed,2026-08-15 15:30
KB0003924,P-006196,KH-PHI-02,Philadelphia,2026-06-02,walk-in,completed,2026-06-02 08:50
KB0006253,P-004837,KH-CHI-01,Chicago,2026-07-09,walk-in,completed,2026-07-09 17:34
KB0003024,P-002013,KH-PHX-01,Phoenix,2026-05-19,phone,completed,2026-05-19 17:01
KB0008865,P-001959,KH-PHX-01,Phoenix,2026-08-19,walk-in,completed,2026-08-19 09:46
KB0000224,P-000190,KH-DAL-01,Dallas,2026-04-04,walk-in,completed,2026-04-04 19:57
KB0004730,P-004096,KH-CHI-02,Chicago,2026-06-15,phone,cancelled,2026-06-15 10:40
KB0002974,P-002898,KH-NYC-03,New York,2026-05-18,phone,completed,2026-05-18 13:10
KB0002740,P-005980,KH-PHI-03,Philadelphia,2026-05-14,phone,completed,2026-05-14 11:48
KB0008369,P-005266,KH-ATL-02,Atlanta,2026-08-11,at-home,completed,2026-08-11 17:57
KB0004595,P-001962,KH-PHX-03,Phoenix,2026-06-13,online,completed,2026-06-13 14:10
KB0002180,P-004100,KH-CHI-02,Chicago,2026-05-05,walk-in,completed,2026-05-05 11:50
KB0010419,P-000397,KH-DAL-03,Dallas,2026-09-12,walk-in,completed,2026-09-12 13:13
KB0001802,P-006268,KH-PHI-02,Philadelphia,2026-04-29,walk-in,completed,2026-04-29 18:05
KB0001115,P-000686,KH-DAL-03,Dallas,2026-04-18,online,completed,2026-04-18 15:07
KB0007157,P-003401,KH-NYC-03,New York,2026-07-23,walk-in,completed,2026-07-23 16:02
KB0003867,P-001019,KH-DAL-03,Dallas,2026-06-02,walk-in,cancelled,2026-06-02 08:57
KB0006956,P-004043,KH-CHI-01,Chicago,2026-07-20,phone,completed,2026-07-20 09:17
KB0006100,P-003721,KH-NYC-03,New York,2026-07-07,walk-in,completed,2026-07-07 18:16
KB0000779,P-001009,KH-DAL-02,Dallas,2026-04-13,phone,completed,2026-04-13 10:57
KB0008033,P-004360,KH-CHI-03,Chicago,2026-08-06,phone,cancelled,2026-08-06 10:31
KB0007852,P-005048,KH-ATL-01,Atlanta,2026-08-03,walk-in,completed,2026-08-03 08:10
KB0003905,P-003599,KH-NYC-01,New York,2026-06-02,walk-in,completed,2026-06-02 11:26
KB0004293,P-005715,KH-ATL-01,Atlanta,2026-06-08,online,completed,2026-06-08 08:08
KB0004161,P-002625,KH-NYC-02,New York,2026-06-06,phone,completed,2026-06-06 14:28
KB0008863,P-002376,KH-PHX-01,Phoenix,2026-08-19,walk-in,completed,2026-08-19 14:01
KB0010802,P-000521,KH-DAL-02,Dallas,2026-09-18,walk-in,completed,2026-09-18 16:56
KB0008240,P-006080,KH-PHI-01,Philadelphia,2026-08-09,walk-in,completed,2026-08-09 18:53
KB0004582,P-000552,KH-DAL-03,Dallas,2026-06-13,walk-in,completed,2026-06-13 16:44
KB0007609,P-005034,KH-ATL-02,Atlanta,2026-07-30,online,completed,2026-07-30 16:24
KB0000931,P-001815,KH-PHX-03,Phoenix,2026-04-15,walk-in,completed,2026-04-15 19:26
KB0003195,P-001580,KH-PHX-02,Phoenix,2026-05-22,walk-in,completed,2026-05-22 09:51
KB0002518,P-001638,KH-PHX-02,Phoenix,2026-05-11,walk-in,completed,2026-05-11 17:55
KB0001413,P-001680,KH-PHX-03,Phoenix,2026-04-23,walk-in,completed,2026-04-23 14:00
KB0001628,P-000377,KH-DAL-01,Dallas,2026-04-27,walk-in,completed,2026-04-27 11:29
KB0000878,P-004340,KH-CHI-03,Chicago,2026-04-14,phone,completed,2026-04-14 12:21
KB0008615,P-002943,KH-NYC-02,New York,2026-08-15,walk-in,completed,2026-08-15 13:12
KB0001343,P-000484,KH-DAL-02,Dallas,2026-04-22,walk-in,completed,2026-04-22 13:57
KB0003393,P-004653,KH-CHI-03,Chicago,2026-05-25,walk-in,completed,2026-05-25 19:54
KB0007969,P-004484,KH-CHI-03,Chicago,2026-08-05,walk-in,completed,2026-08-05 13:53
KB0001828,P-001537,KH-PHX-01,Phoenix,2026-04-30,walk-in,completed,2026-04-30 17:06
KB0004193,P-000465,KH-DAL-01,Dallas,2026-06-07,online,completed,2026-06-07 11:59
KB0009077,P-003640,KH-NYC-03,New York,2026-08-22,phone,completed,2026-08-22 10:49
KB0005979,P-004352,KH-CHI-03,Chicago,2026-07-05,at-home,completed,2026-07-05 11:24
KB0004951,P-000654,KH-DAL-03,Dallas,2026-06-19,phone,completed,2026-06-19 12:42
KB0001883,P-001378,KH-PHX-01,Phoenix,2026-05-01,phone,completed,2026-05-01 08:11
KB0006020,P-002143,KH-PHX-02,Phoenix,2026-07-06,online,completed,2026-07-06 17:39
KB0002068,P-000872,KH-DAL-01,Dallas,2026-05-04,online,completed,2026-05-04 09:18
KB0007303,P-005510,KH-ATL-02,Atlanta,2026-07-25,online,completed,2026-07-25 10:42
KB0003591,P-003841,KH-NYC-02,New York,2026-05-28,online,completed,2026-05-28 17:29
KB0000750,P-002878,KH-NYC-01,New York,2026-04-12,walk-in,completed,2026-04-12 17:39
KB0010430,P-002376,KH-PHX-01,Phoenix,2026-09-12,at-home,completed,2026-09-12 19:25
KB0005201,P-000948,KH-DAL-03,Dallas,2026-06-23,online,completed,2026-06-23 13:53
KB0007814,P-000090,KH-DAL-02,Dallas,2026-08-03,walk-in,completed,2026-08-03 14:20
KB0006359,P-001261,KH-PHX-03,Phoenix,2026-07-11,walk-in,completed,2026-07-11 19:06
KB0004171,P-004822,KH-CHI-02,Chicago,2026-06-06,online,completed,2026-06-06 11:00
KB0001813,P-000173,KH-DAL-01,Dallas,2026-04-30,walk-in,completed,2026-04-30 08:29
KB0011650,P-001512,KH-PHX-03,Phoenix,2026-09-30,walk-in,completed,2026-09-30 14:20
KB0010126,P-005158,KH-ATL-02,Atlanta,2026-09-07,walk-in,completed,2026-09-07 14:52
KB0011011,P-001627,KH-PHX-02,Phoenix,2026-09-21,walk-in,completed,2026-09-21 13:09
KB0005651,P-001575,KH-PHX-03,Phoenix,2026-06-30,phone,completed,2026-06-30 11:31
KB0005542,P-004280,KH-CHI-03,Chicago,2026-06-28,phone,completed,2026-06-28 09:20
KB0009964,P-000957,KH-DAL-03,Dallas,2026-09-05,phone,completed,2026-09-05 09:00
KB0004625,P-004155,KH-CHI-01,Chicago,2026-06-13,phone,completed,2026-06-13 09:53
KB0004435,P-005845,KH-PHI-03,Philadelphia,2026-06-10,walk-in,completed,2026-06-10 09:02
KB0011555,P-000472,KH-DAL-02,Dallas,2026-09-29,online,completed,2026-09-29 17:57
KB0006932,P-002440,KH-PHX-02,Phoenix,2026-07-20,walk-in,completed,2026-07-20 14:06
KB0000805,P-003715,KH-NYC-01,New York,2026-04-13,phone,completed,2026-04-13 13:31
KB0008101,P-002789,KH-NYC-01,New York,2026-08-07,walk-in,cancelled,2026-08-07 16:41
KB0001722,P-004418,KH-CHI-01,Chicago,2026-04-28,phone,completed,2026-04-28 13:41
KB0003784,P-005162,KH-ATL-02,Atlanta,2026-05-31,walk-in,completed,2026-05-31 10:23
KB0011072,P-000913,KH-DAL-01,Dallas,2026-09-22,online,completed,2026-09-22 11:03
KB0001811,P-001127,KH-DAL-03,Dallas,2026-04-30,at-home,completed,2026-04-30 08:14
KB0002650,P-003847,KH-NYC-01,New York,2026-05-13,at-home,completed,2026-05-13 09:05
KB0003068,P-000884,KH-DAL-03,Dallas,2026-05-20,walk-in,completed,2026-05-20 18:57
KB0010531,P-006109,KH-PHI-01,Philadelphia,2026-09-13,online,completed,2026-09-13 09:29
KB0009094,P-004442,KH-CHI-01,Chicago,2026-08-22,at-home,completed,2026-08-22 13:21
KB0006791,P-005870,KH-PHI-03,Philadelphia,2026-07-17,online,completed,2026-07-17 17:12
KB0007571,P-001838,KH-PHX-02,Phoenix,2026-07-30,walk-in,completed,2026-07-30 09:23
KB0008654,P-001240,KH-DAL-03,Dallas,2026-08-16,phone,completed,2026-08-16 08:18
KB0005830,P-000639,KH-DAL-03,Dallas,2026-07-03,walk-in,completed,2026-07-03 13:40
KB0003151,P-002502,KH-NYC-01,New York,2026-05-21,walk-in,completed,2026-05-21 18:59
KB0007616,P-006140,KH-PHI-02,Philadelphia,2026-07-30,walk-in,completed,2026-07-30 11:33
KB0002899,P-001771,KH-PHX-02,Phoenix,2026-05-17,,completed,2026-05-17 13:26
KB0000951,P-005031,KH-ATL-02,Atlanta,2026-04-15,online,completed,2026-04-15 09:21
KB0011669,P-002635,KH-NYC-02,New York,2026-09-30,walk-in,completed,2026-09-30 16:07
KB0004831,P-000728,KH-DAL-03,Dallas,2026-06-17,walk-in,completed,2026-06-17 16:53
KB0002694,P-001210,KH-DAL-02,Dallas,2026-05-14,online,completed,2026-05-14 10:51
KB0004269,P-001861,KH-PHX-01,Phoenix,2026-06-08,walk-in,completed,2026-06-08 17:04
KB0004694,P-000642,KH-DAL-01,Dallas,2026-06-15,walk-in,completed,2026-06-15 14:41
KB0008674,P-002555,KH-NYC-01,New York,2026-08-16,walk-in,completed,2026-08-16 18:41
KB0008703,P-000773,KH-DAL-03,Dallas,2026-08-17,walk-in,completed,2026-08-17 14:26
KB0006610,P-001461,KH-PHX-02,Phoenix,2026-07-15,phone,completed,2026-07-15 15:59
KB0004165,P-002454,KH-NYC-03,New York,2026-06-06,,completed,2026-06-06 16:21
KB0003408,P-005462,KH-ATL-02,Atlanta,2026-05-25,walk-in,completed,2026-05-25 19:29
KB0004299,P-006661,KH-PHI-02,Philadelphia,2026-06-08,phone,completed,2026-06-08 16:39
KB0001612,P-005100,KH-ATL-02,Atlanta,2026-04-26,walk-in,completed,2026-04-26 09:05
KB0003509,P-001553,KH-PHX-01,Phoenix,2026-05-27,at-home,completed,2026-05-27 18:53
KB0000664,P-000953,KH-DAL-01,Dallas,2026-04-11,walk-in,completed,2026-04-11 15:05
KB0003042,P-005183,KH-ATL-02,Atlanta,2026-05-19,walk-in,completed,2026-05-19 11:25
KB0002081,P-001355,KH-PHX-01,Phoenix,2026-05-04,walk-in,completed,2026-05-04 11:15
KB0007203,P-000218,KH-DAL-02,Dallas,2026-07-24,online,completed,2026-07-24 14:43
KB0008555,P-004067,KH-CHI-03,Chicago,2026-08-14,online,completed,2026-08-14 14:12
KB0000059,P-006038,KH-PHI-01,Philadelphia,2026-04-01,at-home,completed,2026-04-01 12:21
KB0008462,P-001449,KH-PHX-03,Phoenix,2026-08-13,at-home,completed,2026-08-13 15:26
KB0008958,P-004434,KH-CHI-03,Chicago,2026-08-20,walk-in,completed,2026-08-20 21:45
KB0009768,P-001832,KH-PHX-01,Phoenix,2026-09-02,at-home,completed,2026-09-02 12:35
KB0004278,P-003123,KH-NYC-03,New York,2026-06-08,walk-in,completed,2026-06-08 12:23
KB0003422,P-000328,KH-DAL-03,Dallas,2026-05-26,online,completed,2026-05-26 09:48
KB0009341,P-006184,KH-PHI-02,Philadelphia,2026-08-26,online,completed,2026-08-26 18:06
KB0000481,P-001498,KH-PHX-02,Phoenix,2026-04-08,walk-in,completed,2026-04-08 09:24
KB0005915,P-001523,KH-PHX-01,Phoenix,2026-07-04,at-home,completed,2026-07-04 14:44
KB0003227,P-005491,KH-ATL-01,Atlanta,2026-05-22,walk-in,completed,2026-05-22 17:02
KB0006813,P-001325,KH-PHX-01,Phoenix,2026-07-18,walk-in,cancelled,2026-07-18 10:08
KB0010377,P-002822,KH-NYC-02,New York,2026-09-11,walk-in,completed,2026-09-11 19:04
KB0006933,P-001424,KH-PHX-01,Phoenix,2026-07-20,online,completed,2026-07-20 15:39
KB0011081,P-001791,KH-PHX-03,Phoenix,2026-09-22,phone,completed,2026-09-22 08:34
KB0007639,P-001463,KH-PHX-02,Phoenix,2026-07-31,online,completed,2026-07-31 09:12
KB0000451,P-004267,KH-CHI-02,Chicago,2026-04-07,walk-in,completed,2026-04-07 11:06
KB0002038,P-004841,KH-CHI-01,Chicago,2026-05-03,phone,completed,2026-05-03 08:18
KB0005546,P-004941,KH-CHI-03,Chicago,2026-06-28,walk-in,completed,2026-06-28 18:51
KB0006691,P-002988,KH-NYC-01,New York,2026-07-16,walk-in,completed,2026-07-16 09:57
KB0003423,P-000857,KH-DAL-01,Dallas,2026-05-26,walk-in,completed,2026-05-26 09:17
KB0007005,P-001467,KH-PHX-03,Phoenix,2026-07-21,phone,completed,2026-07-21 14:43
KB0002723,P-002649,KH-NYC-01,New York,2026-05-14,walk-in,completed,2026-05-14 13:16
KB0006484,P-002679,KH-NYC-02,New York,2026-07-13,online,completed,2026-07-13 12:28
KB0011505,P-001973,KH-PHX-02,Phoenix,2026-09-28,walk-in,completed,2026-09-28 15:20
KB0005328,P-000367,KH-DAL-02,Dallas,2026-06-25,online,completed,2026-06-25 15:31
KB0009322,P-003238,KH-NYC-02,New York,2026-08-26,walk-in,completed,2026-08-26 10:52
KB0005662,P-003515,KH-NYC-02,New York,2026-06-30,walk-in,completed,2026-06-30 13:56
KB0000155,P-000039,KH-DAL-01,Dallas,2026-04-03,walk-in,completed,2026-04-03 17:07
KB0009280,P-005507,KH-ATL-01,Atlanta,2026-08-25,walk-in,completed,2026-08-25 11:52
KB0000715,P-005436,KH-ATL-02,Atlanta,2026-04-11,phone,cancelled,2026-04-11 16:13
KB0005889,P-006453,KH-PHI-01,Philadelphia,2026-07-03,walk-in,completed,2026-07-03 11:21
KB0000296,P-000280,KH-DAL-03,Dallas,2026-04-05,walk-in,completed,2026-04-05 08:46
KB0000212,P-005493,KH-ATL-01,Atlanta,2026-04-03,phone,completed,2026-04-03 08:00
KB0003454,P-002637,KH-NYC-03,New York,2026-05-26,phone,completed,2026-05-26 14:45
KB0001456,P-006517,KH-PHI-03,Philadelphia,2026-04-23,walk-in,completed,2026-04-23 19:54
KB0010224,P-001623,KH-PHX-02,Phoenix,2026-09-09,walk-in,completed,2026-09-09 16:07
KB0001648,P-003425,KH-NYC-03,New York,2026-04-27,walk-in,completed,2026-04-27 18:16
KB0000440,P-003886,KH-NYC-02,New York,2026-04-07,walk-in,completed,2026-04-07 08:29
KB0003211,P-002489,KH-NYC-01,New York,2026-05-22,walk-in,cancelled,2026-05-22 18:36
KB0004265,P-001651,KH-PHX-03,Phoenix,2026-06-08,walk-in,completed,2026-06-08 14:16
KB0010620,P-002054,KH-PHX-01,Phoenix,2026-09-15,online,completed,2026-09-15 09:50
KB0009652,P-004775,KH-CHI-01,Chicago,2026-08-31,online,completed,2026-08-31 08:14
KB0010491,P-001237,KH-DAL-02,Dallas,2026-09-13,online,completed,2026-09-13 09:16
KB0003419,P-000858,KH-DAL-02,Dallas,2026-05-26,,completed,2026-05-26 10:35
KB0011106,P-003352,KH-NYC-01,New York,2026-09-22,walk-in,completed,2026-09-22 11:54
KB0006532,P-001635,KH-PHX-01,Phoenix,2026-07-14,walk-in,completed,2026-07-14 19:55
KB0011150,P-000711,KH-DAL-02,Dallas,2026-09-23,at-home,completed,2026-09-23 10:50
KB0004495,P-005015,KH-ATL-01,Atlanta,2026-06-11,online,completed,2026-06-11 16:22
KB0008232,P-005391,KH-ATL-03,Atlanta,2026-08-09,online,completed,2026-08-09 14:35
KB0007605,P-005413,KH-ATL-02,Atlanta,2026-07-30,online,completed,2026-07-30 11:10
KB0003755,P-000440,KH-DAL-02,Dallas,2026-05-31,phone,completed,2026-05-31 08:06
KB0010875,P-000434,KH-DAL-02,Dallas,2026-09-19,online,completed,2026-09-19 08:24
KB0005271,P-001646,KH-PHX-03,Phoenix,2026-06-24,walk-in,completed,2026-06-24 12:06
KB0005662,P-003515,KH-NYC-02,New York,2026-06-30,walk-in,completed,2026-06-30 13:56
KB0002708,P-001646,KH-PHX-03,Phoenix,2026-05-14,phone,completed,2026-05-14 14:12
KB0010473,P-005168,KH-ATL-02,Atlanta,2026-09-12,phone,completed,2026-09-12 14:49
KB0005689,P-006372,KH-PHI-01,Philadelphia,2026-06-30,online,completed,2026-06-30 11:41
KB0007633,P-002398,KH-PHX-03,Phoenix,2026-07-31,phone,completed,2026-07-31 17:19
KB0011238,P-001276,KH-PHX-03,Phoenix,2026-09-24,at-home,completed,2026-09-24 14:23
KB0009004,P-001494,KH-PHX-02,Phoenix,2026-08-21,at-home,completed,2026-08-21 15:30
KB0000299,P-000654,KH-DAL-01,Dallas,2026-04-05,online,completed,2026-04-05 10:05
KB0001263,P-005596,KH-ATL-01,Atlanta,2026-04-20,phone,completed,2026-04-20 15:56
KB0009457,P-004311,KH-CHI-01,Chicago,2026-08-28,online,completed,2026-08-28 19:41
KB0006529,P-000284,KH-DAL-03,Dallas,2026-07-14,walk-in,completed,2026-07-14 12:13
KB0009662,P-005593,KH-ATL-02,Atlanta,2026-08-31,online,completed,2026-08-31 11:01
KB0011407,P-003157,KH-NYC-01,New York,2026-09-26,walk-in,completed,2026-09-26 16:01
KB0010782,P-005617,KH-ATL-03,Atlanta,2026-09-17,phone,completed,2026-09-17 11:22
KB0004547,P-003069,KH-NYC-02,New York,2026-06-12,walk-in,completed,2026-06-12 12:42
KB0000366,P-002029,KH-PHX-03,Phoenix,2026-04-06,online,completed,2026-04-06 12:31
KB0011638,P-000306,KH-DAL-03,Dallas,2026-09-30,online,completed,2026-09-30 09:49
KB0002257,P-000145,KH-DAL-03,Dallas,2026-05-07,online,completed,2026-05-07 16:24
KB0009639,P-003516,KH-NYC-03,New York,2026-08-31,at-home,completed,2026-08-31 11:09
KB0006057,P-005742,KH-ATL-02,Atlanta,2026-07-06,walk-in,completed,2026-07-06 19:56
KB0000560,P-003630,KH-NYC-03,New York,2026-04-09,walk-in,completed,2026-04-09 11:25
KB0001666,P-005105,KH-ATL-02,Atlanta,2026-04-27,walk-in,completed,2026-04-27 14:05
KB0002879,P-005825,KH-PHI-02,Philadelphia,2026-05-16,walk-in,completed,2026-05-16 18:48
KB0006550,P-003515,KH-NYC-01,New York,2026-07-14,,completed,2026-07-14 08:28
KB0005442,P-005146,KH-ATL-03,Atlanta,2026-06-26,phone,completed,2026-06-26 11:55
KB0005758,P-000449,KH-DAL-01,Dallas,2026-07-02,walk-in,completed,2026-07-02 18:53
KB0000777,P-000142,KH-DAL-03,Dallas,2026-04-13,online,completed,2026-04-13 19:42
KB0001378,P-005622,KH-ATL-02,Atlanta,2026-04-22,walk-in,completed,2026-04-22 09:54
KB0007712,P-003171,KH-NYC-01,New York,2026-08-01,online,completed,2026-08-01 11:28
KB0006612,P-001916,KH-PHX-02,Phoenix,2026-07-15,walk-in,completed,2026-07-15 18:48
KB0004185,P-005377,KH-ATL-02,Atlanta,2026-06-06,phone,completed,2026-06-06 17:02
KB0001711,P-003873,KH-NYC-03,New York,2026-04-28,walk-in,completed,2026-04-28 10:49
KB0010005,P-005546,KH-ATL-02,Atlanta,2026-09-05,phone,completed,2026-09-05 18:15
KB0003256,P-002355,KH-PHX-02,Phoenix,2026-05-23,walk-in,completed,2026-05-23 18:58
KB0004988,P-002805,KH-NYC-01,New York,2026-06-19,online,completed,2026-06-19 11:07
KB0006792,P-006436,KH-PHI-01,Philadelphia,2026-07-17,,completed,2026-07-17 08:24
KB0007986,P-006157,KH-PHI-03,Philadelphia,2026-08-05,at-home,completed,2026-08-05 15:09
KB0010188,P-004622,KH-CHI-03,Chicago,2026-09-08,online,completed,2026-09-08 14:02
KB0000916,P-001159,KH-DAL-01,Dallas,2026-04-15,at-home,completed,2026-04-15 19:28
KB0000144,P-006002,KH-PHI-01,Philadelphia,2026-04-02,phone,completed,2026-04-02 10:39
KB0009070,P-001329,KH-PHX-03,Phoenix,2026-08-22,online,completed,2026-08-22 16:27
KB0011251,P-002944,KH-NYC-02,New York,2026-09-24,walk-in,completed,2026-09-24 15:34
KB0010134,P-005696,KH-ATL-01,Atlanta,2026-09-07,online,completed,2026-09-07 10:44
KB0003345,P-005670,KH-ATL-02,Atlanta,2026-05-24,online,completed,2026-05-24 15:48
KB0006790,P-006404,KH-PHI-03,Philadelphia,2026-07-17,phone,completed,2026-07-17 09:37
KB0006181,P-004627,KH-CHI-03,Chicago,2026-07-08,online,completed,2026-07-08 11:48
KB0004390,P-001823,KH-PHX-02,Phoenix,2026-06-10,walk-in,completed,2026-06-10 08:49
KB0006092,P-001729,KH-PHX-01,Phoenix,2026-07-07,walk-in,completed,2026-07-07 12:07
KB0005872,P-003975,KH-CHI-01,Chicago,2026-07-03,walk-in,completed,2026-07-03 08:45
KB0009863,P-005489,KH-ATL-01,Atlanta,2026-09-03,online,completed,2026-09-03 18:21
KB0010702,P-005545,KH-ATL-01,Atlanta,2026-09-16,online,completed,2026-09-16 14:55
KB0004758,P-000501,KH-DAL-03,Dallas,2026-06-16,walk-in,completed,2026-06-16 11:46
KB0011494,P-002142,KH-PHX-02,Phoenix,2026-09-28,walk-in,completed,2026-09-28 17:04
KB0001445,P-005341,KH-ATL-03,Atlanta,2026-04-23,phone,completed,2026-04-23 10:03
KB0011694,P-005617,KH-ATL-02,Atlanta,2026-09-30,at-home,completed,2026-09-30 17:17
KB0001380,P-005019,KH-ATL-02,Atlanta,2026-04-22,walk-in,completed,2026-04-22 15:15
KB0002970,P-002968,KH-NYC-03,New York,2026-05-18,walk-in,completed,2026-05-18 17:08
KB0002345,P-003445,KH-NYC-02,New York,2026-05-08,online,completed,2026-05-08 17:07
KB0001481,P-002420,KH-PHX-02,Phoenix,2026-04-24,walk-in,completed,2026-04-24 13:30
KB0002344,P-003719,KH-NYC-02,New York,2026-05-08,walk-in,completed,2026-05-08 16:22
KB0000433,P-002066,KH-PHX-03,Phoenix,2026-04-07,at-home,completed,2026-04-07 15:18
KB0008974,P-006616,KH-PHI-02,Philadelphia,2026-08-20,walk-in,completed,2026-08-20 18:21
KB0006665,P-000190,KH-DAL-03,Dallas,2026-07-16,walk-in,completed,2026-07-16 08:21
KB0009719,P-004242,KH-CHI-03,Chicago,2026-09-01,walk-in,completed,2026-09-01 11:58
KB0010334,P-006055,KH-PHI-03,Philadelphia,2026-09-10,walk-in,completed,2026-09-10 08:48
KB0009134,P-003936,KH-NYC-03,New York,2026-08-23,walk-in,completed,2026-08-23 08:09
KB0005787,P-003771,KH-NYC-01,New York,2026-07-02,online,completed,2026-07-02 09:46
KB0000668,P-000556,KH-DAL-02,Dallas,2026-04-11,at-home,completed,2026-04-11 12:18
KB0004468,P-001825,KH-PHX-03,Phoenix,2026-06-11,walk-in,completed,2026-06-11 13:58
KB0009748,P-000590,KH-DAL-03,Dallas,2026-09-02,,completed,2026-09-02 09:41
KB0000586,P-005596,KH-ATL-02,Atlanta,2026-04-09,walk-in,completed,2026-04-09 18:09
KB0004535,P-003545,KH-NYC-02,New York,2026-06-12,online,completed,2026-06-12 08:06
KB0002489,P-005202,KH-ATL-02,Atlanta,2026-05-10,walk-in,completed,2026-05-10 09:38
KB0003481,P-000667,KH-DAL-02,Dallas,2026-05-27,online,completed,2026-05-27 18:13
KB0005765,P-000863,KH-DAL-02,Dallas,2026-07-02,walk-in,completed,2026-07-02 08:29
KB0005162,P-001833,KH-PHX-03,Phoenix,2026-06-22,at-home,completed,2026-06-22 12:43
KB0006649,P-006162,KH-PHI-02,Philadelphia,2026-07-15,walk-in,completed,2026-07-15 09:11
KB0009257,P-002706,KH-NYC-02,New York,2026-08-25,walk-in,completed,2026-08-25 14:52
KB0009971,P-001589,KH-PHX-02,Phoenix,2026-09-05,walk-in,completed,2026-09-05 08:26
KB0004819,P-000046,KH-DAL-01,Dallas,2026-06-17,at-home,completed,2026-06-17 14:33
KB0008517,P-000395,KH-DAL-02,Dallas,2026-08-14,walk-in,completed,2026-08-14 14:34
KB0008017,P-001455,KH-PHX-01,Phoenix,2026-08-06,phone,completed,2026-08-06 16:11
KB0011245,P-003945,KH-NYC-02,New York,2026-09-24,walk-in,completed,2026-09-24 19:52
KB0002702,P-001396,KH-PHX-03,Phoenix,2026-05-14,online,completed,2026-05-14 17:54
KB0006001,P-000101,KH-DAL-02,Dallas,2026-07-06,walk-in,completed,2026-07-06 19:15
KB0000388,P-004234,KH-CHI-02,Chicago,2026-04-06,walk-in,completed,2026-04-06 10:50
KB0000677,P-000519,KH-DAL-02,Dallas,2026-04-11,phone,completed,2026-04-11 14:45
KB0002609,P-004983,KH-ATL-03,Atlanta,2026-05-12,walk-in,completed,2026-05-12 11:59
KB0000722,P-005009,KH-ATL-01,Atlanta,2026-04-11,walk-in,completed,2026-04-11 15:20
KB0002264,P-001932,KH-PHX-01,Phoenix,2026-05-07,phone,completed,2026-05-07 16:21
KB0003473,P-005048,KH-ATL-01,Atlanta,2026-05-26,online,completed,2026-05-26 17:50
KB0001442,P-005013,KH-ATL-02,Atlanta,2026-04-23,phone,completed,2026-04-23 08:03
KB0002519,P-002264,KH-PHX-02,Phoenix,2026-05-11,walk-in,completed,2026-05-11 08:35
KB0007162,P-003469,KH-NYC-03,New York,2026-07-23,walk-in,completed,2026-07-23 19:17
KB0004331,P-002912,KH-NYC-03,New York,2026-06-09,walk-in,completed,2026-06-09 16:11
KB0003582,P-002959,KH-NYC-01,New York,2026-05-28,walk-in,completed,2026-05-28 08:22
KB0010156,P-000218,KH-DAL-03,Dallas,2026-09-08,phone,completed,2026-09-08 17:08
KB0003002,P-001237,KH-DAL-03,Dallas,2026-05-19,online,completed,2026-05-19 19:16
KB0007780,P-004256,KH-CHI-03,Chicago,2026-08-02,at-home,cancelled,2026-08-02 19:50
KB0009177,P-001470,KH-PHX-02,Phoenix,2026-08-24,online,completed,2026-08-24 08:38
KB0004966,P-001321,KH-PHX-01,Phoenix,2026-06-19,at-home,completed,2026-06-19 10:45
KB0001282,P-000686,KH-DAL-03,Dallas,2026-04-21,online,completed,2026-04-21 18:21
KB0005409,P-002013,KH-PHX-03,Phoenix,2026-06-26,walk-in,completed,2026-06-26 19:30
KB0004578,P-000048,KH-DAL-02,Dallas,2026-06-13,walk-in,completed,2026-06-13 12:45
KB0007975,P-005446,KH-ATL-02,Atlanta,2026-08-05,at-home,completed,2026-08-05 12:54
KB0009030,P-003967,KH-CHI-02,Chicago,2026-08-21,phone,completed,2026-08-21 17:49
KB0011378,P-000917,KH-DAL-03,Dallas,2026-09-26,online,completed,2026-09-26 19:22
KB0006449,P-001017,KH-DAL-03,Dallas,2026-07-13,walk-in,completed,2026-07-13 11:22
KB0003761,P-002082,KH-PHX-01,Phoenix,2026-05-31,walk-in,completed,2026-05-31 17:16
KB0010494,P-000074,KH-DAL-03,Dallas,2026-09-13,at-home,completed,2026-09-13 19:11
KB0005674,P-004891,KH-CHI-01,Chicago,2026-06-30,walk-in,completed,2026-06-30 19:04
KB0008536,P-001920,KH-PHX-03,Phoenix,2026-08-14,walk-in,completed,2026-08-14 15:11
KB0003289,P-005115,KH-ATL-03,Atlanta,2026-05-23,online,completed,2026-05-23 08:08
KB0011399,P-003675,KH-NYC-02,New York,2026-09-26,,completed,2026-09-26 08:31
KB0010101,P-003463,KH-NYC-02,New York,2026-09-07,online,cancelled,2026-09-07 10:41
KB0005594,P-002849,KH-NYC-02,New York,2026-06-29,phone,completed,2026-06-29 14:47
KB0000739,P-001627,KH-PHX-02,Phoenix,2026-04-12,walk-in,completed,2026-04-12 17:32
KB0009772,P-002789,KH-NYC-02,New York,2026-09-02,at-home,completed,2026-09-02 19:21
KB0002232,P-002552,KH-NYC-02,New York,2026-05-06,online,completed,2026-05-06 12:33
KB0002800,P-005170,KH-ATL-01,Atlanta,2026-05-15,walk-in,completed,2026-05-15 15:29
KB0010358,P-001925,KH-PHX-03,Phoenix,2026-09-11,at-home,completed,2026-09-11 14:23
KB0004072,P-000327,KH-DAL-03,Dallas,2026-06-05,walk-in,completed,2026-06-05 14:30
KB0009485,P-000118,KH-DAL-01,Dallas,2026-08-29,walk-in,completed,2026-08-29 19:02
KB0005683,P-005719,KH-ATL-02,Atlanta,2026-06-30,walk-in,completed,2026-06-30 14:20
KB0005896,P-000039,KH-DAL-01,Dallas,2026-07-04,walk-in,completed,2026-07-04 17:05
KB0007351,P-004406,KH-CHI-03,Chicago,2026-07-26,online,completed,2026-07-26 19:12
KB0001955,P-001347,KH-PHX-01,Phoenix,2026-05-02,walk-in,completed,2026-05-02 09:25
KB0009834,P-002264,KH-PHX-03,Phoenix,2026-09-03,at-home,completed,2026-09-03 18:56
KB0006143,P-000068,KH-DAL-02,Dallas,2026-07-08,walk-in,completed,2026-07-08 19:25
KB0009369,P-001692,KH-PHX-01,Phoenix,2026-08-27,walk-in,completed,2026-08-27 15:55
KB0010766,P-003838,KH-NYC-01,New York,2026-09-17,walk-in,completed,2026-09-17 14:25
KB0003782,P-005621,KH-ATL-03,Atlanta,2026-05-31,online,completed,2026-05-31 17:27
KB0008313,P-001195,KH-DAL-02,Dallas,2026-08-11,at-home,completed,2026-08-11 09:31
KB0003061,P-000979,KH-DAL-03,Dallas,2026-05-20,walk-in,completed,2026-05-20 13:08
KB0007556,P-000507,KH-DAL-03,Dallas,2026-07-30,walk-in,completed,2026-07-30 14:15
KB0005663,P-002544,KH-NYC-02,New York,2026-06-30,walk-in,completed,2026-06-30 10:16
KB0009898,P-002110,KH-PHX-02,Phoenix,2026-09-04,at-home,completed,2026-09-04 13:25
KB0000710,P-004233,KH-CHI-03,Chicago,2026-04-11,walk-in,completed,2026-04-11 17:16
KB0004584,P-000291,KH-DAL-03,Dallas,2026-06-13,online,completed,2026-06-13 10:04
KB0011254,P-003654,KH-NYC-01,New York,2026-09-24,walk-in,completed,2026-09-24 13:06
KB0007434,P-000910,KH-DAL-03,Dallas,2026-07-28,online,completed,2026-07-28 08:45
KB0003795,P-000355,KH-DAL-01,Dallas,2026-06-01,at-home,completed,2026-06-01 13:41
KB0000721,P-005549,KH-ATL-02,Atlanta,2026-04-11,online,completed,2026-04-11 14:52
KB0005891,P-006366,KH-PHI-01,Philadelphia,2026-07-03,at-home,completed,2026-07-03 13:29
KB0004025,P-001790,KH-PHX-01,Phoenix,2026-06-04,walk-in,completed,2026-06-04 12:19
KB0003825,P-001463,KH-PHX-01,Phoenix,2026-06-01,online,completed,2026-06-01 11:58
KB0007462,P-003146,KH-NYC-03,New York,2026-07-28,walk-in,completed,2026-07-28 19:12
KB0003266,P-002214,KH-PHX-02,Phoenix,2026-05-23,phone,completed,2026-05-23 15:13
KB0004911,P-002074,KH-PHX-01,Phoenix,2026-06-18,at-home,completed,2026-06-18 12:45
KB0010677,P-001626,KH-PHX-03,Phoenix,2026-09-16,online,completed,2026-09-16 13:30
KB0009061,P-000928,KH-DAL-02,Dallas,2026-08-22,walk-in,completed,2026-08-22 11:22
KB0003051,P-006373,KH-PHI-03,Philadelphia,2026-05-19,online,completed,2026-05-19 13:23
KB0008959,P-004791,KH-CHI-02,Chicago,2026-08-20,walk-in,completed,2026-08-20 14:53
KB0009653,P-004539,KH-CHI-02,Chicago,2026-08-31,walk-in,completed,2026-08-31 18:22
KB0001715,P-002843,KH-NYC-02,New York,2026-04-28,walk-in,completed,2026-04-28 13:36
KB0010797,P-000090,KH-DAL-02,Dallas,2026-09-18,phone,completed,2026-09-18 08:38
KB0008129,P-006427,KH-PHI-02,Philadelphia,2026-08-07,phone,completed,2026-08-07 11:51
KB0006383,P-003158,KH-NYC-03,New York,2026-07-11,walk-in,completed,2026-07-11 16:46
KB0001242,P-003553,KH-NYC-02,New York,2026-04-20,online,completed,2026-04-20 15:11
KB0008046,P-005010,KH-ATL-02,Atlanta,2026-08-06,walk-in,completed,2026-08-06 11:48
KB0005748,P-005162,KH-ATL-02,Atlanta,2026-07-01,online,cancelled,2026-07-01 11:23
KB0001138,P-002502,KH-NYC-01,New York,2026-04-18,online,completed,2026-04-18 09:04
KB0010981,P-005651,KH-ATL-02,Atlanta,2026-09-20,online,completed,2026-09-20 15:47
KB0009937,P-004960,KH-ATL-01,Atlanta,2026-09-04,walk-in,cancelled,2026-09-04 10:28
KB0011386,P-001591,KH-PHX-01,Phoenix,2026-09-26,online,completed,2026-09-26 13:54
KB0009141,P-004374,KH-CHI-01,Chicago,2026-08-23,walk-in,completed,2026-08-23 10:13
KB0001002,P-003055,KH-NYC-03,New York,2026-04-16,walk-in,completed,2026-04-16 10:27
KB0010645,P-005244,KH-ATL-02,Atlanta,2026-09-15,walk-in,completed,2026-09-15 18:50
KB0005665,P-003642,KH-NYC-02,New York,2026-06-30,at-home,completed,2026-06-30 16:43
KB0009723,P-004376,KH-CHI-03,Chicago,2026-09-01,at-home,completed,2026-09-01 18:28
KB0002338,P-001817,KH-PHX-01,Phoenix,2026-05-08,walk-in,completed,2026-05-08 14:08
KB0006985,P-000864,KH-DAL-02,Dallas,2026-07-21,walk-in,completed,2026-07-21 11:43
KB0000714,P-004019,KH-CHI-03,Chicago,2026-04-11,phone,completed,2026-04-11 15:24
KB0004324,P-001428,KH-PHX-01,Phoenix,2026-06-09,walk-in,completed,2026-06-09 11:27
KB0003683,P-006124,KH-PHI-01,Philadelphia,2026-05-29,online,completed,2026-05-29 15:57
KB0000591,P-006610,KH-PHI-03,Philadelphia,2026-04-09,,completed,2026-04-09 09:41
KB0003519,P-003796,KH-NYC-02,New York,2026-05-27,walk-in,completed,2026-05-27 15:02
KB0004242,P-000412,KH-DAL-03,Dallas,2026-06-08,online,completed,2026-06-08 18:09
KB0002907,P-003599,KH-NYC-03,New York,2026-05-17,online,completed,2026-05-17 17:12
KB0001969,P-004170,KH-CHI-01,Chicago,2026-05-02,online,completed,2026-05-02 19:37
KB0011180,P-002461,KH-NYC-03,New York,2026-09-23,phone,completed,2026-09-23 09:16
KB0009873,P-006570,KH-PHI-01,Philadelphia,2026-09-03,at-home,completed,2026-09-03 09:20
KB0002153,P-001603,KH-PHX-01,Phoenix,2026-05-05,phone,completed,2026-05-05 08:09
KB0011151,P-000688,KH-DAL-03,Dallas,2026-09-23,online,completed,2026-09-23 12:42
KB0010751,P-002355,KH-PHX-03,Phoenix,2026-09-17,walk-in,completed,2026-09-17 11:35
KB0006274,P-001245,KH-DAL-01,Dallas,2026-07-10,walk-in,completed,2026-07-10 12:08
KB0010123,P-005348,KH-ATL-02,Atlanta,2026-09-07,walk-in,completed,2026-09-07 11:47
KB0004234,P-006453,KH-PHI-01,Philadelphia,2026-06-07,phone,completed,2026-06-07 15:21
KB0011364,P-001010,KH-DAL-02,Dallas,2026-09-26,phone,completed,2026-09-26 10:51
KB0003975,P-004734,KH-CHI-02,Chicago,2026-06-03,online,completed,2026-06-03 11:52
KB0009036,P-005370,KH-ATL-02,Atlanta,2026-08-21,online,completed,2026-08-21 15:12
KB0011173,P-003123,KH-NYC-03,New York,2026-09-23,walk-in,completed,2026-09-23 15:19
KB0002873,P-004983,KH-ATL-02,Atlanta,2026-05-16,walk-in,completed,2026-05-16 11:19
KB0009943,P-005682,KH-ATL-02,Atlanta,2026-09-04,phone,completed,2026-09-04 17:41
KB0001585,P-000278,KH-DAL-03,Dallas,2026-04-26,walk-in,completed,2026-04-26 19:58
KB0010027,P-001204,KH-DAL-03,Dallas,2026-09-06,walk-in,completed,2026-09-06 09:08
KB0004281,P-004275,KH-CHI-03,Chicago,2026-06-08,walk-in,completed,2026-06-08 10:27
KB0002484,P-005693,KH-ATL-02,Atlanta,2026-05-10,online,completed,2026-05-10 09:04
KB0005295,P-003598,KH-NYC-03,New York,2026-06-24,walk-in,completed,2026-06-24 12:32
KB0005636,P-000215,KH-DAL-02,Dallas,2026-06-30,at-home,cancelled,2026-06-30 17:48
KB0002704,P-002317,KH-PHX-02,Phoenix,2026-05-14,walk-in,completed,2026-05-14 11:47
KB0007888,P-001782,KH-PHX-01,Phoenix,2026-08-04,walk-in,completed,2026-08-04 14:55
KB0008907,P-000979,KH-DAL-01,Dallas,2026-08-20,online,completed,2026-08-20 19:58
KB0004305,P-000383,KH-DAL-02,Dallas,2026-06-09,walk-in,completed,2026-06-09 18:13
KB0005169,P-002479,KH-NYC-01,New York,2026-06-22,online,completed,2026-06-22 12:28
KB0000419,P-000695,KH-DAL-02,Dallas,2026-04-07,at-home,completed,2026-04-07 13:41
KB0011166,P-002199,KH-PHX-02,Phoenix,2026-09-23,walk-in,completed,2026-09-23 16:47
KB0008916,P-000997,KH-DAL-01,Dallas,2026-08-20,walk-in,completed,2026-08-20 16:07
KB0007901,P-003759,KH-NYC-02,New York,2026-08-04,walk-in,completed,2026-08-04 09:51
KB0011137,P-000687,KH-DAL-03,Dallas,2026-09-23,walk-in,completed,2026-09-23 14:39
KB0003350,P-006479,KH-PHI-03,Philadelphia,2026-05-24,walk-in,completed,2026-05-24 16:13
KB0006467,P-002311,KH-PHX-02,Phoenix,2026-07-13,online,completed,2026-07-13 11:29
KB0006539,P-001620,KH-PHX-01,Phoenix,2026-07-14,online,completed,2026-07-14 10:52
KB0006287,P-000708,KH-DAL-03,Dallas,2026-07-10,phone,completed,2026-07-10 08:38
KB0000381,P-003769,KH-NYC-03,New York,2026-04-06,walk-in,completed,2026-04-06 08:06
KB0001357,P-001638,KH-PHX-03,Phoenix,2026-04-22,walk-in,completed,2026-04-22 10:28
KB0009830,P-001582,KH-PHX-01,Phoenix,2026-09-03,walk-in,completed,2026-09-03 10:16
KB0006949,P-003410,KH-NYC-02,New York,2026-07-20,walk-in,completed,2026-07-20 13:38
KB0003486,P-000986,KH-DAL-03,Dallas,2026-05-27,walk-in,completed,2026-05-27 17:34
KB0006202,P-006577,KH-PHI-02,Philadelphia,2026-07-08,walk-in,completed,2026-07-08 11:27
KB0004169,P-002939,KH-NYC-01,New York,2026-06-06,walk-in,cancelled,2026-06-06 11:52
KB0002411,P-003515,KH-NYC-03,New York,2026-05-09,walk-in,completed,2026-05-09 16:00
KB0000252,P-003593,KH-NYC-03,New York,2026-04-04,walk-in,completed,2026-04-04 15:13
KB0009616,P-000120,KH-DAL-03,Dallas,2026-08-31,online,completed,2026-08-31 14:09
KB0008297,P-004965,KH-ATL-01,Atlanta,2026-08-10,walk-in,completed,2026-08-10 15:08
KB0004347,P-004104,KH-CHI-03,Chicago,2026-06-09,walk-in,completed,2026-06-09 16:04
KB0010951,P-000494,KH-DAL-03,Dallas,2026-09-20,online,completed,2026-09-20 14:27
KB0003187,P-000632,KH-DAL-02,Dallas,2026-05-22,walk-in,completed,2026-05-22 16:41
KB0001359,P-002346,KH-PHX-02,Phoenix,2026-04-22,at-home,completed,2026-04-22 09:53
KB0007599,P-004867,KH-CHI-02,Chicago,2026-07-30,walk-in,completed,2026-07-30 13:01
KB0002218,P-002190,KH-PHX-03,Phoenix,2026-05-06,phone,completed,2026-05-06 18:07
KB0011045,P-005016,KH-ATL-02,Atlanta,2026-09-21,online,completed,2026-09-21 13:19
KB0001714,P-002765,KH-NYC-03,New York,2026-04-28,walk-in,completed,2026-04-28 11:33
KB0004424,P-005432,KH-ATL-02,Atlanta,2026-06-10,phone,completed,2026-06-10 14:41
KB0004159,P-003022,KH-NYC-03,New York,2026-06-06,online,completed,2026-06-06 11:34
KB0001544,P-003117,KH-NYC-01,New York,2026-04-25,online,completed,2026-04-25 16:25
KB0004805,P-005029,KH-ATL-02,Atlanta,2026-06-16,at-home,completed,2026-06-16 12:48
KB0002589,P-002843,KH-NYC-02,New York,2026-05-12,walk-in,completed,2026-05-12 15:16
KB0001409,P-001345,KH-PHX-01,Phoenix,2026-04-23,at-home,completed,2026-04-23 10:23
KB0008404,P-001962,KH-PHX-03,Phoenix,2026-08-12,walk-in,completed,2026-08-12 13:32
KB0004677,P-005667,KH-ATL-02,Atlanta,2026-06-14,at-home,completed,2026-06-14 18:24
KB0001699,P-001829,KH-PHX-02,Phoenix,2026-04-28,online,completed,2026-04-28 14:55
KB0000499,P-003780,KH-NYC-03,New York,2026-04-08,walk-in,completed,2026-04-08 19:13
KB0001494,P-004245,KH-CHI-02,Chicago,2026-04-24,online,completed,2026-04-24 15:16
KB0009165,P-000862,KH-DAL-03,Dallas,2026-08-24,at-home,completed,2026-08-24 19:15
KB0000690,P-001447,KH-PHX-03,Phoenix,2026-04-11,online,completed,2026-04-11 17:52
KB0011178,P-003053,KH-NYC-02,New York,2026-09-23,walk-in,completed,2026-09-23 15:37
KB0004902,P-001443,KH-PHX-01,Phoenix,2026-06-18,at-home,completed,2026-06-18 16:21
KB0007679,P-000069,KH-DAL-02,Dallas,2026-08-01,walk-in,completed,2026-08-01 11:12
KB0005797,P-004006,KH-CHI-02,Chicago,2026-07-02,walk-in,completed,2026-07-02 11:15
KB0005894,P-000442,KH-DAL-02,Dallas,2026-07-04,walk-in,completed,2026-07-04 19:34
KB0006862,P-000707,KH-DAL-03,Dallas,2026-07-19,at-home,completed,2026-07-19 19:21
KB0003450,P-003323,KH-NYC-03,New York,2026-05-26,phone,completed,2026-05-26 17:53
KB0005118,P-004859,KH-CHI-03,Chicago,2026-06-21,walk-in,completed,2026-06-21 16:42
KB0006040,P-003707,KH-NYC-03,New York,2026-07-06,phone,completed,2026-07-06 09:15
KB0003380,P-001889,KH-PHX-01,Phoenix,2026-05-25,walk-in,completed,2026-05-25 14:30
KB0003550,P-001181,KH-DAL-01,Dallas,2026-05-28,at-home,completed,2026-05-28 15:19
KB0000303,P-001081,KH-DAL-01,Dallas,2026-04-05,online,completed,2026-04-05 19:52
KB0009458,P-004584,KH-CHI-01,Chicago,2026-08-28,phone,completed,2026-08-28 11:08
KB0002333,P-002136,KH-PHX-01,Phoenix,2026-05-08,walk-in,completed,2026-05-08 17:18
KB0007898,P-002670,KH-NYC-03,New York,2026-08-04,online,completed,2026-08-04 14:54
KB0003941,P-000490,KH-DAL-03,Dallas,2026-06-03,walk-in,completed,2026-06-03 15:27
KB0011306,P-002334,KH-PHX-01,Phoenix,2026-09-25,at-home,completed,2026-09-25 14:51
KB0010695,P-004419,KH-CHI-01,Chicago,2026-09-16,walk-in,completed,2026-09-16 16:47
KB0000512,P-004513,KH-CHI-03,Chicago,2026-04-08,walk-in,completed,2026-04-08 14:52
KB0005744,P-005148,KH-ATL-01,Atlanta,2026-07-01,online,completed,2026-07-01 09:42
KB0008795,P-003002,KH-NYC-02,New York,2026-08-18,online,completed,2026-08-18 13:36
KB0004572,P-005998,KH-PHI-02,Philadelphia,2026-06-12,walk-in,completed,2026-06-12 13:36
KB0004385,P-001113,KH-DAL-02,Dallas,2026-06-10,walk-in,completed,2026-06-10 12:36
KB0004064,P-000194,KH-DAL-03,Dallas,2026-06-05,online,completed,2026-06-05 16:58
KB0001974,P-004724,KH-CHI-01,Chicago,2026-05-02,online,completed,2026-05-02 16:45
KB0009082,P-003635,KH-NYC-02,New York,2026-08-22,walk-in,completed,2026-08-22 10:26
KB0006563,P-004311,KH-CHI-03,Chicago,2026-07-14,online,cancelled,2026-07-14 12:30
KB0006140,P-001015,KH-DAL-01,Dallas,2026-07-08,at-home,completed,2026-07-08 16:08
KB0010792,P-006546,KH-PHI-01,Philadelphia,2026-09-17,at-home,completed,2026-09-17 18:40
KB0000364,P-001738,KH-PHX-03,Phoenix,2026-04-06,online,completed,2026-04-06 17:14
KB0005060,P-005439,KH-ATL-02,Atlanta,2026-06-20,walk-in,completed,2026-06-20 09:19
KB0011691,P-005244,KH-ATL-01,Atlanta,2026-09-30,phone,completed,2026-09-30 14:43
KB0003037,P-004113,KH-CHI-01,Chicago,2026-05-19,walk-in,completed,2026-05-19 14:46
KB0007455,P-003853,KH-NYC-02,New York,2026-07-28,online,completed,2026-07-28 15:12
KB0009576,P-001498,KH-PHX-01,Phoenix,2026-08-30,at-home,completed,2026-08-30 14:26
KB0003320,P-000836,KH-DAL-01,Dallas,2026-05-24,walk-in,completed,2026-05-24 09:00
KB0011154,P-001566,KH-PHX-01,Phoenix,2026-09-23,walk-in,completed,2026-09-23 09:56
KB0010227,P-002113,KH-PHX-03,Phoenix,2026-09-09,online,completed,2026-09-09 18:14
KB0003298,P-005188,KH-ATL-02,Atlanta,2026-05-23,online,completed,2026-05-23 15:35
KB0008109,P-004739,KH-CHI-03,Chicago,2026-08-07,walk-in,completed,2026-08-07 14:22
KB0011557,P-000017,KH-DAL-01,Dallas,2026-09-29,walk-in,completed,2026-09-29 19:12
KB0000966,P-000272,KH-DAL-02,Dallas,2026-04-16,walk-in,completed,2026-04-16 15:23
KB0000060,P-006139,KH-PHI-02,Philadelphia,2026-04-01,walk-in,completed,2026-04-01 15:58
KB0010422,P-000959,KH-DAL-02,Dallas,2026-09-12,online,completed,2026-09-12 13:05
KB0007109,P-004982,KH-ATL-02,Atlanta,2026-07-22,walk-in,completed,2026-07-22 14:13
KB0009110,P-006464,KH-PHI-01,Philadelphia,2026-08-22,walk-in,completed,2026-08-22 10:54
KB0008166,P-004668,KH-CHI-02,Chicago,2026-08-08,walk-in,completed,2026-08-08 19:41
KB0000458,P-006562,KH-PHI-02,Philadelphia,2026-04-07,phone,completed,2026-04-07 14:53
KB0006769,P-004226,KH-CHI-03,Chicago,2026-07-17,walk-in,completed,2026-07-17 09:32
KB0008117,P-004952,KH-ATL-01,Atlanta,2026-08-07,online,completed,2026-08-07 12:11
KB0008470,P-001794,KH-PHX-01,Phoenix,2026-08-13,online,completed,2026-08-13 19:51
KB0000190,P-003020,KH-NYC-03,New York,2026-04-03,online,completed,2026-04-03 09:41
KB0006360,P-001580,KH-PHX-03,Phoenix,2026-07-11,walk-in,completed,2026-07-11 14:47
KB0000703,P-002675,KH-NYC-01,New York,2026-04-11,online,completed,2026-04-11 09:02
KB0002334,P-002132,KH-PHX-03,Phoenix,2026-05-08,walk-in,completed,2026-05-08 14:04
KB0004083,P-001738,KH-PHX-02,Phoenix,2026-06-05,at-home,completed,2026-06-05 11:11
KB0002548,P-005298,KH-ATL-01,Atlanta,2026-05-11,walk-in,completed,2026-05-11 15:08
KB0007983,P-006172,KH-PHI-01,Philadelphia,2026-08-05,walk-in,completed,2026-08-05 17:57
KB0010463,P-004601,KH-CHI-01,Chicago,2026-09-12,walk-in,completed,2026-09-12 14:30
KB0006645,P-005847,KH-PHI-01,Philadelphia,2026-07-15,walk-in,completed,2026-07-15 08:02
KB0001535,P-002221,KH-PHX-03,Phoenix,2026-04-25,online,completed,2026-04-25 08:07
KB0001277,P-000188,KH-DAL-02,Dallas,2026-04-21,walk-in,completed,2026-04-21 17:11
KB0010729,P-000793,KH-DAL-02,Dallas,2026-09-17,online,completed,2026-09-17 18:15
KB0010211,P-000122,KH-DAL-01,Dallas,2026-09-09,online,completed,2026-09-09 11:19
KB0003054,P-006382,KH-PHI-02,Philadelphia,2026-05-19,walk-in,completed,2026-05-19 11:35
KB0007231,P-003958,KH-CHI-01,Chicago,2026-07-24,phone,completed,2026-07-24 14:49
KB0000453,P-005186,KH-ATL-02,Atlanta,2026-04-07,at-home,completed,2026-04-07 15:20
KB0006934,P-002420,KH-PHX-03,Phoenix,2026-07-20,online,completed,2026-07-20 15:31
KB0010174,P-003369,KH-NYC-02,New York,2026-09-08,online,completed,2026-09-08 10:48
KB0000279,P-005415,KH-ATL-01,Atlanta,2026-04-04,online,completed,2026-04-04 16:19
KB0009994,P-004105,KH-CHI-02,Chicago,2026-09-05,online,completed,2026-09-05 08:21
KB0009321,P-003537,KH-NYC-02,New York,2026-08-26,walk-in,completed,2026-08-26 10:53
KB0006170,P-002843,KH-NYC-03,New York,2026-07-08,walk-in,completed,2026-07-08 19:19
KB0001741,P-006142,KH-PHI-01,Philadelphia,2026-04-28,phone,completed,2026-04-28 17:06
KB0005693,P-000124,KH-DAL-01,Dallas,2026-07-01,walk-in,completed,2026-07-01 14:20
KB0004999,P-005098,KH-ATL-02,Atlanta,2026-06-19,at-home,completed,2026-06-19 11:36
KB0005267,P-000818,KH-DAL-01,Dallas,2026-06-24,online,completed,2026-06-24 14:45
KB0005389,P-000973,KH-DAL-01,Dallas,2026-06-26,phone,completed,2026-06-26 10:09
KB0007718,P-004300,KH-CHI-02,Chicago,2026-08-01,online,completed,2026-08-01 10:55
KB0008492,P-004153,KH-CHI-03,Chicago,2026-08-13,online,completed,2026-08-13 10:59
KB0006597,P-000018,KH-DAL-02,Dallas,2026-07-15,walk-in,completed,2026-07-15 11:48
KB0002162,P-001557,KH-PHX-02,Phoenix,2026-05-05,walk-in,completed,2026-05-05 18:12
KB0000067,P-000497,KH-DAL-03,Dallas,2026-04-02,,completed,2026-04-02 08:43
KB0006147,P-001285,KH-PHX-01,Phoenix,2026-07-08,,completed,2026-07-08 10:08
KB0011460,P-002976,KH-NYC-01,New York,2026-09-27,walk-in,completed,2026-09-27 09:32
KB0009596,P-005162,KH-ATL-02,Atlanta,2026-08-30,at-home,completed,2026-08-30 15:46
KB0002501,P-001201,KH-DAL-01,Dallas,2026-05-11,walk-in,completed,2026-05-11 08:01
KB0001254,P-004028,KH-CHI-02,Chicago,2026-04-20,phone,completed,2026-04-20 16:03
KB0003029,P-003378,KH-NYC-02,New York,2026-05-19,online,completed,2026-05-19 16:55
KB0002738,P-005239,KH-ATL-02,Atlanta,2026-05-14,walk-in,completed,2026-05-14 13:14
KB0002467,P-002010,KH-PHX-03,Phoenix,2026-05-10,online,completed,2026-05-10 18:56
KB0005856,P-003007,KH-NYC-02,New York,2026-07-03,walk-in,completed,2026-07-03 11:54
KB0008758,P-004956,KH-ATL-03,Atlanta,2026-08-17,online,completed,2026-08-17 08:52
KB0004503,P-005961,KH-PHI-02,Philadelphia,2026-06-11,online,completed,2026-06-11 12:19
KB0006663,P-000799,KH-DAL-02,Dallas,2026-07-16,walk-in,completed,2026-07-16 15:25
KB0000884,P-005017,KH-ATL-01,Atlanta,2026-04-14,at-home,cancelled,2026-04-14 14:45
KB0003650,P-001742,KH-PHX-03,Phoenix,2026-05-29,phone,completed,2026-05-29 12:36
KB0008019,P-001592,KH-PHX-03,Phoenix,2026-08-06,at-home,completed,2026-08-06 13:19
KB0003548,P-001077,KH-DAL-02,Dallas,2026-05-28,online,completed,2026-05-28 15:33
KB0011639,P-000982,KH-DAL-02,Dallas,2026-09-30,phone,completed,2026-09-30 09:09
KB0002339,P-001736,KH-PHX-03,Phoenix,2026-05-08,walk-in,completed,2026-05-08 14:39
KB0009625,P-001383,KH-PHX-01,Phoenix,2026-08-31,at-home,completed,2026-08-31 19:21
KB0008590,P-000363,KH-DAL-03,Dallas,2026-08-15,at-home,cancelled,2026-08-15 09:40
KB0006249,P-004126,KH-CHI-01,Chicago,2026-07-09,online,completed,2026-07-09 12:48
KB0005225,P-002510,KH-NYC-03,New York,2026-06-23,online,completed,2026-06-23 08:10
KB0001963,P-003624,KH-NYC-02,New York,2026-05-02,walk-in,completed,2026-05-02 16:42
KB0007578,P-001909,KH-PHX-03,Phoenix,2026-07-30,walk-in,completed,2026-07-30 08:16
KB0000293,P-006180,KH-PHI-02,Philadelphia,2026-04-04,online,completed,2026-04-04 12:39
KB0000204,P-005199,KH-ATL-02,Atlanta,2026-04-03,phone,completed,2026-04-03 12:00
KB0005350,P-003445,KH-NYC-03,New York,2026-06-25,phone,completed,2026-06-25 15:58
KB0002077,P-001776,KH-PHX-03,Phoenix,2026-05-04,walk-in,completed,2026-05-04 16:59
KB0002064,P-000044,KH-DAL-01,Dallas,2026-05-04,online,completed,2026-05-04 15:52
KB0007051,P-000460,KH-DAL-01,Dallas,2026-07-22,at-home,completed,2026-07-22 14:42
KB0003785,P-005033,KH-ATL-02,Atlanta,2026-05-31,online,completed,2026-05-31 15:53
KB0006305,P-003488,KH-NYC-02,New York,2026-07-10,walk-in,completed,2026-07-10 14:00
KB0003237,P-005954,KH-PHI-03,Philadelphia,2026-05-22,online,completed,2026-05-22 17:14
KB0005679,P-005292,KH-ATL-02,Atlanta,2026-06-30,walk-in,completed,2026-06-30 14:48
KB0002309,P-005926,KH-PHI-03,Philadelphia,2026-05-07,online,completed,2026-05-07 11:31
KB0003463,P-005293,KH-ATL-01,Atlanta,2026-05-26,walk-in,completed,2026-05-26 18:12
KB0002135,P-000708,KH-DAL-03,Dallas,2026-05-05,walk-in,completed,2026-05-05 10:18
KB0004205,P-001870,KH-PHX-01,Phoenix,2026-06-07,online,completed,2026-06-07 12:08
KB0005483,P-002607,KH-NYC-02,New York,2026-06-27,phone,completed,2026-06-27 10:36
KB0011663,P-002039,KH-PHX-01,Phoenix,2026-09-30,phone,completed,2026-09-30 09:55
KB0005087,P-000029,KH-DAL-01,Dallas,2026-06-21,walk-in,completed,2026-06-21 14:06
KB0010151,P-000601,KH-DAL-02,Dallas,2026-09-08,online,completed,2026-09-08 10:10
KB0005966,P-002882,KH-NYC-03,New York,2026-07-05,at-home,completed,2026-07-05 08:02
KB0004156,P-003032,KH-NYC-01,New York,2026-06-06,phone,completed,2026-06-06 12:04
KB0007273,P-002444,KH-PHX-03,Phoenix,2026-07-25,at-home,completed,2026-07-25 12:26
KB0008673,P-002554,KH-NYC-02,New York,2026-08-16,phone,completed,2026-08-16 10:34
KB0003456,P-004938,KH-CHI-02,Chicago,2026-05-26,phone,completed,2026-05-26 08:02
KB0003660,P-004357,KH-CHI-02,Chicago,2026-05-29,at-home,completed,2026-05-29 13:39
KB0003843,P-004453,KH-CHI-03,Chicago,2026-06-01,phone,completed,2026-06-01 08:13
KB0005081,P-005770,KH-PHI-03,Philadelphia,2026-06-20,walk-in,completed,2026-06-20 14:25
KB0003518,P-003748,KH-NYC-03,New York,2026-05-27,online,completed,2026-05-27 08:00
KB0002898,P-002166,KH-PHX-01,Phoenix,2026-05-17,online,completed,2026-05-17 14:54
KB0002844,P-001267,KH-PHX-03,Phoenix,2026-05-16,phone,completed,2026-05-16 18:10
KB0002025,P-003492,KH-NYC-02,New York,2026-05-03,phone,completed,2026-05-03 16:41
KB0009570,P-001254,KH-PHX-02,Phoenix,2026-08-30,walk-in,completed,2026-08-30 13:01
KB0000988,P-001391,KH-PHX-01,Phoenix,2026-04-16,walk-in,completed,2026-04-16 17:59
KB0008954,P-004722,KH-CHI-01,Chicago,2026-08-20,walk-in,completed,2026-08-20 18:50
KB0010222,P-002048,KH-PHX-01,Phoenix,2026-09-09,walk-in,completed,2026-09-09 11:03
KB0003967,P-002513,KH-NYC-02,New York,2026-06-03,walk-in,completed,2026-06-03 19:24
KB0000089,P-001549,KH-PHX-01,Phoenix,2026-04-02,phone,completed,2026-04-02 09:25
KB0004641,P-006566,KH-PHI-03,Philadelphia,2026-06-13,at-home,completed,2026-06-13 11:46
KB0001970,P-004452,KH-CHI-03,Chicago,2026-05-02,phone,completed,2026-05-02 18:42
KB0002365,P-004254,KH-CHI-03,Chicago,2026-05-08,walk-in,completed,2026-05-08 09:41
KB0008440,P-001244,KH-DAL-02,Dallas,2026-08-13,at-home,completed,2026-08-13 17:48
KB0005192,P-006590,KH-PHI-02,Philadelphia,2026-06-22,walk-in,completed,2026-06-22 13:44
KB0005784,P-002452,KH-NYC-03,New York,2026-07-02,online,completed,2026-07-02 14:13
KB0004691,P-000004,KH-DAL-01,Dallas,2026-06-15,online,completed,2026-06-15 15:47
KB0007891,P-001815,KH-PHX-01,Phoenix,2026-08-04,at-home,completed,2026-08-04 08:09
KB0001543,P-002453,KH-NYC-01,New York,2026-04-25,phone,completed,2026-04-25 16:55
KB0004770,P-001324,KH-PHX-03,Phoenix,2026-06-16,at-home,completed,2026-06-16 17:55
KB0009792,P-005323,KH-ATL-02,Atlanta,2026-09-02,at-home,completed,2026-09-02 09:14
KB0007030,P-004316,KH-CHI-03,Chicago,2026-07-21,walk-in,completed,2026-07-21 11:39
KB0004886,P-000604,KH-DAL-01,Dallas,2026-06-18,phone,completed,2026-06-18 19:10
KB0005019,P-001095,KH-DAL-01,Dallas,2026-06-20,online,completed,2026-06-20 11:36
KB0000900,P-005855,KH-PHI-02,Philadelphia,2026-04-14,phone,completed,2026-04-14 15:42
KB0009970,P-001774,KH-PHX-03,Phoenix,2026-09-05,at-home,completed,2026-09-05 14:35
KB0000678,P-002089,KH-PHX-02,Phoenix,2026-04-11,walk-in,completed,2026-04-11 17:34
KB0005377,P-004977,KH-ATL-01,Atlanta,2026-06-25,walk-in,completed,2026-06-25 13:42
KB0006700,P-004411,KH-CHI-01,Chicago,2026-07-16,phone,completed,2026-07-16 15:06
KB0008750,P-005359,KH-ATL-02,Atlanta,2026-08-17,walk-in,completed,2026-08-17 15:36
KB0000046,P-004420,KH-CHI-03,Chicago,2026-04-01,online,completed,2026-04-01 16:04
KB0002158,P-001778,KH-PHX-01,Phoenix,2026-05-05,walk-in,completed,2026-05-05 19:29
KB0000173,P-001907,KH-PHX-03,Phoenix,2026-04-03,online,completed,2026-04-03 13:57
KB0006704,P-005667,KH-ATL-01,Atlanta,2026-07-16,at-home,completed,2026-07-16 10:56
KB0010837,P-002463,KH-NYC-02,New York,2026-09-18,walk-in,completed,2026-09-18 10:23
KB0005184,P-005187,KH-ATL-02,Atlanta,2026-06-22,online,completed,2026-06-22 11:43
KB0009385,P-003109,KH-NYC-02,New York,2026-08-27,walk-in,completed,2026-08-27 15:17
KB0003158,P-004481,KH-CHI-03,Chicago,2026-05-21,at-home,completed,2026-05-21 19:14
KB0003359,P-000711,KH-DAL-03,Dallas,2026-05-25,online,completed,2026-05-25 17:31
KB0004259,P-001884,KH-PHX-02,Phoenix,2026-06-08,online,completed,2026-06-08 16:35
KB0010618,P-001365,KH-PHX-03,Phoenix,2026-09-15,walk-in,completed,2026-09-15 12:36
KB0010744,P-001981,KH-PHX-01,Phoenix,2026-09-17,walk-in,completed,2026-09-17 15:30
KB0008739,P-003565,KH-NYC-03,New York,2026-08-17,online,completed,2026-08-17 12:17
KB0001437,P-004758,KH-CHI-03,Chicago,2026-04-23,phone,completed,2026-04-23 15:45
KB0008249,P-001065,KH-DAL-01,Dallas,2026-08-10,at-home,completed,2026-08-10 09:16
KB0003397,P-004452,KH-CHI-01,Chicago,2026-05-25,walk-in,completed,2026-05-25 19:52
KB0004229,P-005297,KH-ATL-03,Atlanta,2026-06-07,online,completed,2026-06-07 13:39
KB0004993,P-004943,KH-CHI-03,Chicago,2026-06-19,at-home,completed,2026-06-19 16:16
KB0003162,P-005575,KH-ATL-02,Atlanta,2026-05-21,online,cancelled,2026-05-21 13:41
KB0001729,P-005545,KH-ATL-02,Atlanta,2026-04-28,online,completed,2026-04-28 19:46
KB0000091,P-001375,KH-PHX-02,Phoenix,2026-04-02,online,cancelled,2026-04-02 17:20
KB0001089,P-004787,KH-CHI-01,Chicago,2026-04-17,online,completed,2026-04-17 18:17
KB0007184,P-006492,KH-PHI-03,Philadelphia,2026-07-23,online,completed,2026-07-23 12:02
KB0000615,P-002254,KH-PHX-02,Phoenix,2026-04-10,online,completed,2026-04-10 15:12
KB0011213,P-000076,KH-DAL-01,Dallas,2026-09-24,phone,completed,2026-09-24 16:00
KB0009864,P-005187,KH-ATL-02,Atlanta,2026-09-03,walk-in,completed,2026-09-03 11:28
KB0000557,P-001722,KH-PHX-01,Phoenix,2026-04-09,online,completed,2026-04-09 15:07
KB0010439,P-002149,KH-PHX-03,Phoenix,2026-09-12,walk-in,completed,2026-09-12 19:55
KB0007519,P-003115,KH-NYC-02,New York,2026-07-29,at-home,completed,2026-07-29 08:54
KB0004907,P-002189,KH-PHX-02,Phoenix,2026-06-18,walk-in,completed,2026-06-18 17:56
KB0007268,P-000517,KH-DAL-03,Dallas,2026-07-25,online,completed,2026-07-25 19:30
KB0000053,P-005693,KH-ATL-02,Atlanta,2026-04-01,at-home,completed,2026-04-01 16:38
KB0002305,P-005162,KH-ATL-02,Atlanta,2026-05-07,at-home,completed,2026-05-07 11:25
KB0010772,P-004416,KH-CHI-03,Chicago,2026-09-17,phone,completed,2026-09-17 11:32
KB0003593,P-004334,KH-CHI-01,Chicago,2026-05-28,at-home,completed,2026-05-28 12:23
KB0009710,P-003530,KH-NYC-02,New York,2026-09-01,walk-in,completed,2026-09-01 09:09
KB0004627,P-004275,KH-CHI-03,Chicago,2026-06-13,phone,completed,2026-06-13 17:43
KB0000945,P-004084,KH-CHI-01,Chicago,2026-04-15,at-home,completed,2026-04-15 11:37
KB0002043,P-004978,KH-ATL-02,Atlanta,2026-05-03,online,completed,2026-05-03 15:26
KB0007373,P-000599,KH-DAL-02,Dallas,2026-07-27,walk-in,completed,2026-07-27 19:29
KB0005947,P-005251,KH-ATL-02,Atlanta,2026-07-04,online,completed,2026-07-04 12:32
KB0008324,P-001156,KH-DAL-01,Dallas,2026-08-11,online,completed,2026-08-11 15:57
KB0000531,P-000012,KH-DAL-01,Dallas,2026-04-09,online,completed,2026-04-09 09:23
KB0007027,P-004347,KH-CHI-01,Chicago,2026-07-21,walk-in,completed,2026-07-21 19:34
KB0003012,P-002398,KH-PHX-03,Phoenix,2026-05-19,walk-in,completed,2026-05-19 13:51
KB0001197,P-004816,KH-CHI-03,Chicago,2026-04-19,online,completed,2026-04-19 13:32
KB0008449,P-000004,KH-DAL-02,Dallas,2026-08-13,online,completed,2026-08-13 16:18
KB0004936,P-005709,KH-ATL-01,Atlanta,2026-06-18,online,completed,2026-06-18 11:46
KB0005088,P-000371,KH-DAL-03,Dallas,2026-06-21,online,completed,2026-06-21 11:37
KB0006613,P-002398,KH-PHX-02,Phoenix,2026-07-15,walk-in,completed,2026-07-15 19:45
KB0009912,P-001299,KH-PHX-02,Phoenix,2026-09-04,online,completed,2026-09-04 18:52
KB0008431,P-005698,KH-ATL-02,Atlanta,2026-08-12,at-home,completed,2026-08-12 18:39
KB0007874,P-000204,KH-DAL-02,Dallas,2026-08-04,at-home,completed,2026-08-04 14:34
KB0006418,P-001937,KH-PHX-03,Phoenix,2026-07-12,online,completed,2026-07-12 12:49
KB0000294,P-006194,KH-PHI-02,Philadelphia,2026-04-04,walk-in,completed,2026-04-04 11:49
KB0006203,P-006194,KH-PHI-03,Philadelphia,2026-07-08,online,completed,2026-07-08 11:35
KB0007176,P-005570,KH-ATL-01,Atlanta,2026-07-23,at-home,completed,2026-07-23 18:46
KB0007467,P-004857,KH-CHI-02,Chicago,2026-07-28,walk-in,completed,2026-07-28 13:44
KB0009079,P-002879,KH-NYC-03,New York,2026-08-22,walk-in,completed,2026-08-22 18:04
KB0007385,P-001715,KH-PHX-01,Phoenix,2026-07-27,phone,completed,2026-07-27 08:51
KB0002062,P-000426,KH-DAL-01,Dallas,2026-05-04,walk-in,completed,2026-05-04 10:08
KB0004491,P-005263,KH-ATL-03,Atlanta,2026-06-11,online,completed,2026-06-11 08:46
KB0009965,P-001081,KH-DAL-01,Dallas,2026-09-05,online,completed,2026-09-05 10:32
KB0007482,P-006684,KH-PHI-03,Philadelphia,2026-07-28,walk-in,completed,2026-07-28 12:13
KB0005468,P-002382,KH-PHX-02,Phoenix,2026-06-27,walk-in,completed,2026-06-27 17:03
KB0004354,P-004823,KH-CHI-03,Chicago,2026-06-09,online,completed,2026-06-09 12:54
KB0000840,P-000728,KH-DAL-03,Dallas,2026-04-14,online,completed,2026-04-14 16:09
KB0007582,P-001553,KH-PHX-01,Phoenix,2026-07-30,online,completed,2026-07-30 16:01
KB0010410,P-006565,KH-PHI-01,Philadelphia,2026-09-11,at-home,completed,2026-09-11 13:41
KB0009764,P-001369,KH-PHX-01,Phoenix,2026-09-02,phone,completed,2026-09-02 10:32
KB0008179,P-006153,KH-PHI-02,Philadelphia,2026-08-08,walk-in,completed,2026-08-08 09:57
KB0004947,P-006663,KH-PHI-03,Philadelphia,2026-06-18,phone,completed,2026-06-18 13:48
KB0004239,P-001031,KH-DAL-01,Dallas,2026-06-08,phone,completed,2026-06-08 19:17
KB0009610,P-001187,KH-DAL-02,Dallas,2026-08-31,online,completed,2026-08-31 18:18
KB0003852,P-005718,KH-ATL-03,Atlanta,2026-06-01,phone,completed,2026-06-01 10:49
KB0007422,P-000668,KH-DAL-02,Dallas,2026-07-28,at-home,completed,2026-07-28 15:03
KB0005147,P-001816,KH-PHX-03,Phoenix,2026-06-22,walk-in,completed,2026-06-22 19:28
KB0011314,P-002067,KH-PHX-01,Phoenix,2026-09-25,walk-in,completed,2026-09-25 14:18
KB0005839,P-001852,KH-PHX-03,Phoenix,2026-07-03,at-home,completed,2026-07-03 16:34
KB0011215,P-001010,KH-DAL-01,Dallas,2026-09-24,walk-in,completed,2026-09-24 17:40
KB0005416,P-002853,KH-NYC-02,New York,2026-06-26,walk-in,cancelled,2026-06-26 11:05
KB0005583,P-001891,KH-PHX-02,Phoenix,2026-06-29,online,completed,2026-06-29 19:59
KB0006690,P-002831,KH-NYC-01,New York,2026-07-16,online,completed,2026-07-16 13:15
KB0005300,P-004283,KH-CHI-01,Chicago,2026-06-24,walk-in,completed,2026-06-24 15:24
KB0003461,P-004615,KH-CHI-01,Chicago,2026-05-26,phone,completed,2026-05-26 12:51
KB0003321,P-001285,KH-PHX-02,Phoenix,2026-05-24,phone,completed,2026-05-24 09:35
KB0009657,P-004765,KH-CHI-03,Chicago,2026-08-31,phone,completed,2026-08-31 15:57
KB0002362,P-004350,KH-CHI-01,Chicago,2026-05-08,at-home,completed,2026-05-08 12:52
KB0004117,P-004708,KH-CHI-02,Chicago,2026-06-05,walk-in,completed,2026-06-05 15:31
KB0004184,P-005468,KH-ATL-02,Atlanta,2026-06-06,walk-in,completed,2026-06-06 15:06
KB0001573,P-005837,KH-PHI-02,Philadelphia,2026-04-25,phone,completed,2026-04-25 19:24
KB0006929,P-000132,KH-DAL-01,Dallas,2026-07-20,walk-in,completed,2026-07-20 08:30
KB0008557,P-004606,KH-CHI-02,Chicago,2026-08-14,walk-in,completed,2026-08-14 18:22
KB0010432,P-001502,KH-PHX-02,Phoenix,2026-09-12,walk-in,completed,2026-09-12 17:39
KB0001316,P-004492,KH-CHI-01,Chicago,2026-04-21,walk-in,completed,2026-04-21 18:02
KB0001512,P-006365,KH-PHI-03,Philadelphia,2026-04-24,at-home,completed,2026-04-24 17:36
KB0001466,P-000910,KH-DAL-01,Dallas,2026-04-24,online,completed,2026-04-24 13:13
KB0005559,P-006503,KH-PHI-03,Philadelphia,2026-06-28,online,completed,2026-06-28 18:05
KB0003362,P-000497,KH-DAL-01,Dallas,2026-05-25,walk-in,completed,2026-05-25 13:16
KB0007813,P-000496,KH-DAL-02,Dallas,2026-08-03,walk-in,completed,2026-08-03 10:13
KB0003892,P-002389,KH-PHX-03,Phoenix,2026-06-02,phone,cancelled,2026-06-02 19:36
KB0010730,P-000517,KH-DAL-01,Dallas,2026-09-17,online,completed,2026-09-17 18:46
KB0003595,P-004082,KH-CHI-03,Chicago,2026-05-28,walk-in,completed,2026-05-28 14:19
KB0009798,P-006670,KH-PHI-02,Philadelphia,2026-09-02,walk-in,completed,2026-09-02 18:29
KB0001077,P-003022,KH-NYC-02,New York,2026-04-17,phone,completed,2026-04-17 09:03
KB0008407,P-002639,KH-NYC-03,New York,2026-08-12,online,completed,2026-08-12 19:20
KB0010303,P-003944,KH-NYC-02,New York,2026-09-10,walk-in,completed,2026-09-10 10:15
KB0002758,P-000038,KH-DAL-03,Dallas,2026-05-15,walk-in,completed,2026-05-15 12:40
KB0010704,P-005643,KH-ATL-01,Atlanta,2026-09-16,online,completed,2026-09-16 09:13
KB0000404,P-006479,KH-PHI-01,Philadelphia,2026-04-06,online,completed,2026-04-06 13:01
KB0009317,P-003331,KH-NYC-02,New York,2026-08-26,at-home,completed,2026-08-26 15:09
KB0002405,P-001771,KH-PHX-01,Phoenix,2026-05-09,at-home,completed,2026-05-09 10:46
KB0007806,P-000824,KH-DAL-02,Dallas,2026-08-03,walk-in,completed,2026-08-03 14:42
KB0000552,P-002352,KH-PHX-01,Phoenix,2026-04-09,walk-in,completed,2026-04-09 19:08
KB0006480,P-003210,KH-NYC-03,New York,2026-07-13,walk-in,completed,2026-07-13 08:14
KB0007294,P-003731,KH-NYC-02,New York,2026-07-25,at-home,completed,2026-07-25 15:08
KB0011177,P-003535,KH-NYC-01,New York,2026-09-23,walk-in,completed,2026-09-23 18:27
KB0005347,P-001640,KH-PHX-02,Phoenix,2026-06-25,walk-in,completed,2026-06-25 18:21
KB0004041,P-004474,KH-CHI-02,Chicago,2026-06-04,walk-in,completed,2026-06-04 13:35
KB0006106,P-002818,KH-NYC-01,New York,2026-07-07,walk-in,completed,2026-07-07 19:21
KB0010669,P-000870,KH-DAL-03,Dallas,2026-09-16,phone,completed,2026-09-16 16:57
KB0011300,P-001141,KH-DAL-03,Dallas,2026-09-25,walk-in,completed,2026-09-25 13:16
KB0003603,P-005193,KH-ATL-02,Atlanta,2026-05-28,at-home,completed,2026-05-28 12:56
KB0007959,P-003883,KH-NYC-03,New York,2026-08-05,online,completed,2026-08-05 19:18
KB0005823,P-005792,KH-PHI-02,Philadelphia,2026-07-02,phone,completed,2026-07-02 08:46
KB0009043,P-006104,KH-PHI-03,Philadelphia,2026-08-21,online,completed,2026-08-21 12:26
KB0010631,P-003434,KH-NYC-03,New York,2026-09-15,at-home,completed,2026-09-15 17:46
KB0006195,P-005529,KH-ATL-02,Atlanta,2026-07-08,walk-in,completed,2026-07-08 12:06
KB0001525,P-001900,KH-PHX-02,Phoenix,2026-04-25,at-home,completed,2026-04-25 10:26
KB0003381,P-003650,KH-NYC-02,New York,2026-05-25,online,completed,2026-05-25 19:47
KB0006463,P-002392,KH-PHX-02,Phoenix,2026-07-13,at-home,completed,2026-07-13 15:17
KB0011003,P-000996,KH-DAL-02,Dallas,2026-09-21,walk-in,completed,2026-09-21 15:13
KB0007242,P-005334,KH-ATL-02,Atlanta,2026-07-24,online,completed,2026-07-24 10:39
KB0009097,P-005561,KH-ATL-02,Atlanta,2026-08-22,walk-in,completed,2026-08-22 13:45
KB0004405,P-002613,KH-NYC-01,New York,2026-06-10,phone,completed,2026-06-10 10:16
KB0006285,P-000692,KH-DAL-03,Dallas,2026-07-10,online,completed,2026-07-10 13:09
KB0000624,P-001715,KH-PHX-02,Phoenix,2026-04-10,,completed,2026-04-10 15:55
KB0006646,P-006492,KH-PHI-02,Philadelphia,2026-07-15,at-home,cancelled,2026-07-15 19:55
KB0006744,P-001570,KH-PHX-02,Phoenix,2026-07-17,walk-in,completed,2026-07-17 19:25
KB0010442,P-002088,KH-PHX-03,Phoenix,2026-09-12,online,completed,2026-09-12 14:41
KB0001997,P-006458,KH-PHI-02,Philadelphia,2026-05-02,,completed,2026-05-02 13:50
KB0009879,P-000460,KH-DAL-03,Dallas,2026-09-04,at-home,completed,2026-09-04 13:13
KB0004693,P-000285,KH-DAL-03,Dallas,2026-06-15,walk-in,completed,2026-06-15 13:10
KB0008923,P-002391,KH-PHX-02,Phoenix,2026-08-20,at-home,completed,2026-08-20 17:43
KB0000402,P-006404,KH-PHI-01,Philadelphia,2026-04-06,at-home,completed,2026-04-06 11:47
KB0001428,P-003650,KH-NYC-01,New York,2026-04-23,online,completed,2026-04-23 12:01
KB0007199,P-000074,KH-DAL-02,Dallas,2026-07-24,at-home,completed,2026-07-24 18:15
KB0005205,P-000185,KH-DAL-02,Dallas,2026-06-23,at-home,completed,2026-06-23 19:42
KB0008181,P-005934,KH-PHI-01,Philadelphia,2026-08-08,walk-in,completed,2026-08-08 10:28
KB0001592,P-001498,KH-PHX-03,Phoenix,2026-04-26,online,completed,2026-04-26 18:06
KB0002905,P-003208,KH-NYC-03,New York,2026-05-17,at-home,completed,2026-05-17 14:31
KB0006810,P-001539,KH-PHX-03,Phoenix,2026-07-18,online,completed,2026-07-18 08:21
KB0001360,P-003788,KH-NYC-03,New York,2026-04-22,online,completed,2026-04-22 18:07
KB0009618,P-000961,KH-DAL-01,Dallas,2026-08-31,at-home,completed,2026-08-31 14:53
KB0011387,P-001404,KH-PHX-03,Phoenix,2026-09-26,walk-in,completed,2026-09-26 13:04
KB0006600,P-001785,KH-PHX-02,Phoenix,2026-07-15,walk-in,completed,2026-07-15 16:33
KB0007550,P-005773,KH-PHI-02,Philadelphia,2026-07-29,walk-in,completed,2026-07-29 10:55
KB0000430,P-001703,KH-PHX-02,Phoenix,2026-04-07,walk-in,cancelled,2026-04-07 14:50
KB0006094,P-002199,KH-PHX-01,Phoenix,2026-07-07,online,completed,2026-07-07 10:26
KB0009328,P-004665,KH-CHI-02,Chicago,2026-08-26,walk-in,completed,2026-08-26 09:24
KB0004339,P-002744,KH-NYC-03,New York,2026-06-09,phone,completed,2026-06-09 19:28
KB0008946,P-003707,KH-NYC-03,New York,2026-08-20,phone,completed,2026-08-20 09:14
KB0006849,P-006137,KH-PHI-03,Philadelphia,2026-07-18,online,completed,2026-07-18 18:02
KB0009441,P-003886,KH-NYC-01,New York,2026-08-28,phone,completed,2026-08-28 10:36
KB0000530,P-001197,KH-DAL-02,Dallas,2026-04-09,online,completed,2026-04-09 18:12
KB0008192,P-000429,KH-DAL-01,Dallas,2026-08-09,at-home,completed,2026-08-09 11:53
KB0002911,P-003753,KH-NYC-03,New York,2026-05-17,phone,completed,2026-05-17 18:48
KB0009003,P-002360,KH-PHX-03,Phoenix,2026-08-21,at-home,completed,2026-08-21 14:02
KB0000895,P-006066,KH-PHI-01,Philadelphia,2026-04-14,online,completed,2026-04-14 10:08
KB0005195,P-006416,KH-PHI-03,Philadelphia,2026-06-22,walk-in,completed,2026-06-22 19:51
KB0006037,P-003237,KH-NYC-02,New York,2026-07-06,phone,completed,2026-07-06 12:52
KB0011016,P-002097,KH-PHX-03,Phoenix,2026-09-21,online,completed,2026-09-21 13:26
KB0007489,P-001038,KH-DAL-02,Dallas,2026-07-29,online,completed,2026-07-29 12:51
KB0000119,P-004280,KH-CHI-01,Chicago,2026-04-02,at-home,completed,2026-04-02 13:27
KB0003893,P-001934,KH-PHX-03,Phoenix,2026-06-02,online,completed,2026-06-02 17:12
KB0009801,P-006145,KH-PHI-02,Philadelphia,2026-09-02,walk-in,completed,2026-09-02 10:13
KB0003670,P-005046,KH-ATL-02,Atlanta,2026-05-29,phone,completed,2026-05-29 19:11
KB0003207,P-002250,KH-PHX-01,Phoenix,2026-05-22,walk-in,completed,2026-05-22 08:37
KB0002020,P-002371,KH-PHX-01,Phoenix,2026-05-03,walk-in,completed,2026-05-03 19:14
KB0010757,P-003827,KH-NYC-03,New York,2026-09-17,walk-in,completed,2026-09-17 13:12
KB0004075,P-000193,KH-DAL-01,Dallas,2026-06-05,phone,completed,2026-06-05 12:22
KB0008633,P-005431,KH-ATL-01,Atlanta,2026-08-15,online,completed,2026-08-15 13:52
KB0001252,P-004571,KH-CHI-02,Chicago,2026-04-20,online,completed,2026-04-20 19:14
KB0000902,P-000473,KH-DAL-01,Dallas,2026-04-15,walk-in,completed,2026-04-15 16:50
KB0004594,P-001325,KH-PHX-02,Phoenix,2026-06-13,online,completed,2026-06-13 11:13
KB0011637,P-001190,KH-DAL-02,Dallas,2026-09-30,at-home,completed,2026-09-30 14:32
KB0001470,P-000112,KH-DAL-03,Dallas,2026-04-24,at-home,completed,2026-04-24 10:25
KB0007598,P-004017,KH-CHI-03,Chicago,2026-07-30,phone,completed,2026-07-30 15:20
KB0004910,P-002293,KH-PHX-01,Phoenix,2026-06-18,walk-in,completed,2026-06-18 10:34
KB0005833,P-000195,KH-DAL-01,Dallas,2026-07-03,at-home,completed,2026-07-03 16:21
KB0008942,P-003293,KH-NYC-02,New York,2026-08-20,online,completed,2026-08-20 17:27
KB0009012,P-001685,KH-PHX-02,Phoenix,2026-08-21,online,completed,2026-08-21 09:11
KB0002620,P-000793,KH-DAL-03,Dallas,2026-05-13,phone,completed,2026-05-13 12:24
KB0010572,P-003845,KH-NYC-03,New York,2026-09-14,walk-in,completed,2026-09-14 17:42
KB0009847,P-003339,KH-NYC-03,New York,2026-09-03,walk-in,completed,2026-09-03 08:23
KB0009493,P-000873,KH-DAL-03,Dallas,2026-08-29,walk-in,completed,2026-08-29 12:04
KB0004605,P-001953,KH-PHX-01,Phoenix,2026-06-13,at-home,completed,2026-06-13 18:07
KB0003285,P-004501,KH-CHI-03,Chicago,2026-05-23,walk-in,completed,2026-05-23 16:50
KB0001635,P-002418,KH-PHX-01,Phoenix,2026-04-27,walk-in,completed,2026-04-27 15:46
KB0004415,P-004641,KH-CHI-02,Chicago,2026-06-10,walk-in,completed,2026-06-10 15:12
KB0005578,P-000496,KH-DAL-01,Dallas,2026-06-29,walk-in,completed,2026-06-29 19:52
KB0007596,P-004290,KH-CHI-03,Chicago,2026-07-30,walk-in,completed,2026-07-30 16:44
KB0004811,P-005348,KH-ATL-02,Atlanta,2026-06-16,walk-in,completed,2026-06-16 08:17
KB0005794,P-003273,KH-NYC-01,New York,2026-07-02,walk-in,completed,2026-07-02 12:59
KB0003234,P-005253,KH-ATL-01,Atlanta,2026-05-22,online,completed,2026-05-22 09:18
KB0004874,P-005659,KH-ATL-02,Atlanta,2026-06-17,online,completed,2026-06-17 16:06
KB0005496,P-005110,KH-ATL-02,Atlanta,2026-06-27,online,completed,2026-06-27 13:13
KB0010564,P-003521,KH-NYC-01,New York,2026-09-14,online,completed,2026-09-14 08:33
KB0005439,P-005639,KH-ATL-01,Atlanta,2026-06-26,walk-in,completed,2026-06-26 08:56
KB0004587,P-001060,KH-DAL-03,Dallas,2026-06-13,online,completed,2026-06-13 09:27
KB0007440,P-001928,KH-PHX-03,Phoenix,2026-07-28,walk-in,completed,2026-07-28 08:22
KB0002821,P-000138,KH-DAL-01,Dallas,2026-05-16,walk-in,completed,2026-05-16 11:12
KB0005671,P-004734,KH-CHI-03,Chicago,2026-06-30,at-home,completed,2026-06-30 17:12
KB0005570,P-000695,KH-DAL-03,Dallas,2026-06-29,walk-in,completed,2026-06-29 09:15
KB0006781,P-005374,KH-ATL-02,Atlanta,2026-07-17,phone,completed,2026-07-17 18:29
KB0000676,P-000149,KH-DAL-02,Dallas,2026-04-11,online,completed,2026-04-11 11:53
KB0009498,P-001041,KH-DAL-03,Dallas,2026-08-29,walk-in,completed,2026-08-29 18:56
KB0002716,P-002784,KH-NYC-02,New York,2026-05-14,online,completed,2026-05-14 11:02
KB0000084,P-000448,KH-DAL-01,Dallas,2026-04-02,online,completed,2026-04-02 10:44
KB0006605,P-001874,KH-PHX-03,Phoenix,2026-07-15,walk-in,completed,2026-07-15 12:28
KB0005609,P-004009,KH-CHI-01,Chicago,2026-06-29,walk-in,completed,2026-06-29 19:24
KB0006282,P-000418,KH-DAL-02,Dallas,2026-07-10,at-home,cancelled,2026-07-10 15:51
KB0007323,P-000679,KH-DAL-03,Dallas,2026-07-26,phone,cancelled,2026-07-26 10:36
KB0007171,P-004265,KH-CHI-01,Chicago,2026-07-23,walk-in,completed,2026-07-23 19:17
KB0001292,P-001584,KH-PHX-01,Phoenix,2026-04-21,online,completed,2026-04-21 14:57
KB0011562,P-000521,KH-DAL-01,Dallas,2026-09-29,walk-in,completed,2026-09-29 14:44
KB0001702,P-002141,KH-PHX-02,Phoenix,2026-04-28,at-home,completed,2026-04-28 09:30
KB0009075,P-003905,KH-NYC-02,New York,2026-08-22,at-home,completed,2026-08-22 11:29
KB0000666,P-001129,KH-DAL-03,Dallas,2026-04-11,at-home,completed,2026-04-11 14:31
KB0000061,P-006231,KH-PHI-03,Philadelphia,2026-04-01,online,completed,2026-04-01 12:04
KB0002679,P-006114,KH-PHI-01,Philadelphia,2026-05-13,phone,completed,2026-05-13 15:42
KB0001007,P-003271,KH-NYC-03,New York,2026-04-16,walk-in,completed,2026-04-16 17:16
KB0009674,P-006593,KH-PHI-01,Philadelphia,2026-08-31,phone,completed,2026-08-31 19:46
KB0006847,P-006691,KH-PHI-03,Philadelphia,2026-07-18,phone,completed,2026-07-18 09:02
KB0010256,P-004107,KH-CHI-02,Chicago,2026-09-09,walk-in,completed,2026-09-09 19:32
KB0004606,P-002333,KH-PHX-01,Phoenix,2026-06-13,phone,completed,2026-06-13 08:13
KB0010891,P-000844,KH-DAL-03,Dallas,2026-09-19,online,completed,2026-09-19 19:43
KB0007258,P-000753,KH-DAL-03,Dallas,2026-07-25,phone,completed,2026-07-25 18:53
KB0006734,P-001332,KH-PHX-01,Phoenix,2026-07-17,online,completed,2026-07-17 09:09
KB0008900,P-006049,KH-PHI-03,Philadelphia,2026-08-19,walk-in,completed,2026-08-19 14:29
KB0007865,P-000580,KH-DAL-03,Dallas,2026-08-04,walk-in,completed,2026-08-04 09:31
KB0002317,P-006014,KH-PHI-03,Philadelphia,2026-05-07,walk-in,completed,2026-05-07 17:31
KB0009704,P-002143,KH-PHX-02,Phoenix,2026-09-01,online,cancelled,2026-09-01 19:22
KB0007490,P-000120,KH-DAL-01,Dallas,2026-07-29,walk-in,completed,2026-07-29 13:19
KB0006954,P-003784,KH-NYC-01,New York,2026-07-20,online,completed,2026-07-20 15:15
KB0004909,P-001883,KH-PHX-03,Phoenix,2026-06-18,walk-in,completed,2026-06-18 14:12
KB0007559,P-000507,KH-DAL-03,Dallas,2026-07-30,phone,completed,2026-07-30 19:36
KB0008592,P-000958,KH-DAL-01,Dallas,2026-08-15,walk-in,completed,2026-08-15 18:20
KB0010050,P-003877,KH-NYC-02,New York,2026-09-06,walk-in,completed,2026-09-06 09:38
KB0004010,P-000418,KH-DAL-02,Dallas,2026-06-04,online,completed,2026-06-04 19:35
KB0004482,P-003456,KH-NYC-01,New York,2026-06-11,walk-in,cancelled,2026-06-11 16:09
KB0002291,P-004847,KH-CHI-01,Chicago,2026-05-07,walk-in,completed,2026-05-07 16:07
KB0005464,P-001746,KH-PHX-03,Phoenix,2026-06-27,walk-in,cancelled,2026-06-27 16:17
KB0006907,P-006155,KH-PHI-02,Philadelphia,2026-07-19,walk-in,completed,2026-07-19 19:00
KB0001048,P-001129,KH-DAL-01,Dallas,2026-04-17,online,completed,2026-04-17 10:07
KB0009947,P-005992,KH-PHI-03,Philadelphia,2026-09-04,walk-in,completed,2026-09-04 19:43
KB0009889,P-000995,KH-DAL-02,Dallas,2026-09-04,walk-in,completed,2026-09-04 16:02
KB0002792,P-002658,KH-NYC-01,New York,2026-05-15,walk-in,completed,2026-05-15 15:48
KB0011073,P-000873,KH-DAL-01,Dallas,2026-09-22,online,completed,2026-09-22 11:47
KB0005934,P-004635,KH-CHI-02,Chicago,2026-07-04,online,completed,2026-07-04 13:37
KB0005990,P-005616,KH-ATL-01,Atlanta,2026-07-05,walk-in,completed,2026-07-05 13:04
KB0011571,P-001348,KH-PHX-02,Phoenix,2026-09-29,online,completed,2026-09-29 14:05
KB0006682,P-002981,KH-NYC-02,New York,2026-07-16,walk-in,completed,2026-07-16 10:28
KB0005557,P-006486,KH-PHI-03,Philadelphia,2026-06-28,phone,completed,2026-06-28 10:23
KB0004114,P-004598,KH-CHI-01,Chicago,2026-06-05,walk-in,completed,2026-06-05 08:00
KB0002209,P-000159,KH-DAL-03,Dallas,2026-05-06,online,completed,2026-05-06 16:41
KB0005107,P-003640,KH-NYC-03,New York,2026-06-21,walk-in,completed,2026-06-21 11:59
KB0004829,P-000221,KH-DAL-01,Dallas,2026-06-17,online,completed,2026-06-17 09:23
KB0009066,P-002198,KH-PHX-02,Phoenix,2026-08-22,at-home,completed,2026-08-22 17:06
KB0008091,P-003813,KH-NYC-01,New York,2026-08-07,walk-in,completed,2026-08-07 15:47
KB0008925,P-001534,KH-PHX-02,Phoenix,2026-08-20,walk-in,completed,2026-08-20 08:45
KB0011028,P-003377,KH-NYC-01,New York,2026-09-21,phone,completed,2026-09-21 15:26
KB0002664,P-005358,KH-ATL-02,Atlanta,2026-05-13,at-home,completed,2026-05-13 14:11
KB0004400,P-003022,KH-NYC-03,New York,2026-06-10,at-home,completed,2026-06-10 18:55
KB0010099,P-002436,KH-PHX-02,Phoenix,2026-09-07,walk-in,completed,2026-09-07 17:51
KB0010085,P-001976,KH-PHX-02,Phoenix,2026-09-07,online,completed,2026-09-07 12:58
KB0007421,P-006174,KH-PHI-03,Philadelphia,2026-07-27,walk-in,completed,2026-07-27 18:09
KB0004747,P-005809,KH-PHI-03,Philadelphia,2026-06-15,phone,completed,2026-06-15 08:07
KB0009539,P-005442,KH-ATL-02,Atlanta,2026-08-29,online,completed,2026-08-29 11:58
KB0006446,P-000191,KH-DAL-01,Dallas,2026-07-13,at-home,completed,2026-07-13 18:32
KB0002819,P-001090,KH-DAL-01,Dallas,2026-05-16,online,completed,2026-05-16 15:51
KB0007893,P-003211,KH-NYC-03,New York,2026-08-04,phone,completed,2026-08-04 19:24
KB0009950,P-006647,KH-PHI-02,Philadelphia,2026-09-04,phone,completed,2026-09-04 13:30
KB0004809,P-005148,KH-ATL-02,Atlanta,2026-06-16,walk-in,completed,2026-06-16 10:02
KB0007114,P-005882,KH-PHI-03,Philadelphia,2026-07-22,walk-in,completed,2026-07-22 09:25
KB0005426,P-003944,KH-NYC-01,New York,2026-06-26,walk-in,completed,2026-06-26 11:30
KB0004290,P-005681,KH-ATL-01,Atlanta,2026-06-08,online,completed,2026-06-08 11:32
KB0000868,P-002900,KH-NYC-03,New York,2026-04-14,phone,cancelled,2026-04-14 10:10
KB0006344,P-000808,KH-DAL-01,Dallas,2026-07-11,walk-in,completed,2026-07-11 17:55
KB0009885,P-000097,KH-DAL-03,Dallas,2026-09-04,at-home,completed,2026-09-04 19:35
KB0001105,P-000666,KH-DAL-02,Dallas,2026-04-18,phone,completed,2026-04-18 19:39
KB0003834,P-003096,KH-NYC-01,New York,2026-06-01,online,completed,2026-06-01 13:20
KB0011095,P-001941,KH-PHX-01,Phoenix,2026-09-22,walk-in,completed,2026-09-22 14:52
KB0001564,P-005273,KH-ATL-02,Atlanta,2026-04-25,walk-in,completed,2026-04-25 17:50
KB0001168,P-000502,KH-DAL-02,Dallas,2026-04-19,walk-in,completed,2026-04-19 09:13
KB0000163,P-000507,KH-DAL-01,Dallas,2026-04-03,walk-in,completed,2026-04-03 12:12
KB0000763,P-005148,KH-ATL-01,Atlanta,2026-04-12,walk-in,completed,2026-04-12 15:09
KB0007866,P-000521,KH-DAL-01,Dallas,2026-08-04,at-home,completed,2026-08-04 10:49
KB0000514,P-004665,KH-CHI-03,Chicago,2026-04-08,walk-in,completed,2026-04-08 14:26
KB0001785,P-003977,KH-CHI-03,Chicago,2026-04-29,walk-in,completed,2026-04-29 14:41
KB0003762,P-002190,KH-PHX-01,Phoenix,2026-05-31,online,completed,2026-05-31 09:41
KB0003166,P-005733,KH-ATL-02,Atlanta,2026-05-21,online,completed,2026-05-21 17:13
KB0003157,P-004190,KH-CHI-03,Chicago,2026-05-21,walk-in,completed,2026-05-21 12:53
KB0002872,P-005171,KH-ATL-02,Atlanta,2026-05-16,walk-in,completed,2026-05-16 12:45
KB0003035,P-004901,KH-CHI-01,Chicago,2026-05-19,online,completed,2026-05-19 09:58
KB0000355,P-000850,KH-DAL-02,Dallas,2026-04-06,walk-in,completed,2026-04-06 09:59
KB0007337,P-001941,KH-PHX-02,Phoenix,2026-07-26,at-home,completed,2026-07-26 13:47
KB0005394,P-000029,KH-DAL-01,Dallas,2026-06-26,at-home,completed,2026-06-26 17:42
KB0007614,P-006560,KH-PHI-03,Philadelphia,2026-07-30,at-home,completed,2026-07-30 08:01
KB0005684,P-005728,KH-ATL-02,Atlanta,2026-06-30,online,completed,2026-06-30 09:23
KB0007638,P-001556,KH-PHX-02,Phoenix,2026-07-31,phone,completed,2026-07-31 08:13
KB0010347,P-001142,KH-DAL-03,Dallas,2026-09-11,walk-in,completed,2026-09-11 08:00
KB0002148,P-001438,KH-PHX-02,Phoenix,2026-05-05,at-home,completed,2026-05-05 16:15
KB0004813,P-005079,KH-ATL-02,Atlanta,2026-06-16,walk-in,completed,2026-06-16 12:08
KB0010420,P-000561,KH-DAL-02,Dallas,2026-09-12,walk-in,completed,2026-09-12 13:36
KB0006397,P-005698,KH-ATL-01,Atlanta,2026-07-11,walk-in,completed,2026-07-11 10:37
KB0001338,P-000527,KH-DAL-02,Dallas,2026-04-22,online,completed,2026-04-22 13:06
KB0003444,P-001478,KH-PHX-02,Phoenix,2026-05-26,walk-in,completed,2026-05-26 12:12
KB0001859,P-006564,KH-PHI-01,Philadelphia,2026-04-30,online,completed,2026-04-30 14:22
KB0005120,P-004732,KH-CHI-01,Chicago,2026-06-21,online,completed,2026-06-21 19:29
KB0008213,P-003268,KH-NYC-03,New York,2026-08-09,phone,completed,2026-08-09 15:56
KB0007655,P-005117,KH-ATL-02,Atlanta,2026-07-31,walk-in,completed,2026-07-31 12:32
KB0000532,P-000202,KH-DAL-02,Dallas,2026-04-09,phone,completed,2026-04-09 11:23
KB0009020,P-003751,KH-NYC-01,New York,2026-08-21,online,completed,2026-08-21 11:20
KB0003314,P-000106,KH-DAL-01,Dallas,2026-05-24,phone,completed,2026-05-24 18:34
KB0005851,P-001639,KH-PHX-01,Phoenix,2026-07-03,phone,completed,2026-07-03 17:50
KB0007968,P-004237,KH-CHI-03,Chicago,2026-08-05,walk-in,completed,2026-08-05 13:28
KB0001439,P-005517,KH-ATL-02,Atlanta,2026-04-23,walk-in,completed,2026-04-23 16:19
KB0006098,P-001584,KH-PHX-02,Phoenix,2026-07-07,walk-in,completed,2026-07-07 11:34
KB0010769,P-003320,KH-NYC-01,New York,2026-09-17,online,completed,2026-09-17 12:38
KB0006984,P-001050,KH-DAL-03,Dallas,2026-07-21,online,completed,2026-07-21 08:47
KB0005336,P-002199,KH-PHX-03,Phoenix,2026-06-25,online,completed,2026-06-25 19:18
KB0011152,P-000532,KH-DAL-03,Dallas,2026-09-23,,completed,2026-09-23 12:15
KB0003565,P-001346,KH-PHX-02,Phoenix,2026-05-28,walk-in,completed,2026-05-28 19:06
KB0007160,P-002582,KH-NYC-02,New York,2026-07-23,walk-in,completed,2026-07-23 10:17
KB0005153,P-001722,KH-PHX-02,Phoenix,2026-06-22,at-home,completed,2026-06-22 09:31
KB0006473,P-003414,KH-NYC-03,New York,2026-07-13,at-home,completed,2026-07-13 11:01
KB0003527,P-004209,KH-CHI-03,Chicago,2026-05-27,at-home,completed,2026-05-27 09:10
KB0008947,P-003176,KH-NYC-03,New York,2026-08-20,walk-in,completed,2026-08-20 09:00
KB0000659,P-005919,KH-PHI-02,Philadelphia,2026-04-10,online,completed,2026-04-10 09:06
KB0007251,P-005919,KH-PHI-02,Philadelphia,2026-07-24,walk-in,completed,2026-07-24 17:10
KB0005608,P-004293,KH-CHI-01,Chicago,2026-06-29,walk-in,completed,2026-06-29 12:24
KB0007696,P-002252,KH-PHX-02,Phoenix,2026-08-01,walk-in,completed,2026-08-01 09:44
KB0010532,P-006388,KH-PHI-01,Philadelphia,2026-09-13,walk-in,completed,2026-09-13 16:40
KB0009353,P-000765,KH-DAL-03,Dallas,2026-08-27,at-home,completed,2026-08-27 16:07
KB0000030,P-001476,KH-PHX-02,Phoenix,2026-04-01,phone,completed,2026-04-01 18:21
KB0006746,P-002087,KH-PHX-01,Phoenix,2026-07-17,online,completed,2026-07-17 10:37
KB0000307,P-002237,KH-PHX-02,Phoenix,2026-04-05,walk-in,completed,2026-04-05 10:10
KB0007445,P-001758,KH-PHX-02,Phoenix,2026-07-28,online,completed,2026-07-28 10:59
KB0005382,P-006046,KH-PHI-01,Philadelphia,2026-06-25,walk-in,completed,2026-06-25 17:55
KB0011375,P-001060,KH-DAL-02,Dallas,2026-09-26,at-home,completed,2026-09-26 11:31
KB0010826,P-003742,KH-NYC-02,New York,2026-09-18,online,completed,2026-09-18 17:12
KB0008102,P-002515,KH-NYC-03,New York,2026-08-07,phone,completed,2026-08-07 15:33
KB0004200,P-000905,KH-DAL-01,Dallas,2026-06-07,walk-in,completed,2026-06-07 12:08
KB0007940,P-000112,KH-DAL-03,Dallas,2026-08-05,phone,completed,2026-08-05 18:42
KB0002230,P-003764,KH-NYC-02,New York,2026-05-06,phone,completed,2026-05-06 17:37
KB0008157,P-003136,KH-NYC-03,New York,2026-08-08,online,completed,2026-08-08 12:19
KB0009538,P-005532,KH-ATL-02,Atlanta,2026-08-29,online,completed,2026-08-29 19:14
KB0000543,P-000799,KH-DAL-02,Dallas,2026-04-09,walk-in,completed,2026-04-09 15:15
KB0003164,P-004991,KH-ATL-02,Atlanta,2026-05-21,walk-in,completed,2026-05-21 15:11
KB0007839,P-004418,KH-CHI-01,Chicago,2026-08-03,at-home,completed,2026-08-03 18:13
KB0008155,P-003483,KH-NYC-02,New York,2026-08-08,online,completed,2026-08-08 12:06
KB0005161,P-001402,KH-PHX-01,Phoenix,2026-06-22,online,completed,2026-06-22 17:13
KB0004983,P-002789,KH-NYC-03,New York,2026-06-19,online,cancelled,2026-06-19 10:31
KB0002961,P-001256,KH-PHX-02,Phoenix,2026-05-18,walk-in,completed,2026-05-18 14:28
KB0003862,P-006142,KH-PHI-01,Philadelphia,2026-06-01,phone,cancelled,2026-06-01 12:01
KB0008601,P-002382,KH-PHX-01,Phoenix,2026-08-15,walk-in,completed,2026-08-15 13:23
KB0000363,P-002386,KH-PHX-03,Phoenix,2026-04-06,walk-in,completed,2026-04-06 11:43
KB0009407,P-006133,KH-PHI-03,Philadelphia,2026-08-27,at-home,completed,2026-08-27 19:21
KB0004971,P-001781,KH-PHX-03,Phoenix,2026-06-19,walk-in,completed,2026-06-19 10:50
KB0000626,P-003587,KH-NYC-02,New York,2026-04-10,online,completed,2026-04-10 18:40
KB0004297,P-006155,KH-PHI-01,Philadelphia,2026-06-08,at-home,completed,2026-06-08 17:22
KB0002409,P-003117,KH-NYC-02,New York,2026-05-09,at-home,completed,2026-05-09 08:27
KB0010131,P-005750,KH-ATL-02,Atlanta,2026-09-07,online,completed,2026-09-07 13:17
KB0002452,P-000839,KH-DAL-03,Dallas,2026-05-10,at-home,completed,2026-05-10 15:58
KB0000276,P-005304,KH-ATL-02,Atlanta,2026-04-04,online,completed,2026-04-04 13:03
KB0000579,P-003971,KH-CHI-01,Chicago,2026-04-09,walk-in,completed,2026-04-09 15:19
KB0006542,P-001567,KH-PHX-02,Phoenix,2026-07-14,walk-in,completed,2026-07-14 09:22
KB0002928,P-005868,KH-PHI-03,Philadelphia,2026-05-17,phone,completed,2026-05-17 18:35
KB0007356,P-005337,KH-ATL-02,Atlanta,2026-07-26,walk-in,completed,2026-07-26 19:09
KB0010378,P-002631,KH-NYC-03,New York,2026-09-11,walk-in,completed,2026-09-11 19:18
KB0002480,P-004273,KH-CHI-02,Chicago,2026-05-10,online,completed,2026-05-10 11:18
KB0007260,P-000771,KH-DAL-01,Dallas,2026-07-25,online,completed,2026-07-25 19:13
KB0006668,P-000632,KH-DAL-03,Dallas,2026-07-16,walk-in,completed,2026-07-16 09:30
KB0004676,P-005517,KH-ATL-01,Atlanta,2026-06-14,walk-in,completed,2026-06-14 11:16
KB0002154,P-002004,KH-PHX-02,Phoenix,2026-05-05,walk-in,completed,2026-05-05 10:34
KB0004410,P-004653,KH-CHI-03,Chicago,2026-06-10,online,cancelled,2026-06-10 08:06
KB0003118,P-006539,KH-PHI-01,Philadelphia,2026-05-20,walk-in,completed,2026-05-20 17:56
KB0000377,P-003164,KH-NYC-02,New York,2026-04-06,walk-in,completed,2026-04-06 10:57
KB0008031,P-003116,KH-NYC-03,New York,2026-08-06,walk-in,completed,2026-08-06 12:48
KB0008502,P-005517,KH-ATL-02,Atlanta,2026-08-13,online,completed,2026-08-13 12:46
KB0008040,P-005400,KH-ATL-03,Atlanta,2026-08-06,phone,completed,2026-08-06 09:18
KB0006457,P-000250,KH-DAL-03,Dallas,2026-07-13,online,completed,2026-07-13 12:32
KB0006387,P-004240,KH-CHI-03,Chicago,2026-07-11,online,completed,2026-07-11 19:44
KB0002783,P-002667,KH-NYC-03,New York,2026-05-15,walk-in,cancelled,2026-05-15 19:55
KB0004486,P-004339,KH-CHI-03,Chicago,2026-06-11,online,completed,2026-06-11 15:00
KB0009318,P-002989,KH-NYC-02,New York,2026-08-26,phone,completed,2026-08-26 19:41
KB0000720,P-005314,KH-ATL-02,Atlanta,2026-04-11,online,completed,2026-04-11 16:15
KB0004412,P-004502,KH-CHI-01,Chicago,2026-06-10,walk-in,completed,2026-06-10 18:38
KB0001283,P-000808,KH-DAL-03,Dallas,2026-04-21,phone,completed,2026-04-21 17:06
KB0010366,P-001575,KH-PHX-01,Phoenix,2026-09-11,,completed,2026-09-11 11:17
KB0003642,P-002231,KH-PHX-02,Phoenix,2026-05-29,walk-in,completed,2026-05-29 08:25
KB0001280,P-001188,KH-DAL-01,Dallas,2026-04-21,at-home,completed,2026-04-21 08:50
KB0000559,P-002845,KH-NYC-03,New York,2026-04-09,walk-in,completed,2026-04-09 09:59
KB0011297,P-000865,KH-DAL-01,Dallas,2026-09-25,online,completed,2026-09-25 08:34
KB0004791,P-002623,KH-NYC-03,New York,2026-06-16,walk-in,completed,2026-06-16 12:03
KB0008792,P-002197,KH-PHX-01,Phoenix,2026-08-18,online,completed,2026-08-18 18:08
KB0005958,P-000617,KH-DAL-02,Dallas,2026-07-05,walk-in,completed,2026-07-05 10:08
KB0003290,P-005321,KH-ATL-02,Atlanta,2026-05-23,phone,completed,2026-05-23 19:05
KB0008182,P-006265,KH-PHI-02,Philadelphia,2026-08-08,online,completed,2026-08-08 15:51
KB0006774,P-004555,KH-CHI-03,Chicago,2026-07-17,walk-in,completed,2026-07-17 11:28
KB0006188,P-005218,KH-ATL-02,Atlanta,2026-07-08,walk-in,completed,2026-07-08 10:16
KB0006179,P-004082,KH-CHI-03,Chicago,2026-07-08,walk-in,completed,2026-07-08 12:59
KB0005348,P-002444,KH-PHX-02,Phoenix,2026-06-25,online,completed,2026-06-25 16:48
KB0000129,P-005593,KH-ATL-02,Atlanta,2026-04-02,online,completed,2026-04-02 14:12
KB0001931,P-001129,KH-DAL-03,Dallas,2026-05-02,online,completed,2026-05-02 17:40
KB0009724,P-004350,KH-CHI-01,Chicago,2026-09-01,online,completed,2026-09-01 12:59
KB0004934,P-005170,KH-ATL-01,Atlanta,2026-06-18,walk-in,completed,2026-06-18 09:05
KB0008918,P-000462,KH-DAL-03,Dallas,2026-08-20,at-home,completed,2026-08-20 08:50
KB0002815,P-006136,KH-PHI-01,Philadelphia,2026-05-15,phone,cancelled,2026-05-15 16:51
KB0009080,P-002598,KH-NYC-01,New York,2026-08-22,walk-in,completed,2026-08-22 15:35
KB0004969,P-002202,KH-PHX-01,Phoenix,2026-06-19,walk-in,completed,2026-06-19 10:29
KB0005905,P-000239,KH-DAL-03,Dallas,2026-07-04,walk-in,completed,2026-07-04 14:50
KB0011223,P-001088,KH-DAL-02,Dallas,2026-09-24,walk-in,completed,2026-09-24 09:14
KB0008945,P-002526,KH-NYC-03,New York,2026-08-20,phone,completed,2026-08-20 13:38
KB0003383,P-003565,KH-NYC-01,New York,2026-05-25,online,completed,2026-05-25 19:50
KB0002522,P-002439,KH-PHX-02,Phoenix,2026-05-11,online,completed,2026-05-11 11:16
KB0004646,P-000620,KH-DAL-01,Dallas,2026-06-14,walk-in,completed,2026-06-14 09:57
KB0002966,P-003426,KH-NYC-03,New York,2026-05-18,walk-in,completed,2026-05-18 19:39
KB0008228,P-004236,KH-CHI-01,Chicago,2026-08-09,online,completed,2026-08-09 19:42
KB0000927,P-001996,KH-PHX-02,Phoenix,2026-04-15,at-home,completed,2026-04-15 18:31
KB0005558,P-006262,KH-PHI-03,Philadelphia,2026-06-28,walk-in,completed,2026-06-28 16:16
KB0001185,P-003100,KH-NYC-03,New York,2026-04-19,at-home,completed,2026-04-19 13:28
KB0001216,P-000695,KH-DAL-02,Dallas,2026-04-20,walk-in,completed,2026-04-20 09:15
KB0008506,P-006099,KH-PHI-02,Philadelphia,2026-08-13,online,completed,2026-08-13 16:51
KB0002662,P-005553,KH-ATL-01,Atlanta,2026-05-13,walk-in,completed,2026-05-13 10:06
KB0011022,P-001401,KH-PHX-03,Phoenix,2026-09-21,online,completed,2026-09-21 12:57
KB0006716,P-006613,KH-PHI-03,Philadelphia,2026-07-16,walk-in,completed,2026-07-16 19:47
KB0010308,P-003527,KH-NYC-02,New York,2026-09-10,online,completed,2026-09-10 09:55
KB0005713,P-001400,KH-PHX-03,Phoenix,2026-07-01,walk-in,completed,2026-07-01 10:16
KB0005284,P-001936,KH-PHX-01,Phoenix,2026-06-24,at-home,completed,2026-06-24 16:57
KB0008291,P-004087,KH-CHI-01,Chicago,2026-08-10,,completed,2026-08-10 18:13
KB0010671,P-001090,KH-DAL-03,Dallas,2026-09-16,walk-in,completed,2026-09-16 08:21
KB0007238,P-005186,KH-ATL-01,Atlanta,2026-07-24,walk-in,completed,2026-07-24 08:08
KB0004167,P-003132,KH-NYC-02,New York,2026-06-06,online,completed,2026-06-06 18:33
KB0008880,P-002913,KH-NYC-02,New York,2026-08-19,walk-in,completed,2026-08-19 11:19
KB0007889,P-001501,KH-PHX-03,Phoenix,2026-08-04,phone,completed,2026-08-04 11:37
KB0008427,P-005674,KH-ATL-01,Atlanta,2026-08-12,walk-in,completed,2026-08-12 14:09
KB0005733,P-003956,KH-CHI-03,Chicago,2026-07-01,walk-in,completed,2026-07-01 16:59
KB0010071,P-000731,KH-DAL-03,Dallas,2026-09-07,phone,completed,2026-09-07 19:49
KB0004924,P-004362,KH-CHI-01,Chicago,2026-06-18,online,completed,2026-06-18 15:31
KB0004639,P-006512,KH-PHI-01,Philadelphia,2026-06-13,,completed,2026-06-13 10:59
KB0001790,P-005375,KH-ATL-02,Atlanta,2026-04-29,walk-in,completed,2026-04-29 14:08
KB0011640,P-000175,KH-DAL-01,Dallas,2026-09-30,online,completed,2026-09-30 09:28
KB0010926,P-005738,KH-ATL-02,Atlanta,2026-09-19,walk-in,completed,2026-09-19 18:59
KB0007091,P-003136,KH-NYC-02,New York,2026-07-22,online,completed,2026-07-22 09:48
KB0001664,P-005083,KH-ATL-02,Atlanta,2026-04-27,online,completed,2026-04-27 13:36
KB0001565,P-005122,KH-ATL-01,Atlanta,2026-04-25,walk-in,completed,2026-04-25 10:47
KB0010115,P-004932,KH-CHI-02,Chicago,2026-09-07,walk-in,completed,2026-09-07 16:32
KB0007608,P-005564,KH-ATL-02,Atlanta,2026-07-30,online,completed,2026-07-30 17:52
KB0008695,P-005941,KH-PHI-02,Philadelphia,2026-08-16,online,completed,2026-08-16 17:56
KB0010667,P-000599,KH-DAL-01,Dallas,2026-09-16,online,completed,2026-09-16 18:00
KB0009276,P-005072,KH-ATL-02,Atlanta,2026-08-25,online,completed,2026-08-25 09:51
KB0003186,P-000077,KH-DAL-03,Dallas,2026-05-22,online,cancelled,2026-05-22 17:08
KB0001586,P-001660,KH-PHX-03,Phoenix,2026-04-26,phone,completed,2026-04-26 13:31
KB0006540,P-002444,KH-PHX-03,Phoenix,2026-07-14,walk-in,completed,2026-07-14 19:25
KB0008630,P-004444,KH-CHI-03,Chicago,2026-08-15,at-home,completed,2026-08-15 19:55
KB0009237,P-001354,KH-PHX-03,Phoenix,2026-08-25,at-home,completed,2026-08-25 19:23
KB0007144,P-001531,KH-PHX-01,Phoenix,2026-07-23,online,completed,2026-07-23 16:33
KB0004007,P-000074,KH-DAL-03,Dallas,2026-06-04,,completed,2026-06-04 08:53
KB0000493,P-003900,KH-NYC-01,New York,2026-04-08,walk-in,completed,2026-04-08 13:55
KB0001059,P-001451,KH-PHX-02,Phoenix,2026-04-17,walk-in,completed,2026-04-17 09:26
KB0009881,P-001098,KH-DAL-01,Dallas,2026-09-04,at-home,completed,2026-09-04 08:08
KB0007775,P-002905,KH-NYC-03,New York,2026-08-02,phone,completed,2026-08-02 16:12
KB0002066,P-000436,KH-DAL-01,Dallas,2026-05-04,,completed,2026-05-04 11:31
KB0010142,P-006460,KH-PHI-01,Philadelphia,2026-09-07,online,completed,2026-09-07 11:06
KB0000110,P-003942,KH-NYC-01,New York,2026-04-02,phone,completed,2026-04-02 09:45
KB0010973,P-002538,KH-NYC-03,New York,2026-09-20,walk-in,completed,2026-09-20 08:08
KB0000197,P-004492,KH-CHI-02,Chicago,2026-04-03,online,completed,2026-04-03 10:33
KB0005117,P-004858,KH-CHI-01,Chicago,2026-06-21,phone,completed,2026-06-21 09:35
KB0001605,P-004469,KH-CHI-02,Chicago,2026-04-26,,completed,2026-04-26 13:44
KB0009323,P-004352,KH-CHI-01,Chicago,2026-08-26,phone,completed,2026-08-26 16:14
KB0010895,P-002028,KH-PHX-02,Phoenix,2026-09-19,at-home,completed,2026-09-19 12:05
KB0000597,P-000888,KH-DAL-03,Dallas,2026-04-10,online,completed,2026-04-10 18:58
KB0005242,P-004945,KH-CHI-02,Chicago,2026-06-23,phone,completed,2026-06-23 19:26
KB0010065,P-006457,KH-PHI-03,Philadelphia,2026-09-06,online,completed,2026-09-06 08:20
KB0009291,P-000379,KH-DAL-01,Dallas,2026-08-26,at-home,completed,2026-08-26 18:32
KB0006886,P-002558,KH-NYC-03,New York,2026-07-19,walk-in,completed,2026-07-19 19:46
KB0001677,P-006035,KH-PHI-02,Philadelphia,2026-04-27,walk-in,completed,2026-04-27 12:00
KB0006767,P-003746,KH-NYC-01,New York,2026-07-17,online,completed,2026-07-17 13:13
KB0010429,P-001031,KH-DAL-02,Dallas,2026-09-12,walk-in,completed,2026-09-12 18:43
KB0003221,P-004096,KH-CHI-02,Chicago,2026-05-22,phone,completed,2026-05-22 13:29
KB0002301,P-004951,KH-ATL-01,Atlanta,2026-05-07,online,completed,2026-05-07 15:43
KB0008848,P-000232,KH-DAL-03,Dallas,2026-08-19,walk-in,completed,2026-08-19 17:27
KB0006931,P-002202,KH-PHX-03,Phoenix,2026-07-20,walk-in,completed,2026-07-20 13:23
KB0005650,P-001926,KH-PHX-03,Phoenix,2026-06-30,walk-in,completed,2026-06-30 11:43
KB0002545,P-004213,KH-CHI-02,Chicago,2026-05-11,phone,completed,2026-05-11 18:44
KB0001707,P-001736,KH-PHX-02,Phoenix,2026-04-28,online,completed,2026-04-28 09:41
KB0008341,P-003584,KH-NYC-03,New York,2026-08-11,phone,completed,2026-08-11 10:10
KB0005942,P-005386,KH-ATL-03,Atlanta,2026-07-04,online,completed,2026-07-04 15:01
KB0010892,P-001534,KH-PHX-01,Phoenix,2026-09-19,walk-in,completed,2026-09-19 13:48
KB0002433,P-005480,KH-ATL-02,Atlanta,2026-05-09,walk-in,completed,2026-05-09 12:15
KB0000968,P-001027,KH-DAL-01,Dallas,2026-04-16,online,completed,2026-04-16 15:20
KB0001532,P-001562,KH-PHX-03,Phoenix,2026-04-25,walk-in,completed,2026-04-25 10:00
KB0011002,P-001199,KH-DAL-01,Dallas,2026-09-21,walk-in,completed,2026-09-21 19:47
KB0002107,P-004344,KH-CHI-01,Chicago,2026-05-04,at-home,completed,2026-05-04 14:42
KB0008588,P-000586,KH-DAL-03,Dallas,2026-08-15,online,completed,2026-08-15 16:14
KB0007621,P-000260,KH-DAL-02,Dallas,2026-07-31,walk-in,completed,2026-07-31 18:02
KB0005916,P-001911,KH-PHX-03,Phoenix,2026-07-04,walk-in,completed,2026-07-04 09:59
KB0004274,P-003705,KH-NYC-01,New York,2026-06-08,walk-in,completed,2026-06-08 15:17
KB0008056,P-001142,KH-DAL-02,Dallas,2026-08-07,walk-in,completed,2026-08-07 17:31
KB0003740,P-005632,KH-ATL-01,Atlanta,2026-05-30,phone,completed,2026-05-30 09:49
KB0003013,P-002113,KH-PHX-02,Phoenix,2026-05-19,walk-in,completed,2026-05-19 14:05
KB0007296,P-004080,KH-CHI-02,Chicago,2026-07-25,online,completed,2026-07-25 13:35
KB0001373,P-004867,KH-CHI-01,Chicago,2026-04-22,phone,completed,2026-04-22 18:16
KB0007217,P-003541,KH-NYC-02,New York,2026-07-24,walk-in,completed,2026-07-24 16:25
KB0011693,P-004994,KH-ATL-02,Atlanta,2026-09-30,walk-in,completed,2026-09-30 14:16
KB0001372,P-004278,KH-CHI-02,Chicago,2026-04-22,walk-in,completed,2026-04-22 18:43
KB0009027,P-004779,KH-CHI-01,Chicago,2026-08-21,phone,completed,2026-08-21 12:01
KB0002292,P-004877,KH-CHI-01,Chicago,2026-05-07,walk-in,completed,2026-05-07 12:59
KB0008827,P-005119,KH-ATL-01,Atlanta,2026-08-18,walk-in,completed,2026-08-18 19:54
KB0008871,P-003865,KH-NYC-03,New York,2026-08-19,online,completed,2026-08-19 10:12
KB0004921,P-003307,KH-NYC-01,New York,2026-06-18,walk-in,completed,2026-06-18 08:58
KB0010787,P-005705,KH-ATL-03,Atlanta,2026-09-17,online,completed,2026-09-17 11:01
KB0001537,P-001657,KH-PHX-01,Phoenix,2026-04-25,online,completed,2026-04-25 17:24
KB0000340,P-005891,KH-PHI-03,Philadelphia,2026-04-05,online,completed,2026-04-05 12:23
KB0005497,P-005253,KH-ATL-01,Atlanta,2026-06-27,online,completed,2026-06-27 08:38
KB0000995,P-002659,KH-NYC-01,New York,2026-04-16,walk-in,completed,2026-04-16 08:43
KB0007200,P-000687,KH-DAL-03,Dallas,2026-07-24,walk-in,completed,2026-07-24 15:58
KB0007834,P-002926,KH-NYC-01,New York,2026-08-03,walk-in,completed,2026-08-03 14:16
KB0001943,P-001068,KH-DAL-02,Dallas,2026-05-02,walk-in,completed,2026-05-02 09:09
KB0009107,P-006408,KH-PHI-03,Philadelphia,2026-08-22,phone,completed,2026-08-22 18:52
KB0011172,P-003123,KH-NYC-02,New York,2026-09-23,walk-in,completed,2026-09-23 09:18
KB0002106,P-004101,KH-CHI-02,Chicago,2026-05-04,phone,completed,2026-05-04 14:33
KB0009491,P-000920,KH-DAL-02,Dallas,2026-08-29,walk-in,completed,2026-08-29 16:09
KB0002130,P-000895,KH-DAL-01,Dallas,2026-05-05,online,completed,2026-05-05 09:37
KB0009232,P-000031,KH-DAL-02,Dallas,2026-08-25,at-home,completed,2026-08-25 11:14
KB0003882,P-002092,KH-PHX-03,Phoenix,2026-06-02,at-home,completed,2026-06-02 15:47
KB0005381,P-005135,KH-ATL-02,Atlanta,2026-06-25,phone,completed,2026-06-25 13:44
KB0007531,P-004006,KH-CHI-03,Chicago,2026-07-29,walk-in,completed,2026-07-29 10:19
KB0003258,P-002217,KH-PHX-03,Phoenix,2026-05-23,phone,completed,2026-05-23 19:26
KB0003507,P-001971,KH-PHX-03,Phoenix,2026-05-27,phone,completed,2026-05-27 09:44
KB0005412,P-002439,KH-PHX-03,Phoenix,2026-06-26,walk-in,completed,2026-06-26 08:53
KB0006062,P-006027,KH-PHI-01,Philadelphia,2026-07-06,walk-in,completed,2026-07-06 18:06
KB0003196,P-001550,KH-PHX-02,Phoenix,2026-05-22,walk-in,completed,2026-05-22 10:21
KB0004930,P-004175,KH-CHI-02,Chicago,2026-06-18,walk-in,completed,2026-06-18 09:40
KB0006353,P-000473,KH-DAL-03,Dallas,2026-07-11,phone,completed,2026-07-11 11:53
KB0004937,P-005434,KH-ATL-01,Atlanta,2026-06-18,walk-in,completed,2026-06-18 11:49
KB0001773,P-003539,KH-NYC-02,New York,2026-04-29,walk-in,completed,2026-04-29 15:39
KB0007329,P-000895,KH-DAL-02,Dallas,2026-07-26,online,completed,2026-07-26 12:51
KB0002201,P-000071,KH-DAL-02,Dallas,2026-05-06,online,completed,2026-05-06 12:53
KB0007939,P-000434,KH-DAL-01,Dallas,2026-08-05,phone,completed,2026-08-05 16:18
KB0003598,P-003998,KH-CHI-01,Chicago,2026-05-28,walk-in,completed,2026-05-28 10:28
KB0001822,P-002176,KH-PHX-02,Phoenix,2026-04-30,at-home,completed,2026-04-30 18:55
KB0008631,P-004439,KH-CHI-03,Chicago,2026-08-15,online,completed,2026-08-15 19:53
KB0004493,P-005019,KH-ATL-02,Atlanta,2026-06-11,online,completed,2026-06-11 09:26
KB0010543,P-000747,KH-DAL-03,Dallas,2026-09-14,walk-in,completed,2026-09-14 12:01
KB0007620,P-000175,KH-DAL-01,Dallas,2026-07-31,at-home,completed,2026-07-31 14:12
KB0003052,P-006476,KH-PHI-01,Philadelphia,2026-05-19,at-home,completed,2026-05-19 16:05
KB0008560,P-004347,KH-CHI-01,Chicago,2026-08-14,walk-in,completed,2026-08-14 09:37
KB0008141,P-001060,KH-DAL-01,Dallas,2026-08-08,walk-in,completed,2026-08-08 13:03
KB0001576,P-001020,KH-DAL-02,Dallas,2026-04-26,online,completed,2026-04-26 09:59
KB0000361,P-002434,KH-PHX-01,Phoenix,2026-04-06,at-home,completed,2026-04-06 15:17
KB0002509,P-000270,KH-DAL-02,Dallas,2026-05-11,phone,completed,2026-05-11 18:59
KB0009403,P-005659,KH-ATL-02,Atlanta,2026-08-27,phone,completed,2026-08-27 17:41
KB0002435,P-005681,KH-ATL-02,Atlanta,2026-05-09,phone,completed,2026-05-09 16:31
KB0009519,P-002903,KH-NYC-02,New York,2026-08-29,phone,completed,2026-08-29 15:04
KB0005572,P-000626,KH-DAL-02,Dallas,2026-06-29,walk-in,completed,2026-06-29 18:50
KB0008660,P-001349,KH-PHX-01,Phoenix,2026-08-16,at-home,completed,2026-08-16 15:45
KB0009632,P-002192,KH-PHX-02,Phoenix,2026-08-31,walk-in,completed,2026-08-31 18:30
KB0006127,P-005560,KH-ATL-02,Atlanta,2026-07-07,walk-in,completed,2026-07-07 12:46
KB0002529,P-003858,KH-NYC-03,New York,2026-05-11,at-home,completed,2026-05-11 17:05
KB0007544,P-005118,KH-ATL-02,Atlanta,2026-07-29,online,completed,2026-07-29 17:42
KB0006658,P-000907,KH-DAL-03,Dallas,2026-07-16,online,completed,2026-07-16 14:09
KB0002278,P-003856,KH-NYC-01,New York,2026-05-07,online,completed,2026-05-07 11:07
KB0011632,P-000634,KH-DAL-01,Dallas,2026-09-30,phone,completed,2026-09-30 08:51
KB0004292,P-005662,KH-ATL-02,Atlanta,2026-06-08,at-home,completed,2026-06-08 11:26
KB0006255,P-004608,KH-CHI-03,Chicago,2026-07-09,,completed,2026-07-09 18:02
KB0000475,P-000383,KH-DAL-03,Dallas,2026-04-08,walk-in,completed,2026-04-08 18:15
KB0002860,P-003028,KH-NYC-02,New York,2026-05-16,walk-in,completed,2026-05-16 16:19
KB0004868,P-004403,KH-CHI-03,Chicago,2026-06-17,walk-in,completed,2026-06-17 16:12
KB0006779,P-005388,KH-ATL-01,Atlanta,2026-07-17,online,completed,2026-07-17 11:40
KB0005359,P-003269,KH-NYC-01,New York,2026-06-25,online,cancelled,2026-06-25 18:44
KB0001682,P-000849,KH-DAL-03,Dallas,2026-04-28,at-home,completed,2026-04-28 18:24
KB0006190,P-005070,KH-ATL-01,Atlanta,2026-07-08,online,completed,2026-07-08 17:35
KB0005129,P-006426,KH-PHI-03,Philadelphia,2026-06-21,at-home,completed,2026-06-21 12:06
KB0008000,P-000773,KH-DAL-02,Dallas,2026-08-06,walk-in,completed,2026-08-06 08:26
KB0006160,P-001733,KH-PHX-01,Phoenix,2026-07-08,online,completed,2026-07-08 11:54
KB0007029,P-004606,KH-CHI-03,Chicago,2026-07-21,walk-in,completed,2026-07-21 15:18
KB0001754,P-000274,KH-DAL-02,Dallas,2026-04-29,at-home,completed,2026-04-29 15:48
KB0002072,P-000799,KH-DAL-02,Dallas,2026-05-04,phone,completed,2026-05-04 19:19
KB0005788,P-002558,KH-NYC-03,New York,2026-07-02,walk-in,completed,2026-07-02 08:49
KB0005354,P-003739,KH-NYC-03,New York,2026-06-25,walk-in,completed,2026-06-25 18:09
KB0010643,P-005122,KH-ATL-02,Atlanta,2026-09-15,walk-in,completed,2026-09-15 15:23
KB0004858,P-002924,KH-NYC-03,New York,2026-06-17,online,completed,2026-06-17 19:14
KB0006831,P-004441,KH-CHI-02,Chicago,2026-07-18,online,completed,2026-07-18 09:47
KB0000571,P-002789,KH-NYC-03,New York,2026-04-09,at-home,completed,2026-04-09 09:26
KB0006995,P-000021,KH-DAL-01,Dallas,2026-07-21,online,completed,2026-07-21 17:09
KB0007118,P-000456,KH-DAL-01,Dallas,2026-07-23,online,cancelled,2026-07-23 16:47
KB0001865,P-001096,KH-DAL-01,Dallas,2026-05-01,walk-in,completed,2026-05-01 09:22
KB0011304,P-002422,KH-PHX-03,Phoenix,2026-09-25,walk-in,completed,2026-09-25 12:42
KB0005125,P-005568,KH-ATL-02,Atlanta,2026-06-21,walk-in,completed,2026-06-21 14:59
KB0005110,P-003760,KH-NYC-02,New York,2026-06-21,online,completed,2026-06-21 08:13
KB0009554,P-000287,KH-DAL-03,Dallas,2026-08-30,walk-in,completed,2026-08-30 09:05
KB0000014,P-000455,KH-DAL-01,Dallas,2026-04-01,online,completed,2026-04-01 13:07
KB0005421,P-003488,KH-NYC-01,New York,2026-06-26,phone,completed,2026-06-26 16:50
KB0001672,P-006697,KH-PHI-01,Philadelphia,2026-04-27,online,completed,2026-04-27 15:45
KB0001577,P-001035,KH-DAL-03,Dallas,2026-04-26,online,completed,2026-04-26 08:04
KB0000302,P-000117,KH-DAL-02,Dallas,2026-04-05,phone,completed,2026-04-05 10:27
KB0010465,P-005705,KH-ATL-02,Atlanta,2026-09-12,walk-in,completed,2026-09-12 14:16
KB0003247,P-000947,KH-DAL-03,Dallas,2026-05-23,walk-in,completed,2026-05-23 11:58
KB0004488,P-004162,KH-CHI-03,Chicago,2026-06-11,walk-in,completed,2026-06-11 14:32
KB0002374,P-005738,KH-ATL-02,Atlanta,2026-05-08,online,completed,2026-05-08 13:55
KB0009907,P-002197,KH-PHX-02,Phoenix,2026-09-04,online,completed,2026-09-04 10:01
KB0009644,P-002688,KH-NYC-01,New York,2026-08-31,phone,completed,2026-08-31 19:06
KB0003341,P-004280,KH-CHI-03,Chicago,2026-05-24,walk-in,completed,2026-05-24 16:24
KB0008513,P-000048,KH-DAL-01,Dallas,2026-08-14,at-home,completed,2026-08-14 12:03
KB0008107,P-004352,KH-CHI-03,Chicago,2026-08-07,phone,completed,2026-08-07 10:04
KB0006653,P-000346,KH-DAL-01,Dallas,2026-07-16,phone,completed,2026-07-16 15:10
KB0011216,P-000483,KH-DAL-01,Dallas,2026-09-24,phone,completed,2026-09-24 12:37
KB0007676,P-006162,KH-PHI-01,Philadelphia,2026-07-31,online,completed,2026-07-31 17:20
KB0008310,P-006145,KH-PHI-01,Philadelphia,2026-08-10,phone,completed,2026-08-10 09:34
KB0009466,P-005216,KH-ATL-01,Atlanta,2026-08-28,online,completed,2026-08-28 14:48
KB0006558,P-002600,KH-NYC-02,New York,2026-07-14,online,completed,2026-07-14 19:54
KB0011644,P-001400,KH-PHX-02,Phoenix,2026-09-30,walk-in,completed,2026-09-30 17:24
KB0002957,P-001627,KH-PHX-01,Phoenix,2026-05-18,online,completed,2026-05-18 14:37
KB0004241,P-000226,KH-DAL-02,Dallas,2026-06-08,walk-in,completed,2026-06-08 08:41
KB0005680,P-005640,KH-ATL-01,Atlanta,2026-06-30,online,completed,2026-06-30 19:34
KB0009313,P-002720,KH-NYC-01,New York,2026-08-26,walk-in,completed,2026-08-26 18:16
KB0005064,P-005275,KH-ATL-01,Atlanta,2026-06-20,walk-in,completed,2026-06-20 18:42
KB0001407,P-001077,KH-DAL-01,Dallas,2026-04-23,walk-in,completed,2026-04-23 11:22
KB0005834,P-000281,KH-DAL-01,Dallas,2026-07-03,online,completed,2026-07-03 16:02
KB0001894,P-003055,KH-NYC-03,New York,2026-05-01,online,completed,2026-05-01 16:33
KB0006346,P-000894,KH-DAL-02,Dallas,2026-07-11,online,completed,2026-07-11 10:38
KB0008626,P-004243,KH-CHI-03,Chicago,2026-08-15,online,completed,2026-08-15 15:57
KB0004384,P-000476,KH-DAL-02,Dallas,2026-06-10,at-home,completed,2026-06-10 09:41
KB0011307,P-001550,KH-PHX-03,Phoenix,2026-09-25,online,cancelled,2026-09-25 15:16
KB0009551,P-000792,KH-DAL-02,Dallas,2026-08-30,at-home,cancelled,2026-08-30 14:53
KB0009751,P-000917,KH-DAL-02,Dallas,2026-09-02,phone,completed,2026-09-02 14:06
KB0001641,P-001626,KH-PHX-01,Phoenix,2026-04-27,walk-in,completed,2026-04-27 10:15
KB0009564,P-000936,KH-DAL-01,Dallas,2026-08-30,online,completed,2026-08-30 15:50
KB0007410,P-005657,KH-ATL-03,Atlanta,2026-07-27,phone,completed,2026-07-27 16:32
KB0007717,P-003554,KH-NYC-02,New York,2026-08-01,walk-in,completed,2026-08-01 17:45
KB0010585,P-005683,KH-ATL-02,Atlanta,2026-09-14,walk-in,completed,2026-09-14 12:17
KB0010578,P-004414,KH-CHI-01,Chicago,2026-09-14,walk-in,completed,2026-09-14 17:02
KB0005588,P-002147,KH-PHX-01,Phoenix,2026-06-29,walk-in,completed,2026-06-29 18:18
KB0009691,P-001126,KH-DAL-01,Dallas,2026-09-01,walk-in,completed,2026-09-01 13:19
KB0006290,P-002055,KH-PHX-03,Phoenix,2026-07-10,online,cancelled,2026-07-10 08:58
KB0006785,P-005012,KH-ATL-02,Atlanta,2026-07-17,online,completed,2026-07-17 18:30
KB0005984,P-005467,KH-ATL-01,Atlanta,2026-07-05,walk-in,completed,2026-07-05 19:46
KB0002631,P-000920,KH-DAL-02,Dallas,2026-05-13,walk-in,completed,2026-05-13 15:14
KB0004417,P-004320,KH-CHI-03,Chicago,2026-06-10,phone,completed,2026-06-10 15:47
KB0007382,P-001715,KH-PHX-03,Phoenix,2026-07-27,walk-in,completed,2026-07-27 17:09
KB0001331,P-005797,KH-PHI-03,Philadelphia,2026-04-21,online,completed,2026-04-21 09:22
KB0005866,P-004408,KH-CHI-03,Chicago,2026-07-03,walk-in,completed,2026-07-03 08:47
KB0008160,P-003414,KH-NYC-03,New York,2026-08-08,online,completed,2026-08-08 10:29
KB0001854,P-005517,KH-ATL-01,Atlanta,2026-04-30,online,completed,2026-04-30 15:30
KB0003679,P-005821,KH-PHI-03,Philadelphia,2026-05-29,walk-in,completed,2026-05-29 13:00
KB0011347,P-005314,KH-ATL-01,Atlanta,2026-09-25,at-home,completed,2026-09-25 12:41
KB0011101,P-003393,KH-NYC-01,New York,2026-09-22,online,completed,2026-09-22 08:45
KB0007041,P-006414,KH-PHI-03,Philadelphia,2026-07-21,online,completed,2026-07-21 09:14
KB0011579,P-002113,KH-PHX-01,Phoenix,2026-09-29,walk-in,completed,2026-09-29 10:59
KB0010161,P-002024,KH-PHX-03,Phoenix,2026-09-08,at-home,completed,2026-09-08 12:21
KB0003721,P-003698,KH-NYC-02,New York,2026-05-30,online,completed,2026-05-30 14:03
KB0003108,P-005730,KH-ATL-02,Atlanta,2026-05-20,walk-in,completed,2026-05-20 15:24
KB0002462,P-002335,KH-PHX-03,Phoenix,2026-05-10,walk-in,completed,2026-05-10 16:59
KB0010321,P-005464,KH-ATL-02,Atlanta,2026-09-10,walk-in,completed,2026-09-10 09:35
KB0006865,P-000128,KH-DAL-01,Dallas,2026-07-19,online,completed,2026-07-19 16:51
KB0010240,P-003936,KH-NYC-03,New York,2026-09-09,online,completed,2026-09-09 09:12
KB0008671,P-003020,KH-NYC-01,New York,2026-08-16,walk-in,completed,2026-08-16 17:38
KB0003553,P-000241,KH-DAL-03,Dallas,2026-05-28,walk-in,completed,2026-05-28 17:15
KB0001465,P-000896,KH-DAL-02,Dallas,2026-04-24,online,completed,2026-04-24 08:38
KB0005187,P-005409,KH-ATL-02,Atlanta,2026-06-22,walk-in,completed,2026-06-22 15:29
KB0002440,P-006138,KH-PHI-01,Philadelphia,2026-05-09,at-home,completed,2026-05-09 18:19
KB0003993,P-005615,KH-ATL-02,Atlanta,2026-06-03,at-home,completed,2026-06-03 15:06
KB0008777,P-000124,KH-DAL-03,Dallas,2026-08-18,at-home,completed,2026-08-18 18:46
KB0007844,P-005738,KH-ATL-02,Atlanta,2026-08-03,at-home,completed,2026-08-03 09:11
KB0009737,P-005718,KH-ATL-01,Atlanta,2026-09-01,,completed,2026-09-01 14:59
KB0003578,P-001666,KH-PHX-02,Phoenix,2026-05-28,phone,cancelled,2026-05-28 11:55
KB0006035,P-003623,KH-NYC-02,New York,2026-07-06,walk-in,completed,2026-07-06 12:40
KB0000656,P-006162,KH-PHI-02,Philadelphia,2026-04-10,walk-in,completed,2026-04-10 09:50
KB0008962,P-005593,KH-ATL-01,Atlanta,2026-08-20,walk-in,completed,2026-08-20 17:53
KB0008749,P-004995,KH-ATL-02,Atlanta,2026-08-17,walk-in,completed,2026-08-17 10:50
KB0009611,P-000586,KH-DAL-01,Dallas,2026-08-31,walk-in,completed,2026-08-31 15:55
KB0011594,P-003944,KH-NYC-01,New York,2026-09-29,phone,completed,2026-09-29 10:44
KB0004190,P-005934,KH-PHI-03,Philadelphia,2026-06-06,online,completed,2026-06-06 17:03
KB0004779,P-001798,KH-PHX-02,Phoenix,2026-06-16,phone,completed,2026-06-16 10:34
KB0009581,P-003165,KH-NYC-01,New York,2026-08-30,walk-in,completed,2026-08-30 12:23
KB0008029,P-002766,KH-NYC-03,New York,2026-08-06,walk-in,completed,2026-08-06 17:46
KB0006960,P-004305,KH-CHI-03,Chicago,2026-07-20,online,completed,2026-07-20 13:27
KB0005842,P-002163,KH-PHX-02,Phoenix,2026-07-03,walk-in,completed,2026-07-03 16:06
KB0008943,P-002560,KH-NYC-02,New York,2026-08-20,at-home,completed,2026-08-20 13:24
KB0002492,P-005692,KH-ATL-02,Atlanta,2026-05-10,walk-in,completed,2026-05-10 15:51
KB0008893,P-005653,KH-ATL-02,Atlanta,2026-08-19,online,completed,2026-08-19 17:57
KB0003735,P-005409,KH-ATL-02,Atlanta,2026-05-30,walk-in,completed,2026-05-30 18:29
KB0006438,P-004394,KH-CHI-01,Chicago,2026-07-12,online,completed,2026-07-12 18:50
KB0001324,P-006281,KH-PHI-03,Philadelphia,2026-04-21,online,completed,2026-04-21 08:51
KB0008140,P-000924,KH-DAL-02,Dallas,2026-08-08,walk-in,completed,2026-08-08 16:51
KB0010794,P-006428,KH-PHI-02,Philadelphia,2026-09-17,at-home,completed,2026-09-17 09:18
KB0008150,P-002240,KH-PHX-03,Phoenix,2026-08-08,walk-in,completed,2026-08-08 15:17
KB0005707,P-000927,KH-DAL-01,Dallas,2026-07-01,online,completed,2026-07-01 18:42
KB0005731,P-004103,KH-CHI-02,Chicago,2026-07-01,online,completed,2026-07-01 08:58
KB0002047,P-005408,KH-ATL-02,Atlanta,2026-05-03,walk-in,completed,2026-05-03 08:05
KB0001701,P-002223,KH-PHX-02,Phoenix,2026-04-28,online,completed,2026-04-28 16:54
KB0002790,P-003838,KH-NYC-01,New York,2026-05-15,at-home,completed,2026-05-15 17:22
KB0010518,P-004279,KH-CHI-02,Chicago,2026-09-13,online,completed,2026-09-13 15:25
KB0009208,P-005497,KH-ATL-02,Atlanta,2026-08-24,at-home,completed,2026-08-24 09:22
KB0011575,P-001855,KH-PHX-01,Phoenix,2026-09-29,walk-in,completed,2026-09-29 17:29
KB0010639,P-004760,KH-CHI-02,Chicago,2026-09-15,online,completed,2026-09-15 10:20
KB0006560,P-002587,KH-NYC-01,New York,2026-07-14,phone,completed,2026-07-14 08:49
KB0004032,P-003910,KH-NYC-02,New York,2026-06-04,online,completed,2026-06-04 14:39
KB0001913,P-005062,KH-ATL-02,Atlanta,2026-05-01,walk-in,completed,2026-05-01 16:51
KB0008972,P-005558,KH-ATL-02,Atlanta,2026-08-20,walk-in,completed,2026-08-20 21:45
KB0001856,P-005175,KH-ATL-02,Atlanta,2026-04-30,walk-in,completed,2026-04-30 13:56
KB0004320,P-002342,KH-PHX-01,Phoenix,2026-06-09,online,completed,2026-06-09 10:04
KB0002186,P-005472,KH-ATL-01,Atlanta,2026-05-05,online,completed,2026-05-05 12:31
KB0002388,P-000397,KH-DAL-02,Dallas,2026-05-09,walk-in,completed,2026-05-09 11:36
KB0007271,P-002287,KH-PHX-02,Phoenix,2026-07-25,walk-in,completed,2026-07-25 16:29
KB0000374,P-003318,KH-NYC-02,New York,2026-04-06,walk-in,completed,2026-04-06 15:27
KB0003943,P-001181,KH-DAL-02,Dallas,2026-06-03,phone,completed,2026-06-03 14:57
KB0004821,P-000182,KH-DAL-02,Dallas,2026-06-17,phone,completed,2026-06-17 17:15
KB0011604,P-005509,KH-ATL-02,Atlanta,2026-09-29,phone,completed,2026-09-29 13:21
KB0001560,P-004275,KH-CHI-01,Chicago,2026-04-25,walk-in,completed,2026-04-25 15:36
KB0001172,P-000836,KH-DAL-03,Dallas,2026-04-19,online,completed,2026-04-19 09:12
KB0003752,P-000878,KH-DAL-03,Dallas,2026-05-31,walk-in,completed,2026-05-31 17:52
KB0002161,P-001726,KH-PHX-01,Phoenix,2026-05-05,at-home,completed,2026-05-05 08:34
KB0002363,P-004775,KH-CHI-01,Chicago,2026-05-08,at-home,cancelled,2026-05-08 11:17
KB0005487,P-002479,KH-NYC-03,New York,2026-06-27,walk-in,completed,2026-06-27 12:31
KB0011168,P-001472,KH-PHX-03,Phoenix,2026-09-23,online,completed,2026-09-23 18:45
KB0001400,P-001087,KH-DAL-03,Dallas,2026-04-23,phone,completed,2026-04-23 10:13
KB0002056,P-006149,KH-PHI-02,Philadelphia,2026-05-03,online,completed,2026-05-03 13:53
KB0001657,P-004389,KH-CHI-02,Chicago,2026-04-27,online,completed,2026-04-27 14:40
KB0007794,P-005666,KH-ATL-02,Atlanta,2026-08-02,phone,completed,2026-08-02 12:01
KB0005817,P-006661,KH-PHI-02,Philadelphia,2026-07-02,online,completed,2026-07-02 08:39
KB0002380,P-005827,KH-PHI-01,Philadelphia,2026-05-08,walk-in,completed,2026-05-08 16:00
KB0007305,P-005585,KH-ATL-02,Atlanta,2026-07-25,walk-in,completed,2026-07-25 18:19
KB0006509,P-006492,KH-PHI-03,Philadelphia,2026-07-13,online,completed,2026-07-13 15:37
KB0002655,P-003643,KH-NYC-03,New York,2026-05-13,walk-in,completed,2026-05-13 15:14
KB0010964,P-002323,KH-PHX-02,Phoenix,2026-09-20,online,cancelled,2026-09-20 13:59
KB0007924,P-005593,KH-ATL-02,Atlanta,2026-08-04,online,completed,2026-08-04 11:07
KB0001631,P-000308,KH-DAL-03,Dallas,2026-04-27,phone,completed,2026-04-27 14:43
KB0011012,P-002236,KH-PHX-03,Phoenix,2026-09-21,walk-in,completed,2026-09-21 16:19
KB0008919,P-000039,KH-DAL-02,Dallas,2026-08-20,online,completed,2026-08-20 14:15
KB0007809,P-000566,KH-DAL-03,Dallas,2026-08-03,at-home,completed,2026-08-03 08:51
KB0011549,P-000681,KH-DAL-03,Dallas,2026-09-29,phone,completed,2026-09-29 17:02
KB0003983,P-004277,KH-CHI-03,Chicago,2026-06-03,online,completed,2026-06-03 13:20
KB0001912,P-004269,KH-CHI-01,Chicago,2026-05-01,at-home,completed,2026-05-01 17:53
KB0000194,P-004495,KH-CHI-02,Chicago,2026-04-03,online,completed,2026-04-03 16:34
KB0004434,P-005837,KH-PHI-01,Philadelphia,2026-06-10,phone,completed,2026-06-10 12:03
KB0004989,P-004153,KH-CHI-01,Chicago,2026-06-19,walk-in,completed,2026-06-19 10:54
KB0003951,P-001442,KH-PHX-01,Phoenix,2026-06-03,walk-in,completed,2026-06-03 10:30
KB0008933,P-001647,KH-PHX-02,Phoenix,2026-08-20,phone,completed,2026-08-20 19:47
KB0005808,P-005081,KH-ATL-02,Atlanta,2026-07-02,online,completed,2026-07-02 12:37
KB0003269,P-003815,KH-NYC-02,New York,2026-05-23,walk-in,cancelled,2026-05-23 14:55
KB0006689,P-003617,KH-NYC-03,New York,2026-07-16,online,completed,2026-07-16 16:26
KB0002399,P-001651,KH-PHX-02,Phoenix,2026-05-09,online,completed,2026-05-09 09:20
KB0002029,P-002589,KH-NYC-02,New York,2026-05-03,walk-in,cancelled,2026-05-03 17:33
KB0006442,P-006439,KH-PHI-02,Philadelphia,2026-07-12,walk-in,completed,2026-07-12 16:29
KB0011333,P-002521,KH-NYC-01,New York,2026-09-25,online,completed,2026-09-25 12:46
KB0002406,P-001529,KH-PHX-01,Phoenix,2026-05-09,online,completed,2026-05-09 11:02
KB0010157,P-001137,KH-DAL-02,Dallas,2026-09-08,at-home,completed,2026-09-08 19:49
KB0001055,P-001742,KH-PHX-03,Phoenix,2026-04-17,phone,completed,2026-04-17 09:00
KB0008780,P-001239,KH-DAL-01,Dallas,2026-08-18,phone,completed,2026-08-18 19:31
KB0007367,P-000635,KH-DAL-01,Dallas,2026-07-27,walk-in,completed,2026-07-27 09:03
KB0009412,P-006240,KH-PHI-03,Philadelphia,2026-08-27,walk-in,completed,2026-08-27 14:36
KB0006144,P-002079,KH-PHX-03,Phoenix,2026-07-08,walk-in,completed,2026-07-08 21:45
KB0007038,P-005343,KH-ATL-01,Atlanta,2026-07-21,walk-in,completed,2026-07-21 09:47
KB0006429,P-003436,KH-NYC-02,New York,2026-07-12,online,completed,2026-07-12 13:59
KB0001513,P-005861,KH-PHI-02,Philadelphia,2026-04-24,online,completed,2026-04-24 17:17
KB0006205,P-006409,KH-PHI-01,Philadelphia,2026-07-08,walk-in,completed,2026-07-08 08:41
KB0004852,P-003045,KH-NYC-01,New York,2026-06-17,walk-in,completed,2026-06-17 10:40
KB0009017,P-001424,KH-PHX-01,Phoenix,2026-08-21,walk-in,completed,2026-08-21 19:41
KB0010650,P-005269,KH-ATL-01,Atlanta,2026-09-15,at-home,completed,2026-09-15 08:00
KB0001848,P-004675,KH-CHI-01,Chicago,2026-04-30,walk-in,completed,2026-04-30 18:17
KB0000748,P-003638,KH-NYC-01,New York,2026-04-12,at-home,completed,2026-04-12 19:52
KB0004107,P-003903,KH-NYC-02,New York,2026-06-05,at-home,completed,2026-06-05 10:55
KB0000727,P-006497,KH-PHI-01,Philadelphia,2026-04-11,phone,completed,2026-04-11 19:20
KB0006275,P-000142,KH-DAL-01,Dallas,2026-07-10,walk-in,completed,2026-07-10 11:56
KB0004413,P-003994,KH-CHI-01,Chicago,2026-06-10,walk-in,completed,2026-06-10 09:38
KB0010460,P-003446,KH-NYC-02,New York,2026-09-12,walk-in,completed,2026-09-12 19:07
KB0010276,P-000182,KH-DAL-03,Dallas,2026-09-10,walk-in,completed,2026-09-10 10:58
KB0010127,P-005075,KH-ATL-03,Atlanta,2026-09-07,online,completed,2026-09-07 13:29
KB0008087,P-001401,KH-PHX-02,Phoenix,2026-08-07,online,completed,2026-08-07 18:57
KB0004337,P-003434,KH-NYC-01,New York,2026-06-09,walk-in,completed,2026-06-09 18:13
KB0000167,P-001512,KH-PHX-03,Phoenix,2026-04-03,online,completed,2026-04-03 12:15
KB0009573,P-002420,KH-PHX-01,Phoenix,2026-08-30,at-home,completed,2026-08-30 16:15
KB0005641,P-001008,KH-DAL-01,Dallas,2026-06-30,walk-in,completed,2026-06-30 12:19
KB0011588,P-003274,KH-NYC-03,New York,2026-09-29,walk-in,completed,2026-09-29 16:02
KB0003894,P-003157,KH-NYC-01,New York,2026-06-02,phone,completed,2026-06-02 10:12
KB0007643,P-002687,KH-NYC-01,New York,2026-07-31,walk-in,completed,2026-07-31 12:36
KB0002482,P-004229,KH-CHI-02,Chicago,2026-05-10,online,completed,2026-05-10 10:32
KB0007208,P-000208,KH-DAL-02,Dallas,2026-07-24,online,completed,2026-07-24 08:59
KB0000105,P-003308,KH-NYC-03,New York,2026-04-02,online,completed,2026-04-02 14:29
KB0007070,P-001635,KH-PHX-01,Phoenix,2026-07-22,walk-in,completed,2026-07-22 13:44
KB0001388,P-006327,KH-PHI-01,Philadelphia,2026-04-22,online,completed,2026-04-22 08:04
KB0004506,P-000634,KH-DAL-01,Dallas,2026-06-12,walk-in,completed,2026-06-12 08:46
KB0005153,P-001722,KH-PHX-02,Phoenix,2026-06-22,at-home,completed,2026-06-22 09:31
KB0008113,P-005193,KH-ATL-02,Atlanta,2026-08-07,phone,completed,2026-08-07 09:16
KB0000437,P-003261,KH-NYC-03,New York,2026-04-07,phone,completed,2026-04-07 17:33
KB0008195,P-001107,KH-DAL-03,Dallas,2026-08-09,walk-in,completed,2026-08-09 11:31
KB0001006,P-002975,KH-NYC-03,New York,2026-04-16,phone,completed,2026-04-16 18:33
KB0001736,P-005938,KH-PHI-03,Philadelphia,2026-04-28,online,completed,2026-04-28 13:42
KB0007402,P-004719,KH-CHI-01,Chicago,2026-07-27,walk-in,completed,2026-07-27 08:32
KB0004560,P-004965,KH-ATL-01,Atlanta,2026-06-12,at-home,completed,2026-06-12 08:10
KB0009035,P-005503,KH-ATL-01,Atlanta,2026-08-21,at-home,completed,2026-08-21 08:32
KB0005625,P-006539,KH-PHI-02,Philadelphia,2026-06-29,online,completed,2026-06-29 16:39
KB0009249,P-003468,KH-NYC-03,New York,2026-08-25,walk-in,completed,2026-08-25 13:11
KB0001781,P-003958,KH-CHI-01,Chicago,2026-04-29,online,completed,2026-04-29 09:13
KB0003273,P-002989,KH-NYC-03,New York,2026-05-23,walk-in,completed,2026-05-23 18:14
KB0002692,P-000455,KH-DAL-02,Dallas,2026-05-14,walk-in,completed,2026-05-14 09:11
KB0002422,P-004583,KH-CHI-01,Chicago,2026-05-09,walk-in,completed,2026-05-09 08:47
KB0002252,P-006663,KH-PHI-03,Philadelphia,2026-05-06,phone,completed,2026-05-06 16:09
KB0004884,P-000103,KH-DAL-03,Dallas,2026-06-18,online,completed,2026-06-18 19:18
KB0009388,P-003516,KH-NYC-03,New York,2026-08-27,online,completed,2026-08-27 11:03
KB0004532,P-001679,KH-PHX-01,Phoenix,2026-06-12,walk-in,completed,2026-06-12 11:48
KB0007701,P-001756,KH-PHX-02,Phoenix,2026-08-01,walk-in,completed,2026-08-01 11:59
KB0011521,P-002989,KH-NYC-01,New York,2026-09-28,online,completed,2026-09-28 14:35
KB0008564,P-005343,KH-ATL-02,Atlanta,2026-08-14,walk-in,completed,2026-08-14 10:05
KB0003797,P-001013,KH-DAL-01,Dallas,2026-06-01,walk-in,completed,2026-06-01 15:26
KB0005406,P-001875,KH-PHX-03,Phoenix,2026-06-26,at-home,completed,2026-06-26 10:09
KB0010696,P-004034,KH-CHI-01,Chicago,2026-09-16,walk-in,completed,2026-09-16 18:41
KB0008273,P-002327,KH-PHX-01,Phoenix,2026-08-10,walk-in,completed,2026-08-10 11:36
KB0003932,P-006077,KH-PHI-03,Philadelphia,2026-06-02,online,completed,2026-06-02 19:43
KB0009524,P-003008,KH-NYC-02,New York,2026-08-29,online,completed,2026-08-29 17:34
KB0002094,P-002768,KH-NYC-02,New York,2026-05-04,online,completed,2026-05-04 08:43
KB0005131,P-000998,KH-DAL-01,Dallas,2026-06-22,online,completed,2026-06-22 08:31
KB0004483,P-004539,KH-CHI-02,Chicago,2026-06-11,online,completed,2026-06-11 13:05
KB0006878,P-002327,KH-PHX-03,Phoenix,2026-07-19,phone,completed,2026-07-19 08:42
KB0009015,P-001627,KH-PHX-01,Phoenix,2026-08-21,online,completed,2026-08-21 09:22
KB0008250,P-000167,KH-DAL-03,Dallas,2026-08-10,walk-in,completed,2026-08-10 18:06
KB0002269,P-002376,KH-PHX-03,Phoenix,2026-05-07,walk-in,completed,2026-05-07 15:32
KB0009953,P-000700,KH-DAL-01,Dallas,2026-09-05,online,completed,2026-09-05 09:41
KB0000580,P-004366,KH-CHI-01,Chicago,2026-04-09,walk-in,completed,2026-04-09 16:09
KB0010425,P-000597,KH-DAL-02,Dallas,2026-09-12,at-home,completed,2026-09-12 19:12
KB0004445,P-000630,KH-DAL-03,Dallas,2026-06-11,phone,completed,2026-06-11 14:08
KB0003769,P-003436,KH-NYC-02,New York,2026-05-31,phone,completed,2026-05-31 12:04
KB0002322,P-000209,KH-DAL-01,Dallas,2026-05-08,walk-in,completed,2026-05-08 08:50
KB0010558,P-002322,KH-PHX-02,Phoenix,2026-09-14,walk-in,completed,2026-09-14 17:37
KB0004869,P-004302,KH-CHI-02,Chicago,2026-06-17,at-home,completed,2026-06-17 19:23
KB0005613,P-005187,KH-ATL-02,Atlanta,2026-06-29,walk-in,completed,2026-06-29 13:10
KB0008243,P-000476,KH-DAL-03,Dallas,2026-08-10,walk-in,completed,2026-08-10 08:31
KB0011643,P-000528,KH-DAL-02,Dallas,2026-09-30,online,completed,2026-09-30 16:57
KB0002700,P-002431,KH-PHX-03,Phoenix,2026-05-14,walk-in,completed,2026-05-14 11:17
KB0010956,P-001899,KH-PHX-03,Phoenix,2026-09-20,phone,completed,2026-09-20 15:20
KB0008732,P-003050,KH-NYC-01,New York,2026-08-17,phone,completed,2026-08-17 18:10
KB0007913,P-004681,KH-CHI-01,Chicago,2026-08-04,phone,completed,2026-08-04 13:28
KB0000899,P-006659,KH-PHI-03,Philadelphia,2026-04-14,online,completed,2026-04-14 15:47
KB0001650,P-003506,KH-NYC-03,New York,2026-04-27,online,completed,2026-04-27 13:21
KB0011569,P-001798,KH-PHX-01,Phoenix,2026-09-29,at-home,completed,2026-09-29 15:28
KB0002302,P-005419,KH-ATL-03,Atlanta,2026-05-07,online,completed,2026-05-07 12:15
KB0005600,P-003469,KH-NYC-02,New York,2026-06-29,walk-in,completed,2026-06-29 13:53
KB0001356,P-002246,KH-PHX-01,Phoenix,2026-04-22,walk-in,completed,2026-04-22 12:06
KB0006750,P-001251,KH-PHX-01,Phoenix,2026-07-17,online,completed,2026-07-17 09:03
KB0010130,P-004965,KH-ATL-02,Atlanta,2026-09-07,online,completed,2026-09-07 19:49
KB0008355,P-004947,KH-CHI-02,Chicago,2026-08-11,walk-in,completed,2026-08-11 12:06
KB0002401,P-002110,KH-PHX-01,Phoenix,2026-05-09,walk-in,completed,2026-05-09 09:38
KB0011142,P-001125,KH-DAL-02,Dallas,2026-09-23,walk-in,completed,2026-09-23 11:04
KB0003302,P-005627,KH-ATL-02,Atlanta,2026-05-23,walk-in,completed,2026-05-23 10:03
KB0007088,P-002553,KH-NYC-02,New York,2026-07-22,walk-in,completed,2026-07-22 19:19
KB0010264,P-005244,KH-ATL-01,Atlanta,2026-09-09,phone,completed,2026-09-09 19:55
KB0010413,P-000477,KH-DAL-02,Dallas,2026-09-12,walk-in,completed,2026-09-12 18:27
KB0001604,P-004112,KH-CHI-01,Chicago,2026-04-26,online,completed,2026-04-26 17:15
KB0011405,P-003098,KH-NYC-02,New York,2026-09-26,phone,completed,2026-09-26 12:44
KB0006965,P-005206,KH-ATL-02,Atlanta,2026-07-20,walk-in,completed,2026-07-20 10:30
KB0000261,P-004132,KH-CHI-01,Chicago,2026-04-04,walk-in,completed,2026-04-04 15:54
KB0010446,P-001920,KH-PHX-03,Phoenix,2026-09-12,walk-in,completed,2026-09-12 11:19
KB0004538,P-002969,KH-NYC-02,New York,2026-06-12,walk-in,completed,2026-06-12 09:59
KB0007386,P-002341,KH-PHX-01,Phoenix,2026-07-27,walk-in,completed,2026-07-27 17:03
KB0007972,P-004486,KH-CHI-01,Chicago,2026-08-05,phone,completed,2026-08-05 19:22
KB0003706,P-001575,KH-PHX-01,Phoenix,2026-05-30,walk-in,completed,2026-05-30 16:30
KB0007762,P-001935,KH-PHX-01,Phoenix,2026-08-02,at-home,completed,2026-08-02 17:34
KB0008278,P-003468,KH-NYC-02,New York,2026-08-10,walk-in,completed,2026-08-10 08:39
KB0000588,P-005747,KH-ATL-02,Atlanta,2026-04-09,at-home,completed,2026-04-09 16:02
KB0006089,P-002001,KH-PHX-01,Phoenix,2026-07-07,walk-in,completed,2026-07-07 10:10
KB0000020,P-001790,KH-PHX-03,Phoenix,2026-04-01,online,completed,2026-04-01 19:01
KB0008479,P-003556,KH-NYC-02,New York,2026-08-13,online,completed,2026-08-13 11:06
KB0003866,P-000517,KH-DAL-01,Dallas,2026-06-02,online,completed,2026-06-02 12:53
KB0001370,P-003130,KH-NYC-01,New York,2026-04-22,phone,completed,2026-04-22 11:28
KB0001305,P-002794,KH-NYC-03,New York,2026-04-21,online,completed,2026-04-21 10:04
KB0005422,P-003069,KH-NYC-01,New York,2026-06-26,at-home,completed,2026-06-26 14:01
KB0003816,P-002064,KH-PHX-03,Phoenix,2026-06-01,walk-in,completed,2026-06-01 14:49
KB0011293,P-000877,KH-DAL-02,Dallas,2026-09-25,walk-in,completed,2026-09-25 16:54
KB0005458,P-000101,KH-DAL-03,Dallas,2026-06-27,online,completed,2026-06-27 12:50
KB0005969,P-003138,KH-NYC-03,New York,2026-07-05,online,completed,2026-07-05 17:19
KB0001041,P-000979,KH-DAL-02,Dallas,2026-04-17,at-home,completed,2026-04-17 19:30
KB0006421,P-001288,KH-PHX-03,Phoenix,2026-07-12,walk-in,completed,2026-07-12 14:12
KB0008143,P-000047,KH-DAL-03,Dallas,2026-08-08,online,completed,2026-08-08 18:38
KB0004198,P-000323,KH-DAL-03,Dallas,2026-06-07,walk-in,completed,2026-06-07 10:06
KB0007746,P-000981,KH-DAL-03,Dallas,2026-08-02,online,completed,2026-08-02 14:24
KB0000535,P-000190,KH-DAL-03,Dallas,2026-04-09,walk-in,completed,2026-04-09 13:02
KB0008542,P-003893,KH-NYC-03,New York,2026-08-14,at-home,completed,2026-08-14 13:21
KB0001314,P-004325,KH-CHI-01,Chicago,2026-04-21,online,completed,2026-04-21 16:57
KB0000081,P-000339,KH-DAL-03,Dallas,2026-04-02,online,completed,2026-04-02 13:12
KB0006589,P-000523,KH-DAL-02,Dallas,2026-07-15,phone,completed,2026-07-15 10:02
KB0009923,P-002686,KH-NYC-01,New York,2026-09-04,walk-in,completed,2026-09-04 08:57
KB0000639,P-004259,KH-CHI-01,Chicago,2026-04-10,online,completed,2026-04-10 10:43
KB0009797,P-005536,KH-ATL-02,Atlanta,2026-09-02,walk-in,completed,2026-09-02 10:41
KB0011133,P-000161,KH-DAL-02,Dallas,2026-09-23,online,completed,2026-09-23 18:29
KB0001846,P-004697,KH-CHI-01,Chicago,2026-04-30,phone,completed,2026-04-30 08:10
KB0003399,P-005050,KH-ATL-01,Atlanta,2026-05-25,walk-in,completed,2026-05-25 12:25
KB0002359,P-004915,KH-CHI-03,Chicago,2026-05-08,walk-in,completed,2026-05-08 17:27
KB0006922,P-000647,KH-DAL-02,Dallas,2026-07-20,online,completed,2026-07-20 10:35
KB0007437,P-002402,KH-PHX-03,Phoenix,2026-07-28,walk-in,completed,2026-07-28 19:10
KB0010400,P-005645,KH-ATL-01,Atlanta,2026-09-11,walk-in,completed,2026-09-11 14:58
KB0009530,P-004272,KH-CHI-01,Chicago,2026-08-29,walk-in,completed,2026-08-29 15:50
KB0007984,P-006525,KH-PHI-03,Philadelphia,2026-08-05,walk-in,completed,2026-08-05 18:39
KB0005378,P-005081,KH-ATL-03,Atlanta,2026-06-25,online,completed,2026-06-25 17:31
KB0008412,P-002535,KH-NYC-02,New York,2026-08-12,at-home,completed,2026-08-12 13:03
KB0008989,P-000975,KH-DAL-02,Dallas,2026-08-21,at-home,completed,2026-08-21 08:52
KB0004466,P-002055,KH-PHX-01,Phoenix,2026-06-11,online,completed,2026-06-11 13:41
KB0009192,P-003761,KH-NYC-01,New York,2026-08-24,walk-in,completed,2026-08-24 08:05
KB0011146,P-000979,KH-DAL-02,Dallas,2026-09-23,walk-in,completed,2026-09-23 19:33
KB0008775,P-000418,KH-DAL-01,Dallas,2026-08-18,walk-in,completed,2026-08-18 18:42
KB0004918,P-003055,KH-NYC-01,New York,2026-06-18,phone,completed,2026-06-18 11:28
KB0009435,P-001472,KH-PHX-01,Phoenix,2026-08-28,walk-in,completed,2026-08-28 13:28
KB0005003,P-005193,KH-ATL-01,Atlanta,2026-06-19,,completed,2026-06-19 12:53
KB0000158,P-000072,KH-DAL-03,Dallas,2026-04-03,walk-in,completed,2026-04-03 13:01
KB0005030,P-001223,KH-DAL-03,Dallas,2026-06-20,phone,completed,2026-06-20 13:11
KB0005681,P-005462,KH-ATL-01,Atlanta,2026-06-30,phone,cancelled,2026-06-30 08:31
KB0002258,P-000704,KH-DAL-01,Dallas,2026-05-07,walk-in,completed,2026-05-07 17:49
KB0006393,P-005575,KH-ATL-02,Atlanta,2026-07-11,walk-in,completed,2026-07-11 10:07
KB0010819,P-002102,KH-PHX-01,Phoenix,2026-09-18,phone,completed,2026-09-18 19:56
KB0007133,P-001582,KH-PHX-01,Phoenix,2026-07-23,walk-in,completed,2026-07-23 10:09
KB0011226,P-001235,KH-DAL-02,Dallas,2026-09-24,online,completed,2026-09-24 18:07
KB0003585,P-003594,KH-NYC-03,New York,2026-05-28,phone,completed,2026-05-28 15:40
KB0001706,P-002024,KH-PHX-01,Phoenix,2026-04-28,online,completed,2026-04-28 15:50
KB0008390,P-000878,KH-DAL-01,Dallas,2026-08-12,walk-in,completed,2026-08-12 16:35
KB0003799,P-000690,KH-DAL-02,Dallas,2026-06-01,at-home,completed,2026-06-01 11:58
KB0009601,P-004992,KH-ATL-02,Atlanta,2026-08-30,at-home,completed,2026-08-30 19:16
KB0003510,P-003392,KH-NYC-03,New York,2026-05-27,online,completed,2026-05-27 11:33
KB0006712,P-005517,KH-ATL-02,Atlanta,2026-07-16,online,cancelled,2026-07-16 19:57
KB0006054,P-005536,KH-ATL-03,Atlanta,2026-07-06,online,completed,2026-07-06 18:23
KB0005534,P-003009,KH-NYC-02,New York,2026-06-28,at-home,completed,2026-06-28 11:25
KB0006169,P-003288,KH-NYC-03,New York,2026-07-08,phone,completed,2026-07-08 17:50
KB0002607,P-004084,KH-CHI-01,Chicago,2026-05-12,walk-in,completed,2026-05-12 10:15
KB0001572,P-006020,KH-PHI-02,Philadelphia,2026-04-25,online,completed,2026-04-25 08:37
KB0002436,P-005136,KH-ATL-02,Atlanta,2026-05-09,online,completed,2026-05-09 10:42
KB0003933,P-006404,KH-PHI-03,Philadelphia,2026-06-02,at-home,completed,2026-06-02 11:32
KB0006081,P-000986,KH-DAL-01,Dallas,2026-07-07,online,completed,2026-07-07 12:10
KB0009327,P-004454,KH-CHI-02,Chicago,2026-08-26,online,completed,2026-08-26 11:43
KB0001725,P-004044,KH-CHI-02,Chicago,2026-04-28,walk-in,completed,2026-04-28 14:09
KB0005549,P-004990,KH-ATL-02,Atlanta,2026-06-28,phone,completed,2026-06-28 16:31
KB0011055,P-004974,KH-ATL-02,Atlanta,2026-09-21,walk-in,completed,2026-09-21 17:34
KB0000222,P-006103,KH-PHI-01,Philadelphia,2026-04-03,phone,completed,2026-04-03 19:47
KB0001193,P-004297,KH-CHI-01,Chicago,2026-04-19,online,completed,2026-04-19 10:28
KB0001569,P-005864,KH-PHI-01,Philadelphia,2026-04-25,online,completed,2026-04-25 13:49
KB0010217,P-001113,KH-DAL-02,Dallas,2026-09-09,walk-in,completed,2026-09-09 10:45
KB0009777,P-002796,KH-NYC-03,New York,2026-09-02,,completed,2026-09-02 19:55
KB0010725,P-000602,KH-DAL-01,Dallas,2026-09-17,online,completed,2026-09-17 15:36
KB0006632,P-004369,KH-CHI-03,Chicago,2026-07-15,walk-in,completed,2026-07-15 17:04
KB0005822,P-006548,KH-PHI-01,Philadelphia,2026-07-02,phone,completed,2026-07-02 12:37
KB0009615,P-000654,KH-DAL-01,Dallas,2026-08-31,online,completed,2026-08-31 15:42
KB0003939,P-000157,KH-DAL-01,Dallas,2026-06-03,online,completed,2026-06-03 17:28
KB0003589,P-002937,KH-NYC-03,New York,2026-05-28,phone,completed,2026-05-28 16:00
KB0005754,P-001206,KH-DAL-01,Dallas,2026-07-02,phone,completed,2026-07-02 19:44
KB0004407,P-003161,KH-NYC-01,New York,2026-06-10,walk-in,completed,2026-06-10 14:28
KB0007738,P-005423,KH-ATL-02,Atlanta,2026-08-01,phone,completed,2026-08-01 13:57
KB0000169,P-002209,KH-PHX-02,Phoenix,2026-04-03,walk-in,completed,2026-04-03 10:40
KB0002968,P-003898,KH-NYC-02,New York,2026-05-18,online,completed,2026-05-18 15:53
KB0007540,P-005579,KH-ATL-03,Atlanta,2026-07-29,phone,completed,2026-07-29 09:21
KB0007360,P-005762,KH-PHI-02,Philadelphia,2026-07-26,online,completed,2026-07-26 18:33
KB0006495,P-004828,KH-CHI-01,Chicago,2026-07-13,walk-in,completed,2026-07-13 11:31
KB0006534,P-002398,KH-PHX-01,Phoenix,2026-07-14,at-home,completed,2026-07-14 17:39
KB0007849,P-005380,KH-ATL-03,Atlanta,2026-08-03,phone,completed,2026-08-03 08:52
KB0003579,P-003761,KH-NYC-01,New York,2026-05-28,walk-in,completed,2026-05-28 08:24
KB0003028,P-002640,KH-NYC-03,New York,2026-05-19,walk-in,completed,2026-05-19 19:15
KB0005795,P-002525,KH-NYC-02,New York,2026-07-02,online,completed,2026-07-02 11:54
KB0008039,P-005207,KH-ATL-02,Atlanta,2026-08-06,online,completed,2026-08-06 14:26
KB0002491,P-005181,KH-ATL-03,Atlanta,2026-05-10,online,completed,2026-05-10 10:46
KB0008485,P-004662,KH-CHI-03,Chicago,2026-08-13,phone,completed,2026-08-13 18:18
KB0004570,P-006537,KH-PHI-02,Philadelphia,2026-06-12,online,completed,2026-06-12 12:37
KB0005146,P-001443,KH-PHX-01,Phoenix,2026-06-22,at-home,completed,2026-06-22 17:10
KB0002670,P-005414,KH-ATL-01,Atlanta,2026-05-13,online,completed,2026-05-13 13:42
KB0000701,P-003451,KH-NYC-03,New York,2026-04-11,walk-in,completed,2026-04-11 10:23
KB0003082,P-002231,KH-PHX-02,Phoenix,2026-05-20,walk-in,completed,2026-05-20 14:20
KB0000134,P-006010,KH-PHI-03,Philadelphia,2026-04-02,phone,completed,2026-04-02 11:14
KB0001431,P-004589,KH-CHI-01,Chicago,2026-04-23,online,cancelled,2026-04-23 19:44
KB0008494,P-005742,KH-ATL-02,Atlanta,2026-08-13,online,completed,2026-08-13 16:32
KB0002397,P-001365,KH-PHX-03,Phoenix,2026-05-09,phone,completed,2026-05-09 17:51
KB0005302,P-004256,KH-CHI-03,Chicago,2026-06-24,walk-in,completed,2026-06-24 08:59
KB0003600,P-004339,KH-CHI-01,Chicago,2026-05-28,online,completed,2026-05-28 12:40
KB0002931,P-005791,KH-PHI-01,Philadelphia,2026-05-17,walk-in,completed,2026-05-17 19:02
KB0007168,P-004350,KH-CHI-01,Chicago,2026-07-23,walk-in,completed,2026-07-23 16:36
KB0010339,P-006333,KH-PHI-01,Philadelphia,2026-09-10,at-home,completed,2026-09-10 18:39
KB0006150,P-001929,KH-PHX-03,Phoenix,2026-07-08,online,completed,2026-07-08 17:41
KB0007818,P-001863,KH-PHX-02,Phoenix,2026-08-03,walk-in,completed,2026-08-03 17:03
KB0005181,P-005008,KH-ATL-02,Atlanta,2026-06-22,walk-in,completed,2026-06-22 13:57
KB0002246,P-005804,KH-PHI-02,Philadelphia,2026-05-06,,completed,2026-05-06 19:32
KB0008076,P-001472,KH-PHX-03,Phoenix,2026-08-07,online,completed,2026-08-07 11:34
KB0002084,P-001440,KH-PHX-02,Phoenix,2026-05-04,phone,completed,2026-05-04 08:03
KB0000734,P-001083,KH-DAL-01,Dallas,2026-04-12,online,completed,2026-04-12 13:29
KB0006602,P-001582,KH-PHX-02,Phoenix,2026-07-15,at-home,completed,2026-07-15 19:56
KB0004564,P-005085,KH-ATL-01,Atlanta,2026-06-12,online,completed,2026-06-12 14:05
KB0010933,P-005463,KH-ATL-02,Atlanta,2026-09-19,walk-in,completed,2026-09-19 18:42
KB0004500,P-006070,KH-PHI-01,Philadelphia,2026-06-11,phone,completed,2026-06-11 15:43
KB0002221,P-002438,KH-PHX-01,Phoenix,2026-05-06,walk-in,completed,2026-05-06 19:05
KB0005147,P-001816,KH-PHX-03,Phoenix,2026-06-22,walk-in,completed,2026-06-22 19:28
KB0008347,P-003944,KH-NYC-01,New York,2026-08-11,walk-in,completed,2026-08-11 10:43
KB0008835,P-006330,KH-PHI-03,Philadelphia,2026-08-18,walk-in,cancelled,2026-08-18 10:13
KB0000297,P-000395,KH-DAL-01,Dallas,2026-04-05,phone,completed,2026-04-05 09:29
KB0000843,P-000248,KH-DAL-02,Dallas,2026-04-14,walk-in,completed,2026-04-14 14:18
KB0005939,P-004382,KH-CHI-01,Chicago,2026-07-04,walk-in,completed,2026-07-04 14:45
KB0000871,P-003536,KH-NYC-01,New York,2026-04-14,walk-in,completed,2026-04-14 08:57
KB0009577,P-001860,KH-PHX-01,Phoenix,2026-08-30,online,completed,2026-08-30 11:58
KB0001203,P-005187,KH-ATL-02,Atlanta,2026-04-19,walk-in,completed,2026-04-19 09:53
KB0005253,P-005706,KH-ATL-02,Atlanta,2026-06-23,walk-in,completed,2026-06-23 16:56
KB0000620,P-001764,KH-PHX-02,Phoenix,2026-04-10,online,completed,2026-04-10 11:55
KB0005126,P-005317,KH-ATL-01,Atlanta,2026-06-21,phone,completed,2026-06-21 14:55
KB0006456,P-000106,KH-DAL-02,Dallas,2026-07-13,online,completed,2026-07-13 15:36
KB0007804,P-000644,KH-DAL-01,Dallas,2026-08-03,online,completed,2026-08-03 09:16
KB0005349,P-002386,KH-PHX-03,Phoenix,2026-06-25,online,completed,2026-06-25 11:15
KB0003305,P-006050,KH-PHI-03,Philadelphia,2026-05-23,at-home,completed,2026-05-23 14:38
KB0007713,P-002731,KH-NYC-03,New York,2026-08-01,phone,completed,2026-08-01 12:50
KB0002884,P-005779,KH-PHI-01,Philadelphia,2026-05-16,at-home,completed,2026-05-16 15:51
KB0004235,P-000041,KH-DAL-02,Dallas,2026-06-08,walk-in,completed,2026-06-08 16:05
KB0009658,P-005697,KH-ATL-02,Atlanta,2026-08-31,phone,completed,2026-08-31 16:32
KB0010213,P-001015,KH-DAL-03,Dallas,2026-09-09,online,completed,2026-09-09 12:59
KB0003684,P-005865,KH-PHI-02,Philadelphia,2026-05-29,phone,completed,2026-05-29 17:49
KB0004796,P-002820,KH-NYC-03,New York,2026-06-16,online,completed,2026-06-16 19:41
KB0010760,P-003234,KH-NYC-03,New York,2026-09-17,walk-in,completed,2026-09-17 16:34
KB0010652,P-005210,KH-ATL-01,Atlanta,2026-09-15,phone,completed,2026-09-15 11:36
KB0009566,P-001846,KH-PHX-02,Phoenix,2026-08-30,at-home,completed,2026-08-30 18:58
KB0002804,P-005701,KH-ATL-01,Atlanta,2026-05-15,at-home,completed,2026-05-15 19:53
KB0004305,P-000383,KH-DAL-02,Dallas,2026-06-09,walk-in,completed,2026-06-09 18:13
KB0009739,P-006415,KH-PHI-03,Philadelphia,2026-09-01,walk-in,completed,2026-09-01 13:27
KB0000358,P-001857,KH-PHX-02,Phoenix,2026-04-06,phone,completed,2026-04-06 19:33
KB0006329,P-005745,KH-ATL-03,Atlanta,2026-07-10,online,completed,2026-07-10 09:12
KB0000369,P-001671,KH-PHX-03,Phoenix,2026-04-06,walk-in,completed,2026-04-06 12:12
KB0009975,P-001429,KH-PHX-03,Phoenix,2026-09-05,walk-in,completed,2026-09-05 15:49
KB0000015,P-001095,KH-DAL-01,Dallas,2026-04-01,at-home,completed,2026-04-01 19:32
KB0000471,P-000118,KH-DAL-02,Dallas,2026-04-08,walk-in,completed,2026-04-08 16:58
KB0000365,P-001509,KH-PHX-03,Phoenix,2026-04-06,phone,completed,2026-04-06 09:35
KB0011648,P-002270,KH-PHX-02,Phoenix,2026-09-30,phone,completed,2026-09-30 18:32
KB0000992,P-002444,KH-PHX-01,Phoenix,2026-04-16,walk-in,completed,2026-04-16 08:45
KB0010958,P-001391,KH-PHX-02,Phoenix,2026-09-20,online,completed,2026-09-20 08:45
KB0007447,P-002378,KH-PHX-01,Phoenix,2026-07-28,walk-in,completed,2026-07-28 09:25
KB0002642,P-002292,KH-PHX-01,Phoenix,2026-05-13,walk-in,completed,2026-05-13 13:34
KB0004577,P-000245,KH-DAL-02,Dallas,2026-06-13,walk-in,completed,2026-06-13 11:52
KB0006989,P-000965,KH-DAL-01,Dallas,2026-07-21,online,completed,2026-07-21 14:18
KB0006521,P-001113,KH-DAL-02,Dallas,2026-07-14,online,completed,2026-07-14 16:25
KB0009439,P-002166,KH-PHX-02,Phoenix,2026-08-28,phone,completed,2026-08-28 17:36
KB0002284,P-003691,KH-NYC-01,New York,2026-05-07,walk-in,completed,2026-05-07 19:10
KB0001157,P-005631,KH-ATL-02,Atlanta,2026-04-18,,completed,2026-04-18 15:59
KB0009111,P-006491,KH-PHI-01,Philadelphia,2026-08-22,at-home,completed,2026-08-22 12:24
KB0006556,P-003908,KH-NYC-03,New York,2026-07-14,online,completed,2026-07-14 12:05
KB0008679,P-003952,KH-CHI-02,Chicago,2026-08-16,walk-in,completed,2026-08-16 15:36
KB0005249,P-005412,KH-ATL-02,Atlanta,2026-06-23,online,completed,2026-06-23 09:16
KB0011696,P-005082,KH-ATL-01,Atlanta,2026-09-30,walk-in,completed,2026-09-30 15:59
KB0006227,P-001977,KH-PHX-03,Phoenix,2026-07-09,phone,completed,2026-07-09 11:14
KB0006479,P-003909,KH-NYC-02,New York,2026-07-13,walk-in,completed,2026-07-13 17:17
KB0007503,P-000398,KH-DAL-03,Dallas,2026-07-29,at-home,completed,2026-07-29 19:24
KB0006029,P-002017,KH-PHX-01,Phoenix,2026-07-06,walk-in,completed,2026-07-06 15:10
KB0000834,P-006670,KH-PHI-02,Philadelphia,2026-04-13,online,completed,2026-04-13 18:53
KB0003793,P-000267,KH-DAL-03,Dallas,2026-06-01,walk-in,completed,2026-06-01 18:01
KB0010068,P-000060,KH-DAL-03,Dallas,2026-09-07,phone,completed,2026-09-07 12:18
KB0000810,P-004714,KH-CHI-02,Chicago,2026-04-13,walk-in,completed,2026-04-13 16:04
KB0011667,P-003060,KH-NYC-01,New York,2026-09-30,walk-in,completed,2026-09-30 08:48
KB0007078,P-002252,KH-PHX-01,Phoenix,2026-07-22,online,completed,2026-07-22 14:09
KB0006297,P-001991,KH-PHX-03,Phoenix,2026-07-10,walk-in,completed,2026-07-10 17:03
KB0003351,P-005976,KH-PHI-01,Philadelphia,2026-05-24,online,completed,2026-05-24 10:25
KB0001461,P-001165,KH-DAL-03,Dallas,2026-04-24,phone,completed,2026-04-24 08:40
KB0006880,P-001948,KH-PHX-03,Phoenix,2026-07-19,phone,completed,2026-07-19 13:09
KB0006110,P-003556,KH-NYC-01,New York,2026-07-07,walk-in,completed,2026-07-07 11:24
KB0005836,P-001968,KH-PHX-03,Phoenix,2026-07-03,at-home,completed,2026-07-03 17:09
KB0004807,P-005244,KH-ATL-02,Atlanta,2026-06-16,phone,completed,2026-06-16 11:43
KB0005491,P-004428,KH-CHI-01,Chicago,2026-06-27,phone,completed,2026-06-27 18:50
KB0004319,P-002307,KH-PHX-03,Phoenix,2026-06-09,walk-in,completed,2026-06-09 14:29
KB0006711,P-005646,KH-ATL-02,Atlanta,2026-07-16,walk-in,completed,2026-07-16 09:44
KB0008950,P-002518,KH-NYC-02,New York,2026-08-20,phone,completed,2026-08-20 13:43
KB0008055,P-000761,KH-DAL-02,Dallas,2026-08-07,walk-in,completed,2026-08-07 10:00
KB0006289,P-002115,KH-PHX-03,Phoenix,2026-07-10,walk-in,completed,2026-07-10 13:59
KB0003848,P-004985,KH-ATL-01,Atlanta,2026-06-01,walk-in,completed,2026-06-01 14:28
KB0000336,P-005735,KH-ATL-02,Atlanta,2026-04-05,online,completed,2026-04-05 13:03
KB0003566,P-002342,KH-PHX-02,Phoenix,2026-05-28,walk-in,completed,2026-05-28 11:49
KB0000518,P-005384,KH-ATL-01,Atlanta,2026-04-08,phone,completed,2026-04-08 09:41
KB0011144,P-001125,KH-DAL-02,Dallas,2026-09-23,at-home,cancelled,2026-09-23 16:55
KB0010327,P-005061,KH-ATL-01,Atlanta,2026-09-10,walk-in,completed,2026-09-10 14:05
KB0007650,P-003109,KH-NYC-03,New York,2026-07-31,phone,completed,2026-07-31 16:33
KB0006921,P-000196,KH-DAL-01,Dallas,2026-07-20,phone,completed,2026-07-20 19:54
KB0008687,P-005699,KH-ATL-03,Atlanta,2026-08-16,walk-in,completed,2026-08-16 19:53
KB0007692,P-001180,KH-DAL-01,Dallas,2026-08-01,online,completed,2026-08-01 17:26
KB0007221,P-003112,KH-NYC-03,New York,2026-07-24,walk-in,completed,2026-07-24 16:25
KB0004818,P-005867,KH-PHI-03,Philadelphia,2026-06-16,online,completed,2026-06-16 14:49
KB0004663,P-002636,KH-NYC-01,New York,2026-06-14,online,completed,2026-06-14 15:31
KB0001889,P-001580,KH-PHX-01,Phoenix,2026-05-01,walk-in,completed,2026-05-01 09:44
KB0001536,P-002214,KH-PHX-02,Phoenix,2026-04-25,at-home,completed,2026-04-25 10:35
KB0003327,P-001575,KH-PHX-03,Phoenix,2026-05-24,walk-in,completed,2026-05-24 08:58
KB0008475,P-003050,KH-NYC-01,New York,2026-08-13,at-home,completed,2026-08-13 19:55
KB0003753,P-001220,KH-DAL-01,Dallas,2026-05-31,phone,completed,2026-05-31 08:07
KB0010712,P-005829,KH-PHI-02,Philadelphia,2026-09-16,at-home,completed,2026-09-16 16:43
KB0002485,P-005015,KH-ATL-02,Atlanta,2026-05-10,online,completed,2026-05-10 16:15
KB0002647,P-001715,KH-PHX-02,Phoenix,2026-05-13,at-home,completed,2026-05-13 14:42
KB0003520,P-002799,KH-NYC-03,New York,2026-05-27,phone,completed,2026-05-27 09:04
KB0009295,P-000931,KH-DAL-03,Dallas,2026-08-26,online,completed,2026-08-26 09:17
KB0005180,P-005390,KH-ATL-02,Atlanta,2026-06-22,online,cancelled,2026-06-22 19:06
KB0002093,P-002625,KH-NYC-01,New York,2026-05-04,walk-in,completed,2026-05-04 18:00
KB0010154,P-000843,KH-DAL-01,Dallas,2026-09-08,walk-in,completed,2026-09-08 18:53
KB0003017,P-001961,KH-PHX-02,Phoenix,2026-05-19,online,completed,2026-05-19 15:04
KB0003768,P-003482,KH-NYC-01,New York,2026-05-31,online,completed,2026-05-31 19:23
KB0005511,P-000299,KH-DAL-03,Dallas,2026-06-28,walk-in,completed,2026-06-28 17:31
KB0011488,P-001186,KH-DAL-01,Dallas,2026-09-28,walk-in,completed,2026-09-28 17:27
KB0005102,P-002393,KH-PHX-01,Phoenix,2026-06-21,at-home,completed,2026-06-21 19:28
KB0009593,P-005605,KH-ATL-02,Atlanta,2026-08-30,online,completed,2026-08-30 18:13
KB0009241,P-001514,KH-PHX-03,Phoenix,2026-08-25,phone,completed,2026-08-25 08:15
KB0003081,P-001534,KH-PHX-02,Phoenix,2026-05-20,online,completed,2026-05-20 14:58
KB0010716,P-006154,KH-PHI-03,Philadelphia,2026-09-16,at-home,completed,2026-09-16 08:36
KB0000752,P-003073,KH-NYC-01,New York,2026-04-12,phone,completed,2026-04-12 10:42
KB0010708,P-005150,KH-ATL-02,Atlanta,2026-09-16,at-home,completed,2026-09-16 12:45
KB0000043,P-004815,KH-CHI-01,Chicago,2026-04-01,walk-in,completed,2026-04-01 17:16
KB0004379,P-001126,KH-DAL-03,Dallas,2026-06-10,walk-in,completed,2026-06-10 09:33
KB0007585,P-003035,KH-NYC-02,New York,2026-07-30,walk-in,completed,2026-07-30 14:21
KB0008515,P-001129,KH-DAL-02,Dallas,2026-08-14,walk-in,completed,2026-08-14 08:04
KB0008594,P-000191,KH-DAL-03,Dallas,2026-08-15,online,completed,2026-08-15 08:53
KB0007039,P-005312,KH-ATL-03,Atlanta,2026-07-21,phone,completed,2026-07-21 15:13
KB0006994,P-000001,KH-DAL-01,Dallas,2026-07-21,online,cancelled,2026-07-21 09:47
KB0000769,P-005873,KH-PHI-01,Philadelphia,2026-04-12,online,completed,2026-04-12 17:08
KB0002477,P-003441,KH-NYC-03,New York,2026-05-10,online,completed,2026-05-10 14:55
KB0010971,P-003614,KH-NYC-01,New York,2026-09-20,online,completed,2026-09-20 15:24
KB0007298,P-004679,KH-CHI-02,Chicago,2026-07-25,walk-in,completed,2026-07-25 18:54
KB0011688,P-005181,KH-ATL-01,Atlanta,2026-09-30,walk-in,completed,2026-09-30 11:20
KB0000431,P-001491,KH-PHX-01,Phoenix,2026-04-07,online,completed,2026-04-07 17:39
KB0010828,P-002989,KH-NYC-02,New York,2026-09-18,at-home,completed,2026-09-18 14:52
KB0000646,P-005733,KH-ATL-01,Atlanta,2026-04-10,walk-in,completed,2026-04-10 18:29
KB0005164,P-003936,KH-NYC-01,New York,2026-06-22,walk-in,completed,2026-06-22 17:53
KB0011077,P-000763,KH-DAL-02,Dallas,2026-09-22,at-home,completed,2026-09-22 13:32
KB0004263,P-001860,KH-PHX-02,Phoenix,2026-06-08,at-home,completed,2026-06-08 12:51
KB0004287,P-004690,KH-CHI-02,Chicago,2026-06-08,phone,completed,2026-06-08 14:55
KB0007262,P-001136,KH-DAL-01,Dallas,2026-07-25,online,completed,2026-07-25 08:01
KB0002178,P-002874,KH-NYC-02,New York,2026-05-05,phone,completed,2026-05-05 13:21
KB0006722,P-000902,KH-DAL-02,Dallas,2026-07-17,online,completed,2026-07-17 12:18
KB0004196,P-000168,KH-DAL-01,Dallas,2026-06-07,at-home,completed,2026-06-07 10:00
KB0006964,P-005651,KH-ATL-02,Atlanta,2026-07-20,walk-in,completed,2026-07-20 19:21
KB0011646,P-001848,KH-PHX-02,Phoenix,2026-09-30,walk-in,completed,2026-09-30 19:35
KB0001691,P-000392,KH-DAL-02,Dallas,2026-04-28,online,completed,2026-04-28 19:34
KB0000817,P-004945,KH-CHI-03,Chicago,2026-04-13,walk-in,completed,2026-04-13 10:47
KB0007820,P-001547,KH-PHX-03,Phoenix,2026-08-03,walk-in,completed,2026-08-03 15:12
KB0008963,P-005395,KH-ATL-02,Atlanta,2026-08-20,at-home,completed,2026-08-20 11:20
KB0005408,P-001258,KH-PHX-02,Phoenix,2026-06-26,walk-in,completed,2026-06-26 12:00
KB0002915,P-004834,KH-CHI-03,Chicago,2026-05-17,online,completed,2026-05-17 13:05
KB0007606,P-005117,KH-ATL-01,Atlanta,2026-07-30,phone,completed,2026-07-30 09:39
KB0008991,P-000044,KH-DAL-01,Dallas,2026-08-21,at-home,completed,2026-08-21 14:59
KB0011326,P-002654,KH-NYC-01,New York,2026-09-25,walk-in,completed,2026-09-25 18:56
KB0010880,P-000836,KH-DAL-01,Dallas,2026-09-19,online,completed,2026-09-19 12:35
KB0009314,P-003049,KH-NYC-01,New York,2026-08-26,at-home,completed,2026-08-26 08:54
KB0009525,P-003005,KH-NYC-03,New York,2026-08-29,at-home,completed,2026-08-29 19:00
KB0010128,P-005426,KH-ATL-02,Atlanta,2026-09-07,at-home,completed,2026-09-07 15:28
KB0007431,P-000765,KH-DAL-02,Dallas,2026-07-28,walk-in,completed,2026-07-28 14:34
KB0001099,P-005383,KH-ATL-02,Atlanta,2026-04-17,walk-in,completed,2026-04-17 19:09
KB0008048,P-005892,KH-PHI-01,Philadelphia,2026-08-06,walk-in,completed,2026-08-06 14:51
KB0011268,P-005209,KH-ATL-03,Atlanta,2026-09-24,online,completed,2026-09-24 17:10
KB0004553,P-003952,KH-CHI-01,Chicago,2026-06-12,phone,completed,2026-06-12 09:12
KB0005628,P-006162,KH-PHI-02,Philadelphia,2026-06-29,online,completed,2026-06-29 10:06
KB0007353,P-005180,KH-ATL-02,Atlanta,2026-07-26,walk-in,completed,2026-07-26 15:47
KB0005831,P-000056,KH-DAL-01,Dallas,2026-07-03,at-home,completed,2026-07-03 13:38
KB0006402,P-006022,KH-PHI-03,Philadelphia,2026-07-11,walk-in,completed,2026-07-11 14:17
KB0008763,P-006392,KH-PHI-01,Philadelphia,2026-08-17,walk-in,completed,2026-08-17 13:47
KB0001531,P-001933,KH-PHX-01,Phoenix,2026-04-25,online,completed,2026-04-25 12:23
KB0001018,P-004362,KH-CHI-01,Chicago,2026-04-16,walk-in,completed,2026-04-16 11:42
KB0006337,P-005780,KH-PHI-02,Philadelphia,2026-07-10,walk-in,completed,2026-07-10 16:26
KB0007213,P-002441,KH-PHX-03,Phoenix,2026-07-24,walk-in,completed,2026-07-24 08:46
KB0004325,P-002316,KH-PHX-01,Phoenix,2026-06-09,walk-in,completed,2026-06-09 12:57
KB0004016,P-000138,KH-DAL-03,Dallas,2026-06-04,walk-in,completed,2026-06-04 17:36
KB0006257,P-004259,KH-CHI-01,Chicago,2026-07-09,online,cancelled,2026-07-09 13:58
KB0010038,P-001681,KH-PHX-01,Phoenix,2026-09-06,walk-in,completed,2026-09-06 11:34
KB0001023,P-005362,KH-ATL-03,Atlanta,2026-04-16,phone,completed,2026-04-16 08:13
KB0003131,P-000380,KH-DAL-01,Dallas,2026-05-21,phone,completed,2026-05-21 09:31
KB0004663,P-002636,KH-NYC-01,New York,2026-06-14,online,completed,2026-06-14 15:31
KB0008677,P-004578,KH-CHI-03,Chicago,2026-08-16,walk-in,completed,2026-08-16 16:30
KB0005226,P-003801,KH-NYC-03,New York,2026-06-23,online,completed,2026-06-23 16:19
KB0007003,P-002023,KH-PHX-03,Phoenix,2026-07-21,walk-in,completed,2026-07-21 19:55
KB0000353,P-001142,KH-DAL-03,Dallas,2026-04-06,online,completed,2026-04-06 08:28
KB0005772,P-001794,KH-PHX-03,Phoenix,2026-07-02,online,completed,2026-07-02 10:50
KB0006826,P-002557,KH-NYC-01,New York,2026-07-18,walk-in,completed,2026-07-18 12:42
KB0007642,P-003391,KH-NYC-03,New York,2026-07-31,phone,completed,2026-07-31 14:14
KB0010727,P-000063,KH-DAL-03,Dallas,2026-09-17,online,completed,2026-09-17 12:49
KB0011000,P-000387,KH-DAL-02,Dallas,2026-09-21,at-home,completed,2026-09-21 10:04
KB0003506,P-002316,KH-PHX-01,Phoenix,2026-05-27,online,completed,2026-05-27 11:52
KB0006943,P-001906,KH-PHX-01,Phoenix,2026-07-20,phone,completed,2026-07-20 16:30
KB0009705,P-002008,KH-PHX-03,Phoenix,2026-09-01,walk-in,completed,2026-09-01 08:16
KB0005522,P-002270,KH-PHX-02,Phoenix,2026-06-28,walk-in,completed,2026-06-28 12:58
KB0001221,P-000681,KH-DAL-01,Dallas,2026-04-20,walk-in,completed,2026-04-20 14:56
KB0011422,P-005436,KH-ATL-02,Atlanta,2026-09-26,walk-in,completed,2026-09-26 12:30
KB0008581,P-001047,KH-DAL-02,Dallas,2026-08-15,phone,completed,2026-08-15 09:32
KB0004397,P-001751,KH-PHX-03,Phoenix,2026-06-10,walk-in,completed,2026-06-10 10:14
KB0003055,P-006192,KH-PHI-01,Philadelphia,2026-05-19,walk-in,completed,2026-05-19 08:54
KB0000118,P-004631,KH-CHI-01,Chicago,2026-04-02,at-home,completed,2026-04-02 18:38
KB0001899,P-002590,KH-NYC-01,New York,2026-05-01,walk-in,completed,2026-05-01 18:07
KB0004372,P-000895,KH-DAL-01,Dallas,2026-06-10,online,completed,2026-06-10 11:24
KB0006461,P-001550,KH-PHX-01,Phoenix,2026-07-13,walk-in,completed,2026-07-13 12:25
KB0008283,P-003314,KH-NYC-02,New York,2026-08-10,at-home,completed,2026-08-10 13:33
KB0008905,P-006124,KH-PHI-03,Philadelphia,2026-08-19,phone,completed,2026-08-19 11:19
KB0007722,P-004205,KH-CHI-02,Chicago,2026-08-01,phone,completed,2026-08-01 11:43
KB0007991,P-000507,KH-DAL-01,Dallas,2026-08-06,at-home,cancelled,2026-08-06 19:20
KB0005965,P-001306,KH-PHX-01,Phoenix,2026-07-05,phone,completed,2026-07-05 11:51
KB0008980,P-006465,KH-PHI-01,Philadelphia,2026-08-20,walk-in,completed,2026-08-20 19:51
KB0005736,P-004317,KH-CHI-01,Chicago,2026-07-01,walk-in,completed,2026-07-01 13:42
KB0006084,P-001935,KH-PHX-02,Phoenix,2026-07-07,online,completed,2026-07-07 15:18
KB0002933,P-000701,KH-DAL-03,Dallas,2026-05-18,online,completed,2026-05-18 13:37
KB0008622,P-003560,KH-NYC-02,New York,2026-08-15,phone,completed,2026-08-15 16:59
KB0007349,P-003988,KH-CHI-02,Chicago,2026-07-26,walk-in,completed,2026-07-26 16:14
KB0006961,P-004756,KH-CHI-03,Chicago,2026-07-20,walk-in,completed,2026-07-20 08:35
KB0005108,P-003442,KH-NYC-02,New York,2026-06-21,walk-in,completed,2026-06-21 18:56
KB0005258,P-006343,KH-PHI-03,Philadelphia,2026-06-23,phone,completed,2026-06-23 13:13
KB0004828,P-000267,KH-DAL-01,Dallas,2026-06-17,online,completed,2026-06-17 19:44
KB0009168,P-001185,KH-DAL-02,Dallas,2026-08-24,phone,completed,2026-08-24 16:46
KB0000824,P-005704,KH-ATL-01,Atlanta,2026-04-13,walk-in,completed,2026-04-13 16:52
KB0009613,P-000403,KH-DAL-03,Dallas,2026-08-31,walk-in,completed,2026-08-31 10:11
KB0003759,P-002359,KH-PHX-01,Phoenix,2026-05-31,walk-in,completed,2026-05-31 13:08
KB0011283,P-000367,KH-DAL-03,Dallas,2026-09-25,online,completed,2026-09-25 18:41
KB0008538,P-001601,KH-PHX-01,Phoenix,2026-08-14,online,completed,2026-08-14 13:49
KB0009226,P-000124,KH-DAL-02,Dallas,2026-08-25,walk-in,completed,2026-08-25 14:21
KB0004140,P-001184,KH-DAL-02,Dallas,2026-06-06,walk-in,completed,2026-06-06 19:49
KB0007507,P-001685,KH-PHX-03,Phoenix,2026-07-29,at-home,completed,2026-07-29 16:01
KB0000311,P-001369,KH-PHX-02,Phoenix,2026-04-05,walk-in,completed,2026-04-05 17:21
KB0003373,P-001646,KH-PHX-01,Phoenix,2026-05-25,online,completed,2026-05-25 19:38
KB0010414,P-000471,KH-DAL-02,Dallas,2026-09-12,online,completed,2026-09-12 18:43
KB0000112,P-003036,KH-NYC-03,New York,2026-04-02,at-home,completed,2026-04-02 11:04
KB0010387,P-004908,KH-CHI-01,Chicago,2026-09-11,walk-in,completed,2026-09-11 12:45
KB0008256,P-001043,KH-DAL-01,Dallas,2026-08-10,phone,completed,2026-08-10 15:43
KB0005275,P-001621,KH-PHX-01,Phoenix,2026-06-24,online,cancelled,2026-06-24 17:46
KB0002175,P-003489,KH-NYC-01,New York,2026-05-05,walk-in,completed,2026-05-05 10:00
KB0007504,P-001931,KH-PHX-02,Phoenix,2026-07-29,walk-in,completed,2026-07-29 17:41
KB0010868,P-000824,KH-DAL-01,Dallas,2026-09-19,walk-in,completed,2026-09-19 17:57
KB0002985,P-005267,KH-ATL-02,Atlanta,2026-05-18,online,completed,2026-05-18 19:31
KB0007002,P-002240,KH-PHX-03,Phoenix,2026-07-21,phone,cancelled,2026-07-21 09:28
KB0000657,P-005842,KH-PHI-02,Philadelphia,2026-04-10,online,completed,2026-04-10 09:55
KB0011532,P-005532,KH-ATL-02,Atlanta,2026-09-28,phone,completed,2026-09-28 13:45
KB0000211,P-005740,KH-ATL-01,Atlanta,2026-04-03,walk-in,completed,2026-04-03 11:53
KB0007662,P-005228,KH-ATL-01,Atlanta,2026-07-31,at-home,completed,2026-07-31 12:28
KB0001526,P-001336,KH-PHX-02,Phoenix,2026-04-25,phone,completed,2026-04-25 11:12
KB0003872,P-000096,KH-DAL-01,Dallas,2026-06-02,at-home,completed,2026-06-02 19:43
KB0006022,P-001493,KH-PHX-02,Phoenix,2026-07-06,online,completed,2026-07-06 15:50
KB0004256,P-001414,KH-PHX-01,Phoenix,2026-06-08,phone,completed,2026-06-08 17:59
KB0003974,P-002680,KH-NYC-03,New York,2026-06-03,online,completed,2026-06-03 14:24
KB0005322,P-000407,KH-DAL-01,Dallas,2026-06-25,online,completed,2026-06-25 09:20
KB0004115,P-004910,KH-CHI-03,Chicago,2026-06-05,phone,completed,2026-06-05 17:33
KB0003685,P-006253,KH-PHI-02,Philadelphia,2026-05-29,phone,completed,2026-05-29 13:43
KB0011406,P-003898,KH-NYC-02,New York,2026-09-26,walk-in,completed,2026-09-26 14:54
KB0011079,P-000311,KH-DAL-02,Dallas,2026-09-22,walk-in,completed,2026-09-22 09:22
KB0002304,P-005587,KH-ATL-02,Atlanta,2026-05-07,walk-in,completed,2026-05-07 13:15
KB0005112,P-002561,KH-NYC-03,New York,2026-06-21,walk-in,completed,2026-06-21 18:27
KB0010626,P-003382,KH-NYC-02,New York,2026-09-15,walk-in,completed,2026-09-15 15:47
KB0009997,P-004426,KH-CHI-01,Chicago,2026-09-05,walk-in,completed,2026-09-05 17:22
KB0004832,P-000895,KH-DAL-03,Dallas,2026-06-17,walk-in,completed,2026-06-17 10:26
KB0000901,P-000311,KH-DAL-02,Dallas,2026-04-15,walk-in,completed,2026-04-15 14:31
KB0006573,P-005225,KH-ATL-02,Atlanta,2026-07-14,online,completed,2026-07-14 13:47
KB0001623,P-000189,KH-DAL-03,Dallas,2026-04-27,at-home,completed,2026-04-27 12:51
KB0007488,P-000910,KH-DAL-02,Dallas,2026-07-29,at-home,completed,2026-07-29 12:00
KB0010944,P-001195,KH-DAL-03,Dallas,2026-09-20,walk-in,completed,2026-09-20 10:44
KB0008892,P-005661,KH-ATL-01,Atlanta,2026-08-19,walk-in,completed,2026-08-19 14:32
KB0009171,P-001529,KH-PHX-01,Phoenix,2026-08-24,walk-in,completed,2026-08-24 09:23
KB0006743,P-001251,KH-PHX-01,Phoenix,2026-07-17,walk-in,completed,2026-07-17 17:37
KB0007648,P-003616,KH-NYC-02,New York,2026-07-31,at-home,completed,2026-07-31 13:47
KB0001377,P-004462,KH-CHI-02,Chicago,2026-04-22,walk-in,completed,2026-04-22 08:18
KB0009219,P-000284,KH-DAL-02,Dallas,2026-08-25,walk-in,completed,2026-08-25 09:08
KB0009526,P-004725,KH-CHI-03,Chicago,2026-08-29,online,completed,2026-08-29 08:10
KB0002067,P-001049,KH-DAL-03,Dallas,2026-05-04,online,completed,2026-05-04 16:46
KB0001835,P-003869,KH-NYC-03,New York,2026-04-30,online,completed,2026-04-30 15:43
KB0011094,P-002314,KH-PHX-02,Phoenix,2026-09-22,,completed,2026-09-22 12:27
KB0009894,P-000130,KH-DAL-01,Dallas,2026-09-04,walk-in,completed,2026-09-04 19:15
KB0007918,P-005625,KH-ATL-02,Atlanta,2026-08-04,online,completed,2026-08-04 10:04
KB0011677,P-002507,KH-NYC-01,New York,2026-09-30,at-home,completed,2026-09-30 11:07
KB0008466,P-001646,KH-PHX-01,Phoenix,2026-08-13,at-home,completed,2026-08-13 10:42
KB0009357,P-000728,KH-DAL-03,Dallas,2026-08-27,at-home,completed,2026-08-27 10:18
KB0011021,P-001798,KH-PHX-01,Phoenix,2026-09-21,phone,completed,2026-09-21 14:43
KB0000315,P-002732,KH-NYC-02,New York,2026-04-05,walk-in,completed,2026-04-05 16:49
KB0001093,P-005150,KH-ATL-02,Atlanta,2026-04-17,walk-in,completed,2026-04-17 17:22
KB0009521,P-003563,KH-NYC-02,New York,2026-08-29,walk-in,completed,2026-08-29 12:35
KB0002690,P-000249,KH-DAL-03,Dallas,2026-05-14,walk-in,completed,2026-05-14 15:13
KB0010948,P-000747,KH-DAL-03,Dallas,2026-09-20,online,completed,2026-09-20 13:29
KB0003337,P-004887,KH-CHI-03,Chicago,2026-05-24,walk-in,completed,2026-05-24 18:15
KB0000135,P-006560,KH-PHI-02,Philadelphia,2026-04-02,walk-in,completed,2026-04-02 10:50
KB0003599,P-003992,KH-CHI-03,Chicago,2026-05-28,at-home,completed,2026-05-28 15:37
KB0000235,P-000513,KH-DAL-01,Dallas,2026-04-04,walk-in,completed,2026-04-04 11:58
KB0000942,P-004644,KH-CHI-03,Chicago,2026-04-15,online,completed,2026-04-15 17:13
KB0008546,P-003259,KH-NYC-03,New York,2026-08-14,walk-in,completed,2026-08-14 16:58
KB0010745,P-001429,KH-PHX-01,Phoenix,2026-09-17,at-home,cancelled,2026-09-17 18:56
KB0001213,P-000135,KH-DAL-03,Dallas,2026-04-20,online,completed,2026-04-20 08:38
KB0004682,P-006264,KH-PHI-02,Philadelphia,2026-06-14,phone,completed,2026-06-14 12:58
KB0000828,P-006519,KH-PHI-01,Philadelphia,2026-04-13,walk-in,completed,2026-04-13 11:57
KB0001267,P-006129,KH-PHI-02,Philadelphia,2026-04-20,walk-in,completed,2026-04-20 10:20
KB0009138,P-002956,KH-NYC-01,New York,2026-08-23,online,completed,2026-08-23 10:53
KB0003621,P-006410,KH-PHI-01,Philadelphia,2026-05-28,phone,completed,2026-05-28 10:23
KB0005917,P-001618,KH-PHX-02,Phoenix,2026-07-04,online,completed,2026-07-04 14:22
KB0005140,P-001191,KH-DAL-01,Dallas,2026-06-22,phone,completed,2026-06-22 08:42
KB0006514,P-006620,KH-PHI-01,Philadelphia,2026-07-13,phone,completed,2026-07-13 17:58
KB0011004,P-000156,KH-DAL-03,Dallas,2026-09-21,online,completed,2026-09-21 11:20
KB0008899,P-005503,KH-ATL-02,Atlanta,2026-08-19,at-home,completed,2026-08-19 13:16
KB0000348,P-001192,KH-DAL-01,Dallas,2026-04-06,walk-in,completed,2026-04-06 11:48
KB0006940,P-002035,KH-PHX-02,Phoenix,2026-07-20,phone,completed,2026-07-20 16:52
KB0010790,P-005343,KH-ATL-02,Atlanta,2026-09-17,walk-in,completed,2026-09-17 17:15
KB0000649,P-005227,KH-ATL-01,Atlanta,2026-04-10,walk-in,completed,2026-04-10 11:19
KB0009112,P-001013,KH-DAL-03,Dallas,2026-08-23,walk-in,completed,2026-08-23 19:50
KB0005214,P-002240,KH-PHX-01,Phoenix,2026-06-23,walk-in,cancelled,2026-06-23 09:55
KB0001487,P-003415,KH-NYC-01,New York,2026-04-24,online,completed,2026-04-24 17:21
KB0006730,P-001229,KH-DAL-03,Dallas,2026-07-17,at-home,completed,2026-07-17 19:31
KB0002394,P-000499,KH-DAL-01,Dallas,2026-05-09,phone,completed,2026-05-09 19:43
KB0000330,P-004139,KH-CHI-01,Chicago,2026-04-05,walk-in,completed,2026-04-05 18:53
KB0007425,P-000052,KH-DAL-02,Dallas,2026-07-28,walk-in,completed,2026-07-28 14:21
KB0001068,P-002896,KH-NYC-03,New York,2026-04-17,phone,completed,2026-04-17 13:37
KB0008282,P-003163,KH-NYC-01,New York,2026-08-10,walk-in,completed,2026-08-10 10:43
KB0009778,P-003733,KH-NYC-02,New York,2026-09-02,phone,completed,2026-09-02 18:29
KB0010313,P-004025,KH-CHI-01,Chicago,2026-09-10,walk-in,completed,2026-09-10 16:58
KB0007795,P-005534,KH-ATL-01,Atlanta,2026-08-02,walk-in,completed,2026-08-02 13:40
KB0005621,P-006108,KH-PHI-03,Philadelphia,2026-06-29,walk-in,completed,2026-06-29 08:04
KB0000667,P-000495,KH-DAL-03,Dallas,2026-04-11,walk-in,completed,2026-04-11 09:43
KB0008067,P-001129,KH-DAL-01,Dallas,2026-08-07,online,completed,2026-08-07 13:53
KB0002660,P-004877,KH-CHI-01,Chicago,2026-05-13,walk-in,completed,2026-05-13 14:35
KB0005882,P-005611,KH-ATL-01,Atlanta,2026-07-03,phone,completed,2026-07-03 12:49
KB0007707,P-002927,KH-NYC-02,New York,2026-08-01,phone,completed,2026-08-01 19:54
KB0010554,P-001840,KH-PHX-02,Phoenix,2026-09-14,at-home,completed,2026-09-14 15:59
KB0004808,P-005090,KH-ATL-01,Atlanta,2026-06-16,walk-in,completed,2026-06-16 17:50
KB0004585,P-000077,KH-DAL-02,Dallas,2026-06-13,walk-in,completed,2026-06-13 12:11
KB0007441,P-001660,KH-PHX-03,Phoenix,2026-07-28,online,completed,2026-07-28 19:10
KB0008676,P-003262,KH-NYC-03,New York,2026-08-16,walk-in,completed,2026-08-16 15:24
KB0003562,P-001051,KH-DAL-03,Dallas,2026-05-28,online,completed,2026-05-28 13:44
KB0008351,P-003009,KH-NYC-03,New York,2026-08-11,walk-in,completed,2026-08-11 17:01
KB0001554,P-003488,KH-NYC-01,New York,2026-04-25,,completed,2026-04-25 19:09
KB0001652,P-004014,KH-CHI-02,Chicago,2026-04-27,online,completed,2026-04-27 16:02
KB0006638,P-005150,KH-ATL-01,Atlanta,2026-07-15,walk-in,completed,2026-07-15 13:05
KB0003547,P-000500,KH-DAL-02,Dallas,2026-05-28,walk-in,completed,2026-05-28 19:02
KB0009032,P-004243,KH-CHI-01,Chicago,2026-08-21,walk-in,completed,2026-08-21 15:23
KB0008705,P-001071,KH-DAL-02,Dallas,2026-08-17,online,completed,2026-08-17 15:47
KB0008070,P-000792,KH-DAL-01,Dallas,2026-08-07,at-home,completed,2026-08-07 12:28
KB0008444,P-000917,KH-DAL-03,Dallas,2026-08-13,walk-in,completed,2026-08-13 19:45
KB0002630,P-001166,KH-DAL-03,Dallas,2026-05-13,,completed,2026-05-13 09:01
KB0008317,P-000808,KH-DAL-03,Dallas,2026-08-11,online,completed,2026-08-11 13:55
KB0007138,P-001510,KH-PHX-02,Phoenix,2026-07-23,walk-in,completed,2026-07-23 09:31
KB0008548,P-002926,KH-NYC-02,New York,2026-08-14,walk-in,completed,2026-08-14 16:49
KB0007234,P-004728,KH-CHI-03,Chicago,2026-07-24,walk-in,completed,2026-07-24 17:16
KB0007499,P-000127,KH-DAL-03,Dallas,2026-07-29,online,completed,2026-07-29 18:57
KB0010715,P-006590,KH-PHI-03,Philadelphia,2026-09-16,online,completed,2026-09-16 19:10
KB0002736,P-005426,KH-ATL-02,Atlanta,2026-05-14,online,completed,2026-05-14 12:48
KB0011009,P-002035,KH-PHX-03,Phoenix,2026-09-21,walk-in,completed,2026-09-21 17:06
KB0001713,P-003850,KH-NYC-03,New York,2026-04-28,walk-in,completed,2026-04-28 14:47
KB0000731,P-000692,KH-DAL-03,Dallas,2026-04-12,at-home,completed,2026-04-12 12:25
KB0007822,P-001790,KH-PHX-01,Phoenix,2026-08-03,phone,completed,2026-08-03 11:33
KB0008976,P-006540,KH-PHI-01,Philadelphia,2026-08-20,online,completed,2026-08-20 16:08
KB0005238,P-003957,KH-CHI-02,Chicago,2026-06-23,walk-in,completed,2026-06-23 19:42
KB0003858,P-005575,KH-ATL-02,Atlanta,2026-06-01,online,completed,2026-06-01 19:57
KB0000258,P-002879,KH-NYC-01,New York,2026-04-04,phone,completed,2026-04-04 08:41
KB0009911,P-002430,KH-PHX-02,Phoenix,2026-09-04,walk-in,completed,2026-09-04 16:24
KB0009222,P-000943,KH-DAL-03,Dallas,2026-08-25,phone,completed,2026-08-25 17:50
KB0003716,P-002853,KH-NYC-01,New York,2026-05-30,online,completed,2026-05-30 12:40
KB0010366,P-001575,KH-PHX-01,Phoenix,2026-09-11,walk-in,completed,2026-09-11 21:45
KB0002543,P-004650,KH-CHI-02,Chicago,2026-05-11,online,completed,2026-05-11 19:42
KB0001321,P-005573,KH-ATL-02,Atlanta,2026-04-21,walk-in,completed,2026-04-21 17:26
KB0004881,P-006416,KH-PHI-02,Philadelphia,2026-06-17,phone,completed,2026-06-17 12:30
KB0001374,P-004712,KH-CHI-02,Chicago,2026-04-22,walk-in,completed,2026-04-22 09:25
KB0006531,P-002217,KH-PHX-03,Phoenix,2026-07-14,walk-in,completed,2026-07-14 13:58
KB0004087,P-001581,KH-PHX-03,Phoenix,2026-06-05,walk-in,completed,2026-06-05 16:04
KB0007906,P-003127,KH-NYC-02,New York,2026-08-04,at-home,completed,2026-08-04 10:45
KB0007588,P-002882,KH-NYC-03,New York,2026-07-30,at-home,completed,2026-07-30 08:49
KB0004421,P-005410,KH-ATL-02,Atlanta,2026-06-10,online,completed,2026-06-10 13:21
KB0011538,P-005089,KH-ATL-01,Atlanta,2026-09-28,walk-in,completed,2026-09-28 10:41
KB0006399,P-006253,KH-PHI-01,Philadelphia,2026-07-11,walk-in,completed,2026-07-11 14:22
KB0009701,P-001774,KH-PHX-03,Phoenix,2026-09-01,walk-in,completed,2026-09-01 16:16
KB0006072,P-001139,KH-DAL-01,Dallas,2026-07-07,walk-in,completed,2026-07-07 11:47
KB0002026,P-002475,KH-NYC-02,New York,2026-05-03,walk-in,completed,2026-05-03 08:16
KB0006161,P-001800,KH-PHX-01,Phoenix,2026-07-08,at-home,completed,2026-07-08 11:09
KB0007802,P-000396,KH-DAL-02,Dallas,2026-08-03,walk-in,completed,2026-08-03 15:50
KB0008227,P-004945,KH-CHI-02,Chicago,2026-08-09,walk-in,completed,2026-08-09 15:48
KB0010407,P-006101,KH-PHI-01,Philadelphia,2026-09-11,walk-in,completed,2026-09-11 12:43
KB0006959,P-004154,KH-CHI-03,Chicago,2026-07-20,walk-in,completed,2026-07-20 15:39
KB0003111,P-005865,KH-PHI-01,Philadelphia,2026-05-20,online,completed,2026-05-20 11:49
KB0004252,P-002349,KH-PHX-02,Phoenix,2026-06-08,online,completed,2026-06-08 19:28
KB0002788,P-002989,KH-NYC-01,New York,2026-05-15,walk-in,completed,2026-05-15 10:03
KB0000780,P-000030,KH-DAL-03,Dallas,2026-04-13,walk-in,completed,2026-04-13 15:43
KB0003907,P-004678,KH-CHI-03,Chicago,2026-06-02,walk-in,completed,2026-06-02 17:20
KB0009264,P-004449,KH-CHI-01,Chicago,2026-08-25,walk-in,completed,2026-08-25 11:58
KB0008664,P-001702,KH-PHX-01,Phoenix,2026-08-16,at-home,completed,2026-08-16 12:31
KB0003572,P-001685,KH-PHX-02,Phoenix,2026-05-28,phone,completed,2026-05-28 13:23
KB0002564,P-001074,KH-DAL-03,Dallas,2026-05-12,walk-in,completed,2026-05-12 11:57
KB0004864,P-004761,KH-CHI-01,Chicago,2026-06-17,phone,completed,2026-06-17 08:40
KB0004101,P-003869,KH-NYC-01,New York,2026-06-05,online,completed,2026-06-05 15:43
KB0007522,P-002913,KH-NYC-01,New York,2026-07-29,walk-in,completed,2026-07-29 14:08
KB0002224,P-001870,KH-PHX-01,Phoenix,2026-05-06,online,completed,2026-05-06 08:16
KB0010271,P-006661,KH-PHI-01,Philadelphia,2026-09-09,walk-in,completed,2026-09-09 12:37
KB0002675,P-005413,KH-ATL-01,Atlanta,2026-05-13,walk-in,completed,2026-05-13 19:04
KB0001845,P-004442,KH-CHI-01,Chicago,2026-04-30,walk-in,completed,2026-04-30 12:23
KB0001458,P-001027,KH-DAL-01,Dallas,2026-04-24,online,completed,2026-04-24 10:38
KB0002061,P-000955,KH-DAL-01,Dallas,2026-05-04,walk-in,cancelled,2026-05-04 09:13
KB0005190,P-006005,KH-PHI-03,Philadelphia,2026-06-22,walk-in,completed,2026-06-22 17:27
KB0009945,P-006654,KH-PHI-02,Philadelphia,2026-09-04,walk-in,completed,2026-09-04 16:04
KB0000743,P-002184,KH-PHX-03,Phoenix,2026-04-12,online,completed,2026-04-12 08:39
KB0008665,P-001991,KH-PHX-01,Phoenix,2026-08-16,phone,completed,2026-08-16 15:19
KB0000478,P-001261,KH-PHX-01,Phoenix,2026-04-08,online,completed,2026-04-08 19:31
KB0008472,P-002978,KH-NYC-01,New York,2026-08-13,walk-in,completed,2026-08-13 14:10
KB0000459,P-006081,KH-PHI-01,Philadelphia,2026-04-07,walk-in,completed,2026-04-07 15:00
KB0006676,P-002176,KH-PHX-02,Phoenix,2026-07-16,walk-in,completed,2026-07-16 12:21
KB0000517,P-005312,KH-ATL-02,Atlanta,2026-04-08,phone,completed,2026-04-08 08:23
KB0004332,P-002900,KH-NYC-03,New York,2026-06-09,walk-in,completed,2026-06-09 09:27
KB0009717,P-003834,KH-NYC-01,New York,2026-09-01,online,completed,2026-09-01 18:29
KB0004277,P-003089,KH-NYC-02,New York,2026-06-08,walk-in,completed,2026-06-08 14:51
KB0009874,P-006515,KH-PHI-01,Philadelphia,2026-09-03,walk-in,completed,2026-09-03 11:30
KB0000733,P-000745,KH-DAL-03,Dallas,2026-04-12,online,completed,2026-04-12 15:04
KB0007357,P-006390,KH-PHI-01,Philadelphia,2026-07-26,walk-in,completed,2026-07-26 10:46
KB0005448,P-006479,KH-PHI-03,Philadelphia,2026-06-26,online,completed,2026-06-26 14:04
KB0008262,P-001428,KH-PHX-01,Phoenix,2026-08-10,walk-in,completed,2026-08-10 15:38
KB0011363,P-000649,KH-DAL-02,Dallas,2026-09-26,online,completed,2026-09-26 12:03
KB0004272,P-003701,KH-NYC-01,New York,2026-06-08,phone,completed,2026-06-08 14:12
KB0004723,P-004435,KH-CHI-03,Chicago,2026-06-15,walk-in,completed,2026-06-15 18:29
KB0010118,P-004086,KH-CHI-01,Chicago,2026-09-07,phone,completed,2026-09-07 10:16
KB0010909,P-003850,KH-NYC-03,New York,2026-09-19,online,completed,2026-09-19 09:56
KB0005090,P-000103,KH-DAL-03,Dallas,2026-06-21,walk-in,cancelled,2026-06-21 14:42
KB0002820,P-001096,KH-DAL-02,Dallas,2026-05-16,at-home,completed,2026-05-16 14:51
KB0000767,P-006352,KH-PHI-03,Philadelphia,2026-04-12,at-home,completed,2026-04-12 10:58
KB0002835,P-002422,KH-PHX-02,Phoenix,2026-05-16,online,completed,2026-05-16 15:48
KB0002902,P-002039,KH-PHX-02,Phoenix,2026-05-17,walk-in,completed,2026-05-17 09:34
KB0007068,P-001422,KH-PHX-02,Phoenix,2026-07-22,online,completed,2026-07-22 19:11
KB0003888,P-001694,KH-PHX-02,Phoenix,2026-06-02,walk-in,completed,2026-06-02 17:12
KB0010204,P-001142,KH-DAL-03,Dallas,2026-09-09,,completed,2026-09-09 10:50
KB0009655,P-004615,KH-CHI-03,Chicago,2026-08-31,online,completed,2026-08-31 10:20
KB0001468,P-000393,KH-DAL-01,Dallas,2026-04-24,walk-in,completed,2026-04-24 18:29
KB0008344,P-002916,KH-NYC-03,New York,2026-08-11,walk-in,completed,2026-08-11 17:42
KB0000879,P-004126,KH-CHI-01,Chicago,2026-04-14,at-home,completed,2026-04-14 12:12
KB0006312,P-004255,KH-CHI-03,Chicago,2026-07-10,online,completed,2026-07-10 08:29
KB0006527,P-000790,KH-DAL-03,Dallas,2026-07-14,phone,completed,2026-07-14 10:02
KB0008493,P-004515,KH-CHI-02,Chicago,2026-08-13,walk-in,completed,2026-08-13 10:59
KB0009425,P-000193,KH-DAL-02,Dallas,2026-08-28,walk-in,completed,2026-08-28 15:27
KB0007551,P-006052,KH-PHI-01,Philadelphia,2026-07-29,online,completed,2026-07-29 12:02
KB0002517,P-001507,KH-PHX-01,Phoenix,2026-05-11,walk-in,completed,2026-05-11 14:36
KB0003231,P-005109,KH-ATL-02,Atlanta,2026-05-22,at-home,completed,2026-05-22 18:38
KB0005854,P-002904,KH-NYC-01,New York,2026-07-03,online,completed,2026-07-03 18:52
KB0009942,P-005255,KH-ATL-02,Atlanta,2026-09-04,phone,completed,2026-09-04 18:01
KB0010079,P-000027,KH-DAL-01,Dallas,2026-09-07,phone,completed,2026-09-07 17:26
KB0006763,P-003887,KH-NYC-02,New York,2026-07-17,walk-in,completed,2026-07-17 14:31
KB0002975,P-004709,KH-CHI-03,Chicago,2026-05-18,online,completed,2026-05-18 09:32
KB0006426,P-003662,KH-NYC-02,New York,2026-07-12,online,completed,2026-07-12 11:12
KB0008532,P-001358,KH-PHX-02,Phoenix,2026-08-14,online,completed,2026-08-14 15:08
KB0003319,P-000202,KH-DAL-01,Dallas,2026-05-24,online,completed,2026-05-24 17:06
KB0003973,P-003946,KH-NYC-03,New York,2026-06-03,online,completed,2026-06-03 19:08
KB0007982,P-006068,KH-PHI-03,Philadelphia,2026-08-05,at-home,completed,2026-08-05 11:12
KB0005980,P-004632,KH-CHI-03,Chicago,2026-07-05,online,completed,2026-07-05 10:02
KB0005730,P-004946,KH-CHI-02,Chicago,2026-07-01,walk-in,completed,2026-07-01 18:53
KB0001393,P-005978,KH-PHI-01,Philadelphia,2026-04-22,online,completed,2026-04-22 11:38
KB0007222,P-002561,KH-NYC-02,New York,2026-07-24,walk-in,completed,2026-07-24 15:01
KB0001519,P-001032,KH-DAL-02,Dallas,2026-04-25,walk-in,completed,2026-04-25 16:31
KB0003491,P-001179,KH-DAL-01,Dallas,2026-05-27,online,completed,2026-05-27 13:59
KB0004360,P-005654,KH-ATL-02,Atlanta,2026-06-09,walk-in,completed,2026-06-09 18:35
KB0002613,P-005667,KH-ATL-02,Atlanta,2026-05-12,walk-in,completed,2026-05-12 10:57
KB0001684,P-000460,KH-DAL-02,Dallas,2026-04-28,at-home,completed,2026-04-28 09:31
KB0010266,P-005250,KH-ATL-02,Atlanta,2026-09-09,at-home,completed,2026-09-09 17:55
KB0005296,P-003760,KH-NYC-03,New York,2026-06-24,online,completed,2026-06-24 17:31
KB0007660,P-005673,KH-ATL-02,Atlanta,2026-07-31,walk-in,completed,2026-07-31 14:52
KB0010110,P-003535,KH-NYC-01,New York,2026-09-07,walk-in,completed,2026-09-07 12:36
KB0008856,P-001850,KH-PHX-02,Phoenix,2026-08-19,online,completed,2026-08-19 14:49
KB0004123,P-005617,KH-ATL-02,Atlanta,2026-06-05,online,completed,2026-06-05 10:52
KB0000825,P-005089,KH-ATL-02,Atlanta,2026-04-13,walk-in,completed,2026-04-13 12:59
KB0001024,P-005480,KH-ATL-01,Atlanta,2026-04-16,walk-in,completed,2026-04-16 10:44
KB0007996,P-000685,KH-DAL-02,Dallas,2026-08-06,walk-in,completed,2026-08-06 09:33
KB0008343,P-002852,KH-NYC-02,New York,2026-08-11,phone,completed,2026-08-11 12:51
KB0011495,P-002264,KH-PHX-02,Phoenix,2026-09-28,walk-in,cancelled,2026-09-28 16:04
KB0010867,P-000731,KH-DAL-02,Dallas,2026-09-19,walk-in,completed,2026-09-19 16:53
KB0004198,P-000323,KH-DAL-03,Dallas,2026-06-07,walk-in,completed,2026-06-07 10:06
KB0009182,P-001251,KH-PHX-02,Phoenix,2026-08-24,phone,completed,2026-08-24 10:53
KB0003132,P-001539,KH-PHX-03,Phoenix,2026-05-21,online,completed,2026-05-21 14:20
KB0005735,P-004265,KH-CHI-02,Chicago,2026-07-01,walk-in,completed,2026-07-01 16:08
KB0004563,P-005244,KH-ATL-02,Atlanta,2026-06-12,phone,completed,2026-06-12 08:43
KB0006356,P-001732,KH-PHX-02,Phoenix,2026-07-11,walk-in,cancelled,2026-07-11 10:44
KB0011393,P-002166,KH-PHX-01,Phoenix,2026-09-26,walk-in,cancelled,2026-09-26 18:53
KB0001593,P-002231,KH-PHX-02,Phoenix,2026-04-26,walk-in,completed,2026-04-26 17:48
KB0004155,P-001833,KH-PHX-01,Phoenix,2026-06-06,online,completed,2026-06-06 12:36
KB0000771,P-000890,KH-DAL-03,Dallas,2026-04-13,online,completed,2026-04-13 14:17
KB0002231,P-003713,KH-NYC-02,New York,2026-05-06,at-home,completed,2026-05-06 10:04
KB0009320,P-003009,KH-NYC-02,New York,2026-08-26,walk-in,completed,2026-08-26 12:02
KB0008721,P-002374,KH-PHX-01,Phoenix,2026-08-17,phone,completed,2026-08-17 18:57
KB0005520,P-000956,KH-DAL-01,Dallas,2026-06-28,walk-in,completed,2026-06-28 08:39
KB0003856,P-005605,KH-ATL-01,Atlanta,2026-06-01,walk-in,completed,2026-06-01 11:00
KB0001088,P-003962,KH-CHI-03,Chicago,2026-04-17,walk-in,completed,2026-04-17 11:31
KB0008162,P-004608,KH-CHI-01,Chicago,2026-08-08,walk-in,completed,2026-08-08 13:24
KB0007246,P-005762,KH-PHI-01,Philadelphia,2026-07-24,phone,completed,2026-07-24 11:38
KB0005269,P-000642,KH-DAL-01,Dallas,2026-06-24,online,completed,2026-06-24 09:52
KB0002238,P-004463,KH-CHI-01,Chicago,2026-05-06,online,completed,2026-05-06 08:35
KB0004554,P-005641,KH-ATL-01,Atlanta,2026-06-12,walk-in,completed,2026-06-12 18:14
KB0005119,P-004911,KH-CHI-01,Chicago,2026-06-21,at-home,completed,2026-06-21 12:51
KB0000717,P-005210,KH-ATL-02,Atlanta,2026-04-11,walk-in,completed,2026-04-11 18:03
KB0008645,P-006052,KH-PHI-03,Philadelphia,2026-08-15,online,completed,2026-08-15 10:10
KB0010406,P-006154,KH-PHI-01,Philadelphia,2026-09-11,walk-in,completed,2026-09-11 15:24
KB0005587,P-002163,KH-PHX-02,Phoenix,2026-06-29,walk-in,completed,2026-06-29 15:33
KB0001233,P-001523,KH-PHX-03,Phoenix,2026-04-20,online,completed,2026-04-20 09:24
KB0008112,P-005070,KH-ATL-02,Atlanta,2026-08-07,at-home,completed,2026-08-07 19:25
KB0002369,P-005314,KH-ATL-02,Atlanta,2026-05-08,walk-in,completed,2026-05-08 16:24
KB0001237,P-002114,KH-PHX-01,Phoenix,2026-04-20,walk-in,completed,2026-04-20 10:32
KB0004382,P-000243,KH-DAL-03,Dallas,2026-06-10,walk-in,completed,2026-06-10 19:53
KB0001143,P-003993,KH-CHI-02,Chicago,2026-04-18,online,completed,2026-04-18 15:51
KB0002770,P-001798,KH-PHX-02,Phoenix,2026-05-15,walk-in,completed,2026-05-15 09:51
KB0005815,P-005072,KH-ATL-02,Atlanta,2026-07-02,walk-in,completed,2026-07-02 19:21
KB0011539,P-005134,KH-ATL-02,Atlanta,2026-09-28,walk-in,completed,2026-09-28 10:52
KB0004420,P-005049,KH-ATL-01,Atlanta,2026-06-10,phone,completed,2026-06-10 11:50
KB0007102,P-005395,KH-ATL-01,Atlanta,2026-07-22,walk-in,completed,2026-07-22 10:47
KB0008894,P-005712,KH-ATL-03,Atlanta,2026-08-19,online,completed,2026-08-19 19:23
KB0002125,P-005909,KH-PHI-03,Philadelphia,2026-05-04,at-home,completed,2026-05-04 10:01
KB0006787,P-006596,KH-PHI-02,Philadelphia,2026-07-17,walk-in,completed,2026-07-17 15:17
KB0010095,P-002258,KH-PHX-01,Phoenix,2026-09-07,online,completed,2026-09-07 17:53
KB0008030,P-002855,KH-NYC-03,New York,2026-08-06,at-home,completed,2026-08-06 17:41
KB0005840,P-001911,KH-PHX-02,Phoenix,2026-07-03,walk-in,completed,2026-07-03 15:45
KB0008411,P-003287,KH-NYC-03,New York,2026-08-12,online,completed,2026-08-12 11:19
KB0007334,P-000066,KH-DAL-03,Dallas,2026-07-26,walk-in,completed,2026-07-26 12:52
KB0011249,P-003692,KH-NYC-03,New York,2026-09-24,at-home,cancelled,2026-09-24 14:51
KB0007785,P-005474,KH-ATL-02,Atlanta,2026-08-02,walk-in,completed,2026-08-02 14:59
KB0007255,P-006021,KH-PHI-02,Philadelphia,2026-07-24,walk-in,completed,2026-07-24 11:51
KB0002906,P-002469,KH-NYC-02,New York,2026-05-17,walk-in,completed,2026-05-17 19:12
KB0003021,P-002177,KH-PHX-03,Phoenix,2026-05-19,walk-in,completed,2026-05-19 09:16
KB0009196,P-004857,KH-CHI-01,Chicago,2026-08-24,walk-in,completed,2026-08-24 14:36
KB0008578,P-000945,KH-DAL-01,Dallas,2026-08-15,walk-in,completed,2026-08-15 12:52
KB0010035,P-001751,KH-PHX-02,Phoenix,2026-09-06,walk-in,completed,2026-09-06 09:19
KB0007178,P-005011,KH-ATL-02,Atlanta,2026-07-23,,completed,2026-07-23 12:52
KB0004106,P-002707,KH-NYC-03,New York,2026-06-05,walk-in,completed,2026-06-05 15:50
KB0009650,P-003958,KH-CHI-02,Chicago,2026-08-31,online,completed,2026-08-31 19:22
KB0007958,P-003849,KH-NYC-01,New York,2026-08-05,at-home,completed,2026-08-05 15:52
KB0000928,P-001597,KH-PHX-03,Phoenix,2026-04-15,phone,completed,2026-04-15 13:50
KB0000395,P-005725,KH-ATL-01,Atlanta,2026-04-06,walk-in,completed,2026-04-06 12:53
KB0009614,P-000397,KH-DAL-02,Dallas,2026-08-31,online,completed,2026-08-31 13:52
KB0003895,P-002964,KH-NYC-02,New York,2026-06-02,online,completed,2026-06-02 17:38
KB0005280,P-001881,KH-PHX-02,Phoenix,2026-06-24,phone,completed,2026-06-24 12:50
KB0000048,P-004027,KH-CHI-03,Chicago,2026-04-01,phone,completed,2026-04-01 14:23
KB0002942,P-000378,KH-DAL-02,Dallas,2026-05-18,online,completed,2026-05-18 09:17
KB0008349,P-003431,KH-NYC-02,New York,2026-08-11,phone,completed,2026-08-11 09:19
KB0006093,P-001766,KH-PHX-03,Phoenix,2026-07-07,online,completed,2026-07-07 14:09
KB0009378,P-003915,KH-NYC-01,New York,2026-08-27,at-home,completed,2026-08-27 13:54
KB0007227,P-002515,KH-NYC-02,New York,2026-07-24,walk-in,completed,2026-07-24 19:51
KB0008420,P-004916,KH-CHI-02,Chicago,2026-08-12,walk-in,completed,2026-08-12 14:04
KB0003813,P-001306,KH-PHX-03,Phoenix,2026-06-01,walk-in,completed,2026-06-01 12:22
KB0001524,P-000288,KH-DAL-01,Dallas,2026-04-25,walk-in,completed,2026-04-25 19:04
KB0009009,P-001325,KH-PHX-01,Phoenix,2026-08-21,walk-in,completed,2026-08-21 14:17
KB0007136,P-002105,KH-PHX-02,Phoenix,2026-07-23,online,completed,2026-07-23 11:41
KB0011346,P-005235,KH-ATL-02,Atlanta,2026-09-25,walk-in,completed,2026-09-25 18:01
KB0001236,P-002180,KH-PHX-03,Phoenix,2026-04-20,online,completed,2026-04-20 13:08
KB0002078,P-001439,KH-PHX-02,Phoenix,2026-05-04,walk-in,completed,2026-05-04 14:49
KB0002119,P-005378,KH-ATL-02,Atlanta,2026-05-04,walk-in,completed,2026-05-04 10:12
KB0005130,P-005997,KH-PHI-02,Philadelphia,2026-06-21,at-home,completed,2026-06-21 08:34
KB0003293,P-005534,KH-ATL-02,Atlanta,2026-05-23,walk-in,completed,2026-05-23 11:00
KB0007010,P-002507,KH-NYC-03,New York,2026-07-21,at-home,completed,2026-07-21 12:36
KB0001580,P-000275,KH-DAL-02,Dallas,2026-04-26,online,completed,2026-04-26 16:47
KB0004113,P-004091,KH-CHI-03,Chicago,2026-06-05,walk-in,completed,2026-06-05 17:09
KB0006910,P-005891,KH-PHI-01,Philadelphia,2026-07-19,online,completed,2026-07-19 09:25
KB0004920,P-002511,KH-NYC-01,New York,2026-06-18,walk-in,completed,2026-06-18 11:26
KB0004238,P-000597,KH-DAL-01,Dallas,2026-06-08,phone,completed,2026-06-08 12:56
KB0010355,P-000282,KH-DAL-01,Dallas,2026-09-11,walk-in,completed,2026-09-11 19:28
KB0002743,P-006541,KH-PHI-02,Philadelphia,2026-05-14,walk-in,completed,2026-05-14 17:54
KB0010167,P-001301,KH-PHX-01,Phoenix,2026-09-08,online,completed,2026-09-08 14:04
KB0001057,P-001424,KH-PHX-01,Phoenix,2026-04-17,online,completed,2026-04-17 12:37
KB0008337,P-001363,KH-PHX-03,Phoenix,2026-08-11,walk-in,completed,2026-08-11 17:45
KB0011546,P-001227,KH-DAL-01,Dallas,2026-09-29,online,completed,2026-09-29 08:36
KB0010379,P-003483,KH-NYC-01,New York,2026-09-11,walk-in,completed,2026-09-11 09:03
KB0010836,P-003566,KH-NYC-02,New York,2026-09-18,walk-in,completed,2026-09-18 16:55
KB0001064,P-002413,KH-PHX-03,Phoenix,2026-04-17,walk-in,completed,2026-04-17 08:47
KB0010424,P-000145,KH-DAL-01,Dallas,2026-09-12,walk-in,completed,2026-09-12 09:43
KB0006229,P-001270,KH-PHX-01,Phoenix,2026-07-09,walk-in,completed,2026-07-09 10:24
KB0007483,P-006441,KH-PHI-03,Philadelphia,2026-07-28,phone,completed,2026-07-28 09:40
KB0006536,P-002158,KH-PHX-02,Phoenix,2026-07-14,online,completed,2026-07-14 18:42
KB0000647,P-005198,KH-ATL-02,Atlanta,2026-04-10,online,completed,2026-04-10 08:16
KB0004670,P-004784,KH-CHI-01,Chicago,2026-06-14,walk-in,completed,2026-06-14 18:38
KB0005018,P-001085,KH-DAL-03,Dallas,2026-06-20,at-home,completed,2026-06-20 15:32
KB0010536,P-000666,KH-DAL-03,Dallas,2026-09-14,online,completed,2026-09-14 09:31
KB0007760,P-001751,KH-PHX-01,Phoenix,2026-08-02,phone,completed,2026-08-02 14:55
KB0007341,P-001485,KH-PHX-02,Phoenix,2026-07-26,phone,completed,2026-07-26 16:13
KB0006468,P-001680,KH-PHX-01,Phoenix,2026-07-13,walk-in,completed,2026-07-13 14:22
KB0006906,P-005928,KH-PHI-02,Philadelphia,2026-07-19,phone,completed,2026-07-19 11:56
KB0003114,P-006344,KH-PHI-03,Philadelphia,2026-05-20,phone,completed,2026-05-20 16:43
KB0004374,P-000617,KH-DAL-03,Dallas,2026-06-10,online,completed,2026-06-10 09:17
KB0010004,P-005087,KH-ATL-01,Atlanta,2026-09-05,walk-in,completed,2026-09-05 17:30
KB0005355,P-002670,KH-NYC-03,New York,2026-06-25,online,completed,2026-06-25 08:28
KB0009631,P-001635,KH-PHX-02,Phoenix,2026-08-31,walk-in,completed,2026-08-31 19:41
KB0006376,P-003036,KH-NYC-02,New York,2026-07-11,online,completed,2026-07-11 13:45
KB0004800,P-004456,KH-CHI-01,Chicago,2026-06-16,walk-in,completed,2026-06-16 16:08
KB0003889,P-001692,KH-PHX-01,Phoenix,2026-06-02,online,completed,2026-06-02 08:51
KB0000120,P-004578,KH-CHI-02,Chicago,2026-04-02,online,cancelled,2026-04-02 12:41
KB0008161,P-003053,KH-NYC-01,New York,2026-08-08,at-home,completed,2026-08-08 08:38
KB0011652,P-001676,KH-PHX-02,Phoenix,2026-09-30,at-home,completed,2026-09-30 10:41
KB0009913,P-002912,KH-NYC-02,New York,2026-09-04,walk-in,completed,2026-09-04 10:50
KB0006957,P-004816,KH-CHI-02,Chicago,2026-07-20,walk-in,completed,2026-07-20 17:21
KB0005909,P-002305,KH-PHX-03,Phoenix,2026-07-04,phone,completed,2026-07-04 18:15
KB0011032,P-003781,KH-NYC-02,New York,2026-09-21,walk-in,completed,2026-09-21 16:06
KB0003062,P-000507,KH-DAL-01,Dallas,2026-05-20,online,completed,2026-05-20 12:50
KB0003883,P-001991,KH-PHX-03,Phoenix,2026-06-02,phone,completed,2026-06-02 14:11
KB0006870,P-001147,KH-DAL-03,Dallas,2026-07-19,at-home,completed,2026-07-19 19:52
KB0011369,P-001227,KH-DAL-01,Dallas,2026-09-26,online,completed,2026-09-26 12:16
KB0010458,P-003189,KH-NYC-03,New York,2026-09-12,at-home,completed,2026-09-12 13:33
KB0003033,P-002944,KH-NYC-02,New York,2026-05-19,online,completed,2026-05-19 14:36
KB0007135,P-001676,KH-PHX-02,Phoenix,2026-07-23,walk-in,completed,2026-07-23 12:30
KB0003997,P-006506,KH-PHI-03,Philadelphia,2026-06-03,online,completed,2026-06-03 15:24
KB0009886,P-000598,KH-DAL-01,Dallas,2026-09-04,phone,completed,2026-09-04 18:29
KB0007198,P-000423,KH-DAL-03,Dallas,2026-07-24,walk-in,completed,2026-07-24 12:19
KB0002807,P-005253,KH-ATL-02,Atlanta,2026-05-15,online,completed,2026-05-15 15:50
KB0003178,P-000578,KH-DAL-03,Dallas,2026-05-22,walk-in,completed,2026-05-22 11:02
KB0008382,P-000010,KH-DAL-02,Dallas,2026-08-12,walk-in,completed,2026-08-12 17:33
KB0007950,P-002038,KH-PHX-01,Phoenix,2026-08-05,at-home,completed,2026-08-05 13:33
KB0001379,P-005643,KH-ATL-02,Atlanta,2026-04-22,walk-in,completed,2026-04-22 18:06
KB0006703,P-004323,KH-CHI-01,Chicago,2026-07-16,online,completed,2026-07-16 18:43
KB0008486,P-004658,KH-CHI-02,Chicago,2026-08-13,at-home,completed,2026-08-13 16:01
KB0001772,P-003392,KH-NYC-01,New York,2026-04-29,online,cancelled,2026-04-29 16:19
KB0006069,P-000378,KH-DAL-03,Dallas,2026-07-07,online,completed,2026-07-07 14:33
KB0003297,P-005536,KH-ATL-02,Atlanta,2026-05-23,at-home,completed,2026-05-23 16:25
KB0003278,P-004866,KH-CHI-03,Chicago,2026-05-23,online,completed,2026-05-23 16:05
KB0009626,P-001736,KH-PHX-02,Phoenix,2026-08-31,walk-in,completed,2026-08-31 12:25
KB0002801,P-004964,KH-ATL-02,Atlanta,2026-05-15,online,completed,2026-05-15 14:51
KB0005627,P-006114,KH-PHI-02,Philadelphia,2026-06-29,walk-in,completed,2026-06-29 11:59
KB0007470,P-005200,KH-ATL-01,Atlanta,2026-07-28,at-home,completed,2026-07-28 16:23
KB0002698,P-000497,KH-DAL-01,Dallas,2026-05-14,online,completed,2026-05-14 10:44
KB0008656,P-000949,KH-DAL-01,Dallas,2026-08-16,walk-in,completed,2026-08-16 14:58
KB0009682,P-000340,KH-DAL-03,Dallas,2026-09-01,online,completed,2026-09-01 16:09
KB0003386,P-003053,KH-NYC-02,New York,2026-05-25,walk-in,completed,2026-05-25 19:45
KB0007987,P-005890,KH-PHI-03,Philadelphia,2026-08-05,walk-in,completed,2026-08-05 16:39
KB0006080,P-000260,KH-DAL-02,Dallas,2026-07-07,online,completed,2026-07-07 19:46
KB0002392,P-001239,KH-DAL-02,Dallas,2026-05-09,walk-in,completed,2026-05-09 17:21
KB0009891,P-000849,KH-DAL-01,Dallas,2026-09-04,walk-in,completed,2026-09-04 13:02
KB0007577,P-002032,KH-PHX-03,Phoenix,2026-07-30,at-home,completed,2026-07-30 16:36
KB0002773,P-001681,KH-PHX-02,Phoenix,2026-05-15,online,completed,2026-05-15 17:40
KB0005145,P-002177,KH-PHX-01,Phoenix,2026-06-22,walk-in,completed,2026-06-22 11:06
KB0005209,P-000390,KH-DAL-03,Dallas,2026-06-23,online,completed,2026-06-23 09:08
KB0007210,P-001920,KH-PHX-01,Phoenix,2026-07-24,walk-in,completed,2026-07-24 10:32
KB0001625,P-000686,KH-DAL-03,Dallas,2026-04-27,phone,completed,2026-04-27 11:57
KB0001072,P-002900,KH-NYC-02,New York,2026-04-17,walk-in,completed,2026-04-17 13:45
KB0010482,P-001145,KH-DAL-01,Dallas,2026-09-13,walk-in,completed,2026-09-13 15:06
KB0007209,P-001275,KH-PHX-02,Phoenix,2026-07-24,at-home,completed,2026-07-24 10:31
KB0002750,P-000014,KH-DAL-02,Dallas,2026-05-15,walk-in,completed,2026-05-15 19:25
KB0004062,P-005978,KH-PHI-03,Philadelphia,2026-06-04,online,completed,2026-06-04 13:42
KB0007459,P-003102,KH-NYC-02,New York,2026-07-28,phone,completed,2026-07-28 14:54
KB0007737,P-005612,KH-ATL-01,Atlanta,2026-08-01,at-home,completed,2026-08-01 19:09
KB0001704,P-002382,KH-PHX-03,Phoenix,2026-04-28,online,completed,2026-04-28 10:57
KB0000289,P-006333,KH-PHI-02,Philadelphia,2026-04-04,online,completed,2026-04-04 09:14
KB0010024,P-001029,KH-DAL-02,Dallas,2026-09-06,phone,completed,2026-09-06 08:47
KB0006951,P-003561,KH-NYC-02,New York,2026-07-20,online,completed,2026-07-20 12:39
KB0007994,P-000520,KH-DAL-01,Dallas,2026-08-06,at-home,completed,2026-08-06 19:03
KB0007970,P-004417,KH-CHI-03,Chicago,2026-08-05,walk-in,completed,2026-08-05 14:19
KB0006207,P-000030,KH-DAL-03,Dallas,2026-07-09,walk-in,completed,2026-07-09 11:32
KB0001334,P-000745,KH-DAL-01,Dallas,2026-04-22,phone,completed,2026-04-22 18:45
KB0006715,P-006310,KH-PHI-02,Philadelphia,2026-07-16,phone,completed,2026-07-16 12:26
KB0010324,P-005599,KH-ATL-01,Atlanta,2026-09-10,phone,completed,2026-09-10 17:04
KB0006273,P-000030,KH-DAL-02,Dallas,2026-07-10,walk-in,completed,2026-07-10 15:03
KB0006828,P-002589,KH-NYC-02,New York,2026-07-18,walk-in,cancelled,2026-07-18 11:50
KB0004370,P-006354,KH-PHI-02,Philadelphia,2026-06-09,online,completed,2026-06-09 15:11
KB0001079,P-002989,KH-NYC-02,New York,2026-04-17,walk-in,completed,2026-04-17 14:05
KB0007636,P-001881,KH-PHX-02,Phoenix,2026-07-31,walk-in,completed,2026-07-31 17:17
KB0007631,P-002177,KH-PHX-02,Phoenix,2026-07-31,at-home,completed,2026-07-31 12:11
KB0003063,P-001010,KH-DAL-03,Dallas,2026-05-20,online,completed,2026-05-20 10:22
KB0003640,P-001478,KH-PHX-02,Phoenix,2026-05-29,online,completed,2026-05-29 10:31
KB0010641,P-004168,KH-CHI-01,Chicago,2026-09-15,phone,completed,2026-09-15 10:11
KB0002956,P-001715,KH-PHX-02,Phoenix,2026-05-18,phone,completed,2026-05-18 18:06
KB0009940,P-004995,KH-ATL-02,Atlanta,2026-09-04,at-home,completed,2026-09-04 15:19
KB0005008,P-006256,KH-PHI-02,Philadelphia,2026-06-19,at-home,completed,2026-06-19 18:47
KB0007194,P-001148,KH-DAL-02,Dallas,2026-07-24,at-home,completed,2026-07-24 15:45
KB0004228,P-005298,KH-ATL-02,Atlanta,2026-06-07,online,completed,2026-06-07 17:22
KB0000400,P-006408,KH-PHI-03,Philadelphia,2026-04-06,walk-in,completed,2026-04-06 12:22
KB0003849,P-005493,KH-ATL-02,Atlanta,2026-06-01,walk-in,completed,2026-06-01 13:10
KB0008441,P-000461,KH-DAL-02,Dallas,2026-08-13,at-home,completed,2026-08-13 10:20
KB0007768,P-001998,KH-PHX-03,Phoenix,2026-08-02,walk-in,completed,2026-08-02 10:38
KB0007602,P-004304,KH-CHI-02,Chicago,2026-07-30,walk-in,completed,2026-07-30 14:35
KB0008028,P-003918,KH-NYC-02,New York,2026-08-06,walk-in,completed,2026-08-06 16:02
KB0001052,P-001013,KH-DAL-01,Dallas,2026-04-17,walk-in,completed,2026-04-17 17:18
KB0010239,P-003909,KH-NYC-02,New York,2026-09-09,walk-in,completed,2026-09-09 09:28
KB0004011,P-001198,KH-DAL-03,Dallas,2026-06-04,,completed,2026-06-04 18:15
KB0009459,P-004484,KH-CHI-02,Chicago,2026-08-28,phone,completed,2026-08-28 09:27
KB0008097,P-003309,KH-NYC-01,New York,2026-08-07,at-home,completed,2026-08-07 18:13
KB0008007,P-001375,KH-PHX-02,Phoenix,2026-08-06,walk-in,completed,2026-08-06 10:07
KB0009288,P-000522,KH-DAL-02,Dallas,2026-08-26,at-home,completed,2026-08-26 16:37
KB0004696,P-000396,KH-DAL-01,Dallas,2026-06-15,,completed,2026-06-15 11:00
KB0011313,P-001717,KH-PHX-03,Phoenix,2026-09-25,walk-in,completed,2026-09-25 18:15
KB0009738,P-005233,KH-ATL-01,Atlanta,2026-09-01,online,completed,2026-09-01 10:29
KB0000005,P-000692,KH-DAL-01,Dallas,2026-04-01,online,completed,2026-04-01 18:19
KB0009794,P-005349,KH-ATL-01,Atlanta,2026-09-02,walk-in,completed,2026-09-02 16:23
KB0005646,P-002206,KH-PHX-01,Phoenix,2026-06-30,phone,completed,2026-06-30 18:53
KB0011212,P-000653,KH-DAL-02,Dallas,2026-09-24,phone,completed,2026-09-24 18:36
KB0004267,P-002116,KH-PHX-01,Phoenix,2026-06-08,online,completed,2026-06-08 13:24
KB0006158,P-002064,KH-PHX-01,Phoenix,2026-07-08,online,completed,2026-07-08 19:30
KB0001251,P-004908,KH-CHI-02,Chicago,2026-04-20,walk-in,completed,2026-04-20 18:42
KB0007670,P-006330,KH-PHI-03,Philadelphia,2026-07-31,online,completed,2026-07-31 18:20
KB0006133,P-000293,KH-DAL-03,Dallas,2026-07-08,walk-in,completed,2026-07-08 17:13
KB0010304,P-003391,KH-NYC-02,New York,2026-09-10,phone,completed,2026-09-10 18:19
KB0003271,P-002600,KH-NYC-03,New York,2026-05-23,online,completed,2026-05-23 14:24
KB0003254,P-002054,KH-PHX-01,Phoenix,2026-05-23,online,completed,2026-05-23 18:55
KB0009375,P-001677,KH-PHX-02,Phoenix,2026-08-27,online,completed,2026-08-27 18:33
KB0001302,P-002611,KH-NYC-03,New York,2026-04-21,walk-in,completed,2026-04-21 09:12
KB0007069,P-001850,KH-PHX-01,Phoenix,2026-07-22,online,completed,2026-07-22 19:56
KB0002810,P-006221,KH-PHI-01,Philadelphia,2026-05-15,walk-in,completed,2026-05-15 16:50
KB0003607,P-005528,KH-ATL-02,Atlanta,2026-05-28,walk-in,completed,2026-05-28 09:47
KB0001416,P-001977,KH-PHX-02,Phoenix,2026-04-23,online,completed,2026-04-23 09:31
KB0008988,P-000079,KH-DAL-01,Dallas,2026-08-21,online,completed,2026-08-21 10:12
KB0009880,P-000679,KH-DAL-02,Dallas,2026-09-04,phone,completed,2026-09-04 15:59
KB0009934,P-005083,KH-ATL-01,Atlanta,2026-09-04,walk-in,completed,2026-09-04 16:00
KB0011609,P-005662,KH-ATL-02,Atlanta,2026-09-29,phone,completed,2026-09-29 08:17
KB0011267,P-005600,KH-ATL-02,Atlanta,2026-09-24,online,completed,2026-09-24 15:14
KB0007974,P-005236,KH-ATL-01,Atlanta,2026-08-05,online,completed,2026-08-05 15:51
KB0005469,P-002159,KH-PHX-02,Phoenix,2026-06-27,phone,completed,2026-06-27 19:09
KB0002791,P-003584,KH-NYC-01,New York,2026-05-15,walk-in,completed,2026-05-15 17:58
KB0008238,P-006047,KH-PHI-02,Philadelphia,2026-08-09,online,completed,2026-08-09 18:24
KB0004157,P-003877,KH-NYC-03,New York,2026-06-06,walk-in,completed,2026-06-06 11:17
KB0006209,P-000369,KH-DAL-01,Dallas,2026-07-09,online,completed,2026-07-09 09:03
KB0005649,P-001771,KH-PHX-02,Phoenix,2026-06-30,walk-in,completed,2026-06-30 11:02
KB0000012,P-000210,KH-DAL-02,Dallas,2026-04-01,walk-in,completed,2026-04-01 16:14
KB0010886,P-001201,KH-DAL-01,Dallas,2026-09-19,phone,completed,2026-09-19 14:04
KB0007090,P-002720,KH-NYC-03,New York,2026-07-22,walk-in,completed,2026-07-22 08:16
KB0007561,P-000488,KH-DAL-02,Dallas,2026-07-30,walk-in,completed,2026-07-30 12:04
KB0009785,P-004013,KH-CHI-02,Chicago,2026-09-02,walk-in,completed,2026-09-02 18:12
KB0005948,P-006361,KH-PHI-03,Philadelphia,2026-07-04,walk-in,completed,2026-07-04 15:09
KB0001952,P-001669,KH-PHX-01,Phoenix,2026-05-02,walk-in,completed,2026-05-02 19:44
KB0000201,P-004039,KH-CHI-02,Chicago,2026-04-03,online,completed,2026-04-03 17:58
KB0010634,P-003249,KH-NYC-01,New York,2026-09-15,online,completed,2026-09-15 12:54
KB0000932,P-003623,KH-NYC-03,New York,2026-04-15,phone,completed,2026-04-15 08:46
KB0005813,P-005509,KH-ATL-02,Atlanta,2026-07-02,at-home,completed,2026-07-02 19:04
KB0006102,P-002785,KH-NYC-01,New York,2026-07-07,phone,completed,2026-07-07 17:06
KB0003352,P-005961,KH-PHI-02,Philadelphia,2026-05-24,walk-in,completed,2026-05-24 11:18
KB0001685,P-001178,KH-DAL-01,Dallas,2026-04-28,phone,completed,2026-04-28 15:03
KB0005218,P-001982,KH-PHX-03,Phoenix,2026-06-23,phone,completed,2026-06-23 11:29
KB0010330,P-005651,KH-ATL-02,Atlanta,2026-09-10,walk-in,completed,2026-09-10 10:17
KB0001620,P-006068,KH-PHI-02,Philadelphia,2026-04-26,phone,completed,2026-04-26 19:49
KB0005074,P-006486,KH-PHI-01,Philadelphia,2026-06-20,phone,completed,2026-06-20 16:49
KB0010456,P-003461,KH-NYC-02,New York,2026-09-12,at-home,completed,2026-09-12 18:14
KB0008971,P-005306,KH-ATL-02,Atlanta,2026-08-20,walk-in,completed,2026-08-20 08:01
KB0002687,P-001145,KH-DAL-01,Dallas,2026-05-14,walk-in,completed,2026-05-14 14:01
KB0008523,P-000095,KH-DAL-03,Dallas,2026-08-14,walk-in,completed,2026-08-14 18:49
KB0006868,P-000291,KH-DAL-01,Dallas,2026-07-19,online,completed,2026-07-19 13:44
KB0009680,P-001142,KH-DAL-02,Dallas,2026-09-01,walk-in,completed,2026-09-01 08:40
KB0001053,P-002187,KH-PHX-01,Phoenix,2026-04-17,walk-in,cancelled,2026-04-17 16:45
KB0004887,P-000529,KH-DAL-02,Dallas,2026-06-18,walk-in,cancelled,2026-06-18 09:08
KB0001025,P-005502,KH-ATL-02,Atlanta,2026-04-16,walk-in,completed,2026-04-16 09:18
KB0003722,P-002930,KH-NYC-03,New York,2026-05-30,at-home,completed,2026-05-30 12:12
KB0003971,P-002789,KH-NYC-03,New York,2026-06-03,online,completed,2026-06-03 11:55
KB0002739,P-005662,KH-ATL-02,Atlanta,2026-05-14,walk-in,completed,2026-05-14 13:47
KB0010723,P-000743,KH-DAL-02,Dallas,2026-09-17,phone,completed,2026-09-17 14:32
KB0011647,P-002416,KH-PHX-02,Phoenix,2026-09-30,walk-in,completed,2026-09-30 10:26
KB0010369,P-002091,KH-PHX-02,Phoenix,2026-09-11,walk-in,completed,2026-09-11 15:15
KB0009039,P-005370,KH-ATL-01,Atlanta,2026-08-21,at-home,completed,2026-08-21 09:23
KB0011237,P-002140,KH-PHX-01,Phoenix,2026-09-24,at-home,completed,2026-09-24 18:34
KB0011457,P-002305,KH-PHX-01,Phoenix,2026-09-27,online,cancelled,2026-09-27 16:39
KB0008015,P-001901,KH-PHX-01,Phoenix,2026-08-06,walk-in,completed,2026-08-06 13:15
KB0007709,P-002689,KH-NYC-01,New York,2026-08-01,at-home,completed,2026-08-01 18:47
KB0011657,P-002239,KH-PHX-02,Phoenix,2026-09-30,online,completed,2026-09-30 16:47
KB0008803,P-003455,KH-NYC-03,New York,2026-08-18,walk-in,completed,2026-08-18 10:39
KB0005925,P-002101,KH-PHX-03,Phoenix,2026-07-04,online,completed,2026-07-04 12:44
KB0000225,P-000074,KH-DAL-02,Dallas,2026-04-04,walk-in,completed,2026-04-04 16:09
KB0005975,P-002858,KH-NYC-02,New York,2026-07-05,walk-in,completed,2026-07-05 08:12
KB0005768,P-001977,KH-PHX-03,Phoenix,2026-07-02,walk-in,completed,2026-07-02 13:08
KB0007548,P-005785,KH-PHI-02,Philadelphia,2026-07-29,online,completed,2026-07-29 09:42
KB0009052,P-001245,KH-DAL-01,Dallas,2026-08-22,walk-in,completed,2026-08-22 19:09
KB0002073,P-000383,KH-DAL-02,Dallas,2026-05-04,walk-in,completed,2026-05-04 11:53
KB0005614,P-005343,KH-ATL-02,Atlanta,2026-06-29,online,completed,2026-06-29 15:37
KB0011373,P-000986,KH-DAL-01,Dallas,2026-09-26,walk-in,completed,2026-09-26 13:42
KB0004338,P-002669,KH-NYC-03,New York,2026-06-09,online,completed,2026-06-09 11:21
KB0011645,P-002280,KH-PHX-03,Phoenix,2026-09-30,walk-in,completed,2026-09-30 10:48
KB0002814,P-006416,KH-PHI-02,Philadelphia,2026-05-15,phone,completed,2026-05-15 19:26
KB0002914,P-003098,KH-NYC-01,New York,2026-05-17,online,completed,2026-05-17 15:49
KB0008118,P-005445,KH-ATL-02,Atlanta,2026-08-07,online,completed,2026-08-07 15:45
KB0000891,P-005553,KH-ATL-02,Atlanta,2026-04-14,walk-in,completed,2026-04-14 14:59
KB0010012,P-005693,KH-ATL-01,Atlanta,2026-09-05,phone,completed,2026-09-05 09:22
KB0010994,P-000594,KH-DAL-01,Dallas,2026-09-21,online,completed,2026-09-21 14:56
KB0007326,P-000371,KH-DAL-02,Dallas,2026-07-26,phone,completed,2026-07-26 12:37
KB0000108,P-003327,KH-NYC-03,New York,2026-04-02,online,completed,2026-04-02 15:28
KB0009113,P-000913,KH-DAL-02,Dallas,2026-08-23,walk-in,completed,2026-08-23 08:51
KB0009468,P-005349,KH-ATL-02,Atlanta,2026-08-28,phone,completed,2026-08-28 08:35
KB0002559,P-005758,KH-PHI-02,Philadelphia,2026-05-11,online,completed,2026-05-11 08:21
KB0004612,P-003601,KH-NYC-02,New York,2026-06-13,online,completed,2026-06-13 14:49
KB0000605,P-001245,KH-DAL-02,Dallas,2026-04-10,walk-in,completed,2026-04-10 12:24
KB0009552,P-000919,KH-DAL-03,Dallas,2026-08-30,walk-in,completed,2026-08-30 11:26
KB0004967,P-001733,KH-PHX-01,Phoenix,2026-06-19,walk-in,completed,2026-06-19 19:10
KB0001841,P-002913,KH-NYC-01,New York,2026-04-30,walk-in,completed,2026-04-30 08:03
KB0004474,P-003157,KH-NYC-03,New York,2026-06-11,phone,completed,2026-06-11 17:48
KB0007161,P-002937,KH-NYC-02,New York,2026-07-23,phone,completed,2026-07-23 08:09
KB0008171,P-005018,KH-ATL-02,Atlanta,2026-08-08,at-home,completed,2026-08-08 18:14
KB0000870,P-003237,KH-NYC-03,New York,2026-04-14,phone,completed,2026-04-14 18:39
KB0010735,P-000162,KH-DAL-03,Dallas,2026-09-17,walk-in,completed,2026-09-17 15:50
KB0004040,P-003488,KH-NYC-03,New York,2026-06-04,phone,completed,2026-06-04 16:18
KB0008148,P-001576,KH-PHX-01,Phoenix,2026-08-08,walk-in,completed,2026-08-08 08:14
KB0010380,P-003867,KH-NYC-01,New York,2026-09-11,at-home,completed,2026-09-11 17:02
KB0008797,P-002553,KH-NYC-01,New York,2026-08-18,walk-in,completed,2026-08-18 14:44
KB0004671,P-004838,KH-CHI-01,Chicago,2026-06-14,online,cancelled,2026-06-14 13:46
KB0007018,P-003559,KH-NYC-02,New York,2026-07-21,walk-in,completed,2026-07-21 11:20
KB0010565,P-003227,KH-NYC-03,New York,2026-09-14,online,completed,2026-09-14 19:36
KB0007702,P-001948,KH-PHX-01,Phoenix,2026-08-01,walk-in,completed,2026-08-01 16:57
KB0005530,P-001575,KH-PHX-02,Phoenix,2026-06-28,walk-in,completed,2026-06-28 14:16
KB0001896,P-003546,KH-NYC-01,New York,2026-05-01,online,completed,2026-05-01 14:51
KB0011319,P-001824,KH-PHX-02,Phoenix,2026-09-25,online,completed,2026-09-25 17:08
KB0011566,P-001437,KH-PHX-02,Phoenix,2026-09-29,phone,completed,2026-09-29 14:31
KB0002448,P-000913,KH-DAL-01,Dallas,2026-05-10,phone,cancelled,2026-05-10 16:08
KB0009231,P-000472,KH-DAL-02,Dallas,2026-08-25,online,completed,2026-08-25 17:41
KB0010628,P-002931,KH-NYC-01,New York,2026-09-15,online,completed,2026-09-15 17:59
KB0000316,P-003657,KH-NYC-03,New York,2026-04-05,walk-in,completed,2026-04-05 17:54
KB0002940,P-000821,KH-DAL-01,Dallas,2026-05-18,online,completed,2026-05-18 10:18
KB0011673,P-003141,KH-NYC-03,New York,2026-09-30,online,completed,2026-09-30 19:13
KB0005936,P-004127,KH-CHI-03,Chicago,2026-07-04,walk-in,completed,2026-07-04 15:42
KB0006051,P-005203,KH-ATL-02,Atlanta,2026-07-06,at-home,completed,2026-07-06 09:18
KB0010108,P-002882,KH-NYC-02,New York,2026-09-07,walk-in,completed,2026-09-07 10:52
KB0004227,P-004993,KH-ATL-01,Atlanta,2026-06-07,online,completed,2026-06-07 19:32
KB0007542,P-005510,KH-ATL-01,Atlanta,2026-07-29,walk-in,completed,2026-07-29 14:00
KB0011633,P-000249,KH-DAL-01,Dallas,2026-09-30,online,completed,2026-09-30 11:08
KB0005453,P-000773,KH-DAL-03,Dallas,2026-06-27,walk-in,completed,2026-06-27 14:01
KB0007612,P-005436,KH-ATL-01,Atlanta,2026-07-30,walk-in,completed,2026-07-30 15:05
KB0008701,P-000994,KH-DAL-02,Dallas,2026-08-17,walk-in,completed,2026-08-17 17:53
KB0007071,P-002444,KH-PHX-02,Phoenix,2026-07-22,online,completed,2026-07-22 17:10
KB0008731,P-003924,KH-NYC-02,New York,2026-08-17,walk-in,completed,2026-08-17 13:07
KB0006236,P-003925,KH-NYC-03,New York,2026-07-09,phone,completed,2026-07-09 14:52
KB0002846,P-002247,KH-PHX-01,Phoenix,2026-05-16,phone,completed,2026-05-16 11:47
KB0009766,P-001876,KH-PHX-03,Phoenix,2026-09-02,online,completed,2026-09-02 09:10
KB0009242,P-002341,KH-PHX-01,Phoenix,2026-08-25,at-home,completed,2026-08-25 17:21
KB0003632,P-001227,KH-DAL-01,Dallas,2026-05-29,online,completed,2026-05-29 17:53
KB0010724,P-000460,KH-DAL-02,Dallas,2026-09-17,phone,completed,2026-09-17 12:44
KB0006737,P-001756,KH-PHX-03,Phoenix,2026-07-17,online,completed,2026-07-17 12:25
KB0011552,P-000473,KH-DAL-02,Dallas,2026-09-29,walk-in,completed,2026-09-29 18:14
KB0004335,P-003163,KH-NYC-02,New York,2026-06-09,phone,completed,2026-06-09 16:23
KB0004524,P-001967,KH-PHX-03,Phoenix,2026-06-12,walk-in,completed,2026-06-12 13:24
KB0001188,P-003705,KH-NYC-01,New York,2026-04-19,online,completed,2026-04-19 15:15
KB0006652,P-000180,KH-DAL-03,Dallas,2026-07-16,online,completed,2026-07-16 18:42
KB0006975,P-006511,KH-PHI-03,Philadelphia,2026-07-20,online,completed,2026-07-20 16:35
KB0008290,P-004399,KH-CHI-03,Chicago,2026-08-10,online,completed,2026-08-10 19:02
KB0002473,P-002504,KH-NYC-02,New York,2026-05-10,walk-in,completed,2026-05-10 10:26
KB0010160,P-002421,KH-PHX-01,Phoenix,2026-09-08,online,completed,2026-09-08 17:31
KB0005976,P-004791,KH-CHI-02,Chicago,2026-07-05,online,completed,2026-07-05 19:17
KB0002586,P-001329,KH-PHX-02,Phoenix,2026-05-12,walk-in,completed,2026-05-12 19:21
KB0010353,P-000050,KH-DAL-02,Dallas,2026-09-11,online,completed,2026-09-11 08:55
KB0007148,P-002134,KH-PHX-01,Phoenix,2026-07-23,online,completed,2026-07-23 08:40
KB0008377,P-006589,KH-PHI-03,Philadelphia,2026-08-11,walk-in,completed,2026-08-11 09:37
KB0006375,P-002841,KH-NYC-02,New York,2026-07-11,online,completed,2026-07-11 17:37
KB0000179,P-001881,KH-PHX-02,Phoenix,2026-04-03,walk-in,completed,2026-04-03 10:42
KB0010713,P-006344,KH-PHI-03,Philadelphia,2026-09-16,walk-in,completed,2026-09-16 19:24
KB0003725,P-002995,KH-NYC-02,New York,2026-05-30,walk-in,completed,2026-05-30 18:21
KB0008402,P-001513,KH-PHX-03,Phoenix,2026-08-12,at-home,completed,2026-08-12 11:20
KB0001350,P-001702,KH-PHX-02,Phoenix,2026-04-22,walk-in,completed,2026-04-22 10:11
KB0005911,P-001690,KH-PHX-01,Phoenix,2026-07-04,online,completed,2026-07-04 09:49
KB0008206,P-001721,KH-PHX-01,Phoenix,2026-08-09,walk-in,completed,2026-08-09 12:58
KB0000528,P-006446,KH-PHI-03,Philadelphia,2026-04-08,phone,completed,2026-04-08 17:26
KB0007473,P-005639,KH-ATL-01,Atlanta,2026-07-28,walk-in,completed,2026-07-28 15:15
KB0006581,P-006685,KH-PHI-02,Philadelphia,2026-07-14,online,cancelled,2026-07-14 16:33
KB0006378,P-003273,KH-NYC-02,New York,2026-07-11,walk-in,completed,2026-07-11 15:29
KB0000669,P-000844,KH-DAL-02,Dallas,2026-04-11,walk-in,cancelled,2026-04-11 10:04
KB0005012,P-006214,KH-PHI-02,Philadelphia,2026-06-19,online,completed,2026-06-19 13:28
KB0009414,P-000006,KH-DAL-01,Dallas,2026-08-28,walk-in,completed,2026-08-28 10:15
KB0005479,P-003414,KH-NYC-01,New York,2026-06-27,walk-in,completed,2026-06-27 17:29
KB0001627,P-000400,KH-DAL-03,Dallas,2026-04-27,walk-in,completed,2026-04-27 18:40
KB0009178,P-001822,KH-PHX-03,Phoenix,2026-08-24,walk-in,completed,2026-08-24 19:04
KB0007281,P-002383,KH-PHX-01,Phoenix,2026-07-25,walk-in,completed,2026-07-25 17:10
KB0000285,P-006328,KH-PHI-01,Philadelphia,2026-04-04,phone,completed,2026-04-04 10:21
KB0002247,P-006006,KH-PHI-02,Philadelphia,2026-05-06,online,completed,2026-05-06 16:52
KB0001186,P-002751,KH-NYC-02,New York,2026-04-19,phone,completed,2026-04-19 10:04
KB0001446,P-004974,KH-ATL-02,Atlanta,2026-04-23,at-home,completed,2026-04-23 18:56
KB0001009,P-002805,KH-NYC-01,New York,2026-04-16,walk-in,completed,2026-04-16 08:38
KB0003282,P-004115,KH-CHI-01,Chicago,2026-05-23,online,completed,2026-05-23 17:33
KB0006707,P-004964,KH-ATL-01,Atlanta,2026-07-16,walk-in,completed,2026-07-16 08:25
KB0010682,P-001326,KH-PHX-01,Phoenix,2026-09-16,phone,completed,2026-09-16 17:14
KB0004463,P-002080,KH-PHX-01,Phoenix,2026-06-11,online,completed,2026-06-11 10:31
KB0010274,P-001072,KH-DAL-02,Dallas,2026-09-10,walk-in,completed,2026-09-10 19:27
KB0008316,P-001019,KH-DAL-01,Dallas,2026-08-11,at-home,completed,2026-08-11 08:52
KB0008288,P-002769,KH-NYC-01,New York,2026-08-10,at-home,completed,2026-08-10 16:29
KB0007085,P-003799,KH-NYC-02,New York,2026-07-22,online,completed,2026-07-22 15:34
KB0000894,P-006332,KH-PHI-02,Philadelphia,2026-04-14,online,completed,2026-04-14 19:44
KB0007492,P-000464,KH-DAL-02,Dallas,2026-07-29,phone,completed,2026-07-29 17:57
KB0010479,P-000030,KH-DAL-01,Dallas,2026-09-13,online,completed,2026-09-13 11:48
KB0004306,P-000878,KH-DAL-01,Dallas,2026-06-09,walk-in,completed,2026-06-09 08:52
KB0004310,P-001198,KH-DAL-02,Dallas,2026-06-09,phone,completed,2026-06-09 19:26
KB0002785,P-003647,KH-NYC-02,New York,2026-05-15,walk-in,completed,2026-05-15 08:41
KB0006528,P-000496,KH-DAL-03,Dallas,2026-07-14,walk-in,completed,2026-07-14 11:57
KB0000773,P-000679,KH-DAL-01,Dallas,2026-04-13,online,completed,2026-04-13 16:13
KB0009455,P-004311,KH-CHI-02,Chicago,2026-08-28,walk-in,completed,2026-08-28 16:26
KB0007347,P-002900,KH-NYC-02,New York,2026-07-26,phone,completed,2026-07-26 11:18
KB0007076,P-001952,KH-PHX-01,Phoenix,2026-07-22,walk-in,completed,2026-07-22 15:47
KB0002689,P-000998,KH-DAL-02,Dallas,2026-05-14,walk-in,completed,2026-05-14 09:17
KB0002303,P-005651,KH-ATL-02,Atlanta,2026-05-07,phone,completed,2026-05-07 08:37
KB0001044,P-001054,KH-DAL-03,Dallas,2026-04-17,online,completed,2026-04-17 13:12
KB0002248,P-006266,KH-PHI-03,Philadelphia,2026-05-06,at-home,completed,2026-05-06 18:46
KB0011343,P-005599,KH-ATL-02,Atlanta,2026-09-25,walk-in,completed,2026-09-25 11:15
KB0009818,P-000092,KH-DAL-01,Dallas,2026-09-03,online,completed,2026-09-03 16:45
KB0004607,P-001679,KH-PHX-02,Phoenix,2026-06-13,at-home,completed,2026-06-13 09:36
KB0005827,P-000328,KH-DAL-03,Dallas,2026-07-03,online,completed,2026-07-03 08:15
KB0005038,P-001391,KH-PHX-03,Phoenix,2026-06-20,walk-in,completed,2026-06-20 15:18
KB0006498,P-005671,KH-ATL-01,Atlanta,2026-07-13,online,completed,2026-07-13 12:15
KB0004479,P-002807,KH-NYC-01,New York,2026-06-11,walk-in,completed,2026-06-11 12:39
KB0003656,P-002669,KH-NYC-03,New York,2026-05-29,walk-in,completed,2026-05-29 09:28
KB0008740,P-003459,KH-NYC-02,New York,2026-08-17,online,completed,2026-08-17 09:31
KB0000128,P-005339,KH-ATL-03,Atlanta,2026-04-02,online,completed,2026-04-02 12:40
KB0010048,P-003106,KH-NYC-03,New York,2026-09-06,walk-in,completed,2026-09-06 11:16
KB0004473,P-003837,KH-NYC-01,New York,2026-06-11,phone,completed,2026-06-11 13:28
KB0005148,P-001960,KH-PHX-03,Phoenix,2026-06-22,walk-in,completed,2026-06-22 09:56
KB0002767,P-002206,KH-PHX-02,Phoenix,2026-05-15,walk-in,completed,2026-05-15 16:08
KB0004467,P-002054,KH-PHX-02,Phoenix,2026-06-11,online,completed,2026-06-11 08:22
KB0007230,P-004734,KH-CHI-03,Chicago,2026-07-24,at-home,completed,2026-07-24 15:17
KB0002368,P-004261,KH-CHI-02,Chicago,2026-05-08,walk-in,completed,2026-05-08 18:23
KB0002742,P-006562,KH-PHI-03,Philadelphia,2026-05-14,walk-in,completed,2026-05-14 19:21
KB0011586,P-002535,KH-NYC-01,New York,2026-09-29,walk-in,completed,2026-09-29 16:52
KB0003773,P-003908,KH-NYC-02,New York,2026-05-31,walk-in,completed,2026-05-31 19:47
KB0010329,P-005709,KH-ATL-02,Atlanta,2026-09-10,walk-in,completed,2026-09-10 12:29
KB0010299,P-003925,KH-NYC-03,New York,2026-09-10,phone,completed,2026-09-10 16:56
KB0006544,P-002316,KH-PHX-01,Phoenix,2026-07-14,walk-in,completed,2026-07-14 14:39
KB0009959,P-000017,KH-DAL-02,Dallas,2026-09-05,phone,completed,2026-09-05 13:04
KB0008936,P-002307,KH-PHX-02,Phoenix,2026-08-20,walk-in,completed,2026-08-20 14:07
KB0010075,P-000965,KH-DAL-02,Dallas,2026-09-07,phone,completed,2026-09-07 14:37
KB0003504,P-001917,KH-PHX-01,Phoenix,2026-05-27,phone,completed,2026-05-27 10:40
KB0004270,P-002199,KH-PHX-01,Phoenix,2026-06-08,phone,completed,2026-06-08 14:47
KB0007365,P-000120,KH-DAL-02,Dallas,2026-07-27,online,completed,2026-07-27 15:00
KB0007380,P-002165,KH-PHX-03,Phoenix,2026-07-27,walk-in,completed,2026-07-27 10:13
KB0009966,P-000051,KH-DAL-02,Dallas,2026-09-05,at-home,completed,2026-09-05 10:52
KB0010418,P-001109,KH-DAL-02,Dallas,2026-09-12,walk-in,completed,2026-09-12 13:22
KB0000038,P-002940,KH-NYC-02,New York,2026-04-01,walk-in,completed,2026-04-01 10:27
KB0006204,P-005894,KH-PHI-02,Philadelphia,2026-07-08,online,completed,2026-07-08 18:41
KB0011376,P-000238,KH-DAL-03,Dallas,2026-09-26,walk-in,completed,2026-09-26 16:11
KB0005814,P-005298,KH-ATL-01,Atlanta,2026-07-02,walk-in,completed,2026-07-02 10:48
KB0002926,P-006280,KH-PHI-02,Philadelphia,2026-05-17,walk-in,completed,2026-05-17 19:14
KB0002251,P-006518,KH-PHI-01,Philadelphia,2026-05-06,walk-in,completed,2026-05-06 11:54
KB0002768,P-002076,KH-PHX-01,Phoenix,2026-05-15,phone,completed,2026-05-15 19:18
KB0004957,P-000119,KH-DAL-03,Dallas,2026-06-19,walk-in,completed,2026-06-19 15:27
KB0003936,P-000765,KH-DAL-03,Dallas,2026-06-03,walk-in,completed,2026-06-03 17:12
KB0011433,P-000133,KH-DAL-03,Dallas,2026-09-27,walk-in,completed,2026-09-27 10:15
KB0001000,P-003057,KH-NYC-03,New York,2026-04-16,walk-in,completed,2026-04-16 10:27
KB0001980,P-005385,KH-ATL-02,Atlanta,2026-05-02,online,completed,2026-05-02 13:47
KB0005170,P-003469,KH-NYC-03,New York,2026-06-22,walk-in,cancelled,2026-06-22 14:48
KB0005949,P-006577,KH-PHI-01,Philadelphia,2026-07-04,walk-in,completed,2026-07-04 09:52
KB0002114,P-005685,KH-ATL-02,Atlanta,2026-05-04,walk-in,completed,2026-05-04 13:59
KB0009757,P-000224,KH-DAL-03,Dallas,2026-09-02,at-home,completed,2026-09-02 11:52
KB0002754,P-000928,KH-DAL-03,Dallas,2026-05-15,walk-in,completed,2026-05-15 16:55
KB0000865,P-003848,KH-NYC-03,New York,2026-04-14,at-home,completed,2026-04-14 12:49
KB0006177,P-004316,KH-CHI-02,Chicago,2026-07-08,online,completed,2026-07-08 11:35
KB0002445,P-005874,KH-PHI-03,Philadelphia,2026-05-09,walk-in,completed,2026-05-09 13:28
KB0004440,P-001044,KH-DAL-03,Dallas,2026-06-11,walk-in,completed,2026-06-11 15:17
KB0008984,P-000288,KH-DAL-03,Dallas,2026-08-21,online,completed,2026-08-21 17:40
KB0006724,P-000891,KH-DAL-03,Dallas,2026-07-17,at-home,completed,2026-07-17 12:35
KB0010261,P-004967,KH-ATL-02,Atlanta,2026-09-09,online,completed,2026-09-09 17:33
KB0005716,P-002192,KH-PHX-01,Phoenix,2026-07-01,walk-in,completed,2026-07-01 10:06
KB0010580,P-004811,KH-CHI-02,Chicago,2026-09-14,walk-in,completed,2026-09-14 16:19
KB0008158,P-003352,KH-NYC-03,New York,2026-08-08,at-home,completed,2026-08-08 18:20
KB0008580,P-000282,KH-DAL-02,Dallas,2026-08-15,phone,completed,2026-08-15 14:26
KB0011587,P-002479,KH-NYC-03,New York,2026-09-29,phone,completed,2026-09-29 15:05
KB0008789,P-001271,KH-PHX-01,Phoenix,2026-08-18,phone,completed,2026-08-18 11:19
KB0000286,P-006020,KH-PHI-01,Philadelphia,2026-04-04,online,completed,2026-04-04 13:56
KB0006806,P-000202,KH-DAL-01,Dallas,2026-07-18,phone,completed,2026-07-18 16:56
KB0008973,P-005681,KH-ATL-01,Atlanta,2026-08-20,walk-in,completed,2026-08-20 08:18
KB0010352,P-000204,KH-DAL-01,Dallas,2026-09-11,at-home,completed,2026-09-11 16:38
KB0001925,P-006133,KH-PHI-03,Philadelphia,2026-05-01,online,completed,2026-05-01 13:20
KB0008013,P-001537,KH-PHX-01,Phoenix,2026-08-06,walk-in,completed,2026-08-06 17:05
KB0010074,P-000367,KH-DAL-03,Dallas,2026-09-07,walk-in,completed,2026-09-07 11:51
KB0002475,P-003355,KH-NYC-01,New York,2026-05-10,at-home,completed,2026-05-10 15:03
KB0009104,P-005693,KH-ATL-02,Atlanta,2026-08-22,phone,completed,2026-08-22 09:15
KB0008469,P-001285,KH-PHX-01,Phoenix,2026-08-13,online,completed,2026-08-13 08:15
KB0005919,P-001299,KH-PHX-02,Phoenix,2026-07-04,online,completed,2026-07-04 14:23
KB0002786,P-002648,KH-NYC-02,New York,2026-05-15,phone,completed,2026-05-15 19:46
KB0007072,P-002018,KH-PHX-03,Phoenix,2026-07-22,at-home,completed,2026-07-22 08:44
KB0010810,P-000751,KH-DAL-03,Dallas,2026-09-18,walk-in,completed,2026-09-18 12:27
KB0004237,P-000961,KH-DAL-01,Dallas,2026-06-08,online,completed,2026-06-08 08:29
KB0006154,P-001490,KH-PHX-01,Phoenix,2026-07-08,,completed,2026-07-08 19:39
KB0006890,P-003595,KH-NYC-03,New York,2026-07-19,phone,completed,2026-07-19 14:33
KB0005825,P-000387,KH-DAL-01,Dallas,2026-07-03,walk-in,completed,2026-07-03 17:16
KB0007134,P-001855,KH-PHX-03,Phoenix,2026-07-23,phone,completed,2026-07-23 11:26
KB0008680,P-004752,KH-CHI-01,Chicago,2026-08-16,at-home,cancelled,2026-08-16 18:56
KB0006647,P-006236,KH-PHI-01,Philadelphia,2026-07-15,walk-in,completed,2026-07-15 11:26
KB0000147,P-000125,KH-DAL-02,Dallas,2026-04-03,walk-in,completed,2026-04-03 17:55
KB0005474,P-001428,KH-PHX-03,Phoenix,2026-06-27,walk-in,completed,2026-06-27 08:34
KB0010586,P-005682,KH-ATL-02,Atlanta,2026-09-14,walk-in,completed,2026-09-14 15:00
KB0003929,P-006243,KH-PHI-01,Philadelphia,2026-06-02,online,completed,2026-06-02 09:29
KB0000153,P-000123,KH-DAL-03,Dallas,2026-04-03,at-home,completed,2026-04-03 09:34
KB0005764,P-000117,KH-DAL-01,Dallas,2026-07-02,walk-in,completed,2026-07-02 12:44
KB0000254,P-003120,KH-NYC-01,New York,2026-04-04,walk-in,completed,2026-04-04 18:10
KB0006629,P-004077,KH-CHI-02,Chicago,2026-07-15,at-home,completed,2026-07-15 08:18
KB0006270,P-006233,KH-PHI-01,Philadelphia,2026-07-09,phone,completed,2026-07-09 08:55
KB0004219,P-003824,KH-NYC-02,New York,2026-06-07,phone,completed,2026-06-07 09:49
KB0006930,P-001301,KH-PHX-03,Phoenix,2026-07-20,online,completed,2026-07-20 15:57
KB0007936,P-000715,KH-DAL-02,Dallas,2026-08-05,walk-in,completed,2026-08-05 12:31
KB0003318,P-000380,KH-DAL-02,Dallas,2026-05-24,walk-in,completed,2026-05-24 09:51
KB0006460,P-002392,KH-PHX-02,Phoenix,2026-07-13,walk-in,completed,2026-07-13 12:25
KB0002262,P-000079,KH-DAL-03,Dallas,2026-05-07,online,completed,2026-05-07 14:48
KB0007985,P-006424,KH-PHI-02,Philadelphia,2026-08-05,phone,completed,2026-08-05 16:06
KB0007150,P-001251,KH-PHX-01,Phoenix,2026-07-23,walk-in,completed,2026-07-23 15:11
KB0010972,P-002589,KH-NYC-02,New York,2026-09-20,online,completed,2026-09-20 17:56
KB0008088,P-001531,KH-PHX-03,Phoenix,2026-08-07,,completed,2026-08-07 11:48
KB0007055,P-000051,KH-DAL-03,Dallas,2026-07-22,online,completed,2026-07-22 13:41
KB0010608,P-000484,KH-DAL-01,Dallas,2026-09-15,walk-in,completed,2026-09-15 09:50
KB0009452,P-003780,KH-NYC-03,New York,2026-08-28,walk-in,completed,2026-08-28 19:31
KB0007629,P-000146,KH-DAL-02,Dallas,2026-07-31,at-home,completed,2026-07-31 18:13
KB0005623,P-006656,KH-PHI-03,Philadelphia,2026-06-29,walk-in,completed,2026-06-29 16:31
KB0004713,P-002851,KH-NYC-01,New York,2026-06-15,walk-in,completed,2026-06-15 17:03
KB0003777,P-004855,KH-CHI-01,Chicago,2026-05-31,walk-in,completed,2026-05-31 17:10
KB0006971,P-005199,KH-ATL-03,Atlanta,2026-07-20,at-home,cancelled,2026-07-20 08:22
KB0005644,P-001907,KH-PHX-01,Phoenix,2026-06-30,phone,completed,2026-06-30 16:49
KB0003498,P-001985,KH-PHX-02,Phoenix,2026-05-27,walk-in,completed,2026-05-27 10:42
KB0007863,P-001065,KH-DAL-02,Dallas,2026-08-04,at-home,completed,2026-08-04 14:09
KB0004045,P-004503,KH-CHI-02,Chicago,2026-06-04,walk-in,completed,2026-06-04 19:53
KB0005018,P-001085,KH-DAL-03,Dallas,2026-06-20,at-home,completed,2026-06-20 15:32
KB0004883,P-006308,KH-PHI-02,Philadelphia,2026-06-17,walk-in,completed,2026-06-17 13:36
KB0010947,P-000434,KH-DAL-02,Dallas,2026-09-20,online,completed,2026-09-20 14:24
KB0010105,P-003128,KH-NYC-03,New York,2026-09-07,phone,completed,2026-09-07 13:54
KB0006073,P-000731,KH-DAL-03,Dallas,2026-07-07,walk-in,cancelled,2026-07-07 17:08
KB0000815,P-004679,KH-CHI-01,Chicago,2026-04-13,walk-in,completed,2026-04-13 10:30
KB0008136,P-000889,KH-DAL-02,Dallas,2026-08-08,online,completed,2026-08-08 14:09
KB0004472,P-003282,KH-NYC-02,New York,2026-06-11,walk-in,completed,2026-06-11 18:49
KB0010508,P-003779,KH-NYC-02,New York,2026-09-13,at-home,completed,2026-09-13 10:29
KB0010980,P-005590,KH-ATL-01,Atlanta,2026-09-20,online,completed,2026-09-20 12:06
KB0009840,P-002963,KH-NYC-02,New York,2026-09-03,at-home,completed,2026-09-03 14:53
KB0003796,P-000402,KH-DAL-01,Dallas,2026-06-01,online,completed,2026-06-01 09:18
KB0002841,P-001283,KH-PHX-01,Phoenix,2026-05-16,phone,completed,2026-05-16 15:40
KB0011092,P-001404,KH-PHX-01,Phoenix,2026-09-22,walk-in,completed,2026-09-22 19:57
KB0004795,P-003353,KH-NYC-03,New York,2026-06-16,walk-in,completed,2026-06-16 11:26
KB0001484,P-002809,KH-NYC-01,New York,2026-04-24,phone,cancelled,2026-04-24 15:20
KB0010740,P-001907,KH-PHX-02,Phoenix,2026-09-17,online,completed,2026-09-17 08:08
KB0007211,P-001968,KH-PHX-02,Phoenix,2026-07-24,at-home,completed,2026-07-24 10:17
KB0001119,P-001588,KH-PHX-03,Phoenix,2026-04-18,walk-in,completed,2026-04-18 18:37
KB0001049,P-000311,KH-DAL-02,Dallas,2026-04-17,online,completed,2026-04-17 11:01
KB0002577,P-001688,KH-PHX-02,Phoenix,2026-05-12,walk-in,cancelled,2026-05-12 13:44
KB0001404,P-000708,KH-DAL-03,Dallas,2026-04-23,phone,completed,2026-04-23 13:19
KB0010905,P-003534,KH-NYC-02,New York,2026-09-19,walk-in,completed,2026-09-19 19:51
KB0000548,P-001874,KH-PHX-01,Phoenix,2026-04-09,walk-in,completed,2026-04-09 11:51
KB0007342,P-001332,KH-PHX-03,Phoenix,2026-07-26,online,completed,2026-07-26 16:21
KB0005283,P-001412,KH-PHX-02,Phoenix,2026-06-24,phone,completed,2026-06-24 09:42
KB0010838,P-003548,KH-NYC-03,New York,2026-09-18,,completed,2026-09-18 11:53
KB0004314,P-001109,KH-DAL-02,Dallas,2026-06-09,online,completed,2026-06-09 14:26
KB0006288,P-000904,KH-DAL-02,Dallas,2026-07-10,online,completed,2026-07-10 16:11
KB0001703,P-001262,KH-PHX-02,Phoenix,2026-04-28,phone,completed,2026-04-28 13:10
KB0003140,P-001907,KH-PHX-03,Phoenix,2026-05-21,online,completed,2026-05-21 15:24
KB0000956,P-005181,KH-ATL-02,Atlanta,2026-04-15,online,completed,2026-04-15 12:00
KB0008843,P-000010,KH-DAL-01,Dallas,2026-08-19,online,completed,2026-08-19 08:18
KB0009501,P-001923,KH-PHX-02,Phoenix,2026-08-29,walk-in,completed,2026-08-29 19:29
KB0000339,P-006203,KH-PHI-02,Philadelphia,2026-04-05,walk-in,completed,2026-04-05 14:14
KB0000812,P-004792,KH-CHI-03,Chicago,2026-04-13,online,completed,2026-04-13 18:37
KB0004322,P-001775,KH-PHX-02,Phoenix,2026-06-09,walk-in,completed,2026-06-09 12:52
KB0008081,P-002173,KH-PHX-02,Phoenix,2026-08-07,walk-in,completed,2026-08-07 12:07
KB0007520,P-003717,KH-NYC-01,New York,2026-07-29,at-home,completed,2026-07-29 09:09
KB0004787,P-003155,KH-NYC-02,New York,2026-06-16,at-home,completed,2026-06-16 18:35
KB0003982,P-004615,KH-CHI-02,Chicago,2026-06-03,phone,completed,2026-06-03 10:32
KB0003101,P-003952,KH-CHI-02,Chicago,2026-05-20,online,completed,2026-05-20 12:34
KB0001584,P-000597,KH-DAL-01,Dallas,2026-04-26,online,completed,2026-04-26 12:27
KB0001347,P-001798,KH-PHX-02,Phoenix,2026-04-22,walk-in,completed,2026-04-22 15:46
KB0008452,P-000475,KH-DAL-01,Dallas,2026-08-13,online,completed,2026-08-13 12:08
KB0010902,P-001419,KH-PHX-02,Phoenix,2026-09-19,walk-in,completed,2026-09-19 14:12
KB0006598,P-000953,KH-DAL-02,Dallas,2026-07-15,online,completed,2026-07-15 08:53
KB0000483,P-001428,KH-PHX-02,Phoenix,2026-04-08,phone,completed,2026-04-08 16:16
KB0001808,P-001099,KH-DAL-02,Dallas,2026-04-30,walk-in,completed,2026-04-30 14:33
KB0002603,P-004819,KH-CHI-02,Chicago,2026-05-12,walk-in,completed,2026-05-12 18:55
KB0007897,P-002851,KH-NYC-02,New York,2026-08-04,walk-in,completed,2026-08-04 18:26
KB0007926,P-004965,KH-ATL-01,Atlanta,2026-08-04,walk-in,completed,2026-08-04 17:01
KB0009086,P-004642,KH-CHI-01,Chicago,2026-08-22,online,completed,2026-08-22 09:38
KB0004285,P-004484,KH-CHI-02,Chicago,2026-06-08,online,completed,2026-06-08 15:05
KB0007487,P-006501,KH-PHI-01,Philadelphia,2026-07-28,online,completed,2026-07-28 17:27
KB0004879,P-004981,KH-ATL-01,Atlanta,2026-06-17,walk-in,completed,2026-06-17 19:09
KB0009580,P-003309,KH-NYC-01,New York,2026-08-30,phone,completed,2026-08-30 13:51
KB0009200,P-004885,KH-CHI-02,Chicago,2026-08-24,online,completed,2026-08-24 13:29
KB0001106,P-000226,KH-DAL-03,Dallas,2026-04-18,phone,completed,2026-04-18 13:44
KB0009550,P-001239,KH-DAL-02,Dallas,2026-08-30,online,completed,2026-08-30 10:46
KB0007151,P-002442,KH-PHX-03,Phoenix,2026-07-23,walk-in,completed,2026-07-23 17:48
KB0001929,P-000708,KH-DAL-03,Dallas,2026-05-02,phone,cancelled,2026-05-02 08:47
KB0002454,P-000109,KH-DAL-02,Dallas,2026-05-10,walk-in,completed,2026-05-10 11:53
KB0011195,P-005490,KH-ATL-02,Atlanta,2026-09-23,walk-in,cancelled,2026-09-23 15:01
KB0007869,P-000097,KH-DAL-01,Dallas,2026-08-04,online,completed,2026-08-04 15:10
KB0000375,P-003548,KH-NYC-02,New York,2026-04-06,walk-in,completed,2026-04-06 19:40
KB0004152,P-002094,KH-PHX-02,Phoenix,2026-06-06,at-home,completed,2026-06-06 08:00
KB0008753,P-005157,KH-ATL-02,Atlanta,2026-08-17,phone,completed,2026-08-17 08:25
KB0009225,P-000716,KH-DAL-03,Dallas,2026-08-25,walk-in,completed,2026-08-25 16:53
KB0004506,P-000634,KH-DAL-01,Dallas,2026-06-12,walk-in,completed,2026-06-12 08:46
KB0004703,P-002168,KH-PHX-03,Phoenix,2026-06-15,walk-in,completed,2026-06-15 11:21
KB0002836,P-001961,KH-PHX-01,Phoenix,2026-05-16,at-home,completed,2026-05-16 08:14
KB0011592,P-003328,KH-NYC-02,New York,2026-09-29,walk-in,completed,2026-09-29 09:13
KB0006660,P-000963,KH-DAL-03,Dallas,2026-07-16,phone,completed,2026-07-16 08:08
KB0004681,P-005986,KH-PHI-03,Philadelphia,2026-06-14,walk-in,completed,2026-06-14 19:02
KB0010034,P-002187,KH-PHX-02,Phoenix,2026-09-06,online,completed,2026-09-06 18:59
KB0004363,P-005661,KH-ATL-01,Atlanta,2026-06-09,phone,completed,2026-06-09 11:27
KB0001928,P-000628,KH-DAL-01,Dallas,2026-05-02,phone,completed,2026-05-02 18:21
KB0001817,P-000397,KH-DAL-01,Dallas,2026-04-30,walk-in,completed,2026-04-30 08:21
KB0006389,P-004309,KH-CHI-01,Chicago,2026-07-11,walk-in,completed,2026-07-11 16:25
KB0005443,P-005170,KH-ATL-02,Atlanta,2026-06-26,walk-in,completed,2026-06-26 15:02
KB0009598,P-005669,KH-ATL-02,Atlanta,2026-08-30,walk-in,completed,2026-08-30 13:11
KB0002328,P-000079,KH-DAL-02,Dallas,2026-05-08,walk-in,completed,2026-05-08 10:29
KB0011665,P-001937,KH-PHX-03,Phoenix,2026-09-30,online,completed,2026-09-30 11:47
KB0000079,P-000521,KH-DAL-02,Dallas,2026-04-02,phone,completed,2026-04-02 12:20
KB0004465,P-001973,KH-PHX-03,Phoenix,2026-06-11,at-home,completed,2026-06-11 10:11
KB0010032,P-000260,KH-DAL-03,Dallas,2026-09-06,at-home,completed,2026-09-06 17:39
KB0006874,P-002024,KH-PHX-02,Phoenix,2026-07-19,phone,completed,2026-07-19 11:43
KB0009359,P-000919,KH-DAL-01,Dallas,2026-08-27,online,completed,2026-08-27 14:21
KB0009832,P-002166,KH-PHX-01,Phoenix,2026-09-03,walk-in,completed,2026-09-03 09:02
KB0001992,P-005850,KH-PHI-02,Philadelphia,2026-05-02,walk-in,completed,2026-05-02 09:16
KB0011118,P-005610,KH-ATL-02,Atlanta,2026-09-22,walk-in,completed,2026-09-22 12:21
KB0005705,P-000642,KH-DAL-01,Dallas,2026-07-01,walk-in,completed,2026-07-01 19:56
KB0005202,P-000731,KH-DAL-02,Dallas,2026-06-23,walk-in,completed,2026-06-23 17:34
KB0006999,P-001736,KH-PHX-02,Phoenix,2026-07-21,walk-in,completed,2026-07-21 13:38
KB0004449,P-000236,KH-DAL-03,Dallas,2026-06-11,walk-in,completed,2026-06-11 17:42
KB0010647,P-005568,KH-ATL-02,Atlanta,2026-09-15,online,completed,2026-09-15 16:28
KB0011490,P-000755,KH-DAL-02,Dallas,2026-09-28,online,completed,2026-09-28 16:19
KB0006119,P-004027,KH-CHI-03,Chicago,2026-07-07,walk-in,completed,2026-07-07 14:26
KB0000768,P-006539,KH-PHI-03,Philadelphia,2026-04-12,at-home,completed,2026-04-12 12:22
KB0006977,P-006498,KH-PHI-02,Philadelphia,2026-07-20,at-home,completed,2026-07-20 09:08
KB0006045,P-004867,KH-CHI-01,Chicago,2026-07-06,walk-in,completed,2026-07-06 12:08
KB0006592,P-000124,KH-DAL-03,Dallas,2026-07-15,phone,completed,2026-07-15 12:47
KB0010093,P-002351,KH-PHX-02,Phoenix,2026-09-07,online,completed,2026-09-07 18:11
KB0000610,P-001358,KH-PHX-01,Phoenix,2026-04-10,online,completed,2026-04-10 12:13
KB0001189,P-003908,KH-NYC-02,New York,2026-04-19,walk-in,completed,2026-04-19 14:20
KB0006414,P-000075,KH-DAL-02,Dallas,2026-07-12,walk-in,completed,2026-07-12 10:46
KB0008018,P-002112,KH-PHX-03,Phoenix,2026-08-06,at-home,completed,2026-08-06 17:23
KB0005270,P-000309,KH-DAL-02,Dallas,2026-06-24,at-home,completed,2026-06-24 15:51
KB0001103,P-005976,KH-PHI-01,Philadelphia,2026-04-17,walk-in,completed,2026-04-17 11:46
KB0003658,P-003615,KH-NYC-03,New York,2026-05-29,walk-in,completed,2026-05-29 19:29
KB0008153,P-003034,KH-NYC-01,New York,2026-08-08,online,completed,2026-08-08 17:23
KB0007381,P-001616,KH-PHX-01,Phoenix,2026-07-27,online,completed,2026-07-27 18:00
KB0007120,P-000124,KH-DAL-03,Dallas,2026-07-23,online,completed,2026-07-23 08:17
KB0000954,P-005483,KH-ATL-02,Atlanta,2026-04-15,online,completed,2026-04-15 12:25
KB0011361,P-000326,KH-DAL-01,Dallas,2026-09-26,walk-in,completed,2026-09-26 13:31
KB0003376,P-001863,KH-PHX-03,Phoenix,2026-05-25,online,completed,2026-05-25 12:40
KB0008049,P-006446,KH-PHI-01,Philadelphia,2026-08-06,phone,completed,2026-08-06 10:19
KB0011400,P-002504,KH-NYC-01,New York,2026-09-26,phone,completed,2026-09-26 13:52
KB0008266,P-001603,KH-PHX-01,Phoenix,2026-08-10,at-home,completed,2026-08-10 10:55
KB0002152,P-001276,KH-PHX-02,Phoenix,2026-05-05,,completed,2026-05-05 10:36
KB0003739,P-005412,KH-ATL-02,Atlanta,2026-05-30,online,completed,2026-05-30 12:19
KB0001673,P-005931,KH-PHI-03,Philadelphia,2026-04-27,online,completed,2026-04-27 18:37
KB0002430,P-005668,KH-ATL-01,Atlanta,2026-05-09,walk-in,completed,2026-05-09 10:01
KB0004539,P-003339,KH-NYC-03,New York,2026-06-12,walk-in,completed,2026-06-12 14:42
KB0008064,P-000657,KH-DAL-03,Dallas,2026-08-07,online,completed,2026-08-07 10:51
KB0006555,P-002808,KH-NYC-01,New York,2026-07-14,online,completed,2026-07-14 19:20
KB0008994,P-000038,KH-DAL-03,Dallas,2026-08-21,online,completed,2026-08-21 18:36
KB0007779,P-004688,KH-CHI-03,Chicago,2026-08-02,at-home,completed,2026-08-02 18:27
KB0009925,P-003659,KH-NYC-02,New York,2026-09-04,at-home,completed,2026-09-04 08:30
KB0005364,P-004715,KH-CHI-01,Chicago,2026-06-25,walk-in,completed,2026-06-25 13:20
KB0001768,P-003339,KH-NYC-03,New York,2026-04-29,walk-in,completed,2026-04-29 18:13
KB0001583,P-000936,KH-DAL-02,Dallas,2026-04-26,walk-in,completed,2026-04-26 19:14
KB0000796,P-003531,KH-NYC-01,New York,2026-04-13,walk-in,completed,2026-04-13 08:44
KB0004690,P-000067,KH-DAL-02,Dallas,2026-06-15,online,completed,2026-06-15 14:54
KB0000561,P-003802,KH-NYC-02,New York,2026-04-09,at-home,completed,2026-04-09 11:12
KB0000893,P-006555,KH-PHI-03,Philadelphia,2026-04-14,at-home,completed,2026-04-14 09:55
KB0003712,P-001715,KH-PHX-03,Phoenix,2026-05-30,at-home,completed,2026-05-30 11:40
KB0005893,P-000808,KH-DAL-01,Dallas,2026-07-04,phone,completed,2026-07-04 12:40
KB0006311,P-003415,KH-NYC-03,New York,2026-07-10,online,completed,2026-07-10 19:06
KB0006463,P-002392,KH-PHX-02,Phoenix,2026-07-13,at-home,completed,2026-07-13 21:45
KB0011162,P-002317,KH-PHX-03,Phoenix,2026-09-23,phone,completed,2026-09-23 15:21
KB0005883,P-005342,KH-ATL-02,Atlanta,2026-07-03,walk-in,completed,2026-07-03 08:58
KB0009559,P-000820,KH-DAL-01,Dallas,2026-08-30,walk-in,completed,2026-08-30 17:26
KB0008738,P-003944,KH-NYC-03,New York,2026-08-17,walk-in,completed,2026-08-17 08:09
KB0008709,P-000315,KH-DAL-03,Dallas,2026-08-17,online,completed,2026-08-17 16:09
KB0003094,P-002982,KH-NYC-01,New York,2026-05-20,online,completed,2026-05-20 19:04
KB0004661,P-001512,KH-PHX-01,Phoenix,2026-06-14,phone,completed,2026-06-14 15:58
KB0009484,P-001113,KH-DAL-01,Dallas,2026-08-29,walk-in,completed,2026-08-29 19:24
KB0010372,P-002023,KH-PHX-03,Phoenix,2026-09-11,walk-in,completed,2026-09-11 16:41
KB0008689,P-005661,KH-ATL-01,Atlanta,2026-08-16,walk-in,completed,2026-08-16 15:20
KB0003500,P-001930,KH-PHX-02,Phoenix,2026-05-27,online,completed,2026-05-27 10:15
KB0002350,P-003888,KH-NYC-03,New York,2026-05-08,online,completed,2026-05-08 18:24
KB0010644,P-005473,KH-ATL-01,Atlanta,2026-09-15,phone,completed,2026-09-15 11:43
KB0009578,P-003210,KH-NYC-02,New York,2026-08-30,online,completed,2026-08-30 09:10
KB0009409,P-005770,KH-PHI-01,Philadelphia,2026-08-27,walk-in,completed,2026-08-27 13:42
KB0011210,P-001004,KH-DAL-02,Dallas,2026-09-24,walk-in,completed,2026-09-24 17:41
KB0001964,P-002949,KH-NYC-02,New York,2026-05-02,walk-in,completed,2026-05-02 19:29
KB0007946,P-002317,KH-PHX-02,Phoenix,2026-08-05,walk-in,completed,2026-08-05 13:20
KB0003704,P-001738,KH-PHX-03,Phoenix,2026-05-30,walk-in,completed,2026-05-30 10:23
KB0010961,P-001283,KH-PHX-01,Phoenix,2026-09-20,walk-in,completed,2026-09-20 18:40
KB0002598,P-003069,KH-NYC-01,New York,2026-05-12,walk-in,completed,2026-05-12 12:18
KB0004426,P-005523,KH-ATL-02,Atlanta,2026-06-10,online,completed,2026-06-10 14:45
KB0004094,P-002838,KH-NYC-02,New York,2026-06-05,walk-in,completed,2026-06-05 19:14
KB0009901,P-001546,KH-PHX-03,Phoenix,2026-09-04,walk-in,completed,2026-09-04 13:37
KB0008236,P-005136,KH-ATL-01,Atlanta,2026-08-09,phone,completed,2026-08-09 10:07
KB0002851,P-003805,KH-NYC-03,New York,2026-05-16,phone,completed,2026-05-16 12:37
KB0011027,P-003335,KH-NYC-02,New York,2026-09-21,phone,completed,2026-09-21 12:54
KB0011019,P-001301,KH-PHX-02,Phoenix,2026-09-21,walk-in,completed,2026-09-21 17:59
KB0010930,P-005038,KH-ATL-02,Atlanta,2026-09-19,phone,completed,2026-09-19 11:01
KB0004129,P-006537,KH-PHI-03,Philadelphia,2026-06-05,phone,completed,2026-06-05 14:35
KB0000142,P-006427,KH-PHI-02,Philadelphia,2026-04-02,online,completed,2026-04-02 08:16
KB0000515,P-004866,KH-CHI-02,Chicago,2026-04-08,walk-in,completed,2026-04-08 18:29
KB0010208,P-000455,KH-DAL-02,Dallas,2026-09-09,walk-in,completed,2026-09-09 19:32
KB0004741,P-006284,KH-PHI-03,Philadelphia,2026-06-15,walk-in,completed,2026-06-15 11:36
KB0004328,P-001584,KH-PHX-03,Phoenix,2026-06-09,walk-in,completed,2026-06-09 13:50
KB0009010,P-001734,KH-PHX-01,Phoenix,2026-08-21,at-home,completed,2026-08-21 17:09
KB0004126,P-005372,KH-ATL-02,Atlanta,2026-06-05,walk-in,completed,2026-06-05 08:54
KB0000057,P-005919,KH-PHI-03,Philadelphia,2026-04-01,phone,completed,2026-04-01 14:43
KB0005139,P-000731,KH-DAL-03,Dallas,2026-06-22,walk-in,completed,2026-06-22 17:31
KB0001038,P-001153,KH-DAL-01,Dallas,2026-04-17,walk-in,completed,2026-04-17 10:57
KB0008295,P-005374,KH-ATL-02,Atlanta,2026-08-10,online,completed,2026-08-10 12:04
KB0004210,P-001750,KH-PHX-01,Phoenix,2026-06-07,online,completed,2026-06-07 13:47
KB0000200,P-004402,KH-CHI-01,Chicago,2026-04-03,walk-in,completed,2026-04-03 18:30
KB0001794,P-005480,KH-ATL-02,Atlanta,2026-04-29,phone,completed,2026-04-29 12:32
KB0010125,P-005356,KH-ATL-02,Atlanta,2026-09-07,walk-in,completed,2026-09-07 17:27
KB0004469,P-001428,KH-PHX-01,Phoenix,2026-06-11,online,completed,2026-06-11 17:50
KB0005645,P-002393,KH-PHX-01,Phoenix,2026-06-30,walk-in,completed,2026-06-30 14:06
KB0004425,P-005699,KH-ATL-01,Atlanta,2026-06-10,phone,completed,2026-06-10 13:10
KB0005013,P-006416,KH-PHI-02,Philadelphia,2026-06-19,walk-in,completed,2026-06-19 15:35
KB0001080,P-003638,KH-NYC-03,New York,2026-04-17,phone,completed,2026-04-17 11:27
KB0000811,P-004426,KH-CHI-02,Chicago,2026-04-13,walk-in,completed,2026-04-13 18:02
KB0009617,P-000047,KH-DAL-02,Dallas,2026-08-31,online,completed,2026-08-31 14:13
KB0005962,P-002164,KH-PHX-03,Phoenix,2026-07-05,at-home,completed,2026-07-05 11:24
KB0002337,P-001836,KH-PHX-01,Phoenix,2026-05-08,online,completed,2026-05-08 12:45
KB0001498,P-004719,KH-CHI-01,Chicago,2026-04-24,at-home,completed,2026-04-24 11:13
KB0008834,P-005966,KH-PHI-01,Philadelphia,2026-08-18,online,completed,2026-08-18 17:15
KB0004076,P-000152,KH-DAL-01,Dallas,2026-06-05,online,completed,2026-06-05 13:50
KB0004348,P-004116,KH-CHI-03,Chicago,2026-06-09,walk-in,completed,2026-06-09 15:07
KB0011207,P-000900,KH-DAL-03,Dallas,2026-09-24,walk-in,completed,2026-09-24 15:56
KB0006279,P-000219,KH-DAL-03,Dallas,2026-07-10,walk-in,completed,2026-07-10 13:23
KB0008583,P-000135,KH-DAL-03,Dallas,2026-08-15,at-home,completed,2026-08-15 18:09
KB0000933,P-002849,KH-NYC-03,New York,2026-04-15,walk-in,completed,2026-04-15 12:15
KB0010360,P-002324,KH-PHX-03,Phoenix,2026-09-11,walk-in,completed,2026-09-11 19:31
KB0006804,P-000280,KH-DAL-01,Dallas,2026-07-18,phone,completed,2026-07-18 09:36
KB0002327,P-000814,KH-DAL-03,Dallas,2026-05-08,phone,completed,2026-05-08 18:16
KB0003959,P-002442,KH-PHX-01,Phoenix,2026-06-03,walk-in,completed,2026-06-03 13:50
KB0010371,P-002370,KH-PHX-02,Phoenix,2026-09-11,walk-in,completed,2026-09-11 18:29
KB0005045,P-003931,KH-NYC-03,New York,2026-06-20,walk-in,completed,2026-06-20 14:50
KB0010610,P-000697,KH-DAL-01,Dallas,2026-09-15,phone,completed,2026-09-15 13:06
KB0003778,P-004272,KH-CHI-01,Chicago,2026-05-31,online,completed,2026-05-31 18:32
KB0002265,P-001872,KH-PHX-01,Phoenix,2026-05-07,phone,completed,2026-05-07 09:39
KB0005960,P-001087,KH-DAL-03,Dallas,2026-07-05,phone,completed,2026-07-05 12:16
KB0009115,P-000878,KH-DAL-03,Dallas,2026-08-23,phone,completed,2026-08-23 16:46
KB0002126,P-006700,KH-PHI-01,Philadelphia,2026-05-04,walk-in,completed,2026-05-04 08:06
KB0007471,P-005248,KH-ATL-02,Atlanta,2026-07-28,online,completed,2026-07-28 16:48
KB0004891,P-000112,KH-DAL-01,Dallas,2026-06-18,online,cancelled,2026-06-18 10:47
KB0000275,P-005258,KH-ATL-02,Atlanta,2026-04-04,walk-in,completed,2026-04-04 14:14
KB0004021,P-002014,KH-PHX-01,Phoenix,2026-06-04,online,completed,2026-06-04 10:25
KB0008598,P-001616,KH-PHX-02,Phoenix,2026-08-15,walk-in,completed,2026-08-15 16:59
KB0004842,P-001774,KH-PHX-01,Phoenix,2026-06-17,walk-in,completed,2026-06-17 18:05
KB0008903,P-006440,KH-PHI-01,Philadelphia,2026-08-19,at-home,completed,2026-08-19 17:31
KB0005363,P-003998,KH-CHI-03,Chicago,2026-06-25,online,completed,2026-06-25 17:40
KB0008121,P-005467,KH-ATL-02,Atlanta,2026-08-07,walk-in,completed,2026-08-07 17:35
KB0011554,P-001110,KH-DAL-01,Dallas,2026-09-29,walk-in,completed,2026-09-29 08:11
KB0000074,P-000376,KH-DAL-02,Dallas,2026-04-02,online,completed,2026-04-02 09:32
KB0006577,P-006104,KH-PHI-03,Philadelphia,2026-07-14,walk-in,completed,2026-07-14 08:28
KB0011462,P-003176,KH-NYC-01,New York,2026-09-27,phone,completed,2026-09-27 09:25
KB0006123,P-005676,KH-ATL-02,Atlanta,2026-07-07,phone,completed,2026-07-07 10:01
KB0003700,P-000313,KH-DAL-01,Dallas,2026-05-30,online,completed,2026-05-30 10:49
KB0007158,P-003650,KH-NYC-01,New York,2026-07-23,walk-in,completed,2026-07-23 19:15
KB0010965,P-002244,KH-PHX-03,Phoenix,2026-09-20,walk-in,completed,2026-09-20 12:17
KB0002219,P-002366,KH-PHX-02,Phoenix,2026-05-06,walk-in,completed,2026-05-06 19:29
KB0003041,P-005130,KH-ATL-01,Atlanta,2026-05-19,phone,completed,2026-05-19 16:02
KB0007871,P-000384,KH-DAL-03,Dallas,2026-08-04,online,completed,2026-08-04 08:56
KB0001853,P-005569,KH-ATL-01,Atlanta,2026-04-30,walk-in,completed,2026-04-30 16:51
KB0009183,P-002252,KH-PHX-02,Phoenix,2026-08-24,walk-in,completed,2026-08-24 16:07
KB0005584,P-002114,KH-PHX-01,Phoenix,2026-06-29,at-home,completed,2026-06-29 17:58
KB0007792,P-005419,KH-ATL-03,Atlanta,2026-08-02,phone,completed,2026-08-02 18:07
KB0008704,P-001049,KH-DAL-02,Dallas,2026-08-17,online,completed,2026-08-17 19:53
KB0011228,P-002203,KH-PHX-03,Phoenix,2026-09-24,online,completed,2026-09-24 08:27
KB0002972,P-002974,KH-NYC-03,New York,2026-05-18,walk-in,completed,2026-05-18 13:48
KB0007478,P-005467,KH-ATL-02,Atlanta,2026-07-28,walk-in,completed,2026-07-28 16:10
KB0008309,P-005755,KH-PHI-02,Philadelphia,2026-08-10,phone,completed,2026-08-10 11:46
KB0005704,P-001199,KH-DAL-03,Dallas,2026-07-01,online,completed,2026-07-01 19:06
KB0007816,P-001965,KH-PHX-01,Phoenix,2026-08-03,walk-in,completed,2026-08-03 17:53
KB0008607,P-002187,KH-PHX-02,Phoenix,2026-08-15,walk-in,completed,2026-08-15 15:10
KB0001771,P-003936,KH-NYC-02,New York,2026-04-29,at-home,completed,2026-04-29 15:52
KB0002825,P-000087,KH-DAL-01,Dallas,2026-05-16,phone,completed,2026-05-16 17:36
KB0009921,P-002535,KH-NYC-03,New York,2026-09-04,walk-in,completed,2026-09-04 08:01
KB0007510,P-001488,KH-PHX-01,Phoenix,2026-07-29,online,completed,2026-07-29 12:54
KB0001991,P-005218,KH-ATL-02,Atlanta,2026-05-02,walk-in,completed,2026-05-02 19:48
KB0006323,P-005398,KH-ATL-01,Atlanta,2026-07-10,at-home,completed,2026-07-10 19:12
KB0010173,P-003459,KH-NYC-01,New York,2026-09-08,phone,completed,2026-09-08 16:21
KB0002576,P-002376,KH-PHX-02,Phoenix,2026-05-12,phone,completed,2026-05-12 14:50
KB0000109,P-002968,KH-NYC-02,New York,2026-04-02,online,completed,2026-04-02 18:07
KB0006693,P-003564,KH-NYC-03,New York,2026-07-16,walk-in,completed,2026-07-16 09:00
KB0003528,P-004539,KH-CHI-03,Chicago,2026-05-27,phone,completed,2026-05-27 16:10
KB0008368,P-005399,KH-ATL-03,Atlanta,2026-08-11,online,completed,2026-08-11 11:32
KB0009002,P-001571,KH-PHX-01,Phoenix,2026-08-21,walk-in,completed,2026-08-21 12:43
KB0006295,P-001923,KH-PHX-02,Phoenix,2026-07-10,online,completed,2026-07-10 09:18
KB0001340,P-000760,KH-DAL-02,Dallas,2026-04-22,online,completed,2026-04-22 09:45
KB0007805,P-000412,KH-DAL-02,Dallas,2026-08-03,walk-in,completed,2026-08-03 17:07
KB0010775,P-004702,KH-CHI-01,Chicago,2026-09-17,at-home,completed,2026-09-17 19:54
KB0003989,P-005311,KH-ATL-02,Atlanta,2026-06-03,at-home,completed,2026-06-03 19:36
KB0007016,P-003098,KH-NYC-01,New York,2026-07-21,at-home,completed,2026-07-21 09:53
KB0000694,P-003946,KH-NYC-03,New York,2026-04-11,online,completed,2026-04-11 15:15
KB0003992,P-005336,KH-ATL-02,Atlanta,2026-06-03,online,completed,2026-06-03 16:06
KB0005682,P-005038,KH-ATL-01,Atlanta,2026-06-30,walk-in,completed,2026-06-30 19:50
KB0005727,P-002507,KH-NYC-02,New York,2026-07-01,phone,completed,2026-07-01 14:51
KB0006754,P-003630,KH-NYC-03,New York,2026-07-17,phone,completed,2026-07-17 09:17
KB0003569,P-001401,KH-PHX-03,Phoenix,2026-05-28,phone,completed,2026-05-28 17:38
KB0007335,P-001567,KH-PHX-03,Phoenix,2026-07-26,online,completed,2026-07-26 18:55
KB0007949,P-001721,KH-PHX-03,Phoenix,2026-08-05,walk-in,completed,2026-08-05 14:49
KB0006864,P-000167,KH-DAL-01,Dallas,2026-07-19,online,completed,2026-07-19 09:30
KB0007861,P-001027,KH-DAL-02,Dallas,2026-08-04,walk-in,completed,2026-08-04 19:45
KB0007205,P-000476,KH-DAL-02,Dallas,2026-07-24,at-home,completed,2026-07-24 10:48
KB0003872,P-000096,KH-DAL-01,Dallas,2026-06-02,at-home,completed,2026-06-02 19:43
KB0006671,P-002115,KH-PHX-02,Phoenix,2026-07-16,walk-in,completed,2026-07-16 19:08
KB0004889,P-000319,KH-DAL-02,Dallas,2026-06-18,walk-in,completed,2026-06-18 15:11
KB0010649,P-005633,KH-ATL-01,Atlanta,2026-09-15,walk-in,completed,2026-09-15 18:21
KB0008796,P-003002,KH-NYC-03,New York,2026-08-18,walk-in,completed,2026-08-18 08:20
KB0002761,P-001001,KH-DAL-03,Dallas,2026-05-15,walk-in,completed,2026-05-15 15:30
KB0010441,P-001897,KH-PHX-03,Phoenix,2026-09-12,at-home,cancelled,2026-09-12 16:23
KB0005554,P-004964,KH-ATL-02,Atlanta,2026-06-28,online,completed,2026-06-28 08:06
KB0003213,P-003409,KH-NYC-02,New York,2026-05-22,online,completed,2026-05-22 18:09
KB0005547,P-004052,KH-CHI-03,Chicago,2026-06-28,phone,completed,2026-06-28 11:10
KB0004812,P-005090,KH-ATL-02,Atlanta,2026-06-16,walk-in,completed,2026-06-16 19:49
KB0007887,P-001264,KH-PHX-01,Phoenix,2026-08-04,walk-in,completed,2026-08-04 17:28
KB0007233,P-003988,KH-CHI-03,Chicago,2026-07-24,online,completed,2026-07-24 16:43
KB0005261,P-006440,KH-PHI-03,Philadelphia,2026-06-23,phone,completed,2026-06-23 16:54
KB0006584,P-000606,KH-DAL-02,Dallas,2026-07-15,walk-in,completed,2026-07-15 09:57
KB0008896,P-005343,KH-ATL-02,Atlanta,2026-08-19,at-home,completed,2026-08-19 14:11
KB0003413,P-006440,KH-PHI-03,Philadelphia,2026-05-25,walk-in,completed,2026-05-25 19:46
KB0011398,P-002775,KH-NYC-01,New York,2026-09-26,walk-in,completed,2026-09-26 14:29
KB0007328,P-000396,KH-DAL-02,Dallas,2026-07-26,online,completed,2026-07-26 13:47
KB0009478,P-006391,KH-PHI-03,Philadelphia,2026-08-28,walk-in,completed,2026-08-28 12:04
KB0001619,P-006537,KH-PHI-03,Philadelphia,2026-04-26,walk-in,completed,2026-04-26 10:53
KB0001517,P-000392,KH-DAL-01,Dallas,2026-04-25,walk-in,completed,2026-04-25 17:59
KB0003787,P-006388,KH-PHI-03,Philadelphia,2026-05-31,phone,completed,2026-05-31 19:18
KB0000086,P-001525,KH-PHX-03,Phoenix,2026-04-02,online,completed,2026-04-02 17:08
KB0007001,P-001573,KH-PHX-02,Phoenix,2026-07-21,walk-in,completed,2026-07-21 09:02
KB0008396,P-001438,KH-PHX-01,Phoenix,2026-08-12,walk-in,completed,2026-08-12 15:50
KB0002289,P-003535,KH-NYC-01,New York,2026-05-07,walk-in,completed,2026-05-07 12:21
KB0000484,P-002285,KH-PHX-03,Phoenix,2026-04-08,online,completed,2026-04-08 19:05
KB0004759,P-000930,KH-DAL-03,Dallas,2026-06-16,online,completed,2026-06-16 11:45
KB0004725,P-004293,KH-CHI-03,Chicago,2026-06-15,online,completed,2026-06-15 12:21
KB0005774,P-001978,KH-PHX-01,Phoenix,2026-07-02,walk-in,completed,2026-07-02 10:08
KB0010549,P-002166,KH-PHX-02,Phoenix,2026-09-14,walk-in,completed,2026-09-14 08:12
KB0001266,P-005493,KH-ATL-02,Atlanta,2026-04-20,online,completed,2026-04-20 19:28
KB0000446,P-004941,KH-CHI-01,Chicago,2026-04-07,online,completed,2026-04-07 11:26
KB0009130,P-001682,KH-PHX-02,Phoenix,2026-08-23,walk-in,completed,2026-08-23 14:03
KB0006268,P-005754,KH-PHI-01,Philadelphia,2026-07-09,online,completed,2026-07-09 16:09
KB0001984,P-005594,KH-ATL-02,Atlanta,2026-05-02,at-home,completed,2026-05-02 08:58
KB0001228,P-002317,KH-PHX-03,Phoenix,2026-04-20,online,completed,2026-04-20 18:53
KB0005058,P-004875,KH-CHI-01,Chicago,2026-06-20,walk-in,completed,2026-06-20 10:43
KB0010289,P-002272,KH-PHX-01,Phoenix,2026-09-10,walk-in,completed,2026-09-10 17:33
KB0010799,P-000276,KH-DAL-02,Dallas,2026-09-18,online,completed,2026-09-18 16:31
KB0001158,P-005010,KH-ATL-02,Atlanta,2026-04-18,walk-in,completed,2026-04-18 09:21
KB0003928,P-006408,KH-PHI-01,Philadelphia,2026-06-02,online,completed,2026-06-02 16:21
KB0008817,P-005661,KH-ATL-02,Atlanta,2026-08-18,walk-in,completed,2026-08-18 14:10
KB0000599,P-000097,KH-DAL-01,Dallas,2026-04-10,phone,completed,2026-04-10 17:25
KB0004489,P-005698,KH-ATL-02,Atlanta,2026-06-11,at-home,completed,2026-06-11 19:19
KB0004127,P-005720,KH-ATL-02,Atlanta,2026-06-05,walk-in,completed,2026-06-05 19:09
KB0005507,P-006689,KH-PHI-02,Philadelphia,2026-06-27,walk-in,completed,2026-06-27 15:46
KB0001173,P-001309,KH-PHX-01,Phoenix,2026-04-19,online,completed,2026-04-19 10:01
KB0001760,P-002194,KH-PHX-03,Phoenix,2026-04-29,walk-in,cancelled,2026-04-29 14:39
KB0000233,P-000819,KH-DAL-02,Dallas,2026-04-04,phone,completed,2026-04-04 14:56
KB0011325,P-003731,KH-NYC-01,New York,2026-09-25,phone,completed,2026-09-25 11:22
KB0002809,P-005469,KH-ATL-03,Atlanta,2026-05-15,online,completed,2026-05-15 09:18
KB0006980,P-006448,KH-PHI-03,Philadelphia,2026-07-20,walk-in,completed,2026-07-20 15:39
KB0004995,P-004524,KH-CHI-02,Chicago,2026-06-19,online,completed,2026-06-19 19:28
KB0003981,P-004276,KH-CHI-01,Chicago,2026-06-03,walk-in,completed,2026-06-03 15:38
KB0011183,P-003360,KH-NYC-01,New York,2026-09-23,at-home,completed,2026-09-23 14:55
KB0007186,P-005856,KH-PHI-03,Philadelphia,2026-07-23,online,completed,2026-07-23 12:30
KB0006228,P-001776,KH-PHX-03,Phoenix,2026-07-09,online,completed,2026-07-09 12:03
KB0000873,P-004153,KH-CHI-02,Chicago,2026-04-14,phone,completed,2026-04-14 10:05
KB0010000,P-004236,KH-CHI-01,Chicago,2026-09-05,walk-in,completed,2026-09-05 18:17
KB0005741,P-005001,KH-ATL-02,Atlanta,2026-07-01,walk-in,completed,2026-07-01 13:38
KB0002499,P-000716,KH-DAL-02,Dallas,2026-05-11,walk-in,completed,2026-05-11 17:21
KB0008577,P-000793,KH-DAL-01,Dallas,2026-08-15,walk-in,completed,2026-08-15 18:21
KB0005042,P-001278,KH-PHX-02,Phoenix,2026-06-20,online,cancelled,2026-06-20 12:32
KB0005810,P-005473,KH-ATL-01,Atlanta,2026-07-02,walk-in,completed,2026-07-02 15:02
KB0006065,P-000144,KH-DAL-03,Dallas,2026-07-07,online,completed,2026-07-07 18:48
KB0000244,P-001252,KH-PHX-02,Phoenix,2026-04-04,phone,completed,2026-04-04 19:00
KB0000415,P-000741,KH-DAL-03,Dallas,2026-04-07,walk-in,completed,2026-04-07 18:58
KB0006367,P-002289,KH-PHX-03,Phoenix,2026-07-11,phone,completed,2026-07-11 15:27
KB0001303,P-002461,KH-NYC-03,New York,2026-04-21,online,completed,2026-04-21 14:27
KB0000522,P-005944,KH-PHI-02,Philadelphia,2026-04-08,walk-in,completed,2026-04-08 12:18
KB0001500,P-005280,KH-ATL-02,Atlanta,2026-04-24,walk-in,completed,2026-04-24 11:27
KB0008514,P-000477,KH-DAL-01,Dallas,2026-08-14,walk-in,completed,2026-08-14 15:27
KB0009483,P-005928,KH-PHI-03,Philadelphia,2026-08-28,walk-in,completed,2026-08-28 09:14
KB0007448,P-002243,KH-PHX-02,Phoenix,2026-07-28,online,completed,2026-07-28 17:51
KB0005122,P-004492,KH-CHI-01,Chicago,2026-06-21,walk-in,completed,2026-06-21 09:40
KB0007848,P-005698,KH-ATL-02,Atlanta,2026-08-03,at-home,completed,2026-08-03 17:23
KB0003441,P-001721,KH-PHX-02,Phoenix,2026-05-26,phone,completed,2026-05-26 12:50
KB0005085,P-001228,KH-DAL-02,Dallas,2026-06-21,online,completed,2026-06-21 14:02
KB0000421,P-000652,KH-DAL-03,Dallas,2026-04-07,walk-in,completed,2026-04-07 16:54
KB0008124,P-006690,KH-PHI-01,Philadelphia,2026-08-07,walk-in,completed,2026-08-07 11:26
KB0000008,P-000778,KH-DAL-03,Dallas,2026-04-01,phone,completed,2026-04-01 12:36
KB0003308,P-006236,KH-PHI-03,Philadelphia,2026-05-23,walk-in,cancelled,2026-05-23 12:49
KB0007311,P-005385,KH-ATL-02,Atlanta,2026-07-25,phone,completed,2026-07-25 18:27
KB0008123,P-005712,KH-ATL-02,Atlanta,2026-08-07,walk-in,completed,2026-08-07 12:49
KB0007049,P-000559,KH-DAL-01,Dallas,2026-07-22,phone,completed,2026-07-22 10:29
KB0011108,P-003854,KH-NYC-01,New York,2026-09-22,phone,completed,2026-09-22 11:55
KB0009159,P-000808,KH-DAL-01,Dallas,2026-08-24,walk-in,completed,2026-08-24 08:04
KB0002676,P-006332,KH-PHI-02,Philadelphia,2026-05-13,phone,completed,2026-05-13 13:43
KB0007207,P-000348,KH-DAL-02,Dallas,2026-07-24,phone,completed,2026-07-24 11:07
KB0002932,P-000288,KH-DAL-02,Dallas,2026-05-18,walk-in,completed,2026-05-18 18:04
KB0011456,P-002428,KH-PHX-01,Phoenix,2026-09-27,walk-in,completed,2026-09-27 08:41
KB0010603,P-000818,KH-DAL-01,Dallas,2026-09-15,online,cancelled,2026-09-15 11:50
KB0006572,P-005708,KH-ATL-02,Atlanta,2026-07-14,walk-in,completed,2026-07-14 08:56
KB0009883,P-000079,KH-DAL-02,Dallas,2026-09-04,online,completed,2026-09-04 19:05
KB0004409,P-003723,KH-NYC-01,New York,2026-06-10,online,completed,2026-06-10 15:47
KB0001957,P-001968,KH-PHX-01,Phoenix,2026-05-02,walk-in,completed,2026-05-02 09:17
KB0003310,P-006142,KH-PHI-03,Philadelphia,2026-05-23,at-home,completed,2026-05-23 10:02
KB0004067,P-001025,KH-DAL-01,Dallas,2026-06-05,walk-in,completed,2026-06-05 14:15
KB0004312,P-000797,KH-DAL-01,Dallas,2026-06-09,walk-in,completed,2026-06-09 19:00
KB0004750,P-000556,KH-DAL-02,Dallas,2026-06-16,at-home,completed,2026-06-16 10:06
KB0000288,P-006249,KH-PHI-02,Philadelphia,2026-04-04,phone,completed,2026-04-04 10:54
KB0006759,P-003062,KH-NYC-01,New York,2026-07-17,phone,completed,2026-07-17 09:22
KB0002022,P-002617,KH-NYC-02,New York,2026-05-03,online,completed,2026-05-03 15:07
KB0001748,P-000986,KH-DAL-03,Dallas,2026-04-29,online,completed,2026-04-29 14:56
KB0005088,P-000371,KH-DAL-03,Dallas,2026-06-21,online,completed,2026-06-21 11:37
KB0008582,P-001135,KH-DAL-02,Dallas,2026-08-15,at-home,completed,2026-08-15 17:32
KB0011536,P-005121,KH-ATL-02,Atlanta,2026-09-28,phone,completed,2026-09-28 09:18
KB0002138,P-000882,KH-DAL-01,Dallas,2026-05-05,walk-in,completed,2026-05-05 19:01
KB0010520,P-005190,KH-ATL-02,Atlanta,2026-09-13,walk-in,completed,2026-09-13 19:33
KB0007850,P-005498,KH-ATL-02,Atlanta,2026-08-03,walk-in,completed,2026-08-03 15:55
KB0007301,P-004084,KH-CHI-01,Chicago,2026-07-25,walk-in,completed,2026-07-25 12:50
KB0001770,P-003754,KH-NYC-01,New York,2026-04-29,walk-in,completed,2026-04-29 12:55
KB0006898,P-004533,KH-CHI-01,Chicago,2026-07-19,walk-in,completed,2026-07-19 10:45
KB0005234,P-003709,KH-NYC-02,New York,2026-06-23,at-home,completed,2026-06-23 18:44
KB0008405,P-001941,KH-PHX-03,Phoenix,2026-08-12,walk-in,completed,2026-08-12 11:43
KB0008363,P-005521,KH-ATL-02,Atlanta,2026-08-11,online,completed,2026-08-11 11:00
KB0007129,P-001242,KH-DAL-03,Dallas,2026-07-23,walk-in,completed,2026-07-23 10:40
KB0003482,P-001107,KH-DAL-02,Dallas,2026-05-27,at-home,completed,2026-05-27 13:18
KB0011455,P-001913,KH-PHX-01,Phoenix,2026-09-27,online,completed,2026-09-27 12:29
KB0009272,P-004953,KH-ATL-02,Atlanta,2026-08-25,at-home,completed,2026-08-25 19:52
KB0001681,P-006678,KH-PHI-03,Philadelphia,2026-04-27,online,completed,2026-04-27 09:43
KB0010322,P-005038,KH-ATL-03,Atlanta,2026-09-10,at-home,completed,2026-09-10 11:12
KB0002497,P-006566,KH-PHI-01,Philadelphia,2026-05-10,at-home,completed,2026-05-10 11:45
KB0008275,P-001550,KH-PHX-02,Phoenix,2026-08-10,phone,cancelled,2026-08-10 18:19
KB0003287,P-004155,KH-CHI-02,Chicago,2026-05-23,at-home,completed,2026-05-23 14:19
KB0008508,P-006583,KH-PHI-01,Philadelphia,2026-08-13,online,completed,2026-08-13 17:39
KB0005877,P-005600,KH-ATL-01,Atlanta,2026-07-03,at-home,completed,2026-07-03 13:43
KB0004054,P-005371,KH-ATL-02,Atlanta,2026-06-04,online,completed,2026-06-04 13:21
KB0005956,P-000227,KH-DAL-03,Dallas,2026-07-05,phone,completed,2026-07-05 13:00
KB0000745,P-001270,KH-PHX-02,Phoenix,2026-04-12,at-home,completed,2026-04-12 10:16
KB0003606,P-005610,KH-ATL-01,Atlanta,2026-05-28,phone,completed,2026-05-28 16:50
KB0000263,P-004580,KH-CHI-03,Chicago,2026-04-04,walk-in,completed,2026-04-04 17:44
KB0005709,P-001970,KH-PHX-03,Phoenix,2026-07-01,walk-in,completed,2026-07-01 08:06
KB0008778,P-000971,KH-DAL-03,Dallas,2026-08-18,online,completed,2026-08-18 08:45
KB0001904,P-004465,KH-CHI-01,Chicago,2026-05-01,walk-in,completed,2026-05-01 11:48
KB0000774,P-001133,KH-DAL-03,Dallas,2026-04-13,online,completed,2026-04-13 09:38
KB0002955,P-002360,KH-PHX-02,Phoenix,2026-05-18,online,completed,2026-05-18 10:33
KB0003236,P-006142,KH-PHI-02,Philadelphia,2026-05-22,online,completed,2026-05-22 12:21
KB0010003,P-005072,KH-ATL-02,Atlanta,2026-09-05,phone,completed,2026-09-05 18:01
KB0003255,P-001935,KH-PHX-02,Phoenix,2026-05-23,phone,completed,2026-05-23 09:42
KB0003377,P-002207,KH-PHX-01,Phoenix,2026-05-25,phone,completed,2026-05-25 17:20
KB0007810,P-000314,KH-DAL-01,Dallas,2026-08-03,walk-in,completed,2026-08-03 19:53
KB0001959,P-002926,KH-NYC-03,New York,2026-05-02,walk-in,completed,2026-05-02 15:18
KB0007339,P-001874,KH-PHX-02,Phoenix,2026-07-26,phone,completed,2026-07-26 15:44
KB0007080,P-002198,KH-PHX-01,Phoenix,2026-07-22,online,completed,2026-07-22 19:26
KB0007290,P-003195,KH-NYC-01,New York,2026-07-25,at-home,completed,2026-07-25 14:21
KB0006016,P-001860,KH-PHX-02,Phoenix,2026-07-06,phone,completed,2026-07-06 18:51
KB0004849,P-001530,KH-PHX-01,Phoenix,2026-06-17,phone,completed,2026-06-17 08:25
KB0008024,P-003813,KH-NYC-03,New York,2026-08-06,walk-in,completed,2026-08-06 11:28
KB0002457,P-001155,KH-DAL-02,Dallas,2026-05-10,walk-in,cancelled,2026-05-10 10:30
KB0001686,P-000546,KH-DAL-01,Dallas,2026-04-28,online,completed,2026-04-28 09:51
KB0008333,P-002004,KH-PHX-03,Phoenix,2026-08-11,walk-in,completed,2026-08-11 10:43
KB0000466,P-000305,KH-DAL-01,Dallas,2026-04-08,at-home,completed,2026-04-08 15:09
KB0006885,P-003392,KH-NYC-03,New York,2026-07-19,walk-in,completed,2026-07-19 16:07
KB0000799,P-002761,KH-NYC-02,New York,2026-04-13,walk-in,completed,2026-04-13 16:22
KB0009119,P-000414,KH-DAL-02,Dallas,2026-08-23,walk-in,completed,2026-08-23 11:11
KB0007345,P-003308,KH-NYC-01,New York,2026-07-26,phone,completed,2026-07-26 14:12
KB0008652,P-001187,KH-DAL-02,Dallas,2026-08-16,phone,completed,2026-08-16 12:51
KB0008931,P-002377,KH-PHX-02,Phoenix,2026-08-20,online,completed,2026-08-20 17:19
KB0003418,P-001019,KH-DAL-01,Dallas,2026-05-26,online,completed,2026-05-26 08:21
KB0007312,P-006439,KH-PHI-02,Philadelphia,2026-07-25,walk-in,completed,2026-07-25 08:34
KB0007724,P-004233,KH-CHI-03,Chicago,2026-08-01,walk-in,completed,2026-08-01 12:29
KB0000056,P-005385,KH-ATL-01,Atlanta,2026-04-01,online,completed,2026-04-01 09:43
KB0000860,P-002317,KH-PHX-01,Phoenix,2026-04-14,phone,completed,2026-04-14 16:54
KB0006895,P-004941,KH-CHI-02,Chicago,2026-07-19,online,completed,2026-07-19 15:16
KB0008287,P-003024,KH-NYC-03,New York,2026-08-10,phone,completed,2026-08-10 16:12
KB0010390,P-005040,KH-ATL-02,Atlanta,2026-09-11,walk-in,completed,2026-09-11 17:01
KB0005875,P-004171,KH-CHI-02,Chicago,2026-07-03,walk-in,completed,2026-07-03 18:52
KB0011175,P-003200,KH-NYC-03,New York,2026-09-23,walk-in,cancelled,2026-09-23 17:32
KB0005236,P-004305,KH-CHI-02,Chicago,2026-06-23,walk-in,completed,2026-06-23 12:36
KB0008587,P-000665,KH-DAL-03,Dallas,2026-08-15,online,completed,2026-08-15 10:53
KB0002732,P-005119,KH-ATL-01,Atlanta,2026-05-14,walk-in,completed,2026-05-14 13:48
KB0006918,P-000992,KH-DAL-02,Dallas,2026-07-20,walk-in,completed,2026-07-20 09:04
KB0008888,P-004500,KH-CHI-03,Chicago,2026-08-19,phone,cancelled,2026-08-19 17:25
KB0001084,P-004730,KH-CHI-03,Chicago,2026-04-17,phone,completed,2026-04-17 09:17
KB0003416,P-005923,KH-PHI-03,Philadelphia,2026-05-25,online,completed,2026-05-25 16:07
KB0011487,P-000559,KH-DAL-02,Dallas,2026-09-28,walk-in,completed,2026-09-28 09:06
KB0011424,P-005133,KH-ATL-02,Atlanta,2026-09-26,phone,completed,2026-09-26 11:37
KB0006052,P-005253,KH-ATL-02,Atlanta,2026-07-06,walk-in,completed,2026-07-06 16:06
KB0005367,P-004300,KH-CHI-03,Chicago,2026-06-25,walk-in,completed,2026-06-25 10:33
KB0008130,P-006410,KH-PHI-02,Philadelphia,2026-08-07,online,completed,2026-08-07 09:52
KB0003479,P-006095,KH-PHI-03,Philadelphia,2026-05-26,online,completed,2026-05-26 17:03
KB0010498,P-001963,KH-PHX-02,Phoenix,2026-09-13,walk-in,completed,2026-09-13 18:06
KB0003329,P-002865,KH-NYC-02,New York,2026-05-24,at-home,completed,2026-05-24 18:30
KB0009963,P-000679,KH-DAL-03,Dallas,2026-09-05,walk-in,completed,2026-09-05 18:30
KB0000898,P-006425,KH-PHI-01,Philadelphia,2026-04-14,online,completed,2026-04-14 12:14
KB0008445,P-000418,KH-DAL-01,Dallas,2026-08-13,walk-in,completed,2026-08-13 13:10
KB0003249,P-000692,KH-DAL-02,Dallas,2026-05-23,walk-in,completed,2026-05-23 17:32
KB0006187,P-004103,KH-CHI-03,Chicago,2026-07-08,online,completed,2026-07-08 10:16
KB0010187,P-004939,KH-CHI-02,Chicago,2026-09-08,walk-in,completed,2026-09-08 13:19
KB0001179,P-001614,KH-PHX-01,Phoenix,2026-04-19,online,completed,2026-04-19 19:00
KB0009395,P-004884,KH-CHI-01,Chicago,2026-08-27,online,completed,2026-08-27 16:41
KB0001782,P-004272,KH-CHI-02,Chicago,2026-04-29,walk-in,completed,2026-04-29 09:45
KB0000663,P-000947,KH-DAL-02,Dallas,2026-04-11,phone,completed,2026-04-11 11:35
KB0011489,P-000377,KH-DAL-03,Dallas,2026-09-28,online,completed,2026-09-28 18:35
KB0004569,P-005938,KH-PHI-03,Philadelphia,2026-06-12,online,completed,2026-06-12 09:39
KB0002775,P-002124,KH-PHX-01,Phoenix,2026-05-15,phone,completed,2026-05-15 19:00
KB0002408,P-003517,KH-NYC-01,New York,2026-05-09,walk-in,completed,2026-05-09 16:30
KB0010090,P-001908,KH-PHX-03,Phoenix,2026-09-07,online,completed,2026-09-07 11:26
KB0000889,P-005389,KH-ATL-02,Atlanta,2026-04-14,walk-in,completed,2026-04-14 15:31
KB0007228,P-004072,KH-CHI-03,Chicago,2026-07-24,phone,completed,2026-07-24 18:46
KB0000925,P-001798,KH-PHX-03,Phoenix,2026-04-15,walk-in,cancelled,2026-04-15 17:58
KB0011443,P-001288,KH-PHX-01,Phoenix,2026-09-27,phone,completed,2026-09-27 14:10
KB0005176,P-004275,KH-CHI-02,Chicago,2026-06-22,walk-in,completed,2026-06-22 17:45
KB0009678,P-005905,KH-PHI-02,Philadelphia,2026-08-31,phone,completed,2026-08-31 09:05
KB0010155,P-000654,KH-DAL-02,Dallas,2026-09-08,at-home,completed,2026-09-08 11:49
KB0000999,P-003409,KH-NYC-02,New York,2026-04-16,walk-in,completed,2026-04-16 16:21
KB0004803,P-004408,KH-CHI-03,Chicago,2026-06-16,online,completed,2026-06-16 10:50
KB0000218,P-006388,KH-PHI-02,Philadelphia,2026-04-03,phone,completed,2026-04-03 16:02
KB0010433,P-002163,KH-PHX-02,Phoenix,2026-09-12,walk-in,completed,2026-09-12 15:33
KB0004494,P-005125,KH-ATL-01,Atlanta,2026-06-11,at-home,completed,2026-06-11 14:35
KB0005920,P-002062,KH-PHX-02,Phoenix,2026-07-04,walk-in,completed,2026-07-04 11:18
KB0000379,P-002791,KH-NYC-02,New York,2026-04-06,online,completed,2026-04-06 16:00
KB0008983,P-000705,KH-DAL-01,Dallas,2026-08-21,online,completed,2026-08-21 09:48
KB0003432,P-001630,KH-PHX-03,Phoenix,2026-05-26,at-home,completed,2026-05-26 19:06
KB0004695,P-000703,KH-DAL-01,Dallas,2026-06-15,walk-in,completed,2026-06-15 09:24
KB0007517,P-002374,KH-PHX-03,Phoenix,2026-07-29,walk-in,completed,2026-07-29 19:26
KB0000952,P-005314,KH-ATL-02,Atlanta,2026-04-15,walk-in,completed,2026-04-15 19:29
KB0005910,P-001414,KH-PHX-01,Phoenix,2026-07-04,walk-in,completed,2026-07-04 14:43
KB0007354,P-005199,KH-ATL-02,Atlanta,2026-07-26,walk-in,completed,2026-07-26 16:58
KB0009783,P-002807,KH-NYC-01,New York,2026-09-02,online,completed,2026-09-02 08:12
KB0007092,P-002845,KH-NYC-02,New York,2026-07-22,online,completed,2026-07-22 15:07
KB0010166,P-002204,KH-PHX-03,Phoenix,2026-09-08,walk-in,completed,2026-09-08 11:12
KB0010190,P-005034,KH-ATL-02,Atlanta,2026-09-08,online,completed,2026-09-08 17:40
KB0000653,P-005296,KH-ATL-02,Atlanta,2026-04-10,walk-in,completed,2026-04-10 18:13
KB0007644,P-003281,KH-NYC-03,New York,2026-07-31,online,completed,2026-07-31 18:39
KB0011219,P-000647,KH-DAL-02,Dallas,2026-09-24,online,completed,2026-09-24 16:07
KB0009672,P-005817,KH-PHI-01,Philadelphia,2026-08-31,online,completed,2026-08-31 18:14
KB0000632,P-002554,KH-NYC-01,New York,2026-04-10,phone,completed,2026-04-10 18:54
KB0003346,P-005519,KH-ATL-02,Atlanta,2026-05-24,walk-in,completed,2026-05-24 16:17
KB0002831,P-001000,KH-DAL-03,Dallas,2026-05-16,walk-in,completed,2026-05-16 14:05
KB0009533,P-004958,KH-ATL-02,Atlanta,2026-08-29,at-home,completed,2026-08-29 16:47
KB0007403,P-004908,KH-CHI-03,Chicago,2026-07-27,walk-in,completed,2026-07-27 14:01
KB0005299,P-004689,KH-CHI-02,Chicago,2026-06-24,online,completed,2026-06-24 19:22
KB0000524,P-006298,KH-PHI-02,Philadelphia,2026-04-08,phone,completed,2026-04-08 10:32
KB0004346,P-004324,KH-CHI-02,Chicago,2026-06-09,walk-in,completed,2026-06-09 17:11
KB0010731,P-000362,KH-DAL-03,Dallas,2026-09-17,walk-in,completed,2026-09-17 15:33
KB0003900,P-002882,KH-NYC-01,New York,2026-06-02,phone,completed,2026-06-02 12:18
KB0006156,P-002318,KH-PHX-01,Phoenix,2026-07-08,online,completed,2026-07-08 14:57
KB0004047,P-004529,KH-CHI-01,Chicago,2026-06-04,online,completed,2026-06-04 12:31
KB0007966,P-004484,KH-CHI-02,Chicago,2026-08-05,at-home,completed,2026-08-05 14:28
KB0000231,P-000507,KH-DAL-01,Dallas,2026-04-04,at-home,completed,2026-04-04 14:18
KB0001159,P-005111,KH-ATL-02,Atlanta,2026-04-18,walk-in,completed,2026-04-18 14:41
KB0011026,P-003746,KH-NYC-02,New York,2026-09-21,walk-in,completed,2026-09-21 17:01
KB0001821,P-000681,KH-DAL-02,Dallas,2026-04-30,walk-in,completed,2026-04-30 13:52
KB0005445,P-006551,KH-PHI-01,Philadelphia,2026-06-26,at-home,completed,2026-06-26 09:04
KB0009955,P-000602,KH-DAL-03,Dallas,2026-09-05,at-home,completed,2026-09-05 16:41
KB0011023,P-001680,KH-PHX-02,Phoenix,2026-09-21,online,completed,2026-09-21 15:38
KB0010588,P-004990,KH-ATL-01,Atlanta,2026-09-14,at-home,completed,2026-09-14 11:10
KB0002331,P-001236,KH-DAL-03,Dallas,2026-05-08,online,completed,2026-05-08 16:21
KB0010705,P-005467,KH-ATL-02,Atlanta,2026-09-16,walk-in,completed,2026-09-16 15:48
KB0011132,P-001099,KH-DAL-01,Dallas,2026-09-23,walk-in,completed,2026-09-23 11:34
KB0007107,P-005026,KH-ATL-02,Atlanta,2026-07-22,online,completed,2026-07-22 17:55
KB0011084,P-002392,KH-PHX-03,Phoenix,2026-09-22,phone,completed,2026-09-22 10:04
KB0011559,P-000643,KH-DAL-01,Dallas,2026-09-29,walk-in,completed,2026-09-29 08:55
KB0000854,P-001325,KH-PHX-02,Phoenix,2026-04-14,online,completed,2026-04-14 10:45
KB0002538,P-003317,KH-NYC-01,New York,2026-05-11,online,completed,2026-05-11 11:55
KB0004419,P-005171,KH-ATL-02,Atlanta,2026-06-10,walk-in,completed,2026-06-10 17:53
KB0009469,P-005081,KH-ATL-02,Atlanta,2026-08-28,walk-in,completed,2026-08-28 14:55
KB0010847,P-005505,KH-ATL-01,Atlanta,2026-09-18,walk-in,completed,2026-09-18 19:54
KB0006404,P-006498,KH-PHI-03,Philadelphia,2026-07-11,walk-in,completed,2026-07-11 12:35
KB0007744,P-006594,KH-PHI-02,Philadelphia,2026-08-01,at-home,completed,2026-08-01 18:39
KB0004364,P-005131,KH-ATL-01,Atlanta,2026-06-09,phone,completed,2026-06-09 14:09
KB0007079,P-002255,KH-PHX-02,Phoenix,2026-07-22,walk-in,completed,2026-07-22 18:51
KB0001816,P-001160,KH-DAL-02,Dallas,2026-04-30,phone,completed,2026-04-30 13:20
KB0002426,P-004589,KH-CHI-03,Chicago,2026-05-09,walk-in,completed,2026-05-09 11:25
KB0003809,P-000569,KH-DAL-01,Dallas,2026-06-01,walk-in,completed,2026-06-01 13:40
KB0005305,P-005336,KH-ATL-02,Atlanta,2026-06-24,phone,completed,2026-06-24 10:46
KB0008185,P-000360,KH-DAL-01,Dallas,2026-08-09,at-home,completed,2026-08-09 15:10
KB0001788,P-005155,KH-ATL-01,Atlanta,2026-04-29,walk-in,completed,2026-04-29 18:28
KB0003913,P-004365,KH-CHI-03,Chicago,2026-06-02,walk-in,completed,2026-06-02 16:59
KB0001463,P-000260,KH-DAL-03,Dallas,2026-04-24,online,completed,2026-04-24 09:54
KB0007726,P-004486,KH-CHI-03,Chicago,2026-08-01,online,cancelled,2026-08-01 08:18
KB0000357,P-002445,KH-PHX-03,Phoenix,2026-04-06,walk-in,completed,2026-04-06 13:38
KB0010544,P-000259,KH-DAL-01,Dallas,2026-09-14,phone,completed,2026-09-14 08:03
KB0009640,P-003630,KH-NYC-03,New York,2026-08-31,at-home,completed,2026-08-31 08:04
KB0005798,P-003982,KH-CHI-01,Chicago,2026-07-02,phone,completed,2026-07-02 10:19
KB0006294,P-001790,KH-PHX-02,Phoenix,2026-07-10,online,completed,2026-07-10 18:05
KB0004218,P-003426,KH-NYC-03,New York,2026-06-07,online,completed,2026-06-07 19:55
KB0001528,P-001526,KH-PHX-03,Phoenix,2026-04-25,walk-in,completed,2026-04-25 16:58
KB0005023,P-000627,KH-DAL-01,Dallas,2026-06-20,walk-in,completed,2026-06-20 19:46
KB0004342,P-002925,KH-NYC-02,New York,2026-06-09,online,completed,2026-06-09 14:00
KB0000882,P-004206,KH-CHI-03,Chicago,2026-04-14,walk-in,completed,2026-04-14 19:41
KB0004053,P-005010,KH-ATL-02,Atlanta,2026-06-04,walk-in,completed,2026-06-04 16:08
KB0011006,P-000167,KH-DAL-03,Dallas,2026-09-21,walk-in,completed,2026-09-21 08:53
KB0011114,P-005585,KH-ATL-01,Atlanta,2026-09-22,online,completed,2026-09-22 12:07
KB0007784,P-004893,KH-CHI-02,Chicago,2026-08-02,walk-in,completed,2026-08-02 12:07
KB0007881,P-002315,KH-PHX-03,Phoenix,2026-08-04,phone,completed,2026-08-04 18:45
KB0007256,P-000985,KH-DAL-02,Dallas,2026-07-25,phone,completed,2026-07-25 16:04
KB0000529,P-006020,KH-PHI-01,Philadelphia,2026-04-08,walk-in,completed,2026-04-08 19:36
KB0001118,P-002232,KH-PHX-03,Phoenix,2026-04-18,online,completed,2026-04-18 13:08
KB0006713,P-005692,KH-ATL-01,Atlanta,2026-07-16,phone,completed,2026-07-16 08:47
KB0003394,P-004046,KH-CHI-02,Chicago,2026-05-25,online,completed,2026-05-25 13:03
KB0001553,P-003109,KH-NYC-02,New York,2026-04-25,online,completed,2026-04-25 13:33
KB0003200,P-001963,KH-PHX-02,Phoenix,2026-05-22,phone,completed,2026-05-22 12:53
KB0005921,P-001991,KH-PHX-02,Phoenix,2026-07-04,walk-in,completed,2026-07-04 17:50
KB0000007,P-000695,KH-DAL-01,Dallas,2026-04-01,walk-in,completed,2026-04-01 17:55
KB0008126,P-005938,KH-PHI-02,Philadelphia,2026-08-07,walk-in,completed,2026-08-07 08:40
KB0007177,P-005092,KH-ATL-02,Atlanta,2026-07-23,phone,completed,2026-07-23 08:14
KB0003776,P-004892,KH-CHI-01,Chicago,2026-05-31,walk-in,cancelled,2026-05-31 17:55
KB0005724,P-002828,KH-NYC-03,New York,2026-07-01,,completed,2026-07-01 17:30
KB0008378,P-000476,KH-DAL-02,Dallas,2026-08-12,walk-in,completed,2026-08-12 17:18
KB0006475,P-003704,KH-NYC-03,New York,2026-07-13,walk-in,completed,2026-07-13 14:42
KB0003645,P-001692,KH-PHX-03,Phoenix,2026-05-29,,completed,2026-05-29 18:31
KB0001381,P-005683,KH-ATL-01,Atlanta,2026-04-22,at-home,completed,2026-04-22 14:41
KB0010829,P-003865,KH-NYC-01,New York,2026-09-18,phone,completed,2026-09-18 12:10
KB0004525,P-001935,KH-PHX-01,Phoenix,2026-06-12,online,completed,2026-06-12 11:27
KB0004151,P-001893,KH-PHX-01,Phoenix,2026-06-06,phone,completed,2026-06-06 18:46
KB0002715,P-003918,KH-NYC-01,New York,2026-05-14,online,completed,2026-05-14 08:46
KB0005474,P-001428,KH-PHX-03,Phoenix,2026-06-27,walk-in,completed,2026-06-27 08:34
KB0003163,P-005395,KH-ATL-02,Atlanta,2026-05-21,online,completed,2026-05-21 18:01
KB0004754,P-001090,KH-DAL-03,Dallas,2026-06-16,online,completed,2026-06-16 14:24
KB0000797,P-002507,KH-NYC-01,New York,2026-04-13,walk-in,completed,2026-04-13 14:17
KB0007978,P-005505,KH-ATL-01,Atlanta,2026-08-05,phone,completed,2026-08-05 18:29
KB0008380,P-000963,KH-DAL-02,Dallas,2026-08-12,at-home,completed,2026-08-12 18:49
KB0007730,P-005304,KH-ATL-01,Atlanta,2026-08-01,walk-in,completed,2026-08-01 16:23
KB0003980,P-004170,KH-CHI-03,Chicago,2026-06-03,walk-in,completed,2026-06-03 13:04
KB0011247,P-003772,KH-NYC-01,New York,2026-09-24,online,completed,2026-09-24 18:00
KB0010913,P-002680,KH-NYC-01,New York,2026-09-19,walk-in,completed,2026-09-19 10:29
KB0002508,P-000071,KH-DAL-02,Dallas,2026-05-11,online,completed,2026-05-11 08:25
KB0000635,P-002966,KH-NYC-02,New York,2026-04-10,online,completed,2026-04-10 08:38
KB0011272,P-005417,KH-ATL-02,Atlanta,2026-09-24,at-home,completed,2026-09-24 13:22
KB0003733,P-004529,KH-CHI-02,Chicago,2026-05-30,phone,completed,2026-05-30 13:01
KB0000741,P-001908,KH-PHX-02,Phoenix,2026-04-12,phone,completed,2026-04-12 10:05
KB0007449,P-002211,KH-PHX-02,Phoenix,2026-07-28,phone,completed,2026-07-28 08:07
KB0007453,P-002905,KH-NYC-03,New York,2026-07-28,walk-in,completed,2026-07-28 14:48
KB0007947,P-002114,KH-PHX-03,Phoenix,2026-08-05,online,completed,2026-08-05 15:20
KB0002978,P-004349,KH-CHI-01,Chicago,2026-05-18,online,completed,2026-05-18 19:57
KB0010874,P-000541,KH-DAL-03,Dallas,2026-09-19,walk-in,completed,2026-09-19 09:21
KB0007716,P-003921,KH-NYC-02,New York,2026-08-01,at-home,completed,2026-08-01 08:54
KB0001795,P-005712,KH-ATL-02,Atlanta,2026-04-29,walk-in,completed,2026-04-29 18:02
KB0004561,P-005715,KH-ATL-02,Atlanta,2026-06-12,at-home,completed,2026-06-12 19:48
KB0000492,P-001597,KH-PHX-01,Phoenix,2026-04-08,at-home,completed,2026-04-08 12:24
KB0003342,P-004766,KH-CHI-02,Chicago,2026-05-24,walk-in,completed,2026-05-24 17:54
KB0006553,P-003586,KH-NYC-01,New York,2026-07-14,online,completed,2026-07-14 10:42
KB0003023,P-002240,KH-PHX-01,Phoenix,2026-05-19,online,completed,2026-05-19 19:47
KB0001541,P-001529,KH-PHX-03,Phoenix,2026-04-25,phone,completed,2026-04-25 08:29
KB0004597,P-001444,KH-PHX-01,Phoenix,2026-06-13,online,completed,2026-06-13 08:26
KB0003703,P-001798,KH-PHX-03,Phoenix,2026-05-30,walk-in,completed,2026-05-30 11:55
KB0002656,P-003664,KH-NYC-01,New York,2026-05-13,at-home,completed,2026-05-13 13:27
KB0009060,P-000236,KH-DAL-03,Dallas,2026-08-22,walk-in,completed,2026-08-22 12:32
KB0000452,P-004951,KH-ATL-01,Atlanta,2026-04-07,at-home,completed,2026-04-07 16:32
KB0006082,P-001153,KH-DAL-01,Dallas,2026-07-07,walk-in,completed,2026-07-07 16:42
KB0008857,P-001597,KH-PHX-01,Phoenix,2026-08-19,walk-in,completed,2026-08-19 19:52
KB0008640,P-005704,KH-ATL-02,Atlanta,2026-08-15,phone,completed,2026-08-15 14:39
KB0003934,P-000597,KH-DAL-03,Dallas,2026-06-03,online,completed,2026-06-03 16:27
KB0007830,P-003664,KH-NYC-02,New York,2026-08-03,at-home,completed,2026-08-03 10:30
KB0008997,P-000906,KH-DAL-02,Dallas,2026-08-21,online,cancelled,2026-08-21 12:46
KB0001744,P-000606,KH-DAL-01,Dallas,2026-04-29,walk-in,completed,2026-04-29 19:07
KB0009197,P-003955,KH-CHI-03,Chicago,2026-08-24,walk-in,completed,2026-08-24 14:17
KB0005668,P-004722,KH-CHI-03,Chicago,2026-06-30,walk-in,completed,2026-06-30 16:28
KB0002235,P-004715,KH-CHI-01,Chicago,2026-05-06,at-home,completed,2026-05-06 09:54
KB0008642,P-005705,KH-ATL-01,Atlanta,2026-08-15,at-home,completed,2026-08-15 17:52
KB0001375,P-004679,KH-CHI-03,Chicago,2026-04-22,online,completed,2026-04-22 19:37
KB0010391,P-005654,KH-ATL-01,Atlanta,2026-09-11,at-home,completed,2026-09-11 16:58
KB0010576,P-003954,KH-CHI-01,Chicago,2026-09-14,phone,completed,2026-09-14 11:57
KB0007235,P-004741,KH-CHI-02,Chicago,2026-07-24,walk-in,cancelled,2026-07-24 08:36
KB0007778,P-003377,KH-NYC-01,New York,2026-08-02,online,completed,2026-08-02 14:46
KB0005581,P-002184,KH-PHX-01,Phoenix,2026-06-29,walk-in,completed,2026-06-29 12:01
KB0008605,P-001797,KH-PHX-01,Phoenix,2026-08-15,online,completed,2026-08-15 08:10
KB0009904,P-001418,KH-PHX-02,Phoenix,2026-09-04,walk-in,completed,2026-09-04 14:50
KB0011661,P-001818,KH-PHX-03,Phoenix,2026-09-30,walk-in,completed,2026-09-30 16:16
KB0001879,P-000176,KH-DAL-02,Dallas,2026-05-01,online,completed,2026-05-01 15:18
KB0000583,P-005545,KH-ATL-02,Atlanta,2026-04-09,online,cancelled,2026-04-09 08:34
KB0007569,P-001622,KH-PHX-02,Phoenix,2026-07-30,walk-in,completed,2026-07-30 15:11
KB0010253,P-004300,KH-CHI-02,Chicago,2026-09-09,online,cancelled,2026-09-09 17:35
KB0008541,P-003670,KH-NYC-03,New York,2026-08-14,phone,completed,2026-08-14 11:56
KB0008790,P-002113,KH-PHX-02,Phoenix,2026-08-18,at-home,completed,2026-08-18 11:31
KB0004413,P-003994,KH-CHI-01,Chicago,2026-06-10,walk-in,completed,2026-06-10 09:38
KB0005387,P-000167,KH-DAL-01,Dallas,2026-06-26,walk-in,cancelled,2026-06-26 12:28
KB0005291,P-003217,KH-NYC-03,New York,2026-06-24,walk-in,completed,2026-06-24 10:44
KB0001504,P-005698,KH-ATL-02,Atlanta,2026-04-24,phone,completed,2026-04-24 09:58
KB0004411,P-004623,KH-CHI-01,Chicago,2026-06-10,walk-in,completed,2026-06-10 11:40
KB0000132,P-005072,KH-ATL-02,Atlanta,2026-04-02,online,completed,2026-04-02 15:41
KB0005539,P-003402,KH-NYC-03,New York,2026-06-28,phone,completed,2026-06-28 10:24
KB0003682,P-006411,KH-PHI-01,Philadelphia,2026-05-29,online,completed,2026-05-29 18:07
KB0001457,P-006392,KH-PHI-02,Philadelphia,2026-04-23,at-home,completed,2026-04-23 18:51
KB0000175,P-002090,KH-PHX-01,Phoenix,2026-04-03,walk-in,completed,2026-04-03 09:19
KB0009824,P-000193,KH-DAL-02,Dallas,2026-09-03,walk-in,completed,2026-09-03 12:20
KB0000143,P-006006,KH-PHI-01,Philadelphia,2026-04-02,phone,completed,2026-04-02 18:11
KB0000382,P-002837,KH-NYC-01,New York,2026-04-06,phone,completed,2026-04-06 19:25
KB0002900,P-002094,KH-PHX-03,Phoenix,2026-05-17,online,cancelled,2026-05-17 19:22
KB0005151,P-001840,KH-PHX-01,Phoenix,2026-06-22,walk-in,completed,2026-06-22 12:36
KB0001655,P-004193,KH-CHI-02,Chicago,2026-04-27,walk-in,completed,2026-04-27 16:19
KB0003615,P-006515,KH-PHI-02,Philadelphia,2026-05-28,walk-in,completed,2026-05-28 16:09
KB0005346,P-001736,KH-PHX-03,Phoenix,2026-06-25,phone,completed,2026-06-25 16:48
KB0004358,P-005725,KH-ATL-01,Atlanta,2026-06-09,phone,completed,2026-06-09 08:32
KB0006717,P-006403,KH-PHI-01,Philadelphia,2026-07-16,walk-in,completed,2026-07-16 11:16
KB0001144,P-004626,KH-CHI-01,Chicago,2026-04-18,walk-in,completed,2026-04-18 11:41
KB0006837,P-004180,KH-CHI-01,Chicago,2026-07-18,phone,completed,2026-07-18 17:55
KB0002781,P-002290,KH-PHX-01,Phoenix,2026-05-15,online,completed,2026-05-15 15:03
KB0010642,P-004619,KH-CHI-02,Chicago,2026-09-15,walk-in,completed,2026-09-15 16:30
KB0000423,P-001428,KH-PHX-03,Phoenix,2026-04-07,online,completed,2026-04-07 12:28
KB0009355,P-000409,KH-DAL-03,Dallas,2026-08-27,walk-in,completed,2026-08-27 11:47
KB0008535,P-001858,KH-PHX-02,Phoenix,2026-08-14,at-home,completed,2026-08-14 12:08
KB0004720,P-002989,KH-NYC-01,New York,2026-06-15,walk-in,completed,2026-06-15 13:31
KB0001134,P-003274,KH-NYC-01,New York,2026-04-18,at-home,completed,2026-04-18 18:19
KB0008257,P-001037,KH-DAL-02,Dallas,2026-08-10,walk-in,completed,2026-08-10 19:00
KB0001978,P-004199,KH-CHI-03,Chicago,2026-05-02,walk-in,completed,2026-05-02 18:33
KB0009914,P-003524,KH-NYC-03,New York,2026-09-04,online,completed,2026-09-04 12:52
KB0011629,P-000878,KH-DAL-03,Dallas,2026-09-30,online,completed,2026-09-30 14:15
KB0006267,P-004982,KH-ATL-02,Atlanta,2026-07-09,phone,completed,2026-07-09 14:34
KB0007521,P-002626,KH-NYC-03,New York,2026-07-29,online,completed,2026-07-29 15:31
KB0001455,P-006503,KH-PHI-01,Philadelphia,2026-04-23,phone,completed,2026-04-23 10:34
KB0011658,P-001509,KH-PHX-03,Phoenix,2026-09-30,at-home,completed,2026-09-30 17:59
KB0002124,P-006601,KH-PHI-02,Philadelphia,2026-05-04,phone,completed,2026-05-04 18:34
KB0005251,P-005236,KH-ATL-01,Atlanta,2026-06-23,online,completed,2026-06-23 11:23
KB0002490,P-005546,KH-ATL-02,Atlanta,2026-05-10,online,completed,2026-05-10 13:27
KB0007537,P-004432,KH-CHI-01,Chicago,2026-07-29,phone,completed,2026-07-29 08:10
KB0005615,P-005517,KH-ATL-02,Atlanta,2026-06-29,walk-in,completed,2026-06-29 16:36
KB0007398,P-002716,KH-NYC-01,New York,2026-07-27,walk-in,completed,2026-07-27 16:56
KB0001062,P-001869,KH-PHX-01,Phoenix,2026-04-17,phone,completed,2026-04-17 11:48
KB0011664,P-002419,KH-PHX-03,Phoenix,2026-09-30,walk-in,completed,2026-09-30 09:29
KB0005769,P-002172,KH-PHX-01,Phoenix,2026-07-02,online,completed,2026-07-02 14:08
KB0010144,P-000056,KH-DAL-03,Dallas,2026-09-08,at-home,completed,2026-09-08 19:20
KB0007873,P-000580,KH-DAL-03,Dallas,2026-08-04,walk-in,completed,2026-08-04 10:39
KB0008026,P-003155,KH-NYC-02,New York,2026-08-06,walk-in,completed,2026-08-06 18:38
KB0000350,P-000414,KH-DAL-02,Dallas,2026-04-06,online,completed,2026-04-06 17:26
KB0001800,P-005767,KH-PHI-02,Philadelphia,2026-04-29,walk-in,cancelled,2026-04-29 12:52
KB0001215,P-000919,KH-DAL-02,Dallas,2026-04-20,walk-in,completed,2026-04-20 08:39
KB0008576,P-000097,KH-DAL-03,Dallas,2026-08-15,phone,completed,2026-08-15 17:55
KB0008234,P-005446,KH-ATL-02,Atlanta,2026-08-09,at-home,completed,2026-08-09 08:52
KB0010822,P-001881,KH-PHX-03,Phoenix,2026-09-18,walk-in,completed,2026-09-18 10:04
KB0010175,P-003742,KH-NYC-01,New York,2026-09-08,walk-in,completed,2026-09-08 18:33
KB0001275,P-000535,KH-DAL-01,Dallas,2026-04-21,walk-in,completed,2026-04-21 08:56
KB0002425,P-004688,KH-CHI-02,Chicago,2026-05-09,phone,completed,2026-05-09 11:51
KB0003521,P-003751,KH-NYC-01,New York,2026-05-27,phone,completed,2026-05-27 19:25
KB0008146,P-001004,KH-DAL-02,Dallas,2026-08-08,walk-in,completed,2026-08-08 13:12
KB0002150,P-001764,KH-PHX-02,Phoenix,2026-05-05,walk-in,completed,2026-05-05 12:51
KB0008356,P-004248,KH-CHI-01,Chicago,2026-08-11,walk-in,completed,2026-08-11 09:46
KB0004976,P-001817,KH-PHX-03,Phoenix,2026-06-19,phone,completed,2026-06-19 10:34
KB0005946,P-005037,KH-ATL-02,Atlanta,2026-07-04,walk-in,completed,2026-07-04 12:52
KB0002443,P-005985,KH-PHI-01,Philadelphia,2026-05-09,online,completed,2026-05-09 15:31
KB0005688,P-006600,KH-PHI-03,Philadelphia,2026-06-30,online,completed,2026-06-30 15:11
KB0010060,P-005467,KH-ATL-02,Atlanta,2026-09-06,online,completed,2026-09-06 19:03
KB0009266,P-005018,KH-ATL-02,Atlanta,2026-08-25,phone,completed,2026-08-25 15:52
KB0002155,P-002032,KH-PHX-02,Phoenix,2026-05-05,phone,completed,2026-05-05 18:33
KB0008323,P-000514,KH-DAL-03,Dallas,2026-08-11,phone,completed,2026-08-11 19:04
KB0006902,P-005672,KH-ATL-01,Atlanta,2026-07-19,walk-in,completed,2026-07-19 10:40
KB0003050,P-006314,KH-PHI-03,Philadelphia,2026-05-19,walk-in,completed,2026-05-19 16:09
KB0000003,P-000403,KH-DAL-01,Dallas,2026-04-01,online,completed,2026-04-01 16:04
KB0011287,P-000716,KH-DAL-03,Dallas,2026-09-25,walk-in,completed,2026-09-25 19:03
KB0004341,P-002468,KH-NYC-03,New York,2026-06-09,walk-in,completed,2026-06-09 13:22
KB0008201,P-002240,KH-PHX-01,Phoenix,2026-08-09,,completed,2026-08-09 09:15
KB0001581,P-001000,KH-DAL-01,Dallas,2026-04-26,online,completed,2026-04-26 13:40
KB0005450,P-001000,KH-DAL-01,Dallas,2026-06-27,at-home,completed,2026-06-27 09:39
KB0010140,P-006498,KH-PHI-01,Philadelphia,2026-09-07,phone,completed,2026-09-07 14:08
KB0001533,P-001636,KH-PHX-01,Phoenix,2026-04-25,online,completed,2026-04-25 12:48
KB0004171,P-004822,KH-CHI-02,Chicago,2026-06-06,online,completed,2026-06-06 11:00
KB0010996,P-001091,KH-DAL-01,Dallas,2026-09-21,at-home,completed,2026-09-21 17:30
KB0008885,P-004456,KH-CHI-02,Chicago,2026-08-19,online,completed,2026-08-19 08:07
KB0001595,P-003261,KH-NYC-03,New York,2026-04-26,online,completed,2026-04-26 15:25
KB0001492,P-002936,KH-NYC-01,New York,2026-04-24,online,completed,2026-04-24 14:17
KB0006296,P-002038,KH-PHX-03,Phoenix,2026-07-10,walk-in,completed,2026-07-10 08:02
KB0002813,P-006019,KH-PHI-01,Philadelphia,2026-05-15,walk-in,completed,2026-05-15 08:15
KB0000775,P-000749,KH-DAL-01,Dallas,2026-04-13,walk-in,completed,2026-04-13 11:24
KB0000753,P-002919,KH-NYC-03,New York,2026-04-12,phone,completed,2026-04-12 16:37
KB0011349,P-005387,KH-ATL-02,Atlanta,2026-09-25,walk-in,completed,2026-09-25 19:30
KB0006428,P-002739,KH-NYC-03,New York,2026-07-12,walk-in,completed,2026-07-12 18:06
KB0010783,P-005407,KH-ATL-01,Atlanta,2026-09-17,walk-in,cancelled,2026-09-17 18:53
KB0006058,P-006656,KH-PHI-02,Philadelphia,2026-07-06,walk-in,completed,2026-07-06 19:25
KB0003057,P-000751,KH-DAL-01,Dallas,2026-05-20,walk-in,completed,2026-05-20 19:46
KB0005620,P-005147,KH-ATL-01,Atlanta,2026-06-29,phone,completed,2026-06-29 14:05
KB0001732,P-005216,KH-ATL-01,Atlanta,2026-04-28,walk-in,completed,2026-04-28 14:05
KB0002641,P-001312,KH-PHX-02,Phoenix,2026-05-13,walk-in,completed,2026-05-13 12:02
KB0005424,P-003195,KH-NYC-03,New York,2026-06-26,walk-in,completed,2026-06-26 19:18
KB0009348,P-001231,KH-DAL-01,Dallas,2026-08-27,walk-in,completed,2026-08-27 11:20
KB0002146,P-000012,KH-DAL-01,Dallas,2026-05-05,walk-in,completed,2026-05-05 13:03
KB0002214,P-002419,KH-PHX-03,Phoenix,2026-05-06,walk-in,completed,2026-05-06 11:44
KB0004862,P-004938,KH-CHI-02,Chicago,2026-06-17,walk-in,completed,2026-06-17 15:40
KB0009991,P-002862,KH-NYC-03,New York,2026-09-05,phone,completed,2026-09-05 10:59
KB0004608,P-002282,KH-PHX-01,Phoenix,2026-06-13,walk-in,completed,2026-06-13 17:20
KB0003980,P-004170,KH-CHI-03,Chicago,2026-06-03,walk-in,completed,2026-06-03 13:04
KB0009563,P-000712,KH-DAL-01,Dallas,2026-08-30,walk-in,completed,2026-08-30 08:42
KB0005537,P-003610,KH-NYC-01,New York,2026-06-28,at-home,completed,2026-06-28 12:57
KB0000800,P-003216,KH-NYC-02,New York,2026-04-13,walk-in,completed,2026-04-13 10:06
KB0009802,P-005997,KH-PHI-02,Philadelphia,2026-09-02,walk-in,completed,2026-09-02 15:28
KB0008978,P-005884,KH-PHI-03,Philadelphia,2026-08-20,online,completed,2026-08-20 08:17
KB0007755,P-002307,KH-PHX-02,Phoenix,2026-08-02,online,completed,2026-08-02 18:31
KB0008460,P-002339,KH-PHX-03,Phoenix,2026-08-13,online,completed,2026-08-13 16:23
KB0010698,P-004313,KH-CHI-03,Chicago,2026-09-16,online,completed,2026-09-16 11:40
KB0011366,P-001058,KH-DAL-02,Dallas,2026-09-26,walk-in,completed,2026-09-26 12:04
KB0007667,P-005704,KH-ATL-02,Atlanta,2026-07-31,walk-in,completed,2026-07-31 11:28
KB0006727,P-000578,KH-DAL-03,Dallas,2026-07-17,online,completed,2026-07-17 19:29
KB0004726,P-004873,KH-CHI-02,Chicago,2026-06-15,at-home,completed,2026-06-15 08:41
KB0003173,P-006694,KH-PHI-02,Philadelphia,2026-05-21,phone,completed,2026-05-21 12:16
KB0006396,P-005632,KH-ATL-01,Atlanta,2026-07-11,walk-in,completed,2026-07-11 16:07
KB0000191,P-003221,KH-NYC-03,New York,2026-04-03,walk-in,completed,2026-04-03 17:56
KB0010386,P-004816,KH-CHI-03,Chicago,2026-09-11,,completed,2026-09-11 09:59
KB0005069,P-005650,KH-ATL-02,Atlanta,2026-06-20,walk-in,completed,2026-06-20 09:39
KB0006815,P-002353,KH-PHX-02,Phoenix,2026-07-18,walk-in,cancelled,2026-07-18 09:12
KB0000858,P-001260,KH-PHX-02,Phoenix,2026-04-14,walk-in,completed,2026-04-14 17:35
KB0001336,P-000681,KH-DAL-01,Dallas,2026-04-22,walk-in,completed,2026-04-22 17:49
KB0001256,P-005727,KH-ATL-02,Atlanta,2026-04-20,online,completed,2026-04-20 10:14
KB0007058,P-001051,KH-DAL-02,Dallas,2026-07-22,at-home,completed,2026-07-22 19:40
KB0010326,P-005545,KH-ATL-01,Atlanta,2026-09-10,walk-in,completed,2026-09-10 14:06
KB0002160,P-001404,KH-PHX-02,Phoenix,2026-05-05,online,completed,2026-05-05 09:18
KB0006299,P-001375,KH-PHX-03,Phoenix,2026-07-10,walk-in,completed,2026-07-10 09:47
KB0004908,P-001689,KH-PHX-01,Phoenix,2026-06-18,at-home,cancelled,2026-06-18 15:33
KB0002547,P-005413,KH-ATL-02,Atlanta,2026-05-11,walk-in,completed,2026-05-11 08:07
KB0006732,P-001245,KH-DAL-02,Dallas,2026-07-17,online,completed,2026-07-17 13:21
KB0004355,P-005343,KH-ATL-02,Atlanta,2026-06-09,walk-in,completed,2026-06-09 09:27
KB0002592,P-002788,KH-NYC-01,New York,2026-05-12,walk-in,completed,2026-05-12 19:01
KB0003707,P-001432,KH-PHX-03,Phoenix,2026-05-30,walk-in,completed,2026-05-30 09:26
KB0001182,P-002219,KH-PHX-01,Phoenix,2026-04-19,,completed,2026-04-19 16:54
KB0003212,P-003572,KH-NYC-03,New York,2026-05-22,at-home,completed,2026-05-22 18:26
KB0011576,P-002136,KH-PHX-02,Phoenix,2026-09-29,online,completed,2026-09-29 19:27
KB0004702,P-001682,KH-PHX-03,Phoenix,2026-06-15,phone,completed,2026-06-15 12:59
KB0002105,P-004387,KH-CHI-01,Chicago,2026-05-04,walk-in,completed,2026-05-04 09:16
KB0003668,P-005446,KH-ATL-02,Atlanta,2026-05-29,online,completed,2026-05-29 17:45
KB0002945,P-000538,KH-DAL-03,Dallas,2026-05-18,phone,completed,2026-05-18 17:21
KB0005712,P-002113,KH-PHX-02,Phoenix,2026-07-01,walk-in,completed,2026-07-01 13:02
KB0004340,P-002844,KH-NYC-02,New York,2026-06-09,phone,completed,2026-06-09 14:45
KB0001333,P-006418,KH-PHI-02,Philadelphia,2026-04-21,phone,completed,2026-04-21 19:21
KB0009851,P-004170,KH-CHI-03,Chicago,2026-09-03,walk-in,completed,2026-09-03 14:41
KB0010743,P-001968,KH-PHX-02,Phoenix,2026-09-17,walk-in,completed,2026-09-17 11:05
KB0001295,P-001995,KH-PHX-02,Phoenix,2026-04-21,walk-in,completed,2026-04-21 10:09
KB0006603,P-001910,KH-PHX-03,Phoenix,2026-07-15,at-home,completed,2026-07-15 12:37
KB0008174,P-005747,KH-ATL-02,Atlanta,2026-08-08,at-home,completed,2026-08-08 19:52
KB0011048,P-005689,KH-ATL-03,Atlanta,2026-09-21,,completed,2026-09-21 14:10
KB0002527,P-003392,KH-NYC-02,New York,2026-05-11,online,completed,2026-05-11 16:29
KB0001268,P-006676,KH-PHI-02,Philadelphia,2026-04-20,walk-in,completed,2026-04-20 09:59
KB0005661,P-002456,KH-NYC-02,New York,2026-06-30,walk-in,completed,2026-06-30 18:06
KB0002171,P-003343,KH-NYC-01,New York,2026-05-05,walk-in,completed,2026-05-05 14:23
KB0004176,P-004043,KH-CHI-03,Chicago,2026-06-06,walk-in,completed,2026-06-06 11:04
KB0004786,P-003483,KH-NYC-01,New York,2026-06-16,walk-in,completed,2026-06-16 11:16
KB0008910,P-000130,KH-DAL-01,Dallas,2026-08-20,at-home,completed,2026-08-20 15:38
KB0009186,P-002968,KH-NYC-02,New York,2026-08-24,online,completed,2026-08-24 19:14
KB0000852,P-001359,KH-PHX-03,Phoenix,2026-04-14,,completed,2026-04-14 16:05
KB0010120,P-004606,KH-CHI-03,Chicago,2026-09-07,walk-in,completed,2026-09-07 18:33
KB0000863,P-003391,KH-NYC-03,New York,2026-04-14,walk-in,completed,2026-04-14 11:27
KB0009808,P-000602,KH-DAL-03,Dallas,2026-09-03,walk-in,completed,2026-09-03 11:50
KB0003480,P-006328,KH-PHI-01,Philadelphia,2026-05-26,online,completed,2026-05-26 19:28
KB0001192,P-002928,KH-NYC-01,New York,2026-04-19,at-home,completed,2026-04-19 12:27
KB0010006,P-005704,KH-ATL-01,Atlanta,2026-09-05,walk-in,completed,2026-09-05 13:57
KB0002115,P-005444,KH-ATL-01,Atlanta,2026-05-04,walk-in,completed,2026-05-04 12:28
KB0008915,P-000546,KH-DAL-03,Dallas,2026-08-20,online,completed,2026-08-20 08:32
KB0008134,P-000030,KH-DAL-03,Dallas,2026-08-08,phone,completed,2026-08-08 08:08
KB0004066,P-001237,KH-DAL-02,Dallas,2026-06-05,walk-in,completed,2026-06-05 19:41
KB0010763,P-003339,KH-NYC-03,New York,2026-09-17,at-home,completed,2026-09-17 18:03
KB0009059,P-000751,KH-DAL-01,Dallas,2026-08-22,online,completed,2026-08-22 08:51
KB0007206,P-000852,KH-DAL-01,Dallas,2026-07-24,walk-in,completed,2026-07-24 15:48
KB0007480,P-005385,KH-ATL-02,Atlanta,2026-07-28,online,completed,2026-07-28 17:24
KB0003121,P-000917,KH-DAL-02,Dallas,2026-05-21,walk-in,completed,2026-05-21 08:03
KB0002389,P-000624,KH-DAL-03,Dallas,2026-05-09,walk-in,completed,2026-05-09 15:48
KB0002373,P-005207,KH-ATL-02,Atlanta,2026-05-08,phone,completed,2026-05-08 11:45
KB0006909,P-006140,KH-PHI-02,Philadelphia,2026-07-19,walk-in,completed,2026-07-19 13:43
KB0004012,P-000380,KH-DAL-01,Dallas,2026-06-04,walk-in,completed,2026-06-04 11:56
KB0009884,P-000584,KH-DAL-03,Dallas,2026-09-04,walk-in,completed,2026-09-04 14:13
KB0003465,P-005404,KH-ATL-02,Atlanta,2026-05-26,phone,completed,2026-05-26 16:42
KB0011074,P-000291,KH-DAL-02,Dallas,2026-09-22,online,completed,2026-09-22 18:19
KB0005739,P-004093,KH-CHI-02,Chicago,2026-07-01,phone,completed,2026-07-01 09:13
KB0010248,P-002786,KH-NYC-02,New York,2026-09-09,walk-in,completed,2026-09-09 17:29
KB0004649,P-000818,KH-DAL-02,Dallas,2026-06-14,online,completed,2026-06-14 10:12
KB0002847,P-002404,KH-PHX-03,Phoenix,2026-05-16,walk-in,completed,2026-05-16 08:37
KB0004056,P-005682,KH-ATL-02,Atlanta,2026-06-04,walk-in,completed,2026-06-04 12:08
KB0006304,P-002917,KH-NYC-01,New York,2026-07-10,walk-in,completed,2026-07-10 09:38
KB0009406,P-005045,KH-ATL-02,Atlanta,2026-08-27,at-home,completed,2026-08-27 16:05
KB0001243,P-003182,KH-NYC-03,New York,2026-04-20,online,completed,2026-04-20 12:30
KB0009575,P-001952,KH-PHX-01,Phoenix,2026-08-30,online,completed,2026-08-30 16:53
KB0009310,P-001412,KH-PHX-01,Phoenix,2026-08-26,online,completed,2026-08-26 15:38
KB0005400,P-001060,KH-DAL-02,Dallas,2026-06-26,phone,completed,2026-06-26 09:55
KB0009018,P-003623,KH-NYC-01,New York,2026-08-21,online,completed,2026-08-21 14:19
KB0005191,P-006328,KH-PHI-02,Philadelphia,2026-06-22,online,completed,2026-06-22 19:51
KB0007567,P-002122,KH-PHX-01,Phoenix,2026-07-30,at-home,completed,2026-07-30 10:45
KB0004531,P-002352,KH-PHX-02,Phoenix,2026-06-12,walk-in,completed,2026-06-12 14:46
KB0008782,P-000793,KH-DAL-03,Dallas,2026-08-18,walk-in,completed,2026-08-18 15:25
KB0005577,P-000961,KH-DAL-01,Dallas,2026-06-29,online,completed,2026-06-29 10:56
KB0002981,P-004839,KH-CHI-02,Chicago,2026-05-18,online,completed,2026-05-18 13:55
KB0010476,P-006238,KH-PHI-03,Philadelphia,2026-09-12,walk-in,completed,2026-09-12 14:55
KB0009993,P-003966,KH-CHI-03,Chicago,2026-09-05,phone,completed,2026-09-05 11:07
KB0002210,P-000201,KH-DAL-02,Dallas,2026-05-06,walk-in,completed,2026-05-06 11:37
KB0006997,P-002136,KH-PHX-03,Phoenix,2026-07-21,online,completed,2026-07-21 14:15
KB0002549,P-005734,KH-ATL-01,Atlanta,2026-05-11,walk-in,completed,2026-05-11 09:03
KB0008890,P-005657,KH-ATL-01,Atlanta,2026-08-19,at-home,completed,2026-08-19 13:28
KB0001190,P-003314,KH-NYC-02,New York,2026-04-19,walk-in,completed,2026-04-19 12:31
KB0002390,P-000751,KH-DAL-03,Dallas,2026-05-09,at-home,completed,2026-05-09 17:28
KB0007368,P-000360,KH-DAL-03,Dallas,2026-07-27,walk-in,completed,2026-07-27 13:45
KB0004401,P-003782,KH-NYC-02,New York,2026-06-10,walk-in,completed,2026-06-10 18:25
KB0003135,P-002247,KH-PHX-01,Phoenix,2026-05-21,walk-in,completed,2026-05-21 18:16
KB0003938,P-000366,KH-DAL-02,Dallas,2026-06-03,walk-in,completed,2026-06-03 17:47
KB0009185,P-003669,KH-NYC-03,New York,2026-08-24,phone,completed,2026-08-24 08:01
KB0000011,P-000517,KH-DAL-03,Dallas,2026-04-01,online,completed,2026-04-01 15:27
KB0005425,P-003797,KH-NYC-02,New York,2026-06-26,walk-in,completed,2026-06-26 13:05
KB0005987,P-005453,KH-ATL-02,Atlanta,2026-07-05,online,completed,2026-07-05 09:18
KB0003791,P-005802,KH-PHI-03,Philadelphia,2026-05-31,online,completed,2026-05-31 08:11
KB0007515,P-001721,KH-PHX-01,Phoenix,2026-07-29,walk-in,completed,2026-07-29 14:03
KB0008684,P-005163,KH-ATL-02,Atlanta,2026-08-16,at-home,completed,2026-08-16 11:01
KB0004556,P-005052,KH-ATL-02,Atlanta,2026-06-12,online,completed,2026-06-12 19:50
KB0005686,P-006269,KH-PHI-03,Philadelphia,2026-06-30,walk-in,completed,2026-06-30 13:44
KB0002999,P-005938,KH-PHI-01,Philadelphia,2026-05-18,online,completed,2026-05-18 09:02
KB0010031,P-000077,KH-DAL-02,Dallas,2026-09-06,walk-in,completed,2026-09-06 17:05
KB0004815,P-006399,KH-PHI-03,Philadelphia,2026-06-16,walk-in,completed,2026-06-16 10:32
KB0001820,P-000685,KH-DAL-03,Dallas,2026-04-30,online,completed,2026-04-30 19:47
KB0005533,P-003919,KH-NYC-02,New York,2026-06-28,phone,completed,2026-06-28 13:30
KB0001783,P-004843,KH-CHI-02,Chicago,2026-04-29,walk-in,completed,2026-04-29 18:52
KB0005230,P-003420,KH-NYC-01,New York,2026-06-23,walk-in,completed,2026-06-23 18:28
KB0010746,P-002017,KH-PHX-03,Phoenix,2026-09-17,walk-in,completed,2026-09-17 16:31
KB0006086,P-001901,KH-PHX-01,Phoenix,2026-07-07,online,completed,2026-07-07 13:36
KB0002090,P-001860,KH-PHX-01,Phoenix,2026-05-04,walk-in,completed,2026-05-04 11:51
KB0009440,P-003381,KH-NYC-03,New York,2026-08-28,online,completed,2026-08-28 17:20
KB0000759,P-004619,KH-CHI-02,Chicago,2026-04-12,at-home,completed,2026-04-12 11:05
KB0010591,P-005378,KH-ATL-02,Atlanta,2026-09-14,phone,completed,2026-09-14 10:29
KB0008339,P-001550,KH-PHX-03,Phoenix,2026-08-11,at-home,completed,2026-08-11 17:44
KB0009000,P-000527,KH-DAL-01,Dallas,2026-08-21,at-home,completed,2026-08-21 10:58
KB0006753,P-001708,KH-PHX-02,Phoenix,2026-07-17,at-home,completed,2026-07-17 12:19
KB0001120,P-002211,KH-PHX-02,Phoenix,2026-04-18,online,completed,2026-04-18 09:31
KB0008276,P-002995,KH-NYC-02,New York,2026-08-10,online,completed,2026-08-10 14:21
KB0002030,P-003531,KH-NYC-01,New York,2026-05-03,walk-in,completed,2026-05-03 18:28
KB0001125,P-001674,KH-PHX-02,Phoenix,2026-04-18,online,completed,2026-04-18 17:00
KB0007611,P-005618,KH-ATL-03,Atlanta,2026-07-30,online,completed,2026-07-30 16:18
KB0003879,P-000296,KH-DAL-01,Dallas,2026-06-02,walk-in,completed,2026-06-02 10:15
KB0001382,P-005347,KH-ATL-02,Atlanta,2026-04-22,phone,completed,2026-04-22 13:32
KB0008572,P-006030,KH-PHI-02,Philadelphia,2026-08-14,walk-in,completed,2026-08-14 14:40
KB0005371,P-005704,KH-ATL-01,Atlanta,2026-06-25,phone,completed,2026-06-25 19:15
KB0003464,P-005101,KH-ATL-03,Atlanta,2026-05-26,phone,completed,2026-05-26 14:53
KB0003881,P-001935,KH-PHX-03,Phoenix,2026-06-02,at-home,completed,2026-06-02 18:15
KB0000821,P-005385,KH-ATL-02,Atlanta,2026-04-13,online,completed,2026-04-13 08:30
KB0002294,P-003983,KH-CHI-01,Chicago,2026-05-07,walk-in,completed,2026-05-07 11:08
KB0008800,P-003682,KH-NYC-03,New York,2026-08-18,walk-in,completed,2026-08-18 12:02
KB0001539,P-002254,KH-PHX-03,Phoenix,2026-04-25,at-home,completed,2026-04-25 08:33
KB0004841,P-002379,KH-PHX-01,Phoenix,2026-06-17,walk-in,completed,2026-06-17 14:01
KB0004300,P-006104,KH-PHI-01,Philadelphia,2026-06-08,walk-in,completed,2026-06-08 14:38
KB0002709,P-002101,KH-PHX-03,Phoenix,2026-05-14,walk-in,completed,2026-05-14 14:14
KB0008152,P-001724,KH-PHX-02,Phoenix,2026-08-08,walk-in,completed,2026-08-08 09:58
KB0005149,P-001431,KH-PHX-03,Phoenix,2026-06-22,walk-in,completed,2026-06-22 13:08
KB0002707,P-001522,KH-PHX-03,Phoenix,2026-05-14,walk-in,cancelled,2026-05-14 19:06
KB0008360,P-004256,KH-CHI-02,Chicago,2026-08-11,walk-in,completed,2026-08-11 08:27
KB0000217,P-006511,KH-PHI-01,Philadelphia,2026-04-03,online,completed,2026-04-03 19:10
KB0006002,P-000688,KH-DAL-01,Dallas,2026-07-06,walk-in,completed,2026-07-06 15:52
KB0000819,P-005227,KH-ATL-02,Atlanta,2026-04-13,walk-in,completed,2026-04-13 10:14
KB0004464,P-001438,KH-PHX-03,Phoenix,2026-06-11,online,completed,2026-06-11 13:27
KB0004761,P-000854,KH-DAL-01,Dallas,2026-06-16,online,completed,2026-06-16 09:35
KB0001129,P-002247,KH-PHX-01,Phoenix,2026-04-18,walk-in,completed,2026-04-18 13:03
KB0004706,P-003309,KH-NYC-01,New York,2026-06-15,walk-in,completed,2026-06-15 19:37
KB0002049,P-005696,KH-ATL-02,Atlanta,2026-05-03,walk-in,completed,2026-05-03 12:19
KB0004251,P-000038,KH-DAL-02,Dallas,2026-06-08,walk-in,completed,2026-06-08 19:20
KB0000501,P-003278,KH-NYC-03,New York,2026-04-08,online,completed,2026-04-08 19:22
KB0001309,P-003257,KH-NYC-01,New York,2026-04-21,walk-in,completed,2026-04-21 10:34
KB0002255,P-000785,KH-DAL-02,Dallas,2026-05-07,phone,completed,2026-05-07 09:34
KB0005276,P-001301,KH-PHX-02,Phoenix,2026-06-24,online,completed,2026-06-24 17:16
KB0009849,P-004560,KH-CHI-01,Chicago,2026-09-03,walk-in,completed,2026-09-03 15:59
KB0000092,P-002192,KH-PHX-02,Phoenix,2026-04-02,walk-in,completed,2026-04-02 10:27
KB0005441,P-005119,KH-ATL-02,Atlanta,2026-06-26,walk-in,completed,2026-06-26 14:27
KB0000545,P-000477,KH-DAL-02,Dallas,2026-04-09,walk-in,cancelled,2026-04-09 13:05
KB0006942,P-001262,KH-PHX-01,Phoenix,2026-07-20,walk-in,completed,2026-07-20 10:10
KB0002845,P-001539,KH-PHX-03,Phoenix,2026-05-16,online,completed,2026-05-16 11:06
KB0011350,P-005575,KH-ATL-01,Atlanta,2026-09-25,walk-in,completed,2026-09-25 14:44
KB0000097,P-001325,KH-PHX-03,Phoenix,2026-04-02,online,completed,2026-04-02 11:46
KB0008322,P-001091,KH-DAL-03,Dallas,2026-08-11,at-home,completed,2026-08-11 08:59
KB0001322,P-004981,KH-ATL-02,Atlanta,2026-04-21,phone,completed,2026-04-21 18:56
KB0000251,P-002565,KH-NYC-03,New York,2026-04-04,phone,completed,2026-04-04 13:33
KB0004731,P-004313,KH-CHI-03,Chicago,2026-06-15,walk-in,completed,2026-06-15 10:20
KB0005715,P-002163,KH-PHX-02,Phoenix,2026-07-01,walk-in,completed,2026-07-01 19:26
KB0010268,P-006124,KH-PHI-01,Philadelphia,2026-09-09,walk-in,completed,2026-09-09 12:01
KB0003714,P-003500,KH-NYC-03,New York,2026-05-30,online,completed,2026-05-30 09:10
KB0008955,P-004595,KH-CHI-03,Chicago,2026-08-20,walk-in,completed,2026-08-20 15:56
KB0006650,P-006332,KH-PHI-01,Philadelphia,2026-07-15,walk-in,completed,2026-07-15 11:56
KB0008700,P-000202,KH-DAL-02,Dallas,2026-08-17,walk-in,completed,2026-08-17 19:42
KB0005586,P-002115,KH-PHX-03,Phoenix,2026-06-29,walk-in,completed,2026-06-29 14:59
KB0009771,P-002955,KH-NYC-03,New York,2026-09-02,phone,completed,2026-09-02 09:15
KB0010210,P-000067,KH-DAL-02,Dallas,2026-09-09,at-home,completed,2026-09-09 12:15
KB0002035,P-003998,KH-CHI-01,Chicago,2026-05-03,walk-in,completed,2026-05-03 08:17
KB0006900,P-005715,KH-ATL-02,Atlanta,2026-07-19,online,completed,2026-07-19 18:04
KB0010550,P-001775,KH-PHX-03,Phoenix,2026-09-14,walk-in,completed,2026-09-14 16:03
KB0009132,P-002285,KH-PHX-01,Phoenix,2026-08-23,,completed,2026-08-23 19:55
KB0005653,P-001514,KH-PHX-03,Phoenix,2026-06-30,phone,completed,2026-06-30 14:20
KB0002555,P-006231,KH-PHI-01,Philadelphia,2026-05-11,online,completed,2026-05-11 17:39
KB0009416,P-000340,KH-DAL-02,Dallas,2026-08-28,,completed,2026-08-28 10:42
KB0006938,P-002374,KH-PHX-01,Phoenix,2026-07-20,online,completed,2026-07-20 18:12
KB0006966,P-005693,KH-ATL-01,Atlanta,2026-07-20,online,completed,2026-07-20 16:06
KB0010510,P-003606,KH-NYC-01,New York,2026-09-13,at-home,completed,2026-09-13 17:05
KB0009899,P-001352,KH-PHX-03,Phoenix,2026-09-04,walk-in,completed,2026-09-04 16:59
KB0008773,P-001239,KH-DAL-03,Dallas,2026-08-18,walk-in,completed,2026-08-18 16:13
KB0003031,P-003903,KH-NYC-01,New York,2026-05-19,walk-in,completed,2026-05-19 17:51
KB0000113,P-002777,KH-NYC-01,New York,2026-04-02,online,completed,2026-04-02 09:30
KB0001749,P-000617,KH-DAL-03,Dallas,2026-04-29,phone,completed,2026-04-29 08:36
KB0004180,P-005470,KH-ATL-02,Atlanta,2026-06-06,walk-in,completed,2026-06-06 15:47
KB0004149,P-002245,KH-PHX-02,Phoenix,2026-06-06,walk-in,cancelled,2026-06-06 13:16
KB0000393,P-005509,KH-ATL-02,Atlanta,2026-04-06,walk-in,completed,2026-04-06 18:23
KB0006265,P-005020,KH-ATL-02,Atlanta,2026-07-09,phone,completed,2026-07-09 10:05
KB0011395,P-001309,KH-PHX-01,Phoenix,2026-09-26,walk-in,completed,2026-09-26 12:34
KB0001132,P-003901,KH-NYC-02,New York,2026-04-18,walk-in,completed,2026-04-18 08:43
KB0009754,P-000793,KH-DAL-03,Dallas,2026-09-02,walk-in,completed,2026-09-02 10:33
KB0007935,P-000654,KH-DAL-01,Dallas,2026-08-05,online,completed,2026-08-05 12:34
KB0005573,P-000671,KH-DAL-03,Dallas,2026-06-29,online,completed,2026-06-29 12:06
KB0002944,P-000625,KH-DAL-03,Dallas,2026-05-18,walk-in,completed,2026-05-18 10:46
KB0004534,P-001738,KH-PHX-02,Phoenix,2026-06-12,phone,completed,2026-06-12 08:23
KB0010189,P-004980,KH-ATL-01,Atlanta,2026-09-08,phone,completed,2026-09-08 18:40
KB0000418,P-000765,KH-DAL-01,Dallas,2026-04-07,walk-in,completed,2026-04-07 14:35
KB0002434,P-005271,KH-ATL-02,Atlanta,2026-05-09,online,completed,2026-05-09 19:18
KB0006719,P-006343,KH-PHI-03,Philadelphia,2026-07-16,walk-in,completed,2026-07-16 13:25
KB0001146,P-004734,KH-CHI-03,Chicago,2026-04-18,phone,completed,2026-04-18 17:58
KB0010526,P-006157,KH-PHI-03,Philadelphia,2026-09-13,walk-in,completed,2026-09-13 16:09
KB0005361,P-002900,KH-NYC-02,New York,2026-06-25,online,completed,2026-06-25 11:57
KB0008400,P-002115,KH-PHX-03,Phoenix,2026-08-12,phone,completed,2026-08-12 11:45
KB0003949,P-001135,KH-DAL-03,Dallas,2026-06-03,at-home,completed,2026-06-03 13:22
KB0007840,P-003977,KH-CHI-02,Chicago,2026-08-03,walk-in,completed,2026-08-03 12:44
KB0009247,P-002900,KH-NYC-02,New York,2026-08-25,walk-in,completed,2026-08-25 16:31
KB0002562,P-000991,KH-DAL-01,Dallas,2026-05-12,walk-in,completed,2026-05-12 18:46
KB0009347,P-006330,KH-PHI-01,Philadelphia,2026-08-26,walk-in,completed,2026-08-26 08:04
KB0010393,P-005148,KH-ATL-01,Atlanta,2026-09-11,walk-in,completed,2026-09-11 16:13
KB0011269,P-005341,KH-ATL-02,Atlanta,2026-09-24,online,completed,2026-09-24 16:18
KB0006827,P-003675,KH-NYC-01,New York,2026-07-18,walk-in,completed,2026-07-18 12:55
KB0007735,P-005291,KH-ATL-02,Atlanta,2026-08-01,online,completed,2026-08-01 10:08
KB0007191,P-006287,KH-PHI-02,Philadelphia,2026-07-23,online,completed,2026-07-23 17:22
KB0000990,P-001435,KH-PHX-02,Phoenix,2026-04-16,phone,completed,2026-04-16 19:51
KB0002735,P-005378,KH-ATL-01,Atlanta,2026-05-14,online,completed,2026-05-14 16:26
KB0003580,P-002991,KH-NYC-01,New York,2026-05-28,online,completed,2026-05-28 08:53
KB0003744,P-006590,KH-PHI-03,Philadelphia,2026-05-30,phone,completed,2026-05-30 15:22
KB0003622,P-006041,KH-PHI-03,Philadelphia,2026-05-28,online,completed,2026-05-28 15:54
KB0004769,P-002372,KH-PHX-03,Phoenix,2026-06-16,online,completed,2026-06-16 10:42
KB0007929,P-005738,KH-ATL-02,Atlanta,2026-08-04,phone,completed,2026-08-04 13:19
KB0004369,P-006693,KH-PHI-01,Philadelphia,2026-06-09,walk-in,cancelled,2026-06-09 18:00
KB0004060,P-006177,KH-PHI-01,Philadelphia,2026-06-04,walk-in,completed,2026-06-04 14:10
KB0001832,P-003585,KH-NYC-03,New York,2026-04-30,online,completed,2026-04-30 16:22
KB0001191,P-003668,KH-NYC-01,New York,2026-04-19,online,completed,2026-04-19 14:13
KB0007458,P-003308,KH-NYC-01,New York,2026-07-28,walk-in,completed,2026-07-28 19:49
KB0005553,P-005654,KH-ATL-01,Atlanta,2026-06-28,walk-in,completed,2026-06-28 11:38
KB0003089,P-003795,KH-NYC-03,New York,2026-05-20,walk-in,completed,2026-05-20 08:44
KB0008331,P-001264,KH-PHX-01,Phoenix,2026-08-11,walk-in,completed,2026-08-11 13:42
KB0011156,P-001870,KH-PHX-02,Phoenix,2026-09-23,online,completed,2026-09-23 14:04
KB0009969,P-001386,KH-PHX-01,Phoenix,2026-09-05,walk-in,completed,2026-09-05 08:27
KB0009289,P-001110,KH-DAL-03,Dallas,2026-08-26,at-home,completed,2026-08-26 15:17
KB0007084,P-003358,KH-NYC-03,New York,2026-07-22,online,completed,2026-07-22 16:08
KB0002470,P-001608,KH-PHX-01,Phoenix,2026-05-10,online,completed,2026-05-10 17:47
KB0010087,P-001775,KH-PHX-01,Phoenix,2026-09-07,online,completed,2026-09-07 17:21
KB0002680,P-006449,KH-PHI-01,Philadelphia,2026-05-13,online,cancelled,2026-05-13 11:22
KB0006893,P-002879,KH-NYC-01,New York,2026-07-19,online,completed,2026-07-19 14:23
KB0008975,P-005756,KH-PHI-02,Philadelphia,2026-08-20,online,completed,2026-08-20 16:00
KB0008793,P-001359,KH-PHX-02,Phoenix,2026-08-18,online,completed,2026-08-18 12:31
KB0002796,P-004103,KH-CHI-02,Chicago,2026-05-15,online,completed,2026-05-15 12:06
KB0002151,P-001720,KH-PHX-03,Phoenix,2026-05-05,online,completed,2026-05-05 18:47
KB0005370,P-005554,KH-ATL-02,Atlanta,2026-06-25,walk-in,completed,2026-06-25 17:44
KB0000136,P-006362,KH-PHI-03,Philadelphia,2026-04-02,online,completed,2026-04-02 16:14
KB0002997,P-006586,KH-PHI-03,Philadelphia,2026-05-18,walk-in,completed,2026-05-18 09:34
KB0006487,P-003381,KH-NYC-01,New York,2026-07-13,walk-in,completed,2026-07-13 13:44
KB0007026,P-004211,KH-CHI-01,Chicago,2026-07-21,phone,completed,2026-07-21 19:11
KB0000157,P-001152,KH-DAL-02,Dallas,2026-04-03,walk-in,completed,2026-04-03 18:11
KB0007990,P-006212,KH-PHI-01,Philadelphia,2026-08-05,walk-in,completed,2026-08-05 13:20
KB0002123,P-006691,KH-PHI-02,Philadelphia,2026-05-04,phone,completed,2026-05-04 15:54
KB0007868,P-000090,KH-DAL-01,Dallas,2026-08-04,walk-in,completed,2026-08-04 08:34
KB0003877,P-000179,KH-DAL-01,Dallas,2026-06-02,walk-in,completed,2026-06-02 18:38
KB0010992,P-000711,KH-DAL-03,Dallas,2026-09-21,online,completed,2026-09-21 16:53
KB0001643,P-002915,KH-NYC-03,New York,2026-04-27,phone,completed,2026-04-27 17:50
KB0001005,P-002740,KH-NYC-03,New York,2026-04-16,phone,completed,2026-04-16 16:20
KB0005431,P-004087,KH-CHI-02,Chicago,2026-06-26,online,completed,2026-06-26 11:29
KB0006840,P-005446,KH-ATL-02,Atlanta,2026-07-18,online,completed,2026-07-18 12:48
KB0002312,P-006368,KH-PHI-01,Philadelphia,2026-05-07,online,completed,2026-05-07 12:07
KB0008173,P-005130,KH-ATL-01,Atlanta,2026-08-08,at-home,completed,2026-08-08 18:08
KB0007725,P-004019,KH-CHI-03,Chicago,2026-08-01,online,completed,2026-08-01 17:10
KB0008879,P-003774,KH-NYC-03,New York,2026-08-19,walk-in,completed,2026-08-19 08:57
KB0002717,P-003593,KH-NYC-01,New York,2026-05-14,at-home,completed,2026-05-14 16:27
KB0011675,P-003256,KH-NYC-03,New York,2026-09-30,at-home,completed,2026-09-30 09:44
KB0002170,P-003869,KH-NYC-02,New York,2026-05-05,online,completed,2026-05-05 19:47
KB0010555,P-002086,KH-PHX-02,Phoenix,2026-09-14,online,completed,2026-09-14 18:06
KB0010691,P-002919,KH-NYC-02,New York,2026-09-16,walk-in,completed,2026-09-16 09:23
KB0003280,P-004516,KH-CHI-03,Chicago,2026-05-23,phone,completed,2026-05-23 08:41
KB0004233,P-006511,KH-PHI-03,Philadelphia,2026-06-07,phone,completed,2026-06-07 19:38
KB0008465,P-001260,KH-PHX-01,Phoenix,2026-08-13,at-home,completed,2026-08-13 17:12
KB0003543,P-006681,KH-PHI-02,Philadelphia,2026-05-27,online,completed,2026-05-27 15:53
KB0006410,P-000152,KH-DAL-02,Dallas,2026-07-12,at-home,completed,2026-07-12 18:28
KB0003069,P-000968,KH-DAL-01,Dallas,2026-05-20,walk-in,completed,2026-05-20 10:47
KB0006185,P-004638,KH-CHI-03,Chicago,2026-07-08,walk-in,completed,2026-07-08 09:46
KB0002865,P-004607,KH-CHI-03,Chicago,2026-05-16,online,completed,2026-05-16 10:54
KB0007798,P-006339,KH-PHI-02,Philadelphia,2026-08-02,online,completed,2026-08-02 16:40
KB0010454,P-002469,KH-NYC-02,New York,2026-09-12,walk-in,completed,2026-09-12 14:25
KB0002415,P-003467,KH-NYC-02,New York,2026-05-09,phone,completed,2026-05-09 12:37
KB0008057,P-001021,KH-DAL-03,Dallas,2026-08-07,walk-in,completed,2026-08-07 15:05
KB0002812,P-006298,KH-PHI-01,Philadelphia,2026-05-15,at-home,completed,2026-05-15 17:07
KB0003804,P-000485,KH-DAL-01,Dallas,2026-06-01,walk-in,completed,2026-06-01 10:10
KB0001907,P-004309,KH-CHI-03,Chicago,2026-05-01,phone,completed,2026-05-01 10:07
KB0006877,P-001251,KH-PHX-02,Phoenix,2026-07-19,walk-in,completed,2026-07-19 17:23
KB0004141,P-000035,KH-DAL-01,Dallas,2026-06-06,phone,completed,2026-06-06 10:16
KB0003348,P-005560,KH-ATL-02,Atlanta,2026-05-24,walk-in,completed,2026-05-24 15:56
KB0002878,P-006238,KH-PHI-02,Philadelphia,2026-05-16,walk-in,completed,2026-05-16 11:03
KB0007279,P-001655,KH-PHX-01,Phoenix,2026-07-25,online,completed,2026-07-25 09:41
KB0002254,P-000338,KH-DAL-02,Dallas,2026-05-07,walk-in,completed,2026-05-07 16:21
KB0005540,P-002654,KH-NYC-03,New York,2026-06-28,online,completed,2026-06-28 08:07
KB0002553,P-005553,KH-ATL-02,Atlanta,2026-05-11,online,completed,2026-05-11 10:07
KB0002241,P-005659,KH-ATL-02,Atlanta,2026-05-06,walk-in,completed,2026-05-06 09:43
KB0000776,P-000350,KH-DAL-03,Dallas,2026-04-13,walk-in,completed,2026-04-13 19:30
KB0011509,P-003454,KH-NYC-02,New York,2026-09-28,walk-in,completed,2026-09-28 13:36
KB0008187,P-001178,KH-DAL-02,Dallas,2026-08-09,,completed,2026-08-09 14:51
KB0002071,P-000839,KH-DAL-02,Dallas,2026-05-04,walk-in,completed,2026-05-04 12:43
KB0001523,P-000465,KH-DAL-03,Dallas,2026-04-25,phone,completed,2026-04-25 17:57
KB0009007,P-001716,KH-PHX-01,Phoenix,2026-08-21,online,completed,2026-08-21 18:51
KB0005677,P-004665,KH-CHI-02,Chicago,2026-06-30,online,completed,2026-06-30 08:46
KB0005362,P-004824,KH-CHI-02,Chicago,2026-06-25,at-home,completed,2026-06-25 09:50
KB0000908,P-000351,KH-DAL-02,Dallas,2026-04-15,walk-in,completed,2026-04-15 12:54
KB0000993,P-001748,KH-PHX-01,Phoenix,2026-04-16,walk-in,completed,2026-04-16 14:55
KB0000575,P-004927,KH-CHI-01,Chicago,2026-04-09,walk-in,completed,2026-04-09 17:53
KB0007566,P-001638,KH-PHX-02,Phoenix,2026-07-30,walk-in,completed,2026-07-30 15:30
KB0003093,P-003436,KH-NYC-03,New York,2026-05-20,walk-in,completed,2026-05-20 10:27
KB0007903,P-003450,KH-NYC-03,New York,2026-08-04,at-home,completed,2026-08-04 12:32
KB0004282,P-004170,KH-CHI-01,Chicago,2026-06-08,walk-in,completed,2026-06-08 14:57
KB0004603,P-002265,KH-PHX-03,Phoenix,2026-06-13,walk-in,completed,2026-06-13 14:29
KB0003567,P-002177,KH-PHX-01,Phoenix,2026-05-28,walk-in,completed,2026-05-28 13:20
KB0007811,P-001095,KH-DAL-03,Dallas,2026-08-03,walk-in,completed,2026-08-03 09:56
KB0003490,P-000101,KH-DAL-03,Dallas,2026-05-27,walk-in,completed,2026-05-27 13:34
KB0003189,P-000286,KH-DAL-03,Dallas,2026-05-22,walk-in,completed,2026-05-22 17:25
KB0007900,P-003867,KH-NYC-02,New York,2026-08-04,at-home,completed,2026-08-04 13:43
KB0005617,P-005677,KH-ATL-02,Atlanta,2026-06-29,walk-in,completed,2026-06-29 18:32
KB0003794,P-001165,KH-DAL-02,Dallas,2026-06-01,at-home,completed,2026-06-01 14:44
KB0007103,P-005577,KH-ATL-03,Atlanta,2026-07-22,phone,completed,2026-07-22 19:00
KB0009125,P-001733,KH-PHX-01,Phoenix,2026-08-23,walk-in,completed,2026-08-23 13:11
KB0001990,P-005347,KH-ATL-02,Atlanta,2026-05-02,phone,completed,2026-05-02 15:28
KB0000122,P-005361,KH-ATL-02,Atlanta,2026-04-02,walk-in,completed,2026-04-02 17:51
KB0000029,P-001510,KH-PHX-01,Phoenix,2026-04-01,online,completed,2026-04-01 18:36
KB0004592,P-000682,KH-DAL-01,Dallas,2026-06-13,phone,completed,2026-06-13 08:12
KB0009145,P-004357,KH-CHI-01,Chicago,2026-08-23,online,completed,2026-08-23 08:55
KB0009336,P-005741,KH-ATL-02,Atlanta,2026-08-26,at-home,completed,2026-08-26 12:27
KB0004943,P-006053,KH-PHI-02,Philadelphia,2026-06-18,walk-in,completed,2026-06-18 16:29
KB0002993,P-006391,KH-PHI-02,Philadelphia,2026-05-18,phone,cancelled,2026-05-18 18:52
KB0010343,P-000007,KH-DAL-03,Dallas,2026-09-11,walk-in,completed,2026-09-11 13:08
KB0009401,P-005609,KH-ATL-02,Atlanta,2026-08-27,phone,completed,2026-08-27 12:02
KB0010883,P-000038,KH-DAL-03,Dallas,2026-09-19,at-home,completed,2026-09-19 19:35
KB0007495,P-000836,KH-DAL-03,Dallas,2026-07-29,walk-in,cancelled,2026-07-29 11:20
KB0011515,P-003130,KH-NYC-01,New York,2026-09-28,walk-in,completed,2026-09-28 09:28
KB0007825,P-001647,KH-PHX-02,Phoenix,2026-08-03,walk-in,completed,2026-08-03 11:09
KB0005194,P-006584,KH-PHI-02,Philadelphia,2026-06-22,walk-in,completed,2026-06-22 10:31
KB0007389,P-001920,KH-PHX-02,Phoenix,2026-07-27,online,completed,2026-07-27 08:16
KB0009951,P-006307,KH-PHI-02,Philadelphia,2026-09-04,walk-in,completed,2026-09-04 14:21
KB0000786,P-002374,KH-PHX-01,Phoenix,2026-04-13,online,completed,2026-04-13 18:43
KB0007479,P-005273,KH-ATL-02,Atlanta,2026-07-28,phone,completed,2026-07-28 09:31
KB0003676,P-006627,KH-PHI-02,Philadelphia,2026-05-29,walk-in,cancelled,2026-05-29 08:40
KB0010461,P-004773,KH-CHI-03,Chicago,2026-09-12,walk-in,completed,2026-09-12 15:08
KB0008683,P-005667,KH-ATL-02,Atlanta,2026-08-16,online,completed,2026-08-16 09:24
KB0004035,P-003603,KH-NYC-01,New York,2026-06-04,walk-in,completed,2026-06-04 09:40
KB0009582,P-003176,KH-NYC-01,New York,2026-08-30,walk-in,completed,2026-08-30 15:11
KB0008354,P-002945,KH-NYC-01,New York,2026-08-11,walk-in,completed,2026-08-11 12:06
KB0004327,P-001674,KH-PHX-03,Phoenix,2026-06-09,phone,completed,2026-06-09 15:24
KB0000867,P-002645,KH-NYC-03,New York,2026-04-14,walk-in,completed,2026-04-14 12:52
KB0003125,P-001211,KH-DAL-03,Dallas,2026-05-21,phone,completed,2026-05-21 14:15
KB0005206,P-000250,KH-DAL-01,Dallas,2026-06-23,phone,completed,2026-06-23 12:59
KB0010852,P-005414,KH-ATL-02,Atlanta,2026-09-18,walk-in,completed,2026-09-18 12:57
KB0005385,P-006628,KH-PHI-03,Philadelphia,2026-06-25,walk-in,completed,2026-06-25 10:32
KB0004798,P-004389,KH-CHI-03,Chicago,2026-06-16,walk-in,completed,2026-06-16 18:24
KB0010049,P-003642,KH-NYC-03,New York,2026-09-06,at-home,completed,2026-09-06 18:49
KB0008837,P-000814,KH-DAL-02,Dallas,2026-08-19,walk-in,completed,2026-08-19 19:32
KB0009393,P-004653,KH-CHI-02,Chicago,2026-08-27,walk-in,completed,2026-08-27 14:08
KB0004655,P-000946,KH-DAL-01,Dallas,2026-06-14,phone,completed,2026-06-14 14:40
KB0006928,P-000221,KH-DAL-03,Dallas,2026-07-20,walk-in,completed,2026-07-20 09:16
KB0011558,P-000109,KH-DAL-01,Dallas,2026-09-29,online,completed,2026-09-29 08:37
KB0001651,P-003850,KH-NYC-02,New York,2026-04-27,online,completed,2026-04-27 13:30
KB0000213,P-005762,KH-PHI-02,Philadelphia,2026-04-03,online,completed,2026-04-03 18:55
KB0007145,P-001646,KH-PHX-02,Phoenix,2026-07-23,walk-in,completed,2026-07-23 10:06
KB0002569,P-001129,KH-DAL-02,Dallas,2026-05-12,walk-in,completed,2026-05-12 14:00
KB0004894,P-000592,KH-DAL-02,Dallas,2026-06-18,walk-in,completed,2026-06-18 11:23
KB0005635,P-000355,KH-DAL-03,Dallas,2026-06-30,online,completed,2026-06-30 11:05
KB0002643,P-001713,KH-PHX-01,Phoenix,2026-05-13,walk-in,completed,2026-05-13 14:20
KB0003701,P-000451,KH-DAL-02,Dallas,2026-05-30,at-home,completed,2026-05-30 13:30
KB0007573,P-001544,KH-PHX-03,Phoenix,2026-07-30,phone,completed,2026-07-30 14:48
KB0004652,P-000686,KH-DAL-02,Dallas,2026-06-14,walk-in,completed,2026-06-14 15:33
KB0004477,P-003244,KH-NYC-03,New York,2026-06-11,online,completed,2026-06-11 10:07
KB0000047,P-004126,KH-CHI-03,Chicago,2026-04-01,walk-in,completed,2026-04-01 10:13
KB0010855,P-005150,KH-ATL-02,Atlanta,2026-09-18,online,completed,2026-09-18 19:05
KB0008069,P-000507,KH-DAL-02,Dallas,2026-08-07,phone,completed,2026-08-07 08:15
KB0011025,P-002982,KH-NYC-03,New York,2026-09-21,at-home,completed,2026-09-21 09:40
KB0005895,P-000470,KH-DAL-01,Dallas,2026-07-04,online,completed,2026-07-04 15:57
KB0006118,P-003988,KH-CHI-01,Chicago,2026-07-07,phone,completed,2026-07-07 16:03
KB0007491,P-000036,KH-DAL-03,Dallas,2026-07-29,online,completed,2026-07-29 09:36
KB0008366,P-005162,KH-ATL-02,Atlanta,2026-08-11,walk-in,completed,2026-08-11 13:04
KB0000394,P-004998,KH-ATL-03,Atlanta,2026-04-06,online,completed,2026-04-06 18:44
KB0007336,P-001680,KH-PHX-02,Phoenix,2026-07-26,walk-in,completed,2026-07-26 19:18
KB0006434,P-004945,KH-CHI-01,Chicago,2026-07-12,walk-in,completed,2026-07-12 19:04
KB0007395,P-002535,KH-NYC-01,New York,2026-07-27,walk-in,completed,2026-07-27 08:11
KB0002370,P-005625,KH-ATL-01,Atlanta,2026-05-08,phone,completed,2026-05-08 10:05
KB0005565,P-001116,KH-DAL-03,Dallas,2026-06-29,online,completed,2026-06-29 18:04
KB0008218,P-003016,KH-NYC-02,New York,2026-08-09,at-home,completed,2026-08-09 14:42
KB0003185,P-001207,KH-DAL-03,Dallas,2026-05-22,walk-in,completed,2026-05-22 11:40
KB0007371,P-000124,KH-DAL-03,Dallas,2026-07-27,online,completed,2026-07-27 08:00
KB0003978,P-004300,KH-CHI-01,Chicago,2026-06-03,phone,completed,2026-06-03 11:40
KB0010247,P-003653,KH-NYC-02,New York,2026-09-09,at-home,completed,2026-09-09 08:54
KB0002348,P-002500,KH-NYC-02,New York,2026-05-08,walk-in,completed,2026-05-08 15:30
KB0010462,P-004887,KH-CHI-03,Chicago,2026-09-12,walk-in,completed,2026-09-12 16:45
KB0003292,P-005725,KH-ATL-02,Atlanta,2026-05-23,walk-in,completed,2026-05-23 18:05
KB0004632,P-005414,KH-ATL-02,Atlanta,2026-06-13,phone,completed,2026-06-13 10:35
KB0006420,P-001957,KH-PHX-02,Phoenix,2026-07-12,walk-in,completed,2026-07-12 08:40
KB0008993,P-000578,KH-DAL-02,Dallas,2026-08-21,phone,completed,2026-08-21 09:37
KB0002169,P-002967,KH-NYC-01,New York,2026-05-05,walk-in,completed,2026-05-05 11:26
KB0005374,P-004976,KH-ATL-02,Atlanta,2026-06-25,walk-in,completed,2026-06-25 11:53
KB0003424,P-000396,KH-DAL-02,Dallas,2026-05-26,walk-in,completed,2026-05-26 10:48
KB0008574,P-006560,KH-PHI-01,Philadelphia,2026-08-14,walk-in,completed,2026-08-14 09:21
KB0000713,P-004096,KH-CHI-03,Chicago,2026-04-11,at-home,completed,2026-04-11 13:39
KB0002259,P-000664,KH-DAL-03,Dallas,2026-05-07,online,completed,2026-05-07 11:02
KB0004065,P-000468,KH-DAL-02,Dallas,2026-06-05,walk-in,completed,2026-06-05 15:22
KB0003549,P-000672,KH-DAL-02,Dallas,2026-05-28,walk-in,completed,2026-05-28 08:16
KB0010522,P-005008,KH-ATL-02,Atlanta,2026-09-13,online,completed,2026-09-13 15:35
KB0009340,P-005149,KH-ATL-02,Atlanta,2026-08-26,walk-in,completed,2026-08-26 19:25
KB0009893,P-001201,KH-DAL-03,Dallas,2026-09-04,online,completed,2026-09-04 09:37
KB0011506,P-003171,KH-NYC-02,New York,2026-09-28,walk-in,completed,2026-09-28 08:28
KB0010489,P-000376,KH-DAL-03,Dallas,2026-09-13,online,completed,2026-09-13 15:55
KB0004800,P-004456,KH-CHI-01,Chicago,2026-06-16,walk-in,completed,2026-06-16 16:08
KB0000855,P-001925,KH-PHX-03,Phoenix,2026-04-14,online,completed,2026-04-14 17:49
KB0000359,P-001754,KH-PHX-03,Phoenix,2026-04-06,walk-in,completed,2026-04-06 09:19
KB0008231,P-005675,KH-ATL-02,Atlanta,2026-08-09,phone,completed,2026-08-09 11:08
KB0009161,P-000218,KH-DAL-01,Dallas,2026-08-24,at-home,completed,2026-08-24 14:27
KB0005601,P-003737,KH-NYC-01,New York,2026-06-29,online,completed,2026-06-29 09:48
KB0009671,P-006659,KH-PHI-01,Philadelphia,2026-08-31,walk-in,completed,2026-08-31 15:25
KB0003043,P-005444,KH-ATL-02,Atlanta,2026-05-19,phone,completed,2026-05-19 14:27
KB0008957,P-004459,KH-CHI-01,Chicago,2026-08-20,at-home,completed,2026-08-20 15:04
KB0000182,P-003469,KH-NYC-03,New York,2026-04-03,at-home,completed,2026-04-03 12:51
KB0003070,P-000880,KH-DAL-02,Dallas,2026-05-20,walk-in,completed,2026-05-20 09:15
KB0003139,P-001851,KH-PHX-02,Phoenix,2026-05-21,at-home,completed,2026-05-21 16:33
KB0009136,P-003850,KH-NYC-03,New York,2026-08-23,walk-in,completed,2026-08-23 14:58
KB0005237,P-003963,KH-CHI-02,Chicago,2026-06-23,online,completed,2026-06-23 13:56
KB0003829,P-002944,KH-NYC-03,New York,2026-06-01,walk-in,completed,2026-06-01 17:25
KB0002052,P-006136,KH-PHI-02,Philadelphia,2026-05-03,walk-in,completed,2026-05-03 08:50
KB0003455,P-003064,KH-NYC-03,New York,2026-05-26,online,completed,2026-05-26 11:24
KB0009163,P-000259,KH-DAL-01,Dallas,2026-08-24,at-home,completed,2026-08-24 14:28
KB0002011,P-001188,KH-DAL-01,Dallas,2026-05-03,walk-in,completed,2026-05-03 09:46
KB0004427,P-005010,KH-ATL-02,Atlanta,2026-06-10,walk-in,completed,2026-06-10 16:20
KB0010081,P-000859,KH-DAL-02,Dallas,2026-09-07,walk-in,completed,2026-09-07 10:34
KB0004611,P-002509,KH-NYC-01,New York,2026-06-13,walk-in,completed,2026-06-13 19:06
KB0009967,P-000063,KH-DAL-03,Dallas,2026-09-05,phone,completed,2026-09-05 12:55
KB0009541,P-005130,KH-ATL-02,Atlanta,2026-08-29,walk-in,completed,2026-08-29 11:37
KB0005864,P-004945,KH-CHI-01,Chicago,2026-07-03,at-home,completed,2026-07-03 10:15
KB0001930,P-000078,KH-DAL-03,Dallas,2026-05-02,walk-in,completed,2026-05-02 18:15
KB0005508,P-006224,KH-PHI-01,Philadelphia,2026-06-27,walk-in,completed,2026-06-27 10:41
KB0011334,P-003157,KH-NYC-01,New York,2026-09-25,walk-in,completed,2026-09-25 09:28
KB0010374,P-001537,KH-PHX-01,Phoenix,2026-09-11,online,completed,2026-09-11 11:05
KB0006491,P-004339,KH-CHI-02,Chicago,2026-07-13,online,completed,2026-07-13 13:37
KB0006306,P-003069,KH-NYC-01,New York,2026-07-10,online,completed,2026-07-10 08:34
KB0007543,P-005449,KH-ATL-02,Atlanta,2026-07-29,walk-in,completed,2026-07-29 10:11
KB0010020,P-005914,KH-PHI-03,Philadelphia,2026-09-05,phone,completed,2026-09-05 09:17
KB0005582,P-001763,KH-PHX-02,Phoenix,2026-06-29,walk-in,completed,2026-06-29 11:52
KB0010748,P-001288,KH-PHX-02,Phoenix,2026-09-17,walk-in,completed,2026-09-17 19:05
KB0010025,P-000163,KH-DAL-01,Dallas,2026-09-06,walk-in,completed,2026-09-06 16:52
KB0004773,P-002240,KH-PHX-03,Phoenix,2026-06-16,at-home,completed,2026-06-16 09:51
KB0002391,P-000756,KH-DAL-03,Dallas,2026-05-09,walk-in,completed,2026-05-09 08:07
KB0010183,P-004818,KH-CHI-03,Chicago,2026-09-08,at-home,completed,2026-09-08 19:54
KB0006775,P-004369,KH-CHI-01,Chicago,2026-07-17,at-home,completed,2026-07-17 11:52
KB0010198,P-006343,KH-PHI-02,Philadelphia,2026-09-08,phone,completed,2026-09-08 11:10
KB0008756,P-005018,KH-ATL-01,Atlanta,2026-08-17,at-home,completed,2026-08-17 13:00
KB0005309,P-005696,KH-ATL-02,Atlanta,2026-06-24,phone,completed,2026-06-24 17:20
KB0005197,P-000587,KH-DAL-03,Dallas,2026-06-23,walk-in,completed,2026-06-23 14:23
KB0008567,P-004999,KH-ATL-02,Atlanta,2026-08-14,walk-in,completed,2026-08-14 13:59
KB0009251,P-002980,KH-NYC-02,New York,2026-08-25,phone,completed,2026-08-25 14:19
KB0005935,P-004507,KH-CHI-01,Chicago,2026-07-04,phone,completed,2026-07-04 09:57
KB0003620,P-006244,KH-PHI-01,Philadelphia,2026-05-28,phone,completed,2026-05-28 18:09
KB0008824,P-005462,KH-ATL-02,Atlanta,2026-08-18,at-home,cancelled,2026-08-18 10:46
KB0010323,P-005355,KH-ATL-02,Atlanta,2026-09-10,walk-in,completed,2026-09-10 13:11
KB0007111,P-006066,KH-PHI-01,Philadelphia,2026-07-22,walk-in,cancelled,2026-07-22 18:35
KB0009217,P-005993,KH-PHI-03,Philadelphia,2026-08-24,at-home,completed,2026-08-24 13:00
KB0007774,P-003675,KH-NYC-03,New York,2026-08-02,online,completed,2026-08-02 18:49
KB0001797,P-006142,KH-PHI-01,Philadelphia,2026-04-29,online,completed,2026-04-29 13:45
KB0003838,P-004623,KH-CHI-02,Chicago,2026-06-01,walk-in,completed,2026-06-01 08:22
KB0000935,P-003517,KH-NYC-01,New York,2026-04-15,online,completed,2026-04-15 12:35
KB0006053,P-005569,KH-ATL-01,Atlanta,2026-07-06,phone,completed,2026-07-06 14:37
KB0000328,P-004468,KH-CHI-02,Chicago,2026-04-05,online,completed,2026-04-05 10:55
KB0005397,P-000448,KH-DAL-03,Dallas,2026-06-26,phone,completed,2026-06-26 10:24
KB0004100,P-002740,KH-NYC-02,New York,2026-06-05,,completed,2026-06-05 17:01
KB0005801,P-004796,KH-CHI-02,Chicago,2026-07-02,walk-in,completed,2026-07-02 16:56
KB0008408,P-002955,KH-NYC-03,New York,2026-08-12,phone,completed,2026-08-12 12:56
KB0006333,P-006136,KH-PHI-03,Philadelphia,2026-07-10,walk-in,completed,2026-07-10 12:18
KB0001443,P-005066,KH-ATL-02,Atlanta,2026-04-23,online,completed,2026-04-23 16:43
KB0006952,P-003535,KH-NYC-03,New York,2026-07-20,walk-in,completed,2026-07-20 13:34
KB0004844,P-001958,KH-PHX-02,Phoenix,2026-06-17,walk-in,completed,2026-06-17 18:32
KB0003020,P-001635,KH-PHX-01,Phoenix,2026-05-19,walk-in,completed,2026-05-19 15:14
KB0006025,P-001748,KH-PHX-03,Phoenix,2026-07-06,walk-in,completed,2026-07-06 14:09
KB0000070,P-000952,KH-DAL-01,Dallas,2026-04-02,walk-in,completed,2026-04-02 10:46
KB0009747,P-000433,KH-DAL-02,Dallas,2026-09-02,walk-in,completed,2026-09-02 16:25
KB0004118,P-005150,KH-ATL-01,Atlanta,2026-06-05,online,completed,2026-06-05 15:48
KB0003524,P-002941,KH-NYC-03,New York,2026-05-27,online,completed,2026-05-27 17:49
KB0011190,P-005228,KH-ATL-01,Atlanta,2026-09-23,at-home,completed,2026-09-23 10:46
KB0006048,P-004214,KH-CHI-03,Chicago,2026-07-06,walk-in,completed,2026-07-06 17:48
KB0000414,P-001228,KH-DAL-03,Dallas,2026-04-07,online,completed,2026-04-07 08:19
KB0003492,P-000505,KH-DAL-03,Dallas,2026-05-27,walk-in,completed,2026-05-27 10:27
KB0009092,P-004748,KH-CHI-02,Chicago,2026-08-22,at-home,completed,2026-08-22 17:46
KB0003697,P-000834,KH-DAL-01,Dallas,2026-05-30,online,completed,2026-05-30 14:11
KB0006546,P-002141,KH-PHX-03,Phoenix,2026-07-14,online,completed,2026-07-14 14:46
KB0006923,P-000693,KH-DAL-03,Dallas,2026-07-20,at-home,completed,2026-07-20 09:28
KB0006165,P-003098,KH-NYC-03,New York,2026-07-08,walk-in,completed,2026-07-08 11:39
KB0004565,P-005659,KH-ATL-02,Atlanta,2026-06-12,phone,completed,2026-06-12 18:19
KB0003743,P-006424,KH-PHI-01,Philadelphia,2026-05-30,phone,completed,2026-05-30 10:31
KB0010402,P-005384,KH-ATL-02,Atlanta,2026-09-11,walk-in,completed,2026-09-11 15:45
KB0006990,P-000997,KH-DAL-01,Dallas,2026-07-21,at-home,completed,2026-07-21 18:33
KB0000723,P-006262,KH-PHI-02,Philadelphia,2026-04-11,phone,completed,2026-04-11 16:53
KB0004136,P-000412,KH-DAL-01,Dallas,2026-06-06,at-home,completed,2026-06-06 09:46
KB0010046,P-002689,KH-NYC-02,New York,2026-09-06,walk-in,completed,2026-09-06 13:09
KB0008006,P-001895,KH-PHX-01,Phoenix,2026-08-06,online,completed,2026-08-06 14:17
KB0005151,P-001840,KH-PHX-01,Phoenix,2026-06-22,walk-in,completed,2026-06-22 12:36
KB0002587,P-003250,KH-NYC-02,New York,2026-05-12,phone,completed,2026-05-12 09:27
KB0009543,P-006281,KH-PHI-02,Philadelphia,2026-08-29,online,completed,2026-08-29 08:35
KB0000859,P-001747,KH-PHX-01,Phoenix,2026-04-14,walk-in,completed,2026-04-14 17:26
KB0005783,P-002456,KH-NYC-03,New York,2026-07-02,walk-in,completed,2026-07-02 10:56
KB0011224,P-000871,KH-DAL-01,Dallas,2026-09-24,walk-in,completed,2026-09-24 13:44
KB0003828,P-003271,KH-NYC-03,New York,2026-06-01,phone,completed,2026-06-01 08:49
KB0009411,P-006655,KH-PHI-03,Philadelphia,2026-08-27,online,completed,2026-08-27 11:07
KB0006625,P-003115,KH-NYC-01,New York,2026-07-15,walk-in,completed,2026-07-15 13:50
KB0000985,P-001782,KH-PHX-01,Phoenix,2026-04-16,walk-in,completed,2026-04-16 18:09
KB0003106,P-005523,KH-ATL-02,Atlanta,2026-05-20,phone,cancelled,2026-05-20 13:35
KB0004399,P-002766,KH-NYC-02,New York,2026-06-10,at-home,completed,2026-06-10 12:08
KB0000940,P-002841,KH-NYC-01,New York,2026-04-15,walk-in,completed,2026-04-15 14:59
KB0002199,P-006063,KH-PHI-01,Philadelphia,2026-05-05,online,completed,2026-05-05 14:09
KB0006993,P-001094,KH-DAL-02,Dallas,2026-07-21,online,completed,2026-07-21 14:41
KB0005204,P-000765,KH-DAL-03,Dallas,2026-06-23,walk-in,completed,2026-06-23 09:31
KB0002310,P-005989,KH-PHI-02,Philadelphia,2026-05-07,walk-in,cancelled,2026-05-07 10:13
KB0010238,P-003106,KH-NYC-03,New York,2026-09-09,walk-in,completed,2026-09-09 09:34
KB0003026,P-002282,KH-PHX-01,Phoenix,2026-05-19,walk-in,completed,2026-05-19 12:42
KB0011404,P-003923,KH-NYC-01,New York,2026-09-26,online,completed,2026-09-26 14:11
KB0005994,P-006151,KH-PHI-01,Philadelphia,2026-07-05,at-home,completed,2026-07-05 16:28
KB0006241,P-003491,KH-NYC-01,New York,2026-07-09,walk-in,completed,2026-07-09 19:51
KB0010149,P-001094,KH-DAL-02,Dallas,2026-09-08,at-home,completed,2026-09-08 12:01
KB0006648,P-006583,KH-PHI-03,Philadelphia,2026-07-15,phone,completed,2026-07-15 17:09
KB0010540,P-000185,KH-DAL-03,Dallas,2026-09-14,walk-in,completed,2026-09-14 17:30
KB0009779,P-002681,KH-NYC-01,New York,2026-09-02,walk-in,completed,2026-09-02 15:43
KB0006983,P-000917,KH-DAL-02,Dallas,2026-07-21,walk-in,completed,2026-07-21 12:16
KB0002891,P-000284,KH-DAL-01,Dallas,2026-05-17,walk-in,completed,2026-05-17 13:37
KB0008586,P-001143,KH-DAL-03,Dallas,2026-08-15,at-home,completed,2026-08-15 10:03
KB0002920,P-005472,KH-ATL-01,Atlanta,2026-05-17,online,completed,2026-05-17 10:24
KB0000027,P-001973,KH-PHX-01,Phoenix,2026-04-01,online,completed,2026-04-01 18:29
KB0007250,P-005978,KH-PHI-02,Philadelphia,2026-07-24,walk-in,completed,2026-07-24 16:57
KB0009838,P-003803,KH-NYC-03,New York,2026-09-03,online,completed,2026-09-03 12:40
KB0004637,P-006368,KH-PHI-02,Philadelphia,2026-06-13,online,completed,2026-06-13 18:04
KB0004098,P-002653,KH-NYC-01,New York,2026-06-05,online,completed,2026-06-05 17:00
KB0002871,P-005140,KH-ATL-02,Atlanta,2026-05-16,online,completed,2026-05-16 18:26
KB0007853,P-005171,KH-ATL-02,Atlanta,2026-08-03,at-home,completed,2026-08-03 09:23
KB0005687,P-005892,KH-PHI-02,Philadelphia,2026-06-30,online,completed,2026-06-30 12:01
KB0003661,P-004105,KH-CHI-03,Chicago,2026-05-29,walk-in,completed,2026-05-29 15:52
KB0008084,P-001911,KH-PHX-03,Phoenix,2026-08-07,walk-in,completed,2026-08-07 13:43
KB0001660,P-005640,KH-ATL-01,Atlanta,2026-04-27,walk-in,completed,2026-04-27 09:04
KB0006011,P-000360,KH-DAL-03,Dallas,2026-07-06,online,completed,2026-07-06 16:30
KB0008058,P-001072,KH-DAL-02,Dallas,2026-08-07,phone,completed,2026-08-07 17:06
KB0001509,P-005681,KH-ATL-02,Atlanta,2026-04-24,online,completed,2026-04-24 17:07
KB0010291,P-001270,KH-PHX-02,Phoenix,2026-09-10,walk-in,completed,2026-09-10 19:55
KB0010214,P-000364,KH-DAL-02,Dallas,2026-09-09,at-home,completed,2026-09-09 15:26
KB0008979,P-006464,KH-PHI-02,Philadelphia,2026-08-20,online,completed,2026-08-20 19:18
KB0006319,P-004313,KH-CHI-02,Chicago,2026-07-10,online,completed,2026-07-10 14:11
KB0005470,P-001977,KH-PHX-03,Phoenix,2026-06-27,at-home,completed,2026-06-27 16:43
KB0005084,P-001060,KH-DAL-02,Dallas,2026-06-21,walk-in,completed,2026-06-21 19:38
KB0005252,P-005575,KH-ATL-01,Atlanta,2026-06-23,online,completed,2026-06-23 19:20
KB0007742,P-006601,KH-PHI-02,Philadelphia,2026-08-01,online,completed,2026-08-01 13:00
KB0000846,P-000979,KH-DAL-01,Dallas,2026-04-14,walk-in,completed,2026-04-14 16:52
KB0007553,P-000694,KH-DAL-02,Dallas,2026-07-30,walk-in,completed,2026-07-30 16:50
KB0008810,P-004474,KH-CHI-03,Chicago,2026-08-18,walk-in,completed,2026-08-18 19:22
KB0002677,P-006279,KH-PHI-02,Philadelphia,2026-05-13,walk-in,completed,2026-05-13 12:58
KB0000991,P-001285,KH-PHX-01,Phoenix,2026-04-16,walk-in,completed,2026-04-16 18:42
KB0006314,P-004533,KH-CHI-03,Chicago,2026-07-10,online,completed,2026-07-10 09:12
KB0009692,P-000202,KH-DAL-03,Dallas,2026-09-01,phone,completed,2026-09-01 13:12
KB0004711,P-003913,KH-NYC-03,New York,2026-06-15,phone,completed,2026-06-15 18:58
KB0005217,P-001472,KH-PHX-01,Phoenix,2026-06-23,walk-in,completed,2026-06-23 14:41
KB0005329,P-000387,KH-DAL-01,Dallas,2026-06-25,walk-in,completed,2026-06-25 18:44
KB0002459,P-000658,KH-DAL-03,Dallas,2026-05-10,walk-in,completed,2026-05-10 08:47
KB0010168,P-002081,KH-PHX-03,Phoenix,2026-09-08,walk-in,completed,2026-09-08 19:42
KB0006373,P-002681,KH-NYC-02,New York,2026-07-11,online,completed,2026-07-11 17:43
KB0001767,P-001721,KH-PHX-02,Phoenix,2026-04-29,walk-in,completed,2026-04-29 09:10
KB0009741,P-006002,KH-PHI-01,Philadelphia,2026-09-01,walk-in,completed,2026-09-01 18:48
KB0003248,P-000182,KH-DAL-01,Dallas,2026-05-23,at-home,completed,2026-05-23 10:34
KB0002757,P-000936,KH-DAL-01,Dallas,2026-05-15,at-home,completed,2026-05-15 09:12
KB0002668,P-005273,KH-ATL-02,Atlanta,2026-05-13,online,completed,2026-05-13 15:48
KB0004414,P-004168,KH-CHI-02,Chicago,2026-06-10,walk-in,completed,2026-06-10 16:59
KB0004824,P-000483,KH-DAL-03,Dallas,2026-06-17,walk-in,completed,2026-06-17 13:48
KB0005444,P-005860,KH-PHI-02,Philadelphia,2026-06-26,walk-in,completed,2026-06-26 13:57
KB0001240,P-003374,KH-NYC-03,New York,2026-04-20,online,completed,2026-04-20 11:11
KB0006019,P-001590,KH-PHX-02,Phoenix,2026-07-06,walk-in,completed,2026-07-06 10:46
KB0002826,P-001134,KH-DAL-02,Dallas,2026-05-16,walk-in,completed,2026-05-16 19:10
KB0000166,P-001970,KH-PHX-01,Phoenix,2026-04-03,walk-in,completed,2026-04-03 12:14
KB0001916,P-005096,KH-ATL-02,Atlanta,2026-05-01,phone,completed,2026-05-01 16:57
KB0008021,P-001681,KH-PHX-01,Phoenix,2026-08-06,walk-in,completed,2026-08-06 14:56
KB0005703,P-000547,KH-DAL-03,Dallas,2026-07-01,online,completed,2026-07-01 14:03
KB0005465,P-001456,KH-PHX-02,Phoenix,2026-06-27,online,completed,2026-06-27 09:46
KB0009044,P-006388,KH-PHI-01,Philadelphia,2026-08-21,walk-in,completed,2026-08-21 14:54
KB0004959,P-000514,KH-DAL-03,Dallas,2026-06-19,at-home,completed,2026-06-19 17:09
KB0004456,P-001791,KH-PHX-01,Phoenix,2026-06-11,walk-in,completed,2026-06-11 11:29
KB0011377,P-001245,KH-DAL-02,Dallas,2026-09-26,walk-in,completed,2026-09-26 18:22
KB0002386,P-001242,KH-DAL-02,Dallas,2026-05-09,walk-in,completed,2026-05-09 16:07
KB0007420,P-005793,KH-PHI-03,Philadelphia,2026-07-27,at-home,completed,2026-07-27 11:36
KB0004735,P-005332,KH-ATL-02,Atlanta,2026-06-15,phone,completed,2026-06-15 17:12
KB0005127,P-005429,KH-ATL-01,Atlanta,2026-06-21,walk-in,completed,2026-06-21 16:48
KB0001876,P-000873,KH-DAL-03,Dallas,2026-05-01,walk-in,completed,2026-05-01 17:45
KB0006276,P-001199,KH-DAL-01,Dallas,2026-07-10,walk-in,completed,2026-07-10 17:06
KB0009273,P-005604,KH-ATL-02,Atlanta,2026-08-25,at-home,completed,2026-08-25 08:32
KB0006233,P-001736,KH-PHX-03,Phoenix,2026-07-09,walk-in,completed,2026-07-09 18:15
KB0006315,P-004823,KH-CHI-03,Chicago,2026-07-10,walk-in,completed,2026-07-10 16:10
KB0005099,P-002026,KH-PHX-03,Phoenix,2026-06-21,phone,completed,2026-06-21 14:54
KB0009549,P-006232,KH-PHI-02,Philadelphia,2026-08-29,walk-in,completed,2026-08-29 13:21
KB0006122,P-005695,KH-ATL-02,Atlanta,2026-07-07,walk-in,completed,2026-07-07 18:34
KB0003609,P-005726,KH-ATL-02,Atlanta,2026-05-28,online,completed,2026-05-28 08:42
KB0009673,P-006496,KH-PHI-02,Philadelphia,2026-08-31,walk-in,completed,2026-08-31 09:56
KB0001264,P-005341,KH-ATL-02,Atlanta,2026-04-20,walk-in,completed,2026-04-20 14:11
KB0006538,P-001450,KH-PHX-02,Phoenix,2026-07-14,walk-in,completed,2026-07-14 13:45
KB0001575,P-000871,KH-DAL-02,Dallas,2026-04-26,walk-in,completed,2026-04-26 09:18
KB0009229,P-000518,KH-DAL-03,Dallas,2026-08-25,walk-in,completed,2026-08-25 12:15
KB0001914,P-005692,KH-ATL-02,Atlanta,2026-05-01,online,completed,2026-05-01 08:49
KB0005124,P-005275,KH-ATL-01,Atlanta,2026-06-21,online,completed,2026-06-21 08:04
KB0011360,P-000255,KH-DAL-01,Dallas,2026-09-26,at-home,completed,2026-09-26 08:37
KB0009979,P-001498,KH-PHX-02,Phoenix,2026-09-05,at-home,completed,2026-09-05 09:51
KB0001739,P-006207,KH-PHI-02,Philadelphia,2026-04-28,online,completed,2026-04-28 13:49
KB0011692,P-005128,KH-ATL-02,Atlanta,2026-09-30,online,completed,2026-09-30 08:17
KB0008133,P-000288,KH-DAL-01,Dallas,2026-08-08,phone,completed,2026-08-08 15:17
KB0003288,P-004150,KH-CHI-03,Chicago,2026-05-23,at-home,completed,2026-05-23 16:54
KB0010957,P-002398,KH-PHX-02,Phoenix,2026-09-20,online,completed,2026-09-20 18:52
KB0002894,P-000685,KH-DAL-03,Dallas,2026-05-17,at-home,cancelled,2026-05-17 18:35
KB0003366,P-001185,KH-DAL-03,Dallas,2026-05-25,walk-in,completed,2026-05-25 19:13
KB0010153,P-000006,KH-DAL-03,Dallas,2026-09-08,walk-in,completed,2026-09-08 15:04
KB0003680,P-006468,KH-PHI-03,Philadelphia,2026-05-29,walk-in,completed,2026-05-29 11:29
KB0008476,P-003546,KH-NYC-02,New York,2026-08-13,phone,completed,2026-08-13 10:06
KB0011676,P-003161,KH-NYC-01,New York,2026-09-30,phone,completed,2026-09-30 15:12
KB0009133,P-003754,KH-NYC-01,New York,2026-08-23,online,completed,2026-08-23 15:56
KB0001668,P-005072,KH-ATL-01,Atlanta,2026-04-27,online,completed,2026-04-27 16:12
KB0004732,P-005024,KH-ATL-02,Atlanta,2026-06-15,at-home,completed,2026-06-15 19:11
KB0008597,P-001607,KH-PHX-03,Phoenix,2026-08-15,walk-in,completed,2026-08-15 15:11
KB0007554,P-000917,KH-DAL-02,Dallas,2026-07-30,walk-in,completed,2026-07-30 15:56
KB0010280,P-001008,KH-DAL-02,Dallas,2026-09-10,phone,completed,2026-09-10 10:30
KB0008271,P-001807,KH-PHX-01,Phoenix,2026-08-10,online,completed,2026-08-10 08:38
KB0002929,P-005854,KH-PHI-02,Philadelphia,2026-05-17,phone,completed,2026-05-17 19:17
KB0000971,P-000057,KH-DAL-01,Dallas,2026-04-16,walk-in,completed,2026-04-16 18:15
KB0007930,P-006145,KH-PHI-03,Philadelphia,2026-08-04,online,completed,2026-08-04 14:01
KB0011497,P-002163,KH-PHX-02,Phoenix,2026-09-28,phone,completed,2026-09-28 11:08
KB0004028,P-001586,KH-PHX-02,Phoenix,2026-06-04,online,completed,2026-06-04 18:28
KB0006168,P-003060,KH-NYC-01,New York,2026-07-08,walk-in,completed,2026-07-08 11:39
KB0010512,P-002585,KH-NYC-02,New York,2026-09-13,at-home,completed,2026-09-13 15:24
KB0001244,P-003779,KH-NYC-03,New York,2026-04-20,online,completed,2026-04-20 13:54
KB0003734,P-004476,KH-CHI-01,Chicago,2026-05-30,online,completed,2026-05-30 10:48
KB0003800,P-000127,KH-DAL-03,Dallas,2026-06-01,walk-in,completed,2026-06-01 15:26
KB0001903,P-004664,KH-CHI-02,Chicago,2026-05-01,walk-in,cancelled,2026-05-01 16:51
KB0010732,P-000797,KH-DAL-02,Dallas,2026-09-17,walk-in,completed,2026-09-17 08:16
KB0001112,P-000328,KH-DAL-02,Dallas,2026-04-18,walk-in,completed,2026-04-18 14:46
KB0003453,P-002478,KH-NYC-01,New York,2026-05-26,online,completed,2026-05-26 13:07
KB0000818,P-004259,KH-CHI-03,Chicago,2026-04-13,walk-in,completed,2026-04-13 15:11
KB0009108,P-006172,KH-PHI-03,Philadelphia,2026-08-22,walk-in,completed,2026-08-22 09:53
KB0003497,P-002304,KH-PHX-02,Phoenix,2026-05-27,walk-in,completed,2026-05-27 14:22
KB0004888,P-000316,KH-DAL-03,Dallas,2026-06-18,walk-in,completed,2026-06-18 14:03
KB0004944,P-006521,KH-PHI-02,Philadelphia,2026-06-18,online,completed,2026-06-18 18:11
KB0001939,P-000699,KH-DAL-03,Dallas,2026-05-02,at-home,completed,2026-05-02 18:17
KB0006925,P-000913,KH-DAL-03,Dallas,2026-07-20,walk-in,completed,2026-07-20 12:35
KB0007370,P-000736,KH-DAL-03,Dallas,2026-07-27,online,completed,2026-07-27 14:56
KB0005239,P-004311,KH-CHI-02,Chicago,2026-06-23,walk-in,completed,2026-06-23 14:41
KB0004669,P-004647,KH-CHI-03,Chicago,2026-06-14,walk-in,completed,2026-06-14 15:39
KB0000496,P-002743,KH-NYC-02,New York,2026-04-08,walk-in,completed,2026-04-08 09:47
KB0010469,P-005225,KH-ATL-01,Atlanta,2026-09-12,walk-in,completed,2026-09-12 17:17
KB0004083,P-001738,KH-PHX-02,Phoenix,2026-06-05,at-home,completed,2026-06-05 11:11
KB0007411,P-005388,KH-ATL-02,Atlanta,2026-07-27,walk-in,completed,2026-07-27 08:20
KB0006686,P-003750,KH-NYC-01,New York,2026-07-16,online,completed,2026-07-16 14:25
KB0006773,P-004670,KH-CHI-01,Chicago,2026-07-17,phone,completed,2026-07-17 14:47
KB0004626,P-004606,KH-CHI-02,Chicago,2026-06-13,walk-in,completed,2026-06-13 13:24
KB0000405,P-005787,KH-PHI-02,Philadelphia,2026-04-06,phone,completed,2026-04-06 09:19
KB0001475,P-001420,KH-PHX-03,Phoenix,2026-04-24,online,completed,2026-04-24 12:37
KB0001154,P-004176,KH-CHI-02,Chicago,2026-04-18,online,completed,2026-04-18 18:21
KB0010721,P-000311,KH-DAL-03,Dallas,2026-09-17,online,completed,2026-09-17 08:57
KB0000880,P-004615,KH-CHI-01,Chicago,2026-04-14,walk-in,completed,2026-04-14 11:41
KB0000221,P-006654,KH-PHI-02,Philadelphia,2026-04-03,online,completed,2026-04-03 12:40
KB0009584,P-003164,KH-NYC-02,New York,2026-08-30,walk-in,completed,2026-08-30 12:19
KB0005618,P-005416,KH-ATL-02,Atlanta,2026-06-29,walk-in,completed,2026-06-29 12:31
KB0005562,P-006457,KH-PHI-02,Philadelphia,2026-06-28,at-home,completed,2026-06-28 18:06
KB0005775,P-001434,KH-PHX-01,Phoenix,2026-07-02,phone,completed,2026-07-02 12:13
KB0002023,P-002944,KH-NYC-02,New York,2026-05-03,phone,completed,2026-05-03 09:45
KB0011239,P-001899,KH-PHX-02,Phoenix,2026-09-24,walk-in,completed,2026-09-24 16:45
KB0002347,P-003773,KH-NYC-03,New York,2026-05-08,walk-in,completed,2026-05-08 08:44
KB0009258,P-002553,KH-NYC-01,New York,2026-08-25,at-home,completed,2026-08-25 15:33
KB0004801,P-004339,KH-CHI-02,Chicago,2026-06-16,online,completed,2026-06-16 11:39
KB0006047,P-004937,KH-CHI-03,Chicago,2026-07-06,walk-in,completed,2026-07-06 12:58
KB0010314,P-004082,KH-CHI-01,Chicago,2026-09-10,walk-in,completed,2026-09-10 15:29
KB0003177,P-001161,KH-DAL-01,Dallas,2026-05-22,walk-in,completed,2026-05-22 13:18
KB0000035,P-003306,KH-NYC-01,New York,2026-04-01,at-home,completed,2026-04-01 17:13
KB0002324,P-001074,KH-DAL-01,Dallas,2026-05-08,online,completed,2026-05-08 14:59
KB0011551,P-000233,KH-DAL-01,Dallas,2026-09-29,walk-in,completed,2026-09-29 13:34
KB0005050,P-003120,KH-NYC-03,New York,2026-06-20,walk-in,completed,2026-06-20 18:18
KB0004778,P-002113,KH-PHX-01,Phoenix,2026-06-16,online,completed,2026-06-16 15:39
KB0002823,P-001065,KH-DAL-02,Dallas,2026-05-16,walk-in,completed,2026-05-16 12:49
KB0011384,P-001595,KH-PHX-01,Phoenix,2026-09-26,online,completed,2026-09-26 10:46
KB0008094,P-003211,KH-NYC-01,New York,2026-08-07,walk-in,completed,2026-08-07 08:26
KB0003199,P-002017,KH-PHX-02,Phoenix,2026-05-22,walk-in,completed,2026-05-22 19:33
KB0006889,P-003200,KH-NYC-02,New York,2026-07-19,walk-in,completed,2026-07-19 10:46
KB0000323,P-004616,KH-CHI-02,Chicago,2026-04-05,walk-in,completed,2026-04-05 11:23
KB0006152,P-001761,KH-PHX-01,Phoenix,2026-07-08,walk-in,completed,2026-07-08 19:17
KB0006005,P-001230,KH-DAL-03,Dallas,2026-07-06,walk-in,completed,2026-07-06 18:46
KB0009627,P-001738,KH-PHX-02,Phoenix,2026-08-31,online,completed,2026-08-31 11:59
KB0008842,P-000617,KH-DAL-03,Dallas,2026-08-19,walk-in,completed,2026-08-19 13:58
KB0002383,P-000857,KH-DAL-02,Dallas,2026-05-09,walk-in,completed,2026-05-09 10:19
KB0004289,P-004674,KH-CHI-01,Chicago,2026-06-08,online,completed,2026-06-08 14:53
KB0004452,P-000167,KH-DAL-02,Dallas,2026-06-11,walk-in,completed,2026-06-11 10:34
KB0006021,P-002425,KH-PHX-03,Phoenix,2026-07-06,online,completed,2026-07-06 13:03
KB0005728,P-003586,KH-NYC-02,New York,2026-07-01,walk-in,completed,2026-07-01 17:06
KB0010051,P-003676,KH-NYC-02,New York,2026-09-06,walk-in,completed,2026-09-06 14:48
KB0005871,P-004347,KH-CHI-01,Chicago,2026-07-03,at-home,completed,2026-07-03 15:15
KB0002541,P-004146,KH-CHI-03,Chicago,2026-05-11,walk-in,completed,2026-05-11 17:07
KB0005327,P-000216,KH-DAL-02,Dallas,2026-06-25,online,completed,2026-06-25 18:55
KB0008710,P-000243,KH-DAL-02,Dallas,2026-08-17,walk-in,completed,2026-08-17 14:21
KB0009045,P-006427,KH-PHI-03,Philadelphia,2026-08-21,online,completed,2026-08-21 08:51
KB0007998,P-000349,KH-DAL-01,Dallas,2026-08-06,walk-in,completed,2026-08-06 16:31
KB0011169,P-002095,KH-PHX-01,Phoenix,2026-09-23,online,completed,2026-09-23 10:13
KB0003291,P-005733,KH-ATL-02,Atlanta,2026-05-23,walk-in,completed,2026-05-23 18:50
KB0009517,P-002479,KH-NYC-03,New York,2026-08-29,walk-in,completed,2026-08-29 11:47
KB0006060,P-005808,KH-PHI-01,Philadelphia,2026-07-06,at-home,completed,2026-07-06 16:38
KB0008226,P-004384,KH-CHI-03,Chicago,2026-08-09,walk-in,completed,2026-08-09 17:41
KB0008663,P-002237,KH-PHX-03,Phoenix,2026-08-16,phone,completed,2026-08-16 17:03
KB0006199,P-006539,KH-PHI-03,Philadelphia,2026-07-08,walk-in,completed,2026-07-08 11:06
KB0001234,P-002057,KH-PHX-03,Phoenix,2026-04-20,walk-in,completed,2026-04-20 09:58
KB0002897,P-001457,KH-PHX-02,Phoenix,2026-05-17,online,completed,2026-05-17 18:16
KB0010345,P-000793,KH-DAL-03,Dallas,2026-09-11,at-home,completed,2026-09-11 14:03
KB0000184,P-002979,KH-NYC-02,New York,2026-04-03,walk-in,completed,2026-04-03 08:51
KB0008293,P-004275,KH-CHI-03,Chicago,2026-08-10,online,completed,2026-08-10 11:09
KB0006077,P-000654,KH-DAL-03,Dallas,2026-07-07,online,completed,2026-07-07 08:07
KB0006493,P-004086,KH-CHI-03,Chicago,2026-07-13,phone,completed,2026-07-13 17:23
KB0006381,P-002535,KH-NYC-01,New York,2026-07-11,walk-in,completed,2026-07-11 12:30
KB0005731,P-004103,KH-CHI-02,Chicago,2026-07-01,online,completed,2026-07-01 08:58
KB0002992,P-005246,KH-ATL-03,Atlanta,2026-05-18,phone,completed,2026-05-18 17:22
KB0000456,P-005341,KH-ATL-01,Atlanta,2026-04-07,at-home,completed,2026-04-07 19:29
KB0002245,P-006015,KH-PHI-01,Philadelphia,2026-05-06,phone,completed,2026-05-06 14:40
KB0000509,P-004392,KH-CHI-03,Chicago,2026-04-08,online,completed,2026-04-08 17:36
KB0002629,P-000324,KH-DAL-02,Dallas,2026-05-13,at-home,completed,2026-05-13 10:41
KB0009287,P-000181,KH-DAL-03,Dallas,2026-08-26,walk-in,completed,2026-08-26 14:26
KB0002637,P-002308,KH-PHX-01,Phoenix,2026-05-13,online,completed,2026-05-13 15:24
KB0005738,P-004575,KH-CHI-03,Chicago,2026-07-01,walk-in,completed,2026-07-01 09:41
KB0000356,P-000288,KH-DAL-02,Dallas,2026-04-06,walk-in,completed,2026-04-06 19:52
KB0008519,P-001142,KH-DAL-02,Dallas,2026-08-14,online,completed,2026-08-14 14:38
KB0002682,P-006373,KH-PHI-02,Philadelphia,2026-05-13,online,completed,2026-05-13 09:00
KB0008189,P-000850,KH-DAL-02,Dallas,2026-08-09,walk-in,completed,2026-08-09 08:13
KB0010574,P-002957,KH-NYC-01,New York,2026-09-14,online,completed,2026-09-14 21:45
KB0002635,P-002055,KH-PHX-01,Phoenix,2026-05-13,online,completed,2026-05-13 08:01
KB0005203,P-000074,KH-DAL-03,Dallas,2026-06-23,online,completed,2026-06-23 12:26
KB0006137,P-000473,KH-DAL-01,Dallas,2026-07-08,online,completed,2026-07-08 16:19
KB0002964,P-001752,KH-PHX-01,Phoenix,2026-05-18,walk-in,completed,2026-05-18 12:33
KB0000360,P-002300,KH-PHX-03,Phoenix,2026-04-06,online,completed,2026-04-06 13:28
KB0004567,P-006542,KH-PHI-01,Philadelphia,2026-06-12,online,cancelled,2026-06-12 13:26
KB0005393,P-000097,KH-DAL-03,Dallas,2026-06-26,online,completed,2026-06-26 10:21
KB0006764,P-003450,KH-NYC-01,New York,2026-07-17,walk-in,completed,2026-07-17 18:01
KB0004174,P-004943,KH-CHI-02,Chicago,2026-06-06,online,completed,2026-06-06 12:50
KB0007494,P-000767,KH-DAL-01,Dallas,2026-07-29,online,completed,2026-07-29 17:04
KB0001149,P-004853,KH-CHI-02,Chicago,2026-04-18,walk-in,completed,2026-04-18 16:01
KB0007117,P-006138,KH-PHI-02,Philadelphia,2026-07-22,phone,completed,2026-07-22 19:45
KB0006134,P-000936,KH-DAL-02,Dallas,2026-07-08,online,completed,2026-07-08 18:32
KB0005116,P-004592,KH-CHI-02,Chicago,2026-06-21,at-home,completed,2026-06-21 08:39
KB0007758,P-002322,KH-PHX-01,Phoenix,2026-08-02,walk-in,completed,2026-08-02 09:09
KB0009326,P-004118,KH-CHI-01,Chicago,2026-08-26,online,completed,2026-08-26 11:16
KB0008844,P-000698,KH-DAL-02,Dallas,2026-08-19,online,completed,2026-08-19 18:42
KB0005255,P-006328,KH-PHI-01,Philadelphia,2026-06-23,online,completed,2026-06-23 10:22
KB0004899,P-001129,KH-DAL-01,Dallas,2026-06-18,online,completed,2026-06-18 16:08
KB0003695,P-000023,KH-DAL-03,Dallas,2026-05-30,at-home,completed,2026-05-30 19:38
KB0010170,P-001524,KH-PHX-02,Phoenix,2026-09-08,at-home,completed,2026-09-08 08:19
KB0010616,P-001967,KH-PHX-03,Phoenix,2026-09-15,walk-in,cancelled,2026-09-15 12:38
KB0004689,P-000366,KH-DAL-03,Dallas,2026-06-15,walk-in,completed,2026-06-15 08:40
KB0008365,P-004966,KH-ATL-02,Atlanta,2026-08-11,online,completed,2026-08-11 18:48
KB0011303,P-001553,KH-PHX-01,Phoenix,2026-09-25,online,completed,2026-09-25 17:07
KB0004023,P-002444,KH-PHX-03,Phoenix,2026-06-04,walk-in,completed,2026-06-04 08:01
KB0004985,P-003939,KH-NYC-01,New York,2026-06-19,online,completed,2026-06-19 17:15
KB0004630,P-005409,KH-ATL-01,Atlanta,2026-06-13,walk-in,completed,2026-06-13 19:32
KB0011070,P-001215,KH-DAL-03,Dallas,2026-09-22,walk-in,completed,2026-09-22 09:30
KB0000150,P-000525,KH-DAL-02,Dallas,2026-04-03,phone,completed,2026-04-03 14:06
KB0007944,P-001141,KH-DAL-01,Dallas,2026-08-05,phone,completed,2026-08-05 14:39
KB0010717,P-006483,KH-PHI-03,Philadelphia,2026-09-16,online,completed,2026-09-16 12:55
KB0004144,P-001142,KH-DAL-03,Dallas,2026-06-06,online,completed,2026-06-06 17:37
KB0008416,P-002951,KH-NYC-02,New York,2026-08-12,at-home,completed,2026-08-12 14:24
KB0004187,P-006250,KH-PHI-01,Philadelphia,2026-06-06,at-home,completed,2026-06-06 11:44
KB0005235,P-004945,KH-CHI-03,Chicago,2026-06-23,online,completed,2026-06-23 16:11
KB0008489,P-004941,KH-CHI-01,Chicago,2026-08-13,online,completed,2026-08-13 13:35
KB0004960,P-001015,KH-DAL-02,Dallas,2026-06-19,walk-in,completed,2026-06-19 13:33
KB0008735,P-003754,KH-NYC-03,New York,2026-08-17,walk-in,completed,2026-08-17 16:51
KB0005499,P-005635,KH-ATL-02,Atlanta,2026-06-27,phone,completed,2026-06-27 14:28
KB0009442,P-003444,KH-NYC-01,New York,2026-08-28,online,completed,2026-08-28 10:14
KB0001325,P-005838,KH-PHI-02,Philadelphia,2026-04-21,walk-in,completed,2026-04-21 15:12
KB0004628,P-005324,KH-ATL-02,Atlanta,2026-06-13,phone,completed,2026-06-13 11:29
KB0009591,P-004380,KH-CHI-01,Chicago,2026-08-30,walk-in,completed,2026-08-30 10:44
KB0004055,P-005226,KH-ATL-01,Atlanta,2026-06-04,walk-in,completed,2026-06-04 18:49
KB0002103,P-004545,KH-CHI-03,Chicago,2026-05-04,walk-in,completed,2026-05-04 08:11
KB0010039,P-001911,KH-PHX-02,Phoenix,2026-09-06,walk-in,completed,2026-09-06 14:50
KB0004153,P-002420,KH-PHX-03,Phoenix,2026-06-06,walk-in,completed,2026-06-06 12:33
KB0008547,P-003390,KH-NYC-02,New York,2026-08-14,online,completed,2026-08-14 17:33
KB0007392,P-003355,KH-NYC-01,New York,2026-07-27,walk-in,cancelled,2026-07-27 10:48
KB0000704,P-004366,KH-CHI-01,Chicago,2026-04-11,walk-in,completed,2026-04-11 13:23
KB0002875,P-005367,KH-ATL-01,Atlanta,2026-05-16,,completed,2026-05-16 11:55
KB0000519,P-005710,KH-ATL-01,Atlanta,2026-04-08,walk-in,completed,2026-04-08 14:51
KB0000827,P-006361,KH-PHI-01,Philadelphia,2026-04-13,online,completed,2026-04-13 08:41
KB0011191,P-005420,KH-ATL-02,Atlanta,2026-09-23,walk-in,completed,2026-09-23 18:28
KB0011015,P-001947,KH-PHX-02,Phoenix,2026-09-21,online,completed,2026-09-21 14:07
KB0005821,P-006661,KH-PHI-01,Philadelphia,2026-07-02,walk-in,completed,2026-07-02 17:49
KB0009718,P-003009,KH-NYC-02,New York,2026-09-01,,completed,2026-09-01 19:45
KB0007197,P-000666,KH-DAL-01,Dallas,2026-07-24,online,completed,2026-07-24 10:19
KB0002308,P-006267,KH-PHI-03,Philadelphia,2026-05-07,online,completed,2026-05-07 18:29
KB0002602,P-004230,KH-CHI-01,Chicago,2026-05-12,phone,cancelled,2026-05-12 17:06
KB0001891,P-001412,KH-PHX-01,Phoenix,2026-05-01,walk-in,completed,2026-05-01 08:33
KB0002267,P-001449,KH-PHX-01,Phoenix,2026-05-07,online,completed,2026-05-07 11:59
KB0010943,P-000875,KH-DAL-02,Dallas,2026-09-20,,completed,2026-09-20 11:58
KB0010092,P-002023,KH-PHX-01,Phoenix,2026-09-07,phone,completed,2026-09-07 17:56
KB0002843,P-001580,KH-PHX-01,Phoenix,2026-05-16,phone,completed,2026-05-16 15:44
KB0005742,P-005040,KH-ATL-02,Atlanta,2026-07-01,walk-in,completed,2026-07-01 18:10
KB0009050,P-000700,KH-DAL-02,Dallas,2026-08-22,phone,completed,2026-08-22 10:37
KB0000638,P-004486,KH-CHI-03,Chicago,2026-04-10,online,completed,2026-04-10 09:40
KB0010163,P-002390,KH-PHX-01,Phoenix,2026-09-08,walk-in,completed,2026-09-08 17:09
KB0001649,P-003804,KH-NYC-01,New York,2026-04-27,walk-in,completed,2026-04-27 18:17
KB0003194,P-000488,KH-DAL-01,Dallas,2026-05-22,online,completed,2026-05-22 17:41
KB0010348,P-000006,KH-DAL-03,Dallas,2026-09-11,phone,completed,2026-09-11 17:08
KB0011464,P-003103,KH-NYC-01,New York,2026-09-27,online,completed,2026-09-27 13:38
KB0006842,P-005184,KH-ATL-02,Atlanta,2026-07-18,walk-in,completed,2026-07-18 13:43
KB0010100,P-003937,KH-NYC-02,New York,2026-09-07,walk-in,completed,2026-09-07 10:35
KB0007390,P-003881,KH-NYC-02,New York,2026-07-27,online,completed,2026-07-27 15:48
KB0010122,P-004416,KH-CHI-02,Chicago,2026-09-07,at-home,completed,2026-09-07 15:26
KB0010849,P-005606,KH-ATL-02,Atlanta,2026-09-18,online,completed,2026-09-18 16:21
KB0002720,P-002749,KH-NYC-02,New York,2026-05-14,walk-in,completed,2026-05-14 11:12
KB0009246,P-001798,KH-PHX-01,Phoenix,2026-08-25,walk-in,completed,2026-08-25 09:57
KB0003092,P-002665,KH-NYC-01,New York,2026-05-20,walk-in,completed,2026-05-20 16:45
KB0008629,P-004363,KH-CHI-02,Chicago,2026-08-15,online,completed,2026-08-15 18:24
KB0001762,P-002292,KH-PHX-03,Phoenix,2026-04-29,walk-in,completed,2026-04-29 16:21
KB0005216,P-002184,KH-PHX-01,Phoenix,2026-06-23,,completed,2026-06-23 12:31
KB0010293,P-002166,KH-PHX-03,Phoenix,2026-09-10,walk-in,completed,2026-09-10 08:47
KB0009299,P-002053,KH-PHX-03,Phoenix,2026-08-26,walk-in,completed,2026-08-26 12:01
KB0005576,P-000671,KH-DAL-01,Dallas,2026-06-29,at-home,completed,2026-06-29 10:09
KB0011181,P-002770,KH-NYC-03,New York,2026-09-23,at-home,completed,2026-09-23 17:21
KB0011289,P-000839,KH-DAL-03,Dallas,2026-09-25,online,completed,2026-09-25 12:29
KB0005626,P-005801,KH-PHI-01,Philadelphia,2026-06-29,online,completed,2026-06-29 13:00
KB0006095,P-001637,KH-PHX-01,Phoenix,2026-07-07,at-home,completed,2026-07-07 19:40
KB0007727,P-004852,KH-CHI-03,Chicago,2026-08-01,at-home,completed,2026-08-01 14:05
KB0000139,P-006619,KH-PHI-02,Philadelphia,2026-04-02,walk-in,completed,2026-04-02 19:27
KB0010411,P-006212,KH-PHI-02,Philadelphia,2026-09-11,,completed,2026-09-11 08:49
KB0007690,P-000276,KH-DAL-02,Dallas,2026-08-01,online,completed,2026-08-01 18:44
KB0003916,P-005404,KH-ATL-02,Atlanta,2026-06-02,phone,completed,2026-06-02 12:07
KB0004954,P-000204,KH-DAL-03,Dallas,2026-06-19,walk-in,completed,2026-06-19 19:58
KB0002639,P-001348,KH-PHX-02,Phoenix,2026-05-13,online,completed,2026-05-13 19:18
KB0004935,P-005152,KH-ATL-02,Atlanta,2026-06-18,online,completed,2026-06-18 17:40
KB0007265,P-000843,KH-DAL-01,Dallas,2026-07-25,walk-in,completed,2026-07-25 14:04
KB0005006,P-005681,KH-ATL-02,Atlanta,2026-06-19,walk-in,completed,2026-06-19 15:53
KB0001060,P-001558,KH-PHX-01,Phoenix,2026-04-17,online,completed,2026-04-17 15:12
KB0007391,P-003805,KH-NYC-02,New York,2026-07-27,online,completed,2026-07-27 18:44
KB0011047,P-005353,KH-ATL-02,Atlanta,2026-09-21,,completed,2026-09-21 09:28
KB0009037,P-005455,KH-ATL-01,Atlanta,2026-08-21,online,completed,2026-08-21 10:42
KB0010557,P-001588,KH-PHX-02,Phoenix,2026-09-14,phone,completed,2026-09-14 13:49
KB0000106,P-002948,KH-NYC-03,New York,2026-04-02,online,completed,2026-04-02 16:58
KB0001477,P-001572,KH-PHX-02,Phoenix,2026-04-24,walk-in,completed,2026-04-24 08:41
KB0004599,P-001391,KH-PHX-02,Phoenix,2026-06-13,walk-in,completed,2026-06-13 13:40
KB0007218,P-003945,KH-NYC-03,New York,2026-07-24,online,completed,2026-07-24 08:45
KB0002244,P-006519,KH-PHI-03,Philadelphia,2026-05-06,phone,completed,2026-05-06 10:52
KB0004109,P-004459,KH-CHI-02,Chicago,2026-06-05,phone,completed,2026-06-05 19:27
KB0000849,P-000465,KH-DAL-01,Dallas,2026-04-14,at-home,completed,2026-04-14 13:16
KB0003336,P-002763,KH-NYC-03,New York,2026-05-24,walk-in,completed,2026-05-24 10:23
KB0004439,P-000250,KH-DAL-03,Dallas,2026-06-11,phone,completed,2026-06-11 16:37
KB0002870,P-005693,KH-ATL-02,Atlanta,2026-05-16,walk-in,completed,2026-05-16 13:45
KB0011533,P-005569,KH-ATL-02,Atlanta,2026-09-28,online,completed,2026-09-28 14:08
KB0003611,P-005545,KH-ATL-01,Atlanta,2026-05-28,walk-in,completed,2026-05-28 12:57
KB0009309,P-001687,KH-PHX-01,Phoenix,2026-08-26,at-home,completed,2026-08-26 15:22
KB0007894,P-003923,KH-NYC-03,New York,2026-08-04,walk-in,completed,2026-08-04 18:00
KB0004488,P-004162,KH-CHI-03,Chicago,2026-06-11,walk-in,completed,2026-06-11 14:32
KB0005332,P-000654,KH-DAL-02,Dallas,2026-06-25,at-home,completed,2026-06-25 12:27
KB0010150,P-000986,KH-DAL-01,Dallas,2026-09-08,walk-in,completed,2026-09-08 18:08
KB0006714,P-006287,KH-PHI-01,Philadelphia,2026-07-16,online,completed,2026-07-16 10:29
KB0002950,P-001713,KH-PHX-03,Phoenix,2026-05-18,online,completed,2026-05-18 11:20
KB0002166,P-002953,KH-NYC-01,New York,2026-05-05,at-home,completed,2026-05-05 19:06
KB0008624,P-003143,KH-NYC-02,New York,2026-08-15,online,completed,2026-08-15 12:13
KB0001299,P-003119,KH-NYC-01,New York,2026-04-21,walk-in,completed,2026-04-21 12:40
KB0006548,P-003708,KH-NYC-02,New York,2026-07-14,walk-in,completed,2026-07-14 18:13
KB0002039,P-004196,KH-CHI-02,Chicago,2026-05-03,online,completed,2026-05-03 12:03
KB0009708,P-002674,KH-NYC-03,New York,2026-09-01,walk-in,completed,2026-09-01 19:03
KB0009380,P-003763,KH-NYC-02,New York,2026-08-27,walk-in,completed,2026-08-27 15:07
KB0009269,P-005149,KH-ATL-02,Atlanta,2026-08-25,at-home,completed,2026-08-25 13:29
KB0009421,P-000570,KH-DAL-01,Dallas,2026-08-28,walk-in,completed,2026-08-28 15:52
KB0006464,P-001708,KH-PHX-01,Phoenix,2026-07-13,walk-in,completed,2026-07-13 19:34
KB0003860,P-006077,KH-PHI-03,Philadelphia,2026-06-01,at-home,completed,2026-06-01 13:31
KB0001844,P-004257,KH-CHI-03,Chicago,2026-04-30,at-home,completed,2026-04-30 08:40
KB0000589,P-006337,KH-PHI-02,Philadelphia,2026-04-09,walk-in,completed,2026-04-09 18:58
KB0005025,P-000215,KH-DAL-02,Dallas,2026-06-20,walk-in,completed,2026-06-20 18:49
KB0011233,P-001465,KH-PHX-02,Phoenix,2026-09-24,online,completed,2026-09-24 16:44
KB0001232,P-001476,KH-PHX-02,Phoenix,2026-04-20,phone,completed,2026-04-20 18:48
KB0005669,P-004201,KH-CHI-03,Chicago,2026-06-30,walk-in,completed,2026-06-30 12:22
KB0007414,P-005534,KH-ATL-02,Atlanta,2026-07-27,phone,completed,2026-07-27 08:32
KB0005720,P-003599,KH-NYC-01,New York,2026-07-01,walk-in,completed,2026-07-01 11:54
KB0008924,P-001836,KH-PHX-03,Phoenix,2026-08-20,walk-in,completed,2026-08-20 11:42
KB0010823,P-001748,KH-PHX-01,Phoenix,2026-09-18,online,completed,2026-09-18 14:32
KB0005629,P-006391,KH-PHI-01,Philadelphia,2026-06-29,phone,completed,2026-06-29 08:32
KB0002623,P-000133,KH-DAL-02,Dallas,2026-05-13,phone,completed,2026-05-13 18:36
KB0002239,P-004570,KH-CHI-02,Chicago,2026-05-06,walk-in,completed,2026-05-06 18:11
KB0004188,P-006669,KH-PHI-01,Philadelphia,2026-06-06,phone,completed,2026-06-06 15:55
KB0004255,P-001597,KH-PHX-02,Phoenix,2026-06-08,online,completed,2026-06-08 17:40
KB0010474,P-004994,KH-ATL-01,Atlanta,2026-09-12,online,completed,2026-09-12 15:18
KB0006796,P-000443,KH-DAL-03,Dallas,2026-07-18,online,completed,2026-07-18 10:27
KB0001521,P-001225,KH-DAL-01,Dallas,2026-04-25,walk-in,completed,2026-04-25 12:02
KB0000349,P-000552,KH-DAL-02,Dallas,2026-04-06,walk-in,completed,2026-04-06 17:48
KB0008294,P-004023,KH-CHI-02,Chicago,2026-08-10,phone,completed,2026-08-10 14:31
KB0007761,P-001920,KH-PHX-02,Phoenix,2026-08-02,online,completed,2026-08-02 19:40
KB0004131,P-006089,KH-PHI-02,Philadelphia,2026-06-05,walk-in,completed,2026-06-05 14:02
KB0003124,P-000286,KH-DAL-03,Dallas,2026-05-21,walk-in,completed,2026-05-21 15:21
KB0008628,P-004150,KH-CHI-01,Chicago,2026-08-15,walk-in,completed,2026-08-15 17:46
KB0006108,P-003117,KH-NYC-02,New York,2026-07-07,walk-in,completed,2026-07-07 18:57
KB0004017,P-001735,KH-PHX-01,Phoenix,2026-06-04,online,completed,2026-06-04 11:04
KB0007377,P-000863,KH-DAL-02,Dallas,2026-07-27,walk-in,completed,2026-07-27 17:51
KB0001719,P-004478,KH-CHI-03,Chicago,2026-04-28,online,completed,2026-04-28 12:51
KB0004404,P-003049,KH-NYC-02,New York,2026-06-10,walk-in,completed,2026-06-10 14:15
KB0001261,P-005696,KH-ATL-01,Atlanta,2026-04-20,at-home,completed,2026-04-20 11:50
KB0009686,P-000472,KH-DAL-01,Dallas,2026-09-01,phone,completed,2026-09-01 16:51
KB0003810,P-000502,KH-DAL-02,Dallas,2026-06-01,walk-in,completed,2026-06-01 13:42
KB0004913,P-003686,KH-NYC-01,New York,2026-06-18,at-home,completed,2026-06-18 10:14
KB0000317,P-003208,KH-NYC-03,New York,2026-04-05,at-home,completed,2026-04-05 12:23
KB0001121,P-002349,KH-PHX-01,Phoenix,2026-04-18,walk-in,completed,2026-04-18 11:55
KB0011098,P-002168,KH-PHX-01,Phoenix,2026-09-22,online,completed,2026-09-22 18:48
KB0000637,P-004150,KH-CHI-03,Chicago,2026-04-10,walk-in,completed,2026-04-10 15:06
KB0009868,P-006298,KH-PHI-01,Philadelphia,2026-09-03,phone,completed,2026-09-03 18:02
KB0000114,P-004504,KH-CHI-03,Chicago,2026-04-02,walk-in,completed,2026-04-02 08:31
KB0005404,P-001674,KH-PHX-01,Phoenix,2026-06-26,online,completed,2026-06-26 19:04
KB0002456,P-000142,KH-DAL-03,Dallas,2026-05-10,phone,completed,2026-05-10 12:47
KB0002697,P-000180,KH-DAL-03,Dallas,2026-05-14,walk-in,completed,2026-05-14 15:45
KB0007300,P-004552,KH-CHI-03,Chicago,2026-07-25,at-home,completed,2026-07-25 15:02
KB0001574,P-000562,KH-DAL-03,Dallas,2026-04-26,phone,completed,2026-04-26 09:38
KB0005405,P-002163,KH-PHX-02,Phoenix,2026-06-26,online,completed,2026-06-26 18:24
KB0004207,P-001369,KH-PHX-01,Phoenix,2026-06-07,at-home,completed,2026-06-07 14:27
KB0001094,P-005636,KH-ATL-02,Atlanta,2026-04-17,phone,completed,2026-04-17 19:18
KB0011299,P-000399,KH-DAL-02,Dallas,2026-09-25,walk-in,completed,2026-09-25 13:34
KB0007882,P-002038,KH-PHX-02,Phoenix,2026-08-04,online,completed,2026-08-04 08:11
KB0010566,P-003576,KH-NYC-03,New York,2026-09-14,phone,completed,2026-09-14 18:24
KB0007815,P-002247,KH-PHX-02,Phoenix,2026-08-03,walk-in,completed,2026-08-03 19:02
KB0002890,P-001189,KH-DAL-03,Dallas,2026-05-17,,completed,2026-05-17 10:55
KB0002074,P-002235,KH-PHX-02,Phoenix,2026-05-04,walk-in,completed,2026-05-04 18:09
KB0007807,P-000064,KH-DAL-02,Dallas,2026-08-03,walk-in,completed,2026-08-03 13:01
KB0001571,P-005758,KH-PHI-02,Philadelphia,2026-04-25,online,cancelled,2026-04-25 12:56
KB0008552,P-003157,KH-NYC-03,New York,2026-08-14,at-home,completed,2026-08-14 19:45
KB0008841,P-001227,KH-DAL-01,Dallas,2026-08-19,at-home,completed,2026-08-19 19:34
KB0002887,P-000839,KH-DAL-02,Dallas,2026-05-17,online,completed,2026-05-17 11:38
KB0005997,P-006053,KH-PHI-01,Philadelphia,2026-07-05,walk-in,completed,2026-07-05 12:42
KB0002387,P-000979,KH-DAL-01,Dallas,2026-05-09,phone,completed,2026-05-09 13:00
KB0009756,P-000474,KH-DAL-01,Dallas,2026-09-02,phone,completed,2026-09-02 21:45
KB0004793,P-003556,KH-NYC-01,New York,2026-06-16,walk-in,completed,2026-06-16 16:58
KB0007993,P-000753,KH-DAL-01,Dallas,2026-08-06,online,completed,2026-08-06 14:48
KB0008224,P-004352,KH-CHI-01,Chicago,2026-08-09,walk-in,completed,2026-08-09 10:44
KB0000474,P-001019,KH-DAL-01,Dallas,2026-04-08,online,completed,2026-04-08 14:27
KB0005940,P-004529,KH-CHI-03,Chicago,2026-07-04,walk-in,completed,2026-07-04 09:05
KB0008457,P-002177,KH-PHX-01,Phoenix,2026-08-13,online,completed,2026-08-13 13:17
KB0005622,P-005804,KH-PHI-01,Philadelphia,2026-06-29,at-home,completed,2026-06-29 14:16
KB0001235,P-002358,KH-PHX-02,Phoenix,2026-04-20,walk-in,completed,2026-04-20 09:39
KB0005847,P-001908,KH-PHX-02,Phoenix,2026-07-03,walk-in,completed,2026-07-03 18:04
KB0000630,P-003630,KH-NYC-01,New York,2026-04-10,online,completed,2026-04-10 12:40
KB0000411,P-000894,KH-DAL-03,Dallas,2026-04-07,walk-in,completed,2026-04-07 14:04
KB0007841,P-004468,KH-CHI-02,Chicago,2026-08-03,at-home,completed,2026-08-03 15:48
KB0002376,P-005110,KH-ATL-02,Atlanta,2026-05-08,walk-in,completed,2026-05-08 16:45
KB0004658,P-002307,KH-PHX-02,Phoenix,2026-06-14,online,completed,2026-06-14 10:26
KB0002136,P-001126,KH-DAL-01,Dallas,2026-05-05,online,cancelled,2026-05-05 11:31
KB0007700,P-001528,KH-PHX-02,Phoenix,2026-08-01,walk-in,completed,2026-08-01 15:34
KB0001766,P-001652,KH-PHX-01,Phoenix,2026-04-29,at-home,completed,2026-04-29 13:34
KB0004602,P-001840,KH-PHX-01,Phoenix,2026-06-13,walk-in,completed,2026-06-13 08:18
KB0003970,P-003138,KH-NYC-01,New York,2026-06-03,at-home,completed,2026-06-03 10:43
KB0005051,P-003668,KH-NYC-01,New York,2026-06-20,walk-in,completed,2026-06-20 18:13
KB0001961,P-003450,KH-NYC-02,New York,2026-05-02,online,cancelled,2026-05-02 09:07
KB0000162,P-000752,KH-DAL-01,Dallas,2026-04-03,walk-in,completed,2026-04-03 11:06
KB0004561,P-005715,KH-ATL-02,Atlanta,2026-06-12,at-home,completed,2026-06-12 19:48
KB0001001,P-002766,KH-NYC-01,New York,2026-04-16,walk-in,completed,2026-04-16 19:16
KB0002503,P-000371,KH-DAL-01,Dallas,2026-05-11,online,completed,2026-05-11 09:39
KB0010655,P-006694,KH-PHI-03,Philadelphia,2026-09-15,online,completed,2026-09-15 15:49
KB0001014,P-004759,KH-CHI-01,Chicago,2026-04-16,walk-in,completed,2026-04-16 19:06
KB0002299,P-004431,KH-CHI-01,Chicago,2026-05-07,walk-in,completed,2026-05-07 15:01
KB0011284,P-001090,KH-DAL-03,Dallas,2026-09-25,walk-in,completed,2026-09-25 12:32
KB0005315,P-006183,KH-PHI-01,Philadelphia,2026-06-24,online,completed,2026-06-24 12:48
KB0001810,P-000315,KH-DAL-02,Dallas,2026-04-30,walk-in,completed,2026-04-30 09:26
KB0004574,P-006646,KH-PHI-01,Philadelphia,2026-06-12,phone,completed,2026-06-12 15:26
KB0007293,P-002494,KH-NYC-03,New York,2026-07-25,walk-in,completed,2026-07-25 14:20
KB0000010,P-000797,KH-DAL-03,Dallas,2026-04-01,walk-in,completed,2026-04-01 18:06
KB0002857,P-002979,KH-NYC-02,New York,2026-05-16,walk-in,completed,2026-05-16 17:17
KB0000807,P-003870,KH-NYC-03,New York,2026-04-13,online,completed,2026-04-13 17:50
KB0009621,P-001721,KH-PHX-02,Phoenix,2026-08-31,online,completed,2026-08-31 13:08
KB0009607,P-000770,KH-DAL-03,Dallas,2026-08-31,phone,completed,2026-08-31 19:28
KB0001050,P-000859,KH-DAL-03,Dallas,2026-04-17,online,completed,2026-04-17 13:21
KB0009663,P-005302,KH-ATL-02,Atlanta,2026-08-31,at-home,completed,2026-08-31 15:10
KB0006191,P-005662,KH-ATL-02,Atlanta,2026-07-08,at-home,completed,2026-07-08 16:52
KB0011176,P-003025,KH-NYC-03,New York,2026-09-23,at-home,completed,2026-09-23 18:19
KB0003009,P-000195,KH-DAL-03,Dallas,2026-05-19,online,completed,2026-05-19 19:56
KB0008770,P-000307,KH-DAL-01,Dallas,2026-08-18,online,completed,2026-08-18 08:55
KB0011056,P-005193,KH-ATL-01,Atlanta,2026-09-21,walk-in,completed,2026-09-21 15:58
KB0011148,P-001072,KH-DAL-02,Dallas,2026-09-23,walk-in,completed,2026-09-23 09:42
KB0006343,P-000155,KH-DAL-02,Dallas,2026-07-11,online,completed,2026-07-11 16:15
KB0009700,P-001262,KH-PHX-03,Phoenix,2026-09-01,at-home,completed,2026-09-01 13:07
KB0007668,P-005712,KH-ATL-02,Atlanta,2026-07-31,at-home,completed,2026-07-31 14:19
KB0002765,P-001713,KH-PHX-02,Phoenix,2026-05-15,at-home,completed,2026-05-15 10:17
KB0006641,P-005620,KH-ATL-02,Atlanta,2026-07-15,walk-in,completed,2026-07-15 13:24
KB0006708,P-005587,KH-ATL-02,Atlanta,2026-07-16,walk-in,completed,2026-07-16 12:59
KB0005959,P-000073,KH-DAL-03,Dallas,2026-07-05,walk-in,completed,2026-07-05 15:34
KB0004979,P-002989,KH-NYC-01,New York,2026-06-19,online,completed,2026-06-19 19:01
KB0007565,P-001034,KH-DAL-01,Dallas,2026-07-30,phone,completed,2026-07-30 17:56
KB0011029,P-002737,KH-NYC-02,New York,2026-09-21,walk-in,completed,2026-09-21 15:48
KB0008853,P-001418,KH-PHX-03,Phoenix,2026-08-19,,completed,2026-08-19 15:15
KB0003711,P-002118,KH-PHX-03,Phoenix,2026-05-30,phone,completed,2026-05-30 15:38
KB0001893,P-003920,KH-NYC-03,New York,2026-05-01,walk-in,completed,2026-05-01 10:52
KB0005535,P-003241,KH-NYC-02,New York,2026-06-28,online,completed,2026-06-28 19:45
KB0004092,P-001563,KH-PHX-03,Phoenix,2026-06-05,phone,completed,2026-06-05 13:58
KB0008982,P-006093,KH-PHI-03,Philadelphia,2026-08-20,at-home,completed,2026-08-20 18:24
KB0009775,P-003938,KH-NYC-02,New York,2026-09-02,walk-in,completed,2026-09-02 10:36
KB0006114,P-004853,KH-CHI-01,Chicago,2026-07-07,online,completed,2026-07-07 12:33
KB0007960,P-002654,KH-NYC-02,New York,2026-08-05,walk-in,completed,2026-08-05 19:30
KB0002357,P-003043,KH-NYC-01,New York,2026-05-08,phone,completed,2026-05-08 19:02
KB0005972,P-002729,KH-NYC-02,New York,2026-07-05,online,completed,2026-07-05 10:04
KB0010796,P-006452,KH-PHI-02,Philadelphia,2026-09-17,walk-in,completed,2026-09-17 09:09
KB0002594,P-002518,KH-NYC-01,New York,2026-05-12,walk-in,completed,2026-05-12 09:54
KB0002167,P-003717,KH-NYC-03,New York,2026-05-05,walk-in,completed,2026-05-05 17:31
KB0007688,P-000355,KH-DAL-02,Dallas,2026-08-01,walk-in,completed,2026-08-01 15:48
KB0002075,P-002159,KH-PHX-02,Phoenix,2026-05-04,walk-in,completed,2026-05-04 15:31
KB0002953,P-001879,KH-PHX-02,Phoenix,2026-05-18,phone,completed,2026-05-18 12:43
KB0000321,P-002478,KH-NYC-02,New York,2026-04-05,walk-in,completed,2026-04-05 12:46
KB0011516,P-003123,KH-NYC-03,New York,2026-09-28,phone,completed,2026-09-28 16:05
KB0009828,P-001860,KH-PHX-03,Phoenix,2026-09-03,walk-in,completed,2026-09-03 08:36
KB0010613,P-002163,KH-PHX-01,Phoenix,2026-09-15,walk-in,completed,2026-09-15 10:32
KB0009487,P-001241,KH-DAL-02,Dallas,2026-08-29,walk-in,completed,2026-08-29 10:45
KB0010102,P-003744,KH-NYC-01,New York,2026-09-07,walk-in,completed,2026-09-07 10:32
KB0009788,P-005428,KH-ATL-01,Atlanta,2026-09-02,at-home,completed,2026-09-02 17:28
KB0007859,P-006464,KH-PHI-01,Philadelphia,2026-08-03,phone,completed,2026-08-03 11:00
KB0009853,P-003962,KH-CHI-01,Chicago,2026-09-03,at-home,completed,2026-09-03 21:45
KB0008248,P-000708,KH-DAL-01,Dallas,2026-08-10,at-home,completed,2026-08-10 19:59
KB0011481,P-000407,KH-DAL-01,Dallas,2026-09-28,walk-in,completed,2026-09-28 11:20
KB0008823,P-005070,KH-ATL-02,Atlanta,2026-08-18,at-home,completed,2026-08-18 08:45
KB0002036,P-004389,KH-CHI-01,Chicago,2026-05-03,phone,cancelled,2026-05-03 17:24
KB0002297,P-004729,KH-CHI-02,Chicago,2026-05-07,walk-in,completed,2026-05-07 10:02
KB0001850,P-003953,KH-CHI-01,Chicago,2026-04-30,at-home,completed,2026-04-30 16:07
KB0008563,P-005270,KH-ATL-01,Atlanta,2026-08-14,at-home,completed,2026-08-14 19:38
KB0010305,P-002709,KH-NYC-03,New York,2026-09-10,walk-in,completed,2026-09-10 08:46
KB0008398,P-002324,KH-PHX-02,Phoenix,2026-08-12,at-home,completed,2026-08-12 18:01
KB0010052,P-003849,KH-NYC-01,New York,2026-09-06,online,completed,2026-09-06 17:33
KB0007845,P-005150,KH-ATL-03,Atlanta,2026-08-03,phone,completed,2026-08-03 14:45
KB0009379,P-002640,KH-NYC-03,New York,2026-08-27,online,completed,2026-08-27 10:43
KB0005943,P-005147,KH-ATL-01,Atlanta,2026-07-04,walk-in,cancelled,2026-07-04 08:40
KB0000914,P-000207,KH-DAL-03,Dallas,2026-04-15,walk-in,completed,2026-04-15 16:53
KB0010675,P-001566,KH-PHX-02,Phoenix,2026-09-16,online,completed,2026-09-16 12:16
KB0003541,P-005193,KH-ATL-03,Atlanta,2026-05-27,online,cancelled,2026-05-27 16:55
KB0007263,P-000193,KH-DAL-03,Dallas,2026-07-25,at-home,completed,2026-07-25 15:16
KB0005841,P-001521,KH-PHX-01,Phoenix,2026-07-03,walk-in,completed,2026-07-03 16:45
KB0005072,P-005223,KH-ATL-03,Atlanta,2026-06-20,phone,completed,2026-06-20 14:58
KB0005863,P-002900,KH-NYC-02,New York,2026-07-03,phone,completed,2026-07-03 15:53
KB0010045,P-003789,KH-NYC-01,New York,2026-09-06,online,cancelled,2026-09-06 18:54
KB0004268,P-001401,KH-PHX-03,Phoenix,2026-06-08,walk-in,cancelled,2026-06-08 10:32
KB0006261,P-005574,KH-ATL-02,Atlanta,2026-07-09,phone,completed,2026-07-09 12:28
KB0001663,P-005378,KH-ATL-02,Atlanta,2026-04-27,online,completed,2026-04-27 10:58
KB0009311,P-002264,KH-PHX-02,Phoenix,2026-08-26,walk-in,completed,2026-08-26 16:38
KB0003501,P-001870,KH-PHX-02,Phoenix,2026-05-27,walk-in,completed,2026-05-27 14:19
KB0009875,P-006209,KH-PHI-02,Philadelphia,2026-09-03,phone,completed,2026-09-03 08:56
KB0000634,P-003378,KH-NYC-01,New York,2026-04-10,walk-in,completed,2026-04-10 17:26
KB0000619,P-002017,KH-PHX-02,Phoenix,2026-04-10,online,completed,2026-04-10 09:55
KB0002112,P-004206,KH-CHI-02,Chicago,2026-05-04,walk-in,completed,2026-05-04 10:35
KB0010338,P-005764,KH-PHI-03,Philadelphia,2026-09-10,online,completed,2026-09-10 17:41
KB0011332,P-002518,KH-NYC-03,New York,2026-09-25,walk-in,completed,2026-09-25 18:38
KB0004037,P-003457,KH-NYC-03,New York,2026-06-04,phone,completed,2026-06-04 13:02
KB0003674,P-005163,KH-ATL-01,Atlanta,2026-05-29,at-home,completed,2026-05-29 14:09
KB0006701,P-003966,KH-CHI-02,Chicago,2026-07-16,walk-in,completed,2026-07-16 14:58
KB0011087,P-001987,KH-PHX-01,Phoenix,2026-09-22,walk-in,completed,2026-09-22 16:33
KB0004680,P-005727,KH-ATL-01,Atlanta,2026-06-14,walk-in,completed,2026-06-14 19:18
KB0008052,P-005992,KH-PHI-02,Philadelphia,2026-08-06,walk-in,completed,2026-08-06 08:56
KB0010014,P-006547,KH-PHI-01,Philadelphia,2026-09-05,phone,completed,2026-09-05 08:33
KB0007429,P-000038,KH-DAL-03,Dallas,2026-07-28,walk-in,completed,2026-07-28 18:04
KB0011492,P-000874,KH-DAL-03,Dallas,2026-09-28,walk-in,completed,2026-09-28 10:01
KB0009354,P-000685,KH-DAL-01,Dallas,2026-08-27,walk-in,completed,2026-08-27 13:45
KB0006817,P-001281,KH-PHX-03,Phoenix,2026-07-18,at-home,completed,2026-07-18 19:39
KB0006513,P-006330,KH-PHI-01,Philadelphia,2026-07-13,walk-in,completed,2026-07-13 10:02
KB0005463,P-002393,KH-PHX-03,Phoenix,2026-06-27,walk-in,completed,2026-06-27 09:23
KB0004366,P-006162,KH-PHI-02,Philadelphia,2026-06-09,walk-in,completed,2026-06-09 08:11
KB0008247,P-000774,KH-DAL-03,Dallas,2026-08-10,walk-in,completed,2026-08-10 13:07
KB0007829,P-003288,KH-NYC-02,New York,2026-08-03,walk-in,completed,2026-08-03 11:30
KB0007917,P-005389,KH-ATL-02,Atlanta,2026-08-04,walk-in,completed,2026-08-04 08:13
KB0005616,P-005380,KH-ATL-02,Atlanta,2026-06-29,online,completed,2026-06-29 10:36
KB0002280,P-002695,KH-NYC-02,New York,2026-05-07,walk-in,completed,2026-05-07 08:16
KB0003530,P-004402,KH-CHI-03,Chicago,2026-05-27,at-home,completed,2026-05-27 18:11
KB0006899,P-005383,KH-ATL-01,Atlanta,2026-07-19,walk-in,completed,2026-07-19 15:58
KB0004851,P-003627,KH-NYC-01,New York,2026-06-17,online,completed,2026-06-17 09:48
KB0005552,P-005316,KH-ATL-02,Atlanta,2026-06-28,walk-in,completed,2026-06-28 11:54
KB0006109,P-002631,KH-NYC-02,New York,2026-07-07,online,completed,2026-07-07 08:09
KB0002079,P-002032,KH-PHX-01,Phoenix,2026-05-04,online,completed,2026-05-04 18:46
KB0008085,P-001492,KH-PHX-03,Phoenix,2026-08-07,online,completed,2026-08-07 16:29
KB0002979,P-004168,KH-CHI-03,Chicago,2026-05-18,walk-in,completed,2026-05-18 13:35
KB0007060,P-000115,KH-DAL-01,Dallas,2026-07-22,walk-in,completed,2026-07-22 10:33
KB0001415,P-002348,KH-PHX-03,Phoenix,2026-04-23,walk-in,completed,2026-04-23 19:50
KB0003428,P-000163,KH-DAL-01,Dallas,2026-05-26,walk-in,completed,2026-05-26 08:49
KB0003677,P-005963,KH-PHI-03,Philadelphia,2026-05-29,phone,completed,2026-05-29 13:27
KB0001902,P-004226,KH-CHI-01,Chicago,2026-05-01,at-home,completed,2026-05-01 10:24
KB0000262,P-003951,KH-CHI-03,Chicago,2026-04-04,phone,completed,2026-04-04 13:18
KB0007048,P-000995,KH-DAL-02,Dallas,2026-07-22,walk-in,completed,2026-07-22 08:10
KB0009821,P-000479,KH-DAL-03,Dallas,2026-09-03,walk-in,completed,2026-09-03 17:32
KB0001924,P-006343,KH-PHI-03,Philadelphia,2026-05-01,walk-in,completed,2026-05-01 14:30
KB0007023,P-004387,KH-CHI-02,Chicago,2026-07-21,walk-in,completed,2026-07-21 12:30
KB0003899,P-003022,KH-NYC-01,New York,2026-06-02,online,completed,2026-06-02 16:33
KB0005356,P-003106,KH-NYC-02,New York,2026-06-25,at-home,completed,2026-06-25 11:02
KB0008267,P-001284,KH-PHX-03,Phoenix,2026-08-10,online,completed,2026-08-10 13:06
KB0004737,P-005510,KH-ATL-02,Atlanta,2026-06-15,at-home,completed,2026-06-15 14:31
KB0000711,P-004623,KH-CHI-01,Chicago,2026-04-11,walk-in,completed,2026-04-11 19:29
KB0009542,P-005084,KH-ATL-02,Atlanta,2026-08-29,,completed,2026-08-29 09:24
KB0008071,P-000444,KH-DAL-02,Dallas,2026-08-07,walk-in,completed,2026-08-07 08:40
KB0000762,P-005160,KH-ATL-02,Atlanta,2026-04-12,at-home,completed,2026-04-12 13:22
KB0007674,P-006337,KH-PHI-01,Philadelphia,2026-07-31,phone,completed,2026-07-31 16:52
KB0007695,P-001801,KH-PHX-01,Phoenix,2026-08-01,walk-in,completed,2026-08-01 11:07
KB0002793,P-004688,KH-CHI-01,Chicago,2026-05-15,walk-in,completed,2026-05-15 19:30
KB0006049,P-005473,KH-ATL-03,Atlanta,2026-07-06,phone,completed,2026-07-06 19:42
KB0010302,P-003535,KH-NYC-02,New York,2026-09-10,phone,completed,2026-09-10 08:09
KB0008870,P-001450,KH-PHX-02,Phoenix,2026-08-19,at-home,completed,2026-08-19 14:03
KB0002412,P-002807,KH-NYC-01,New York,2026-05-09,walk-in,completed,2026-05-09 11:53
KB0003104,P-005458,KH-ATL-02,Atlanta,2026-05-20,walk-in,completed,2026-05-20 19:12
KB0006520,P-000499,KH-DAL-02,Dallas,2026-07-14,at-home,completed,2026-07-14 11:41
KB0005509,P-006656,KH-PHI-02,Philadelphia,2026-06-27,phone,completed,2026-06-27 14:40
KB0004030,P-003885,KH-NYC-02,New York,2026-06-04,online,completed,2026-06-04 09:01
KB0001398,P-000834,KH-DAL-03,Dallas,2026-04-23,at-home,completed,2026-04-23 16:54
KB0000857,P-001584,KH-PHX-01,Phoenix,2026-04-14,walk-in,completed,2026-04-14 08:25
KB0009665,P-005223,KH-ATL-02,Atlanta,2026-08-31,at-home,completed,2026-08-31 18:32
KB0004302,P-000606,KH-DAL-02,Dallas,2026-06-09,walk-in,completed,2026-06-09 16:45
KB0001958,P-002537,KH-NYC-03,New York,2026-05-02,walk-in,completed,2026-05-02 14:12
KB0008832,P-006039,KH-PHI-02,Philadelphia,2026-08-18,walk-in,completed,2026-08-18 17:01
KB0003301,P-005036,KH-ATL-01,Atlanta,2026-05-23,online,completed,2026-05-23 13:59
KB0010538,P-000963,KH-DAL-01,Dallas,2026-09-14,at-home,completed,2026-09-14 08:55
KB0011613,P-005378,KH-ATL-03,Atlanta,2026-09-29,phone,completed,2026-09-29 16:01
KB0003046,P-004953,KH-ATL-02,Atlanta,2026-05-19,online,completed,2026-05-19 09:20
KB0008781,P-000448,KH-DAL-01,Dallas,2026-08-18,walk-in,completed,2026-08-18 19:00
KB0005879,P-005127,KH-ATL-01,Atlanta,2026-07-03,phone,completed,2026-07-03 09:47
KB0005874,P-004475,KH-CHI-03,Chicago,2026-07-03,online,completed,2026-07-03 14:24
KB0005433,P-004180,KH-CHI-02,Chicago,2026-06-26,online,completed,2026-06-26 15:43
KB0003493,P-000444,KH-DAL-01,Dallas,2026-05-27,at-home,completed,2026-05-27 18:39
KB0005154,P-001633,KH-PHX-01,Phoenix,2026-06-22,walk-in,completed,2026-06-22 08:15
KB0001568,P-005639,KH-ATL-01,Atlanta,2026-04-25,at-home,completed,2026-04-25 19:35
KB0010752,P-002371,KH-PHX-01,Phoenix,2026-09-17,at-home,completed,2026-09-17 13:17
KB0006091,P-001492,KH-PHX-03,Phoenix,2026-07-07,phone,completed,2026-07-07 13:51
KB0004835,P-000138,KH-DAL-01,Dallas,2026-06-17,online,completed,2026-06-17 17:31
KB0007163,P-002960,KH-NYC-01,New York,2026-07-23,at-home,completed,2026-07-23 13:19
KB0000851,P-001553,KH-PHX-01,Phoenix,2026-04-14,walk-in,completed,2026-04-14 15:39
KB0010742,P-001562,KH-PHX-03,Phoenix,2026-09-17,online,completed,2026-09-17 11:44
KB0010244,P-003476,KH-NYC-01,New York,2026-09-09,walk-in,completed,2026-09-09 15:56
KB0003623,P-005836,KH-PHI-01,Philadelphia,2026-05-28,online,completed,2026-05-28 14:52
KB0002375,P-005389,KH-ATL-02,Atlanta,2026-05-08,online,completed,2026-05-08 11:19
KB0002410,P-003896,KH-NYC-02,New York,2026-05-09,phone,completed,2026-05-09 13:28
KB0004716,P-003218,KH-NYC-03,New York,2026-06-15,walk-in,completed,2026-06-15 17:17
KB0008230,P-004951,KH-ATL-02,Atlanta,2026-08-09,at-home,completed,2026-08-09 16:58
KB0000063,P-005787,KH-PHI-02,Philadelphia,2026-04-01,online,completed,2026-04-01 10:59
KB0006317,P-004389,KH-CHI-03,Chicago,2026-07-10,online,completed,2026-07-10 15:08
KB0008694,P-006557,KH-PHI-03,Philadelphia,2026-08-16,online,completed,2026-08-16 10:46
KB0003770,P-003865,KH-NYC-03,New York,2026-05-31,walk-in,completed,2026-05-31 14:45
KB0011170,P-001285,KH-PHX-02,Phoenix,2026-09-23,walk-in,completed,2026-09-23 21:45
KB0007042,P-006397,KH-PHI-01,Philadelphia,2026-07-21,phone,completed,2026-07-21 13:39
KB0007074,P-002438,KH-PHX-02,Phoenix,2026-07-22,walk-in,completed,2026-07-22 18:25
KB0008381,P-001237,KH-DAL-02,Dallas,2026-08-12,walk-in,completed,2026-08-12 12:21
KB0010317,P-004232,KH-CHI-02,Chicago,2026-09-10,phone,completed,2026-09-10 13:26
KB0000237,P-002314,KH-PHX-03,Phoenix,2026-04-04,walk-in,completed,2026-04-04 14:30
KB0004576,P-000836,KH-DAL-02,Dallas,2026-06-13,phone,completed,2026-06-13 14:13
KB0001020,P-004665,KH-CHI-01,Chicago,2026-04-16,walk-in,completed,2026-04-16 16:12
KB0006364,P-002337,KH-PHX-01,Phoenix,2026-07-11,online,completed,2026-07-11 09:47
KB0008433,P-005640,KH-ATL-02,Atlanta,2026-08-12,walk-in,completed,2026-08-12 15:01
KB0003694,P-000135,KH-DAL-02,Dallas,2026-05-30,online,completed,2026-05-30 13:52
KB0003331,P-003123,KH-NYC-03,New York,2026-05-24,phone,completed,2026-05-24 10:48
KB0010673,P-001246,KH-DAL-01,Dallas,2026-09-16,online,completed,2026-09-16 11:40
KB0011253,P-002940,KH-NYC-02,New York,2026-09-24,phone,completed,2026-09-24 08:27
KB0004621,P-003958,KH-CHI-01,Chicago,2026-06-13,phone,completed,2026-06-13 17:59
KB0010236,P-002231,KH-PHX-02,Phoenix,2026-09-09,online,completed,2026-09-09 15:37
KB0010632,P-003287,KH-NYC-02,New York,2026-09-15,phone,completed,2026-09-15 15:17
KB0004395,P-001359,KH-PHX-03,Phoenix,2026-06-10,phone,completed,2026-06-10 18:57
KB0000256,P-002626,KH-NYC-03,New York,2026-04-04,online,completed,2026-04-04 12:19
KB0003008,P-000583,KH-DAL-01,Dallas,2026-05-19,walk-in,completed,2026-05-19 12:21
KB0002102,P-004791,KH-CHI-03,Chicago,2026-05-04,walk-in,completed,2026-05-04 16:48
KB0009368,P-001396,KH-PHX-01,Phoenix,2026-08-27,walk-in,completed,2026-08-27 19:00
KB0001852,P-004650,KH-CHI-02,Chicago,2026-04-30,walk-in,completed,2026-04-30 16:23
KB0011550,P-000189,KH-DAL-03,Dallas,2026-09-29,walk-in,completed,2026-09-29 13:48
KB0000975,P-001072,KH-DAL-03,Dallas,2026-04-16,walk-in,completed,2026-04-16 08:56
KB0007435,P-001573,KH-PHX-01,Phoenix,2026-07-28,walk-in,completed,2026-07-28 08:20
KB0004802,P-004571,KH-CHI-02,Chicago,2026-06-16,online,completed,2026-06-16 08:08
KB0006694,P-003776,KH-NYC-01,New York,2026-07-16,online,completed,2026-07-16 17:03
KB0003215,P-003847,KH-NYC-02,New York,2026-05-22,walk-in,completed,2026-05-22 10:37
KB0010008,P-005739,KH-ATL-02,Atlanta,2026-09-05,at-home,completed,2026-09-05 12:58
KB0001743,P-000167,KH-DAL-02,Dallas,2026-04-29,phone,completed,2026-04-29 19:27
KB0004678,P-005715,KH-ATL-01,Atlanta,2026-06-14,walk-in,completed,2026-06-14 17:49
KB0004024,P-001968,KH-PHX-03,Phoenix,2026-06-04,phone,completed,2026-06-04 15:21
KB0000274,P-004087,KH-CHI-03,Chicago,2026-04-04,online,completed,2026-04-04 11:13
KB0002227,P-002978,KH-NYC-01,New York,2026-05-06,online,completed,2026-05-06 11:51
KB0003439,P-002400,KH-PHX-03,Phoenix,2026-05-26,walk-in,completed,2026-05-26 08:51
KB0006260,P-004953,KH-ATL-02,Atlanta,2026-07-09,online,completed,2026-07-09 18:56
KB0009462,P-004223,KH-CHI-02,Chicago,2026-08-28,online,completed,2026-08-28 18:43
KB0003475,P-005106,KH-ATL-02,Atlanta,2026-05-26,at-home,cancelled,2026-05-26 10:53
KB0003912,P-004065,KH-CHI-03,Chicago,2026-06-02,walk-in,completed,2026-06-02 18:40
KB0008177,P-004999,KH-ATL-02,Atlanta,2026-08-08,walk-in,completed,2026-08-08 12:55
KB0010078,P-001014,KH-DAL-01,Dallas,2026-09-07,at-home,completed,2026-09-07 09:19
KB0010835,P-002526,KH-NYC-02,New York,2026-09-18,walk-in,completed,2026-09-18 16:05
KB0006194,P-005465,KH-ATL-01,Atlanta,2026-07-08,walk-in,cancelled,2026-07-08 13:01
KB0004291,P-005128,KH-ATL-01,Atlanta,2026-06-08,walk-in,completed,2026-06-08 10:04
KB0001909,P-003972,KH-CHI-01,Chicago,2026-05-01,phone,completed,2026-05-01 18:22
KB0011330,P-003459,KH-NYC-02,New York,2026-09-25,at-home,completed,2026-09-25 08:16
KB0005908,P-000873,KH-DAL-03,Dallas,2026-07-04,walk-in,completed,2026-07-04 17:51
KB0006144,P-002079,KH-PHX-03,Phoenix,2026-07-08,walk-in,completed,2026-07-08 08:23
KB0008613,P-002206,KH-PHX-03,Phoenix,2026-08-15,online,completed,2026-08-15 14:05
KB0002535,P-002878,KH-NYC-01,New York,2026-05-11,online,completed,2026-05-11 17:06
KB0011288,P-000907,KH-DAL-01,Dallas,2026-09-25,at-home,completed,2026-09-25 18:19
KB0004848,P-001761,KH-PHX-02,Phoenix,2026-06-17,phone,completed,2026-06-17 13:36
KB0001922,P-006282,KH-PHI-01,Philadelphia,2026-05-01,at-home,completed,2026-05-01 16:12
KB0000706,P-004486,KH-CHI-02,Chicago,2026-04-11,phone,completed,2026-04-11 15:01
KB0008183,P-000486,KH-DAL-02,Dallas,2026-08-09,walk-in,completed,2026-08-09 08:27
KB0009860,P-005188,KH-ATL-02,Atlanta,2026-09-03,online,completed,2026-09-03 18:53
KB0009265,P-004662,KH-CHI-01,Chicago,2026-08-25,online,completed,2026-08-25 17:32
KB0005931,P-002858,KH-NYC-03,New York,2026-07-04,online,completed,2026-07-04 14:38
KB0010001,P-004357,KH-CHI-02,Chicago,2026-09-05,online,completed,2026-09-05 09:36
KB0005121,P-004782,KH-CHI-02,Chicago,2026-06-21,walk-in,completed,2026-06-21 08:10
KB0000334,P-005681,KH-ATL-02,Atlanta,2026-04-05,walk-in,completed,2026-04-05 16:38
KB0008269,P-001543,KH-PHX-01,Phoenix,2026-08-10,phone,completed,2026-08-10 14:12
KB0004825,P-000504,KH-DAL-02,Dallas,2026-06-17,walk-in,completed,2026-06-17 19:05
KB0007132,P-001846,KH-PHX-01,Phoenix,2026-07-23,phone,completed,2026-07-23 15:45
KB0005062,P-005171,KH-ATL-03,Atlanta,2026-06-20,phone,completed,2026-06-20 12:39
KB0010295,P-002060,KH-PHX-02,Phoenix,2026-09-10,phone,completed,2026-09-10 13:57
KB0005411,P-001456,KH-PHX-01,Phoenix,2026-06-26,online,completed,2026-06-26 12:20
KB0006403,P-006052,KH-PHI-03,Philadelphia,2026-07-11,phone,completed,2026-07-11 17:18
KB0008845,P-001090,KH-DAL-02,Dallas,2026-08-19,online,completed,2026-08-19 19:12
KB0007883,P-001826,KH-PHX-02,Phoenix,2026-08-04,at-home,completed,2026-08-04 14:26
KB0004271,P-003380,KH-NYC-02,New York,2026-06-08,walk-in,completed,2026-06-08 15:49
KB0007481,P-006491,KH-PHI-03,Philadelphia,2026-07-28,walk-in,completed,2026-07-28 18:55
KB0007572,P-001280,KH-PHX-01,Phoenix,2026-07-30,,completed,2026-07-30 08:50
KB0002925,P-005825,KH-PHI-02,Philadelphia,2026-05-17,phone,completed,2026-05-17 14:29
KB0005955,P-001225,KH-DAL-01,Dallas,2026-07-05,online,cancelled,2026-07-05 17:01
KB0002316,P-006009,KH-PHI-01,Philadelphia,2026-05-07,online,completed,2026-05-07 16:45
KB0001951,P-001703,KH-PHX-01,Phoenix,2026-05-02,walk-in,completed,2026-05-02 11:21
KB0010627,P-003557,KH-NYC-03,New York,2026-09-15,walk-in,completed,2026-09-15 19:14
KB0000032,P-001450,KH-PHX-03,Phoenix,2026-04-01,walk-in,completed,2026-04-01 13:12
KB0005737,P-004066,KH-CHI-02,Chicago,2026-07-01,phone,completed,2026-07-01 19:52
KB0009456,P-004400,KH-CHI-01,Chicago,2026-08-28,walk-in,completed,2026-08-28 18:57
KB0011444,P-002122,KH-PHX-02,Phoenix,2026-09-27,online,completed,2026-09-27 12:26
KB0000758,P-003009,KH-NYC-01,New York,2026-04-12,online,completed,2026-04-12 09:10
KB0007355,P-005382,KH-ATL-01,Atlanta,2026-07-26,walk-in,completed,2026-07-26 10:30
KB0004845,P-001369,KH-PHX-02,Phoenix,2026-06-17,online,completed,2026-06-17 17:18
KB0002605,P-004844,KH-CHI-03,Chicago,2026-05-12,phone,completed,2026-05-12 18:57
KB0006394,P-005346,KH-ATL-02,Atlanta,2026-07-11,walk-in,completed,2026-07-11 17:01
KB0003811,P-002307,KH-PHX-01,Phoenix,2026-06-01,walk-in,completed,2026-06-01 08:51
KB0001695,P-001610,KH-PHX-02,Phoenix,2026-04-28,online,completed,2026-04-28 19:59
KB0001286,P-000202,KH-DAL-03,Dallas,2026-04-21,walk-in,completed,2026-04-21 09:06
KB0005098,P-001365,KH-PHX-02,Phoenix,2026-06-21,walk-in,completed,2026-06-21 11:26
KB0001069,P-003903,KH-NYC-02,New York,2026-04-17,at-home,completed,2026-04-17 16:25
KB0003738,P-005329,KH-ATL-02,Atlanta,2026-05-30,walk-in,completed,2026-05-30 13:03
KB0001004,P-003278,KH-NYC-03,New York,2026-04-16,walk-in,completed,2026-04-16 11:40
KB0005762,P-000049,KH-DAL-03,Dallas,2026-07-02,walk-in,completed,2026-07-02 08:55
KB0007511,P-001582,KH-PHX-03,Phoenix,2026-07-29,online,completed,2026-07-29 19:46
KB0001842,P-004080,KH-CHI-03,Chicago,2026-04-30,walk-in,completed,2026-04-30 16:00
KB0003772,P-003654,KH-NYC-01,New York,2026-05-31,walk-in,completed,2026-05-31 14:39
KB0000062,P-006408,KH-PHI-01,Philadelphia,2026-04-01,online,completed,2026-04-01 09:58
KB0007295,P-004794,KH-CHI-03,Chicago,2026-07-25,online,completed,2026-07-25 19:45
KB0001972,P-004858,KH-CHI-02,Chicago,2026-05-02,walk-in,completed,2026-05-02 08:38
KB0005066,P-005560,KH-ATL-01,Atlanta,2026-06-20,online,completed,2026-06-20 13:33
KB0003633,P-001112,KH-DAL-02,Dallas,2026-05-29,phone,completed,2026-05-29 19:11
KB0005606,P-004497,KH-CHI-02,Chicago,2026-06-29,at-home,completed,2026-06-29 19:02
KB0000183,P-003035,KH-NYC-01,New York,2026-04-03,phone,completed,2026-04-03 10:41
KB0001208,P-005894,KH-PHI-02,Philadelphia,2026-04-19,online,completed,2026-04-19 13:14
KB0002895,P-002338,KH-PHX-01,Phoenix,2026-05-17,walk-in,completed,2026-05-17 16:37
KB0004362,P-005639,KH-ATL-03,Atlanta,2026-06-09,phone,completed,2026-06-09 12:59
KB0007037,P-005225,KH-ATL-01,Atlanta,2026-07-21,online,completed,2026-07-21 19:09
KB0006919,P-000584,KH-DAL-03,Dallas,2026-07-20,phone,completed,2026-07-20 14:01
KB0006247,P-003973,KH-CHI-02,Chicago,2026-07-09,walk-in,completed,2026-07-09 08:40
KB0003483,P-001077,KH-DAL-03,Dallas,2026-05-27,walk-in,completed,2026-05-27 12:02
KB0005297,P-004106,KH-CHI-01,Chicago,2026-06-24,phone,completed,2026-06-24 19:26
KB0007675,P-006178,KH-PHI-02,Philadelphia,2026-07-31,phone,completed,2026-07-31 12:43
KB0004110,P-004920,KH-CHI-03,Chicago,2026-06-05,walk-in,completed,2026-06-05 18:36
KB0004386,P-001378,KH-PHX-03,Phoenix,2026-06-10,walk-in,completed,2026-06-10 18:56
KB0009152,P-006479,KH-PHI-02,Philadelphia,2026-08-23,walk-in,completed,2026-08-23 12:30
KB0002862,P-004154,KH-CHI-02,Chicago,2026-05-16,online,completed,2026-05-16 10:52
KB0010570,P-002479,KH-NYC-03,New York,2026-09-14,walk-in,completed,2026-09-14 09:26
KB0002864,P-004176,KH-CHI-03,Chicago,2026-05-16,online,completed,2026-05-16 14:09
KB0008956,P-004087,KH-CHI-03,Chicago,2026-08-20,online,completed,2026-08-20 16:31
KB0010811,P-000687,KH-DAL-01,Dallas,2026-09-18,walk-in,completed,2026-09-18 09:58
KB0006125,P-005696,KH-ATL-02,Atlanta,2026-07-07,walk-in,completed,2026-07-07 12:09
KB0006166,P-003688,KH-NYC-01,New York,2026-07-08,phone,completed,2026-07-08 15:50
KB0007143,P-001748,KH-PHX-02,Phoenix,2026-07-23,walk-in,completed,2026-07-23 12:16
KB0001647,P-003853,KH-NYC-01,New York,2026-04-27,online,completed,2026-04-27 12:44
KB0002329,P-001180,KH-DAL-03,Dallas,2026-05-08,at-home,completed,2026-05-08 19:53
KB0011423,P-005232,KH-ATL-02,Atlanta,2026-09-26,online,cancelled,2026-09-26 16:33
KB0005791,P-002500,KH-NYC-03,New York,2026-07-02,,completed,2026-07-02 19:27
KB0006618,P-003731,KH-NYC-03,New York,2026-07-15,online,completed,2026-07-15 16:46
KB0010281,P-000708,KH-DAL-01,Dallas,2026-09-10,at-home,completed,2026-09-10 11:03
KB0005982,P-005581,KH-ATL-02,Atlanta,2026-07-05,phone,completed,2026-07-05 17:26
KB0009209,P-005603,KH-ATL-01,Atlanta,2026-08-24,online,completed,2026-08-24 19:54
KB0006478,P-002955,KH-NYC-01,New York,2026-07-13,walk-in,completed,2026-07-13 18:41
KB0008286,P-003556,KH-NYC-03,New York,2026-08-10,phone,completed,2026-08-10 12:22
KB0002352,P-003884,KH-NYC-01,New York,2026-05-08,walk-in,completed,2026-05-08 15:19
KB0010851,P-005517,KH-ATL-02,Atlanta,2026-09-18,online,completed,2026-09-18 12:43
KB0002042,P-005121,KH-ATL-01,Atlanta,2026-05-03,online,completed,2026-05-03 08:56
KB0009635,P-002502,KH-NYC-03,New York,2026-08-31,walk-in,completed,2026-08-31 12:48
KB0009142,P-004545,KH-CHI-03,Chicago,2026-08-23,walk-in,completed,2026-08-23 08:44
KB0006316,P-004796,KH-CHI-02,Chicago,2026-07-10,at-home,completed,2026-07-10 19:50
KB0006757,P-002459,KH-NYC-01,New York,2026-07-17,walk-in,completed,2026-07-17 16:17
KB0005059,P-005192,KH-ATL-02,Atlanta,2026-06-20,walk-in,completed,2026-06-20 14:27
KB0010449,P-003572,KH-NYC-03,New York,2026-09-12,walk-in,completed,2026-09-12 10:26
KB0009995,P-004350,KH-CHI-03,Chicago,2026-09-05,at-home,completed,2026-09-05 19:43
KB0009574,P-002097,KH-PHX-01,Phoenix,2026-08-30,walk-in,completed,2026-08-30 13:11
KB0000371,P-003244,KH-NYC-01,New York,2026-04-06,phone,completed,2026-04-06 10:44
KB0009203,P-005685,KH-ATL-01,Atlanta,2026-08-24,online,completed,2026-08-24 17:22
KB0006987,P-001201,KH-DAL-03,Dallas,2026-07-21,walk-in,completed,2026-07-21 12:06
KB0009753,P-000267,KH-DAL-02,Dallas,2026-09-02,walk-in,completed,2026-09-02 11:47
KB0006872,P-001562,KH-PHX-02,Phoenix,2026-07-19,phone,completed,2026-07-19 15:35
KB0009360,P-000709,KH-DAL-02,Dallas,2026-08-27,walk-in,completed,2026-08-27 09:33
KB0011381,P-002247,KH-PHX-03,Phoenix,2026-09-26,online,completed,2026-09-26 17:33
KB0004640,P-005783,KH-PHI-02,Philadelphia,2026-06-13,online,completed,2026-06-13 11:50
KB0009503,P-001385,KH-PHX-02,Phoenix,2026-08-29,at-home,completed,2026-08-29 13:32
KB0001833,P-003249,KH-NYC-02,New York,2026-04-30,walk-in,completed,2026-04-30 19:35
KB0008096,P-002706,KH-NYC-01,New York,2026-08-07,walk-in,completed,2026-08-07 09:46
KB0005581,P-002184,KH-PHX-01,Phoenix,2026-06-29,walk-in,completed,2026-06-29 12:01
KB0008244,P-001244,KH-DAL-02,Dallas,2026-08-10,walk-in,completed,2026-08-10 10:35
KB0007973,P-005709,KH-ATL-02,Atlanta,2026-08-05,online,completed,2026-08-05 12:57
KB0009752,P-000665,KH-DAL-03,Dallas,2026-09-02,walk-in,completed,2026-09-02 11:09
KB0004591,P-000448,KH-DAL-03,Dallas,2026-06-13,online,completed,2026-06-13 10:07
KB0003985,P-004580,KH-CHI-03,Chicago,2026-06-03,phone,completed,2026-06-03 10:20
KB0000831,P-006464,KH-PHI-01,Philadelphia,2026-04-13,online,completed,2026-04-13 17:15
KB0008584,P-001040,KH-DAL-03,Dallas,2026-08-15,online,completed,2026-08-15 19:47
KB0008670,P-003426,KH-NYC-02,New York,2026-08-16,phone,completed,2026-08-16 11:43
KB0004286,P-004455,KH-CHI-03,Chicago,2026-06-08,walk-in,completed,2026-06-08 12:28
KB0009727,P-005640,KH-ATL-02,Atlanta,2026-09-01,,completed,2026-09-01 11:54
KB0006799,P-001043,KH-DAL-03,Dallas,2026-07-18,walk-in,completed,2026-07-18 15:26
KB0002877,P-005379,KH-ATL-02,Atlanta,2026-05-16,walk-in,completed,2026-05-16 18:52
KB0000736,P-000061,KH-DAL-01,Dallas,2026-04-12,at-home,completed,2026-04-12 17:08
KB0003437,P-002378,KH-PHX-01,Phoenix,2026-05-26,walk-in,completed,2026-05-26 08:46
KB0005199,P-000685,KH-DAL-01,Dallas,2026-06-23,at-home,completed,2026-06-23 15:02
KB0004177,P-005410,KH-ATL-02,Atlanta,2026-06-06,online,completed,2026-06-06 10:41
KB0009055,P-000602,KH-DAL-02,Dallas,2026-08-22,walk-in,completed,2026-08-22 13:48
KB0009999,P-004688,KH-CHI-03,Chicago,2026-09-05,walk-in,completed,2026-09-05 19:23
KB0009661,P-005122,KH-ATL-02,Atlanta,2026-08-31,online,completed,2026-08-31 15:32
KB0009240,P-002401,KH-PHX-01,Phoenix,2026-08-25,at-home,completed,2026-08-25 17:45
KB0003252,P-000818,KH-DAL-02,Dallas,2026-05-23,online,completed,2026-05-23 13:02
KB0006151,P-001973,KH-PHX-01,Phoenix,2026-07-08,walk-in,completed,2026-07-08 14:42
KB0008833,P-006548,KH-PHI-03,Philadelphia,2026-08-18,walk-in,completed,2026-08-18 17:36
KB0008245,P-000584,KH-DAL-01,Dallas,2026-08-10,walk-in,completed,2026-08-10 11:45
KB0007593,P-003790,KH-NYC-03,New York,2026-07-30,walk-in,completed,2026-07-30 09:24
KB0001435,P-004097,KH-CHI-03,Chicago,2026-04-23,walk-in,completed,2026-04-23 09:41
KB0001472,P-000566,KH-DAL-01,Dallas,2026-04-24,online,completed,2026-04-24 16:00
KB0011008,P-000711,KH-DAL-03,Dallas,2026-09-21,phone,completed,2026-09-21 11:59
KB0002159,P-002091,KH-PHX-03,Phoenix,2026-05-05,at-home,completed,2026-05-05 19:48
KB0010831,P-002965,KH-NYC-03,New York,2026-09-18,phone,completed,2026-09-18 21:45
KB0008036,P-004577,KH-CHI-02,Chicago,2026-08-06,walk-in,completed,2026-08-06 12:52
KB0010186,P-004029,KH-CHI-02,Chicago,2026-09-08,phone,completed,2026-09-08 13:45
KB0011370,P-000222,KH-DAL-02,Dallas,2026-09-26,walk-in,completed,2026-09-26 21:45
KB0009906,P-002027,KH-PHX-01,Phoenix,2026-09-04,walk-in,completed,2026-09-04 18:40
KB0007635,P-001807,KH-PHX-03,Phoenix,2026-07-31,walk-in,cancelled,2026-07-31 16:35
KB0003284,P-004310,KH-CHI-02,Chicago,2026-05-23,walk-in,completed,2026-05-23 14:19
KB0001090,P-004357,KH-CHI-03,Chicago,2026-04-17,walk-in,completed,2026-04-17 09:57
KB0003109,P-005681,KH-ATL-02,Atlanta,2026-05-20,walk-in,completed,2026-05-20 19:01
KB0006565,P-004816,KH-CHI-03,Chicago,2026-07-14,online,completed,2026-07-14 13:11
KB0006176,P-002629,KH-NYC-03,New York,2026-07-08,walk-in,completed,2026-07-08 11:06
KB0002976,P-004613,KH-CHI-02,Chicago,2026-05-18,at-home,completed,2026-05-18 12:53
KB0001218,P-001088,KH-DAL-03,Dallas,2026-04-20,phone,completed,2026-04-20 11:03
KB0008606,P-001925,KH-PHX-02,Phoenix,2026-08-15,walk-in,completed,2026-08-15 08:33
KB0005900,P-000913,KH-DAL-02,Dallas,2026-07-04,walk-in,completed,2026-07-04 16:19
KB0011085,P-001483,KH-PHX-02,Phoenix,2026-09-22,at-home,completed,2026-09-22 12:42
KB0000195,P-004867,KH-CHI-02,Chicago,2026-04-03,phone,completed,2026-04-03 18:56
KB0010818,P-001449,KH-PHX-03,Phoenix,2026-09-18,online,completed,2026-09-18 10:11
KB0005923,P-001881,KH-PHX-02,Phoenix,2026-07-04,online,cancelled,2026-07-04 16:52
KB0000332,P-005545,KH-ATL-02,Atlanta,2026-04-05,walk-in,completed,2026-04-05 16:34
KB0009191,P-003141,KH-NYC-03,New York,2026-08-24,walk-in,completed,2026-08-24 13:04
KB0011153,P-001925,KH-PHX-03,Phoenix,2026-09-23,phone,completed,2026-09-23 19:39
KB0001257,P-005131,KH-ATL-02,Atlanta,2026-04-20,phone,completed,2026-04-20 14:49
KB0010825,P-002245,KH-PHX-01,Phoenix,2026-09-18,phone,completed,2026-09-18 13:04
KB0010116,P-004133,KH-CHI-01,Chicago,2026-09-07,walk-in,completed,2026-09-07 15:08
KB0002110,P-004248,KH-CHI-02,Chicago,2026-05-04,at-home,completed,2026-05-04 11:23
KB0010739,P-001768,KH-PHX-01,Phoenix,2026-09-17,at-home,completed,2026-09-17 13:08
KB0000830,P-005762,KH-PHI-02,Philadelphia,2026-04-13,walk-in,completed,2026-04-13 12:36
KB0006631,P-004291,KH-CHI-01,Chicago,2026-07-15,phone,completed,2026-07-15 19:41
KB0011322,P-003699,KH-NYC-03,New York,2026-09-25,walk-in,completed,2026-09-25 11:38
KB0007653,P-004452,KH-CHI-03,Chicago,2026-07-31,walk-in,completed,2026-07-31 19:11
KB0002285,P-002874,KH-NYC-03,New York,2026-05-07,phone,completed,2026-05-07 18:19
KB0007837,P-003210,KH-NYC-01,New York,2026-08-03,walk-in,completed,2026-08-03 16:29
KB0009495,P-000919,KH-DAL-02,Dallas,2026-08-29,online,completed,2026-08-29 11:16
KB0000754,P-003641,KH-NYC-03,New York,2026-04-12,online,completed,2026-04-12 12:28
KB0002588,P-002521,KH-NYC-01,New York,2026-05-12,walk-in,completed,2026-05-12 15:55
KB0008632,P-004189,KH-CHI-01,Chicago,2026-08-15,walk-in,completed,2026-08-15 18:27
KB0008151,P-002159,KH-PHX-02,Phoenix,2026-08-08,online,completed,2026-08-08 14:26
KB0003855,P-005568,KH-ATL-02,Atlanta,2026-06-01,walk-in,completed,2026-06-01 13:48
KB0000202,P-003985,KH-CHI-03,Chicago,2026-04-03,phone,completed,2026-04-03 18:26
KB0000838,P-000633,KH-DAL-02,Dallas,2026-04-14,online,completed,2026-04-14 19:44
KB0007574,P-001392,KH-PHX-02,Phoenix,2026-07-30,walk-in,completed,2026-07-30 11:41
KB0000072,P-000168,KH-DAL-01,Dallas,2026-04-02,walk-in,completed,2026-04-02 09:55
KB0007364,P-000800,KH-DAL-01,Dallas,2026-07-27,,completed,2026-07-27 08:22
KB0008147,P-002231,KH-PHX-03,Phoenix,2026-08-08,walk-in,completed,2026-08-08 18:54
KB0009620,P-002119,KH-PHX-03,Phoenix,2026-08-31,,completed,2026-08-31 16:22
KB0008510,P-001239,KH-DAL-01,Dallas,2026-08-14,online,completed,2026-08-14 18:30
KB0009402,P-004957,KH-ATL-02,Atlanta,2026-08-27,walk-in,completed,2026-08-27 18:04
KB0001527,P-002114,KH-PHX-03,Phoenix,2026-04-25,online,completed,2026-04-25 12:53
KB0006026,P-002322,KH-PHX-01,Phoenix,2026-07-06,walk-in,completed,2026-07-06 13:13
KB0009332,P-005446,KH-ATL-03,Atlanta,2026-08-26,at-home,completed,2026-08-26 13:47
KB0005073,P-006529,KH-PHI-01,Philadelphia,2026-06-20,online,completed,2026-06-20 13:54
KB0004927,P-004795,KH-CHI-02,Chicago,2026-06-18,online,completed,2026-06-18 18:37
KB0010311,P-003534,KH-NYC-01,New York,2026-09-10,walk-in,cancelled,2026-09-10 17:27
KB0003950,P-001948,KH-PHX-01,Phoenix,2026-06-03,walk-in,completed,2026-06-03 09:09
KB0005043,P-001874,KH-PHX-03,Phoenix,2026-06-20,phone,completed,2026-06-20 11:45
KB0011229,P-002447,KH-PHX-01,Phoenix,2026-09-24,phone,completed,2026-09-24 17:28
KB0007463,P-003867,KH-NYC-03,New York,2026-07-28,phone,completed,2026-07-28 16:14
KB0007116,P-006535,KH-PHI-03,Philadelphia,2026-07-22,at-home,completed,2026-07-22 08:31
KB0008077,P-002055,KH-PHX-03,Phoenix,2026-08-07,walk-in,completed,2026-08-07 12:37
KB0003952,P-001938,KH-PHX-01,Phoenix,2026-06-03,online,completed,2026-06-03 14:41
KB0002198,P-006300,KH-PHI-01,Philadelphia,2026-05-05,at-home,completed,2026-05-05 13:38
KB0000806,P-002454,KH-NYC-02,New York,2026-04-13,phone,completed,2026-04-13 17:47
KB0004132,P-006509,KH-PHI-03,Philadelphia,2026-06-05,walk-in,completed,2026-06-05 15:34
KB0002554,P-005336,KH-ATL-02,Atlanta,2026-05-11,phone,completed,2026-05-11 13:30
KB0009005,P-002245,KH-PHX-03,Phoenix,2026-08-21,phone,completed,2026-08-21 09:05
KB0001507,P-005587,KH-ATL-03,Atlanta,2026-04-24,at-home,completed,2026-04-24 15:39
KB0002237,P-004243,KH-CHI-01,Chicago,2026-05-06,walk-in,completed,2026-05-06 15:33
KB0007594,P-003664,KH-NYC-02,New York,2026-07-30,online,completed,2026-07-30 11:55
KB0008768,P-000558,KH-DAL-03,Dallas,2026-08-18,walk-in,completed,2026-08-18 12:27
KB0006341,P-000423,KH-DAL-03,Dallas,2026-07-11,phone,completed,2026-07-11 17:18
KB0004124,P-005503,KH-ATL-02,Atlanta,2026-06-05,at-home,completed,2026-06-05 13:35
KB0005701,P-000693,KH-DAL-03,Dallas,2026-07-01,walk-in,completed,2026-07-01 15:15
KB0003554,P-000039,KH-DAL-02,Dallas,2026-05-28,walk-in,completed,2026-05-28 10:17
KB0011401,P-003694,KH-NYC-03,New York,2026-09-26,walk-in,completed,2026-09-26 09:02
KB0002599,P-003853,KH-NYC-03,New York,2026-05-12,online,completed,2026-05-12 11:27
KB0004381,P-001204,KH-DAL-02,Dallas,2026-06-10,online,completed,2026-06-10 14:10
KB0000684,P-002161,KH-PHX-01,Phoenix,2026-04-11,walk-in,completed,2026-04-11 10:51
KB0001358,P-001916,KH-PHX-03,Phoenix,2026-04-22,at-home,completed,2026-04-22 14:22
KB0008714,P-001867,KH-PHX-02,Phoenix,2026-08-17,at-home,completed,2026-08-17 15:45
KB0007423,P-000591,KH-DAL-03,Dallas,2026-07-28,phone,completed,2026-07-28 19:18
KB0008211,P-003921,KH-NYC-01,New York,2026-08-09,phone,completed,2026-08-09 17:58
KB0004600,P-001583,KH-PHX-01,Phoenix,2026-06-13,online,cancelled,2026-06-13 16:57
KB0001210,P-000712,KH-DAL-03,Dallas,2026-04-20,walk-in,completed,2026-04-20 15:46
KB0010480,P-000130,KH-DAL-02,Dallas,2026-09-13,at-home,completed,2026-09-13 08:23
KB0006042,P-003799,KH-NYC-02,New York,2026-07-06,phone,completed,2026-07-06 09:42
KB0009933,P-005187,KH-ATL-02,Atlanta,2026-09-04,online,completed,2026-09-04 13:13
KB0004246,P-000679,KH-DAL-01,Dallas,2026-06-08,at-home,completed,2026-06-08 16:48
KB0000719,P-005750,KH-ATL-01,Atlanta,2026-04-11,walk-in,completed,2026-04-11 13:24
KB0003193,P-000182,KH-DAL-01,Dallas,2026-05-22,online,completed,2026-05-22 11:21
KB0005285,P-002603,KH-NYC-01,New York,2026-06-24,online,completed,2026-06-24 15:55
KB0004760,P-000376,KH-DAL-03,Dallas,2026-06-16,phone,cancelled,2026-06-16 16:39
KB0000498,P-003483,KH-NYC-02,New York,2026-04-08,phone,completed,2026-04-08 10:27
KB0002188,P-005163,KH-ATL-01,Atlanta,2026-05-05,walk-in,completed,2026-05-05 16:12
KB0008455,P-000006,KH-DAL-01,Dallas,2026-08-13,walk-in,completed,2026-08-13 15:11
KB0011315,P-001597,KH-PHX-02,Phoenix,2026-09-25,walk-in,completed,2026-09-25 15:38
KB0009058,P-000255,KH-DAL-03,Dallas,2026-08-22,online,completed,2026-08-22 10:00
KB0000239,P-001349,KH-PHX-02,Phoenix,2026-04-04,at-home,completed,2026-04-04 11:41
KB0005263,P-000595,KH-DAL-02,Dallas,2026-06-24,walk-in,completed,2026-06-24 14:23
KB0001869,P-001199,KH-DAL-03,Dallas,2026-05-01,phone,completed,2026-05-01 14:02
KB0010453,P-002521,KH-NYC-01,New York,2026-09-12,at-home,completed,2026-09-12 09:16
KB0011583,P-003432,KH-NYC-02,New York,2026-09-29,walk-in,completed,2026-09-29 15:08
KB0000582,P-004323,KH-CHI-03,Chicago,2026-04-09,walk-in,completed,2026-04-09 12:03
KB0001545,P-003133,KH-NYC-02,New York,2026-04-25,phone,completed,2026-04-25 11:25
KB0001390,P-006108,KH-PHI-01,Philadelphia,2026-04-22,walk-in,completed,2026-04-22 09:11
KB0009076,P-002732,KH-NYC-02,New York,2026-08-22,walk-in,completed,2026-08-22 12:36
KB0005224,P-003538,KH-NYC-01,New York,2026-06-23,online,completed,2026-06-23 13:27
KB0006846,P-005718,KH-ATL-01,Atlanta,2026-07-18,walk-in,completed,2026-07-18 12:20
KB0006372,P-002772,KH-NYC-03,New York,2026-07-11,at-home,completed,2026-07-11 08:29
KB0003146,P-003525,KH-NYC-03,New York,2026-05-21,walk-in,completed,2026-05-21 10:18
KB0001995,P-006584,KH-PHI-03,Philadelphia,2026-05-02,phone,completed,2026-05-02 11:22
KB0010683,P-001676,KH-PHX-03,Phoenix,2026-09-16,walk-in,completed,2026-09-16 13:59
KB0002628,P-000104,KH-DAL-01,Dallas,2026-05-13,walk-in,completed,2026-05-13 10:18
KB0007181,P-005292,KH-ATL-02,Atlanta,2026-07-23,at-home,completed,2026-07-23 16:03
KB0001669,P-004964,KH-ATL-01,Atlanta,2026-04-27,walk-in,completed,2026-04-27 13:56
KB0008507,P-006557,KH-PHI-02,Philadelphia,2026-08-13,phone,completed,2026-08-13 11:38
KB0009149,P-005071,KH-ATL-02,Atlanta,2026-08-23,online,completed,2026-08-23 11:33
KB0001421,P-003100,KH-NYC-01,New York,2026-04-23,walk-in,completed,2026-04-23 11:33
KB0002229,P-003786,KH-NYC-03,New York,2026-05-06,online,completed,2026-05-06 17:37
KB0003529,P-004502,KH-CHI-01,Chicago,2026-05-27,online,completed,2026-05-27 14:59
KB0004580,P-000961,KH-DAL-01,Dallas,2026-06-13,walk-in,cancelled,2026-06-13 14:42
KB0008086,P-001821,KH-PHX-02,Phoenix,2026-08-07,online,completed,2026-08-07 15:32
KB0006523,P-000244,KH-DAL-01,Dallas,2026-07-14,walk-in,completed,2026-07-14 13:41
KB0001369,P-002670,KH-NYC-01,New York,2026-04-22,online,completed,2026-04-22 11:05
KB0004373,P-000953,KH-DAL-03,Dallas,2026-06-10,online,completed,2026-06-10 18:25
KB0008886,P-004300,KH-CHI-03,Chicago,2026-08-19,walk-in,completed,2026-08-19 11:15
KB0004001,P-006392,KH-PHI-03,Philadelphia,2026-06-03,walk-in,completed,2026-06-03 13:50
KB0009193,P-004008,KH-CHI-02,Chicago,2026-08-24,phone,completed,2026-08-24 17:06
KB0004540,P-002551,KH-NYC-03,New York,2026-06-12,online,completed,2026-06-12 15:59
KB0009451,P-003339,KH-NYC-01,New York,2026-08-28,walk-in,completed,2026-08-28 16:29
KB0005123,P-005538,KH-ATL-01,Atlanta,2026-06-21,walk-in,completed,2026-06-21 16:56
KB0000241,P-002102,KH-PHX-02,Phoenix,2026-04-04,walk-in,completed,2026-04-04 16:22
KB0010375,P-002600,KH-NYC-01,New York,2026-09-11,walk-in,completed,2026-09-11 15:21
KB0006678,P-001752,KH-PHX-02,Phoenix,2026-07-16,phone,completed,2026-07-16 12:52
KB0003034,P-004462,KH-CHI-01,Chicago,2026-05-19,at-home,completed,2026-05-19 17:45
KB0008254,P-000397,KH-DAL-01,Dallas,2026-08-10,phone,completed,2026-08-10 18:32
KB0009260,P-004734,KH-CHI-02,Chicago,2026-08-25,walk-in,completed,2026-08-25 17:18
KB0000378,P-003723,KH-NYC-03,New York,2026-04-06,walk-in,completed,2026-04-06 12:48
KB0001410,P-001789,KH-PHX-01,Phoenix,2026-04-23,online,completed,2026-04-23 17:39
KB0005065,P-005083,KH-ATL-02,Atlanta,2026-06-20,online,completed,2026-06-20 18:20
KB0006006,P-000929,KH-DAL-03,Dallas,2026-07-06,walk-in,completed,2026-07-06 16:54
KB0004939,P-005343,KH-ATL-01,Atlanta,2026-06-18,,completed,2026-06-18 13:53
KB0003857,P-005413,KH-ATL-01,Atlanta,2026-06-01,phone,completed,2026-06-01 13:33
KB0010436,P-001527,KH-PHX-01,Phoenix,2026-09-12,walk-in,completed,2026-09-12 13:57
KB0002868,P-004665,KH-CHI-01,Chicago,2026-05-16,walk-in,completed,2026-05-16 11:40
KB0010539,P-001127,KH-DAL-02,Dallas,2026-09-14,at-home,completed,2026-09-14 16:49
KB0002752,P-000433,KH-DAL-01,Dallas,2026-05-15,online,completed,2026-05-15 10:05
KB0001021,P-004456,KH-CHI-03,Chicago,2026-04-16,phone,completed,2026-04-16 14:05
KB0005395,P-000485,KH-DAL-02,Dallas,2026-06-26,online,completed,2026-06-26 10:57
KB0010738,P-000455,KH-DAL-02,Dallas,2026-09-17,at-home,completed,2026-09-17 08:45
KB0004317,P-000685,KH-DAL-02,Dallas,2026-06-09,walk-in,completed,2026-06-09 13:39
KB0010495,P-000875,KH-DAL-01,Dallas,2026-09-13,walk-in,completed,2026-09-13 08:04
KB0004213,P-001977,KH-PHX-01,Phoenix,2026-06-07,walk-in,completed,2026-06-07 12:50
KB0001220,P-000151,KH-DAL-01,Dallas,2026-04-20,online,completed,2026-04-20 09:26
KB0007419,P-006152,KH-PHI-01,Philadelphia,2026-07-27,walk-in,completed,2026-07-27 10:20
KB0003626,P-000927,KH-DAL-03,Dallas,2026-05-29,online,completed,2026-05-29 19:00
KB0000822,P-005212,KH-ATL-02,Atlanta,2026-04-13,online,completed,2026-04-13 15:38
KB0002818,P-001201,KH-DAL-02,Dallas,2026-05-16,online,completed,2026-05-16 10:12
KB0000401,P-006056,KH-PHI-02,Philadelphia,2026-04-06,walk-in,completed,2026-04-06 13:16
KB0006795,P-000777,KH-DAL-02,Dallas,2026-07-18,walk-in,completed,2026-07-18 09:09
KB0000436,P-003288,KH-NYC-03,New York,2026-04-07,walk-in,completed,2026-04-07 13:54
KB0003903,P-003202,KH-NYC-01,New York,2026-06-02,walk-in,completed,2026-06-02 09:45
KB0008061,P-001201,KH-DAL-03,Dallas,2026-08-07,phone,completed,2026-08-07 14:09
KB0010298,P-002211,KH-PHX-02,Phoenix,2026-09-10,online,completed,2026-09-10 17:07
KB0011221,P-000397,KH-DAL-01,Dallas,2026-09-24,,completed,2026-09-24 15:01
KB0004589,P-000180,KH-DAL-01,Dallas,2026-06-13,at-home,completed,2026-06-13 19:28
KB0000833,P-006102,KH-PHI-01,Philadelphia,2026-04-13,walk-in,completed,2026-04-13 08:54
KB0009509,P-001864,KH-PHX-03,Phoenix,2026-08-29,phone,completed,2026-08-29 09:59
KB0000290,P-006146,KH-PHI-03,Philadelphia,2026-04-04,phone,completed,2026-04-04 14:15
KB0002772,P-002059,KH-PHX-02,Phoenix,2026-05-15,online,completed,2026-05-15 19:16
KB0001915,P-005338,KH-ATL-02,Atlanta,2026-05-01,walk-in,completed,2026-05-01 15:19
KB0009181,P-001970,KH-PHX-03,Phoenix,2026-08-24,online,cancelled,2026-08-24 08:56
KB0008869,P-002231,KH-PHX-02,Phoenix,2026-08-19,walk-in,completed,2026-08-19 16:09
KB0000507,P-002560,KH-NYC-01,New York,2026-04-08,phone,completed,2026-04-08 17:39
KB0007267,P-000831,KH-DAL-02,Dallas,2026-07-25,online,completed,2026-07-25 09:11
KB0002604,P-004278,KH-CHI-02,Chicago,2026-05-12,walk-in,completed,2026-05-12 19:29
KB0005032,P-000850,KH-DAL-03,Dallas,2026-06-20,online,completed,2026-06-20 13:08
KB0008345,P-003803,KH-NYC-01,New York,2026-08-11,phone,completed,2026-08-11 18:48
KB0005388,P-000954,KH-DAL-03,Dallas,2026-06-26,walk-in,completed,2026-06-26 11:07
KB0007733,P-005692,KH-ATL-02,Atlanta,2026-08-01,at-home,completed,2026-08-01 13:26
KB0004794,P-002538,KH-NYC-03,New York,2026-06-16,walk-in,completed,2026-06-16 09:45
KB0011078,P-000007,KH-DAL-01,Dallas,2026-09-22,walk-in,completed,2026-09-22 13:39
KB0001860,P-006013,KH-PHI-01,Philadelphia,2026-04-30,at-home,completed,2026-04-30 10:05
KB0003944,P-000418,KH-DAL-02,Dallas,2026-06-03,walk-in,completed,2026-06-03 15:36
KB0000265,P-004122,KH-CHI-02,Chicago,2026-04-04,walk-in,completed,2026-04-04 08:41
KB0002537,P-003112,KH-NYC-03,New York,2026-05-11,walk-in,completed,2026-05-11 09:18
KB0005396,P-001045,KH-DAL-01,Dallas,2026-06-26,phone,completed,2026-06-26 12:47
KB0010605,P-000719,KH-DAL-03,Dallas,2026-09-15,at-home,completed,2026-09-15 17:00
KB0009078,P-003731,KH-NYC-02,New York,2026-08-22,walk-in,completed,2026-08-22 16:13
KB0002225,P-002846,KH-NYC-03,New York,2026-05-06,at-home,completed,2026-05-06 14:50
KB0002341,P-002023,KH-PHX-02,Phoenix,2026-05-08,walk-in,completed,2026-05-08 10:52
KB0001548,P-003792,KH-NYC-01,New York,2026-04-25,at-home,completed,2026-04-25 08:55
KB0008471,P-001428,KH-PHX-02,Phoenix,2026-08-13,phone,completed,2026-08-13 09:40
KB0011049,P-004980,KH-ATL-02,Atlanta,2026-09-21,walk-in,completed,2026-09-21 18:09
KB0000861,P-002245,KH-PHX-03,Phoenix,2026-04-14,phone,completed,2026-04-14 18:45
KB0005166,P-002923,KH-NYC-02,New York,2026-06-22,at-home,completed,2026-06-22 16:31
KB0009223,P-000328,KH-DAL-02,Dallas,2026-08-25,phone,completed,2026-08-25 11:50
KB0004860,P-004107,KH-CHI-03,Chicago,2026-06-17,online,completed,2026-06-17 08:01
KB0008443,P-000268,KH-DAL-01,Dallas,2026-08-13,walk-in,completed,2026-08-13 14:11
KB0003404,P-004968,KH-ATL-02,Atlanta,2026-05-25,online,completed,2026-05-25 08:09
KB0010815,P-001358,KH-PHX-01,Phoenix,2026-09-18,online,completed,2026-09-18 15:01
KB0009473,P-005217,KH-ATL-02,Atlanta,2026-08-28,at-home,completed,2026-08-28 13:18
KB0003323,P-002247,KH-PHX-03,Phoenix,2026-05-24,at-home,completed,2026-05-24 10:28
KB0004767,P-002136,KH-PHX-02,Phoenix,2026-06-16,phone,completed,2026-06-16 16:36
KB0004861,P-004591,KH-CHI-02,Chicago,2026-06-17,online,completed,2026-06-17 16:48
KB0001319,P-005639,KH-ATL-01,Atlanta,2026-04-21,online,completed,2026-04-21 09:29
KB0007659,P-005485,KH-ATL-02,Atlanta,2026-07-31,online,completed,2026-07-31 18:47
KB0006153,P-001603,KH-PHX-03,Phoenix,2026-07-08,walk-in,completed,2026-07-08 17:17
KB0001501,P-005150,KH-ATL-01,Atlanta,2026-04-24,walk-in,completed,2026-04-24 15:50
KB0005278,P-001364,KH-PHX-02,Phoenix,2026-06-24,walk-in,completed,2026-06-24 13:02
KB0006620,P-003562,KH-NYC-03,New York,2026-07-15,walk-in,completed,2026-07-15 10:20
KB0006157,P-001285,KH-PHX-02,Phoenix,2026-07-08,walk-in,completed,2026-07-08 18:30
KB0011113,P-005725,KH-ATL-01,Atlanta,2026-09-22,walk-in,completed,2026-09-22 12:22
KB0002903,P-001607,KH-PHX-02,Phoenix,2026-05-17,phone,completed,2026-05-17 09:43
KB0000829,P-006362,KH-PHI-03,Philadelphia,2026-04-13,walk-in,completed,2026-04-13 08:51
KB0010949,P-000681,KH-DAL-02,Dallas,2026-09-20,walk-in,completed,2026-09-20 10:09
KB0010525,P-005227,KH-ATL-02,Atlanta,2026-09-13,at-home,completed,2026-09-13 15:02
KB0005446,P-005851,KH-PHI-03,Philadelphia,2026-06-26,phone,completed,2026-06-26 12:35
KB0006963,P-005559,KH-ATL-02,Atlanta,2026-07-20,phone,completed,2026-07-20 08:48
KB0000042,P-004546,KH-CHI-01,Chicago,2026-04-01,online,completed,2026-04-01 14:33
KB0000705,P-004350,KH-CHI-03,Chicago,2026-04-11,walk-in,completed,2026-04-11 12:40
KB0010384,P-003496,KH-NYC-02,New York,2026-09-11,at-home,completed,2026-09-11 08:48
KB0011327,P-003421,KH-NYC-01,New York,2026-09-25,walk-in,completed,2026-09-25 08:57
KB0003261,P-001398,KH-PHX-02,Phoenix,2026-05-23,walk-in,completed,2026-05-23 08:04
KB0009475,P-005321,KH-ATL-02,Atlanta,2026-08-28,walk-in,completed,2026-08-28 14:46
KB0008964,P-005097,KH-ATL-01,Atlanta,2026-08-20,online,completed,2026-08-20 11:04
KB0008934,P-002177,KH-PHX-01,Phoenix,2026-08-20,online,completed,2026-08-20 12:13
KB0010483,P-000696,KH-DAL-01,Dallas,2026-09-13,online,completed,2026-09-13 19:18
KB0000712,P-004039,KH-CHI-02,Chicago,2026-04-11,walk-in,completed,2026-04-11 18:03
KB0005435,P-003972,KH-CHI-01,Chicago,2026-06-26,walk-in,completed,2026-06-26 08:04
KB0008571,P-005428,KH-ATL-01,Atlanta,2026-08-14,walk-in,completed,2026-08-14 17:17
KB0002863,P-004173,KH-CHI-03,Chicago,2026-05-16,at-home,completed,2026-05-16 15:40
KB0001642,P-003908,KH-NYC-01,New York,2026-04-27,walk-in,completed,2026-04-27 11:19
KB0011362,P-000818,KH-DAL-03,Dallas,2026-09-26,walk-in,completed,2026-09-26 15:17
KB0001329,P-006319,KH-PHI-01,Philadelphia,2026-04-21,online,completed,2026-04-21 10:18
KB0000266,P-003988,KH-CHI-02,Chicago,2026-04-04,walk-in,completed,2026-04-04 15:26
KB0004945,P-006108,KH-PHI-03,Philadelphia,2026-06-18,walk-in,completed,2026-06-18 14:55
KB0006761,P-002504,KH-NYC-02,New York,2026-07-17,walk-in,completed,2026-07-17 12:59
KB0003370,P-002252,KH-PHX-02,Phoenix,2026-05-25,walk-in,completed,2026-05-25 17:15
KB0008170,P-004715,KH-CHI-02,Chicago,2026-08-08,online,completed,2026-08-08 08:32
KB0002833,P-000029,KH-DAL-02,Dallas,2026-05-16,phone,completed,2026-05-16 19:51
KB0010877,P-001091,KH-DAL-02,Dallas,2026-09-19,at-home,completed,2026-09-19 10:07
KB0000665,P-000890,KH-DAL-01,Dallas,2026-04-11,online,completed,2026-04-11 16:10
KB0009398,P-004814,KH-CHI-03,Chicago,2026-08-27,online,completed,2026-08-27 15:47
KB0009392,P-004015,KH-CHI-03,Chicago,2026-08-27,online,completed,2026-08-27 14:08
KB0000126,P-005412,KH-ATL-02,Atlanta,2026-04-02,online,completed,2026-04-02 16:55
KB0000683,P-002237,KH-PHX-01,Phoenix,2026-04-11,walk-in,completed,2026-04-11 17:45
KB0001549,P-003393,KH-NYC-01,New York,2026-04-25,online,completed,2026-04-25 19:06
KB0003692,P-000188,KH-DAL-01,Dallas,2026-05-30,phone,completed,2026-05-30 08:41
KB0008930,P-002122,KH-PHX-02,Phoenix,2026-08-20,phone,completed,2026-08-20 14:07
KB0005353,P-003829,KH-NYC-01,New York,2026-06-25,walk-in,completed,2026-06-25 11:22
KB0003831,P-002912,KH-NYC-02,New York,2026-06-01,at-home,completed,2026-06-01 08:17
KB0010040,P-001529,KH-PHX-03,Phoenix,2026-09-06,online,completed,2026-09-06 17:36
KB0009006,P-001681,KH-PHX-03,Phoenix,2026-08-21,online,completed,2026-08-21 19:58
KB0006266,P-005296,KH-ATL-01,Atlanta,2026-07-09,walk-in,completed,2026-07-09 08:37
KB0008435,P-005034,KH-ATL-01,Atlanta,2026-08-12,walk-in,completed,2026-08-12 12:13
KB0005633,P-000517,KH-DAL-01,Dallas,2026-06-30,walk-in,completed,2026-06-30 11:01
KB0006771,P-004608,KH-CHI-02,Chicago,2026-07-17,walk-in,completed,2026-07-17 11:47
KB0009511,P-002122,KH-PHX-01,Phoenix,2026-08-29,online,completed,2026-08-29 10:12
KB0006291,P-002322,KH-PHX-03,Phoenix,2026-07-10,walk-in,completed,2026-07-10 13:49
KB0007011,P-002712,KH-NYC-02,New York,2026-07-21,online,completed,2026-07-21 15:01
KB0011034,P-003844,KH-NYC-01,New York,2026-09-21,,completed,2026-09-21 18:41
KB0010258,P-005352,KH-ATL-02,Atlanta,2026-09-09,online,completed,2026-09-09 16:53
KB0005196,P-000966,KH-DAL-03,Dallas,2026-06-23,walk-in,completed,2026-06-23 12:21
KB0005317,P-006365,KH-PHI-02,Philadelphia,2026-06-24,walk-in,completed,2026-06-24 16:31
KB0007468,P-004789,KH-CHI-03,Chicago,2026-07-28,walk-in,completed,2026-07-28 14:03
KB0001367,P-003790,KH-NYC-02,New York,2026-04-22,,completed,2026-04-22 15:34
KB0009041,P-005216,KH-ATL-01,Atlanta,2026-08-21,walk-in,completed,2026-08-21 10:30
KB0000022,P-001713,KH-PHX-03,Phoenix,2026-04-01,at-home,completed,2026-04-01 17:31
KB0001219,P-000377,KH-DAL-02,Dallas,2026-04-20,online,completed,2026-04-20 19:25
KB0005103,P-002420,KH-PHX-03,Phoenix,2026-06-21,phone,completed,2026-06-21 09:01
KB0008762,P-006550,KH-PHI-02,Philadelphia,2026-08-17,online,completed,2026-08-17 08:53
KB0010806,P-000511,KH-DAL-03,Dallas,2026-09-18,walk-in,completed,2026-09-18 10:31
KB0000264,P-003990,KH-CHI-02,Chicago,2026-04-04,online,completed,2026-04-04 12:47
KB0011256,P-002929,KH-NYC-01,New York,2026-09-24,walk-in,completed,2026-09-24 09:57
KB0009179,P-002369,KH-PHX-03,Phoenix,2026-08-24,phone,cancelled,2026-08-24 10:52
KB0008868,P-001325,KH-PHX-02,Phoenix,2026-08-19,walk-in,completed,2026-08-19 15:28
KB0008487,P-004027,KH-CHI-03,Chicago,2026-08-13,at-home,completed,2026-08-13 19:06
KB0007627,P-001218,KH-DAL-01,Dallas,2026-07-31,walk-in,completed,2026-07-31 11:22
KB0006970,P-005432,KH-ATL-02,Atlanta,2026-07-20,online,completed,2026-07-20 16:07
KB0001559,P-004349,KH-CHI-01,Chicago,2026-04-25,phone,completed,2026-04-25 19:26
KB0004536,P-003094,KH-NYC-03,New York,2026-06-12,at-home,completed,2026-06-12 11:15
KB0010780,P-005170,KH-ATL-02,Atlanta,2026-09-17,online,completed,2026-09-17 11:46
KB0005785,P-003339,KH-NYC-03,New York,2026-07-02,walk-in,completed,2026-07-02 12:31
KB0001738,P-006557,KH-PHI-03,Philadelphia,2026-04-28,online,completed,2026-04-28 13:09
KB0004138,P-000043,KH-DAL-02,Dallas,2026-06-06,walk-in,completed,2026-06-06 09:41
KB0004566,P-006167,KH-PHI-03,Philadelphia,2026-06-12,phone,completed,2026-06-12 19:33
KB0006801,P-000611,KH-DAL-02,Dallas,2026-07-18,online,completed,2026-07-18 10:03
KB0007056,P-000172,KH-DAL-03,Dallas,2026-07-22,online,completed,2026-07-22 17:32
KB0011611,P-005127,KH-ATL-02,Atlanta,2026-09-29,walk-in,cancelled,2026-09-29 19:05
KB0005189,P-005176,KH-ATL-01,Atlanta,2026-06-22,walk-in,completed,2026-06-22 15:12
KB0006298,P-001738,KH-PHX-01,Phoenix,2026-07-10,walk-in,completed,2026-07-10 16:56
KB0007456,P-003558,KH-NYC-02,New York,2026-07-28,online,completed,2026-07-28 15:05
KB0006718,P-005933,KH-PHI-02,Philadelphia,2026-07-16,phone,completed,2026-07-16 15:18
KB0003077,P-002100,KH-PHX-01,Phoenix,2026-05-20,online,completed,2026-05-20 15:06
KB0009837,P-002513,KH-NYC-02,New York,2026-09-03,phone,completed,2026-09-03 10:20
KB0003710,P-001925,KH-PHX-02,Phoenix,2026-05-30,online,completed,2026-05-30 10:41
KB0006561,P-003760,KH-NYC-03,New York,2026-07-14,walk-in,completed,2026-07-14 11:22
KB0011116,P-005227,KH-ATL-02,Atlanta,2026-09-22,online,completed,2026-09-22 15:16
KB0003960,P-002135,KH-PHX-01,Phoenix,2026-06-03,online,completed,2026-06-03 15:10
KB0002279,P-003593,KH-NYC-01,New York,2026-05-07,walk-in,completed,2026-05-07 08:03
KB0007127,P-000995,KH-DAL-02,Dallas,2026-07-23,walk-in,completed,2026-07-23 10:02
KB0006914,P-000681,KH-DAL-03,Dallas,2026-07-20,online,completed,2026-07-20 15:49
KB0004546,P-003273,KH-NYC-01,New York,2026-06-12,walk-in,completed,2026-06-12 15:46
KB0007870,P-000163,KH-DAL-03,Dallas,2026-08-04,walk-in,completed,2026-08-04 19:45
KB0000538,P-000622,KH-DAL-02,Dallas,2026-04-09,walk-in,completed,2026-04-09 12:38
KB0000268,P-004361,KH-CHI-03,Chicago,2026-04-04,phone,completed,2026-04-04 16:18
KB0007773,P-002805,KH-NYC-03,New York,2026-08-02,online,completed,2026-08-02 13:49
KB0009756,P-000474,KH-DAL-01,Dallas,2026-09-02,phone,completed,2026-09-02 16:04
KB0010428,P-000121,KH-DAL-01,Dallas,2026-09-12,walk-in,completed,2026-09-12 19:16
KB0006483,P-002924,KH-NYC-01,New York,2026-07-13,online,completed,2026-07-13 11:50
KB0005563,P-000751,KH-DAL-01,Dallas,2026-06-29,online,completed,2026-06-29 16:57
KB0008330,P-002119,KH-PHX-01,Phoenix,2026-08-11,walk-in,completed,2026-08-11 12:22
KB0000177,P-002217,KH-PHX-02,Phoenix,2026-04-03,walk-in,completed,2026-04-03 17:00
KB0003000,P-000507,KH-DAL-02,Dallas,2026-05-19,online,completed,2026-05-19 19:51
KB0009438,P-001615,KH-PHX-01,Phoenix,2026-08-28,at-home,completed,2026-08-28 14:48
KB0003007,P-001121,KH-DAL-02,Dallas,2026-05-19,walk-in,completed,2026-05-19 16:58
KB0006055,P-005241,KH-ATL-02,Atlanta,2026-07-06,walk-in,completed,2026-07-06 16:00
KB0003235,P-006653,KH-PHI-02,Philadelphia,2026-05-22,walk-in,completed,2026-05-22 12:37
KB0004893,P-001065,KH-DAL-01,Dallas,2026-06-18,walk-in,cancelled,2026-06-18 09:18
KB0003824,P-002247,KH-PHX-03,Phoenix,2026-06-01,walk-in,completed,2026-06-01 14:04
KB0009927,P-002532,KH-NYC-03,New York,2026-09-04,online,completed,2026-09-04 10:50
KB0000813,P-004853,KH-CHI-01,Chicago,2026-04-13,phone,completed,2026-04-13 17:03
KB0009743,P-005851,KH-PHI-03,Philadelphia,2026-09-01,walk-in,completed,2026-09-01 18:58
KB0008386,P-000126,KH-DAL-01,Dallas,2026-08-12,walk-in,completed,2026-08-12 16:34
KB0001170,P-000329,KH-DAL-03,Dallas,2026-04-19,walk-in,cancelled,2026-04-19 08:34
KB0011514,P-003232,KH-NYC-03,New York,2026-09-28,phone,completed,2026-09-28 09:18
KB0006374,P-002983,KH-NYC-02,New York,2026-07-11,walk-in,completed,2026-07-11 16:17
KB0003072,P-000142,KH-DAL-01,Dallas,2026-05-20,walk-in,completed,2026-05-20 18:12
KB0007759,P-001314,KH-PHX-01,Phoenix,2026-08-02,phone,completed,2026-08-02 14:39
KB0004344,P-004374,KH-CHI-02,Chicago,2026-06-09,walk-in,completed,2026-06-09 17:21
KB0009085,P-002830,KH-NYC-03,New York,2026-08-22,walk-in,completed,2026-08-22 11:22
KB0002378,P-006512,KH-PHI-01,Philadelphia,2026-05-08,walk-in,completed,2026-05-08 17:49
KB0000645,P-005589,KH-ATL-02,Atlanta,2026-04-10,at-home,completed,2026-04-10 19:48
KB0001740,P-006619,KH-PHI-03,Philadelphia,2026-04-28,phone,completed,2026-04-28 16:30
KB0006566,P-004803,KH-CHI-03,Chicago,2026-07-14,phone,completed,2026-07-14 13:11
KB0010448,P-003936,KH-NYC-01,New York,2026-09-12,walk-in,completed,2026-09-12 15:12
KB0004746,P-006265,KH-PHI-01,Philadelphia,2026-06-15,walk-in,completed,2026-06-15 14:06
KB0000692,P-003626,KH-NYC-02,New York,2026-04-11,walk-in,completed,2026-04-11 09:36
KB0007226,P-002603,KH-NYC-01,New York,2026-07-24,walk-in,completed,2026-07-24 08:23
KB0004692,P-000526,KH-DAL-03,Dallas,2026-06-15,online,completed,2026-06-15 14:34
KB0006741,P-001977,KH-PHX-03,Phoenix,2026-07-17,online,cancelled,2026-07-17 11:16
KB0009740,P-005922,KH-PHI-02,Philadelphia,2026-09-01,walk-in,completed,2026-09-01 15:03
KB0001073,P-003066,KH-NYC-03,New York,2026-04-17,walk-in,completed,2026-04-17 15:27
KB0001946,P-001736,KH-PHX-02,Phoenix,2026-05-02,phone,completed,2026-05-02 14:29
KB0008255,P-000360,KH-DAL-02,Dallas,2026-08-10,walk-in,completed,2026-08-10 18:47
KB0003827,P-003770,KH-NYC-01,New York,2026-06-01,walk-in,completed,2026-06-01 08:07
KB0001962,P-003360,KH-NYC-01,New York,2026-05-02,online,completed,2026-05-02 16:05
KB0000429,P-002090,KH-PHX-02,Phoenix,2026-04-07,walk-in,completed,2026-04-07 19:13
KB0010602,P-000112,KH-DAL-03,Dallas,2026-09-15,walk-in,cancelled,2026-09-15 17:21
KB0004162,P-003391,KH-NYC-03,New York,2026-06-06,walk-in,completed,2026-06-06 08:38
KB0006807,P-000515,KH-DAL-01,Dallas,2026-07-18,walk-in,completed,2026-07-18 18:42
KB0001248,P-004839,KH-CHI-02,Chicago,2026-04-20,walk-in,completed,2026-04-20 16:27
KB0002811,P-006616,KH-PHI-01,Philadelphia,2026-05-15,at-home,completed,2026-05-15 19:37
KB0009957,P-000497,KH-DAL-01,Dallas,2026-09-05,walk-in,completed,2026-09-05 10:24
KB0010260,P-005700,KH-ATL-03,Atlanta,2026-09-09,at-home,completed,2026-09-09 12:51
KB0007720,P-004196,KH-CHI-03,Chicago,2026-08-01,online,completed,2026-08-01 15:07
KB0005860,P-003516,KH-NYC-01,New York,2026-07-03,walk-in,completed,2026-07-03 15:36
KB0003953,P-001911,KH-PHX-01,Phoenix,2026-06-03,walk-in,completed,2026-06-03 10:00
KB0003138,P-001438,KH-PHX-02,Phoenix,2026-05-21,walk-in,completed,2026-05-21 13:08
KB0007607,P-005705,KH-ATL-01,Atlanta,2026-07-30,online,completed,2026-07-30 10:26
KB0003830,P-003197,KH-NYC-02,New York,2026-06-01,online,completed,2026-06-01 17:08
KB0004323,P-002160,KH-PHX-01,Phoenix,2026-06-09,online,completed,2026-06-09 18:51
KB0000392,P-005201,KH-ATL-02,Atlanta,2026-04-06,walk-in,completed,2026-04-06 10:51
KB0004153,P-002420,KH-PHX-03,Phoenix,2026-06-06,walk-in,completed,2026-06-06 12:33
KB0004598,P-001971,KH-PHX-01,Phoenix,2026-06-13,walk-in,completed,2026-06-13 13:30
KB0002361,P-004143,KH-CHI-02,Chicago,2026-05-08,phone,completed,2026-05-08 19:13
KB0008779,P-000326,KH-DAL-02,Dallas,2026-08-18,online,completed,2026-08-18 08:05
KB0009546,P-005977,KH-PHI-01,Philadelphia,2026-08-29,walk-in,completed,2026-08-29 09:05
KB0008010,P-001861,KH-PHX-02,Phoenix,2026-08-06,online,completed,2026-08-06 09:02
KB0000189,P-002456,KH-NYC-02,New York,2026-04-03,walk-in,completed,2026-04-03 19:48
KB0002995,P-006226,KH-PHI-03,Philadelphia,2026-05-18,walk-in,completed,2026-05-18 19:15
KB0009155,P-000455,KH-DAL-03,Dallas,2026-08-24,walk-in,completed,2026-08-24 12:14
KB0001932,P-000556,KH-DAL-02,Dallas,2026-05-02,phone,completed,2026-05-02 18:05
KB0007835,P-002552,KH-NYC-02,New York,2026-08-03,walk-in,completed,2026-08-03 16:50
KB0007619,P-000324,KH-DAL-02,Dallas,2026-07-31,online,completed,2026-07-31 21:45
KB0010872,P-000968,KH-DAL-02,Dallas,2026-09-19,at-home,completed,2026-09-19 18:47
KB0009642,P-002717,KH-NYC-01,New York,2026-08-31,phone,completed,2026-08-31 11:40
KB0007597,P-004387,KH-CHI-03,Chicago,2026-07-30,walk-in,completed,2026-07-30 19:13
KB0006945,P-003925,KH-NYC-03,New York,2026-07-20,walk-in,completed,2026-07-20 09:32
KB0010747,P-002400,KH-PHX-03,Phoenix,2026-09-17,walk-in,completed,2026-09-17 08:37
KB0007190,P-006120,KH-PHI-02,Philadelphia,2026-07-23,walk-in,completed,2026-07-23 16:11
KB0008944,P-002975,KH-NYC-01,New York,2026-08-20,online,completed,2026-08-20 17:32
KB0010945,P-000415,KH-DAL-03,Dallas,2026-09-20,online,completed,2026-09-20 14:22
KB0001694,P-000752,KH-DAL-02,Dallas,2026-04-28,walk-in,completed,2026-04-28 16:54
KB0009102,P-005050,KH-ATL-02,Atlanta,2026-08-22,at-home,completed,2026-08-22 10:08
KB0003559,P-000733,KH-DAL-02,Dallas,2026-05-28,walk-in,cancelled,2026-05-28 10:16
KB0003274,P-003534,KH-NYC-01,New York,2026-05-23,online,completed,2026-05-23 18:36
KB0007498,P-000554,KH-DAL-01,Dallas,2026-07-29,at-home,completed,2026-07-29 13:59
KB0004492,P-005314,KH-ATL-02,Atlanta,2026-06-11,walk-in,completed,2026-06-11 17:40
KB0009793,P-005232,KH-ATL-01,Atlanta,2026-09-02,walk-in,completed,2026-09-02 17:21
KB0004982,P-002776,KH-NYC-02,New York,2026-06-19,walk-in,completed,2026-06-19 09:57
KB0006939,P-001623,KH-PHX-03,Phoenix,2026-07-20,walk-in,completed,2026-07-20 18:53
KB0009029,P-004484,KH-CHI-03,Chicago,2026-08-21,walk-in,completed,2026-08-21 19:58
KB0010332,P-005273,KH-ATL-03,Atlanta,2026-09-10,online,completed,2026-09-10 13:05
KB0002024,P-003477,KH-NYC-01,New York,2026-05-03,walk-in,completed,2026-05-03 11:02
KB0003391,P-004254,KH-CHI-03,Chicago,2026-05-25,walk-in,completed,2026-05-25 13:41
KB0005485,P-002635,KH-NYC-02,New York,2026-06-27,phone,completed,2026-06-27 11:39
KB0002395,P-001587,KH-PHX-01,Phoenix,2026-05-09,online,completed,2026-05-09 16:23
KB0008985,P-000152,KH-DAL-01,Dallas,2026-08-21,online,completed,2026-08-21 08:48
KB0007937,P-000580,KH-DAL-01,Dallas,2026-08-05,phone,completed,2026-08-05 13:52
KB0002326,P-000508,KH-DAL-01,Dallas,2026-05-08,walk-in,completed,2026-05-08 08:30
KB0004833,P-000845,KH-DAL-02,Dallas,2026-06-17,walk-in,completed,2026-06-17 18:01
KB0010310,P-003800,KH-NYC-03,New York,2026-09-10,walk-in,completed,2026-09-10 18:32
KB0001142,P-003381,KH-NYC-03,New York,2026-04-18,walk-in,completed,2026-04-18 16:43
KB0010927,P-005662,KH-ATL-01,Atlanta,2026-09-19,walk-in,completed,2026-09-19 14:08
KB0006352,P-000518,KH-DAL-03,Dallas,2026-07-11,at-home,completed,2026-07-11 18:29
KB0003452,P-002623,KH-NYC-01,New York,2026-05-26,walk-in,completed,2026-05-26 11:52
KB0011486,P-000357,KH-DAL-01,Dallas,2026-09-28,walk-in,completed,2026-09-28 08:50
KB0006706,P-005012,KH-ATL-01,Atlanta,2026-07-16,,completed,2026-07-16 14:59
KB0005160,P-001793,KH-PHX-02,Phoenix,2026-06-22,phone,cancelled,2026-06-22 09:04
KB0004788,P-003068,KH-NYC-01,New York,2026-06-16,walk-in,completed,2026-06-16 16:39
KB0001469,P-000226,KH-DAL-03,Dallas,2026-04-24,online,completed,2026-04-24 18:34
KB0009013,P-002401,KH-PHX-01,Phoenix,2026-08-21,at-home,completed,2026-08-21 19:41
KB0005163,P-003565,KH-NYC-01,New York,2026-06-22,online,completed,2026-06-22 16:33
KB0002763,P-001109,KH-DAL-01,Dallas,2026-05-15,online,completed,2026-05-15 09:58
KB0001607,P-004941,KH-CHI-01,Chicago,2026-04-26,walk-in,completed,2026-04-26 10:39
KB0001589,P-001451,KH-PHX-02,Phoenix,2026-04-26,walk-in,completed,2026-04-26 10:16
KB0003534,P-005509,KH-ATL-02,Atlanta,2026-05-27,walk-in,completed,2026-05-27 16:25
KB0010135,P-005813,KH-PHI-03,Philadelphia,2026-09-07,at-home,completed,2026-09-07 08:13
KB0008001,P-000279,KH-DAL-02,Dallas,2026-08-06,walk-in,cancelled,2026-08-06 09:18
KB0011217,P-000182,KH-DAL-03,Dallas,2026-09-24,walk-in,completed,2026-09-24 11:46
KB0007406,P-005687,KH-ATL-02,Atlanta,2026-07-27,online,completed,2026-07-27 09:58
KB0003230,P-005230,KH-ATL-01,Atlanta,2026-05-22,walk-in,completed,2026-05-22 12:49
KB0011052,P-005304,KH-ATL-01,Atlanta,2026-09-21,at-home,completed,2026-09-21 11:45
KB0010890,P-000396,KH-DAL-01,Dallas,2026-09-19,online,completed,2026-09-19 19:07
KB0007188,P-006162,KH-PHI-03,Philadelphia,2026-07-23,phone,completed,2026-07-23 10:44
KB0009335,P-005579,KH-ATL-02,Atlanta,2026-08-26,online,completed,2026-08-26 16:48
KB0007703,P-001374,KH-PHX-02,Phoenix,2026-08-01,at-home,completed,2026-08-01 15:21
KB0007185,P-006491,KH-PHI-01,Philadelphia,2026-07-23,at-home,completed,2026-07-23 15:56
KB0001313,P-004318,KH-CHI-01,Chicago,2026-04-21,phone,completed,2026-04-21 16:23
KB0010401,P-005509,KH-ATL-01,Atlanta,2026-09-11,walk-in,completed,2026-09-11 11:45
KB0011389,P-001685,KH-PHX-02,Phoenix,2026-09-26,walk-in,completed,2026-09-26 14:56
KB0008196,P-001230,KH-DAL-03,Dallas,2026-08-09,online,completed,2026-08-09 19:28
KB0000455,P-005475,KH-ATL-02,Atlanta,2026-04-07,phone,completed,2026-04-07 13:39
KB0011659,P-001424,KH-PHX-02,Phoenix,2026-09-30,at-home,completed,2026-09-30 15:06
KB0004642,P-006161,KH-PHI-01,Philadelphia,2026-06-13,online,completed,2026-06-13 17:31
KB0007189,P-006557,KH-PHI-02,Philadelphia,2026-07-23,online,completed,2026-07-23 19:04
KB0000013,P-000122,KH-DAL-03,Dallas,2026-04-01,phone,completed,2026-04-01 16:11
KB0010191,P-005622,KH-ATL-03,Atlanta,2026-09-08,online,completed,2026-09-08 08:32
KB0006637,P-005384,KH-ATL-01,Atlanta,2026-07-15,walk-in,completed,2026-07-15 11:55
KB0006390,P-005457,KH-ATL-02,Atlanta,2026-07-11,walk-in,completed,2026-07-11 17:30
KB0010368,P-002420,KH-PHX-03,Phoenix,2026-09-11,walk-in,completed,2026-09-11 08:17
KB0007095,P-004560,KH-CHI-03,Chicago,2026-07-22,online,completed,2026-07-22 11:34
KB0000556,P-001472,KH-PHX-03,Phoenix,2026-04-09,walk-in,completed,2026-04-09 14:20
KB0001982,P-005534,KH-ATL-01,Atlanta,2026-05-02,online,completed,2026-05-02 14:33
KB0004914,P-003164,KH-NYC-03,New York,2026-06-18,walk-in,completed,2026-06-18 12:00
KB0009424,P-000809,KH-DAL-01,Dallas,2026-08-28,at-home,completed,2026-08-28 17:09
KB0008811,P-004034,KH-CHI-02,Chicago,2026-08-18,at-home,completed,2026-08-18 11:33
KB0005286,P-003597,KH-NYC-02,New York,2026-06-24,walk-in,completed,2026-06-24 13:01
KB0001426,P-002783,KH-NYC-03,New York,2026-04-23,walk-in,completed,2026-04-23 12:08
KB0004354,P-004823,KH-CHI-03,Chicago,2026-06-09,online,completed,2026-06-09 12:54
KB0001110,P-000309,KH-DAL-02,Dallas,2026-04-18,online,completed,2026-04-18 10:58
KB0008212,P-002537,KH-NYC-03,New York,2026-08-09,walk-in,completed,2026-08-09 08:11
KB0000885,P-005020,KH-ATL-03,Atlanta,2026-04-14,online,cancelled,2026-04-14 08:55
KB0000702,P-003463,KH-NYC-01,New York,2026-04-11,at-home,completed,2026-04-11 13:54
KB0005867,P-004112,KH-CHI-02,Chicago,2026-07-03,walk-in,completed,2026-07-03 16:49
KB0008083,P-002242,KH-PHX-03,Phoenix,2026-08-07,walk-in,completed,2026-08-07 11:16
KB0004353,P-004252,KH-CHI-01,Chicago,2026-06-09,phone,completed,2026-06-09 18:53
KB0007075,P-001918,KH-PHX-02,Phoenix,2026-07-22,online,completed,2026-07-22 12:03
KB0001225,P-000215,KH-DAL-03,Dallas,2026-04-20,online,completed,2026-04-20 08:07
KB0008453,P-000828,KH-DAL-02,Dallas,2026-08-13,online,completed,2026-08-13 15:09
KB0010394,P-005637,KH-ATL-03,Atlanta,2026-09-11,phone,completed,2026-09-11 12:36
KB0007310,P-005666,KH-ATL-02,Atlanta,2026-07-25,walk-in,completed,2026-07-25 10:04
KB0005063,P-005610,KH-ATL-02,Atlanta,2026-06-20,online,completed,2026-06-20 10:22
KB0010392,P-005413,KH-ATL-02,Atlanta,2026-09-11,walk-in,completed,2026-09-11 09:12
KB0007065,P-002445,KH-PHX-02,Phoenix,2026-07-22,online,completed,2026-07-22 15:53
KB0000065,P-005944,KH-PHI-02,Philadelphia,2026-04-01,phone,completed,2026-04-01 18:37
KB0006661,P-000004,KH-DAL-03,Dallas,2026-07-16,walk-in,completed,2026-07-16 08:48
KB0000199,P-004048,KH-CHI-03,Chicago,2026-04-03,walk-in,completed,2026-04-03 16:38
KB0010201,P-006410,KH-PHI-01,Philadelphia,2026-09-08,walk-in,completed,2026-09-08 18:36
KB0004622,P-004798,KH-CHI-02,Chicago,2026-06-13,online,completed,2026-06-13 11:39
KB0006593,P-000499,KH-DAL-02,Dallas,2026-07-15,phone,completed,2026-07-15 14:51
KB0003635,P-000185,KH-DAL-02,Dallas,2026-05-29,online,completed,2026-05-29 12:38
KB0010560,P-001448,KH-PHX-03,Phoenix,2026-09-14,phone,completed,2026-09-14 12:23
KB0006263,P-005750,KH-ATL-02,Atlanta,2026-07-09,at-home,completed,2026-07-09 17:44
KB0010950,P-000771,KH-DAL-01,Dallas,2026-09-20,walk-in,completed,2026-09-20 16:11
KB0000957,P-005875,KH-PHI-03,Philadelphia,2026-04-15,phone,completed,2026-04-15 15:11
KB0007225,P-003925,KH-NYC-02,New York,2026-07-24,walk-in,completed,2026-07-24 13:55
KB0006844,P-005519,KH-ATL-02,Atlanta,2026-07-18,walk-in,completed,2026-07-18 17:40
KB0002568,P-000709,KH-DAL-03,Dallas,2026-05-12,online,completed,2026-05-12 13:44
KB0010010,P-005734,KH-ATL-02,Atlanta,2026-09-05,walk-in,completed,2026-09-05 17:55
KB0000174,P-001388,KH-PHX-02,Phoenix,2026-04-03,phone,completed,2026-04-03 10:34
KB0009857,P-004957,KH-ATL-01,Atlanta,2026-09-03,at-home,completed,2026-09-03 10:38
KB0004653,P-000143,KH-DAL-03,Dallas,2026-06-14,online,completed,2026-06-14 11:18
KB0009715,P-003536,KH-NYC-01,New York,2026-09-01,online,completed,2026-09-01 10:13
KB0005963,P-001330,KH-PHX-02,Phoenix,2026-07-05,walk-in,completed,2026-07-05 10:41
KB0006380,P-002478,KH-NYC-03,New York,2026-07-11,at-home,completed,2026-07-11 18:02
KB0001066,P-001652,KH-PHX-03,Phoenix,2026-04-17,online,completed,2026-04-17 14:18
KB0008387,P-000856,KH-DAL-03,Dallas,2026-08-12,walk-in,completed,2026-08-12 16:57
KB0009319,P-002769,KH-NYC-01,New York,2026-08-26,at-home,cancelled,2026-08-26 13:30
KB0005804,P-004158,KH-CHI-01,Chicago,2026-07-02,online,completed,2026-07-02 19:32
KB0010148,P-000695,KH-DAL-03,Dallas,2026-09-08,at-home,completed,2026-09-08 15:07
KB0009765,P-002166,KH-PHX-01,Phoenix,2026-09-02,phone,completed,2026-09-02 13:22
KB0004203,P-001295,KH-PHX-02,Phoenix,2026-06-07,walk-in,completed,2026-06-07 15:41
KB0004656,P-001645,KH-PHX-02,Phoenix,2026-06-14,online,completed,2026-06-14 19:22
KB0002495,P-006138,KH-PHI-02,Philadelphia,2026-05-10,phone,completed,2026-05-10 12:49
KB0000792,P-002253,KH-PHX-01,Phoenix,2026-04-13,walk-in,completed,2026-04-13 10:24
KB0008609,P-001830,KH-PHX-01,Phoenix,2026-08-15,walk-in,completed,2026-08-15 11:41
KB0000603,P-001245,KH-DAL-01,Dallas,2026-04-10,online,completed,2026-04-10 15:09
KB0007062,P-000297,KH-DAL-01,Dallas,2026-07-22,at-home,completed,2026-07-22 14:05
KB0008041,P-005144,KH-ATL-02,Atlanta,2026-08-06,walk-in,completed,2026-08-06 13:32
KB0002469,P-001545,KH-PHX-01,Phoenix,2026-05-10,online,completed,2026-05-10 17:17
KB0006896,P-004689,KH-CHI-03,Chicago,2026-07-19,phone,completed,2026-07-19 13:45
KB0007331,P-000620,KH-DAL-01,Dallas,2026-07-26,online,completed,2026-07-26 16:02
KB0005961,P-002024,KH-PHX-03,Phoenix,2026-07-05,online,completed,2026-07-05 16:04
KB0001809,P-000161,KH-DAL-02,Dallas,2026-04-30,online,completed,2026-04-30 17:06
KB0009833,P-001996,KH-PHX-01,Phoenix,2026-09-03,walk-in,completed,2026-09-03 12:58
KB0002798,P-004829,KH-CHI-01,Chicago,2026-05-15,walk-in,completed,2026-05-15 08:09
KB0007376,P-000210,KH-DAL-02,Dallas,2026-07-27,walk-in,completed,2026-07-27 10:44
KB0001176,P-002415,KH-PHX-02,Phoenix,2026-04-19,phone,completed,2026-04-19 15:37
KB0011447,P-002236,KH-PHX-03,Phoenix,2026-09-27,at-home,completed,2026-09-27 14:15
KB0002952,P-002431,KH-PHX-03,Phoenix,2026-05-18,phone,completed,2026-05-18 19:31
KB0009096,P-004992,KH-ATL-02,Atlanta,2026-08-22,at-home,completed,2026-08-22 10:46
KB0000208,P-004978,KH-ATL-02,Atlanta,2026-04-03,walk-in,completed,2026-04-03 12:48
KB0000612,P-001713,KH-PHX-03,Phoenix,2026-04-10,walk-in,completed,2026-04-10 08:14
KB0010707,P-005509,KH-ATL-02,Atlanta,2026-09-16,walk-in,completed,2026-09-16 08:00
KB0003651,P-003328,KH-NYC-03,New York,2026-05-29,walk-in,completed,2026-05-29 18:27
KB0005319,P-000580,KH-DAL-01,Dallas,2026-06-25,phone,completed,2026-06-25 09:19
KB0001639,P-001476,KH-PHX-03,Phoenix,2026-04-27,walk-in,completed,2026-04-27 18:58
KB0011511,P-002706,KH-NYC-02,New York,2026-09-28,walk-in,completed,2026-09-28 17:58
KB0002719,P-003760,KH-NYC-02,New York,2026-05-14,walk-in,completed,2026-05-14 18:57
KB0005528,P-001611,KH-PHX-03,Phoenix,2026-06-28,phone,completed,2026-06-28 15:36
KB0005848,P-001878,KH-PHX-02,Phoenix,2026-07-03,online,completed,2026-07-03 11:09
KB0001678,P-006097,KH-PHI-03,Philadelphia,2026-04-27,at-home,completed,2026-04-27 15:17
KB0010571,P-002662,KH-NYC-02,New York,2026-09-14,walk-in,completed,2026-09-14 14:15
KB0008511,P-001104,KH-DAL-02,Dallas,2026-08-14,walk-in,completed,2026-08-14 11:23
KB0006454,P-000311,KH-DAL-01,Dallas,2026-07-13,walk-in,completed,2026-07-13 12:20
KB0000203,P-005641,KH-ATL-02,Atlanta,2026-04-03,online,completed,2026-04-03 09:33
KB0005360,P-003688,KH-NYC-02,New York,2026-06-25,at-home,completed,2026-06-25 15:24
KB0006666,P-000686,KH-DAL-01,Dallas,2026-07-16,walk-in,completed,2026-07-16 18:30
KB0001679,P-006018,KH-PHI-02,Philadelphia,2026-04-27,phone,completed,2026-04-27 11:32
KB0004349,P-004094,KH-CHI-01,Chicago,2026-06-09,online,completed,2026-06-09 17:24
KB0008389,P-001094,KH-DAL-01,Dallas,2026-08-12,walk-in,completed,2026-08-12 17:23
KB0005207,P-000859,KH-DAL-01,Dallas,2026-06-23,walk-in,completed,2026-06-23 16:31
KB0006386,P-004265,KH-CHI-01,Chicago,2026-07-11,,completed,2026-07-11 16:09
KB0000426,P-002396,KH-PHX-02,Phoenix,2026-04-07,at-home,completed,2026-04-07 15:44
KB0006412,P-000584,KH-DAL-02,Dallas,2026-07-12,phone,completed,2026-07-12 16:44
KB0009667,P-005010,KH-ATL-01,Atlanta,2026-08-31,online,completed,2026-08-31 16:48
KB0003673,P-005580,KH-ATL-01,Atlanta,2026-05-29,walk-in,completed,2026-05-29 16:17
KB0003210,P-003593,KH-NYC-03,New York,2026-05-22,walk-in,completed,2026-05-22 18:31
KB0008425,P-004306,KH-CHI-03,Chicago,2026-08-12,online,completed,2026-08-12 15:11
KB0009742,P-005916,KH-PHI-01,Philadelphia,2026-09-01,phone,completed,2026-09-01 17:50
KB0006903,P-005649,KH-ATL-02,Atlanta,2026-07-19,phone,cancelled,2026-07-19 12:24
KB0008043,P-005710,KH-ATL-02,Atlanta,2026-08-06,at-home,completed,2026-08-06 12:12
KB0000562,P-003039,KH-NYC-02,New York,2026-04-09,online,completed,2026-04-09 18:07
KB0009918,P-003517,KH-NYC-02,New York,2026-09-04,walk-in,completed,2026-09-04 15:40
KB0005056,P-004442,KH-CHI-02,Chicago,2026-06-20,walk-in,completed,2026-06-20 16:43
KB0006841,P-005652,KH-ATL-02,Atlanta,2026-07-18,walk-in,completed,2026-07-18 10:45
KB0000923,P-002445,KH-PHX-02,Phoenix,2026-04-15,,completed,2026-04-15 19:29
KB0011171,P-001286,KH-PHX-01,Phoenix,2026-09-23,walk-in,completed,2026-09-23 16:45
KB0008059,P-000386,KH-DAL-01,Dallas,2026-08-07,walk-in,completed,2026-08-07 13:22
KB0002336,P-001575,KH-PHX-01,Phoenix,2026-05-08,walk-in,completed,2026-05-08 10:13
KB0004998,P-005585,KH-ATL-01,Atlanta,2026-06-19,walk-in,completed,2026-06-19 09:33
KB0007054,P-000163,KH-DAL-02,Dallas,2026-07-22,online,completed,2026-07-22 11:35
KB0004029,P-003805,KH-NYC-01,New York,2026-06-04,online,completed,2026-06-04 19:35
KB0010914,P-002730,KH-NYC-03,New York,2026-09-19,walk-in,completed,2026-09-19 18:04
KB0010196,P-005336,KH-ATL-01,Atlanta,2026-09-08,walk-in,completed,2026-09-08 14:37
KB0001775,P-003891,KH-NYC-02,New York,2026-04-29,,completed,2026-04-29 15:00
KB0009028,P-004748,KH-CHI-01,Chicago,2026-08-21,walk-in,completed,2026-08-21 08:32
KB0004295,P-005544,KH-ATL-01,Atlanta,2026-06-08,walk-in,completed,2026-06-08 08:05
KB0006043,P-004887,KH-CHI-03,Chicago,2026-07-06,phone,completed,2026-07-06 13:59
KB0010349,P-000809,KH-DAL-03,Dallas,2026-09-11,at-home,completed,2026-09-11 17:24
KB0008103,P-002924,KH-NYC-02,New York,2026-08-07,at-home,completed,2026-08-07 11:16
KB0005580,P-001105,KH-DAL-02,Dallas,2026-06-29,phone,completed,2026-06-29 18:31
KB0005672,P-004275,KH-CHI-01,Chicago,2026-06-30,walk-in,cancelled,2026-06-30 18:23
KB0008167,P-004536,KH-CHI-01,Chicago,2026-08-08,online,completed,2026-08-08 08:44
KB0007855,P-005882,KH-PHI-01,Philadelphia,2026-08-03,walk-in,completed,2026-08-03 18:18
KB0000125,P-005576,KH-ATL-02,Atlanta,2026-04-02,walk-in,completed,2026-04-02 12:48
KB0010452,P-003484,KH-NYC-03,New York,2026-09-12,online,completed,2026-09-12 08:59
KB0002293,P-004062,KH-CHI-03,Chicago,2026-05-07,walk-in,completed,2026-05-07 08:19
KB0003929,P-006243,KH-PHI-01,Philadelphia,2026-06-02,,completed,2026-06-02 09:29
KB0004679,P-005740,KH-ATL-02,Atlanta,2026-06-14,walk-in,completed,2026-06-14 17:11
KB0010768,P-003713,KH-NYC-03,New York,2026-09-17,phone,completed,2026-09-17 19:12
KB0008920,P-000812,KH-DAL-02,Dallas,2026-08-20,at-home,completed,2026-08-20 18:48
KB0004505,P-001076,KH-DAL-03,Dallas,2026-06-12,walk-in,completed,2026-06-12 16:07
KB0006115,P-004168,KH-CHI-02,Chicago,2026-07-07,walk-in,completed,2026-07-07 14:38
KB0005673,P-004089,KH-CHI-02,Chicago,2026-06-30,online,completed,2026-06-30 11:30
KB0008320,P-000731,KH-DAL-03,Dallas,2026-08-11,walk-in,completed,2026-08-11 10:19
KB0001563,P-004964,KH-ATL-02,Atlanta,2026-04-25,walk-in,completed,2026-04-25 15:37
KB0011301,P-000708,KH-DAL-01,Dallas,2026-09-25,walk-in,completed,2026-09-25 18:04
KB0005376,P-005695,KH-ATL-02,Atlanta,2026-06-25,online,completed,2026-06-25 11:38
KB0008016,P-001902,KH-PHX-02,Phoenix,2026-08-06,phone,completed,2026-08-06 10:59
KB0000335,P-005598,KH-ATL-02,Atlanta,2026-04-05,walk-in,completed,2026-04-05 12:44
KB0008595,P-001523,KH-PHX-03,Phoenix,2026-08-15,at-home,completed,2026-08-15 13:51
KB0002683,P-000296,KH-DAL-01,Dallas,2026-05-14,online,completed,2026-05-14 13:49
KB0010507,P-003800,KH-NYC-03,New York,2026-09-13,phone,completed,2026-09-13 08:41
KB0005657,P-001627,KH-PHX-01,Phoenix,2026-06-30,walk-in,completed,2026-06-30 09:32
KB0011520,P-002607,KH-NYC-01,New York,2026-09-28,online,completed,2026-09-28 12:43
KB0008448,P-000472,KH-DAL-01,Dallas,2026-08-13,at-home,completed,2026-08-13 10:22
KB0009363,P-002193,KH-PHX-01,Phoenix,2026-08-27,walk-in,completed,2026-08-27 12:45
KB0005420,P-003397,KH-NYC-02,New York,2026-06-26,walk-in,completed,2026-06-26 16:56
KB0010824,P-002112,KH-PHX-03,Phoenix,2026-09-18,walk-in,completed,2026-09-18 15:07
KB0007751,P-000687,KH-DAL-03,Dallas,2026-08-02,phone,completed,2026-08-02 09:12
KB0000738,P-001881,KH-PHX-01,Phoenix,2026-04-12,online,completed,2026-04-12 18:37
KB0005531,P-002242,KH-PHX-02,Phoenix,2026-06-28,walk-in,completed,2026-06-28 14:29
KB0003067,P-000517,KH-DAL-01,Dallas,2026-05-20,walk-in,completed,2026-05-20 14:32
KB0005446,P-005851,KH-PHI-03,Philadelphia,2026-06-26,phone,completed,2026-06-26 12:35
KB0003340,P-004707,KH-CHI-03,Chicago,2026-05-24,walk-in,completed,2026-05-24 10:56
KB0008672,P-003439,KH-NYC-01,New York,2026-08-16,at-home,completed,2026-08-16 15:56
KB0007711,P-003010,KH-NYC-03,New York,2026-08-01,,completed,2026-08-01 09:59
KB0000892,P-006365,KH-PHI-03,Philadelphia,2026-04-14,walk-in,completed,2026-04-14 16:41
KB0010437,P-002415,KH-PHX-01,Phoenix,2026-09-12,online,completed,2026-09-12 19:15
KB0001212,P-000182,KH-DAL-01,Dallas,2026-04-20,phone,completed,2026-04-20 16:47
KB0003357,P-006557,KH-PHI-02,Philadelphia,2026-05-24,phone,completed,2026-05-24 19:34
KB0002193,P-005761,KH-PHI-02,Philadelphia,2026-05-05,walk-in,completed,2026-05-05 15:09
KB0000277,P-005171,KH-ATL-01,Atlanta,2026-04-04,walk-in,completed,2026-04-04 17:19
KB0001849,P-004000,KH-CHI-02,Chicago,2026-04-30,online,completed,2026-04-30 19:58
KB0000958,P-006688,KH-PHI-03,Philadelphia,2026-04-15,at-home,completed,2026-04-15 12:44
KB0011584,P-003324,KH-NYC-03,New York,2026-09-29,walk-in,completed,2026-09-29 10:53
KB0006256,P-004623,KH-CHI-02,Chicago,2026-07-09,walk-in,completed,2026-07-09 08:57
KB0002307,P-005712,KH-ATL-02,Atlanta,2026-05-07,online,completed,2026-05-07 19:19
KB0003921,P-005615,KH-ATL-02,Atlanta,2026-06-02,walk-in,completed,2026-06-02 09:37
KB0002980,P-004466,KH-CHI-01,Chicago,2026-05-18,phone,completed,2026-05-18 08:42
KB0003625,P-000073,KH-DAL-02,Dallas,2026-05-29,online,completed,2026-05-29 17:05
KB0006435,P-004183,KH-CHI-02,Chicago,2026-07-12,walk-in,completed,2026-07-12 09:32
KB0008501,P-005496,KH-ATL-02,Atlanta,2026-08-13,online,completed,2026-08-13 16:46
KB0010889,P-001142,KH-DAL-03,Dallas,2026-09-19,online,completed,2026-09-19 19:35
KB0005983,P-005119,KH-ATL-02,Atlanta,2026-07-05,at-home,completed,2026-07-05 09:01
KB0001310,P-004497,KH-CHI-02,Chicago,2026-04-21,walk-in,cancelled,2026-04-21 19:36
KB0003027,P-003692,KH-NYC-01,New York,2026-05-19,walk-in,completed,2026-05-19 12:15
KB0010662,P-001008,KH-DAL-01,Dallas,2026-09-16,walk-in,completed,2026-09-16 18:12
KB0006697,P-003225,KH-NYC-03,New York,2026-07-16,walk-in,completed,2026-07-16 13:51
KB0001122,P-002106,KH-PHX-02,Phoenix,2026-04-18,walk-in,completed,2026-04-18 12:35
KB0010015,P-006235,KH-PHI-02,Philadelphia,2026-09-05,at-home,completed,2026-09-05 13:00
KB0004005,P-001148,KH-DAL-02,Dallas,2026-06-04,online,completed,2026-06-04 14:37
KB0008692,P-006158,KH-PHI-01,Philadelphia,2026-08-16,phone,completed,2026-08-16 09:39
KB0008867,P-001611,KH-PHX-02,Phoenix,2026-08-19,online,completed,2026-08-19 18:37
KB0003421,P-000129,KH-DAL-02,Dallas,2026-05-26,phone,completed,2026-05-26 19:06
KB0004850,P-001626,KH-PHX-02,Phoenix,2026-06-17,walk-in,completed,2026-06-17 09:45
KB0005660,P-003547,KH-NYC-01,New York,2026-06-30,online,completed,2026-06-30 08:15
KB0002652,P-002713,KH-NYC-03,New York,2026-05-13,walk-in,completed,2026-05-13 18:42
KB0002867,P-004378,KH-CHI-03,Chicago,2026-05-16,walk-in,completed,2026-05-16 13:05
KB0006327,P-005054,KH-ATL-02,Atlanta,2026-07-10,online,completed,2026-07-10 18:39
KB0007272,P-002017,KH-PHX-03,Phoenix,2026-07-25,walk-in,completed,2026-07-25 19:43
KB0003134,P-001488,KH-PHX-02,Phoenix,2026-05-21,phone,completed,2026-05-21 10:43
KB0005298,P-004947,KH-CHI-01,Chicago,2026-06-24,walk-in,completed,2026-06-24 12:12
KB0005467,P-001829,KH-PHX-02,Phoenix,2026-06-27,online,completed,2026-06-27 11:31
KB0005188,P-005569,KH-ATL-02,Atlanta,2026-06-22,online,completed,2026-06-22 08:31
KB0010636,P-003007,KH-NYC-02,New York,2026-09-15,phone,completed,2026-09-15 17:40
KB0003090,P-003527,KH-NYC-02,New York,2026-05-20,online,completed,2026-05-20 08:34
KB0005803,P-004596,KH-CHI-03,Chicago,2026-07-02,walk-in,completed,2026-07-02 11:35
KB0004672,P-004429,KH-CHI-03,Chicago,2026-06-14,walk-in,completed,2026-06-14 19:37
KB0006044,P-003990,KH-CHI-01,Chicago,2026-07-06,at-home,completed,2026-07-06 19:03
KB0002996,P-006553,KH-PHI-02,Philadelphia,2026-05-18,online,completed,2026-05-18 11:00
KB0006415,P-001692,KH-PHX-02,Phoenix,2026-07-12,walk-in,completed,2026-07-12 08:43
KB0001223,P-000778,KH-DAL-01,Dallas,2026-04-20,walk-in,completed,2026-04-20 08:41
KB0002319,P-006064,KH-PHI-02,Philadelphia,2026-05-07,phone,completed,2026-05-07 09:37
KB0002661,P-004560,KH-CHI-02,Chicago,2026-05-13,at-home,completed,2026-05-13 12:40
KB0000324,P-004721,KH-CHI-01,Chicago,2026-04-05,walk-in,completed,2026-04-05 16:36
KB0009603,P-005715,KH-ATL-01,Atlanta,2026-08-30,at-home,completed,2026-08-30 10:11
KB0002612,P-005723,KH-ATL-02,Atlanta,2026-05-12,walk-in,completed,2026-05-12 18:37
KB0001490,P-002976,KH-NYC-01,New York,2026-04-24,walk-in,completed,2026-04-24 12:50
KB0001300,P-003533,KH-NYC-02,New York,2026-04-21,walk-in,completed,2026-04-21 10:10
KB0001905,P-004112,KH-CHI-03,Chicago,2026-05-01,online,completed,2026-05-01 12:26
KB0007752,P-001135,KH-DAL-02,Dallas,2026-08-02,at-home,completed,2026-08-02 18:42
KB0009843,P-003442,KH-NYC-01,New York,2026-09-03,walk-in,completed,2026-09-03 18:52
KB0002432,P-005750,KH-ATL-02,Atlanta,2026-05-09,online,cancelled,2026-05-09 10:55
KB0001259,P-004982,KH-ATL-01,Atlanta,2026-04-20,walk-in,completed,2026-04-20 14:41
KB0001999,P-006142,KH-PHI-03,Philadelphia,2026-05-02,online,completed,2026-05-02 18:06
KB0003349,P-005249,KH-ATL-02,Atlanta,2026-05-24,online,completed,2026-05-24 12:53
KB0010814,P-002228,KH-PHX-01,Phoenix,2026-09-18,online,completed,2026-09-18 09:33
KB0010485,P-000995,KH-DAL-02,Dallas,2026-09-13,phone,completed,2026-09-13 11:36
KB0006512,P-006246,KH-PHI-02,Philadelphia,2026-07-13,online,completed,2026-07-13 08:06
KB0007715,P-003165,KH-NYC-01,New York,2026-08-01,phone,cancelled,2026-08-01 11:46
KB0008727,P-003214,KH-NYC-03,New York,2026-08-17,walk-in,completed,2026-08-17 14:47
KB0006549,P-003386,KH-NYC-01,New York,2026-07-14,walk-in,completed,2026-07-14 08:45
KB0005818,P-006391,KH-PHI-01,Philadelphia,2026-07-02,online,completed,2026-07-02 11:31
KB0007232,P-004221,KH-CHI-03,Chicago,2026-07-24,online,completed,2026-07-24 19:59
KB0006269,P-006651,KH-PHI-03,Philadelphia,2026-07-09,phone,completed,2026-07-09 09:35
KB0004142,P-001096,KH-DAL-02,Dallas,2026-06-06,phone,completed,2026-06-06 08:21
KB0009128,P-002206,KH-PHX-02,Phoenix,2026-08-23,online,completed,2026-08-23 08:53
KB0005654,P-001799,KH-PHX-03,Phoenix,2026-06-30,online,completed,2026-06-30 17:56
KB0009569,P-001847,KH-PHX-01,Phoenix,2026-08-30,at-home,completed,2026-08-30 15:45
KB0010076,P-000339,KH-DAL-02,Dallas,2026-09-07,at-home,completed,2026-09-07 10:17
KB0003477,P-006086,KH-PHI-02,Philadelphia,2026-05-26,walk-in,completed,2026-05-26 17:59
KB0000272,P-004251,KH-CHI-02,Chicago,2026-04-04,walk-in,completed,2026-04-04 14:09
KB0004304,P-000677,KH-DAL-01,Dallas,2026-06-09,online,completed,2026-06-09 17:00
KB0010523,P-004994,KH-ATL-02,Atlanta,2026-09-13,online,completed,2026-09-13 10:13
KB0006303,P-002728,KH-NYC-02,New York,2026-07-10,at-home,cancelled,2026-07-10 09:38
KB0001634,P-002050,KH-PHX-03,Phoenix,2026-04-27,online,completed,2026-04-27 15:13
KB0007833,P-003510,KH-NYC-02,New York,2026-08-03,walk-in,completed,2026-08-03 19:02
KB0000160,P-000885,KH-DAL-01,Dallas,2026-04-03,at-home,completed,2026-04-03 10:40
KB0005183,P-004965,KH-ATL-02,Atlanta,2026-06-22,walk-in,completed,2026-06-22 19:13
KB0009296,P-000170,KH-DAL-02,Dallas,2026-08-26,walk-in,completed,2026-08-26 09:19
KB0004675,P-005409,KH-ATL-02,Atlanta,2026-06-14,online,completed,2026-06-14 10:07
KB0008545,P-003237,KH-NYC-02,New York,2026-08-14,online,cancelled,2026-08-14 16:09
KB0010666,P-000476,KH-DAL-01,Dallas,2026-09-16,phone,completed,2026-09-16 16:08
KB0000187,P-002734,KH-NYC-02,New York,2026-04-03,walk-in,completed,2026-04-03 17:14
KB0003039,P-004678,KH-CHI-02,Chicago,2026-05-19,walk-in,completed,2026-05-19 13:46
KB0004104,P-002875,KH-NYC-03,New York,2026-06-05,online,completed,2026-06-05 09:12
KB0011649,P-002017,KH-PHX-03,Phoenix,2026-09-30,walk-in,completed,2026-09-30 16:29
KB0000673,P-001075,KH-DAL-01,Dallas,2026-04-11,walk-in,cancelled,2026-04-11 08:15
KB0008376,P-005905,KH-PHI-03,Philadelphia,2026-08-11,phone,completed,2026-08-11 11:00
KB0009095,P-003993,KH-CHI-03,Chicago,2026-08-22,walk-in,completed,2026-08-22 09:21
KB0000955,P-005231,KH-ATL-02,Atlanta,2026-04-15,online,completed,2026-04-15 12:31
KB0004103,P-003842,KH-NYC-02,New York,2026-06-05,walk-in,completed,2026-06-05 08:30
KB0000744,P-001672,KH-PHX-02,Phoenix,2026-04-12,phone,completed,2026-04-12 09:54
KB0007601,P-004662,KH-CHI-02,Chicago,2026-07-30,walk-in,completed,2026-07-30 18:01
KB0002733,P-005645,KH-ATL-02,Atlanta,2026-05-14,online,completed,2026-05-14 13:09
KB0000383,P-004943,KH-CHI-02,Chicago,2026-04-06,walk-in,completed,2026-04-06 14:41
KB0000428,P-002261,KH-PHX-01,Phoenix,2026-04-07,walk-in,completed,2026-04-07 19:52
KB0008846,P-000808,KH-DAL-03,Dallas,2026-08-19,online,completed,2026-08-19 14:10
KB0006992,P-000552,KH-DAL-03,Dallas,2026-07-21,at-home,completed,2026-07-21 12:23
KB0001482,P-002400,KH-PHX-03,Phoenix,2026-04-24,walk-in,completed,2026-04-24 10:40
KB0005034,P-001580,KH-PHX-02,Phoenix,2026-06-20,phone,cancelled,2026-06-20 10:15
KB0007506,P-002398,KH-PHX-03,Phoenix,2026-07-29,online,completed,2026-07-29 16:17
KB0001450,P-006050,KH-PHI-02,Philadelphia,2026-04-23,walk-in,completed,2026-04-23 13:50
KB0000172,P-001771,KH-PHX-03,Phoenix,2026-04-03,online,completed,2026-04-03 09:22
KB0008808,P-004341,KH-CHI-03,Chicago,2026-08-18,online,completed,2026-08-18 14:15
KB0008092,P-002629,KH-NYC-03,New York,2026-08-07,walk-in,completed,2026-08-07 10:14
KB0005211,P-001462,KH-PHX-01,Phoenix,2026-06-23,walk-in,cancelled,2026-06-23 10:37
KB0007734,P-005063,KH-ATL-02,Atlanta,2026-08-01,phone,completed,2026-08-01 19:43
KB0005009,P-006590,KH-PHI-01,Philadelphia,2026-06-19,at-home,completed,2026-06-19 14:25
KB0005835,P-000787,KH-DAL-01,Dallas,2026-07-03,online,completed,2026-07-03 11:31
KB0009825,P-000155,KH-DAL-03,Dallas,2026-09-03,walk-in,completed,2026-09-03 12:12
KB0008911,P-000351,KH-DAL-03,Dallas,2026-08-20,phone,completed,2026-08-20 11:33
KB0001661,P-005469,KH-ATL-01,Atlanta,2026-04-27,at-home,completed,2026-04-27 12:30
KB0009804,P-006138,KH-PHI-02,Philadelphia,2026-09-02,phone,completed,2026-09-02 15:50
KB0003537,P-005607,KH-ATL-02,Atlanta,2026-05-27,walk-in,completed,2026-05-27 08:43
KB0006789,P-005919,KH-PHI-01,Philadelphia,2026-07-17,walk-in,completed,2026-07-17 09:26
KB0005690,P-006230,KH-PHI-02,Philadelphia,2026-06-30,walk-in,completed,2026-06-30 10:20
KB0010503,P-001458,KH-PHX-02,Phoenix,2026-09-13,phone,completed,2026-09-13 14:55
KB0009214,P-005898,KH-PHI-02,Philadelphia,2026-08-24,walk-in,completed,2026-08-24 08:09
KB0009024,P-002943,KH-NYC-02,New York,2026-08-21,at-home,completed,2026-08-21 08:26
KB0009333,P-005171,KH-ATL-02,Atlanta,2026-08-26,walk-in,completed,2026-08-26 19:48
KB0011230,P-001352,KH-PHX-03,Phoenix,2026-09-24,at-home,completed,2026-09-24 18:49
KB0001751,P-001188,KH-DAL-02,Dallas,2026-04-29,phone,completed,2026-04-29 11:19
KB0011635,P-000556,KH-DAL-01,Dallas,2026-09-30,walk-in,completed,2026-09-30 09:25
KB0001733,P-005155,KH-ATL-01,Atlanta,2026-04-28,online,completed,2026-04-28 09:10
KB0011630,P-000006,KH-DAL-01,Dallas,2026-09-30,walk-in,completed,2026-09-30 11:37
KB0008596,P-001414,KH-PHX-03,Phoenix,2026-08-15,at-home,completed,2026-08-15 14:21
KB0007283,P-001580,KH-PHX-03,Phoenix,2026-07-25,walk-in,completed,2026-07-25 15:49
KB0005973,P-003308,KH-NYC-01,New York,2026-07-05,online,completed,2026-07-05 11:07
KB0006259,P-005665,KH-ATL-02,Atlanta,2026-07-09,walk-in,completed,2026-07-09 11:04
KB0002353,P-003164,KH-NYC-02,New York,2026-05-08,online,cancelled,2026-05-08 12:10
KB0002471,P-001428,KH-PHX-03,Phoenix,2026-05-10,walk-in,completed,2026-05-10 14:47
KB0008685,P-005298,KH-ATL-02,Atlanta,2026-08-16,at-home,completed,2026-08-16 19:06
KB0000338,P-005876,KH-PHI-01,Philadelphia,2026-04-05,online,completed,2026-04-05 09:21
KB0001851,P-004115,KH-CHI-02,Chicago,2026-04-30,walk-in,completed,2026-04-30 15:07
KB0005529,P-002114,KH-PHX-02,Phoenix,2026-06-28,online,completed,2026-06-28 13:52
KB0001629,P-000899,KH-DAL-02,Dallas,2026-04-27,walk-in,completed,2026-04-27 18:46
KB0004775,P-001751,KH-PHX-02,Phoenix,2026-06-16,online,completed,2026-06-16 08:57
KB0003169,P-004979,KH-ATL-02,Atlanta,2026-05-21,phone,completed,2026-05-21 15:55
KB0000176,P-001805,KH-PHX-01,Phoenix,2026-04-03,online,completed,2026-04-03 15:36
KB0006507,P-005903,KH-PHI-03,Philadelphia,2026-07-13,walk-in,completed,2026-07-13 15:16
KB0006808,P-000935,KH-DAL-03,Dallas,2026-07-18,online,completed,2026-07-18 10:14
KB0011453,P-001860,KH-PHX-01,Phoenix,2026-09-27,walk-in,completed,2026-09-27 18:46
KB0008556,P-004575,KH-CHI-03,Chicago,2026-08-14,online,completed,2026-08-14 16:54
KB0000628,P-003772,KH-NYC-02,New York,2026-04-10,online,completed,2026-04-10 17:27
KB0000782,P-000544,KH-DAL-01,Dallas,2026-04-13,walk-in,cancelled,2026-04-13 19:46
KB0005029,P-001154,KH-DAL-01,Dallas,2026-06-20,online,completed,2026-06-20 11:22
KB0011674,P-002548,KH-NYC-03,New York,2026-09-30,online,completed,2026-09-30 11:14
KB0008480,P-003517,KH-NYC-02,New York,2026-08-13,at-home,completed,2026-08-13 16:08
KB0000422,P-001626,KH-PHX-03,Phoenix,2026-04-07,walk-in,completed,2026-04-07 17:39
KB0006936,P-001605,KH-PHX-02,Phoenix,2026-07-20,online,completed,2026-07-20 18:16
KB0000107,P-003897,KH-NYC-01,New York,2026-04-02,online,completed,2026-04-02 19:54
KB0001597,P-003503,KH-NYC-01,New York,2026-04-26,online,completed,2026-04-26 08:46
KB0009049,P-006496,KH-PHI-01,Philadelphia,2026-08-21,walk-in,completed,2026-08-21 11:38
KB0005483,P-002607,KH-NYC-02,New York,2026-06-27,phone,completed,2026-06-27 10:36
KB0003123,P-000340,KH-DAL-03,Dallas,2026-05-21,walk-in,cancelled,2026-05-21 18:24
KB0010053,P-004545,KH-CHI-02,Chicago,2026-09-06,online,completed,2026-09-06 11:17
KB0009731,P-005244,KH-ATL-02,Atlanta,2026-09-01,online,completed,2026-09-01 19:22
KB0004294,P-005339,KH-ATL-02,Atlanta,2026-06-08,walk-in,completed,2026-06-08 18:39
KB0003152,P-002586,KH-NYC-03,New York,2026-05-21,walk-in,completed,2026-05-21 08:19
KB0000693,P-002668,KH-NYC-03,New York,2026-04-11,walk-in,completed,2026-04-11 17:27
KB0005501,P-005163,KH-ATL-02,Atlanta,2026-06-27,walk-in,completed,2026-06-27 18:58
KB0009659,P-005569,KH-ATL-02,Atlanta,2026-08-31,at-home,completed,2026-08-31 08:23
KB0010275,P-000933,KH-DAL-03,Dallas,2026-09-10,walk-in,cancelled,2026-09-10 19:18
KB0009472,P-005081,KH-ATL-02,Atlanta,2026-08-28,online,completed,2026-08-28 15:51
KB0005079,P-006491,KH-PHI-03,Philadelphia,2026-06-20,walk-in,completed,2026-06-20 12:48
KB0008999,P-000985,KH-DAL-02,Dallas,2026-08-21,online,completed,2026-08-21 09:43
KB0011236,P-001663,KH-PHX-03,Phoenix,2026-09-24,phone,cancelled,2026-09-24 19:09
KB0011484,P-000722,KH-DAL-02,Dallas,2026-09-28,online,completed,2026-09-28 16:37
KB0009164,P-000936,KH-DAL-03,Dallas,2026-08-24,walk-in,completed,2026-08-24 17:57
KB0000127,P-005501,KH-ATL-02,Atlanta,2026-04-02,online,completed,2026-04-02 10:18
KB0007669,P-006503,KH-PHI-02,Philadelphia,2026-07-31,online,completed,2026-07-31 09:22
KB0005837,P-001718,KH-PHX-03,Phoenix,2026-07-03,online,completed,2026-07-03 16:39
KB0000730,P-000808,KH-DAL-03,Dallas,2026-04-12,walk-in,completed,2026-04-12 19:11
KB0007169,P-004416,KH-CHI-03,Chicago,2026-07-23,phone,completed,2026-07-23 14:01
KB0008047,P-006590,KH-PHI-02,Philadelphia,2026-08-06,walk-in,completed,2026-08-06 12:48
KB0006248,P-004341,KH-CHI-01,Chicago,2026-07-09,online,completed,2026-07-09 19:25
KB0006535,P-001474,KH-PHX-03,Phoenix,2026-07-14,walk-in,completed,2026-07-14 14:32
KB0010545,P-000043,KH-DAL-01,Dallas,2026-09-14,online,completed,2026-09-14 11:28
KB0009796,P-004968,KH-ATL-01,Atlanta,2026-09-02,online,completed,2026-09-02 11:53
KB0003771,P-003928,KH-NYC-02,New York,2026-05-31,walk-in,completed,2026-05-31 09:35
KB0002838,P-001400,KH-PHX-02,Phoenix,2026-05-16,walk-in,completed,2026-05-16 10:43
KB0010481,P-000552,KH-DAL-02,Dallas,2026-09-13,walk-in,completed,2026-09-13 19:32
KB0002416,P-003684,KH-NYC-02,New York,2026-05-09,phone,completed,2026-05-09 17:08
KB0003942,P-000968,KH-DAL-01,Dallas,2026-06-03,walk-in,completed,2026-06-03 16:00
KB0006004,P-000491,KH-DAL-02,Dallas,2026-07-06,walk-in,completed,2026-07-06 15:57
KB0008891,P-005733,KH-ATL-02,Atlanta,2026-08-19,online,completed,2026-08-19 17:26
KB0010659,P-006256,KH-PHI-01,Philadelphia,2026-09-15,walk-in,completed,2026-09-15 17:09
KB0010030,P-001210,KH-DAL-03,Dallas,2026-09-06,walk-in,completed,2026-09-06 17:06
KB0006425,P-002870,KH-NYC-02,New York,2026-07-12,walk-in,completed,2026-07-12 15:17
KB0003546,P-006670,KH-PHI-03,Philadelphia,2026-05-27,online,completed,2026-05-27 13:01
KB0003355,P-005906,KH-PHI-03,Philadelphia,2026-05-24,walk-in,completed,2026-05-24 19:03
KB0004224,P-004147,KH-CHI-02,Chicago,2026-06-07,,completed,2026-06-07 16:29
KB0000052,P-005533,KH-ATL-01,Atlanta,2026-04-01,online,completed,2026-04-01 16:52
KB0003496,P-001875,KH-PHX-01,Phoenix,2026-05-27,phone,completed,2026-05-27 11:56
KB0004057,P-006668,KH-PHI-02,Philadelphia,2026-06-04,online,completed,2026-06-04 12:38
KB0008216,P-002588,KH-NYC-03,New York,2026-08-09,walk-in,completed,2026-08-09 11:28
KB0007854,P-005748,KH-ATL-01,Atlanta,2026-08-03,walk-in,completed,2026-08-03 16:27
KB0002122,P-006415,KH-PHI-03,Philadelphia,2026-05-04,phone,completed,2026-05-04 09:45
KB0000424,P-001418,KH-PHX-01,Phoenix,2026-04-07,online,completed,2026-04-07 12:32
KB0010646,P-005597,KH-ATL-02,Atlanta,2026-09-15,walk-in,completed,2026-09-15 19:16
KB0011196,P-005384,KH-ATL-02,Atlanta,2026-09-23,walk-in,completed,2026-09-23 19:27
KB0001141,P-003867,KH-NYC-03,New York,2026-04-18,phone,completed,2026-04-18 16:36
KB0001786,P-004492,KH-CHI-01,Chicago,2026-04-29,online,completed,2026-04-29 15:16
KB0003001,P-000523,KH-DAL-03,Dallas,2026-05-19,walk-in,completed,2026-05-19 09:07
KB0007787,P-005725,KH-ATL-01,Atlanta,2026-08-02,walk-in,completed,2026-08-02 13:46
KB0000563,P-003188,KH-NYC-03,New York,2026-04-09,online,completed,2026-04-09 18:58
KB0006107,P-002933,KH-NYC-02,New York,2026-07-07,at-home,completed,2026-07-07 13:43
KB0010165,P-001588,KH-PHX-01,Phoenix,2026-09-08,walk-in,completed,2026-09-08 12:56
KB0000295,P-006543,KH-PHI-01,Philadelphia,2026-04-04,at-home,completed,2026-04-04 18:12
KB0007526,P-002762,KH-NYC-03,New York,2026-07-29,walk-in,completed,2026-07-29 08:35
KB0006685,P-002469,KH-NYC-03,New York,2026-07-16,at-home,completed,2026-07-16 15:58
KB0001807,P-000011,KH-DAL-01,Dallas,2026-04-30,online,completed,2026-04-30 17:10
KB0001273,P-001247,KH-DAL-01,Dallas,2026-04-21,at-home,completed,2026-04-21 09:40
KB0000544,P-000826,KH-DAL-03,Dallas,2026-04-09,online,completed,2026-04-09 16:53
KB0000621,P-002398,KH-PHX-01,Phoenix,2026-04-10,walk-in,completed,2026-04-10 16:28
KB0003371,P-001365,KH-PHX-02,Phoenix,2026-05-25,walk-in,completed,2026-05-25 14:29
KB0010686,P-002789,KH-NYC-01,New York,2026-09-16,walk-in,completed,2026-09-16 17:38
KB0001960,P-003901,KH-NYC-03,New York,2026-05-02,walk-in,completed,2026-05-02 18:18
KB0008728,P-003235,KH-NYC-03,New York,2026-08-17,online,completed,2026-08-17 16:45
KB0008603,P-002211,KH-PHX-03,Phoenix,2026-08-15,at-home,completed,2026-08-15 18:08
KB0005951,P-006343,KH-PHI-03,Philadelphia,2026-07-04,walk-in,completed,2026-07-04 10:25
KB0010672,P-001075,KH-DAL-01,Dallas,2026-09-16,at-home,completed,2026-09-16 10:36
KB0005268,P-000783,KH-DAL-02,Dallas,2026-06-24,at-home,completed,2026-06-24 17:44
KB0004166,P-002982,KH-NYC-01,New York,2026-06-06,walk-in,cancelled,2026-06-06 14:06
KB0000093,P-001644,KH-PHX-01,Phoenix,2026-04-02,walk-in,completed,2026-04-02 17:13
KB0005459,P-000669,KH-DAL-02,Dallas,2026-06-27,online,completed,2026-06-27 17:08
KB0004636,P-005545,KH-ATL-01,Atlanta,2026-06-13,walk-in,completed,2026-06-13 08:06
KB0009624,P-002039,KH-PHX-02,Phoenix,2026-08-31,walk-in,completed,2026-08-31 16:40
KB0000687,P-001770,KH-PHX-01,Phoenix,2026-04-11,walk-in,completed,2026-04-11 08:40
KB0005493,P-004688,KH-CHI-03,Chicago,2026-06-27,walk-in,completed,2026-06-27 09:24
KB0005624,P-006416,KH-PHI-03,Philadelphia,2026-06-29,,completed,2026-06-29 13:00
KB0005344,P-001790,KH-PHX-03,Phoenix,2026-06-25,online,completed,2026-06-25 18:39
KB0010245,P-002472,KH-NYC-02,New York,2026-09-09,online,completed,2026-09-09 08:35
KB0003059,P-001234,KH-DAL-02,Dallas,2026-05-20,walk-in,completed,2026-05-20 09:35
KB0005523,P-002017,KH-PHX-02,Phoenix,2026-06-28,phone,completed,2026-06-28 09:03
KB0009928,P-004039,KH-CHI-03,Chicago,2026-09-04,walk-in,completed,2026-09-04 10:39
KB0010807,P-000597,KH-DAL-03,Dallas,2026-09-18,online,completed,2026-09-18 15:55
KB0001919,P-006194,KH-PHI-03,Philadelphia,2026-05-01,at-home,cancelled,2026-05-01 16:55
KB0001878,P-000837,KH-DAL-03,Dallas,2026-05-01,phone,completed,2026-05-01 19:58
KB0007012,P-003165,KH-NYC-01,New York,2026-07-21,online,completed,2026-07-21 12:36
KB0003878,P-000834,KH-DAL-01,Dallas,2026-06-02,walk-in,completed,2026-06-02 16:23
KB0007131,P-000749,KH-DAL-01,Dallas,2026-07-23,online,completed,2026-07-23 17:46
KB0011465,P-003758,KH-NYC-01,New York,2026-09-27,walk-in,completed,2026-09-27 15:16
KB0011348,P-005174,KH-ATL-02,Atlanta,2026-09-25,phone,completed,2026-09-25 08:22
KB0009910,P-002035,KH-PHX-02,Phoenix,2026-09-04,online,completed,2026-09-04 08:06
KB0008904,P-006236,KH-PHI-01,Philadelphia,2026-08-19,walk-in,completed,2026-08-19 09:28
KB0000587,P-005010,KH-ATL-01,Atlanta,2026-04-09,walk-in,completed,2026-04-09 18:13
KB0003840,P-004458,KH-CHI-03,Chicago,2026-06-01,walk-in,completed,2026-06-01 11:44
KB0009298,P-000700,KH-DAL-03,Dallas,2026-08-26,walk-in,completed,2026-08-26 08:44
KB0000037,P-003685,KH-NYC-03,New York,2026-04-01,phone,completed,2026-04-01 11:05
KB0004668,P-004678,KH-CHI-03,Chicago,2026-06-14,walk-in,completed,2026-06-14 14:11
KB0010882,P-000844,KH-DAL-02,Dallas,2026-09-19,phone,completed,2026-09-19 11:20
KB0006667,P-000580,KH-DAL-02,Dallas,2026-07-16,walk-in,completed,2026-07-16 17:45
KB0002601,P-002616,KH-NYC-03,New York,2026-05-12,walk-in,completed,2026-05-12 09:31
KB0003602,P-005462,KH-ATL-02,Atlanta,2026-05-28,at-home,completed,2026-05-28 17:03
KB0001654,P-004300,KH-CHI-01,Chicago,2026-04-27,at-home,completed,2026-04-27 19:53
KB0004955,P-001134,KH-DAL-03,Dallas,2026-06-19,online,completed,2026-06-19 13:47
KB0007314,P-006519,KH-PHI-01,Philadelphia,2026-07-25,phone,completed,2026-07-25 08:54
KB0004623,P-004664,KH-CHI-01,Chicago,2026-06-13,walk-in,completed,2026-06-13 09:12
KB0000876,P-004243,KH-CHI-03,Chicago,2026-04-14,walk-in,completed,2026-04-14 17:30
KB0007361,P-005915,KH-PHI-03,Philadelphia,2026-07-26,walk-in,completed,2026-07-26 15:09
KB0003129,P-000270,KH-DAL-03,Dallas,2026-05-21,online,completed,2026-05-21 13:00
KB0007452,P-001681,KH-PHX-02,Phoenix,2026-07-28,walk-in,completed,2026-07-28 14:07
KB0008311,P-006553,KH-PHI-01,Philadelphia,2026-08-10,walk-in,completed,2026-08-10 18:50
KB0002531,P-003905,KH-NYC-02,New York,2026-05-11,online,completed,2026-05-11 14:27
KB0008667,P-001730,KH-PHX-03,Phoenix,2026-08-16,at-home,completed,2026-08-16 17:04
KB0009774,P-003066,KH-NYC-01,New York,2026-09-02,walk-in,completed,2026-09-02 19:37
KB0006875,P-002362,KH-PHX-02,Phoenix,2026-07-19,walk-in,completed,2026-07-19 10:10
KB0011282,P-001185,KH-DAL-03,Dallas,2026-09-25,at-home,completed,2026-09-25 17:51
KB0006969,P-005181,KH-ATL-02,Atlanta,2026-07-20,online,completed,2026-07-20 12:33
KB0005941,P-004279,KH-CHI-03,Chicago,2026-07-04,phone,completed,2026-07-04 10:23
KB0006173,P-003100,KH-NYC-02,New York,2026-07-08,walk-in,completed,2026-07-08 10:49
KB0005254,P-005681,KH-ATL-02,Atlanta,2026-06-23,walk-in,completed,2026-06-23 18:00
KB0006974,P-006300,KH-PHI-02,Philadelphia,2026-07-20,walk-in,completed,2026-07-20 11:42
KB0000960,P-006305,KH-PHI-01,Philadelphia,2026-04-15,phone,completed,2026-04-15 09:02
KB0008014,P-001375,KH-PHX-02,Phoenix,2026-08-06,phone,completed,2026-08-06 15:07
KB0006223,P-002365,KH-PHX-02,Phoenix,2026-07-09,walk-in,completed,2026-07-09 19:51
KB0007957,P-003687,KH-NYC-02,New York,2026-08-05,online,completed,2026-08-05 15:27
KB0004655,P-000946,KH-DAL-01,Dallas,2026-06-14,phone,completed,2026-06-14 14:40
KB0000117,P-004902,KH-CHI-03,Chicago,2026-04-02,online,completed,2026-04-02 17:40
KB0009568,P-001492,KH-PHX-03,Phoenix,2026-08-30,phone,completed,2026-08-30 17:23
KB0002127,P-006181,KH-PHI-01,Philadelphia,2026-05-04,walk-in,completed,2026-05-04 15:10
KB0000384,P-004272,KH-CHI-02,Chicago,2026-04-06,online,completed,2026-04-06 15:39
KB0008473,P-003500,KH-NYC-03,New York,2026-08-13,walk-in,completed,2026-08-13 13:13
KB0003110,P-005698,KH-ATL-01,Atlanta,2026-05-20,online,completed,2026-05-20 12:23
KB0009773,P-003624,KH-NYC-01,New York,2026-09-02,walk-in,completed,2026-09-02 19:16
KB0000984,P-002122,KH-PHX-02,Phoenix,2026-04-16,walk-in,completed,2026-04-16 12:44
KB0001424,P-003165,KH-NYC-02,New York,2026-04-23,phone,completed,2026-04-23 18:19
KB0005089,P-001207,KH-DAL-02,Dallas,2026-06-21,walk-in,completed,2026-06-21 11:38
KB0003652,P-003698,KH-NYC-01,New York,2026-05-29,online,completed,2026-05-29 15:42
KB0004503,P-005961,KH-PHI-02,Philadelphia,2026-06-11,online,completed,2026-06-11 12:19
KB0010911,P-002524,KH-NYC-03,New York,2026-09-19,online,completed,2026-09-19 19:05
KB0000897,P-006659,KH-PHI-03,Philadelphia,2026-04-14,walk-in,completed,2026-04-14 11:05
KB0005513,P-000716,KH-DAL-01,Dallas,2026-06-28,online,completed,2026-06-28 11:18
KB0000699,P-002912,KH-NYC-01,New York,2026-04-11,phone,completed,2026-04-11 09:05
KB0001863,P-006049,KH-PHI-03,Philadelphia,2026-04-30,walk-in,completed,2026-04-30 14:02
KB0007546,P-005599,KH-ATL-02,Atlanta,2026-07-29,online,completed,2026-07-29 11:07
KB0003229,P-005712,KH-ATL-02,Atlanta,2026-05-22,online,completed,2026-05-22 12:02
KB0001293,P-001337,KH-PHX-01,Phoenix,2026-04-21,walk-in,completed,2026-04-21 17:27
KB0000009,P-001082,KH-DAL-01,Dallas,2026-04-01,phone,completed,2026-04-01 16:28
KB0000413,P-001204,KH-DAL-01,Dallas,2026-04-07,online,completed,2026-04-07 15:50
KB0002314,P-005953,KH-PHI-01,Philadelphia,2026-05-07,online,completed,2026-05-07 13:40
KB0005938,P-004417,KH-CHI-01,Chicago,2026-07-04,walk-in,cancelled,2026-07-04 11:22
KB0001757,P-001651,KH-PHX-01,Phoenix,2026-04-29,walk-in,completed,2026-04-29 15:01
KB0007152,P-001751,KH-PHX-02,Phoenix,2026-07-23,walk-in,completed,2026-07-23 11:24
KB0008063,P-000910,KH-DAL-01,Dallas,2026-08-07,online,completed,2026-08-07 13:47
KB0003908,P-004127,KH-CHI-03,Chicago,2026-06-02,walk-in,completed,2026-06-02 08:18
KB0004015,P-000255,KH-DAL-01,Dallas,2026-06-04,phone,completed,2026-06-04 09:14
KB0000387,P-004058,KH-CHI-02,Chicago,2026-04-06,,completed,2026-04-06 12:07
KB0005930,P-002919,KH-NYC-01,New York,2026-07-04,walk-in,completed,2026-07-04 09:33
KB0003474,P-005389,KH-ATL-02,Atlanta,2026-05-26,phone,completed,2026-05-26 13:52
KB0001010,P-004932,KH-CHI-03,Chicago,2026-04-16,walk-in,completed,2026-04-16 16:22
KB0010272,P-000862,KH-DAL-02,Dallas,2026-09-10,walk-in,completed,2026-09-10 16:27
KB0007110,P-005609,KH-ATL-02,Atlanta,2026-07-22,walk-in,completed,2026-07-22 19:02
KB0001222,P-000175,KH-DAL-03,Dallas,2026-04-20,walk-in,completed,2026-04-20 11:20
KB0008209,P-002328,KH-PHX-01,Phoenix,2026-08-09,phone,completed,2026-08-09 14:32
KB0010254,P-004734,KH-CHI-03,Chicago,2026-09-09,walk-in,completed,2026-09-09 10:54
KB0006450,P-000752,KH-DAL-02,Dallas,2026-07-13,at-home,completed,2026-07-13 14:36
KB0000772,P-000478,KH-DAL-03,Dallas,2026-04-13,online,completed,2026-04-13 14:59
KB0010226,P-002113,KH-PHX-01,Phoenix,2026-09-09,online,completed,2026-09-09 16:20
KB0011402,P-002787,KH-NYC-03,New York,2026-09-26,walk-in,completed,2026-09-26 11:53
KB0005114,P-004545,KH-CHI-03,Chicago,2026-06-21,walk-in,completed,2026-06-21 15:34
KB0005876,P-005679,KH-ATL-02,Atlanta,2026-07-03,walk-in,completed,2026-07-03 10:54
KB0008696,P-006565,KH-PHI-02,Philadelphia,2026-08-16,at-home,completed,2026-08-16 12:36
KB0001061,P-001853,KH-PHX-01,Phoenix,2026-04-17,online,completed,2026-04-17 14:27
KB0008314,P-000709,KH-DAL-01,Dallas,2026-08-11,online,completed,2026-08-11 18:50
KB0005596,P-003889,KH-NYC-03,New York,2026-06-29,at-home,completed,2026-06-29 13:47
KB0000798,P-003861,KH-NYC-01,New York,2026-04-13,walk-in,completed,2026-04-13 09:42
KB0009630,P-002001,KH-PHX-02,Phoenix,2026-08-31,walk-in,completed,2026-08-31 18:17
KB0001384,P-005016,KH-ATL-01,Atlanta,2026-04-22,walk-in,completed,2026-04-22 14:57
KB0004541,P-002916,KH-NYC-03,New York,2026-06-12,online,completed,2026-06-12 12:17
KB0000220,P-006115,KH-PHI-02,Philadelphia,2026-04-03,walk-in,completed,2026-04-03 12:22
KB0006888,P-003236,KH-NYC-03,New York,2026-07-19,online,completed,2026-07-19 12:30
KB0010124,P-005025,KH-ATL-02,Atlanta,2026-09-07,walk-in,completed,2026-09-07 17:23
KB0009279,P-005218,KH-ATL-01,Atlanta,2026-08-25,walk-in,completed,2026-08-25 09:08
KB0002626,P-000788,KH-DAL-01,Dallas,2026-05-13,online,completed,2026-05-13 12:23
KB0000309,P-002252,KH-PHX-02,Phoenix,2026-04-05,,completed,2026-04-05 13:59
KB0007352,P-004697,KH-CHI-01,Chicago,2026-07-26,phone,completed,2026-07-26 08:46
KB0003183,P-000517,KH-DAL-02,Dallas,2026-05-22,phone,completed,2026-05-22 14:27
KB0001888,P-001657,KH-PHX-03,Phoenix,2026-05-01,online,completed,2026-05-01 15:37
KB0003226,P-004243,KH-CHI-02,Chicago,2026-05-22,phone,completed,2026-05-22 08:01
KB0005256,P-006280,KH-PHI-03,Philadelphia,2026-06-23,online,completed,2026-06-23 13:14
KB0008233,P-005749,KH-ATL-02,Atlanta,2026-08-09,phone,completed,2026-08-09 11:16
KB0001637,P-002380,KH-PHX-01,Phoenix,2026-04-27,walk-in,completed,2026-04-27 16:15
KB0001940,P-000398,KH-DAL-03,Dallas,2026-05-02,at-home,completed,2026-05-02 08:34
KB0011540,P-005072,KH-ATL-03,Atlanta,2026-09-28,online,completed,2026-09-28 15:18
KB0003130,P-000980,KH-DAL-01,Dallas,2026-05-21,phone,completed,2026-05-21 11:01
KB0010216,P-000606,KH-DAL-03,Dallas,2026-09-09,walk-in,completed,2026-09-09 10:02
KB0010617,P-001692,KH-PHX-03,Phoenix,2026-09-15,walk-in,cancelled,2026-09-15 15:17
KB0005001,P-005550,KH-ATL-02,Atlanta,2026-06-19,phone,completed,2026-06-19 17:18
KB0001998,P-006300,KH-PHI-02,Philadelphia,2026-05-02,online,completed,2026-05-02 17:14
KB0009054,P-000818,KH-DAL-01,Dallas,2026-08-22,walk-in,completed,2026-08-22 09:44
KB0005041,P-001495,KH-PHX-03,Phoenix,2026-06-20,walk-in,completed,2026-06-20 15:50
KB0008829,P-005771,KH-PHI-02,Philadelphia,2026-08-18,walk-in,completed,2026-08-18 18:32
KB0011321,P-003104,KH-NYC-02,New York,2026-09-25,walk-in,completed,2026-09-25 08:17
KB0010382,P-003432,KH-NYC-01,New York,2026-09-11,walk-in,completed,2026-09-11 15:56
KB0003760,P-001971,KH-PHX-01,Phoenix,2026-05-31,walk-in,completed,2026-05-31 12:09
KB0000642,P-004821,KH-CHI-01,Chicago,2026-04-10,online,completed,2026-04-10 11:11
KB0000308,P-002176,KH-PHX-02,Phoenix,2026-04-05,online,completed,2026-04-05 12:56
KB0002213,P-001369,KH-PHX-03,Phoenix,2026-05-06,walk-in,completed,2026-05-06 14:16
KB0008992,P-000906,KH-DAL-03,Dallas,2026-08-21,at-home,completed,2026-08-21 12:44
KB0008759,P-004957,KH-ATL-02,Atlanta,2026-08-17,phone,completed,2026-08-17 11:20
KB0004478,P-003038,KH-NYC-01,New York,2026-06-11,walk-in,completed,2026-06-11 08:43
KB0005543,P-004419,KH-CHI-03,Chicago,2026-06-28,walk-in,completed,2026-06-28 10:24
KB0009331,P-005181,KH-ATL-01,Atlanta,2026-08-26,walk-in,completed,2026-08-26 19:38
KB0006723,P-000635,KH-DAL-02,Dallas,2026-07-17,walk-in,completed,2026-07-17 19:31
KB0004051,P-005018,KH-ATL-02,Atlanta,2026-06-04,online,completed,2026-06-04 17:04
KB0000406,P-006376,KH-PHI-02,Philadelphia,2026-04-06,phone,completed,2026-04-06 17:38
KB0008447,P-000138,KH-DAL-02,Dallas,2026-08-13,walk-in,completed,2026-08-13 09:09
KB0003977,P-003972,KH-CHI-03,Chicago,2026-06-03,phone,completed,2026-06-03 19:02
KB0008280,P-002882,KH-NYC-01,New York,2026-08-10,walk-in,completed,2026-08-10 16:51
KB0005702,P-001138,KH-DAL-02,Dallas,2026-07-01,walk-in,completed,2026-07-01 17:12
KB0003440,P-001726,KH-PHX-02,Phoenix,2026-05-26,walk-in,completed,2026-05-26 15:16
KB0006308,P-003261,KH-NYC-02,New York,2026-07-10,walk-in,completed,2026-07-10 13:31
KB0002618,P-006075,KH-PHI-03,Philadelphia,2026-05-12,phone,completed,2026-05-12 10:10
KB0005545,P-004892,KH-CHI-02,Chicago,2026-06-28,walk-in,completed,2026-06-28 08:28
KB0006627,P-003381,KH-NYC-01,New York,2026-07-15,walk-in,completed,2026-07-15 09:32
KB0010022,P-000038,KH-DAL-03,Dallas,2026-09-06,at-home,completed,2026-09-06 08:38
KB0003818,P-002136,KH-PHX-03,Phoenix,2026-06-01,walk-in,completed,2026-06-01 17:58
KB0005843,P-001723,KH-PHX-01,Phoenix,2026-07-03,phone,completed,2026-07-03 18:59
KB0000465,P-001060,KH-DAL-01,Dallas,2026-04-08,walk-in,completed,2026-04-08 10:38
KB0000922,P-002162,KH-PHX-02,Phoenix,2026-04-15,phone,completed,2026-04-15 19:58
KB0007409,P-005122,KH-ATL-02,Atlanta,2026-07-27,walk-in,completed,2026-07-27 16:11
KB0002396,P-001692,KH-PHX-02,Phoenix,2026-05-09,online,completed,2026-05-09 18:55
KB0011090,P-001262,KH-PHX-01,Phoenix,2026-09-22,walk-in,completed,2026-09-22 16:50
KB0006347,P-000475,KH-DAL-02,Dallas,2026-07-11,walk-in,completed,2026-07-11 10:26
KB0002109,P-004733,KH-CHI-02,Chicago,2026-05-04,phone,completed,2026-05-04 19:48
KB0010607,P-000981,KH-DAL-01,Dallas,2026-09-15,online,completed,2026-09-15 19:38
KB0004416,P-004244,KH-CHI-03,Chicago,2026-06-10,phone,completed,2026-06-10 12:53
KB0003317,P-000793,KH-DAL-02,Dallas,2026-05-24,online,completed,2026-05-24 14:27
KB0004485,P-003987,KH-CHI-03,Chicago,2026-06-11,online,completed,2026-06-11 14:54
KB0002922,P-005273,KH-ATL-02,Atlanta,2026-05-17,walk-in,completed,2026-05-17 19:59
KB0009629,P-001775,KH-PHX-03,Phoenix,2026-08-31,phone,completed,2026-08-31 09:33
KB0002780,P-002159,KH-PHX-03,Phoenix,2026-05-15,walk-in,completed,2026-05-15 13:13
KB0001594,P-002435,KH-PHX-03,Phoenix,2026-04-26,online,completed,2026-04-26 19:25
KB0005330,P-000584,KH-DAL-01,Dallas,2026-06-25,online,completed,2026-06-25 18:32
KB0005782,P-002094,KH-PHX-02,Phoenix,2026-07-02,walk-in,completed,2026-07-02 08:48
KB0006800,P-000071,KH-DAL-03,Dallas,2026-07-18,walk-in,completed,2026-07-18 19:08
KB0008426,P-005645,KH-ATL-02,Atlanta,2026-08-12,walk-in,completed,2026-08-12 15:17
KB0008025,P-003204,KH-NYC-01,New York,2026-08-06,walk-in,completed,2026-08-06 14:37
KB0007714,P-003694,KH-NYC-02,New York,2026-08-01,walk-in,completed,2026-08-01 18:01
KB0002627,P-000263,KH-DAL-01,Dallas,2026-05-13,phone,completed,2026-05-13 08:19
KB0010455,P-002550,KH-NYC-02,New York,2026-09-12,walk-in,completed,2026-09-12 13:52
KB0004981,P-003571,KH-NYC-02,New York,2026-06-19,online,completed,2026-06-19 08:42
KB0008391,P-002434,KH-PHX-03,Phoenix,2026-08-12,at-home,completed,2026-08-12 08:47
KB0009980,P-002211,KH-PHX-02,Phoenix,2026-09-05,walk-in,completed,2026-09-05 08:07
KB0001301,P-003761,KH-NYC-03,New York,2026-04-21,online,completed,2026-04-21 09:06
KB0009023,P-002531,KH-NYC-01,New York,2026-08-21,online,completed,2026-08-21 11:31
KB0005746,P-005079,KH-ATL-01,Atlanta,2026-07-01,online,completed,2026-07-01 14:36
KB0007292,P-002919,KH-NYC-02,New York,2026-07-25,online,completed,2026-07-25 08:15
KB0004955,P-001134,KH-DAL-03,Dallas,2026-06-19,online,completed,2026-06-19 13:47
KB0005139,P-000731,KH-DAL-03,Dallas,2026-06-22,walk-in,completed,2026-06-22 17:31
KB0010595,P-005994,KH-PHI-03,Philadelphia,2026-09-14,at-home,completed,2026-09-14 18:58
KB0007954,P-001949,KH-PHX-02,Phoenix,2026-08-05,online,completed,2026-08-05 09:56
KB0005294,P-003445,KH-NYC-01,New York,2026-06-24,,completed,2026-06-24 10:55
KB0008095,P-002901,KH-NYC-02,New York,2026-08-07,phone,completed,2026-08-07 16:11
KB0001288,P-001826,KH-PHX-03,Phoenix,2026-04-21,walk-in,completed,2026-04-21 18:20
KB0005868,P-004290,KH-CHI-03,Chicago,2026-07-03,walk-in,completed,2026-07-03 08:53
KB0001281,P-000626,KH-DAL-01,Dallas,2026-04-21,walk-in,completed,2026-04-21 13:30
KB0002194,P-006051,KH-PHI-03,Philadelphia,2026-05-05,at-home,completed,2026-05-05 09:50
KB0005907,P-000343,KH-DAL-01,Dallas,2026-07-04,online,completed,2026-07-04 12:26
KB0009129,P-002143,KH-PHX-03,Phoenix,2026-08-23,walk-in,completed,2026-08-23 13:54
KB0011695,P-005134,KH-ATL-01,Atlanta,2026-09-30,walk-in,completed,2026-09-30 13:09
KB0008600,P-001814,KH-PHX-02,Phoenix,2026-08-15,at-home,completed,2026-08-15 18:12
KB0002012,P-000936,KH-DAL-02,Dallas,2026-05-03,walk-in,completed,2026-05-03 08:48
KB0007474,P-005280,KH-ATL-02,Atlanta,2026-07-28,walk-in,completed,2026-07-28 15:54
KB0006946,P-003779,KH-NYC-01,New York,2026-07-20,walk-in,completed,2026-07-20 17:04
KB0007960,P-002654,KH-NYC-02,New York,2026-08-05,walk-in,completed,2026-08-05 21:45
KB0004232,P-005767,KH-PHI-03,Philadelphia,2026-06-07,walk-in,completed,2026-06-07 16:12
KB0007687,P-000328,KH-DAL-01,Dallas,2026-08-01,walk-in,completed,2026-08-01 19:40
KB0001897,P-003288,KH-NYC-01,New York,2026-05-01,walk-in,completed,2026-05-01 09:02
KB0002054,P-005943,KH-PHI-02,Philadelphia,2026-05-03,online,completed,2026-05-03 13:36
KB0010235,P-001332,KH-PHX-02,Phoenix,2026-09-09,online,completed,2026-09-09 13:11
KB0009014,P-001678,KH-PHX-02,Phoenix,2026-08-21,walk-in,completed,2026-08-21 13:56
KB0000600,P-000063,KH-DAL-03,Dallas,2026-04-10,online,completed,2026-04-10 13:40
KB0010162,P-001294,KH-PHX-01,Phoenix,2026-09-08,online,completed,2026-09-08 10:17
KB0008521,P-000602,KH-DAL-03,Dallas,2026-08-14,online,completed,2026-08-14 11:13
KB0008422,P-004475,KH-CHI-01,Chicago,2026-08-12,walk-in,cancelled,2026-08-12 16:56
KB0006271,P-006002,KH-PHI-01,Philadelphia,2026-07-09,online,completed,2026-07-09 14:43
KB0004662,P-002299,KH-PHX-03,Phoenix,2026-06-14,online,completed,2026-06-14 12:28
KB0004148,P-002359,KH-PHX-02,Phoenix,2026-06-06,walk-in,completed,2026-06-06 14:47
KB0008551,P-003183,KH-NYC-01,New York,2026-08-14,walk-in,completed,2026-08-14 10:07
KB0007430,P-000687,KH-DAL-02,Dallas,2026-07-28,walk-in,completed,2026-07-28 17:37
KB0007432,P-000307,KH-DAL-02,Dallas,2026-07-28,at-home,completed,2026-07-28 10:48
KB0005779,P-002369,KH-PHX-02,Phoenix,2026-07-02,walk-in,completed,2026-07-02 10:44
KB0008644,P-005210,KH-ATL-01,Atlanta,2026-08-15,phone,completed,2026-08-15 11:44
KB0001128,P-001870,KH-PHX-03,Phoenix,2026-04-18,walk-in,completed,2026-04-18 10:07
KB0002204,P-000850,KH-DAL-02,Dallas,2026-05-06,phone,completed,2026-05-06 13:31
KB0005101,P-002392,KH-PHX-01,Phoenix,2026-06-21,walk-in,completed,2026-06-21 16:02
KB0007179,P-005412,KH-ATL-01,Atlanta,2026-07-23,walk-in,completed,2026-07-23 09:53
KB0002921,P-005667,KH-ATL-01,Atlanta,2026-05-17,walk-in,completed,2026-05-17 10:23
KB0003107,P-005049,KH-ATL-02,Atlanta,2026-05-20,walk-in,cancelled,2026-05-20 13:24
KB0005096,P-001908,KH-PHX-01,Phoenix,2026-06-21,online,completed,2026-06-21 13:23
KB0005330,P-000584,KH-DAL-01,Dallas,2026-06-25,online,completed,2026-06-25 18:32
KB0009745,P-006003,KH-PHI-03,Philadelphia,2026-09-01,walk-in,completed,2026-09-01 09:12
KB0003718,P-003579,KH-NYC-02,New York,2026-05-30,phone,completed,2026-05-30 14:09
KB0004766,P-000071,KH-DAL-01,Dallas,2026-06-16,walk-in,completed,2026-06-16 16:17
KB0001644,P-002599,KH-NYC-01,New York,2026-04-27,walk-in,completed,2026-04-27 13:12
KB0008602,P-001588,KH-PHX-02,Phoenix,2026-08-15,online,completed,2026-08-15 18:02
KB0010692,P-003512,KH-NYC-03,New York,2026-09-16,walk-in,cancelled,2026-09-16 15:17
KB0008072,P-001607,KH-PHX-02,Phoenix,2026-08-07,walk-in,completed,2026-08-07 09:24
KB0008050,P-006124,KH-PHI-03,Philadelphia,2026-08-06,at-home,completed,2026-08-06 10:50
KB0005695,P-000632,KH-DAL-01,Dallas,2026-07-01,walk-in,completed,2026-07-01 16:36
KB0002610,P-005232,KH-ATL-02,Atlanta,2026-05-12,walk-in,completed,2026-05-12 09:32
KB0006448,P-000446,KH-DAL-01,Dallas,2026-07-13,at-home,completed,2026-07-13 15:25
KB0002988,P-005426,KH-ATL-02,Atlanta,2026-05-18,walk-in,completed,2026-05-18 11:51
KB0006112,P-003164,KH-NYC-01,New York,2026-07-07,walk-in,completed,2026-07-07 15:04
KB0010362,P-002381,KH-PHX-03,Phoenix,2026-09-11,online,completed,2026-09-11 17:19
KB0003868,P-000071,KH-DAL-02,Dallas,2026-06-02,walk-in,completed,2026-06-02 18:17
KB0005750,P-006314,KH-PHI-01,Philadelphia,2026-07-01,walk-in,completed,2026-07-01 10:02
KB0009482,P-005949,KH-PHI-01,Philadelphia,2026-08-28,online,completed,2026-08-28 15:44
KB0002987,P-005250,KH-ATL-03,Atlanta,2026-05-18,online,completed,2026-05-18 13:30
KB0007932,P-006218,KH-PHI-03,Philadelphia,2026-08-04,at-home,completed,2026-08-04 11:08
KB0011240,P-001977,KH-PHX-01,Phoenix,2026-09-24,online,completed,2026-09-24 15:21
KB0005968,P-002882,KH-NYC-02,New York,2026-07-05,walk-in,completed,2026-07-05 10:19
KB0005080,P-006193,KH-PHI-02,Philadelphia,2026-06-20,phone,completed,2026-06-20 18:34
KB0009301,P-002034,KH-PHX-01,Phoenix,2026-08-26,phone,completed,2026-08-26 13:16
KB0010773,P-004781,KH-CHI-02,Chicago,2026-09-17,walk-in,completed,2026-09-17 12:02
KB0002963,P-002084,KH-PHX-02,Phoenix,2026-05-18,phone,completed,2026-05-18 10:50
KB0006226,P-002444,KH-PHX-03,Phoenix,2026-07-09,online,completed,2026-07-09 13:51
KB0004580,P-000961,KH-DAL-01,Dallas,2026-06-13,walk-in,cancelled,2026-06-13 14:42
KB0008265,P-001482,KH-PHX-01,Phoenix,2026-08-10,online,completed,2026-08-10 10:53
KB0003018,P-001657,KH-PHX-03,Phoenix,2026-05-19,phone,completed,2026-05-19 08:57
KB0009900,P-001907,KH-PHX-02,Phoenix,2026-09-04,online,completed,2026-09-04 18:10
KB0001578,P-000150,KH-DAL-02,Dallas,2026-04-26,online,completed,2026-04-26 09:47
KB0003096,P-004664,KH-CHI-02,Chicago,2026-05-20,at-home,completed,2026-05-20 16:30
KB0007282,P-001901,KH-PHX-02,Phoenix,2026-07-25,walk-in,completed,2026-07-25 11:29
KB0005007,P-006633,KH-PHI-02,Philadelphia,2026-06-19,phone,completed,2026-06-19 08:24
KB0005890,P-006399,KH-PHI-03,Philadelphia,2026-07-03,at-home,completed,2026-07-03 13:29
KB0006186,P-004050,KH-CHI-03,Chicago,2026-07-08,at-home,completed,2026-07-08 10:06
KB0009510,P-001863,KH-PHX-02,Phoenix,2026-08-29,online,completed,2026-08-29 13:26
KB0004768,P-002120,KH-PHX-01,Phoenix,2026-06-16,,completed,2026-06-16 16:15
KB0009776,P-003861,KH-NYC-03,New York,2026-09-02,walk-in,completed,2026-09-02 18:37
KB0005142,P-000494,KH-DAL-03,Dallas,2026-06-22,walk-in,completed,2026-06-22 15:39
KB0004847,P-001713,KH-PHX-01,Phoenix,2026-06-17,online,completed,2026-06-17 11:41
KB0008461,P-002339,KH-PHX-01,Phoenix,2026-08-13,online,completed,2026-08-13 14:10
KB0001742,P-000473,KH-DAL-03,Dallas,2026-04-29,walk-in,completed,2026-04-29 09:18
KB0006530,P-001006,KH-DAL-02,Dallas,2026-07-14,walk-in,completed,2026-07-14 19:45
KB0008875,P-002904,KH-NYC-02,New York,2026-08-19,,completed,2026-08-19 15:38
KB0006427,P-003020,KH-NYC-03,New York,2026-07-12,,completed,2026-07-12 14:05
KB0001258,P-005382,KH-ATL-02,Atlanta,2026-04-20,phone,completed,2026-04-20 17:05
KB0010850,P-005076,KH-ATL-02,Atlanta,2026-09-18,online,completed,2026-09-18 13:27
KB0002139,P-000218,KH-DAL-01,Dallas,2026-05-05,phone,completed,2026-05-05 11:19
KB0002731,P-005076,KH-ATL-02,Atlanta,2026-05-14,phone,completed,2026-05-14 18:09
KB0002866,P-004163,KH-CHI-02,Chicago,2026-05-16,walk-in,cancelled,2026-05-16 15:20
KB0004797,P-004316,KH-CHI-03,Chicago,2026-06-16,walk-in,completed,2026-06-16 17:04
KB0010596,P-006214,KH-PHI-02,Philadelphia,2026-09-14,walk-in,completed,2026-09-14 19:44
KB0004886,P-000604,KH-DAL-01,Dallas,2026-06-18,phone,completed,2026-06-18 19:10
KB0005819,P-006654,KH-PHI-01,Philadelphia,2026-07-02,online,completed,2026-07-02 13:29
KB0001364,P-002623,KH-NYC-03,New York,2026-04-22,at-home,completed,2026-04-22 13:41
KB0001029,P-005012,KH-ATL-01,Atlanta,2026-04-16,walk-in,completed,2026-04-16 10:34
KB0005685,P-005380,KH-ATL-01,Atlanta,2026-06-30,online,completed,2026-06-30 11:22
KB0009344,P-006164,KH-PHI-01,Philadelphia,2026-08-26,at-home,completed,2026-08-26 15:11
KB0004991,P-004427,KH-CHI-01,Chicago,2026-06-19,walk-in,completed,2026-06-19 12:21
KB0006070,P-000580,KH-DAL-03,Dallas,2026-07-07,walk-in,completed,2026-07-07 15:38
KB0005740,P-004632,KH-CHI-01,Chicago,2026-07-01,walk-in,completed,2026-07-01 11:39
KB0008516,P-000282,KH-DAL-01,Dallas,2026-08-14,walk-in,completed,2026-08-14 19:24
KB0009391,P-004767,KH-CHI-02,Chicago,2026-08-27,at-home,completed,2026-08-27 11:03
KB0004034,P-003831,KH-NYC-03,New York,2026-06-04,walk-in,completed,2026-06-04 11:26
KB0007036,P-005454,KH-ATL-01,Atlanta,2026-07-21,walk-in,completed,2026-07-21 09:07
KB0010009,P-005090,KH-ATL-01,Atlanta,2026-09-05,walk-in,completed,2026-09-05 08:35
KB0006497,P-005364,KH-ATL-01,Atlanta,2026-07-13,walk-in,completed,2026-07-13 19:02
KB0004904,P-001346,KH-PHX-01,Phoenix,2026-06-18,walk-in,completed,2026-06-18 13:24
KB0010228,P-002232,KH-PHX-01,Phoenix,2026-09-09,walk-in,completed,2026-09-09 15:06
KB0009544,P-005834,KH-PHI-02,Philadelphia,2026-08-29,online,completed,2026-08-29 11:19
KB0006103,P-003515,KH-NYC-01,New York,2026-07-07,,completed,2026-07-07 10:13
KB0000495,P-003707,KH-NYC-02,New York,2026-04-08,online,completed,2026-04-08 11:57
KB0004389,P-002119,KH-PHX-02,Phoenix,2026-06-10,walk-in,completed,2026-06-10 18:13
KB0002948,P-000669,KH-DAL-02,Dallas,2026-05-18,online,completed,2026-05-18 15:08
KB0006046,P-003953,KH-CHI-01,Chicago,2026-07-06,at-home,completed,2026-07-06 15:31
KB0001975,P-004853,KH-CHI-01,Chicago,2026-05-02,at-home,completed,2026-05-02 08:33
KB0000306,P-000258,KH-DAL-01,Dallas,2026-04-05,phone,completed,2026-04-05 15:22
KB0002817,P-001058,KH-DAL-02,Dallas,2026-05-16,walk-in,completed,2026-05-16 08:28
KB0009856,P-005038,KH-ATL-01,Atlanta,2026-09-03,at-home,completed,2026-09-03 14:06
KB0007147,P-001635,KH-PHX-02,Phoenix,2026-07-23,walk-in,completed,2026-07-23 12:28
KB0000347,P-000805,KH-DAL-03,Dallas,2026-04-06,walk-in,completed,2026-04-06 19:17
KB0006587,P-000711,KH-DAL-01,Dallas,2026-07-15,walk-in,completed,2026-07-15 15:29
KB0006505,P-006145,KH-PHI-01,Philadelphia,2026-07-13,at-home,completed,2026-07-13 12:23
KB0001200,P-005037,KH-ATL-01,Atlanta,2026-04-19,online,completed,2026-04-19 10:24
KB0004223,P-004397,KH-CHI-02,Chicago,2026-06-07,online,completed,2026-06-07 14:15
KB0006481,P-003045,KH-NYC-01,New York,2026-07-13,phone,completed,2026-07-13 15:37
KB0001986,P-005409,KH-ATL-01,Atlanta,2026-05-02,online,completed,2026-05-02 13:46
KB0005486,P-002517,KH-NYC-03,New York,2026-06-27,online,completed,2026-06-27 18:54
KB0003387,P-003866,KH-NYC-01,New York,2026-05-25,online,completed,2026-05-25 15:23
KB0004018,P-002094,KH-PHX-01,Phoenix,2026-06-04,walk-in,completed,2026-06-04 15:51
KB0010929,P-005119,KH-ATL-02,Atlanta,2026-09-19,phone,completed,2026-09-19 10:17
KB0001819,P-000813,KH-DAL-02,Dallas,2026-04-30,walk-in,completed,2026-04-30 15:30
KB0008456,P-000226,KH-DAL-02,Dallas,2026-08-13,phone,completed,2026-08-13 13:41
KB0010894,P-002203,KH-PHX-02,Phoenix,2026-09-19,walk-in,completed,2026-09-19 18:18
KB0005544,P-004460,KH-CHI-03,Chicago,2026-06-28,walk-in,completed,2026-06-28 08:39
KB0011439,P-000204,KH-DAL-01,Dallas,2026-09-27,phone,cancelled,2026-09-27 16:52
KB0010990,P-000638,KH-DAL-01,Dallas,2026-09-21,phone,completed,2026-09-21 09:11
KB0000920,P-002252,KH-PHX-01,Phoenix,2026-04-15,phone,completed,2026-04-15 15:05
KB0006358,P-001308,KH-PHX-03,Phoenix,2026-07-11,walk-in,completed,2026-07-11 11:02
KB0000994,P-003582,KH-NYC-01,New York,2026-04-16,walk-in,completed,2026-04-16 10:02
KB0002852,P-003723,KH-NYC-03,New York,2026-05-16,,completed,2026-05-16 10:59
KB0001716,P-002818,KH-NYC-03,New York,2026-04-28,phone,completed,2026-04-28 12:19
KB0005593,P-002246,KH-PHX-01,Phoenix,2026-06-29,online,completed,2026-06-29 19:52
KB0000469,P-000721,KH-DAL-03,Dallas,2026-04-08,walk-in,completed,2026-04-08 10:14
KB0004245,P-001211,KH-DAL-01,Dallas,2026-06-08,online,completed,2026-06-08 13:10
KB0010928,P-005608,KH-ATL-02,Atlanta,2026-09-19,online,completed,2026-09-19 10:48
KB0001918,P-005427,KH-ATL-01,Atlanta,2026-05-01,online,cancelled,2026-05-01 14:45
KB0011458,P-002502,KH-NYC-03,New York,2026-09-27,walk-in,completed,2026-09-27 12:00
KB0002018,P-001375,KH-PHX-02,Phoenix,2026-05-03,online,completed,2026-05-03 09:26
KB0005846,P-002337,KH-PHX-03,Phoenix,2026-07-03,,completed,2026-07-03 19:12
KB0010884,P-000672,KH-DAL-01,Dallas,2026-09-19,walk-in,completed,2026-09-19 19:59
KB0004722,P-004176,KH-CHI-01,Chicago,2026-06-15,online,completed,2026-06-15 15:14
KB0009477,P-006617,KH-PHI-02,Philadelphia,2026-08-28,walk-in,completed,2026-08-28 11:20
KB0009634,P-002052,KH-PHX-01,Phoenix,2026-08-31,phone,completed,2026-08-31 12:28
KB0002141,P-001090,KH-DAL-03,Dallas,2026-05-05,walk-in,completed,2026-05-05 13:55
KB0003720,P-002476,KH-NYC-02,New York,2026-05-30,walk-in,cancelled,2026-05-30 13:02
KB0008446,P-000255,KH-DAL-02,Dallas,2026-08-13,walk-in,completed,2026-08-13 16:58
KB0000362,P-002090,KH-PHX-03,Phoenix,2026-04-06,online,completed,2026-04-06 17:12
KB0000243,P-002352,KH-PHX-01,Phoenix,2026-04-04,online,completed,2026-04-04 10:29
KB0001032,P-006651,KH-PHI-02,Philadelphia,2026-04-16,walk-in,completed,2026-04-16 19:04
KB0009803,P-006060,KH-PHI-01,Philadelphia,2026-09-02,walk-in,completed,2026-09-02 16:54
KB0008482,P-003379,KH-NYC-01,New York,2026-08-13,walk-in,completed,2026-08-13 08:56
KB0001028,P-004969,KH-ATL-02,Atlanta,2026-04-16,phone,completed,2026-04-16 10:18
KB0001728,P-004243,KH-CHI-03,Chicago,2026-04-28,walk-in,completed,2026-04-28 17:14
KB0002343,P-001984,KH-PHX-01,Phoenix,2026-05-08,walk-in,completed,2026-05-08 19:19
KB0002614,P-005549,KH-ATL-01,Atlanta,2026-05-12,walk-in,completed,2026-05-12 17:08
KB0006178,P-004398,KH-CHI-01,Chicago,2026-07-08,online,completed,2026-07-08 08:46
KB0006901,P-005532,KH-ATL-02,Atlanta,2026-07-19,walk-in,completed,2026-07-19 19:48
KB0002799,P-005624,KH-ATL-01,Atlanta,2026-05-15,phone,completed,2026-05-15 08:17
KB0008202,P-001555,KH-PHX-02,Phoenix,2026-08-09,walk-in,completed,2026-08-09 16:26
KB0005524,P-002401,KH-PHX-02,Phoenix,2026-06-28,online,completed,2026-06-28 10:55
KB0007040,P-006431,KH-PHI-02,Philadelphia,2026-07-21,online,completed,2026-07-21 11:16
KB0000593,P-006670,KH-PHI-03,Philadelphia,2026-04-09,walk-in,completed,2026-04-09 19:09
KB0007555,P-000733,KH-DAL-03,Dallas,2026-07-30,walk-in,completed,2026-07-30 17:12
KB0005638,P-000444,KH-DAL-03,Dallas,2026-06-30,walk-in,completed,2026-06-30 14:02
KB0006458,P-000418,KH-DAL-02,Dallas,2026-07-13,online,completed,2026-07-13 08:05
KB0004496,P-005278,KH-ATL-03,Atlanta,2026-06-11,phone,completed,2026-06-11 13:54
KB0007630,P-002109,KH-PHX-03,Phoenix,2026-07-31,walk-in,completed,2026-07-31 09:20
KB0001471,P-000135,KH-DAL-02,Dallas,2026-04-24,phone,completed,2026-04-24 13:56
KB0003334,P-002963,KH-NYC-02,New York,2026-05-24,online,completed,2026-05-24 12:19
KB0006911,P-006089,KH-PHI-03,Philadelphia,2026-07-19,walk-in,completed,2026-07-19 19:49
KB0007782,P-003952,KH-CHI-02,Chicago,2026-08-02,online,completed,2026-08-02 12:04
KB0010908,P-003813,KH-NYC-03,New York,2026-09-19,online,completed,2026-09-19 08:30
KB0003544,P-006511,KH-PHI-03,Philadelphia,2026-05-27,phone,completed,2026-05-27 18:17
KB0000608,P-001130,KH-DAL-02,Dallas,2026-04-10,online,completed,2026-04-10 16:10
KB0005659,P-003455,KH-NYC-02,New York,2026-06-30,walk-in,completed,2026-06-30 14:35
KB0011093,P-001559,KH-PHX-02,Phoenix,2026-09-22,online,completed,2026-09-22 13:49
KB0007647,P-002870,KH-NYC-03,New York,2026-07-31,phone,cancelled,2026-07-31 10:04
KB0010615,P-002112,KH-PHX-02,Phoenix,2026-09-15,walk-in,completed,2026-09-15 16:51
KB0005561,P-005918,KH-PHI-03,Philadelphia,2026-06-28,walk-in,completed,2026-06-28 14:45
KB0002585,P-002362,KH-PHX-01,Phoenix,2026-05-12,online,completed,2026-05-12 11:56
KB0007239,P-005094,KH-ATL-02,Atlanta,2026-07-24,phone,completed,2026-07-24 13:20
KB0010661,P-000009,KH-DAL-02,Dallas,2026-09-16,walk-in,completed,2026-09-16 12:21
KB0004840,P-002186,KH-PHX-01,Phoenix,2026-06-17,online,completed,2026-06-17 17:01
KB0002450,P-000022,KH-DAL-03,Dallas,2026-05-10,phone,completed,2026-05-10 11:14
KB0001562,P-005019,KH-ATL-02,Atlanta,2026-04-25,walk-in,completed,2026-04-25 11:03
KB0005082,P-006108,KH-PHI-03,Philadelphia,2026-06-20,walk-in,completed,2026-06-20 09:10
KB0008873,P-003945,KH-NYC-02,New York,2026-08-19,phone,completed,2026-08-19 14:47
KB0002622,P-000660,KH-DAL-02,Dallas,2026-05-13,phone,completed,2026-05-13 08:10
KB0001698,P-001258,KH-PHX-01,Phoenix,2026-04-28,walk-in,completed,2026-04-28 16:34
KB0007053,P-000262,KH-DAL-03,Dallas,2026-07-22,walk-in,completed,2026-07-22 14:11
KB0004773,P-002240,KH-PHX-03,Phoenix,2026-06-16,at-home,completed,2026-06-16 09:51
KB0005649,P-001771,KH-PHX-02,Phoenix,2026-06-30,walk-in,completed,2026-06-30 11:02
KB0010490,P-000099,KH-DAL-01,Dallas,2026-09-13,online,completed,2026-09-13 15:29
KB0005015,P-000745,KH-DAL-02,Dallas,2026-06-20,phone,completed,2026-06-20 11:37
KB0008239,P-006262,KH-PHI-02,Philadelphia,2026-08-09,phone,completed,2026-08-09 16:48
KB0000847,P-000475,KH-DAL-03,Dallas,2026-04-14,walk-in,completed,2026-04-14 14:46
KB0003332,P-003616,KH-NYC-02,New York,2026-05-24,walk-in,completed,2026-05-24 15:29
KB0008928,P-001972,KH-PHX-01,Phoenix,2026-08-20,walk-in,completed,2026-08-20 19:03
KB0005855,P-003824,KH-NYC-03,New York,2026-07-03,at-home,completed,2026-07-03 19:18
KB0005193,P-006155,KH-PHI-03,Philadelphia,2026-06-22,online,completed,2026-06-22 16:08
KB0003570,P-001935,KH-PHX-02,Phoenix,2026-05-28,walk-in,completed,2026-05-28 10:17
KB0003149,P-002957,KH-NYC-01,New York,2026-05-21,walk-in,completed,2026-05-21 19:26
KB0000964,P-005785,KH-PHI-03,Philadelphia,2026-04-15,online,completed,2026-04-15 15:37
KB0010364,P-001443,KH-PHX-03,Phoenix,2026-09-11,at-home,completed,2026-09-11 13:48
KB0003175,P-006472,KH-PHI-03,Philadelphia,2026-05-21,online,completed,2026-05-21 17:37
KB0001046,P-001199,KH-DAL-02,Dallas,2026-04-17,walk-in,completed,2026-04-17 09:53
KB0002147,P-002070,KH-PHX-02,Phoenix,2026-05-05,phone,completed,2026-05-05 19:23
KB0009939,P-005228,KH-ATL-01,Atlanta,2026-09-04,online,completed,2026-09-04 18:52
KB0007770,P-003441,KH-NYC-01,New York,2026-08-02,walk-in,completed,2026-08-02 16:08
KB0009679,P-005908,KH-PHI-01,Philadelphia,2026-08-31,walk-in,cancelled,2026-08-31 11:23
KB0008319,P-001000,KH-DAL-01,Dallas,2026-08-11,at-home,completed,2026-08-11 16:31
KB0006850,P-005905,KH-PHI-02,Philadelphia,2026-07-18,at-home,completed,2026-07-18 18:34
KB0004650,P-001238,KH-DAL-03,Dallas,2026-06-14,phone,completed,2026-06-14 12:21
KB0008484,P-004305,KH-CHI-02,Chicago,2026-08-13,phone,completed,2026-08-13 08:41
KB0000874,P-004529,KH-CHI-02,Chicago,2026-04-14,online,completed,2026-04-14 10:17
