payment_id,invoice_ref,method,amount,paid_at,status
PAY0000001,000001,card,470,2026-04-05 12:54,success
PAY0000002,000002,UPI,2999,2026-04-02 08:45,success
PAY0000003,000003,UPI,2600,2026-04-03 18:44,success
PAY0000004,000004,card,1550,2026-04-07 10:32,success
PAY0000005,000005,UPI,600,2026-04-01 13:09,success
PAY0000006,000006,UPI,1270,2026-04-02 10:29,success
PAY0000007,000007,UPI,650,2026-04-05 13:06,success
PAY0000008,000008,card,1950,2026-04-01 14:29,success
PAY0000009,000009,UPI,200,2026-04-04 16:13,success
PAY0000010,000010,UPI,900,2026-04-03 16:12,success
PAY0000011,000010,UPI,900,2026-04-03 16:14,success
PAY0000012,000011,UPI,1499,2026-04-04 15:40,success
PAY0000013,000012,card,800,2026-04-03 08:49,success
PAY0000014,000013,UPI,1870,2026-04-06 15:02,success
PAY0000015,000014,card,720,2026-04-03 21:33,success
PAY0000016,000015,UPI,1250,2026-04-01 21:19,success
PAY0000017,000016,UPI,620,2026-04-03 17:37,success
PAY0000018,000017,UPI,1150,2026-04-01 14:32,success
PAY0000019,000018,card,200,2026-04-06 11:44,success
PAY0000020,000019,card,900,2026-04-06 18:32,success
PAY0000021,000020,UPI,2050,2026-04-06 21:16,success
PAY0000022,INV-21,cash,250,2026-04-05 13:45,success
PAY0000023,INV-22,cash,1050,2026-04-05 10:29,success
PAY0000024,000023,UPI,2000,2026-04-06 08:02,success
PAY0000025,INV-24,cash,950,2026-04-05 12:43,success
PAY0000026,000025,card,600,2026-04-05 11:53,success
PAY0000027,INV-26,cash,1400,2026-04-06 21:35,success
PAY0000028,000027,UPI,1499,2026-04-05 19:01,success
PAY0000029,000028,UPI,3499,2026-04-02 14:21,success
PAY0000030,INV-29,cash,2999,2026-04-02 08:46,success
PAY0000031,000030,UPI,850,2026-04-05 16:29,success
PAY0000032,000031,UPI,750,2026-04-04 20:12,success
PAY0000033,000032,UPI,3100,2026-04-02 15:15,success
PAY0000034,000033,UPI,1800,2026-04-04 13:11,success
PAY0000035,000034,card,850,2026-04-03 20:03,success
PAY0000036,000035,UPI,3099,2026-04-02 15:08,success
PAY0000037,000036,card,650,2026-04-04 14:23,success
PAY0000038,000038,UPI,470,2026-04-02 16:46,success
PAY0000039,000039,UPI,1499,2026-04-01 14:32,success
PAY0000040,000040,UPI,1200,2026-04-02 21:05,success
PAY0000041,KH/26-27/000041,cash,1950,2026-04-07 11:35,success
PAY0000042,000042,card,1250,2026-04-03 10:36,success
PAY0000043,000043,UPI,350,2026-04-06 17:22,success
PAY0000044,000044,card,120,2026-04-03 11:19,success
PAY0000045,000045,card,2120,2026-04-02 19:39,success
PAY0000046,000046,card,320,2026-04-03 15:51,success
PAY0000047,000047,UPI,1150,2026-04-05 21:12,success
PAY0000048,000048,UPI,1150,2026-04-03 14:22,success
PAY0000049,000049,UPI,2999,2026-04-05 11:16,success
PAY0000050,000050,card,800,2026-04-03 09:43,success
PAY0000051,000051,card,1499,2026-04-01 12:50,success
PAY0000052,000052,card,150,2026-04-01 14:58,success
PAY0000053,000053,UPI,3099,2026-04-01 10:33,success
PAY0000054,000054,UPI,350,2026-04-01 20:03,success
PAY0000055,000055,UPI,1350,2026-04-06 17:35,success
PAY0000056,INV-56,cash,1320,2026-04-01 13:06,success
PAY0000057,000057,UPI,2999,2026-04-05 19:29,success
PAY0000058,000058,UPI,650,2026-04-01 13:51,success
PAY0000059,000059,UPI,450,2026-04-02 19:16,success
PAY0000060,000060,card,570,2026-04-06 09:02,success
PAY0000061,KH/26-27/000061,cash,700,2026-04-07 12:32,success
PAY0000062,000062,UPI,600,2026-04-01 13:54,success
PAY0000063,INV-63,cash,900,2026-04-01 11:29,success
PAY0000064,INV-64,cash,120,2026-04-05 18:03,success
PAY0000065,000065,UPI,1550,2026-04-03 14:22,success
PAY0000066,INV-66,cash,1499,2026-04-03 20:28,success
PAY0000067,000067,card,550,2026-04-06 18:26,success
PAY0000068,000068,card,2999,2026-04-05 08:55,success
PAY0000069,000069,card,500,2026-04-08 10:04,success
PAY0000070,INV-70,cash,1570,2026-04-02 08:57,success
PAY0000071,000072,UPI,1570,2026-04-07 12:01,success
PAY0000072,000073,UPI,750,2026-04-02 21:40,success
PAY0000073,000074,card,1100,2026-04-05 10:49,success
PAY0000074,000075,card,1650,2026-04-07 10:07,success
PAY0000075,000076,UPI,3499,2026-04-03 20:03,success
PAY0000076,000077,UPI,1200,2026-04-03 10:03,success
PAY0000077,000078,UPI,2650,2026-04-04 21:30,success
PAY0000078,000079,UPI,350,2026-04-06 17:25,success
PAY0000079,INV-80,cash,1950,2026-04-03 10:18,success
PAY0000080,000081,UPI,1350,2026-04-05 19:49,success
PAY0000081,INV-82,cash,820,2026-04-04 12:21,success
PAY0000082,000083,UPI,2150,2026-04-02 16:24,success
PAY0000083,000084,card,700,2026-04-05 19:08,success
PAY0000084,000085,UPI,1100,2026-04-03 15:05,success
PAY0000085,000086,UPI,600,2026-04-04 19:26,success
PAY0000086,000087,UPI,1700,2026-04-04 09:14,success
PAY0000087,000088,UPI,620,2026-04-05 08:02,success
PAY0000088,000089,UPI,1499,2026-04-06 16:15,success
PAY0000089,INV-91,cash,850,2026-04-08 10:19,success
PAY0000090,000092,card,1050,2026-04-07 18:37,success
PAY0000091,000093,UPI,700,2026-04-05 12:24,success
PAY0000092,000094,UPI,2999,2026-04-02 19:37,success
PAY0000093,000095,UPI,2999,2026-04-08 18:35,success
PAY0000094,000096,UPI,1850,2026-04-04 14:15,success
PAY0000095,INV-97,cash,1550,2026-04-03 16:37,success
PAY0000096,000098,UPI,2999,2026-04-05 17:06,success
PAY0000097,INV-99,cash,900,2026-04-05 14:49,success
PAY0000098,000100,UPI,1050,2026-04-05 08:12,success
PAY0000099,000101,UPI,1800,2026-04-05 11:34,success
PAY0000100,000102,card,1020,2026-04-06 12:22,success
PAY0000101,000103,UPI,1499,2026-04-08 16:58,success
PAY0000102,000104,UPI,2999,2026-04-06 21:43,success
PAY0000103,000106,UPI,650,2026-04-07 10:26,success
PAY0000104,000107,UPI,2999,2026-04-03 17:59,success
PAY0000105,000108,card,1550,2026-04-07 10:06,success
PAY0000106,000109,UPI,900,2026-04-05 21:54,success
PAY0000107,000110,UPI,700,2026-04-08 19:53,success
PAY0000108,000111,UPI,770,2026-04-05 17:09,success
PAY0000109,000112,card,1570,2026-04-08 09:00,success
PAY0000110,000113,UPI,500,2026-04-08 12:51,success
PAY0000111,000114,UPI,450,2026-04-08 11:05,success
PAY0000112,000115,card,3099,2026-04-08 09:47,success
PAY0000113,INV-116,cash,220,2026-04-08 18:12,success
PAY0000114,000117,card,3099,2026-04-05 09:16,success
PAY0000115,000118,UPI,2450,2026-04-03 08:59,success
PAY0000116,KH/26-27/000119,cash,3499,2026-04-03 20:49,success
PAY0000117,000120,card,2999,2026-04-04 17:30,success
PAY0000118,KH/26-27/000121,cash,1450,2026-04-05 19:28,success
PAY0000119,000122,UPI,1150,2026-04-04 20:16,success
PAY0000120,000123,UPI,650,2026-04-08 15:19,success
PAY0000121,000125,UPI,550,2026-04-02 21:37,success
PAY0000122,000126,UPI,1499,2026-04-05 21:26,success
PAY0000123,000127,card,2999,2026-04-06 19:01,success
PAY0000124,INV-128,cash,500,2026-04-08 17:18,success
PAY0000125,000129,card,1100,2026-04-07 11:55,success
PAY0000126,000130,card,1470,2026-04-06 10:08,success
PAY0000127,000131,card,470,2026-04-05 10:02,success
PAY0000128,000132,UPI,1550,2026-04-06 14:00,success
PAY0000129,000133,UPI,1920,2026-04-06 18:47,success
PAY0000130,000134,UPI,2999,2026-04-05 19:02,success
PAY0000131,000135,UPI,800,2026-04-08 09:37,success
PAY0000132,000136,UPI,150,2026-04-08 17:03,success
PAY0000133,KH/26-27/000137,cash,250,2026-04-02 20:40,success
PAY0000134,INV-138,cash,2000,2026-04-02 20:29,success
PAY0000135,000139,UPI,2999,2026-04-03 15:17,success
PAY0000136,000140,UPI,320,2026-04-06 12:45,success
PAY0000137,000141,UPI,1850,2026-04-06 10:38,success
PAY0000138,000142,UPI,1820,2026-04-09 19:46,success
PAY0000139,000144,UPI,600,2026-04-04 11:55,success
PAY0000140,000145,card,1250,2026-04-04 15:00,success
PAY0000141,000146,card,500,2026-04-05 20:31,success
PAY0000142,INV-147,cash,1050,2026-04-05 10:08,success
PAY0000143,000148,UPI,2020,2026-04-09 15:18,success
PAY0000144,000149,UPI,1350,2026-04-04 17:02,success
PAY0000145,000150,UPI,1450,2026-04-08 21:09,success
PAY0000146,000151,UPI,2999,2026-04-08 21:51,success
PAY0000147,000152,UPI,1499,2026-04-03 17:44,success
PAY0000148,000153,card,1450,2026-04-07 10:44,success
PAY0000149,INV-154,cash,200,2026-04-08 11:09,success
PAY0000150,INV-155,cash,1499,2026-04-03 15:24,success
PAY0000151,000156,UPI,1200,2026-04-08 14:16,success
PAY0000152,000157,card,450,2026-04-04 08:06,success
PAY0000153,000158,card,1200,2026-04-09 18:33,success
PAY0000154,KH/26-27/000159,cash,1520,2026-04-05 21:54,success
PAY0000155,INV-160,cash,1250,2026-04-05 09:24,success
PAY0000156,000161,UPI,1400,2026-04-06 10:06,success
PAY0000157,000162,UPI,2450,2026-04-08 08:41,success
PAY0000158,000163,card,2999,2026-04-05 19:38,success
PAY0000159,000165,UPI,1050,2026-04-04 18:30,success
PAY0000160,000166,UPI,1600,2026-04-07 10:21,success
PAY0000161,000167,card,500,2026-04-09 15:04,success
PAY0000162,000168,card,500,2026-04-06 19:50,success
PAY0000163,000169,card,1499,2026-04-03 19:38,success
PAY0000164,000170,UPI,700,2026-04-07 19:16,success
PAY0000165,000171,UPI,2999,2026-04-07 16:57,success
PAY0000166,000172,UPI,1250,2026-04-04 16:56,success
PAY0000167,000173,UPI,1950,2026-04-06 13:14,success
PAY0000168,000174,UPI,2999,2026-04-04 12:38,success
PAY0000169,INV-175,cash,220,2026-04-04 12:00,success
PAY0000170,000176,card,550,2026-04-08 16:52,success
PAY0000171,000177,UPI,1370,2026-04-08 18:59,success
PAY0000172,INV-178,cash,1100,2026-04-07 13:22,success
PAY0000173,000179,card,2999,2026-04-07 14:27,success
PAY0000174,INV-180,cash,650,2026-04-06 18:35,success
PAY0000175,INV-181,cash,3499,2026-04-03 10:04,success
PAY0000176,000182,UPI,1150,2026-04-04 19:32,success
PAY0000177,000183,UPI,1220,2026-04-04 12:38,success
PAY0000178,000184,card,2999,2026-04-09 20:20,success
PAY0000179,000185,UPI,2650,2026-04-04 15:49,success
PAY0000180,000186,UPI,2999,2026-04-04 18:50,success
PAY0000181,000187,UPI,150,2026-04-04 09:38,success
PAY0000182,000188,card,2520,2026-04-07 15:35,success
PAY0000183,000189,card,1600,2026-04-05 18:26,success
PAY0000184,000189,card,1600,2026-04-05 18:28,success
PAY0000185,000190,card,550,2026-04-03 21:05,success
PAY0000186,INV-191,cash,750,2026-04-08 19:08,success
PAY0000187,000192,UPI,600,2026-04-09 14:31,success
PAY0000188,000193,UPI,1200,2026-04-09 16:34,success
PAY0000189,000194,UPI,1200,2026-04-06 11:06,success
PAY0000190,000195,card,900,2026-04-03 16:42,success
PAY0000191,000196,card,750,2026-04-04 20:43,success
PAY0000192,000197,UPI,1400,2026-04-06 08:27,success
PAY0000193,000198,card,120,2026-04-04 21:49,success
PAY0000194,000199,UPI,1150,2026-04-07 12:18,success
PAY0000195,000200,UPI,700,2026-04-09 15:47,success
PAY0000196,INV-201,cash,700,2026-04-03 16:02,success
PAY0000197,000202,UPI,800,2026-04-03 13:15,success
PAY0000198,000203,UPI,1520,2026-04-04 13:13,success
PAY0000199,000204,UPI,2999,2026-04-04 18:39,success
PAY0000200,INV-205,cash,800,2026-04-04 10:18,success
PAY0000201,000206,card,550,2026-04-07 21:51,success
PAY0000202,INV-207,cash,1850,2026-04-04 20:48,success
PAY0000203,000208,UPI,2220,2026-04-05 17:14,success
PAY0000204,000209,UPI,1970,2026-04-09 17:40,success
PAY0000205,000210,UPI,3499,2026-04-09 14:28,success
PAY0000206,000211,UPI,1350,2026-04-09 19:10,success
PAY0000207,INV-212,cash,820,2026-04-05 13:06,success
PAY0000208,000213,card,1370,2026-04-08 15:22,success
PAY0000209,000214,card,1499,2026-04-08 14:30,success
PAY0000210,000215,card,550,2026-04-05 17:18,success
PAY0000211,000216,UPI,2999,2026-04-06 13:26,success
PAY0000212,000217,UPI,1170,2026-04-09 19:17,success
PAY0000213,000218,card,1499,2026-04-05 21:38,success
PAY0000214,000219,UPI,900,2026-04-07 08:57,success
PAY0000215,000220,UPI,1050,2026-04-05 14:30,success
PAY0000216,000221,UPI,3099,2026-04-08 08:05,success
PAY0000217,000222,UPI,120,2026-04-09 13:38,success
PAY0000218,INV-223,cash,1499,2026-04-04 19:08,success
PAY0000219,INV-224,cash,250,2026-04-06 10:13,success
PAY0000220,000225,UPI,1550,2026-04-05 18:26,success
PAY0000221,000226,UPI,1650,2026-04-05 10:44,success
PAY0000222,000227,UPI,900,2026-04-09 16:13,success
PAY0000223,INV-228,cash,900,2026-04-04 15:14,success
PAY0000224,INV-229,cash,1499,2026-04-05 10:46,success
PAY0000225,000230,UPI,1499,2026-04-08 18:30,success
PAY0000226,INV-231,cash,1350,2026-04-07 16:47,success
PAY0000227,000232,UPI,2400,2026-04-10 09:33,success
PAY0000228,000233,UPI,650,2026-04-04 12:44,success
PAY0000229,000234,UPI,2999,2026-04-08 16:53,success
PAY0000230,000235,UPI,1000,2026-04-10 09:57,success
PAY0000231,INV-236,cash,1350,2026-04-07 10:25,success
PAY0000232,000237,UPI,3499,2026-04-08 11:02,success
PAY0000233,INV-238,cash,700,2026-04-10 16:07,success
PAY0000234,000239,UPI,1320,2026-04-04 15:41,success
PAY0000235,INV-240,cash,2250,2026-04-08 09:55,success
PAY0000236,000241,UPI,2999,2026-04-04 17:41,success
PAY0000237,000242,UPI,700,2026-04-06 10:36,success
PAY0000238,000243,UPI,1499,2026-04-10 10:14,success
PAY0000239,000244,UPI,600,2026-04-06 12:08,success
PAY0000240,000245,card,350,2026-04-06 08:16,success
PAY0000241,000246,UPI,2999,2026-04-08 16:04,success
PAY0000242,000247,UPI,650,2026-04-04 08:10,success
PAY0000243,000249,UPI,800,2026-04-06 11:54,success
PAY0000244,000250,UPI,1050,2026-04-09 20:19,success
PAY0000245,INV-251,cash,3099,2026-04-08 15:45,success
PAY0000246,000252,UPI,620,2026-04-05 14:56,success
PAY0000247,000253,card,1900,2026-04-06 19:58,success
PAY0000248,INV-254,cash,1499,2026-04-05 15:44,success
PAY0000249,INV-255,cash,2999,2026-04-08 13:55,success
PAY0000250,000256,card,1499,2026-04-09 10:10,success
PAY0000251,INV-257,cash,2250,2026-04-06 19:49,success
PAY0000252,000258,UPI,2400,2026-04-05 12:46,success
PAY0000253,000259,UPI,450,2026-04-04 16:43,success
PAY0000254,000260,card,120,2026-04-05 21:56,success
PAY0000255,000261,UPI,150,2026-04-04 19:48,success
PAY0000256,000262,card,900,2026-04-08 20:39,success
PAY0000257,000263,card,2350,2026-04-07 19:18,success
PAY0000258,000264,card,1250,2026-04-06 09:30,success
PAY0000259,INV-265,cash,650,2026-04-06 13:49,success
PAY0000260,000266,UPI,2100,2026-04-05 20:47,success
PAY0000261,000267,UPI,2999,2026-04-07 10:10,success
PAY0000262,000268,UPI,2000,2026-04-08 17:59,success
PAY0000263,000269,UPI,2650,2026-04-06 14:09,success
PAY0000264,000270,card,1020,2026-04-07 18:52,success
PAY0000265,000270,card,1020,2026-04-07 18:54,success
PAY0000266,INV-271,cash,320,2026-04-06 20:34,success
PAY0000267,000272,UPI,2999,2026-04-04 11:21,success
PAY0000268,INV-273,cash,150,2026-04-08 19:47,success
PAY0000269,000274,UPI,650,2026-04-07 16:20,success
PAY0000270,000275,card,770,2026-04-07 16:48,success
PAY0000271,000276,UPI,120,2026-04-08 17:54,success
PAY0000272,000277,UPI,900,2026-04-09 09:17,success
PAY0000273,INV-278,cash,350,2026-04-06 13:07,success
PAY0000274,000280,UPI,600,2026-04-09 18:33,success
PAY0000275,000281,UPI,350,2026-04-08 08:32,success
PAY0000276,000282,UPI,2999,2026-04-07 12:03,success
PAY0000277,INV-283,cash,500,2026-04-07 13:09,success
PAY0000278,000284,UPI,1920,2026-04-07 19:15,success
PAY0000279,000285,card,3099,2026-04-05 16:50,success
PAY0000280,000286,UPI,570,2026-04-05 20:36,success
PAY0000281,KH/26-27/000287,cash,3499,2026-04-10 12:53,success
PAY0000282,INV-288,cash,1700,2026-04-07 14:26,success
PAY0000283,000289,UPI,1250,2026-04-08 16:54,success
PAY0000284,000290,UPI,1520,2026-04-08 08:11,success
PAY0000285,000291,UPI,500,2026-04-08 11:27,success
PAY0000286,000291,UPI,500,2026-04-08 11:29,success
PAY0000287,000292,UPI,1550,2026-04-08 11:16,success
PAY0000288,000293,UPI,1450,2026-04-07 16:25,success
PAY0000289,000294,UPI,2250,2026-04-08 10:21,success
PAY0000290,000296,UPI,700,2026-04-08 21:24,success
PAY0000291,000297,UPI,1650,2026-04-09 09:33,success
PAY0000292,000298,card,750,2026-04-05 14:20,success
PAY0000293,000300,card,2000,2026-04-06 21:07,success
PAY0000294,000301,UPI,700,2026-04-06 13:32,success
PAY0000295,000302,UPI,850,2026-04-05 13:54,success
PAY0000296,000303,card,2999,2026-04-08 09:52,success
PAY0000297,000304,UPI,3499,2026-04-09 10:25,success
PAY0000298,000305,UPI,1320,2026-04-05 16:58,success
PAY0000299,000306,UPI,220,2026-04-06 08:34,success
PAY0000300,000307,card,120,2026-04-06 09:57,success
PAY0000301,000308,UPI,2999,2026-04-07 16:55,success
PAY0000302,000309,UPI,1350,2026-04-06 19:40,success
PAY0000303,INV-310,cash,1950,2026-04-05 21:28,success
PAY0000304,000311,UPI,900,2026-04-11 09:31,success
PAY0000305,000312,UPI,900,2026-04-09 12:49,success
PAY0000306,000313,UPI,1499,2026-04-10 14:34,success
PAY0000307,INV-314,cash,120,2026-04-11 21:34,success
PAY0000308,000315,UPI,1370,2026-04-09 13:45,success
PAY0000309,000316,UPI,2999,2026-04-06 16:10,success
PAY0000310,000317,UPI,2350,2026-04-09 11:22,success
PAY0000311,INV-318,cash,2999,2026-04-08 21:31,success
PAY0000312,000319,UPI,1499,2026-04-08 14:53,success
PAY0000313,INV-320,cash,650,2026-04-05 15:55,success
PAY0000314,INV-321,cash,800,2026-04-05 13:59,success
PAY0000315,000322,UPI,820,2026-04-08 15:13,success
PAY0000316,000323,UPI,700,2026-04-08 19:41,success
PAY0000317,000324,UPI,1050,2026-04-08 20:58,success
PAY0000318,000325,card,2999,2026-04-05 08:00,success
PAY0000319,INV-326,cash,3099,2026-04-11 16:32,success
PAY0000320,000327,UPI,2999,2026-04-08 21:51,success
PAY0000321,000328,UPI,1499,2026-04-10 12:46,success
PAY0000322,000329,card,1300,2026-04-06 16:18,success
PAY0000323,000330,UPI,700,2026-04-09 15:51,success
PAY0000324,000331,UPI,3300,2026-04-07 11:39,success
PAY0000325,000332,UPI,1450,2026-04-12 16:22,success
PAY0000326,000333,UPI,350,2026-04-09 11:24,success
PAY0000327,000334,UPI,1320,2026-04-06 19:47,success
PAY0000328,000335,UPI,650,2026-04-12 13:21,success
PAY0000329,000336,card,1120,2026-04-08 19:03,success
PAY0000330,000337,UPI,1850,2026-04-06 14:47,success
PAY0000331,000338,UPI,1450,2026-04-08 17:06,success
PAY0000332,000339,UPI,2999,2026-04-06 15:43,success
PAY0000333,INV-340,cash,500,2026-04-09 16:53,success
PAY0000334,000341,card,2070,2026-04-09 14:52,success
PAY0000335,000342,UPI,2220,2026-04-07 18:35,success
PAY0000336,000343,UPI,550,2026-04-07 13:27,success
PAY0000337,000344,UPI,500,2026-04-10 19:58,success
PAY0000338,000345,card,120,2026-04-10 09:00,success
PAY0000339,000346,UPI,2999,2026-04-08 21:21,success
PAY0000340,INV-347,cash,2999,2026-04-09 19:51,success
PAY0000341,000348,card,450,2026-04-07 08:36,success
PAY0000342,INV-349,cash,2999,2026-04-12 09:11,success
PAY0000343,000350,card,2270,2026-04-06 09:36,success
PAY0000344,000351,UPI,1750,2026-04-06 17:44,success
PAY0000345,000352,UPI,1499,2026-04-09 12:29,success
PAY0000346,000353,UPI,620,2026-04-12 19:40,success
PAY0000347,000354,card,1970,2026-04-08 08:57,success
PAY0000348,INV-355,cash,700,2026-04-10 13:54,success
PAY0000349,000356,card,2000,2026-04-11 20:50,success
PAY0000350,INV-357,cash,1100,2026-04-06 08:03,success
PAY0000351,INV-358,cash,3499,2026-04-08 19:57,success
PAY0000352,000359,card,1400,2026-04-11 08:23,success
PAY0000353,000360,UPI,650,2026-04-07 15:22,success
PAY0000354,000361,UPI,1900,2026-04-08 17:21,success
PAY0000355,000362,card,1850,2026-04-06 11:09,success
PAY0000356,INV-363,cash,1150,2026-04-08 15:41,success
PAY0000357,000364,UPI,2950,2026-04-08 19:31,success
PAY0000358,000365,card,350,2026-04-09 10:48,success
PAY0000359,000366,card,1250,2026-04-12 21:17,success
PAY0000360,INV-367,cash,1150,2026-04-11 20:29,success
PAY0000361,000369,UPI,700,2026-04-08 10:01,success
PAY0000362,000370,UPI,1900,2026-04-06 13:01,success
PAY0000363,000371,card,1499,2026-04-11 15:52,success
PAY0000364,000372,UPI,450,2026-04-09 08:15,success
PAY0000365,000373,UPI,1200,2026-04-06 12:35,success
PAY0000366,000374,UPI,2120,2026-04-07 12:32,success
PAY0000367,000375,UPI,1600,2026-04-06 08:54,success
PAY0000368,000376,UPI,300,2026-04-07 09:18,success
PAY0000369,000377,UPI,950,2026-04-08 14:08,success
PAY0000370,INV-378,cash,900,2026-04-12 20:40,success
PAY0000371,000379,card,1350,2026-04-07 19:29,success
PAY0000372,000380,UPI,1050,2026-04-12 09:57,success
PAY0000373,000381,UPI,1300,2026-04-08 15:57,success
PAY0000374,000382,UPI,1820,2026-04-09 18:09,success
PAY0000375,000383,card,1450,2026-04-09 19:10,success
PAY0000376,000384,UPI,500,2026-04-07 21:27,success
PAY0000377,000385,UPI,1000,2026-04-07 20:25,success
PAY0000378,000386,UPI,1350,2026-04-09 15:39,success
PAY0000379,000387,UPI,2750,2026-04-10 13:28,success
PAY0000380,000388,card,1499,2026-04-07 21:29,success
PAY0000381,000389,card,1670,2026-04-06 19:18,success
PAY0000382,000390,UPI,2999,2026-04-06 13:02,success
PAY0000383,000391,UPI,1599,2026-04-09 09:28,success
PAY0000384,INV-392,cash,1599,2026-04-07 12:35,success
PAY0000385,000393,UPI,2350,2026-04-09 12:16,success
PAY0000386,000394,card,150,2026-04-11 14:20,success
PAY0000387,000395,UPI,700,2026-04-10 20:04,success
PAY0000388,000396,UPI,2999,2026-04-13 16:36,success
PAY0000389,000397,UPI,1100,2026-04-10 13:58,success
PAY0000390,000398,card,470,2026-04-08 08:49,success
PAY0000391,000399,card,2999,2026-04-11 11:38,success
PAY0000392,000399,card,-2999,2026-04-11 11:38,refund
PAY0000393,000400,UPI,2999,2026-04-07 16:33,success
PAY0000394,000401,UPI,2000,2026-04-13 15:59,success
PAY0000395,INV-402,cash,2250,2026-04-10 10:01,success
PAY0000396,INV-403,cash,650,2026-04-13 16:54,success
PAY0000397,000404,UPI,950,2026-04-09 09:51,success
PAY0000398,000405,UPI,1499,2026-04-09 12:05,success
PAY0000399,000406,UPI,2999,2026-04-08 18:34,success
PAY0000400,KH/26-27/000407,cash,2999,2026-04-10 13:00,success
PAY0000401,000408,card,1000,2026-04-07 16:05,success
PAY0000402,000408,card,1000,2026-04-07 16:07,success
PAY0000403,000409,UPI,150,2026-04-13 16:07,success
PAY0000404,000410,UPI,2999,2026-04-07 14:20,success
PAY0000405,000411,card,3499,2026-04-08 18:34,success
PAY0000406,000412,UPI,650,2026-04-11 19:29,success
PAY0000407,INV-413,cash,1250,2026-04-10 10:31,success
PAY0000408,000414,card,150,2026-04-07 13:28,success
PAY0000409,000414,card,-150,2026-04-07 13:28,refund
PAY0000410,000415,UPI,650,2026-04-10 21:02,success
PAY0000411,000416,card,200,2026-04-12 18:08,success
PAY0000412,000417,UPI,2999,2026-04-10 18:43,success
PAY0000413,000418,card,650,2026-04-10 20:40,success
PAY0000414,000419,UPI,1700,2026-04-08 18:28,success
PAY0000415,000420,UPI,2999,2026-04-08 21:47,success
PAY0000416,000421,card,1920,2026-04-11 10:08,success
PAY0000417,000422,UPI,3499,2026-04-11 16:48,success
PAY0000418,000423,UPI,850,2026-04-13 21:54,success
PAY0000419,INV-424,cash,3499,2026-04-07 14:21,success
PAY0000420,000425,UPI,3499,2026-04-10 16:36,success
PAY0000421,000426,card,1500,2026-04-11 16:14,success
PAY0000422,000427,card,500,2026-04-07 21:52,success
PAY0000423,000428,UPI,1250,2026-04-13 17:31,success
PAY0000424,000429,UPI,670,2026-04-12 15:15,success
PAY0000425,000430,UPI,350,2026-04-12 14:57,success
PAY0000426,000431,UPI,2300,2026-04-11 17:36,success
PAY0000427,000432,UPI,200,2026-04-13 10:06,success
PAY0000428,000433,card,2050,2026-04-10 21:47,success
PAY0000429,KH/26-27/000434,cash,650,2026-04-13 21:19,success
PAY0000430,000435,UPI,120,2026-04-09 18:32,success
PAY0000431,000436,UPI,350,2026-04-11 21:42,success
PAY0000432,000438,UPI,1200,2026-04-07 10:15,success
PAY0000433,000438,UPI,1200,2026-04-07 10:17,success
PAY0000434,INV-439,cash,2550,2026-04-08 12:10,success
PAY0000435,000440,card,2450,2026-04-13 18:55,success
PAY0000436,000441,UPI,1599,2026-04-12 18:17,success
PAY0000437,000441,UPI,1599,2026-04-12 18:19,success
PAY0000438,INV-442,cash,2999,2026-04-07 15:01,success
PAY0000439,000443,UPI,700,2026-04-11 20:15,success
PAY0000440,000444,card,1300,2026-04-11 13:47,success
PAY0000441,000445,card,3099,2026-04-11 16:24,success
PAY0000442,000446,UPI,2050,2026-04-10 20:52,success
PAY0000443,000447,card,550,2026-04-08 17:36,success
PAY0000444,000448,card,3599,2026-04-11 17:44,success
PAY0000445,000449,card,850,2026-04-09 20:25,success
PAY0000446,000450,UPI,1499,2026-04-14 09:09,success
PAY0000447,000451,card,1020,2026-04-08 20:59,success
PAY0000448,INV-453,cash,2999,2026-04-10 18:56,success
PAY0000449,000454,UPI,650,2026-04-09 16:57,success
PAY0000450,000455,UPI,1600,2026-04-14 08:08,success
PAY0000451,000456,UPI,2999,2026-04-09 15:12,success
PAY0000452,INV-457,cash,2999,2026-04-13 15:42,success
PAY0000453,INV-458,cash,1200,2026-04-14 19:31,success
PAY0000454,000459,card,700,2026-04-11 18:40,success
PAY0000455,000460,card,1970,2026-04-09 20:28,success
PAY0000456,000461,card,350,2026-04-09 19:54,success
PAY0000457,INV-462,cash,200,2026-04-12 11:48,success
PAY0000458,000463,UPI,1700,2026-04-13 16:21,success
PAY0000459,KH/26-27/000464,cash,2600,2026-04-09 09:32,success
PAY0000460,KH/26-27/000465,cash,850,2026-04-14 12:34,success
PAY0000461,000466,card,2420,2026-04-10 11:25,success
PAY0000462,000467,UPI,1599,2026-04-11 12:17,success
PAY0000463,000468,UPI,1800,2026-04-11 18:08,success
PAY0000464,000469,UPI,900,2026-04-14 21:33,success
PAY0000465,000471,UPI,1000,2026-04-08 14:28,success
PAY0000466,000472,card,1020,2026-04-10 18:48,success
PAY0000467,000473,UPI,2020,2026-04-09 16:15,success
PAY0000468,000474,card,1350,2026-04-14 16:48,success
PAY0000469,000475,UPI,2999,2026-04-13 17:39,success
PAY0000470,000476,UPI,850,2026-04-12 12:22,success
PAY0000471,000476,UPI,850,2026-04-12 12:24,success
PAY0000472,000477,UPI,3499,2026-04-09 15:44,success
PAY0000473,INV-478,cash,1499,2026-04-11 19:13,success
PAY0000474,000479,UPI,1320,2026-04-13 12:53,success
PAY0000475,000480,UPI,3099,2026-04-09 19:03,success
PAY0000476,000481,card,820,2026-04-13 21:07,success
PAY0000477,000482,card,200,2026-04-09 08:47,success
PAY0000478,000483,card,1000,2026-04-10 20:16,success
PAY0000479,000484,UPI,450,2026-04-11 21:01,success
PAY0000480,000485,UPI,1599,2026-04-11 13:33,success
PAY0000481,000486,UPI,150,2026-04-12 12:02,success
PAY0000482,000487,UPI,2999,2026-04-10 17:15,success
PAY0000483,000487,UPI,-2999,2026-04-10 17:15,refund
PAY0000484,000488,UPI,650,2026-04-11 14:06,success
PAY0000485,INV-489,cash,600,2026-04-08 14:25,success
PAY0000486,000490,UPI,1470,2026-04-14 21:26,success
PAY0000487,000491,UPI,1499,2026-04-12 21:53,success
PAY0000488,KH/26-27/000492,cash,2999,2026-04-13 11:21,success
PAY0000489,INV-493,cash,650,2026-04-14 20:25,success
PAY0000490,000495,UPI,1350,2026-04-09 14:18,success
PAY0000491,000496,card,1499,2026-04-09 13:37,success
PAY0000492,000497,UPI,1200,2026-04-11 13:28,success
PAY0000493,000498,UPI,1670,2026-04-08 21:09,success
PAY0000494,000499,UPI,1300,2026-04-11 12:58,success
PAY0000495,000500,UPI,2150,2026-04-12 12:41,success
PAY0000496,INV-501,cash,600,2026-04-13 10:49,success
PAY0000497,000502,card,850,2026-04-09 08:05,success
PAY0000498,INV-503,cash,2999,2026-04-14 12:27,success
PAY0000499,000504,UPI,800,2026-04-12 09:42,success
PAY0000500,000505,card,1150,2026-04-08 16:01,success
PAY0000501,KH/26-27/000506,cash,2450,2026-04-08 14:42,success
PAY0000502,000507,UPI,2999,2026-04-10 16:39,success
PAY0000503,000508,UPI,2999,2026-04-09 12:07,success
PAY0000504,000509,UPI,1499,2026-04-08 09:08,success
PAY0000505,INV-510,cash,570,2026-04-12 17:31,success
PAY0000506,000511,UPI,920,2026-04-10 14:16,success
PAY0000507,000512,UPI,450,2026-04-13 20:26,success
PAY0000508,INV-513,cash,850,2026-04-14 19:32,success
PAY0000509,000514,UPI,1100,2026-04-08 11:42,success
PAY0000510,INV-515,cash,350,2026-04-13 14:23,success
PAY0000511,000516,card,470,2026-04-12 12:09,success
PAY0000512,000517,UPI,550,2026-04-14 13:44,success
PAY0000513,000518,UPI,2400,2026-04-12 19:50,success
PAY0000514,000519,UPI,1200,2026-04-10 19:15,success
PAY0000515,000520,UPI,1499,2026-04-11 11:49,success
PAY0000516,KH/26-27/000521,cash,1800,2026-04-13 08:56,success
PAY0000517,000522,card,1970,2026-04-14 17:51,success
PAY0000518,INV-523,cash,1250,2026-04-14 18:01,success
PAY0000519,000524,UPI,150,2026-04-14 12:12,success
PAY0000520,000525,UPI,900,2026-04-14 16:35,success
PAY0000521,000526,UPI,1200,2026-04-11 11:36,success
PAY0000522,000527,card,470,2026-04-12 08:50,success
PAY0000523,000528,UPI,1200,2026-04-14 15:46,success
PAY0000524,000529,UPI,1550,2026-04-11 10:21,success
PAY0000525,000530,card,1450,2026-04-12 19:57,success
PAY0000526,000531,card,2370,2026-04-10 18:19,success
PAY0000527,INV-532,cash,2500,2026-04-11 10:02,success
PAY0000528,000533,UPI,1250,2026-04-09 11:49,success
PAY0000529,KH/26-27/000534,cash,1100,2026-04-10 14:58,success
PAY0000530,000535,UPI,2999,2026-04-12 16:02,success
PAY0000531,000536,UPI,900,2026-04-13 14:45,success
PAY0000532,000537,UPI,2999,2026-04-09 18:56,success
PAY0000533,000538,UPI,1450,2026-04-12 17:25,success
PAY0000534,INV-539,cash,600,2026-04-12 12:42,success
PAY0000535,000540,card,1000,2026-04-09 15:23,success
PAY0000536,000541,UPI,2950,2026-04-10 09:36,success
PAY0000537,000542,UPI,2250,2026-04-14 17:38,success
PAY0000538,000543,card,1499,2026-04-14 14:16,success
PAY0000539,000544,UPI,2100,2026-04-10 10:26,success
PAY0000540,000545,UPI,2350,2026-04-12 13:47,success
PAY0000541,000546,UPI,920,2026-04-09 12:50,success
PAY0000542,000547,UPI,1499,2026-04-14 08:53,success
PAY0000543,000548,card,1000,2026-04-09 14:45,success
PAY0000544,000549,UPI,1499,2026-04-11 19:22,success
PAY0000545,000550,card,1499,2026-04-12 12:15,success
PAY0000546,000551,card,900,2026-04-11 14:03,success
PAY0000547,000552,UPI,1850,2026-04-09 18:58,success
PAY0000548,000553,UPI,700,2026-04-13 11:33,success
PAY0000549,000554,UPI,2999,2026-04-12 18:04,success
PAY0000550,000555,card,1499,2026-04-10 10:36,success
PAY0000551,000556,UPI,1200,2026-04-10 14:34,success
PAY0000552,000557,UPI,500,2026-04-12 15:01,success
PAY0000553,000558,UPI,1850,2026-04-14 19:27,success
PAY0000554,000559,UPI,1400,2026-04-15 18:22,success
PAY0000555,000560,UPI,1870,2026-04-15 21:35,success
PAY0000556,000561,UPI,550,2026-04-14 18:27,success
PAY0000557,000562,UPI,2999,2026-04-13 20:40,success
PAY0000558,000563,UPI,1050,2026-04-11 08:57,success
PAY0000559,000564,UPI,470,2026-04-11 20:10,success
PAY0000560,INV-565,cash,600,2026-04-10 08:02,success
PAY0000561,INV-566,cash,850,2026-04-13 18:06,success
PAY0000562,INV-567,cash,2999,2026-04-15 17:59,success
PAY0000563,INV-568,cash,1870,2026-04-09 16:00,success
PAY0000564,000569,UPI,500,2026-04-09 19:51,success
PAY0000565,000570,card,600,2026-04-14 12:40,success
PAY0000566,000571,card,1670,2026-04-09 18:46,success
PAY0000567,000572,UPI,2999,2026-04-15 20:07,success
PAY0000568,INV-573,cash,1800,2026-04-12 15:34,success
PAY0000569,000574,card,900,2026-04-15 18:36,success
PAY0000570,INV-575,cash,2270,2026-04-11 10:35,success
PAY0000571,KH/26-27/000576,cash,1550,2026-04-15 13:35,success
PAY0000572,INV-577,cash,2999,2026-04-10 14:01,success
PAY0000573,000578,UPI,1499,2026-04-09 20:35,success
PAY0000574,000579,UPI,1300,2026-04-15 13:47,success
PAY0000575,000580,card,2999,2026-04-15 18:33,success
PAY0000576,000581,card,1720,2026-04-15 19:57,success
PAY0000577,000582,UPI,2070,2026-04-16 16:23,success
PAY0000578,INV-583,cash,2800,2026-04-14 15:55,success
PAY0000579,000584,UPI,800,2026-04-14 15:50,success
PAY0000580,000585,card,2350,2026-04-11 09:22,success
PAY0000581,INV-586,cash,2999,2026-04-14 08:11,success
PAY0000582,000587,card,600,2026-04-14 16:19,success
PAY0000583,000587,card,600,2026-04-14 16:21,success
PAY0000584,INV-588,cash,2999,2026-04-10 11:53,success
PAY0000585,000589,UPI,1150,2026-04-10 11:59,success
PAY0000586,000591,UPI,150,2026-04-16 15:08,success
PAY0000587,000592,card,1600,2026-04-11 21:27,success
PAY0000588,000594,card,2300,2026-04-14 21:30,success
PAY0000589,000595,card,200,2026-04-10 19:59,success
PAY0000590,INV-596,cash,650,2026-04-15 16:02,success
PAY0000591,000597,UPI,720,2026-04-12 13:12,success
PAY0000592,000598,card,120,2026-04-14 11:11,success
PAY0000593,000599,UPI,1350,2026-04-14 14:08,success
PAY0000594,000600,UPI,1200,2026-04-11 09:19,success
PAY0000595,000601,UPI,2300,2026-04-14 12:57,success
PAY0000596,000602,card,200,2026-04-16 13:11,success
PAY0000597,000603,UPI,1650,2026-04-15 17:03,success
PAY0000598,000604,card,200,2026-04-12 13:54,success
PAY0000599,INV-605,cash,2999,2026-04-14 16:40,success
PAY0000600,000606,card,2999,2026-04-14 11:10,success
PAY0000601,000607,UPI,2050,2026-04-14 17:43,success
PAY0000602,000608,card,1550,2026-04-13 13:17,success
PAY0000603,000609,UPI,1400,2026-04-13 21:57,success
PAY0000604,000610,card,950,2026-04-11 09:50,success
PAY0000605,000611,UPI,620,2026-04-11 17:37,success
PAY0000606,000612,card,1050,2026-04-16 10:27,success
PAY0000607,000613,UPI,120,2026-04-12 08:38,success
PAY0000608,000614,UPI,350,2026-04-15 20:18,success
PAY0000609,000615,UPI,1020,2026-04-10 12:24,success
PAY0000610,000616,UPI,650,2026-04-12 13:14,success
PAY0000611,000617,UPI,3499,2026-04-14 17:17,success
PAY0000612,000618,UPI,2999,2026-04-14 10:47,success
PAY0000613,000619,UPI,3499,2026-04-13 15:41,success
PAY0000614,000620,card,2700,2026-04-11 16:51,success
PAY0000615,000621,UPI,700,2026-04-12 12:45,success
PAY0000616,INV-622,cash,1650,2026-04-16 16:22,success
PAY0000617,000623,UPI,750,2026-04-14 13:39,success
PAY0000618,000624,UPI,1150,2026-04-12 19:13,success
PAY0000619,000625,card,2950,2026-04-12 12:35,success
PAY0000620,000626,UPI,320,2026-04-16 19:54,success
PAY0000621,000627,UPI,550,2026-04-16 16:33,success
PAY0000622,000628,card,3099,2026-04-13 08:37,success
PAY0000623,INV-629,cash,1499,2026-04-14 17:19,success
PAY0000624,000630,UPI,1499,2026-04-16 12:46,success
PAY0000625,000631,card,550,2026-04-11 20:06,success
PAY0000626,INV-632,cash,2800,2026-04-16 16:08,success
PAY0000627,000633,UPI,350,2026-04-15 16:25,success
PAY0000628,INV-634,cash,700,2026-04-10 08:44,success
PAY0000629,000635,UPI,1499,2026-04-11 21:31,success
PAY0000630,000636,card,2999,2026-04-12 10:24,success
PAY0000631,000637,card,2800,2026-04-13 08:30,success
PAY0000632,000638,UPI,2420,2026-04-13 16:50,success
PAY0000633,000639,card,1499,2026-04-15 08:16,success
PAY0000634,000640,UPI,1100,2026-04-11 17:52,success
PAY0000635,000641,UPI,1850,2026-04-10 14:25,success
PAY0000636,000642,UPI,2999,2026-04-16 18:45,success
PAY0000637,000644,UPI,700,2026-04-17 14:01,success
PAY0000638,000646,card,200,2026-04-17 08:09,success
PAY0000639,000647,UPI,550,2026-04-16 18:45,success
PAY0000640,INV-648,cash,1499,2026-04-13 08:02,success
PAY0000641,000649,card,1599,2026-04-17 12:42,success
PAY0000642,000650,card,950,2026-04-15 20:53,success
PAY0000643,000651,card,3099,2026-04-13 20:34,success
PAY0000644,000651,card,-3099,2026-04-13 20:34,refund
PAY0000645,000652,UPI,3499,2026-04-17 13:19,success
PAY0000646,INV-653,cash,1499,2026-04-11 09:19,success
PAY0000647,000654,UPI,1020,2026-04-14 19:57,success
PAY0000648,000655,card,350,2026-04-16 15:30,success
PAY0000649,000656,card,550,2026-04-12 18:25,success
PAY0000650,INV-657,cash,800,2026-04-13 21:38,success
PAY0000651,000658,card,2999,2026-04-12 09:49,success
PAY0000652,000659,UPI,1500,2026-04-16 21:11,success
PAY0000653,000660,UPI,900,2026-04-15 14:19,success
PAY0000654,000662,UPI,1350,2026-04-14 09:15,success
PAY0000655,000663,UPI,3099,2026-04-13 20:58,success
PAY0000656,000664,UPI,1620,2026-04-11 13:33,success
PAY0000657,000665,UPI,1170,2026-04-16 08:40,success
PAY0000658,000666,card,900,2026-04-17 15:49,success
PAY0000659,000667,card,600,2026-04-15 12:13,success
PAY0000660,000668,UPI,320,2026-04-15 10:13,success
PAY0000661,INV-669,cash,900,2026-04-12 16:46,success
PAY0000662,000670,UPI,1800,2026-04-16 11:33,success
PAY0000663,KH/26-27/000671,cash,550,2026-04-16 19:36,success
PAY0000664,000672,UPI,2720,2026-04-13 11:11,success
PAY0000665,INV-673,cash,500,2026-04-17 16:24,success
PAY0000666,000674,UPI,650,2026-04-15 10:23,success
PAY0000667,000676,UPI,770,2026-04-11 08:40,success
PAY0000668,000677,UPI,350,2026-04-16 20:31,success
PAY0000669,000678,UPI,800,2026-04-17 20:06,success
PAY0000670,000679,UPI,650,2026-04-13 09:57,success
PAY0000671,INV-680,cash,3499,2026-04-14 18:47,success
PAY0000672,INV-681,cash,570,2026-04-13 21:56,success
PAY0000673,000682,UPI,150,2026-04-13 10:03,success
PAY0000674,000683,UPI,250,2026-04-15 13:55,success
PAY0000675,INV-685,cash,1499,2026-04-15 10:20,success
PAY0000676,000686,UPI,1350,2026-04-16 17:27,success
PAY0000677,000687,UPI,2150,2026-04-16 21:46,success
PAY0000678,000688,UPI,2999,2026-04-13 10:57,success
PAY0000679,000689,UPI,2999,2026-04-11 11:36,success
PAY0000680,INV-690,cash,2999,2026-04-16 10:11,success
PAY0000681,000691,UPI,500,2026-04-17 15:15,success
PAY0000682,000692,UPI,2999,2026-04-11 08:06,success
PAY0000683,000693,UPI,2100,2026-04-11 12:29,success
PAY0000684,000694,UPI,1600,2026-04-12 20:30,success
PAY0000685,000695,card,1650,2026-04-11 13:39,success
PAY0000686,INV-696,cash,120,2026-04-14 09:55,success
PAY0000687,000697,UPI,700,2026-04-15 18:59,success
PAY0000688,INV-698,cash,1150,2026-04-14 18:33,success
PAY0000689,000699,UPI,600,2026-04-14 19:23,success
PAY0000690,000700,UPI,2999,2026-04-15 12:58,success
PAY0000691,INV-701,cash,2850,2026-04-15 18:40,success
PAY0000692,INV-702,cash,1499,2026-04-17 08:54,success
PAY0000693,000703,UPI,2999,2026-04-15 11:58,success
PAY0000694,000704,UPI,200,2026-04-12 16:58,success
PAY0000695,INV-706,cash,2999,2026-04-12 08:50,success
PAY0000696,000707,UPI,1850,2026-04-11 14:39,success
PAY0000697,INV-708,cash,350,2026-04-12 14:45,success
PAY0000698,000709,UPI,600,2026-04-14 14:04,success
PAY0000699,000710,UPI,2999,2026-04-17 08:20,success
PAY0000700,000711,UPI,2450,2026-04-14 15:27,success
PAY0000701,000712,UPI,1650,2026-04-16 20:54,success
PAY0000702,000713,UPI,450,2026-04-17 19:59,success
PAY0000703,000714,UPI,1900,2026-04-13 09:21,success
PAY0000704,000715,UPI,1499,2026-04-16 21:43,success
PAY0000705,INV-716,cash,1200,2026-04-15 21:03,success
PAY0000706,000717,UPI,2200,2026-04-17 15:47,success
PAY0000707,000718,UPI,550,2026-04-15 08:28,success
PAY0000708,000719,UPI,770,2026-04-18 16:21,success
PAY0000709,INV-720,cash,700,2026-04-14 18:29,success
PAY0000710,000721,UPI,1200,2026-04-13 21:59,success
PAY0000711,000722,UPI,1620,2026-04-18 11:54,success
PAY0000712,000723,UPI,1550,2026-04-18 12:38,success
PAY0000713,000724,card,320,2026-04-17 08:15,success
PAY0000714,000725,UPI,450,2026-04-16 13:42,success
PAY0000715,KH/26-27/000726,cash,1499,2026-04-13 12:59,success
PAY0000716,000727,UPI,2999,2026-04-16 18:13,success
PAY0000717,000728,card,3599,2026-04-15 15:07,success
PAY0000718,000729,UPI,1350,2026-04-14 20:46,success
PAY0000719,INV-730,cash,900,2026-04-14 08:46,success
PAY0000720,INV-731,cash,1020,2026-04-12 19:31,success
PAY0000721,000732,UPI,2999,2026-04-14 10:00,success
PAY0000722,KH/26-27/000733,cash,1870,2026-04-13 10:24,success
PAY0000723,INV-734,cash,2100,2026-04-14 08:33,success
PAY0000724,INV-735,cash,350,2026-04-15 14:03,success
PAY0000725,000736,card,2999,2026-04-16 19:42,success
PAY0000726,000737,UPI,450,2026-04-14 09:00,success
PAY0000727,000738,UPI,850,2026-04-17 12:35,success
PAY0000728,000739,UPI,750,2026-04-16 15:31,success
PAY0000729,000739,UPI,750,2026-04-16 15:33,success
PAY0000730,000740,card,150,2026-04-13 13:23,success
PAY0000731,000742,UPI,1300,2026-04-14 19:37,success
PAY0000732,000743,UPI,2000,2026-04-14 16:30,success
PAY0000733,000744,UPI,770,2026-04-16 21:55,success
PAY0000734,000745,card,1650,2026-04-17 20:51,success
PAY0000735,INV-746,cash,2999,2026-04-12 14:12,success
PAY0000736,000747,UPI,1700,2026-04-12 14:28,success
PAY0000737,000748,UPI,1000,2026-04-16 08:29,success
PAY0000738,000749,UPI,1700,2026-04-17 13:55,success
PAY0000739,000750,UPI,150,2026-04-17 13:49,success
PAY0000740,000751,UPI,500,2026-04-19 20:31,success
PAY0000741,000752,UPI,1499,2026-04-16 16:25,success
PAY0000742,000753,card,500,2026-04-18 15:23,success
PAY0000743,INV-754,cash,1500,2026-04-15 08:15,success
PAY0000744,000755,UPI,1499,2026-04-18 10:33,success
PAY0000745,000756,UPI,2999,2026-04-13 14:56,success
PAY0000746,000757,card,1499,2026-04-15 14:50,success
PAY0000747,000758,UPI,600,2026-04-13 19:02,success
PAY0000748,000759,UPI,1120,2026-04-15 12:31,success
PAY0000749,000760,card,1499,2026-04-17 11:35,success
PAY0000750,000761,UPI,1050,2026-04-19 19:49,success
PAY0000751,000762,UPI,900,2026-04-18 17:55,success
PAY0000752,000763,UPI,2999,2026-04-18 17:20,success
PAY0000753,INV-765,cash,3499,2026-04-17 08:32,success
PAY0000754,INV-766,cash,600,2026-04-15 08:26,success
PAY0000755,000767,card,120,2026-04-17 09:58,success
PAY0000756,000768,card,1599,2026-04-13 11:59,success
PAY0000757,000769,UPI,3099,2026-04-14 16:19,success
PAY0000758,000770,card,750,2026-04-13 15:09,success
PAY0000759,000770,card,750,2026-04-13 15:11,success
PAY0000760,000771,UPI,1550,2026-04-15 19:37,success
PAY0000761,000772,UPI,700,2026-04-16 10:29,success
PAY0000762,000773,UPI,800,2026-04-13 16:26,success
PAY0000763,000773,UPI,800,2026-04-13 16:28,success
PAY0000764,000774,card,1400,2026-04-17 14:30,success
PAY0000765,000775,card,900,2026-04-15 16:57,success
PAY0000766,000776,UPI,1070,2026-04-18 16:55,success
PAY0000767,000776,UPI,1070,2026-04-18 16:57,success
PAY0000768,INV-778,cash,270,2026-04-18 13:40,success
PAY0000769,INV-779,cash,1950,2026-04-19 11:23,success
PAY0000770,000780,card,1700,2026-04-14 18:03,success
PAY0000771,INV-781,cash,200,2026-04-17 11:24,success
PAY0000772,000782,card,150,2026-04-15 13:07,success
PAY0000773,000783,UPI,2999,2026-04-17 21:59,success
PAY0000774,000784,card,150,2026-04-13 09:01,success
PAY0000775,INV-785,cash,3499,2026-04-15 16:24,success
PAY0000776,000786,UPI,2999,2026-04-19 09:03,success
PAY0000777,000787,UPI,350,2026-04-16 20:32,success
PAY0000778,000788,card,3499,2026-04-14 09:57,success
PAY0000779,000789,UPI,2500,2026-04-14 21:18,success
PAY0000780,000790,UPI,600,2026-04-14 09:09,success
PAY0000781,INV-791,cash,1499,2026-04-19 18:41,success
PAY0000782,INV-792,cash,850,2026-04-15 08:26,success
PAY0000783,000793,card,1100,2026-04-17 09:58,success
PAY0000784,000794,card,900,2026-04-17 14:15,success
PAY0000785,000795,card,150,2026-04-13 15:10,success
PAY0000786,INV-796,cash,450,2026-04-13 14:20,success
PAY0000787,000797,UPI,2500,2026-04-17 08:43,success
PAY0000788,INV-798,cash,2999,2026-04-13 14:09,success
PAY0000789,000799,card,1870,2026-04-16 17:28,success
PAY0000790,000800,UPI,920,2026-04-17 13:45,success
PAY0000791,000801,UPI,1350,2026-04-14 14:12,success
PAY0000792,INV-802,cash,1499,2026-04-14 11:35,success
PAY0000793,000803,UPI,600,2026-04-17 20:56,success
PAY0000794,INV-805,cash,2999,2026-04-16 12:18,success
PAY0000795,000806,card,1150,2026-04-16 20:08,success
PAY0000796,000807,UPI,900,2026-04-16 18:57,success
PAY0000797,000808,UPI,600,2026-04-16 18:48,success
PAY0000798,000809,UPI,700,2026-04-19 19:35,success
PAY0000799,000810,UPI,1950,2026-04-17 18:57,success
PAY0000800,000811,card,600,2026-04-14 09:26,success
PAY0000801,000812,UPI,2999,2026-04-16 19:18,success
PAY0000802,000813,UPI,650,2026-04-15 10:50,success
PAY0000803,000814,UPI,150,2026-04-19 11:41,success
PAY0000804,000815,UPI,1499,2026-04-18 20:48,success
PAY0000805,000815,UPI,-1499,2026-04-18 20:48,refund
PAY0000806,000816,UPI,650,2026-04-14 11:31,success
PAY0000807,000817,UPI,2999,2026-04-16 17:53,success
PAY0000808,000818,card,1050,2026-04-17 11:38,success
PAY0000809,INV-819,cash,1620,2026-04-18 08:43,success
PAY0000810,000820,card,1499,2026-04-20 08:19,success
PAY0000811,000821,UPI,3100,2026-04-15 14:56,success
PAY0000812,000822,UPI,350,2026-04-20 14:23,success
PAY0000813,000823,card,700,2026-04-17 11:30,success
PAY0000814,000824,card,3499,2026-04-19 16:30,success
PAY0000815,000825,UPI,1499,2026-04-19 12:34,success
PAY0000816,000826,UPI,650,2026-04-18 12:04,success
PAY0000817,000827,UPI,650,2026-04-20 21:36,success
PAY0000818,000828,UPI,900,2026-04-16 09:39,success
PAY0000819,000829,UPI,470,2026-04-19 16:50,success
PAY0000820,KH/26-27/000830,cash,200,2026-04-19 20:37,success
PAY0000821,000831,UPI,2999,2026-04-19 21:59,success
PAY0000822,000832,UPI,2150,2026-04-17 08:39,success
PAY0000823,KH/26-27/000833,cash,1499,2026-04-15 13:30,success
PAY0000824,000834,card,2170,2026-04-15 20:02,success
PAY0000825,000835,UPI,2999,2026-04-18 21:13,success
PAY0000826,000836,card,1600,2026-04-17 13:11,success
PAY0000827,000837,card,2999,2026-04-15 08:34,success
PAY0000828,000838,card,350,2026-04-15 17:39,success
PAY0000829,000839,card,1499,2026-04-17 11:38,success
PAY0000830,000840,UPI,700,2026-04-17 19:44,success
PAY0000831,INV-841,cash,2999,2026-04-17 10:51,success
PAY0000832,000842,card,120,2026-04-16 09:20,success
PAY0000833,000843,card,1120,2026-04-18 17:49,success
PAY0000834,000844,card,550,2026-04-14 15:56,success
PAY0000835,000845,UPI,2999,2026-04-17 12:04,success
PAY0000836,000846,UPI,1499,2026-04-14 08:06,success
PAY0000837,000847,card,850,2026-04-19 17:31,success
PAY0000838,000848,UPI,2450,2026-04-16 16:37,success
PAY0000839,000849,UPI,2999,2026-04-19 12:43,success
PAY0000840,000850,card,350,2026-04-20 14:02,success
PAY0000841,INV-851,cash,1350,2026-04-18 18:04,success
PAY0000842,000852,card,500,2026-04-16 09:39,success
PAY0000843,000853,UPI,900,2026-04-18 16:32,success
PAY0000844,000854,UPI,2999,2026-04-20 16:57,success
PAY0000845,000855,UPI,550,2026-04-15 08:09,success
PAY0000846,000856,card,1050,2026-04-16 18:14,success
PAY0000847,INV-857,cash,2450,2026-04-17 18:35,success
PAY0000848,000858,UPI,1499,2026-04-17 17:02,success
PAY0000849,INV-859,cash,1250,2026-04-20 18:24,success
PAY0000850,INV-860,cash,450,2026-04-17 08:33,success
PAY0000851,000861,UPI,1700,2026-04-18 19:31,success
PAY0000852,000862,card,1350,2026-04-19 21:14,success
PAY0000853,000863,UPI,2050,2026-04-16 09:23,success
PAY0000854,000864,UPI,2600,2026-04-15 10:33,success
PAY0000855,000865,card,2450,2026-04-20 15:37,success
PAY0000856,000866,card,1499,2026-04-15 20:32,success
PAY0000857,000867,UPI,200,2026-04-20 16:59,success
PAY0000858,000868,UPI,1300,2026-04-19 20:37,success
PAY0000859,000869,UPI,2999,2026-04-14 15:34,success
PAY0000860,000870,UPI,700,2026-04-19 16:32,success
PAY0000861,000871,UPI,1220,2026-04-20 17:58,success
PAY0000862,000872,UPI,2850,2026-04-16 21:09,success
PAY0000863,000873,card,2170,2026-04-16 19:11,success
PAY0000864,000874,UPI,2999,2026-04-16 18:29,success
PAY0000865,INV-875,cash,2200,2026-04-18 11:01,success
PAY0000866,000876,card,1250,2026-04-15 19:07,success
PAY0000867,000877,card,1300,2026-04-20 09:31,success
PAY0000868,INV-878,cash,1250,2026-04-21 10:06,success
PAY0000869,000879,card,3499,2026-04-18 20:01,success
PAY0000870,000880,UPI,3499,2026-04-21 18:37,success
PAY0000871,000881,UPI,1800,2026-04-19 11:45,success
PAY0000872,000882,card,800,2026-04-19 11:31,success
PAY0000873,000883,UPI,2000,2026-04-16 20:03,success
PAY0000874,000884,card,850,2026-04-18 20:29,success
PAY0000875,000885,card,1400,2026-04-17 11:19,success
PAY0000876,000886,UPI,720,2026-04-16 21:13,success
PAY0000877,INV-887,cash,700,2026-04-16 19:24,success
PAY0000878,INV-888,cash,1750,2026-04-15 20:12,success
PAY0000879,000889,card,3499,2026-04-18 17:48,success
PAY0000880,INV-890,cash,2100,2026-04-20 13:40,success
PAY0000881,000891,card,800,2026-04-17 15:25,success
PAY0000882,000892,UPI,2999,2026-04-15 15:23,success
PAY0000883,INV-893,cash,1599,2026-04-15 12:49,success
PAY0000884,000894,UPI,1620,2026-04-17 14:08,success
PAY0000885,000895,UPI,1500,2026-04-21 13:00,success
PAY0000886,000896,UPI,3499,2026-04-19 11:40,success
PAY0000887,000897,UPI,900,2026-04-20 20:44,success
PAY0000888,000898,UPI,750,2026-04-15 11:22,success
PAY0000889,000899,UPI,800,2026-04-17 11:19,success
PAY0000890,000900,UPI,650,2026-04-20 20:31,success
PAY0000891,000901,UPI,800,2026-04-18 09:07,success
PAY0000892,INV-902,cash,850,2026-04-15 12:55,success
PAY0000893,000903,UPI,1150,2026-04-18 20:40,success
PAY0000894,000904,UPI,3499,2026-04-20 13:01,success
PAY0000895,000905,UPI,1350,2026-04-15 10:57,success
PAY0000896,000906,UPI,700,2026-04-21 13:38,success
PAY0000897,000907,card,650,2026-04-21 11:43,success
PAY0000898,000908,UPI,900,2026-04-15 21:11,success
PAY0000899,000909,card,150,2026-04-21 10:40,success
PAY0000900,000910,card,350,2026-04-16 20:58,success
PAY0000901,000911,UPI,1400,2026-04-19 08:54,success
PAY0000902,000912,UPI,500,2026-04-16 20:11,success
PAY0000903,000913,card,2999,2026-04-17 20:01,success
PAY0000904,000914,UPI,450,2026-04-16 18:49,success
PAY0000905,000915,UPI,650,2026-04-19 08:11,success
PAY0000906,000916,card,2999,2026-04-16 10:35,success
PAY0000907,000917,UPI,1400,2026-04-19 08:40,success
PAY0000908,000918,UPI,1420,2026-04-20 08:31,success
PAY0000909,000920,card,1100,2026-04-17 20:40,success
PAY0000910,000921,UPI,1200,2026-04-18 12:18,success
PAY0000911,000922,UPI,1250,2026-04-15 09:24,success
PAY0000912,000923,card,3499,2026-04-19 19:17,success
PAY0000913,000924,UPI,1100,2026-04-16 08:21,success
PAY0000914,000925,UPI,1050,2026-04-18 15:00,success
PAY0000915,000926,card,650,2026-04-20 21:14,success
PAY0000916,000927,UPI,600,2026-04-18 21:56,success
PAY0000917,000928,UPI,700,2026-04-16 13:09,success
PAY0000918,000928,UPI,-700,2026-04-16 13:09,refund
PAY0000919,000929,UPI,2999,2026-04-20 14:40,success
PAY0000920,000930,UPI,200,2026-04-21 12:54,success
PAY0000921,000931,UPI,3099,2026-04-15 16:15,success
PAY0000922,000932,UPI,1650,2026-04-16 18:44,success
PAY0000923,000933,UPI,2999,2026-04-21 18:54,success
PAY0000924,000934,card,1770,2026-04-17 21:27,success
PAY0000925,000935,UPI,120,2026-04-21 10:47,success
PAY0000926,000937,UPI,1970,2026-04-17 09:11,success
PAY0000927,000938,card,2999,2026-04-19 11:12,success
PAY0000928,INV-939,cash,320,2026-04-17 21:23,success
PAY0000929,000941,card,150,2026-04-18 17:33,success
PAY0000930,000942,card,2999,2026-04-16 11:17,success
PAY0000931,000943,UPI,2999,2026-04-22 15:09,success
PAY0000932,000944,UPI,2370,2026-04-18 08:43,success
PAY0000933,000945,UPI,1100,2026-04-17 14:39,success
PAY0000934,000946,UPI,2999,2026-04-16 15:00,success
PAY0000935,000947,UPI,650,2026-04-19 16:10,success
PAY0000936,000948,card,200,2026-04-18 08:47,success
PAY0000937,000949,card,1599,2026-04-17 21:01,success
PAY0000938,000950,UPI,620,2026-04-22 15:01,success
PAY0000939,000951,card,150,2026-04-20 16:37,success
PAY0000940,000952,UPI,1950,2026-04-20 20:27,success
PAY0000941,INV-953,cash,2450,2026-04-20 16:38,success
PAY0000942,000954,card,700,2026-04-22 17:02,success
PAY0000943,000955,card,1300,2026-04-16 21:59,success
PAY0000944,000956,card,3499,2026-04-20 09:53,success
PAY0000945,000957,card,1550,2026-04-19 18:30,success
PAY0000946,000958,UPI,1300,2026-04-17 12:52,success
PAY0000947,000959,card,750,2026-04-17 14:17,success
PAY0000948,000960,card,3499,2026-04-20 21:52,success
PAY0000949,000961,card,450,2026-04-20 12:36,success
PAY0000950,000962,UPI,350,2026-04-17 09:46,success
PAY0000951,000963,UPI,2300,2026-04-17 20:56,success
PAY0000952,000964,UPI,1499,2026-04-19 16:28,success
PAY0000953,000965,UPI,800,2026-04-16 12:30,success
PAY0000954,000966,UPI,1320,2026-04-21 13:16,success
PAY0000955,INV-967,cash,750,2026-04-21 10:44,success
PAY0000956,000968,UPI,2350,2026-04-19 19:33,success
PAY0000957,000969,UPI,1200,2026-04-22 18:12,success
PAY0000958,000969,UPI,1200,2026-04-22 18:14,success
PAY0000959,000970,card,1499,2026-04-18 12:49,success
PAY0000960,000971,UPI,2999,2026-04-17 13:37,success
PAY0000961,000972,UPI,1100,2026-04-19 14:58,success
PAY0000962,000973,UPI,1200,2026-04-19 14:20,success
PAY0000963,000974,UPI,200,2026-04-18 21:48,success
PAY0000964,000975,UPI,1750,2026-04-22 09:25,success
PAY0000965,000976,card,900,2026-04-18 15:36,success
PAY0000966,000977,UPI,1499,2026-04-19 17:46,success
PAY0000967,000978,card,2999,2026-04-21 17:20,success
PAY0000968,000980,UPI,650,2026-04-16 14:41,success
PAY0000969,000981,UPI,500,2026-04-19 20:02,success
PAY0000970,000982,UPI,1499,2026-04-17 14:17,success
PAY0000971,000983,UPI,900,2026-04-21 13:00,success
PAY0000972,000984,card,1499,2026-04-16 21:30,success
PAY0000973,000985,UPI,350,2026-04-18 10:59,success
PAY0000974,000986,card,1550,2026-04-19 17:29,success
PAY0000975,000987,card,120,2026-04-20 13:44,success
PAY0000976,000988,UPI,1420,2026-04-21 17:58,success
PAY0000977,000989,UPI,650,2026-04-21 10:43,success
PAY0000978,000990,card,1200,2026-04-16 08:21,success
PAY0000979,INV-991,cash,2100,2026-04-16 14:06,success
PAY0000980,000992,UPI,2999,2026-04-17 21:04,success
PAY0000981,000993,UPI,1450,2026-04-21 17:23,success
PAY0000982,000994,card,1700,2026-04-18 10:32,success
PAY0000983,INV-995,cash,3499,2026-04-20 09:40,success
PAY0000984,000996,UPI,700,2026-04-20 08:07,success
PAY0000985,000997,card,900,2026-04-20 21:40,success
PAY0000986,000998,UPI,600,2026-04-19 14:35,success
PAY0000987,INV-999,cash,950,2026-04-19 13:26,success
PAY0000988,001000,card,1350,2026-04-20 08:27,success
PAY0000989,001001,UPI,1520,2026-04-16 09:47,success
PAY0000990,001001,UPI,-1520,2026-04-16 09:47,refund
PAY0000991,INV-1002,cash,150,2026-04-16 21:24,success
PAY0000992,INV-1003,cash,500,2026-04-21 17:28,success
PAY0000993,001004,card,850,2026-04-16 12:04,success
PAY0000994,001005,UPI,2650,2026-04-22 10:46,success
PAY0000995,001006,card,3499,2026-04-17 20:09,success
PAY0000996,001007,UPI,1300,2026-04-20 10:10,success
PAY0000997,001008,card,2999,2026-04-18 09:48,success
PAY0000998,INV-1009,cash,1750,2026-04-23 19:15,success
PAY0000999,001010,card,200,2026-04-23 17:17,success
PAY0001000,001011,UPI,120,2026-04-23 20:32,success
PAY0001001,001012,card,1370,2026-04-20 15:03,success
PAY0001002,001014,UPI,3099,2026-04-20 09:10,success
PAY0001003,001015,UPI,3499,2026-04-19 12:07,success
PAY0001004,001016,UPI,2999,2026-04-21 08:51,success
PAY0001005,001017,card,2520,2026-04-22 13:53,success
PAY0001006,001018,UPI,1770,2026-04-17 21:18,success
PAY0001007,INV-1019,cash,2999,2026-04-23 12:27,success
PAY0001008,001020,UPI,1000,2026-04-21 15:43,success
PAY0001009,001021,card,2999,2026-04-19 20:10,success
PAY0001010,001022,UPI,2999,2026-04-19 16:35,success
PAY0001011,001023,UPI,2999,2026-04-18 09:26,success
PAY0001012,INV-1024,cash,150,2026-04-18 12:37,success
PAY0001013,001025,UPI,2000,2026-04-22 14:44,success
PAY0001014,INV-1026,cash,3050,2026-04-23 08:26,success
PAY0001015,001027,UPI,2999,2026-04-19 10:47,success
PAY0001016,001028,UPI,150,2026-04-23 12:14,success
PAY0001017,001029,UPI,1499,2026-04-19 13:26,success
PAY0001018,001030,UPI,2820,2026-04-20 13:39,success
PAY0001019,001031,UPI,3499,2026-04-19 15:45,success
PAY0001020,001032,UPI,1200,2026-04-17 09:15,success
PAY0001021,001033,card,1550,2026-04-18 11:23,success
PAY0001022,001034,UPI,1320,2026-04-17 12:44,success
PAY0001023,001035,card,1150,2026-04-17 16:04,success
PAY0001024,INV-1036,cash,900,2026-04-22 12:55,success
PAY0001025,001037,UPI,3499,2026-04-21 17:29,success
PAY0001026,001038,card,2999,2026-04-21 18:37,success
PAY0001027,001039,UPI,1100,2026-04-17 18:59,success
PAY0001028,001040,UPI,3099,2026-04-19 21:31,success
PAY0001029,001041,UPI,2750,2026-04-22 16:12,success
PAY0001030,001041,UPI,2750,2026-04-22 16:14,success
PAY0001031,001043,card,1499,2026-04-22 13:23,success
PAY0001032,001044,card,750,2026-04-20 18:09,success
PAY0001033,001045,UPI,650,2026-04-19 19:10,success
PAY0001034,001046,UPI,1050,2026-04-20 14:04,success
PAY0001035,001047,UPI,500,2026-04-21 12:19,success
PAY0001036,001048,UPI,2999,2026-04-22 19:10,success
PAY0001037,001049,UPI,1499,2026-04-19 20:26,success
PAY0001038,001050,UPI,3100,2026-04-22 14:10,success
PAY0001039,001051,card,1650,2026-04-19 18:39,success
PAY0001040,001052,UPI,800,2026-04-20 16:46,success
PAY0001041,001053,UPI,2100,2026-04-22 12:53,success
PAY0001042,001054,UPI,1650,2026-04-21 13:33,success
PAY0001043,001055,card,450,2026-04-18 20:27,success
PAY0001044,INV-1056,cash,2999,2026-04-22 19:12,success
PAY0001045,001057,card,1470,2026-04-19 19:25,success
PAY0001046,001058,card,700,2026-04-23 14:16,success
PAY0001047,001059,UPI,3499,2026-04-19 13:18,success
PAY0001048,001060,UPI,2250,2026-04-22 20:30,success
PAY0001049,001061,UPI,450,2026-04-22 21:53,success
PAY0001050,001062,UPI,650,2026-04-22 09:45,success
PAY0001051,001063,card,1700,2026-04-17 16:14,success
PAY0001052,001064,UPI,200,2026-04-19 09:50,success
PAY0001053,001065,UPI,1200,2026-04-23 15:12,success
PAY0001054,INV-1066,cash,1499,2026-04-18 16:40,success
PAY0001055,001067,UPI,1450,2026-04-20 16:37,success
PAY0001056,001068,UPI,550,2026-04-21 21:54,success
PAY0001057,001069,card,1200,2026-04-18 10:20,success
PAY0001058,INV-1070,cash,1499,2026-04-23 17:06,success
PAY0001059,001071,UPI,650,2026-04-23 20:05,success
PAY0001060,001072,card,2999,2026-04-19 13:37,success
PAY0001061,001073,UPI,3499,2026-04-21 12:31,success
PAY0001062,001074,card,200,2026-04-22 17:26,success
PAY0001063,INV-1075,cash,1200,2026-04-22 11:49,success
PAY0001064,001076,UPI,600,2026-04-22 09:07,success
PAY0001065,001077,UPI,120,2026-04-23 15:28,success
PAY0001066,001078,UPI,350,2026-04-19 17:25,success
PAY0001067,001079,UPI,850,2026-04-24 09:04,success
PAY0001068,INV-1080,cash,2999,2026-04-18 18:27,success
PAY0001069,001081,UPI,1200,2026-04-21 12:51,success
PAY0001070,INV-1082,cash,650,2026-04-23 08:28,success
PAY0001071,001083,UPI,2450,2026-04-22 20:53,success
PAY0001072,001084,UPI,2600,2026-04-22 09:02,success
PAY0001073,INV-1085,cash,2720,2026-04-18 13:25,success
PAY0001074,001086,card,500,2026-04-20 12:02,success
PAY0001075,001087,card,1600,2026-04-21 11:45,success
PAY0001076,001088,UPI,3499,2026-04-21 09:37,success
PAY0001077,001090,card,1499,2026-04-23 15:38,success
PAY0001078,INV-1092,cash,1400,2026-04-22 15:36,success
PAY0001079,001093,UPI,1499,2026-04-23 20:58,success
PAY0001080,INV-1094,cash,1599,2026-04-23 19:04,success
PAY0001081,INV-1095,cash,950,2026-04-23 12:29,success
PAY0001082,001096,card,1200,2026-04-21 17:52,success
PAY0001083,INV-1097,cash,150,2026-04-22 12:30,success
PAY0001084,001098,card,1499,2026-04-18 13:09,success
PAY0001085,001099,UPI,1250,2026-04-18 09:17,success
PAY0001086,INV-1100,cash,650,2026-04-18 12:01,success
PAY0001087,001101,UPI,150,2026-04-21 13:45,success
PAY0001088,001102,UPI,200,2026-04-18 13:02,success
PAY0001089,001103,UPI,1200,2026-04-18 15:48,success
PAY0001090,001104,card,2150,2026-04-23 16:15,success
PAY0001091,INV-1105,cash,2550,2026-04-19 20:19,success
PAY0001092,001106,UPI,600,2026-04-23 12:11,success
PAY0001093,001107,UPI,1499,2026-04-23 16:41,success
PAY0001094,INV-1108,cash,700,2026-04-18 15:42,success
PAY0001095,001109,UPI,570,2026-04-20 12:01,success
PAY0001096,001110,card,1650,2026-04-18 09:46,success
PAY0001097,INV-1111,cash,2999,2026-04-20 12:40,success
PAY0001098,001112,UPI,1750,2026-04-19 09:32,success
PAY0001099,001113,UPI,1550,2026-04-24 11:52,success
PAY0001100,001113,UPI,1550,2026-04-24 11:54,success
PAY0001101,001114,UPI,1050,2026-04-21 20:12,success
PAY0001102,INV-1115,cash,1900,2026-04-24 08:25,success
PAY0001103,001116,card,3099,2026-04-19 19:01,success
PAY0001104,KH/26-27/001117,cash,2999,2026-04-22 10:10,success
PAY0001105,INV-1118,cash,350,2026-04-20 19:38,success
PAY0001106,001119,UPI,1800,2026-04-21 14:05,success
PAY0001107,001120,card,1100,2026-04-19 20:43,success
PAY0001108,001121,UPI,900,2026-04-23 21:38,success
PAY0001109,001122,card,1200,2026-04-21 19:24,success
PAY0001110,001123,UPI,700,2026-04-23 21:09,success
PAY0001111,001124,UPI,1900,2026-04-23 12:36,success
PAY0001112,001125,UPI,700,2026-04-23 10:07,success
PAY0001113,INV-1126,cash,650,2026-04-21 18:04,success
PAY0001114,001127,UPI,3599,2026-04-21 12:30,success
PAY0001115,INV-1128,cash,1420,2026-04-19 14:42,success
PAY0001116,001129,UPI,650,2026-04-21 17:40,success
PAY0001117,001130,UPI,900,2026-04-19 12:17,success
PAY0001118,001131,UPI,950,2026-04-18 17:42,success
PAY0001119,001132,card,1220,2026-04-24 08:54,success
PAY0001120,001133,card,2999,2026-04-22 21:05,success
PAY0001121,INV-1134,cash,3099,2026-04-20 15:23,success
PAY0001122,001135,card,1599,2026-04-18 09:35,success
PAY0001123,001136,UPI,450,2026-04-24 16:11,success
PAY0001124,001137,UPI,3499,2026-04-25 19:20,success
PAY0001125,001138,UPI,1499,2026-04-20 12:18,success
PAY0001126,INV-1139,cash,720,2026-04-24 18:43,success
PAY0001127,001140,card,1700,2026-04-25 13:38,success
PAY0001128,001141,UPI,1300,2026-04-20 21:27,success
PAY0001129,KH/26-27/001142,cash,3499,2026-04-25 14:18,success
PAY0001130,001143,UPI,770,2026-04-19 09:48,success
PAY0001131,001144,UPI,2800,2026-04-21 10:37,success
PAY0001132,001145,card,720,2026-04-24 14:30,success
PAY0001133,001146,UPI,650,2026-04-19 09:00,success
PAY0001134,001147,UPI,1150,2026-04-21 08:32,success
PAY0001135,001148,UPI,550,2026-04-24 19:15,success
PAY0001136,INV-1149,cash,600,2026-04-25 16:28,success
PAY0001137,001151,UPI,1499,2026-04-22 15:27,success
PAY0001138,001152,UPI,900,2026-04-20 16:24,success
PAY0001139,INV-1153,cash,2250,2026-04-24 08:28,success
PAY0001140,001154,UPI,1120,2026-04-22 11:27,success
PAY0001141,001155,UPI,2800,2026-04-19 08:20,success
PAY0001142,001156,UPI,900,2026-04-21 10:19,success
PAY0001143,001157,UPI,1020,2026-04-24 11:59,success
PAY0001144,001158,UPI,500,2026-04-25 13:40,success
PAY0001145,INV-1159,cash,150,2026-04-19 21:31,success
PAY0001146,INV-1160,cash,1499,2026-04-19 10:49,success
PAY0001147,001161,UPI,2999,2026-04-19 09:32,success
PAY0001148,001162,UPI,1450,2026-04-25 18:01,success
PAY0001149,001163,UPI,550,2026-04-25 09:29,success
PAY0001150,001164,UPI,2750,2026-04-25 13:58,success
PAY0001151,001165,UPI,1499,2026-04-22 18:13,success
PAY0001152,001166,UPI,850,2026-04-24 08:54,success
PAY0001153,001167,UPI,2999,2026-04-21 17:47,success
PAY0001154,001168,UPI,2950,2026-04-21 08:25,success
PAY0001155,001169,card,3499,2026-04-25 14:54,success
PAY0001156,001170,UPI,150,2026-04-22 18:40,success
PAY0001157,001171,card,2000,2026-04-20 18:39,success
PAY0001158,INV-1172,cash,2999,2026-04-23 18:59,success
PAY0001159,001173,UPI,2999,2026-04-23 19:51,success
PAY0001160,001174,card,1300,2026-04-20 10:54,success
PAY0001161,001175,UPI,1499,2026-04-21 08:33,success
PAY0001162,INV-1176,cash,2999,2026-04-21 18:41,success
PAY0001163,INV-1177,cash,2999,2026-04-25 10:27,success
PAY0001164,001178,UPI,2999,2026-04-20 14:02,success
PAY0001165,001179,UPI,220,2026-04-24 19:01,success
PAY0001166,001180,UPI,2100,2026-04-21 11:06,success
PAY0001167,001181,UPI,1870,2026-04-22 20:21,success
PAY0001168,001182,UPI,550,2026-04-21 20:27,success
PAY0001169,INV-1183,cash,800,2026-04-20 18:23,success
PAY0001170,001184,UPI,900,2026-04-20 09:20,success
PAY0001171,INV-1185,cash,1050,2026-04-24 16:38,success
PAY0001172,001186,card,3499,2026-04-23 13:27,success
PAY0001173,001187,UPI,650,2026-04-26 12:49,success
PAY0001174,INV-1188,cash,3499,2026-04-23 11:22,success
PAY0001175,001189,UPI,1620,2026-04-23 15:54,success
PAY0001176,001190,UPI,820,2026-04-24 16:28,success
PAY0001177,001191,UPI,1350,2026-04-23 10:08,success
PAY0001178,KH/26-27/001192,cash,2650,2026-04-26 13:48,success
PAY0001179,001193,UPI,2999,2026-04-25 15:40,success
PAY0001180,001194,card,350,2026-04-23 14:43,success
PAY0001181,001195,UPI,1200,2026-04-25 15:32,success
PAY0001182,001196,UPI,200,2026-04-23 09:09,success
PAY0001183,001197,UPI,2999,2026-04-22 09:28,success
PAY0001184,INV-1198,cash,1520,2026-04-24 08:11,success
PAY0001185,001200,UPI,2999,2026-04-21 16:07,success
PAY0001186,INV-1201,cash,1150,2026-04-22 13:33,success
PAY0001187,001202,UPI,1050,2026-04-22 12:47,success
PAY0001188,001203,UPI,1100,2026-04-21 18:13,success
PAY0001189,001203,UPI,1100,2026-04-21 18:15,success
PAY0001190,001206,card,550,2026-04-20 21:59,success
PAY0001191,001207,UPI,1499,2026-04-25 18:36,success
PAY0001192,001208,UPI,900,2026-04-23 11:07,success
PAY0001193,001209,UPI,1499,2026-04-24 21:18,success
PAY0001194,001210,UPI,700,2026-04-20 21:29,success
PAY0001195,001211,UPI,1499,2026-04-24 15:49,success
PAY0001196,001212,UPI,2999,2026-04-26 17:03,success
PAY0001197,001213,card,1499,2026-04-24 13:36,success
PAY0001198,001214,UPI,2700,2026-04-21 12:31,success
PAY0001199,001215,UPI,1050,2026-04-21 10:45,success
PAY0001200,001216,UPI,1200,2026-04-22 12:36,success
PAY0001201,001218,UPI,320,2026-04-23 11:02,success
PAY0001202,001219,card,1499,2026-04-25 08:12,success
PAY0001203,001220,UPI,120,2026-04-26 14:41,success
PAY0001204,INV-1221,cash,650,2026-04-25 09:15,success
PAY0001205,INV-1221,cash,-650,2026-04-25 09:15,refund
PAY0001206,001222,UPI,700,2026-04-25 15:49,success
PAY0001207,001223,card,1850,2026-04-24 19:38,success
PAY0001208,INV-1224,cash,1200,2026-04-22 21:20,success
PAY0001209,001225,UPI,2999,2026-04-24 17:57,success
PAY0001210,001226,card,2999,2026-04-23 17:06,success
PAY0001211,INV-1227,cash,1499,2026-04-26 16:23,success
PAY0001212,INV-1228,cash,750,2026-04-20 12:39,success
PAY0001213,001229,UPI,1499,2026-04-23 08:28,success
PAY0001214,INV-1230,cash,1550,2026-04-24 08:53,success
PAY0001215,KH/26-27/001231,cash,2999,2026-04-23 19:55,success
PAY0001216,001232,UPI,1800,2026-04-22 18:00,success
PAY0001217,001233,UPI,570,2026-04-22 21:48,success
PAY0001218,001234,UPI,1499,2026-04-24 16:38,success
PAY0001219,001235,card,500,2026-04-26 17:32,success
PAY0001220,001236,card,570,2026-04-24 15:05,success
PAY0001221,001237,UPI,700,2026-04-21 20:07,success
PAY0001222,INV-1238,cash,3099,2026-04-21 10:00,success
PAY0001223,001239,card,1950,2026-04-23 17:36,success
PAY0001224,001240,card,800,2026-04-26 10:30,success
PAY0001225,INV-1241,cash,900,2026-04-24 08:25,success
PAY0001226,001242,UPI,1300,2026-04-24 18:55,success
PAY0001227,INV-1243,cash,850,2026-04-27 12:43,success
PAY0001228,001244,UPI,2999,2026-04-23 11:33,success
PAY0001229,001245,UPI,1000,2026-04-26 17:29,success
PAY0001230,001246,UPI,3099,2026-04-24 16:56,success
PAY0001231,001247,UPI,2150,2026-04-22 08:29,success
PAY0001232,001249,UPI,2999,2026-04-22 13:37,success
PAY0001233,001250,card,1900,2026-04-24 16:51,success
PAY0001234,INV-1251,cash,1270,2026-04-26 14:53,success
PAY0001235,001252,UPI,1650,2026-04-23 13:36,success
PAY0001236,001253,card,1650,2026-04-21 09:29,success
PAY0001237,001254,UPI,2999,2026-04-25 09:43,success
PAY0001238,001255,UPI,1499,2026-04-26 10:35,success
PAY0001239,INV-1256,cash,1200,2026-04-22 17:27,success
PAY0001240,001257,card,700,2026-04-27 17:41,success
PAY0001241,INV-1258,cash,2999,2026-04-26 13:04,success
PAY0001242,001259,card,120,2026-04-21 18:27,success
PAY0001243,001260,card,150,2026-04-26 18:00,success
PAY0001244,001261,card,2999,2026-04-25 08:09,success
PAY0001245,001263,UPI,1250,2026-04-21 16:33,success
PAY0001246,001264,UPI,1100,2026-04-24 19:42,success
PAY0001247,INV-1265,cash,3499,2026-04-22 21:53,success
PAY0001248,001266,UPI,1499,2026-04-25 08:49,success
PAY0001249,001267,UPI,1550,2026-04-25 14:53,success
PAY0001250,001268,UPI,2100,2026-04-22 08:57,success
PAY0001251,001269,UPI,1400,2026-04-21 15:10,success
PAY0001252,001270,UPI,1499,2026-04-27 13:05,success
PAY0001253,INV-1271,cash,2670,2026-04-24 18:33,success
PAY0001254,001272,card,700,2026-04-26 18:45,success
PAY0001255,INV-1274,cash,600,2026-04-27 13:45,success
PAY0001256,001275,UPI,3499,2026-04-22 20:22,success
PAY0001257,001276,UPI,900,2026-04-21 16:43,success
PAY0001258,001277,card,2999,2026-04-24 14:22,success
PAY0001259,001278,UPI,1200,2026-04-25 15:17,success
PAY0001260,INV-1279,cash,2900,2026-04-24 08:09,success
PAY0001261,001280,UPI,2220,2026-04-21 21:22,success
PAY0001262,001281,card,320,2026-04-22 13:43,success
PAY0001263,001282,UPI,3099,2026-04-21 10:36,success
PAY0001264,001283,UPI,2220,2026-04-24 08:57,success
PAY0001265,001284,UPI,1850,2026-04-23 14:04,success
PAY0001266,INV-1285,cash,570,2026-04-24 21:00,success
PAY0001267,INV-1286,cash,270,2026-04-23 19:10,success
PAY0001268,001287,card,750,2026-04-23 13:57,success
PAY0001269,001288,UPI,1499,2026-04-25 11:18,success
PAY0001270,001289,UPI,1520,2026-04-21 14:18,success
PAY0001271,KH/26-27/001290,cash,500,2026-04-22 14:04,success
PAY0001272,001291,UPI,3499,2026-04-22 19:09,success
PAY0001273,KH/26-27/001292,cash,1499,2026-04-25 14:40,success
PAY0001274,001293,card,700,2026-04-22 14:34,success
PAY0001275,INV-1294,cash,2999,2026-04-26 16:34,success
PAY0001276,001295,card,500,2026-04-22 18:39,success
PAY0001277,001296,card,2999,2026-04-23 16:00,success
PAY0001278,001297,UPI,650,2026-04-22 14:10,success
PAY0001279,001298,card,2200,2026-04-27 16:33,success
PAY0001280,INV-1299,cash,1370,2026-04-23 19:39,success
PAY0001281,INV-1300,cash,2250,2026-04-23 15:08,success
PAY0001282,001301,card,2750,2026-04-27 18:16,success
PAY0001283,001302,UPI,2999,2026-04-27 10:20,success
PAY0001284,001303,card,1499,2026-04-22 15:56,success
PAY0001285,001304,UPI,450,2026-04-25 10:15,success
PAY0001286,INV-1305,cash,1499,2026-04-24 20:36,success
PAY0001287,001306,card,2999,2026-04-22 09:00,success
PAY0001288,001307,card,570,2026-04-28 20:26,success
PAY0001289,001308,UPI,1150,2026-04-24 16:28,success
PAY0001290,001308,UPI,1150,2026-04-24 16:30,success
PAY0001291,001309,card,200,2026-04-23 18:28,success
PAY0001292,001310,UPI,120,2026-04-26 16:43,success
PAY0001293,001311,card,2300,2026-04-25 10:33,success
PAY0001294,001313,UPI,900,2026-04-23 08:58,success
PAY0001295,001314,UPI,700,2026-04-24 15:32,success
PAY0001296,001315,UPI,2999,2026-04-27 20:10,success
PAY0001297,001316,card,1350,2026-04-28 14:48,success
PAY0001298,INV-1317,cash,3499,2026-04-27 11:12,success
PAY0001299,001318,UPI,2250,2026-04-22 11:06,success
PAY0001300,INV-1319,cash,1499,2026-04-22 19:05,success
PAY0001301,001320,UPI,2999,2026-04-23 12:51,success
PAY0001302,001321,UPI,1070,2026-04-24 16:49,success
PAY0001303,001322,UPI,2000,2026-04-25 18:23,success
PAY0001304,001323,UPI,1920,2026-04-26 18:11,success
PAY0001305,001324,UPI,1350,2026-04-25 13:12,success
PAY0001306,001325,UPI,2500,2026-04-23 14:40,success
PAY0001307,001326,UPI,1050,2026-04-25 13:45,success
PAY0001308,INV-1327,cash,700,2026-04-26 09:04,success
PAY0001309,INV-1328,cash,3099,2026-04-24 09:25,success
PAY0001310,INV-1329,cash,1750,2026-04-23 21:46,success
PAY0001311,001330,UPI,3499,2026-04-24 15:13,success
PAY0001312,INV-1331,cash,1270,2026-04-25 18:37,success
PAY0001313,001332,UPI,1100,2026-04-22 09:35,success
PAY0001314,INV-1333,cash,1499,2026-04-25 12:13,success
PAY0001315,INV-1334,cash,1050,2026-04-22 10:51,success
PAY0001316,001335,UPI,1320,2026-04-24 10:54,success
PAY0001317,001336,UPI,200,2026-04-28 19:18,success
PAY0001318,001337,card,2450,2026-04-26 11:59,success
PAY0001319,001338,UPI,600,2026-04-28 18:56,success
PAY0001320,001340,UPI,1100,2026-04-28 17:37,success
PAY0001321,001341,UPI,900,2026-04-22 16:08,success
PAY0001322,001342,UPI,1050,2026-04-26 17:33,success
PAY0001323,001343,UPI,1600,2026-04-23 16:32,success
PAY0001324,001344,card,1499,2026-04-22 10:02,success
PAY0001325,001345,card,1700,2026-04-22 13:42,success
PAY0001326,001346,UPI,2300,2026-04-25 18:23,success
PAY0001327,001347,card,1650,2026-04-23 08:05,success
PAY0001328,001348,UPI,2800,2026-04-23 08:55,success
PAY0001329,001349,UPI,450,2026-04-22 10:19,success
PAY0001330,INV-1350,cash,750,2026-04-28 17:37,success
PAY0001331,001351,UPI,1270,2026-04-28 13:38,success
PAY0001332,001352,card,850,2026-04-22 14:17,success
PAY0001333,001353,UPI,1800,2026-04-23 14:31,success
PAY0001334,INV-1354,cash,1050,2026-04-28 08:09,success
PAY0001335,001355,UPI,700,2026-04-22 19:09,success
PAY0001336,001356,UPI,650,2026-04-24 21:12,success
PAY0001337,001357,UPI,2999,2026-04-25 12:37,success
PAY0001338,001358,UPI,1150,2026-04-28 19:27,success
PAY0001339,001359,UPI,1550,2026-04-27 11:40,success
PAY0001340,001360,card,700,2026-04-27 20:51,success
PAY0001341,001362,UPI,1450,2026-04-24 12:53,success
PAY0001342,001363,card,700,2026-04-24 17:38,success
PAY0001343,001364,UPI,550,2026-04-29 16:38,success
PAY0001344,001365,UPI,1499,2026-04-29 12:19,success
PAY0001345,001366,UPI,850,2026-04-29 09:37,success
PAY0001346,001367,UPI,350,2026-04-23 13:13,success
PAY0001347,001368,UPI,2999,2026-04-29 15:40,success
PAY0001348,001369,UPI,1050,2026-04-29 18:21,success
PAY0001349,001370,UPI,2750,2026-04-26 19:37,success
PAY0001350,001371,UPI,1500,2026-04-27 10:24,success
PAY0001351,001372,UPI,300,2026-04-28 15:35,success
PAY0001352,001373,UPI,1170,2026-04-23 12:29,success
PAY0001353,001374,card,2450,2026-04-24 20:01,success
PAY0001354,INV-1375,cash,1700,2026-04-28 13:18,success
PAY0001355,001376,UPI,900,2026-04-26 13:47,success
PAY0001356,001377,UPI,2999,2026-04-24 12:02,success
PAY0001357,INV-1378,cash,1400,2026-04-24 15:38,success
PAY0001358,001379,card,600,2026-04-29 16:58,success
PAY0001359,INV-1380,cash,2999,2026-04-28 17:16,success
PAY0001360,001381,UPI,750,2026-04-24 20:36,success
PAY0001361,INV-1382,cash,2999,2026-04-23 19:24,success
PAY0001362,001383,UPI,700,2026-04-25 19:42,success
PAY0001363,001384,UPI,1450,2026-04-24 12:08,success
PAY0001364,001385,card,2999,2026-04-25 13:37,success
PAY0001365,001386,UPI,350,2026-04-27 08:53,success
PAY0001366,001387,UPI,2999,2026-04-29 17:15,success
PAY0001367,001388,UPI,1770,2026-04-27 16:59,success
PAY0001368,001388,UPI,1770,2026-04-27 16:59,success
PAY0001369,001389,UPI,2999,2026-04-27 14:30,success
PAY0001370,001390,UPI,2999,2026-04-24 21:34,success
PAY0001371,001391,card,500,2026-04-23 18:03,success
PAY0001372,001391,card,500,2026-04-23 18:05,success
PAY0001373,INV-1392,cash,1250,2026-04-24 19:01,success
PAY0001374,001393,card,970,2026-04-28 20:39,success
PAY0001375,001395,card,1870,2026-04-24 09:58,success
PAY0001376,001396,UPI,450,2026-04-24 14:03,success
PAY0001377,001398,UPI,900,2026-04-26 14:46,success
PAY0001378,001398,UPI,900,2026-04-26 14:48,success
PAY0001379,001399,UPI,1750,2026-04-24 09:43,success
PAY0001380,001400,UPI,500,2026-04-24 21:56,success
PAY0001381,001401,card,200,2026-04-23 16:35,success
PAY0001382,001402,card,2999,2026-04-27 19:18,success
PAY0001383,001403,card,1700,2026-04-25 17:10,success
PAY0001384,001404,UPI,800,2026-04-27 08:44,success
PAY0001385,001405,UPI,2999,2026-04-29 15:41,success
PAY0001386,001406,card,1200,2026-04-26 10:31,success
PAY0001387,001407,UPI,1700,2026-04-24 15:43,success
PAY0001388,001408,card,500,2026-04-29 19:52,success
PAY0001389,001409,UPI,1570,2026-04-24 17:50,success
PAY0001390,001410,card,450,2026-04-27 11:34,success
PAY0001391,001411,card,150,2026-04-24 20:53,success
PAY0001392,001412,UPI,700,2026-04-29 18:14,success
PAY0001393,001412,UPI,-700,2026-04-29 18:14,refund
PAY0001394,INV-1413,cash,1150,2026-04-27 09:47,success
PAY0001395,INV-1414,cash,2500,2026-04-26 18:12,success
PAY0001396,001415,UPI,570,2026-04-27 08:59,success
PAY0001397,001416,UPI,1350,2026-04-28 18:33,success
PAY0001398,001417,UPI,850,2026-04-25 17:28,success
PAY0001399,INV-1418,cash,1300,2026-04-23 19:27,success
PAY0001400,001419,card,700,2026-04-29 15:15,success
PAY0001401,001420,UPI,2999,2026-04-28 19:02,success
PAY0001402,001421,card,2999,2026-04-29 10:11,success
PAY0001403,001422,card,2999,2026-04-27 08:37,success
PAY0001404,001423,card,2999,2026-04-27 21:26,success
PAY0001405,001424,card,2570,2026-04-24 20:42,success
PAY0001406,001425,UPI,2050,2026-04-27 16:06,success
PAY0001407,001426,UPI,2999,2026-04-25 10:14,success
PAY0001408,KH/26-27/001427,cash,2999,2026-04-29 13:47,success
PAY0001409,INV-1428,cash,1250,2026-04-29 09:11,success
PAY0001410,001429,card,1300,2026-04-30 21:39,success
PAY0001411,001430,UPI,800,2026-04-25 08:54,success
PAY0001412,001431,card,1150,2026-04-28 21:01,success
PAY0001413,001432,UPI,200,2026-04-29 10:31,success
PAY0001414,001433,card,350,2026-04-26 09:13,success
PAY0001415,001434,UPI,200,2026-04-25 21:02,success
PAY0001416,001435,UPI,1499,2026-04-24 20:45,success
PAY0001417,001436,UPI,2999,2026-04-24 12:35,success
PAY0001418,001437,UPI,1900,2026-04-24 08:50,success
PAY0001419,001438,card,1499,2026-04-26 19:52,success
PAY0001420,001439,UPI,1200,2026-04-24 12:42,success
PAY0001421,001440,UPI,200,2026-04-25 16:58,success
PAY0001422,001442,UPI,700,2026-04-24 16:19,success
PAY0001423,001443,UPI,120,2026-04-25 12:25,success
PAY0001424,001444,card,150,2026-04-24 12:09,success
PAY0001425,001445,UPI,2400,2026-04-26 10:20,success
PAY0001426,001446,UPI,1200,2026-04-25 15:47,success
PAY0001427,001447,card,1500,2026-04-30 09:02,success
PAY0001428,001448,UPI,900,2026-04-28 21:43,success
PAY0001429,001449,UPI,2750,2026-04-27 11:45,success
PAY0001430,001450,UPI,2950,2026-04-30 14:14,success
PAY0001431,001450,UPI,2950,2026-04-30 14:16,success
PAY0001432,INV-1451,cash,150,2026-04-25 17:27,success
PAY0001433,001452,UPI,2999,2026-04-27 15:05,success
PAY0001434,001453,UPI,270,2026-04-29 18:43,success
PAY0001435,001454,UPI,1000,2026-04-30 09:47,success
PAY0001436,001455,UPI,1499,2026-04-25 14:01,success
PAY0001437,001456,UPI,2250,2026-04-24 11:28,success
PAY0001438,001457,UPI,1150,2026-04-28 08:36,success
PAY0001439,001458,UPI,700,2026-04-25 09:20,success
PAY0001440,001459,UPI,2250,2026-04-29 10:06,success
PAY0001441,001459,UPI,2250,2026-04-29 10:08,success
PAY0001442,001460,UPI,2999,2026-04-26 14:15,success
PAY0001443,001461,card,1400,2026-04-27 21:12,success
PAY0001444,001462,UPI,1100,2026-04-25 17:36,success
PAY0001445,001463,card,500,2026-04-24 21:16,success
PAY0001446,001464,card,700,2026-04-24 13:07,success
PAY0001447,001465,UPI,1300,2026-04-29 11:48,success
PAY0001448,001466,card,1599,2026-04-26 17:09,success
PAY0001449,001467,UPI,2100,2026-04-29 15:20,success
PAY0001450,001468,card,2100,2026-04-27 15:33,success
PAY0001451,001469,UPI,2650,2026-04-28 20:02,success
PAY0001452,001470,UPI,2999,2026-04-29 18:01,success
PAY0001453,001471,card,3099,2026-04-28 09:52,success
PAY0001454,INV-1472,cash,1120,2026-04-27 10:15,success
PAY0001455,001473,UPI,3250,2026-04-27 17:34,success
PAY0001456,001474,card,1000,2026-04-30 09:48,success
PAY0001457,KH/26-27/001475,cash,700,2026-04-30 17:54,success
PAY0001458,INV-1476,cash,2600,2026-05-01 12:11,success
PAY0001459,001477,card,2999,2026-05-01 13:27,success
PAY0001460,001478,card,1499,2026-04-27 19:43,success
PAY0001461,001481,UPI,650,2026-04-29 18:28,success
PAY0001462,001482,UPI,550,2026-04-25 21:28,success
PAY0001463,INV-1483,cash,750,2026-04-30 13:42,success
PAY0001464,INV-1484,cash,2770,2026-04-28 19:58,success
PAY0001465,001485,card,1500,2026-05-01 10:37,success
PAY0001466,001486,UPI,2999,2026-04-28 18:03,success
PAY0001467,INV-1487,cash,1050,2026-04-28 08:48,success
PAY0001468,001488,UPI,2999,2026-04-27 18:44,success
PAY0001469,001489,UPI,450,2026-04-27 17:22,success
PAY0001470,001490,UPI,500,2026-04-30 12:31,success
PAY0001471,001491,UPI,2999,2026-05-01 08:35,success
PAY0001472,001492,UPI,2999,2026-04-25 13:43,success
PAY0001473,001493,card,1850,2026-04-25 14:10,success
PAY0001474,001494,UPI,1820,2026-05-01 11:57,success
PAY0001475,001495,UPI,550,2026-04-30 15:22,success
PAY0001476,INV-1496,cash,2850,2026-04-26 17:42,success
PAY0001477,001497,UPI,1250,2026-04-27 18:13,success
PAY0001478,001498,UPI,2200,2026-04-28 15:50,success
PAY0001479,INV-1499,cash,1499,2026-05-01 14:43,success
PAY0001480,001500,UPI,1499,2026-04-26 08:23,success
PAY0001481,001501,UPI,650,2026-04-27 20:37,success
PAY0001482,001502,UPI,1670,2026-04-25 21:03,success
PAY0001483,001503,UPI,3499,2026-04-25 13:26,success
PAY0001484,001504,UPI,500,2026-05-01 19:01,success
PAY0001485,001505,UPI,2550,2026-04-27 19:22,success
PAY0001486,INV-1506,cash,1770,2026-05-01 12:15,success
PAY0001487,INV-1507,cash,3099,2026-04-28 12:53,success
PAY0001488,001508,UPI,2000,2026-05-01 13:15,success
PAY0001489,INV-1509,cash,1350,2026-04-25 15:59,success
PAY0001490,001510,card,2999,2026-04-25 16:44,success
PAY0001491,INV-1511,cash,2300,2026-04-29 13:50,success
PAY0001492,KH/26-27/001512,cash,700,2026-04-29 11:08,success
PAY0001493,KH/26-27/001513,cash,650,2026-04-28 14:23,success
PAY0001494,001514,UPI,1800,2026-04-27 21:41,success
PAY0001495,001515,UPI,1450,2026-05-01 14:57,success
PAY0001496,001516,UPI,1200,2026-04-30 21:29,success
PAY0001497,INV-1517,cash,450,2026-05-01 20:43,success
PAY0001498,001518,UPI,1900,2026-04-25 12:50,success
PAY0001499,INV-1519,cash,120,2026-04-28 20:13,success
PAY0001500,001520,UPI,800,2026-04-26 15:00,success
PAY0001501,001521,card,850,2026-04-26 08:02,success
PAY0001502,001522,card,2550,2026-05-01 15:17,success
PAY0001503,001523,card,3499,2026-04-27 12:37,success
PAY0001504,001524,UPI,1499,2026-04-26 10:47,success
PAY0001505,001525,UPI,500,2026-05-01 08:21,success
PAY0001506,001526,UPI,2999,2026-04-27 19:35,success
PAY0001507,001527,UPI,1000,2026-04-28 21:11,success
PAY0001508,001528,card,900,2026-04-26 10:09,success
PAY0001509,INV-1529,cash,2220,2026-04-30 20:37,success
PAY0001510,001530,card,2999,2026-04-30 08:11,success
PAY0001511,KH/26-27/001531,cash,650,2026-04-30 16:36,success
PAY0001512,001532,card,900,2026-05-02 17:32,success
PAY0001513,001533,UPI,2999,2026-04-30 21:28,success
PAY0001514,001534,UPI,1870,2026-04-29 16:14,success
PAY0001515,001535,UPI,200,2026-04-28 20:07,success
PAY0001516,001536,UPI,350,2026-04-29 08:21,success
PAY0001517,001537,card,150,2026-04-26 13:36,success
PAY0001518,KH/26-27/001538,cash,1750,2026-04-27 09:04,success
PAY0001519,001540,UPI,1200,2026-04-30 21:00,success
PAY0001520,001541,UPI,3499,2026-05-02 15:28,success
PAY0001521,INV-1542,cash,500,2026-05-01 15:49,success
PAY0001522,001543,UPI,1499,2026-04-30 19:15,success
PAY0001523,001544,card,200,2026-04-28 20:39,success
PAY0001524,001545,card,1000,2026-04-26 11:33,success
PAY0001525,001546,card,1600,2026-04-30 09:11,success
PAY0001526,INV-1547,cash,2999,2026-05-01 10:05,success
PAY0001527,001548,card,1750,2026-04-28 08:49,success
PAY0001528,001549,card,2999,2026-05-02 16:45,success
PAY0001529,INV-1550,cash,1499,2026-05-02 18:50,success
PAY0001530,001551,UPI,2300,2026-05-02 18:42,success
PAY0001531,INV-1552,cash,1400,2026-04-30 17:05,success
PAY0001532,001553,card,2999,2026-04-29 12:46,success
PAY0001533,INV-1554,cash,1499,2026-04-28 11:03,success
PAY0001534,001555,UPI,2999,2026-05-02 12:14,success
PAY0001535,INV-1556,cash,2100,2026-04-28 10:10,success
PAY0001536,001557,UPI,3499,2026-04-26 19:21,success
PAY0001537,001558,UPI,1599,2026-04-30 13:30,success
PAY0001538,INV-1559,cash,1499,2026-04-27 08:12,success
PAY0001539,001560,UPI,2200,2026-04-27 14:05,success
PAY0001540,001561,UPI,2999,2026-04-27 11:16,success
PAY0001541,INV-1562,cash,550,2026-04-26 14:50,success
PAY0001542,INV-1563,cash,1850,2026-04-29 09:03,success
PAY0001543,001564,UPI,770,2026-05-02 13:50,success
PAY0001544,001565,card,570,2026-05-01 18:15,success
PAY0001545,001566,UPI,800,2026-04-28 12:15,success
PAY0001546,001567,UPI,750,2026-04-30 10:49,success
PAY0001547,001568,UPI,1050,2026-04-29 16:02,success
PAY0001548,001569,card,900,2026-05-01 18:08,success
PAY0001549,001570,UPI,2999,2026-04-28 08:22,success
PAY0001550,001571,UPI,1499,2026-05-02 15:27,success
PAY0001551,001572,UPI,1250,2026-04-27 21:47,success
PAY0001552,001573,UPI,1250,2026-05-02 16:21,success
PAY0001553,001574,UPI,500,2026-05-01 08:20,success
PAY0001554,001575,UPI,2999,2026-04-30 10:10,success
PAY0001555,001576,UPI,2600,2026-05-01 16:15,success
PAY0001556,001577,UPI,650,2026-05-01 11:12,success
PAY0001557,001577,UPI,650,2026-05-01 11:14,success
PAY0001558,INV-1578,cash,1750,2026-05-02 16:42,success
PAY0001559,001579,UPI,1950,2026-04-29 11:42,success
PAY0001560,001580,UPI,700,2026-05-02 17:18,success
PAY0001561,001581,UPI,1300,2026-04-28 12:27,success
PAY0001562,001582,UPI,2999,2026-04-30 18:25,success
PAY0001563,001583,card,1250,2026-04-30 21:39,success
PAY0001564,001584,card,1670,2026-04-28 20:45,success
PAY0001565,001585,UPI,1000,2026-05-03 13:19,success
PAY0001566,001586,UPI,1499,2026-04-27 14:34,success
PAY0001567,001587,UPI,3499,2026-04-29 19:30,success
PAY0001568,INV-1588,cash,1450,2026-05-01 09:00,success
PAY0001569,001589,UPI,2999,2026-05-01 11:29,success
PAY0001570,INV-1590,cash,2600,2026-05-01 17:34,success
PAY0001571,INV-1591,cash,2999,2026-05-02 13:02,success
PAY0001572,001592,UPI,670,2026-04-29 13:32,success
PAY0001573,KH/26-27/001593,cash,2999,2026-04-30 14:28,success
PAY0001574,001594,UPI,2999,2026-04-30 08:50,success
PAY0001575,001595,UPI,1120,2026-05-02 17:08,success
PAY0001576,001596,UPI,850,2026-05-01 17:12,success
PAY0001577,001596,UPI,-850,2026-05-01 17:12,refund
PAY0001578,001597,card,1520,2026-05-02 17:58,success
PAY0001579,001598,card,550,2026-05-02 11:13,success
PAY0001580,001599,UPI,1850,2026-04-28 21:09,success
PAY0001581,001600,UPI,1750,2026-04-27 12:00,success
PAY0001582,001601,UPI,3499,2026-05-02 17:38,success
PAY0001583,001602,card,1750,2026-05-01 18:46,success
PAY0001584,INV-1603,cash,1500,2026-04-30 10:33,success
PAY0001585,001604,UPI,1300,2026-05-01 17:21,success
PAY0001586,001606,UPI,2999,2026-04-28 08:48,success
PAY0001587,INV-1607,cash,3350,2026-05-01 08:07,success
PAY0001588,001608,UPI,1850,2026-04-29 19:53,success
PAY0001589,001609,UPI,1670,2026-04-30 15:52,success
PAY0001590,001610,UPI,2220,2026-05-02 10:55,success
PAY0001591,001611,UPI,2170,2026-05-02 21:35,success
PAY0001592,INV-1612,cash,1550,2026-04-27 19:47,success
PAY0001593,001613,UPI,600,2026-05-03 14:28,success
PAY0001594,001614,card,2050,2026-05-01 17:58,success
PAY0001595,001615,UPI,1350,2026-05-01 15:45,success
PAY0001596,INV-1616,cash,1120,2026-04-27 14:58,success
PAY0001597,001617,UPI,1300,2026-04-29 19:28,success
PAY0001598,001618,UPI,1700,2026-05-02 21:20,success
PAY0001599,001619,UPI,1050,2026-04-28 13:55,success
PAY0001600,INV-1620,cash,200,2026-04-28 08:32,success
PAY0001601,001621,UPI,120,2026-04-28 09:08,success
PAY0001602,001621,UPI,120,2026-04-28 09:10,success
PAY0001603,INV-1622,cash,1499,2026-05-02 11:23,success
PAY0001604,001623,card,670,2026-05-03 10:08,success
PAY0001605,001624,card,2170,2026-04-28 21:19,success
PAY0001606,001625,UPI,2250,2026-04-30 10:44,success
PAY0001607,001626,UPI,3099,2026-04-30 13:08,success
PAY0001608,001627,UPI,2999,2026-05-03 08:42,success
PAY0001609,INV-1628,cash,1700,2026-04-27 10:10,success
PAY0001610,INV-1629,cash,2999,2026-05-02 18:18,success
PAY0001611,001630,UPI,1800,2026-04-28 18:09,success
PAY0001612,001631,UPI,2999,2026-04-29 16:08,success
PAY0001613,INV-1632,cash,2999,2026-04-30 20:47,success
PAY0001614,001633,UPI,650,2026-04-29 17:54,success
PAY0001615,001634,UPI,3099,2026-04-29 16:45,success
PAY0001616,001635,card,2999,2026-04-30 21:17,success
PAY0001617,INV-1636,cash,750,2026-04-29 12:12,success
PAY0001618,001637,UPI,320,2026-05-03 16:46,success
PAY0001619,001638,UPI,1250,2026-04-29 10:18,success
PAY0001620,001639,UPI,2100,2026-04-28 10:36,success
PAY0001621,001640,card,700,2026-04-29 14:23,success
PAY0001622,001641,UPI,1970,2026-05-01 16:19,success
PAY0001623,001642,card,200,2026-04-30 21:09,success
PAY0001624,INV-1643,cash,1970,2026-05-01 20:14,success
PAY0001625,001644,UPI,900,2026-05-01 10:51,success
PAY0001626,001645,UPI,650,2026-04-29 08:09,success
PAY0001627,001646,UPI,450,2026-04-30 13:06,success
PAY0001628,001647,UPI,600,2026-04-28 15:57,success
PAY0001629,001648,card,700,2026-04-29 10:27,success
PAY0001630,INV-1649,cash,500,2026-05-02 17:56,success
PAY0001631,001650,UPI,1950,2026-04-29 18:19,success
PAY0001632,001651,card,1800,2026-04-30 19:30,success
PAY0001633,001652,UPI,700,2026-05-02 13:10,success
PAY0001634,001653,UPI,3499,2026-05-04 09:34,success
PAY0001635,001654,UPI,470,2026-05-01 18:14,success
PAY0001636,001655,UPI,2500,2026-05-02 19:58,success
PAY0001637,KH/26-27/001656,cash,1350,2026-05-02 19:44,success
PAY0001638,001657,UPI,250,2026-04-28 13:26,success
PAY0001639,001658,card,2999,2026-05-03 08:28,success
PAY0001640,001659,UPI,570,2026-05-03 11:22,success
PAY0001641,001659,UPI,570,2026-05-03 11:24,success
PAY0001642,001660,UPI,1150,2026-05-02 16:12,success
PAY0001643,001661,UPI,2999,2026-04-29 15:03,success
PAY0001644,001662,UPI,2100,2026-04-30 09:14,success
PAY0001645,001663,UPI,2120,2026-05-02 19:44,success
PAY0001646,001664,card,2999,2026-04-29 14:46,success
PAY0001647,001665,UPI,1350,2026-05-03 18:32,success
PAY0001648,INV-1667,cash,1200,2026-04-29 09:04,success
PAY0001649,001668,UPI,2200,2026-05-02 14:50,success
PAY0001650,001669,card,600,2026-04-29 18:10,success
PAY0001651,001670,UPI,900,2026-05-04 13:55,success
PAY0001652,001671,card,2999,2026-05-04 11:17,success
PAY0001653,001672,UPI,150,2026-05-04 11:42,success
PAY0001654,001673,UPI,2999,2026-05-02 15:40,success
PAY0001655,001674,card,500,2026-05-01 15:08,success
PAY0001656,001675,UPI,1150,2026-05-03 20:11,success
PAY0001657,001676,UPI,1370,2026-05-01 12:29,success
PAY0001658,001677,UPI,1200,2026-04-30 13:55,success
PAY0001659,001678,UPI,2999,2026-05-01 09:50,success
PAY0001660,001679,card,1700,2026-05-02 13:15,success
PAY0001661,INV-1680,cash,1400,2026-05-01 10:41,success
PAY0001662,001681,UPI,1700,2026-04-29 15:24,success
PAY0001663,KH/26-27/001682,cash,2750,2026-05-03 11:30,success
PAY0001664,001683,card,3499,2026-04-30 09:13,success
PAY0001665,KH/26-27/001684,cash,750,2026-04-29 11:15,success
PAY0001666,001685,card,1050,2026-04-28 12:54,success
PAY0001667,001686,UPI,1499,2026-05-02 19:37,success
PAY0001668,001687,card,450,2026-04-28 12:12,success
PAY0001669,001688,UPI,2250,2026-05-01 20:59,success
PAY0001670,001689,UPI,1250,2026-04-29 20:24,success
PAY0001671,001690,UPI,600,2026-04-29 12:39,success
PAY0001672,001691,UPI,2999,2026-04-30 13:25,success
PAY0001673,001692,UPI,570,2026-04-30 11:40,success
PAY0001674,001693,UPI,120,2026-05-04 14:04,success
PAY0001675,INV-1694,cash,1499,2026-04-30 20:39,success
PAY0001676,001695,UPI,1850,2026-04-29 18:09,success
PAY0001677,001696,card,2900,2026-05-01 18:35,success
PAY0001678,001697,card,1700,2026-05-05 13:09,success
PAY0001679,001699,UPI,200,2026-05-04 19:30,success
PAY0001680,001700,UPI,270,2026-05-02 15:01,success
PAY0001681,001701,UPI,1500,2026-05-01 21:59,success
PAY0001682,INV-1702,cash,2999,2026-04-30 16:29,success
PAY0001683,INV-1703,cash,1870,2026-05-02 14:49,success
PAY0001684,001704,UPI,450,2026-05-01 21:41,success
PAY0001685,001705,card,600,2026-05-04 15:25,success
PAY0001686,001706,UPI,770,2026-05-02 17:35,success
PAY0001687,001707,UPI,1599,2026-05-02 18:43,success
PAY0001688,001708,card,2999,2026-05-01 11:37,success
PAY0001689,001709,UPI,1420,2026-05-01 21:50,success
PAY0001690,001710,card,1499,2026-05-01 13:01,success
PAY0001691,001711,UPI,3099,2026-05-04 20:51,success
PAY0001692,001712,UPI,1499,2026-04-29 12:42,success
PAY0001693,001713,card,550,2026-05-04 19:02,success
PAY0001694,001714,UPI,2370,2026-05-03 08:38,success
PAY0001695,INV-1715,cash,800,2026-05-03 16:09,success
PAY0001696,INV-1716,cash,3099,2026-05-03 12:38,success
PAY0001697,001717,UPI,3499,2026-05-01 14:58,success
PAY0001698,INV-1718,cash,1750,2026-05-01 18:52,success
PAY0001699,001719,UPI,500,2026-05-01 12:25,success
PAY0001700,001720,card,1320,2026-05-02 10:57,success
PAY0001701,INV-1721,cash,2320,2026-05-04 20:13,success
PAY0001702,001722,UPI,350,2026-05-04 11:20,success
PAY0001703,001723,UPI,700,2026-04-30 09:16,success
PAY0001704,001724,UPI,1650,2026-05-01 13:11,success
PAY0001705,001725,UPI,270,2026-05-04 16:55,success
PAY0001706,001726,UPI,1499,2026-04-30 14:39,success
PAY0001707,001727,UPI,1499,2026-05-02 16:11,success
PAY0001708,001728,UPI,1870,2026-05-05 19:35,success
PAY0001709,INV-1729,cash,2350,2026-05-05 19:11,success
PAY0001710,001730,UPI,550,2026-05-03 21:06,success
PAY0001711,001731,UPI,900,2026-04-30 15:27,success
PAY0001712,001732,UPI,550,2026-05-02 09:49,success
PAY0001713,001733,UPI,2370,2026-04-29 20:06,success
PAY0001714,001734,UPI,1499,2026-05-04 18:01,success
PAY0001715,001735,card,900,2026-04-29 15:07,success
PAY0001716,INV-1736,cash,2900,2026-05-05 13:41,success
PAY0001717,001737,UPI,600,2026-05-05 13:37,success
PAY0001718,001738,UPI,2999,2026-05-02 16:40,success
PAY0001719,001739,UPI,620,2026-04-29 16:36,success
PAY0001720,001740,card,1320,2026-05-02 17:26,success
PAY0001721,001741,UPI,1170,2026-04-30 13:35,success
PAY0001722,INV-1742,cash,650,2026-05-03 13:01,success
PAY0001723,001743,card,3599,2026-05-05 13:32,success
PAY0001724,001743,card,3599,2026-05-05 13:34,success
PAY0001725,INV-1744,cash,1150,2026-05-03 20:14,success
PAY0001726,001745,card,1350,2026-04-29 12:25,success
PAY0001727,001746,UPI,1450,2026-05-05 09:41,success
PAY0001728,001747,UPI,2999,2026-05-05 14:15,success
PAY0001729,001748,UPI,2050,2026-05-03 18:11,success
PAY0001730,001749,card,1000,2026-05-01 15:36,success
PAY0001731,001750,UPI,2999,2026-05-01 08:39,success
PAY0001732,INV-1751,cash,500,2026-04-30 14:00,success
PAY0001733,001752,UPI,650,2026-04-29 11:03,success
PAY0001734,001753,UPI,1120,2026-05-04 20:21,success
PAY0001735,001754,UPI,2999,2026-05-04 21:48,success
PAY0001736,001756,UPI,2999,2026-05-02 13:53,success
PAY0001737,001757,card,2999,2026-05-02 19:41,success
PAY0001738,001758,UPI,350,2026-05-01 12:59,success
PAY0001739,KH/26-27/001759,cash,150,2026-04-30 08:20,success
PAY0001740,INV-1760,cash,650,2026-05-01 10:59,success
PAY0001741,001761,UPI,1500,2026-05-04 19:14,success
PAY0001742,001762,card,200,2026-05-05 15:28,success
PAY0001743,INV-1763,cash,1499,2026-05-01 14:19,success
PAY0001744,INV-1764,cash,850,2026-05-06 08:34,success
PAY0001745,001765,UPI,1350,2026-04-30 18:52,success
PAY0001746,001766,card,1200,2026-05-05 08:23,success
PAY0001747,001767,UPI,900,2026-05-04 20:19,success
PAY0001748,001768,card,3499,2026-04-30 13:01,success
PAY0001749,001768,card,3499,2026-04-30 13:03,success
PAY0001750,001769,card,1650,2026-05-03 13:06,success
PAY0001751,001770,card,150,2026-05-04 18:14,success
PAY0001752,001771,UPI,2999,2026-05-01 14:18,success
PAY0001753,001772,UPI,1000,2026-04-30 11:51,success
PAY0001754,INV-1773,cash,1200,2026-05-02 12:27,success
PAY0001755,001774,UPI,1499,2026-05-05 21:17,success
PAY0001756,001775,UPI,2999,2026-05-03 20:29,success
PAY0001757,001776,card,1499,2026-05-03 10:23,success
PAY0001758,001777,card,2750,2026-05-03 11:30,success
PAY0001759,001777,card,2750,2026-05-03 11:32,success
PAY0001760,001778,UPI,1499,2026-05-05 20:14,success
PAY0001761,INV-1779,cash,3499,2026-05-04 10:12,success
PAY0001762,001780,UPI,1200,2026-05-05 12:13,success
PAY0001763,001781,UPI,2999,2026-04-30 15:34,success
PAY0001764,001782,UPI,2650,2026-05-01 09:27,success
PAY0001765,001783,UPI,1499,2026-05-01 09:25,success
PAY0001766,001784,UPI,3499,2026-05-04 17:16,success
PAY0001767,INV-1785,cash,1499,2026-05-02 08:13,success
PAY0001768,INV-1786,cash,3499,2026-05-06 11:47,success
PAY0001769,001787,UPI,2150,2026-05-01 12:57,success
PAY0001770,001788,UPI,350,2026-05-06 09:30,success
PAY0001771,INV-1789,cash,1100,2026-05-02 09:54,success
PAY0001772,001790,UPI,2950,2026-05-03 08:22,success
PAY0001773,001791,UPI,2100,2026-05-01 09:06,success
PAY0001774,001792,UPI,900,2026-05-06 11:55,success
PAY0001775,001793,UPI,1400,2026-05-03 12:01,success
PAY0001776,001794,UPI,1499,2026-05-02 21:32,success
PAY0001777,INV-1795,cash,3499,2026-05-04 13:57,success
PAY0001778,INV-1796,cash,570,2026-05-01 11:30,success
PAY0001779,INV-1797,cash,550,2026-05-02 10:57,success
PAY0001780,001798,UPI,1850,2026-05-06 18:54,success
PAY0001781,001799,card,1599,2026-05-03 17:56,success
PAY0001782,001801,UPI,1200,2026-05-03 12:52,success
PAY0001783,001802,UPI,950,2026-05-03 20:38,success
PAY0001784,INV-1803,cash,2999,2026-05-04 12:55,success
PAY0001785,001804,UPI,2350,2026-05-02 08:51,success
PAY0001786,001805,card,2950,2026-05-04 14:47,success
PAY0001787,001806,card,700,2026-05-01 19:42,success
PAY0001788,001808,card,1000,2026-05-06 10:07,success
PAY0001789,001809,card,1700,2026-05-06 10:05,success
PAY0001790,001810,UPI,200,2026-05-02 20:13,success
PAY0001791,001811,card,1200,2026-05-05 19:48,success
PAY0001792,INV-1812,cash,2999,2026-05-01 15:13,success
PAY0001793,001813,card,3499,2026-05-04 20:04,success
PAY0001794,001814,UPI,600,2026-05-05 19:52,success
PAY0001795,KH/26-27/001816,cash,3499,2026-05-03 18:42,success
PAY0001796,001817,UPI,1300,2026-05-07 17:10,success
PAY0001797,001818,UPI,1100,2026-05-07 20:09,success
PAY0001798,INV-1819,cash,3099,2026-05-01 19:42,success
PAY0001799,001820,card,1970,2026-05-01 18:38,success
PAY0001800,001821,UPI,1499,2026-05-01 11:07,success
PAY0001801,001822,UPI,1600,2026-05-07 12:23,success
PAY0001802,INV-1824,cash,1050,2026-05-06 18:27,success
PAY0001803,001825,card,350,2026-05-03 15:43,success
PAY0001804,001826,card,2999,2026-05-06 11:37,success
PAY0001805,001827,card,2999,2026-05-07 19:33,success
PAY0001806,INV-1828,cash,1200,2026-05-06 18:13,success
PAY0001807,001829,UPI,550,2026-05-01 16:26,success
PAY0001808,INV-1830,cash,820,2026-05-03 13:53,success
PAY0001809,001831,card,320,2026-05-07 15:30,success
PAY0001810,001832,UPI,150,2026-05-06 11:16,success
PAY0001811,001833,card,600,2026-05-05 08:39,success
PAY0001812,001834,UPI,1499,2026-05-04 14:01,success
PAY0001813,001835,card,200,2026-05-03 20:28,success
PAY0001814,001836,UPI,1250,2026-05-05 18:39,success
PAY0001815,001837,UPI,800,2026-05-07 14:45,success
PAY0001816,001838,UPI,1270,2026-05-04 09:21,success
PAY0001817,001839,UPI,3499,2026-05-04 13:05,success
PAY0001818,001840,UPI,2999,2026-05-06 11:20,success
PAY0001819,001841,UPI,2999,2026-05-02 16:58,success
PAY0001820,001842,UPI,2050,2026-05-01 17:33,success
PAY0001821,001843,UPI,850,2026-05-01 14:01,success
PAY0001822,001844,UPI,500,2026-05-05 16:25,success
PAY0001823,INV-1845,cash,2999,2026-05-06 16:21,success
PAY0001824,001846,UPI,2900,2026-05-03 08:54,success
PAY0001825,001846,UPI,2900,2026-05-03 08:56,success
PAY0001826,001847,UPI,2950,2026-05-06 12:19,success
PAY0001827,001848,UPI,350,2026-05-04 15:48,success
PAY0001828,001849,card,900,2026-05-01 08:29,success
PAY0001829,001850,UPI,1850,2026-05-03 11:29,success
PAY0001830,001850,UPI,1850,2026-05-03 11:31,success
PAY0001831,001851,UPI,1670,2026-05-07 11:59,success
PAY0001832,001852,UPI,1499,2026-05-01 17:51,success
PAY0001833,INV-1853,cash,2999,2026-05-03 20:25,success
PAY0001834,001854,UPI,1499,2026-05-07 16:45,success
PAY0001835,001855,UPI,600,2026-05-03 13:46,success
PAY0001836,001856,UPI,1900,2026-05-05 09:10,success
PAY0001837,INV-1857,cash,550,2026-05-03 14:41,success
PAY0001838,001858,UPI,770,2026-05-01 13:00,success
PAY0001839,001859,UPI,2900,2026-05-05 13:50,success
PAY0001840,001860,card,2999,2026-05-05 18:01,success
PAY0001841,001861,card,3000,2026-05-04 13:45,success
PAY0001842,001862,card,1950,2026-05-05 12:16,success
PAY0001843,001863,UPI,1850,2026-05-01 17:10,success
PAY0001844,001864,UPI,1950,2026-05-07 16:51,success
PAY0001845,001865,UPI,1900,2026-05-05 12:33,success
PAY0001846,INV-1866,cash,2100,2026-05-03 16:54,success
PAY0001847,001867,card,420,2026-05-07 19:32,success
PAY0001848,001868,UPI,700,2026-05-01 08:06,success
PAY0001849,001869,UPI,1850,2026-05-05 12:53,success
PAY0001850,INV-1870,cash,2150,2026-05-01 15:15,success
PAY0001851,001871,UPI,1050,2026-05-05 19:38,success
PAY0001852,001872,UPI,2999,2026-05-06 19:05,success
PAY0001853,INV-1873,cash,950,2026-05-02 15:40,success
PAY0001854,001874,UPI,900,2026-05-06 17:24,success
PAY0001855,001875,card,3499,2026-05-08 20:45,success
PAY0001856,001876,UPI,2999,2026-05-02 09:49,success
PAY0001857,001877,card,2999,2026-05-05 08:00,success
PAY0001858,INV-1878,cash,1600,2026-05-05 11:08,success
PAY0001859,001879,UPI,1350,2026-05-06 16:44,success
PAY0001860,INV-1880,cash,1820,2026-05-05 18:59,success
PAY0001861,001881,UPI,1150,2026-05-04 10:08,success
PAY0001862,001882,UPI,1499,2026-05-02 12:54,success
PAY0001863,001883,UPI,1650,2026-05-03 14:31,success
PAY0001864,INV-1884,cash,550,2026-05-06 14:24,success
PAY0001865,001885,UPI,2999,2026-05-03 09:27,success
PAY0001866,INV-1886,cash,1300,2026-05-06 12:51,success
PAY0001867,001887,UPI,1499,2026-05-07 13:22,success
PAY0001868,001888,UPI,1499,2026-05-03 15:08,success
PAY0001869,INV-1889,cash,1200,2026-05-04 20:18,success
PAY0001870,KH/26-27/001890,cash,1499,2026-05-06 15:42,success
PAY0001871,001891,UPI,1250,2026-05-02 13:13,success
PAY0001872,001892,UPI,1600,2026-05-05 17:03,success
PAY0001873,001893,UPI,2400,2026-05-05 09:42,success
PAY0001874,001894,UPI,1250,2026-05-03 08:10,success
PAY0001875,001895,UPI,350,2026-05-06 20:02,success
PAY0001876,INV-1897,cash,600,2026-05-06 12:08,success
PAY0001877,001898,UPI,820,2026-05-04 21:29,success
PAY0001878,001900,UPI,1500,2026-05-04 11:41,success
PAY0001879,001901,card,750,2026-05-07 14:53,success
PAY0001880,001902,UPI,550,2026-05-02 21:15,success
PAY0001881,001903,UPI,2999,2026-05-04 10:50,success
PAY0001882,INV-1904,cash,800,2026-05-02 09:17,success
PAY0001883,001906,UPI,550,2026-05-04 09:17,success
PAY0001884,001907,UPI,550,2026-05-08 20:51,success
PAY0001885,001908,UPI,220,2026-05-06 13:15,success
PAY0001886,KH/26-27/001909,cash,1000,2026-05-08 17:30,success
PAY0001887,KH/26-27/001910,cash,1850,2026-05-05 16:07,success
PAY0001888,001911,card,2999,2026-05-08 13:46,success
PAY0001889,001912,UPI,450,2026-05-02 15:11,success
PAY0001890,KH/26-27/001913,cash,1499,2026-05-07 17:26,success
PAY0001891,001914,UPI,2100,2026-05-07 18:51,success
PAY0001892,INV-1915,cash,1620,2026-05-08 16:44,success
PAY0001893,001916,card,2999,2026-05-08 14:18,success
PAY0001894,INV-1917,cash,1250,2026-05-02 21:38,success
PAY0001895,INV-1918,cash,1850,2026-05-06 17:24,success
PAY0001896,INV-1918,cash,-1850,2026-05-06 17:24,refund
PAY0001897,001919,card,2999,2026-05-04 08:45,success
PAY0001898,001920,UPI,770,2026-05-06 19:32,success
PAY0001899,001921,card,2200,2026-05-03 17:08,success
PAY0001900,001922,UPI,500,2026-05-07 21:43,success
PAY0001901,001923,card,2520,2026-05-04 13:50,success
PAY0001902,001924,card,2999,2026-05-08 15:38,success
PAY0001903,001925,UPI,1200,2026-05-04 09:33,success
PAY0001904,INV-1926,cash,2300,2026-05-07 12:27,success
PAY0001905,001927,UPI,150,2026-05-05 12:09,success
PAY0001906,001928,card,620,2026-05-06 12:39,success
PAY0001907,001929,card,1400,2026-05-02 10:14,success
PAY0001908,001930,card,1499,2026-05-04 18:58,success
PAY0001909,001931,UPI,3599,2026-05-02 12:15,success
PAY0001910,001932,card,1250,2026-05-07 14:11,success
PAY0001911,001933,UPI,2800,2026-05-05 17:29,success
PAY0001912,001936,UPI,1900,2026-05-07 17:18,success
PAY0001913,INV-1937,cash,350,2026-05-03 09:25,success
PAY0001914,INV-1938,cash,3200,2026-05-07 14:25,success
PAY0001915,001939,UPI,1400,2026-05-08 20:44,success
PAY0001916,001940,card,1950,2026-05-07 18:52,success
PAY0001917,001941,UPI,2999,2026-05-04 10:21,success
PAY0001918,INV-1942,cash,450,2026-05-08 16:46,success
PAY0001919,INV-1943,cash,1050,2026-05-03 10:22,success
PAY0001920,001944,card,800,2026-05-03 14:36,success
PAY0001921,001945,UPI,1100,2026-05-05 12:26,success
PAY0001922,001946,UPI,120,2026-05-09 21:19,success
PAY0001923,001947,UPI,600,2026-05-04 16:03,success
PAY0001924,001948,UPI,2100,2026-05-09 10:10,success
PAY0001925,001950,UPI,850,2026-05-09 16:41,success
PAY0001926,001951,card,650,2026-05-06 15:46,success
PAY0001927,001952,card,650,2026-05-09 10:55,success
PAY0001928,001953,UPI,2999,2026-05-08 21:54,success
PAY0001929,001954,UPI,600,2026-05-08 11:10,success
PAY0001930,001955,UPI,2650,2026-05-08 21:30,success
PAY0001931,001956,card,1800,2026-05-09 12:00,success
PAY0001932,001957,UPI,1499,2026-05-04 13:46,success
PAY0001933,INV-1958,cash,1320,2026-05-09 21:34,success
PAY0001934,001959,card,150,2026-05-08 18:43,success
PAY0001935,001960,UPI,900,2026-05-05 16:18,success
PAY0001936,INV-1961,cash,3099,2026-05-06 18:41,success
PAY0001937,001962,UPI,1400,2026-05-08 21:16,success
PAY0001938,001963,UPI,350,2026-05-06 14:18,success
PAY0001939,INV-1964,cash,1499,2026-05-07 21:25,success
PAY0001940,001965,UPI,700,2026-05-06 21:31,success
PAY0001941,001966,UPI,2220,2026-05-05 13:31,success
PAY0001942,INV-1967,cash,2999,2026-05-08 17:04,success
PAY0001943,001968,UPI,1499,2026-05-09 08:00,success
PAY0001944,001969,UPI,900,2026-05-03 11:20,success
PAY0001945,001970,card,2999,2026-05-05 09:45,success
PAY0001946,001971,UPI,600,2026-05-03 13:53,success
PAY0001947,001972,UPI,2000,2026-05-08 11:52,success
PAY0001948,001973,UPI,1150,2026-05-08 17:05,success
PAY0001949,001973,UPI,1150,2026-05-08 17:07,success
PAY0001950,001974,UPI,1200,2026-05-09 15:49,success
PAY0001951,001975,UPI,550,2026-05-03 08:55,success
PAY0001952,INV-1976,cash,650,2026-05-09 13:07,success
PAY0001953,KH/26-27/001977,cash,2999,2026-05-03 12:14,success
PAY0001954,INV-1978,cash,620,2026-05-04 21:02,success
PAY0001955,001979,UPI,1600,2026-05-07 11:41,success
PAY0001956,001980,card,500,2026-05-05 15:19,success
PAY0001957,001981,UPI,1650,2026-05-07 10:08,success
PAY0001958,INV-1982,cash,2350,2026-05-09 21:23,success
PAY0001959,001983,UPI,1050,2026-05-03 08:04,success
PAY0001960,001984,UPI,1499,2026-05-04 12:33,success
PAY0001961,001985,UPI,2900,2026-05-05 21:34,success
PAY0001962,001985,UPI,2900,2026-05-05 21:36,success
PAY0001963,001986,UPI,1700,2026-05-06 16:13,success
PAY0001964,001987,UPI,320,2026-05-05 16:36,success
PAY0001965,001988,UPI,800,2026-05-08 17:36,success
PAY0001966,INV-1989,cash,600,2026-05-04 19:31,success
PAY0001967,001990,UPI,2999,2026-05-06 14:34,success
PAY0001968,INV-1991,cash,1499,2026-05-09 16:01,success
PAY0001969,001992,UPI,200,2026-05-05 16:05,success
PAY0001970,001993,card,1700,2026-05-04 14:31,success
PAY0001971,001993,card,-1700,2026-05-04 14:31,refund
PAY0001972,001994,UPI,1100,2026-05-08 20:24,success
PAY0001973,INV-1995,cash,350,2026-05-09 14:41,success
PAY0001974,001996,UPI,1200,2026-05-07 19:23,success
PAY0001975,001997,UPI,2999,2026-05-05 14:56,success
PAY0001976,001998,UPI,3499,2026-05-06 09:01,success
PAY0001977,001999,UPI,650,2026-05-09 08:04,success
PAY0001978,001999,UPI,650,2026-05-09 08:06,success
PAY0001979,002000,UPI,2999,2026-05-09 15:35,success
PAY0001980,INV-2001,cash,670,2026-05-08 13:48,success
PAY0001981,002002,UPI,2999,2026-05-05 21:28,success
PAY0001982,002004,UPI,2999,2026-05-07 17:01,success
PAY0001983,002005,card,2999,2026-05-08 08:42,success
PAY0001984,002006,UPI,1770,2026-05-10 18:39,success
PAY0001985,002007,card,1150,2026-05-05 20:49,success
PAY0001986,002008,UPI,350,2026-05-09 18:29,success
PAY0001987,002010,card,1250,2026-05-07 21:12,success
PAY0001988,002011,card,350,2026-05-09 18:56,success
PAY0001989,002012,UPI,2999,2026-05-09 15:13,success
PAY0001990,002013,UPI,650,2026-05-07 19:08,success
PAY0001991,002014,UPI,200,2026-05-08 12:26,success
PAY0001992,002015,UPI,450,2026-05-07 09:52,success
PAY0001993,INV-2016,cash,2100,2026-05-08 19:47,success
PAY0001994,002017,UPI,1370,2026-05-06 17:37,success
PAY0001995,002018,UPI,750,2026-05-04 13:08,success
PAY0001996,002019,UPI,1000,2026-05-06 14:29,success
PAY0001997,002020,card,550,2026-05-06 12:07,success
PAY0001998,002021,UPI,500,2026-05-06 11:54,success
PAY0001999,002022,UPI,1499,2026-05-06 17:51,success
PAY0002000,KH/26-27/002023,cash,2100,2026-05-05 09:31,success
PAY0002001,KH/26-27/002023,cash,-2100,2026-05-05 09:31,refund
PAY0002002,002024,card,1950,2026-05-04 13:40,success
PAY0002003,002026,UPI,2999,2026-05-05 18:56,success
PAY0002004,002027,UPI,1700,2026-05-06 12:55,success
PAY0002005,INV-2028,cash,1750,2026-05-04 19:05,success
PAY0002006,INV-2029,cash,1650,2026-05-04 14:16,success
PAY0002007,002030,card,2999,2026-05-04 16:10,success
PAY0002008,002031,card,2250,2026-05-10 08:52,success
PAY0002009,002032,card,1720,2026-05-09 16:21,success
PAY0002010,002033,UPI,2999,2026-05-06 10:16,success
PAY0002011,002034,UPI,1400,2026-05-06 14:49,success
PAY0002012,002035,card,2700,2026-05-04 17:23,success
PAY0002013,002036,UPI,1420,2026-05-07 15:15,success
PAY0002014,002036,UPI,1420,2026-05-07 15:17,success
PAY0002015,002037,card,1020,2026-05-05 08:11,success
PAY0002016,INV-2038,cash,550,2026-05-08 20:53,success
PAY0002017,002039,UPI,2750,2026-05-06 12:31,success
PAY0002018,002040,UPI,350,2026-05-06 17:27,success
PAY0002019,INV-2041,cash,1220,2026-05-07 10:39,success
PAY0002020,002042,UPI,750,2026-05-05 09:22,success
PAY0002021,002043,UPI,1250,2026-05-07 14:01,success
PAY0002022,002044,UPI,3499,2026-05-05 17:02,success
PAY0002023,002045,card,1470,2026-05-08 12:00,success
PAY0002024,002046,UPI,1499,2026-05-07 20:46,success
PAY0002025,002049,UPI,3499,2026-05-04 15:01,success
PAY0002026,002050,UPI,1550,2026-05-06 13:35,success
PAY0002027,002051,card,150,2026-05-07 18:51,success
PAY0002028,002052,UPI,2999,2026-05-08 11:40,success
PAY0002029,002053,UPI,900,2026-05-07 20:43,success
PAY0002030,002054,UPI,1250,2026-05-04 12:16,success
PAY0002031,002055,UPI,770,2026-05-05 16:03,success
PAY0002032,002056,UPI,600,2026-05-07 15:52,success
PAY0002033,002057,card,1200,2026-05-07 20:56,success
PAY0002034,INV-2058,cash,1200,2026-05-09 09:36,success
PAY0002035,002059,card,1499,2026-05-05 16:56,success
PAY0002036,002060,UPI,2200,2026-05-10 08:44,success
PAY0002037,002061,UPI,2150,2026-05-06 13:10,success
PAY0002038,INV-2062,cash,2250,2026-05-10 18:51,success
PAY0002039,002063,UPI,3099,2026-05-09 18:13,success
PAY0002040,002064,card,650,2026-05-09 11:23,success
PAY0002041,002065,card,1100,2026-05-10 15:06,success
PAY0002042,INV-2066,cash,2999,2026-05-05 21:07,success
PAY0002043,002067,UPI,1050,2026-05-05 20:27,success
PAY0002044,002068,UPI,1499,2026-05-08 18:53,success
PAY0002045,002070,UPI,1650,2026-05-07 19:57,success
PAY0002046,002071,card,770,2026-05-07 11:28,success
PAY0002047,KH/26-27/002072,cash,820,2026-05-09 10:45,success
PAY0002048,002073,card,1499,2026-05-08 19:34,success
PAY0002049,002074,UPI,1499,2026-05-06 10:51,success
PAY0002050,002075,UPI,1370,2026-05-05 09:42,success
PAY0002051,002076,UPI,2600,2026-05-06 13:32,success
PAY0002052,002077,UPI,3499,2026-05-10 21:39,success
PAY0002053,002078,UPI,600,2026-05-05 10:18,success
PAY0002054,002079,UPI,3499,2026-05-08 14:44,success
PAY0002055,002080,UPI,1700,2026-05-07 18:49,success
PAY0002056,002081,card,1850,2026-05-08 12:24,success
PAY0002057,002082,card,1300,2026-05-06 09:05,success
PAY0002058,002083,card,1499,2026-05-05 17:28,success
PAY0002059,002084,UPI,3050,2026-05-09 18:20,success
PAY0002060,002085,card,950,2026-05-09 17:14,success
PAY0002061,002086,UPI,2999,2026-05-10 09:55,success
PAY0002062,002087,UPI,900,2026-05-11 12:06,success
PAY0002063,002088,UPI,1650,2026-05-05 09:59,success
PAY0002064,002089,UPI,2999,2026-05-09 18:04,success
PAY0002065,002090,UPI,450,2026-05-08 09:39,success
PAY0002066,002091,card,650,2026-05-08 13:01,success
PAY0002067,INV-2092,cash,700,2026-05-05 13:04,success
PAY0002068,INV-2093,cash,900,2026-05-08 21:21,success
PAY0002069,002094,UPI,600,2026-05-05 13:57,success
PAY0002070,002095,card,2120,2026-05-11 18:42,success
PAY0002071,002096,UPI,1599,2026-05-10 08:01,success
PAY0002072,002097,UPI,1499,2026-05-10 13:56,success
PAY0002073,002098,card,1300,2026-05-10 21:53,success
PAY0002074,002099,UPI,3499,2026-05-09 19:49,success
PAY0002075,002100,UPI,500,2026-05-06 09:16,success
PAY0002076,002101,UPI,2999,2026-05-06 18:33,success
PAY0002077,INV-2102,cash,900,2026-05-06 10:11,success
PAY0002078,002103,UPI,1599,2026-05-11 10:42,success
PAY0002079,002104,card,350,2026-05-07 12:32,success
PAY0002080,002105,UPI,500,2026-05-05 14:43,success
PAY0002081,002106,card,1020,2026-05-09 09:04,success
PAY0002082,002107,UPI,2999,2026-05-08 17:17,success
PAY0002083,002108,UPI,650,2026-05-10 11:35,success
PAY0002084,002109,UPI,600,2026-05-11 13:39,success
PAY0002085,002110,UPI,120,2026-05-05 14:54,success
PAY0002086,002111,UPI,2100,2026-05-10 20:26,success
PAY0002087,002112,UPI,900,2026-05-06 15:31,success
PAY0002088,002113,card,700,2026-05-05 09:32,success
PAY0002089,002114,card,1050,2026-05-05 13:53,success
PAY0002090,002115,UPI,2999,2026-05-08 14:11,success
PAY0002091,002116,UPI,2050,2026-05-06 11:58,success
PAY0002092,002117,card,2850,2026-05-05 11:13,success
PAY0002093,002118,card,320,2026-05-06 13:08,success
PAY0002094,002119,card,3499,2026-05-09 09:44,success
PAY0002095,INV-2120,cash,1850,2026-05-07 18:52,success
PAY0002096,002121,UPI,3499,2026-05-09 15:57,success
PAY0002097,002122,card,900,2026-05-11 19:11,success
PAY0002098,002123,card,2999,2026-05-10 13:09,success
PAY0002099,002124,card,600,2026-05-10 20:08,success
PAY0002100,002125,UPI,2999,2026-05-10 12:54,success
PAY0002101,INV-2126,cash,2200,2026-05-10 12:04,success
PAY0002102,002127,UPI,2999,2026-05-11 20:57,success
PAY0002103,002128,UPI,500,2026-05-10 09:21,success
PAY0002104,002129,UPI,3499,2026-05-06 12:16,success
PAY0002105,002130,card,2500,2026-05-06 08:09,success
PAY0002106,INV-2131,cash,3099,2026-05-10 12:03,success
PAY0002107,002132,UPI,2999,2026-05-06 12:20,success
PAY0002108,002133,UPI,2000,2026-05-10 08:23,success
PAY0002109,INV-2134,cash,950,2026-05-06 12:23,success
PAY0002110,002135,UPI,1150,2026-05-05 12:01,success
PAY0002111,002136,UPI,1499,2026-05-11 13:05,success
PAY0002112,INV-2137,cash,720,2026-05-08 16:50,success
PAY0002113,002138,UPI,2999,2026-05-11 09:11,success
PAY0002114,002139,card,1470,2026-05-11 12:08,success
PAY0002115,INV-2140,cash,650,2026-05-12 16:06,success
PAY0002116,002141,UPI,650,2026-05-08 11:42,success
PAY0002117,002142,card,1850,2026-05-11 10:53,success
PAY0002118,002143,UPI,550,2026-05-10 18:54,success
PAY0002119,INV-2144,cash,1000,2026-05-11 15:34,success
PAY0002120,002145,UPI,900,2026-05-08 11:21,success
PAY0002121,002146,UPI,900,2026-05-12 12:46,success
PAY0002122,002147,UPI,1499,2026-05-06 18:28,success
PAY0002123,INV-2148,cash,1850,2026-05-07 18:58,success
PAY0002124,INV-2149,cash,3250,2026-05-08 08:50,success
PAY0002125,002150,UPI,3499,2026-05-11 17:47,success
PAY0002126,002151,UPI,450,2026-05-07 12:45,success
PAY0002127,002153,card,2999,2026-05-09 08:28,success
PAY0002128,002154,UPI,1270,2026-05-08 11:51,success
PAY0002129,INV-2155,cash,1220,2026-05-07 21:53,success
PAY0002130,002156,UPI,200,2026-05-07 19:04,success
PAY0002131,INV-2157,cash,1050,2026-05-06 11:55,success
PAY0002132,002158,UPI,1499,2026-05-12 20:39,success
PAY0002133,002159,UPI,150,2026-05-07 14:22,success
PAY0002134,002160,UPI,1950,2026-05-12 16:37,success
PAY0002135,002161,UPI,3099,2026-05-10 21:44,success
PAY0002136,002162,card,900,2026-05-09 13:25,success
PAY0002137,002163,UPI,150,2026-05-12 09:21,success
PAY0002138,002164,card,1500,2026-05-09 11:36,success
PAY0002139,002164,card,1500,2026-05-09 11:38,success
PAY0002140,002165,UPI,2220,2026-05-07 09:10,success
PAY0002141,002167,UPI,650,2026-05-10 13:32,success
PAY0002142,002168,UPI,900,2026-05-09 21:01,success
PAY0002143,002169,card,3499,2026-05-07 10:28,success
PAY0002144,002170,card,1750,2026-05-12 10:55,success
PAY0002145,002171,card,2999,2026-05-11 17:44,success
PAY0002146,002172,UPI,2200,2026-05-09 17:44,success
PAY0002147,002173,UPI,3300,2026-05-11 20:49,success
PAY0002148,INV-2174,cash,1499,2026-05-12 17:20,success
PAY0002149,002176,card,1499,2026-05-09 19:47,success
PAY0002150,INV-2177,cash,1200,2026-05-07 12:54,success
PAY0002151,002178,card,1020,2026-05-07 15:39,success
PAY0002152,002179,card,600,2026-05-06 18:53,success
PAY0002153,002180,UPI,120,2026-05-07 08:32,success
PAY0002154,002181,UPI,1950,2026-05-11 18:24,success
PAY0002155,002182,UPI,1250,2026-05-11 14:28,success
PAY0002156,002183,card,3099,2026-05-07 11:32,success
PAY0002157,002184,UPI,3499,2026-05-12 19:27,success
PAY0002158,002185,UPI,1450,2026-05-12 10:09,success
PAY0002159,002186,UPI,2700,2026-05-12 08:41,success
PAY0002160,INV-2187,cash,950,2026-05-11 19:31,success
PAY0002161,002188,card,1650,2026-05-11 16:06,success
PAY0002162,002189,card,650,2026-05-11 21:54,success
PAY0002163,002190,UPI,3499,2026-05-11 19:51,success
PAY0002164,002191,card,550,2026-05-11 21:47,success
PAY0002165,002191,card,550,2026-05-11 21:49,success
PAY0002166,002192,card,1050,2026-05-09 16:31,success
PAY0002167,002193,card,3499,2026-05-10 19:26,success
PAY0002168,002194,card,2999,2026-05-09 15:06,success
PAY0002169,002195,UPI,2999,2026-05-10 19:11,success
PAY0002170,INV-2196,cash,650,2026-05-10 20:58,success
PAY0002171,002197,UPI,1900,2026-05-08 16:28,success
PAY0002172,002198,UPI,1470,2026-05-07 11:58,success
PAY0002173,002199,UPI,1200,2026-05-13 11:36,success
PAY0002174,002200,UPI,1300,2026-05-12 12:17,success
PAY0002175,002201,UPI,450,2026-05-09 19:07,success
PAY0002176,INV-2202,cash,1900,2026-05-11 08:04,success
PAY0002177,002203,card,1650,2026-05-13 18:09,success
PAY0002178,002203,card,1650,2026-05-13 18:11,success
PAY0002179,002204,UPI,350,2026-05-11 15:51,success
PAY0002180,KH/26-27/002205,cash,1050,2026-05-08 11:51,success
PAY0002181,002206,card,2999,2026-05-10 18:59,success
PAY0002182,002207,UPI,2600,2026-05-10 09:25,success
PAY0002183,002208,card,2700,2026-05-07 10:08,success
PAY0002184,002209,UPI,850,2026-05-10 11:18,success
PAY0002185,002210,card,1900,2026-05-08 15:37,success
PAY0002186,002211,UPI,450,2026-05-11 16:19,success
PAY0002187,INV-2212,cash,2999,2026-05-07 16:30,success
PAY0002188,INV-2213,cash,150,2026-05-09 12:39,success
PAY0002189,INV-2214,cash,2999,2026-05-09 14:29,success
PAY0002190,002215,UPI,120,2026-05-13 09:34,success
PAY0002191,002216,card,2999,2026-05-12 13:19,success
PAY0002192,INV-2217,cash,1200,2026-05-09 17:11,success
PAY0002193,INV-2218,cash,1499,2026-05-07 16:32,success
PAY0002194,002219,UPI,2999,2026-05-07 21:50,success
PAY0002195,002220,card,770,2026-05-13 21:57,success
PAY0002196,002220,card,770,2026-05-13 21:59,success
PAY0002197,002221,UPI,670,2026-05-13 21:08,success
PAY0002198,002222,UPI,2800,2026-05-08 14:12,success
PAY0002199,INV-2223,cash,1850,2026-05-12 08:19,success
PAY0002200,INV-2224,cash,1700,2026-05-11 11:29,success
PAY0002201,002225,card,670,2026-05-11 16:24,success
PAY0002202,002226,UPI,1550,2026-05-07 09:54,success
PAY0002203,002227,UPI,1499,2026-05-08 15:19,success
PAY0002204,002228,UPI,1650,2026-05-13 15:03,success
PAY0002205,002229,card,900,2026-05-07 19:30,success
PAY0002206,002230,UPI,1499,2026-05-13 18:20,success
PAY0002207,002230,UPI,-1499,2026-05-13 18:20,refund
PAY0002208,002231,UPI,120,2026-05-10 09:25,success
PAY0002209,002232,UPI,2999,2026-05-10 14:51,success
PAY0002210,002233,card,500,2026-05-07 15:48,success
PAY0002211,002234,UPI,1650,2026-05-12 10:15,success
PAY0002212,002234,UPI,1650,2026-05-12 10:17,success
PAY0002213,INV-2235,cash,1800,2026-05-10 11:11,success
PAY0002214,002236,card,550,2026-05-09 19:18,success
PAY0002215,002237,UPI,650,2026-05-08 14:56,success
PAY0002216,002238,card,550,2026-05-07 20:11,success
PAY0002217,002239,UPI,1600,2026-05-08 19:48,success
PAY0002218,002240,UPI,500,2026-05-09 17:51,success
PAY0002219,002241,card,1300,2026-05-07 19:05,success
PAY0002220,INV-2242,cash,120,2026-05-11 19:34,success
PAY0002221,002243,card,2999,2026-05-08 18:41,success
PAY0002222,002244,UPI,2999,2026-05-07 12:12,success
PAY0002223,002245,UPI,800,2026-05-12 08:21,success
PAY0002224,002246,card,1499,2026-05-13 16:52,success
PAY0002225,002247,UPI,1550,2026-05-08 09:45,success
PAY0002226,002248,UPI,2950,2026-05-10 19:24,success
PAY0002227,002249,UPI,500,2026-05-11 08:29,success
PAY0002228,002250,UPI,2999,2026-05-10 15:48,success
PAY0002229,002251,UPI,1320,2026-05-12 18:34,success
PAY0002230,002252,card,700,2026-05-09 20:28,success
PAY0002231,002253,card,1499,2026-05-08 15:25,success
PAY0002232,002254,card,2999,2026-05-10 20:23,success
PAY0002233,002255,card,950,2026-05-13 20:45,success
PAY0002234,002256,UPI,1499,2026-05-08 21:55,success
PAY0002235,002257,card,1100,2026-05-11 14:21,success
PAY0002236,002258,UPI,3499,2026-05-14 17:40,success
PAY0002237,002259,UPI,1200,2026-05-12 10:00,success
PAY0002238,002260,UPI,1499,2026-05-12 13:52,success
PAY0002239,002261,card,1570,2026-05-12 21:20,success
PAY0002240,002262,UPI,2999,2026-05-11 18:46,success
PAY0002241,INV-2263,cash,650,2026-05-09 12:23,success
PAY0002242,INV-2264,cash,900,2026-05-08 12:59,success
PAY0002243,INV-2265,cash,1499,2026-05-12 13:41,success
PAY0002244,INV-2266,cash,450,2026-05-14 18:15,success
PAY0002245,002267,card,350,2026-05-11 19:40,success
PAY0002246,002268,UPI,500,2026-05-10 19:10,success
PAY0002247,002269,UPI,820,2026-05-11 15:12,success
PAY0002248,002270,UPI,1850,2026-05-08 19:55,success
PAY0002249,002271,UPI,350,2026-05-11 16:45,success
PAY0002250,002272,card,1850,2026-05-09 13:57,success
PAY0002251,002273,UPI,120,2026-05-08 17:18,success
PAY0002252,002274,UPI,1500,2026-05-10 19:06,success
PAY0002253,002275,UPI,1170,2026-05-12 16:24,success
PAY0002254,002276,UPI,550,2026-05-13 11:19,success
PAY0002255,002277,UPI,1499,2026-05-09 15:06,success
PAY0002256,KH/26-27/002278,cash,500,2026-05-13 21:02,success
PAY0002257,002279,UPI,2999,2026-05-12 16:37,success
PAY0002258,INV-2280,cash,1920,2026-05-08 14:20,success
PAY0002259,002281,UPI,300,2026-05-11 09:57,success
PAY0002260,INV-2283,cash,900,2026-05-08 14:48,success
PAY0002261,002284,UPI,1020,2026-05-11 17:19,success
PAY0002262,002285,card,1150,2026-05-09 11:12,success
PAY0002263,INV-2286,cash,800,2026-05-14 13:07,success
PAY0002264,002287,card,1499,2026-05-12 14:46,success
PAY0002265,002288,card,550,2026-05-10 14:22,success
PAY0002266,INV-2289,cash,2400,2026-05-14 16:18,success
PAY0002267,002290,UPI,900,2026-05-14 19:51,success
PAY0002268,002291,card,650,2026-05-12 13:06,success
PAY0002269,INV-2292,cash,600,2026-05-13 13:02,success
PAY0002270,KH/26-27/002293,cash,2500,2026-05-10 08:07,success
PAY0002271,002294,card,450,2026-05-10 19:58,success
PAY0002272,002295,UPI,2720,2026-05-09 09:39,success
PAY0002273,INV-2296,cash,500,2026-05-09 15:42,success
PAY0002274,002297,UPI,1100,2026-05-10 16:01,success
PAY0002275,002298,UPI,1400,2026-05-14 21:42,success
PAY0002276,INV-2299,cash,1850,2026-05-12 19:53,success
PAY0002277,002300,UPI,650,2026-05-11 20:13,success
PAY0002278,002301,UPI,2999,2026-05-12 15:38,success
PAY0002279,002302,card,2999,2026-05-12 15:36,success
PAY0002280,002303,UPI,620,2026-05-13 18:22,success
PAY0002281,INV-2304,cash,2900,2026-05-10 14:14,success
PAY0002282,002306,UPI,550,2026-05-09 21:41,success
PAY0002283,002307,UPI,320,2026-05-08 16:21,success
PAY0002284,002308,card,2999,2026-05-11 18:51,success
PAY0002285,INV-2309,cash,800,2026-05-14 10:58,success
PAY0002286,002310,card,3499,2026-05-09 09:26,success
PAY0002287,002312,card,700,2026-05-14 14:30,success
PAY0002288,INV-2313,cash,800,2026-05-12 14:42,success
PAY0002289,002314,UPI,120,2026-05-13 14:42,success
PAY0002290,002315,card,950,2026-05-09 15:55,success
PAY0002291,002316,UPI,2999,2026-05-13 10:08,success
PAY0002292,002317,UPI,1550,2026-05-09 11:10,success
PAY0002293,002317,UPI,1550,2026-05-09 11:12,success
PAY0002294,INV-2318,cash,1600,2026-05-11 15:31,success
PAY0002295,INV-2319,cash,1599,2026-05-14 19:55,success
PAY0002296,KH/26-27/002320,cash,3499,2026-05-12 09:17,success
PAY0002297,002321,UPI,700,2026-05-13 14:58,success
PAY0002298,002321,UPI,-700,2026-05-13 14:58,refund
PAY0002299,002322,UPI,900,2026-05-10 20:40,success
PAY0002300,002323,UPI,1499,2026-05-12 20:14,success
PAY0002301,INV-2324,cash,1499,2026-05-11 19:52,success
PAY0002302,002325,UPI,1350,2026-05-11 17:41,success
PAY0002303,002326,UPI,800,2026-05-15 16:18,success
PAY0002304,002327,card,3499,2026-05-10 11:43,success
PAY0002305,002328,card,1350,2026-05-11 21:09,success
PAY0002306,002329,UPI,1450,2026-05-14 12:01,success
PAY0002307,002330,card,1100,2026-05-12 17:12,success
PAY0002308,KH/26-27/002331,cash,2999,2026-05-09 09:53,success
PAY0002309,002332,card,1750,2026-05-13 10:54,success
PAY0002310,002333,card,3499,2026-05-14 10:21,success
PAY0002311,002334,card,1650,2026-05-14 10:03,success
PAY0002312,002335,UPI,1550,2026-05-09 21:40,success
PAY0002313,002336,UPI,2999,2026-05-11 18:28,success
PAY0002314,INV-2337,cash,1550,2026-05-15 09:19,success
PAY0002315,002338,card,220,2026-05-11 08:23,success
PAY0002316,002339,card,1100,2026-05-12 19:28,success
PAY0002317,002340,card,2300,2026-05-15 15:40,success
PAY0002318,002341,UPI,450,2026-05-13 15:38,success
PAY0002319,002342,UPI,2350,2026-05-10 16:11,success
PAY0002320,002343,UPI,1700,2026-05-10 11:35,success
PAY0002321,002344,card,1499,2026-05-09 12:47,success
PAY0002322,002345,UPI,3499,2026-05-14 21:38,success
PAY0002323,002346,UPI,1850,2026-05-09 08:45,success
PAY0002324,002347,UPI,2600,2026-05-14 20:04,success
PAY0002325,002348,card,1950,2026-05-14 14:49,success
PAY0002326,002349,UPI,650,2026-05-11 21:51,success
PAY0002327,002350,UPI,2320,2026-05-14 18:15,success
PAY0002328,002351,UPI,1499,2026-05-15 11:12,success
PAY0002329,INV-2352,cash,1270,2026-05-14 20:01,success
PAY0002330,002353,UPI,1920,2026-05-14 20:38,success
PAY0002331,002354,UPI,3499,2026-05-12 18:59,success
PAY0002332,INV-2355,cash,650,2026-05-14 13:34,success
PAY0002333,002356,card,650,2026-05-14 13:07,success
PAY0002334,002357,UPI,1499,2026-05-14 13:29,success
PAY0002335,002358,UPI,1499,2026-05-12 09:34,success
PAY0002336,002359,UPI,620,2026-05-15 12:14,success
PAY0002337,002360,UPI,200,2026-05-14 18:47,success
PAY0002338,002361,UPI,1050,2026-05-11 17:04,success
PAY0002339,002362,UPI,820,2026-05-10 18:32,success
PAY0002340,002363,UPI,350,2026-05-12 10:28,success
PAY0002341,INV-2364,cash,1200,2026-05-10 13:25,success
PAY0002342,002365,card,720,2026-05-11 11:57,success
PAY0002343,002366,UPI,650,2026-05-10 17:00,success
PAY0002344,002367,UPI,750,2026-05-13 19:48,success
PAY0002345,002369,card,200,2026-05-10 11:56,success
PAY0002346,002370,UPI,2999,2026-05-15 11:00,success
PAY0002347,002371,card,150,2026-05-15 13:00,success
PAY0002348,002372,card,2999,2026-05-15 13:07,success
PAY0002349,002373,UPI,2200,2026-05-13 20:12,success
PAY0002350,002374,UPI,2999,2026-05-12 09:16,success
PAY0002351,002375,UPI,650,2026-05-16 19:35,success
PAY0002352,KH/26-27/002376,cash,650,2026-05-11 21:39,success
PAY0002353,002377,UPI,1499,2026-05-15 08:28,success
PAY0002354,002378,UPI,2500,2026-05-16 16:59,success
PAY0002355,002379,card,200,2026-05-12 21:49,success
PAY0002356,002380,UPI,350,2026-05-12 18:34,success
PAY0002357,INV-2381,cash,3599,2026-05-11 08:39,success
PAY0002358,002382,UPI,1650,2026-05-16 12:51,success
PAY0002359,002383,UPI,1800,2026-05-11 21:39,success
PAY0002360,002384,UPI,850,2026-05-14 16:42,success
PAY0002361,002385,UPI,1750,2026-05-12 12:35,success
PAY0002362,002386,card,2150,2026-05-11 09:08,success
PAY0002363,002387,UPI,450,2026-05-16 20:09,success
PAY0002364,002387,UPI,450,2026-05-16 20:11,success
PAY0002365,KH/26-27/002388,cash,1100,2026-05-16 08:51,success
PAY0002366,INV-2389,cash,1350,2026-05-14 14:01,success
PAY0002367,INV-2390,cash,2350,2026-05-15 17:57,success
PAY0002368,002391,UPI,700,2026-05-15 08:56,success
PAY0002369,002392,card,200,2026-05-11 10:17,success
PAY0002370,INV-2393,cash,2999,2026-05-13 11:31,success
PAY0002371,002394,UPI,1400,2026-05-10 10:00,success
PAY0002372,INV-2395,cash,900,2026-05-15 09:12,success
PAY0002373,002396,UPI,1700,2026-05-12 14:38,success
PAY0002374,INV-2397,cash,2999,2026-05-11 16:14,success
PAY0002375,KH/26-27/002398,cash,1600,2026-05-11 15:24,success
PAY0002376,002399,card,1650,2026-05-14 20:07,success
PAY0002377,002399,card,-1650,2026-05-14 20:07,refund
PAY0002378,KH/26-27/002400,cash,2150,2026-05-12 09:04,success
PAY0002379,INV-2401,cash,2999,2026-05-14 13:19,success
PAY0002380,002402,UPI,800,2026-05-11 14:55,success
PAY0002381,002403,card,1000,2026-05-10 19:35,success
PAY0002382,002404,UPI,850,2026-05-16 11:34,success
PAY0002383,002405,card,1250,2026-05-12 20:28,success
PAY0002384,002406,card,620,2026-05-11 19:41,success
PAY0002385,002407,card,200,2026-05-12 20:19,success
PAY0002386,002408,UPI,150,2026-05-12 21:17,success
PAY0002387,002409,card,950,2026-05-10 14:38,success
PAY0002388,002410,card,1650,2026-05-13 16:46,success
PAY0002389,002411,card,1600,2026-05-11 14:41,success
PAY0002390,002412,UPI,2250,2026-05-12 13:18,success
PAY0002391,002413,UPI,500,2026-05-11 13:22,success
PAY0002392,002414,card,1300,2026-05-15 09:45,success
PAY0002393,002414,card,1300,2026-05-15 09:47,success
PAY0002394,002415,UPI,2999,2026-05-15 10:37,success
PAY0002395,002416,UPI,2999,2026-05-13 10:47,success
PAY0002396,002417,card,1950,2026-05-13 21:29,success
PAY0002397,002418,card,1350,2026-05-11 14:43,success
PAY0002398,002420,UPI,1520,2026-05-14 19:46,success
PAY0002399,002421,card,900,2026-05-11 18:28,success
PAY0002400,002422,card,1370,2026-05-11 09:18,success
PAY0002401,002422,card,-1370,2026-05-11 09:18,refund
PAY0002402,002423,UPI,2999,2026-05-11 14:31,success
PAY0002403,INV-2424,cash,120,2026-05-15 09:01,success
PAY0002404,002425,UPI,2999,2026-05-17 13:35,success
PAY0002405,002426,card,3499,2026-05-17 10:34,success
PAY0002406,002427,UPI,1499,2026-05-11 17:51,success
PAY0002407,002428,card,2999,2026-05-14 10:56,success
PAY0002408,002428,card,-2999,2026-05-14 10:56,refund
PAY0002409,002429,UPI,2120,2026-05-12 09:59,success
PAY0002410,002430,card,800,2026-05-13 13:27,success
PAY0002411,INV-2431,cash,1600,2026-05-15 12:04,success
PAY0002412,002432,UPI,1900,2026-05-15 13:30,success
PAY0002413,INV-2433,cash,2150,2026-05-17 21:02,success
PAY0002414,INV-2434,cash,1499,2026-05-13 18:02,success
PAY0002415,002435,card,1100,2026-05-14 08:44,success
PAY0002416,INV-2436,cash,850,2026-05-13 16:01,success
PAY0002417,INV-2437,cash,1650,2026-05-11 21:35,success
PAY0002418,002438,UPI,1450,2026-05-16 18:01,success
PAY0002419,002439,UPI,150,2026-05-16 13:15,success
PAY0002420,002440,UPI,1250,2026-05-15 10:01,success
PAY0002421,INV-2441,cash,1170,2026-05-15 13:50,success
PAY0002422,INV-2442,cash,200,2026-05-17 16:25,success
PAY0002423,002443,card,450,2026-05-11 21:20,success
PAY0002424,KH/26-27/002444,cash,150,2026-05-16 11:56,success
PAY0002425,002445,UPI,2250,2026-05-11 17:34,success
PAY0002426,002446,UPI,2750,2026-05-16 10:51,success
PAY0002427,002447,UPI,550,2026-05-11 13:59,success
PAY0002428,002448,UPI,2999,2026-05-16 17:32,success
PAY0002429,INV-2449,cash,2999,2026-05-12 17:09,success
PAY0002430,002450,UPI,2999,2026-05-15 20:55,success
PAY0002431,002451,card,3599,2026-05-15 08:56,success
PAY0002432,002452,card,1599,2026-05-11 10:54,success
PAY0002433,002453,card,1800,2026-05-11 11:41,success
PAY0002434,002454,card,1850,2026-05-17 14:17,success
PAY0002435,002455,card,2950,2026-05-11 16:54,success
PAY0002436,002456,card,3499,2026-05-13 17:14,success
PAY0002437,002457,UPI,700,2026-05-12 16:05,success
PAY0002438,002458,UPI,3499,2026-05-14 20:57,success
PAY0002439,INV-2459,cash,550,2026-05-16 12:52,success
PAY0002440,002460,card,2070,2026-05-13 14:30,success
PAY0002441,002461,UPI,2200,2026-05-11 12:44,success
PAY0002442,002461,UPI,-2200,2026-05-11 12:44,refund
PAY0002443,002462,UPI,920,2026-05-11 11:07,success
PAY0002444,002463,card,2999,2026-05-11 10:51,success
PAY0002445,002464,UPI,1150,2026-05-13 19:13,success
PAY0002446,INV-2465,cash,900,2026-05-15 12:07,success
PAY0002447,INV-2467,cash,550,2026-05-15 11:41,success
PAY0002448,INV-2468,cash,500,2026-05-15 17:09,success
PAY0002449,002470,UPI,3499,2026-05-17 15:01,success
PAY0002450,002471,card,2000,2026-05-16 13:06,success
PAY0002451,002472,card,150,2026-05-14 08:58,success
PAY0002452,002473,UPI,870,2026-05-13 15:45,success
PAY0002453,002474,UPI,1499,2026-05-17 08:23,success
PAY0002454,002477,card,1950,2026-05-16 17:00,success
PAY0002455,INV-2478,cash,700,2026-05-17 12:15,success
PAY0002456,002479,card,1499,2026-05-14 09:27,success
PAY0002457,INV-2481,cash,2999,2026-05-16 17:18,success
PAY0002458,002482,UPI,2850,2026-05-13 11:12,success
PAY0002459,002483,card,1700,2026-05-14 15:11,success
PAY0002460,002484,UPI,2300,2026-05-17 11:08,success
PAY0002461,INV-2485,cash,120,2026-05-15 17:40,success
PAY0002462,002486,UPI,2450,2026-05-15 20:14,success
PAY0002463,002487,UPI,1499,2026-05-15 20:32,success
PAY0002464,002488,UPI,1350,2026-05-12 15:46,success
PAY0002465,002489,card,1300,2026-05-18 12:21,success
PAY0002466,002490,card,2999,2026-05-15 12:50,success
PAY0002467,002491,UPI,700,2026-05-15 13:50,success
PAY0002468,002492,UPI,2999,2026-05-15 16:51,success
PAY0002469,002493,UPI,150,2026-05-12 18:04,success
PAY0002470,002494,card,850,2026-05-12 20:35,success
PAY0002471,002495,card,3099,2026-05-16 21:10,success
PAY0002472,002496,UPI,2999,2026-05-16 10:39,success
PAY0002473,002497,card,150,2026-05-15 21:37,success
PAY0002474,002498,card,2999,2026-05-13 15:34,success
PAY0002475,002499,card,800,2026-05-18 16:36,success
PAY0002476,002499,card,800,2026-05-18 16:38,success
PAY0002477,002501,UPI,350,2026-05-18 17:46,success
PAY0002478,002502,card,650,2026-05-15 13:37,success
PAY0002479,002503,UPI,150,2026-05-13 13:28,success
PAY0002480,002504,card,700,2026-05-17 14:58,success
PAY0002481,002505,UPI,2050,2026-05-16 16:47,success
PAY0002482,002506,card,1350,2026-05-17 17:15,success
PAY0002483,002507,card,1320,2026-05-17 18:54,success
PAY0002484,002508,card,3499,2026-05-14 21:39,success
PAY0002485,002510,UPI,450,2026-05-14 16:11,success
PAY0002486,INV-2511,cash,2999,2026-05-17 11:52,success
PAY0002487,002512,card,120,2026-05-12 21:08,success
PAY0002488,002513,UPI,2999,2026-05-18 12:41,success
PAY0002489,002514,UPI,1320,2026-05-13 14:57,success
PAY0002490,002515,UPI,900,2026-05-15 08:23,success
PAY0002491,002516,card,2370,2026-05-12 10:26,success
PAY0002492,002517,card,1200,2026-05-15 17:27,success
PAY0002493,INV-2518,cash,900,2026-05-18 21:24,success
PAY0002494,002519,UPI,2999,2026-05-13 13:15,success
PAY0002495,002520,card,1499,2026-05-16 11:33,success
PAY0002496,002521,UPI,2999,2026-05-16 21:12,success
PAY0002497,002522,UPI,1750,2026-05-18 18:29,success
PAY0002498,002523,UPI,200,2026-05-13 10:44,success
PAY0002499,002524,UPI,500,2026-05-13 19:28,success
PAY0002500,INV-2525,cash,570,2026-05-15 17:31,success
PAY0002501,002526,card,900,2026-05-14 11:21,success
PAY0002502,002527,UPI,550,2026-05-16 14:58,success
PAY0002503,002528,card,1900,2026-05-14 19:02,success
PAY0002504,002529,UPI,700,2026-05-18 13:12,success
PAY0002505,002530,UPI,2999,2026-05-16 16:45,success
PAY0002506,INV-2531,cash,150,2026-05-18 13:38,success
PAY0002507,002532,UPI,200,2026-05-17 11:28,success
PAY0002508,002533,card,670,2026-05-16 15:20,success
PAY0002509,002534,UPI,450,2026-05-15 12:34,success
PAY0002510,002535,card,450,2026-05-12 16:56,success
PAY0002511,002536,card,550,2026-05-17 15:35,success
PAY0002512,INV-2537,cash,1270,2026-05-14 17:09,success
PAY0002513,002538,card,700,2026-05-17 11:02,success
PAY0002514,002539,UPI,1450,2026-05-15 13:35,success
PAY0002515,002540,card,2999,2026-05-15 17:03,success
PAY0002516,002541,card,1499,2026-05-15 21:59,success
PAY0002517,002542,UPI,500,2026-05-19 12:32,success
PAY0002518,INV-2543,cash,1900,2026-05-17 15:57,success
PAY0002519,002544,UPI,3499,2026-05-16 09:53,success
PAY0002520,INV-2545,cash,2600,2026-05-14 13:15,success
PAY0002521,002546,UPI,720,2026-05-16 19:27,success
PAY0002522,002547,UPI,3599,2026-05-13 20:35,success
PAY0002523,002548,UPI,1499,2026-05-14 19:16,success
PAY0002524,002550,UPI,950,2026-05-18 13:41,success
PAY0002525,002551,UPI,2000,2026-05-15 20:20,success
PAY0002526,002552,card,2170,2026-05-14 17:09,success
PAY0002527,002553,card,1250,2026-05-17 14:54,success
PAY0002528,002554,card,1850,2026-05-14 12:57,success
PAY0002529,002555,UPI,1499,2026-05-19 19:12,success
PAY0002530,002556,card,2270,2026-05-14 19:25,success
PAY0002531,INV-2557,cash,1499,2026-05-19 19:04,success
PAY0002532,INV-2558,cash,1200,2026-05-14 16:22,success
PAY0002533,002559,UPI,950,2026-05-13 12:27,success
PAY0002534,002560,UPI,1499,2026-05-13 18:16,success
PAY0002535,002560,UPI,1499,2026-05-13 18:18,success
PAY0002536,INV-2561,cash,2050,2026-05-18 13:29,success
PAY0002537,002562,UPI,2999,2026-05-13 14:14,success
PAY0002538,002563,card,1499,2026-05-17 10:00,success
PAY0002539,002564,card,1200,2026-05-13 08:50,success
PAY0002540,002565,UPI,350,2026-05-17 09:31,success
PAY0002541,KH/26-27/002566,cash,700,2026-05-14 13:58,success
PAY0002542,KH/26-27/002567,cash,800,2026-05-19 10:06,success
PAY0002543,002568,card,200,2026-05-17 17:02,success
PAY0002544,002569,UPI,2999,2026-05-15 08:08,success
PAY0002545,002571,card,1400,2026-05-16 21:16,success
PAY0002546,002572,card,2000,2026-05-15 17:13,success
PAY0002547,002573,UPI,2350,2026-05-13 18:23,success
PAY0002548,002574,card,1650,2026-05-19 21:21,success
PAY0002549,002575,UPI,900,2026-05-16 13:05,success
PAY0002550,002576,UPI,1750,2026-05-14 18:27,success
PAY0002551,INV-2577,cash,220,2026-05-13 15:52,success
PAY0002552,002578,card,2999,2026-05-18 12:12,success
PAY0002553,002579,UPI,1000,2026-05-19 08:59,success
PAY0002554,002580,card,120,2026-05-15 16:48,success
PAY0002555,INV-2581,cash,1150,2026-05-13 18:54,success
PAY0002556,002582,card,2999,2026-05-17 12:36,success
PAY0002557,002583,card,550,2026-05-17 17:17,success
PAY0002558,002584,card,700,2026-05-18 17:38,success
PAY0002559,INV-2585,cash,1000,2026-05-18 19:58,success
PAY0002560,INV-2586,cash,2999,2026-05-14 21:05,success
PAY0002561,INV-2587,cash,970,2026-05-16 08:17,success
PAY0002562,002588,UPI,1000,2026-05-14 08:23,success
PAY0002563,002588,UPI,1000,2026-05-14 08:25,success
PAY0002564,INV-2589,cash,1400,2026-05-15 12:31,success
PAY0002565,INV-2590,cash,800,2026-05-15 10:24,success
PAY0002566,002591,UPI,2999,2026-05-16 16:22,success
PAY0002567,002592,UPI,2550,2026-05-15 14:09,success
PAY0002568,002593,UPI,700,2026-05-18 11:53,success
PAY0002569,INV-2594,cash,1450,2026-05-17 14:45,success
PAY0002570,INV-2595,cash,2999,2026-05-13 14:13,success
PAY0002571,002596,UPI,1270,2026-05-16 11:58,success
PAY0002572,INV-2597,cash,1800,2026-05-19 18:17,success
PAY0002573,002598,UPI,3350,2026-05-19 20:14,success
PAY0002574,002599,UPI,600,2026-05-17 11:44,success
PAY0002575,002600,card,1000,2026-05-15 09:09,success
PAY0002576,002601,card,2200,2026-05-16 13:42,success
PAY0002577,002602,UPI,350,2026-05-17 20:30,success
PAY0002578,002603,UPI,900,2026-05-19 13:34,success
PAY0002579,002604,UPI,120,2026-05-14 11:10,success
PAY0002580,002605,card,2850,2026-05-16 20:15,success
PAY0002581,INV-2606,cash,1499,2026-05-16 08:39,success
PAY0002582,002607,UPI,1499,2026-05-16 11:57,success
PAY0002583,002608,UPI,350,2026-05-16 21:16,success
PAY0002584,002609,UPI,1550,2026-05-20 09:00,success
PAY0002585,002610,UPI,1350,2026-05-19 08:24,success
PAY0002586,002611,UPI,2000,2026-05-18 17:35,success
PAY0002587,002612,UPI,3099,2026-05-14 18:22,success
PAY0002588,002613,UPI,900,2026-05-17 11:44,success
PAY0002589,INV-2614,cash,2950,2026-05-19 20:44,success
PAY0002590,002615,card,2999,2026-05-15 18:13,success
PAY0002591,INV-2616,cash,550,2026-05-16 16:37,success
PAY0002592,002617,UPI,1750,2026-05-17 17:38,success
PAY0002593,002618,UPI,550,2026-05-20 19:39,success
PAY0002594,KH/26-27/002619,cash,1599,2026-05-20 18:23,success
PAY0002595,INV-2620,cash,1750,2026-05-18 15:38,success
PAY0002596,002621,UPI,770,2026-05-18 19:00,success
PAY0002597,002622,card,650,2026-05-19 10:58,success
PAY0002598,INV-2623,cash,1499,2026-05-20 18:30,success
PAY0002599,002624,UPI,900,2026-05-15 10:51,success
PAY0002600,002624,UPI,900,2026-05-15 10:53,success
PAY0002601,002625,UPI,820,2026-05-14 18:10,success
PAY0002602,002626,card,900,2026-05-15 17:17,success
PAY0002603,002627,UPI,3499,2026-05-14 20:13,success
PAY0002604,002628,card,1420,2026-05-16 16:05,success
PAY0002605,002629,UPI,1599,2026-05-20 16:00,success
PAY0002606,002630,UPI,670,2026-05-16 12:40,success
PAY0002607,002631,UPI,1070,2026-05-18 16:12,success
PAY0002608,002632,card,3499,2026-05-16 16:24,success
PAY0002609,002633,card,920,2026-05-17 16:15,success
PAY0002610,002634,UPI,1499,2026-05-20 16:04,success
PAY0002611,002635,UPI,650,2026-05-17 15:03,success
PAY0002612,002636,card,1100,2026-05-16 16:45,success
PAY0002613,002637,UPI,1700,2026-05-15 12:26,success
PAY0002614,INV-2638,cash,1400,2026-05-20 13:36,success
PAY0002615,002639,UPI,2999,2026-05-17 16:35,success
PAY0002616,002640,UPI,250,2026-05-15 09:39,success
PAY0002617,002641,UPI,2999,2026-05-20 15:01,success
PAY0002618,002642,UPI,600,2026-05-16 09:04,success
PAY0002619,INV-2643,cash,2370,2026-05-20 21:54,success
PAY0002620,002644,UPI,2200,2026-05-14 15:41,success
PAY0002621,002645,UPI,200,2026-05-20 10:22,success
PAY0002622,002646,card,1350,2026-05-19 15:24,success
PAY0002623,INV-2647,cash,200,2026-05-19 08:53,success
PAY0002624,INV-2648,cash,2300,2026-05-16 21:46,success
PAY0002625,INV-2648,cash,-2300,2026-05-16 21:46,refund
PAY0002626,002649,UPI,1200,2026-05-15 20:39,success
PAY0002627,002650,UPI,2550,2026-05-19 09:04,success
PAY0002628,002651,UPI,700,2026-05-14 18:47,success
PAY0002629,002652,card,1200,2026-05-20 08:11,success
PAY0002630,INV-2653,cash,1850,2026-05-20 10:44,success
PAY0002631,INV-2654,cash,2999,2026-05-20 20:03,success
PAY0002632,INV-2655,cash,500,2026-05-19 17:00,success
PAY0002633,002656,UPI,700,2026-05-15 16:53,success
PAY0002634,INV-2657,cash,2100,2026-05-17 15:06,success
PAY0002635,002658,card,1750,2026-05-15 21:02,success
PAY0002636,INV-2659,cash,3499,2026-05-17 18:03,success
PAY0002637,002660,card,1320,2026-05-19 14:24,success
PAY0002638,002661,UPI,500,2026-05-21 19:54,success
PAY0002639,002662,UPI,450,2026-05-17 15:22,success
PAY0002640,002663,card,350,2026-05-15 19:01,success
PAY0002641,002664,card,1499,2026-05-17 11:16,success
PAY0002642,INV-2665,cash,2999,2026-05-15 21:18,success
PAY0002643,INV-2666,cash,2550,2026-05-18 13:24,success
PAY0002644,002667,UPI,120,2026-05-21 16:17,success
PAY0002645,002668,card,1499,2026-05-17 11:43,success
PAY0002646,002669,UPI,1000,2026-05-15 19:16,success
PAY0002647,002671,UPI,2300,2026-05-17 10:01,success
PAY0002648,002673,UPI,1350,2026-05-16 12:52,success
PAY0002649,INV-2674,cash,1499,2026-05-20 16:44,success
PAY0002650,INV-2675,cash,1499,2026-05-15 09:29,success
PAY0002651,002676,card,2999,2026-05-20 11:21,success
PAY0002652,INV-2677,cash,3099,2026-05-21 15:13,success
PAY0002653,002678,UPI,500,2026-05-17 18:06,success
PAY0002654,002679,card,600,2026-05-15 12:14,success
PAY0002655,INV-2680,cash,1800,2026-05-16 18:39,success
PAY0002656,002681,card,700,2026-05-17 18:48,success
PAY0002657,002682,UPI,2999,2026-05-15 14:36,success
PAY0002658,002683,card,350,2026-05-15 08:45,success
PAY0002659,002684,UPI,3499,2026-05-17 10:03,success
PAY0002660,002685,card,350,2026-05-17 21:03,success
PAY0002661,002686,UPI,3499,2026-05-16 08:18,success
PAY0002662,002687,UPI,1250,2026-05-18 16:11,success
PAY0002663,002688,UPI,1800,2026-05-21 20:47,success
PAY0002664,002689,UPI,720,2026-05-18 11:25,success
PAY0002665,002690,UPI,600,2026-05-17 18:40,success
PAY0002666,002691,card,2150,2026-05-19 08:58,success
PAY0002667,INV-2692,cash,670,2026-05-18 10:10,success
PAY0002668,002693,card,2999,2026-05-20 11:23,success
PAY0002669,002694,UPI,1499,2026-05-17 08:53,success
PAY0002670,INV-2695,cash,500,2026-05-19 10:45,success
PAY0002671,002697,UPI,2999,2026-05-16 14:14,success
PAY0002672,002697,UPI,2999,2026-05-16 14:16,success
PAY0002673,002698,UPI,2100,2026-05-19 10:27,success
PAY0002674,002699,UPI,600,2026-05-21 21:05,success
PAY0002675,002700,card,820,2026-05-16 08:06,success
PAY0002676,002701,UPI,1350,2026-05-21 20:17,success
PAY0002677,002702,UPI,1550,2026-05-20 15:54,success
PAY0002678,002702,UPI,1550,2026-05-20 15:56,success
PAY0002679,002703,UPI,450,2026-05-19 14:14,success
PAY0002680,002704,UPI,500,2026-05-20 15:33,success
PAY0002681,002705,card,500,2026-05-16 11:54,success
PAY0002682,002706,UPI,350,2026-05-19 12:14,success
PAY0002683,002707,UPI,1200,2026-05-20 16:14,success
PAY0002684,002708,UPI,1800,2026-05-16 18:44,success
PAY0002685,002709,UPI,320,2026-05-15 19:45,success
PAY0002686,002710,UPI,1499,2026-05-20 08:39,success
PAY0002687,002711,card,1200,2026-05-17 12:10,success
PAY0002688,002712,UPI,650,2026-05-16 09:31,success
PAY0002689,002713,UPI,2999,2026-05-19 21:46,success
PAY0002690,002714,UPI,2100,2026-05-15 16:48,success
PAY0002691,002715,UPI,3599,2026-05-15 13:29,success
PAY0002692,002716,card,1520,2026-05-21 20:21,success
PAY0002693,002717,UPI,600,2026-05-17 11:20,success
PAY0002694,002718,UPI,450,2026-05-17 18:31,success
PAY0002695,002719,UPI,1499,2026-05-16 16:19,success
PAY0002696,002720,UPI,470,2026-05-16 14:26,success
PAY0002697,002721,UPI,350,2026-05-21 14:02,success
PAY0002698,002722,UPI,2200,2026-05-18 16:49,success
PAY0002699,002723,UPI,250,2026-05-21 21:27,success
PAY0002700,002724,UPI,650,2026-05-17 19:37,success
PAY0002701,002725,UPI,2350,2026-05-21 10:15,success
PAY0002702,002726,UPI,1600,2026-05-20 15:14,success
PAY0002703,002727,UPI,2999,2026-05-16 18:52,success
PAY0002704,002728,card,2250,2026-05-22 16:15,success
PAY0002705,INV-2729,cash,850,2026-05-22 15:08,success
PAY0002706,002730,card,250,2026-05-21 10:28,success
PAY0002707,INV-2731,cash,1450,2026-05-18 08:50,success
PAY0002708,002732,card,920,2026-05-19 14:45,success
PAY0002709,002733,UPI,350,2026-05-17 20:26,success
PAY0002710,INV-2734,cash,1150,2026-05-21 17:08,success
PAY0002711,002735,UPI,850,2026-05-21 11:19,success
PAY0002712,002736,UPI,200,2026-05-22 16:49,success
PAY0002713,KH/26-27/002737,cash,1250,2026-05-16 18:18,success
PAY0002714,002738,card,3499,2026-05-22 20:28,success
PAY0002715,KH/26-27/002739,cash,800,2026-05-17 16:54,success
PAY0002716,INV-2740,cash,2850,2026-05-19 21:22,success
PAY0002717,002741,UPI,1400,2026-05-21 08:19,success
PAY0002718,002742,UPI,1470,2026-05-20 12:08,success
PAY0002719,002743,UPI,2000,2026-05-20 21:01,success
PAY0002720,002745,card,700,2026-05-20 10:18,success
PAY0002721,002746,UPI,1499,2026-05-18 13:31,success
PAY0002722,002747,UPI,1050,2026-05-22 15:02,success
PAY0002723,INV-2748,cash,2750,2026-05-18 10:04,success
PAY0002724,002749,UPI,2100,2026-05-21 18:50,success
PAY0002725,002750,UPI,1020,2026-05-20 08:11,success
PAY0002726,INV-2751,cash,570,2026-05-21 20:39,success
PAY0002727,002752,UPI,1499,2026-05-18 16:44,success
PAY0002728,002753,UPI,200,2026-05-16 16:33,success
PAY0002729,002754,UPI,500,2026-05-20 13:42,success
PAY0002730,002755,UPI,500,2026-05-17 19:07,success
PAY0002731,INV-2756,cash,2999,2026-05-17 18:21,success
PAY0002732,002757,UPI,1250,2026-05-18 11:29,success
PAY0002733,002759,UPI,500,2026-05-20 17:43,success
PAY0002734,002760,UPI,2100,2026-05-21 13:01,success
PAY0002735,002761,UPI,2700,2026-05-20 08:23,success
PAY0002736,002762,UPI,1000,2026-05-17 11:02,success
PAY0002737,002763,UPI,1700,2026-05-20 17:24,success
PAY0002738,002764,UPI,1150,2026-05-19 10:28,success
PAY0002739,002765,UPI,650,2026-05-17 15:03,success
PAY0002740,002766,UPI,2999,2026-05-17 20:13,success
PAY0002741,002767,card,3099,2026-05-21 14:21,success
PAY0002742,002768,UPI,1499,2026-05-18 17:04,success
PAY0002743,INV-2769,cash,750,2026-05-20 20:03,success
PAY0002744,INV-2770,cash,1250,2026-05-18 21:04,success
PAY0002745,INV-2771,cash,1450,2026-05-22 16:10,success
PAY0002746,002772,UPI,2750,2026-05-18 15:15,success
PAY0002747,002773,UPI,1550,2026-05-19 21:27,success
PAY0002748,INV-2774,cash,3499,2026-05-16 18:19,success
PAY0002749,INV-2775,cash,1850,2026-05-22 21:17,success
PAY0002750,INV-2776,cash,650,2026-05-20 21:49,success
PAY0002751,002777,card,900,2026-05-16 09:20,success
PAY0002752,002777,card,900,2026-05-16 09:22,success
PAY0002753,INV-2778,cash,900,2026-05-16 12:00,success
PAY0002754,002780,card,350,2026-05-16 18:17,success
PAY0002755,002781,UPI,1200,2026-05-19 17:54,success
PAY0002756,002782,UPI,850,2026-05-20 19:11,success
PAY0002757,INV-2783,cash,1700,2026-05-16 12:09,success
PAY0002758,002784,UPI,1100,2026-05-20 16:27,success
PAY0002759,002785,UPI,850,2026-05-16 08:00,success
PAY0002760,002786,UPI,3499,2026-05-17 14:18,success
PAY0002761,002788,UPI,150,2026-05-22 17:00,success
PAY0002762,002789,UPI,1200,2026-05-22 12:37,success
PAY0002763,002790,UPI,2150,2026-05-22 14:13,success
PAY0002764,INV-2791,cash,250,2026-05-19 17:28,success
PAY0002765,INV-2792,cash,1599,2026-05-21 19:15,success
PAY0002766,002793,UPI,2999,2026-05-22 13:34,success
PAY0002767,002794,UPI,600,2026-05-17 21:14,success
PAY0002768,002795,card,2150,2026-05-19 15:32,success
PAY0002769,002796,card,2999,2026-05-23 12:27,success
PAY0002770,INV-2797,cash,3499,2026-05-19 12:31,success
PAY0002771,002798,card,850,2026-05-19 18:47,success
PAY0002772,002799,card,1320,2026-05-17 14:12,success
PAY0002773,002800,card,1850,2026-05-18 16:00,success
PAY0002774,002801,card,200,2026-05-20 19:53,success
PAY0002775,002802,UPI,850,2026-05-22 15:25,success
PAY0002776,002803,UPI,1250,2026-05-20 15:04,success
PAY0002777,002804,UPI,2999,2026-05-22 11:14,success
PAY0002778,002805,UPI,2400,2026-05-21 14:29,success
PAY0002779,INV-2806,cash,900,2026-05-20 08:17,success
PAY0002780,002808,card,3499,2026-05-17 12:07,success
PAY0002781,002809,UPI,1050,2026-05-23 14:48,success
PAY0002782,INV-2810,cash,750,2026-05-18 17:01,success
PAY0002783,INV-2812,cash,150,2026-05-23 09:26,success
PAY0002784,002813,UPI,3100,2026-05-19 17:39,success
PAY0002785,002814,UPI,2400,2026-05-21 18:19,success
PAY0002786,002815,UPI,2999,2026-05-19 21:30,success
PAY0002787,002816,UPI,650,2026-05-19 20:39,success
PAY0002788,002817,UPI,1499,2026-05-21 11:06,success
PAY0002789,002818,card,200,2026-05-22 14:01,success
PAY0002790,002819,UPI,600,2026-05-23 09:04,success
PAY0002791,002820,UPI,2999,2026-05-20 15:43,success
PAY0002792,INV-2821,cash,1400,2026-05-17 10:00,success
PAY0002793,002822,UPI,3099,2026-05-19 08:24,success
PAY0002794,INV-2823,cash,3499,2026-05-19 17:26,success
PAY0002795,002824,card,550,2026-05-18 17:52,success
PAY0002796,002825,card,1499,2026-05-17 10:53,success
PAY0002797,002826,card,1499,2026-05-23 13:04,success
PAY0002798,002827,UPI,900,2026-05-17 14:33,success
PAY0002799,002828,UPI,350,2026-05-22 19:05,success
PAY0002800,002830,UPI,650,2026-05-19 18:44,success
PAY0002801,002831,UPI,1350,2026-05-17 18:58,success
PAY0002802,002832,UPI,700,2026-05-18 15:52,success
PAY0002803,002833,UPI,2999,2026-05-17 17:07,success
PAY0002804,002834,card,1270,2026-05-22 08:04,success
PAY0002805,INV-2835,cash,1499,2026-05-21 11:22,success
PAY0002806,002836,UPI,2999,2026-05-21 19:20,success
PAY0002807,002837,UPI,1400,2026-05-21 19:50,success
PAY0002808,002838,UPI,2999,2026-05-20 09:36,success
PAY0002809,INV-2839,cash,800,2026-05-22 17:28,success
PAY0002810,INV-2840,cash,1500,2026-05-21 20:59,success
PAY0002811,002841,UPI,2999,2026-05-23 13:53,success
PAY0002812,002842,card,3499,2026-05-18 10:10,success
PAY0002813,002843,UPI,1200,2026-05-19 12:02,success
PAY0002814,002844,UPI,2050,2026-05-23 10:44,success
PAY0002815,002845,UPI,1950,2026-05-23 15:06,success
PAY0002816,INV-2846,cash,1920,2026-05-22 15:25,success
PAY0002817,002847,card,1499,2026-05-18 20:35,success
PAY0002818,002848,card,570,2026-05-20 15:35,success
PAY0002819,002849,UPI,1350,2026-05-19 12:57,success
PAY0002820,INV-2851,cash,2999,2026-05-24 14:34,success
PAY0002821,002852,UPI,200,2026-05-18 11:44,success
PAY0002822,002853,UPI,2850,2026-05-24 08:08,success
PAY0002823,INV-2854,cash,850,2026-05-20 09:28,success
PAY0002824,002855,UPI,1350,2026-05-18 14:06,success
PAY0002825,002856,UPI,1200,2026-05-22 15:33,success
PAY0002826,002857,UPI,320,2026-05-19 12:18,success
PAY0002827,002858,UPI,120,2026-05-24 12:16,success
PAY0002828,002859,UPI,2999,2026-05-24 11:10,success
PAY0002829,002860,card,650,2026-05-24 21:58,success
PAY0002830,002861,UPI,2999,2026-05-18 17:57,success
PAY0002831,INV-2862,cash,2999,2026-05-22 16:29,success
PAY0002832,002863,UPI,1100,2026-05-24 14:34,success
PAY0002833,002864,UPI,1650,2026-05-19 08:58,success
PAY0002834,002865,UPI,2999,2026-05-21 17:28,success
PAY0002835,002866,card,2999,2026-05-21 15:59,success
PAY0002836,002867,UPI,3499,2026-05-24 17:47,success
PAY0002837,002868,card,3000,2026-05-24 21:18,success
PAY0002838,002869,UPI,3499,2026-05-18 12:02,success
PAY0002839,002870,card,1950,2026-05-21 12:35,success
PAY0002840,KH/26-27/002871,cash,1370,2026-05-19 15:54,success
PAY0002841,002872,UPI,3499,2026-05-19 11:59,success
PAY0002842,002873,UPI,550,2026-05-19 19:15,success
PAY0002843,002874,UPI,3499,2026-05-19 14:54,success
PAY0002844,002875,card,3499,2026-05-22 09:13,success
PAY0002845,002876,UPI,700,2026-05-23 09:37,success
PAY0002846,INV-2877,cash,1599,2026-05-20 20:03,success
PAY0002847,INV-2878,cash,2000,2026-05-23 08:07,success
PAY0002848,002879,card,550,2026-05-24 11:03,success
PAY0002849,002880,UPI,920,2026-05-21 13:55,success
PAY0002850,002881,UPI,1750,2026-05-23 15:04,success
PAY0002851,INV-2882,cash,3499,2026-05-22 16:08,success
PAY0002852,002883,UPI,1020,2026-05-18 21:45,success
PAY0002853,002884,UPI,1499,2026-05-18 09:36,success
PAY0002854,002885,UPI,2999,2026-05-21 14:44,success
PAY0002855,002886,UPI,600,2026-05-21 09:47,success
PAY0002856,002887,UPI,2300,2026-05-21 13:17,success
PAY0002857,002888,UPI,1499,2026-05-24 12:46,success
PAY0002858,002889,UPI,2170,2026-05-23 16:05,success
PAY0002859,002890,card,2450,2026-05-23 15:52,success
PAY0002860,INV-2891,cash,150,2026-05-24 12:59,success
PAY0002861,002892,UPI,2020,2026-05-24 13:51,success
PAY0002862,002893,UPI,2000,2026-05-24 16:15,success
PAY0002863,002894,UPI,600,2026-05-20 11:21,success
PAY0002864,002895,UPI,1800,2026-05-22 19:32,success
PAY0002865,002896,UPI,650,2026-05-18 17:01,success
PAY0002866,INV-2897,cash,2999,2026-05-20 14:29,success
PAY0002867,002898,UPI,1900,2026-05-24 09:34,success
PAY0002868,002899,card,2900,2026-05-22 12:15,success
PAY0002869,002900,UPI,1800,2026-05-20 09:42,success
PAY0002870,INV-2901,cash,1200,2026-05-19 12:52,success
PAY0002871,002902,UPI,550,2026-05-19 20:24,success
PAY0002872,002903,UPI,1499,2026-05-22 19:03,success
PAY0002873,002905,UPI,1200,2026-05-21 15:06,success
PAY0002874,INV-2906,cash,850,2026-05-23 12:17,success
PAY0002875,002907,UPI,600,2026-05-19 11:53,success
PAY0002876,002908,UPI,1750,2026-05-24 13:19,success
PAY0002877,002910,card,1400,2026-05-20 16:23,success
PAY0002878,002911,UPI,1120,2026-05-22 18:37,success
PAY0002879,KH/26-27/002912,cash,950,2026-05-25 20:43,success
PAY0002880,002913,card,350,2026-05-24 15:47,success
PAY0002881,002914,UPI,2999,2026-05-21 19:59,success
PAY0002882,KH/26-27/002915,cash,650,2026-05-21 11:33,success
PAY0002883,002916,card,1250,2026-05-23 12:49,success
PAY0002884,INV-2917,cash,1170,2026-05-20 15:36,success
PAY0002885,002918,UPI,1499,2026-05-22 11:42,success
PAY0002886,002919,UPI,1700,2026-05-22 20:36,success
PAY0002887,002920,card,1650,2026-05-25 11:56,success
PAY0002888,002921,UPI,2999,2026-05-24 08:32,success
PAY0002889,002922,card,970,2026-05-24 16:41,success
PAY0002890,INV-2923,cash,1500,2026-05-19 11:19,success
PAY0002891,002924,UPI,200,2026-05-21 10:00,success
PAY0002892,002925,UPI,1850,2026-05-22 11:44,success
PAY0002893,002926,card,600,2026-05-25 19:04,success
PAY0002894,002926,card,600,2026-05-25 19:06,success
PAY0002895,002927,UPI,350,2026-05-20 15:41,success
PAY0002896,INV-2928,cash,1499,2026-05-23 09:19,success
PAY0002897,INV-2929,cash,200,2026-05-24 14:32,success
PAY0002898,002930,UPI,150,2026-05-19 09:21,success
PAY0002899,002931,UPI,2999,2026-05-22 11:39,success
PAY0002900,002932,card,2999,2026-05-25 10:30,success
PAY0002901,002933,UPI,1350,2026-05-20 17:39,success
PAY0002902,002934,UPI,1550,2026-05-25 15:10,success
PAY0002903,002934,UPI,1550,2026-05-25 15:12,success
PAY0002904,002935,UPI,2999,2026-05-19 10:55,success
PAY0002905,002936,UPI,800,2026-05-25 12:09,success
PAY0002906,002937,card,1650,2026-05-22 20:38,success
PAY0002907,002938,UPI,2999,2026-05-21 20:27,success
PAY0002908,002939,card,1499,2026-05-22 21:41,success
PAY0002909,002940,UPI,720,2026-05-19 09:57,success
PAY0002910,002941,UPI,1499,2026-05-24 12:38,success
PAY0002911,002942,UPI,1150,2026-05-20 12:15,success
PAY0002912,002943,UPI,2700,2026-05-19 18:06,success
PAY0002913,002944,UPI,650,2026-05-20 10:23,success
PAY0002914,INV-2945,cash,2999,2026-05-21 15:37,success
PAY0002915,KH/26-27/002946,cash,1020,2026-05-19 13:17,success
PAY0002916,002947,UPI,1599,2026-05-22 13:53,success
PAY0002917,INV-2948,cash,3499,2026-05-23 13:09,success
PAY0002918,INV-2949,cash,900,2026-05-22 17:52,success
PAY0002919,002950,card,1650,2026-05-19 18:00,success
PAY0002920,002951,UPI,2999,2026-05-24 11:27,success
PAY0002921,INV-2952,cash,900,2026-05-20 20:27,success
PAY0002922,002953,card,1499,2026-05-22 19:14,success
PAY0002923,002954,card,650,2026-05-23 12:47,success
PAY0002924,002955,UPI,220,2026-05-23 12:03,success
PAY0002925,002956,UPI,1000,2026-05-21 08:54,success
PAY0002926,002957,card,500,2026-05-21 21:59,success
PAY0002927,002958,UPI,2999,2026-05-23 19:19,success
PAY0002928,002959,UPI,550,2026-05-24 16:59,success
PAY0002929,002960,UPI,1000,2026-05-26 17:27,success
PAY0002930,002961,UPI,2420,2026-05-24 09:02,success
PAY0002931,002962,card,450,2026-05-24 20:20,success
PAY0002932,002963,UPI,900,2026-05-21 11:26,success
PAY0002933,002964,card,1050,2026-05-20 14:56,success
PAY0002934,002965,UPI,900,2026-05-20 19:01,success
PAY0002935,002966,card,1470,2026-05-26 14:26,success
PAY0002936,002967,card,2300,2026-05-21 10:25,success
PAY0002937,002968,UPI,1600,2026-05-26 20:38,success
PAY0002938,INV-2969,cash,2999,2026-05-21 10:34,success
PAY0002939,002971,UPI,1700,2026-05-21 17:42,success
PAY0002940,002972,UPI,120,2026-05-26 19:02,success
PAY0002941,002973,card,1300,2026-05-20 12:43,success
PAY0002942,002974,UPI,800,2026-05-23 14:53,success
PAY0002943,002975,card,1499,2026-05-22 18:27,success
PAY0002944,002976,UPI,3499,2026-05-26 12:02,success
PAY0002945,INV-2977,cash,800,2026-05-26 21:45,success
PAY0002946,002978,UPI,2999,2026-05-20 19:38,success
PAY0002947,INV-2979,cash,3499,2026-05-22 08:23,success
PAY0002948,002980,card,600,2026-05-24 16:58,success
PAY0002949,002981,UPI,1950,2026-05-24 13:11,success
PAY0002950,002982,card,2999,2026-05-26 15:49,success
PAY0002951,002983,card,2999,2026-05-21 16:35,success
PAY0002952,002984,card,3499,2026-05-24 15:07,success
PAY0002953,002985,UPI,3499,2026-05-24 09:53,success
PAY0002954,002986,UPI,120,2026-05-25 19:41,success
PAY0002955,002987,UPI,1750,2026-05-24 08:46,success
PAY0002956,002988,UPI,2999,2026-05-20 18:17,success
PAY0002957,002989,card,950,2026-05-23 21:47,success
PAY0002958,INV-2990,cash,550,2026-05-21 15:50,success
PAY0002959,002992,card,2000,2026-05-20 15:29,success
PAY0002960,002993,UPI,1170,2026-05-21 09:00,success
PAY0002961,002994,card,150,2026-05-20 13:24,success
PAY0002962,002994,card,150,2026-05-20 13:26,success
PAY0002963,002995,UPI,1170,2026-05-25 12:49,success
PAY0002964,INV-2996,cash,450,2026-05-26 11:45,success
PAY0002965,002997,UPI,2370,2026-05-23 10:34,success
PAY0002966,002998,UPI,2450,2026-05-21 20:35,success
PAY0002967,002999,card,1250,2026-05-24 14:37,success
PAY0002968,003000,UPI,800,2026-05-23 21:05,success
PAY0002969,003001,card,1750,2026-05-23 14:17,success
PAY0002970,INV-3002,cash,3499,2026-05-25 21:54,success
PAY0002971,003003,card,1950,2026-05-21 21:15,success
PAY0002972,003004,card,2000,2026-05-24 08:52,success
PAY0002973,003006,UPI,2999,2026-05-20 18:51,success
PAY0002974,003007,UPI,1770,2026-05-22 18:19,success
PAY0002975,INV-3008,cash,3499,2026-05-23 16:44,success
PAY0002976,003009,UPI,1400,2026-05-25 21:06,success
PAY0002977,003010,UPI,1499,2026-05-20 17:37,success
PAY0002978,INV-3011,cash,1900,2026-05-26 18:50,success
PAY0002979,003012,card,1750,2026-05-23 12:15,success
PAY0002980,003013,card,1700,2026-05-24 12:46,success
PAY0002981,INV-3014,cash,650,2026-05-20 21:43,success
PAY0002982,003015,UPI,2900,2026-05-20 10:18,success
PAY0002983,003016,card,1000,2026-05-26 20:54,success
PAY0002984,003017,UPI,2999,2026-05-25 11:03,success
PAY0002985,003018,UPI,900,2026-05-25 11:25,success
PAY0002986,003019,card,2999,2026-05-21 11:14,success
PAY0002987,003020,card,1620,2026-05-26 17:13,success
PAY0002988,003021,UPI,650,2026-05-21 17:07,success
PAY0002989,003022,card,2999,2026-05-27 18:38,success
PAY0002990,INV-3024,cash,350,2026-05-26 18:18,success
PAY0002991,003025,UPI,1450,2026-05-26 17:41,success
PAY0002992,003026,card,1870,2026-05-23 09:40,success
PAY0002993,003027,UPI,250,2026-05-27 10:26,success
PAY0002994,INV-3028,cash,600,2026-05-25 13:38,success
PAY0002995,003029,UPI,1250,2026-05-26 13:13,success
PAY0002996,003030,UPI,1400,2026-05-24 14:55,success
PAY0002997,003030,UPI,1400,2026-05-24 14:57,success
PAY0002998,003031,UPI,900,2026-05-22 13:30,success
PAY0002999,003032,UPI,2900,2026-05-26 11:14,success
PAY0003000,003033,UPI,1550,2026-05-23 18:44,success
PAY0003001,003034,UPI,650,2026-05-23 19:07,success
PAY0003002,003035,UPI,450,2026-05-26 21:50,success
PAY0003003,003036,UPI,800,2026-05-25 13:24,success
PAY0003004,003037,card,1320,2026-05-27 11:59,success
PAY0003005,003038,UPI,1499,2026-05-21 09:11,success
PAY0003006,INV-3039,cash,3099,2026-05-22 11:01,success
PAY0003007,003040,UPI,550,2026-05-24 17:00,success
PAY0003008,003041,UPI,120,2026-05-21 15:11,success
PAY0003009,003042,UPI,200,2026-05-22 14:10,success
PAY0003010,KH/26-27/003043,cash,850,2026-05-24 09:03,success
PAY0003011,INV-3044,cash,900,2026-05-26 21:11,success
PAY0003012,003045,card,3499,2026-05-25 15:48,success
PAY0003013,003046,card,1800,2026-05-22 16:20,success
PAY0003014,INV-3047,cash,1550,2026-05-27 14:09,success
PAY0003015,003048,UPI,2999,2026-05-25 18:13,success
PAY0003016,003049,UPI,120,2026-05-27 16:11,success
PAY0003017,INV-3050,cash,600,2026-05-24 16:51,success
PAY0003018,003051,card,1750,2026-05-25 08:43,success
PAY0003019,003052,card,820,2026-05-25 18:02,success
PAY0003020,003053,UPI,850,2026-05-27 16:27,success
PAY0003021,003055,card,3099,2026-05-25 09:34,success
PAY0003022,003056,UPI,450,2026-05-23 20:26,success
PAY0003023,003057,UPI,2999,2026-05-24 21:39,success
PAY0003024,003058,UPI,3599,2026-05-24 18:17,success
PAY0003025,003058,UPI,-3599,2026-05-24 18:17,refund
PAY0003026,KH/26-27/003059,cash,900,2026-05-23 10:24,success
PAY0003027,003061,UPI,650,2026-05-22 15:52,success
PAY0003028,003062,UPI,2999,2026-05-21 15:03,success
PAY0003029,INV-3063,cash,650,2026-05-22 18:45,success
PAY0003030,INV-3064,cash,850,2026-05-24 09:13,success
PAY0003031,003065,UPI,1920,2026-05-27 12:30,success
PAY0003032,INV-3066,cash,900,2026-05-25 19:00,success
PAY0003033,INV-3067,cash,1700,2026-05-21 20:09,success
PAY0003034,003068,card,1499,2026-05-26 09:49,success
PAY0003035,003069,UPI,2500,2026-05-21 19:48,success
PAY0003036,003070,card,600,2026-05-21 20:16,success
PAY0003037,003071,card,2999,2026-05-27 15:16,success
PAY0003038,003072,card,1200,2026-05-27 21:21,success
PAY0003039,INV-3073,cash,2050,2026-05-24 18:29,success
PAY0003040,003074,UPI,2400,2026-05-27 19:12,success
PAY0003041,003075,card,3099,2026-05-24 19:47,success
PAY0003042,INV-3076,cash,700,2026-05-24 15:58,success
PAY0003043,003077,UPI,1750,2026-05-28 19:20,success
PAY0003044,003078,UPI,770,2026-05-24 13:08,success
PAY0003045,INV-3079,cash,120,2026-05-27 12:38,success
PAY0003046,003080,card,1200,2026-05-23 16:34,success
PAY0003047,003081,UPI,1000,2026-05-23 12:36,success
PAY0003048,003082,UPI,3499,2026-05-22 20:21,success
PAY0003049,003083,UPI,2999,2026-05-25 14:59,success
PAY0003050,003083,UPI,2999,2026-05-25 14:59,success
PAY0003051,003084,UPI,1650,2026-05-26 15:39,success
PAY0003052,003085,UPI,1150,2026-05-27 18:22,success
PAY0003053,003086,card,500,2026-05-24 21:17,success
PAY0003054,003087,UPI,1550,2026-05-22 20:35,success
PAY0003055,003087,UPI,1550,2026-05-22 20:37,success
PAY0003056,003088,UPI,3499,2026-05-25 14:52,success
PAY0003057,INV-3089,cash,1800,2026-05-22 12:39,success
PAY0003058,003090,UPI,2700,2026-05-23 18:10,success
PAY0003059,INV-3091,cash,1200,2026-05-24 21:41,success
PAY0003060,003092,card,2550,2026-05-26 12:49,success
PAY0003061,003093,UPI,1499,2026-05-26 13:56,success
PAY0003062,003094,UPI,1370,2026-05-24 19:05,success
PAY0003063,003095,UPI,1750,2026-05-22 08:55,success
PAY0003064,003096,card,1220,2026-05-27 09:51,success
PAY0003065,003097,UPI,2999,2026-05-22 15:29,success
PAY0003066,INV-3098,cash,1499,2026-05-23 10:16,success
PAY0003067,003099,UPI,1800,2026-05-28 11:33,success
PAY0003068,003100,UPI,700,2026-05-22 14:28,success
PAY0003069,INV-3101,cash,1770,2026-05-28 21:53,success
PAY0003070,003102,UPI,2999,2026-05-23 13:29,success
PAY0003071,003103,card,150,2026-05-24 08:37,success
PAY0003072,003104,card,2670,2026-05-23 18:04,success
PAY0003073,003105,card,900,2026-05-22 13:32,success
PAY0003074,003106,card,550,2026-05-22 19:49,success
PAY0003075,003107,card,1300,2026-05-22 20:31,success
PAY0003076,INV-3108,cash,700,2026-05-24 16:41,success
PAY0003077,003109,card,3099,2026-05-28 17:23,success
PAY0003078,003109,card,3099,2026-05-28 17:25,success
PAY0003079,003110,UPI,1050,2026-05-27 11:11,success
PAY0003080,003110,UPI,1050,2026-05-27 11:13,success
PAY0003081,003111,UPI,2250,2026-05-28 16:20,success
PAY0003082,003112,UPI,770,2026-05-26 21:53,success
PAY0003083,003113,UPI,900,2026-05-22 13:11,success
PAY0003084,003114,UPI,2250,2026-05-25 18:25,success
PAY0003085,003115,UPI,2999,2026-05-24 21:54,success
PAY0003086,003116,UPI,1400,2026-05-23 20:28,success
PAY0003087,INV-3117,cash,850,2026-05-26 19:02,success
PAY0003088,003118,UPI,1499,2026-05-22 21:55,success
PAY0003089,INV-3119,cash,1250,2026-05-28 20:41,success
PAY0003090,003120,UPI,2999,2026-05-22 16:00,success
PAY0003091,003121,card,1499,2026-05-26 12:43,success
PAY0003092,003122,UPI,3499,2026-05-23 17:04,success
PAY0003093,003123,UPI,1950,2026-05-26 19:22,success
PAY0003094,003124,UPI,1499,2026-05-23 17:14,success
PAY0003095,003125,card,1850,2026-05-23 16:54,success
PAY0003096,003126,card,2150,2026-05-25 08:14,success
PAY0003097,INV-3127,cash,200,2026-05-27 21:36,success
PAY0003098,003128,UPI,2700,2026-05-24 13:46,success
PAY0003099,003129,UPI,1700,2026-05-28 10:00,success
PAY0003100,003130,card,1350,2026-05-25 12:15,success
PAY0003101,003131,card,500,2026-05-23 19:37,success
PAY0003102,003132,UPI,3499,2026-05-28 11:14,success
PAY0003103,003133,UPI,2100,2026-05-26 15:09,success
PAY0003104,003134,card,700,2026-05-22 14:00,success
PAY0003105,003135,UPI,1300,2026-05-27 12:03,success
PAY0003106,003136,UPI,2999,2026-05-25 08:06,success
PAY0003107,003137,card,1020,2026-05-22 17:21,success
PAY0003108,003138,UPI,750,2026-05-24 14:18,success
PAY0003109,003139,UPI,3499,2026-05-23 20:40,success
PAY0003110,003140,UPI,2999,2026-05-23 15:52,success
PAY0003111,003141,card,1850,2026-05-28 16:32,success
PAY0003112,003142,card,1800,2026-05-28 13:09,success
PAY0003113,003143,card,1100,2026-05-28 19:19,success
PAY0003114,003144,UPI,820,2026-05-26 12:03,success
PAY0003115,003145,card,3099,2026-05-29 20:54,success
PAY0003116,INV-3146,cash,650,2026-05-29 17:16,success
PAY0003117,003147,card,2999,2026-05-25 10:07,success
PAY0003118,003148,UPI,1600,2026-05-29 19:46,success
PAY0003119,003149,card,600,2026-05-28 17:42,success
PAY0003120,003150,UPI,2999,2026-05-24 10:52,success
PAY0003121,003151,UPI,1499,2026-05-26 11:59,success
PAY0003122,003152,card,570,2026-05-27 14:12,success
PAY0003123,INV-3153,cash,2999,2026-05-27 09:20,success
PAY0003124,003154,UPI,2570,2026-05-24 11:29,success
PAY0003125,003155,UPI,1499,2026-05-24 10:04,success
PAY0003126,003156,UPI,820,2026-05-24 17:42,success
PAY0003127,INV-3157,cash,2999,2026-05-23 08:06,success
PAY0003128,003158,card,1500,2026-05-29 11:49,success
PAY0003129,003159,card,3499,2026-05-28 17:11,success
PAY0003130,003160,UPI,550,2026-05-28 20:34,success
PAY0003131,INV-3161,cash,900,2026-05-28 15:44,success
PAY0003132,003162,UPI,900,2026-05-27 16:31,success
PAY0003133,003163,UPI,1400,2026-05-23 11:21,success
PAY0003134,003164,UPI,700,2026-05-24 15:39,success
PAY0003135,INV-3165,cash,950,2026-05-27 21:50,success
PAY0003136,INV-3166,cash,900,2026-05-28 19:22,success
PAY0003137,003167,card,750,2026-05-24 08:18,success
PAY0003138,003168,UPI,1850,2026-05-29 11:56,success
PAY0003139,003169,card,620,2026-05-24 16:31,success
PAY0003140,003170,UPI,800,2026-05-28 11:20,success
PAY0003141,003172,UPI,2999,2026-05-25 21:00,success
PAY0003142,003173,card,1800,2026-05-28 15:24,success
PAY0003143,003174,card,1499,2026-05-26 21:17,success
PAY0003144,003174,card,1499,2026-05-26 21:19,success
PAY0003145,003175,UPI,2600,2026-05-26 15:26,success
PAY0003146,003176,card,570,2026-05-26 19:43,success
PAY0003147,003177,UPI,1420,2026-05-24 21:15,success
PAY0003148,003178,UPI,2999,2026-05-25 17:04,success
PAY0003149,003179,UPI,1499,2026-05-23 08:23,success
PAY0003150,003180,UPI,2500,2026-05-24 09:53,success
PAY0003151,003181,card,500,2026-05-27 09:44,success
PAY0003152,003182,UPI,2100,2026-05-25 13:30,success
PAY0003153,INV-3183,cash,3099,2026-05-29 16:45,success
PAY0003154,003184,card,1499,2026-05-28 10:21,success
PAY0003155,003185,card,2999,2026-05-29 10:21,success
PAY0003156,003186,UPI,200,2026-05-24 19:06,success
PAY0003157,003187,UPI,600,2026-05-25 19:20,success
PAY0003158,003188,card,2999,2026-05-25 10:01,success
PAY0003159,003189,UPI,1920,2026-05-28 15:57,success
PAY0003160,003190,UPI,3499,2026-05-27 18:19,success
PAY0003161,INV-3191,cash,2999,2026-05-28 14:00,success
PAY0003162,003192,UPI,1350,2026-05-25 16:21,success
PAY0003163,003193,UPI,1170,2026-05-24 17:10,success
PAY0003164,INV-3194,cash,2999,2026-05-27 13:04,success
PAY0003165,003195,UPI,150,2026-05-25 14:16,success
PAY0003166,003196,card,2300,2026-05-24 12:05,success
PAY0003167,003197,UPI,1600,2026-05-29 09:02,success
PAY0003168,INV-3198,cash,350,2026-05-26 12:20,success
PAY0003169,003199,UPI,1350,2026-05-24 10:47,success
PAY0003170,INV-3200,cash,3099,2026-05-28 16:59,success
PAY0003171,003201,UPI,2999,2026-05-23 08:44,success
PAY0003172,INV-3202,cash,2050,2026-05-27 18:02,success
PAY0003173,003203,card,3599,2026-05-27 16:49,success
PAY0003174,003204,UPI,1050,2026-05-26 15:59,success
PAY0003175,003205,UPI,2999,2026-05-25 10:15,success
PAY0003176,003206,UPI,650,2026-05-29 16:06,success
PAY0003177,INV-3207,cash,800,2026-05-28 16:32,success
PAY0003178,003208,UPI,2999,2026-05-25 19:46,success
PAY0003179,003209,UPI,1200,2026-05-25 21:59,success
PAY0003180,003210,card,1250,2026-05-29 15:07,success
PAY0003181,003211,UPI,450,2026-05-30 10:01,success
PAY0003182,003212,UPI,1499,2026-05-26 12:36,success
PAY0003183,003213,UPI,1100,2026-05-29 11:10,success
PAY0003184,003214,UPI,600,2026-05-30 09:23,success
PAY0003185,003215,UPI,800,2026-05-24 20:35,success
PAY0003186,INV-3216,cash,1599,2026-05-30 21:38,success
PAY0003187,003217,UPI,2050,2026-05-29 13:31,success
PAY0003188,003218,card,350,2026-05-29 20:12,success
PAY0003189,003219,UPI,2999,2026-05-24 18:22,success
PAY0003190,003220,UPI,900,2026-05-30 13:00,success
PAY0003191,003221,UPI,1370,2026-05-28 17:56,success
PAY0003192,003222,card,3099,2026-05-27 13:08,success
PAY0003193,003223,UPI,1500,2026-05-29 11:48,success
PAY0003194,003224,card,1499,2026-05-24 11:44,success
PAY0003195,003225,UPI,450,2026-05-26 10:05,success
PAY0003196,003226,UPI,1550,2026-05-25 08:33,success
PAY0003197,003227,card,1700,2026-05-29 13:52,success
PAY0003198,003228,card,1150,2026-05-27 18:56,success
PAY0003199,003229,UPI,1700,2026-05-25 18:37,success
PAY0003200,KH/26-27/003230,cash,650,2026-05-30 16:03,success
PAY0003201,003231,UPI,1000,2026-05-25 10:12,success
PAY0003202,003232,UPI,1550,2026-05-26 21:23,success
PAY0003203,003233,UPI,600,2026-05-28 12:33,success
PAY0003204,003234,UPI,1499,2026-05-29 14:31,success
PAY0003205,INV-3235,cash,150,2026-05-30 19:45,success
PAY0003206,003236,UPI,1200,2026-05-28 18:52,success
PAY0003207,003237,card,770,2026-05-24 13:35,success
PAY0003208,003238,UPI,1400,2026-05-27 17:48,success
PAY0003209,003239,UPI,1300,2026-05-26 08:16,success
PAY0003210,INV-3240,cash,2250,2026-05-28 09:49,success
PAY0003211,003241,UPI,1499,2026-05-30 18:57,success
PAY0003212,003242,UPI,3499,2026-05-30 17:02,success
PAY0003213,003243,UPI,1620,2026-05-24 21:50,success
PAY0003214,003244,UPI,1320,2026-05-29 10:32,success
PAY0003215,INV-3245,cash,620,2026-05-25 09:00,success
PAY0003216,003246,card,850,2026-05-28 17:40,success
PAY0003217,003247,card,2999,2026-05-25 15:48,success
PAY0003218,INV-3248,cash,1970,2026-05-26 20:40,success
PAY0003219,INV-3249,cash,600,2026-05-26 19:20,success
PAY0003220,INV-3250,cash,1320,2026-05-24 21:20,success
PAY0003221,INV-3251,cash,1850,2026-05-27 20:29,success
PAY0003222,003252,card,3499,2026-05-29 13:29,success
PAY0003223,003253,UPI,1499,2026-05-31 17:25,success
PAY0003224,003254,UPI,770,2026-05-26 17:10,success
PAY0003225,INV-3255,cash,1950,2026-05-27 14:32,success
PAY0003226,003256,UPI,2999,2026-05-29 16:55,success
PAY0003227,003257,UPI,1950,2026-05-25 16:23,success
PAY0003228,INV-3258,cash,450,2026-05-30 09:47,success
PAY0003229,003259,UPI,1500,2026-05-25 13:55,success
PAY0003230,003260,UPI,1499,2026-05-27 18:03,success
PAY0003231,003261,UPI,1320,2026-05-29 08:19,success
PAY0003232,INV-3262,cash,1800,2026-05-28 15:49,success
PAY0003233,003263,card,1550,2026-05-27 15:36,success
PAY0003234,003264,card,350,2026-05-31 11:52,success
PAY0003235,003265,UPI,150,2026-05-25 12:20,success
PAY0003236,003266,UPI,1350,2026-05-28 10:24,success
PAY0003237,INV-3267,cash,2300,2026-05-27 11:45,success
PAY0003238,INV-3268,cash,1499,2026-05-25 11:03,success
PAY0003239,003269,UPI,550,2026-05-26 20:24,success
PAY0003240,003270,UPI,900,2026-05-26 08:55,success
PAY0003241,003271,UPI,1800,2026-05-29 21:56,success
PAY0003242,003272,card,2999,2026-05-27 10:30,success
PAY0003243,003273,UPI,770,2026-05-27 14:51,success
PAY0003244,003274,card,1499,2026-05-30 19:29,success
PAY0003245,INV-3275,cash,150,2026-05-29 19:26,success
PAY0003246,INV-3276,cash,2999,2026-05-31 14:02,success
PAY0003247,003277,card,1050,2026-05-31 15:21,success
PAY0003248,INV-3278,cash,850,2026-05-27 15:35,success
PAY0003249,003279,UPI,1150,2026-05-26 16:39,success
PAY0003250,003280,card,550,2026-05-27 21:13,success
PAY0003251,003281,card,350,2026-05-28 17:00,success
PAY0003252,003282,card,700,2026-05-26 11:22,success
PAY0003253,003283,card,2999,2026-05-30 17:03,success
PAY0003254,003284,UPI,120,2026-05-27 10:41,success
PAY0003255,003285,UPI,200,2026-05-25 18:44,success
PAY0003256,003285,UPI,-200,2026-05-25 18:44,refund
PAY0003257,003286,UPI,120,2026-05-30 14:46,success
PAY0003258,003287,UPI,2999,2026-05-29 13:43,success
PAY0003259,003288,UPI,1850,2026-05-31 12:41,success
PAY0003260,003289,UPI,2999,2026-05-25 14:32,success
PAY0003261,INV-3290,cash,1700,2026-05-26 16:28,success
PAY0003262,003291,UPI,600,2026-05-29 15:28,success
PAY0003263,003292,UPI,1870,2026-05-26 17:14,success
PAY0003264,003293,UPI,1499,2026-05-29 21:38,success
PAY0003265,003294,UPI,200,2026-05-30 10:42,success
PAY0003266,003295,card,2100,2026-05-25 15:54,success
PAY0003267,003296,card,600,2026-05-31 13:57,success
PAY0003268,003297,UPI,450,2026-05-25 16:04,success
PAY0003269,INV-3298,cash,1050,2026-05-30 12:58,success
PAY0003270,003299,UPI,600,2026-05-26 17:40,success
PAY0003271,003300,UPI,750,2026-05-26 15:19,success
PAY0003272,003301,UPI,1520,2026-05-31 08:55,success
PAY0003273,003301,UPI,1520,2026-05-31 08:57,success
PAY0003274,003302,UPI,1020,2026-05-29 14:56,success
PAY0003275,003303,card,600,2026-05-29 18:46,success
PAY0003276,INV-3304,cash,2999,2026-05-25 14:45,success
PAY0003277,003305,UPI,2999,2026-05-27 19:12,success
PAY0003278,003306,card,1850,2026-05-27 13:41,success
PAY0003279,003307,card,650,2026-05-29 20:14,success
PAY0003280,003308,card,850,2026-05-28 16:10,success
PAY0003281,003309,UPI,450,2026-05-26 09:10,success
PAY0003282,003310,UPI,1500,2026-05-27 21:42,success
PAY0003283,003311,card,3000,2026-06-01 19:52,success
PAY0003284,003312,UPI,3050,2026-05-30 14:56,success
PAY0003285,003313,card,700,2026-05-26 09:04,success
PAY0003286,003314,UPI,1300,2026-05-29 16:53,success
PAY0003287,003315,card,650,2026-05-27 12:07,success
PAY0003288,003316,UPI,200,2026-06-01 12:07,success
PAY0003289,003317,UPI,650,2026-05-28 17:57,success
PAY0003290,KH/26-27/003318,cash,1150,2026-05-31 19:10,success
PAY0003291,003319,UPI,350,2026-06-01 16:20,success
PAY0003292,003320,UPI,2000,2026-05-28 14:46,success
PAY0003293,003321,card,120,2026-05-31 20:24,success
PAY0003294,KH/26-27/003322,cash,1599,2026-06-01 13:52,success
PAY0003295,003323,UPI,850,2026-05-26 10:18,success
PAY0003296,003324,UPI,1500,2026-05-27 09:02,success
PAY0003297,003325,card,1850,2026-05-29 15:43,success
PAY0003298,003326,UPI,1250,2026-05-29 16:54,success
PAY0003299,003327,UPI,500,2026-05-31 19:30,success
PAY0003300,INV-3328,cash,1550,2026-05-31 21:14,success
PAY0003301,003329,UPI,2170,2026-05-27 19:30,success
PAY0003302,003330,UPI,1400,2026-05-27 17:58,success
PAY0003303,003331,card,1220,2026-06-01 19:58,success
PAY0003304,003332,UPI,2999,2026-05-27 13:35,success
PAY0003305,003333,UPI,2999,2026-05-27 12:03,success
PAY0003306,003334,UPI,1950,2026-05-28 10:26,success
PAY0003307,003335,UPI,2999,2026-05-30 19:18,success
PAY0003308,003338,UPI,200,2026-05-30 08:54,success
PAY0003309,003339,UPI,1620,2026-05-27 18:09,success
PAY0003310,INV-3340,cash,120,2026-06-01 18:05,success
PAY0003311,003341,UPI,1100,2026-05-28 12:09,success
PAY0003312,003341,UPI,1100,2026-05-28 12:11,success
PAY0003313,INV-3342,cash,2999,2026-05-30 15:20,success
PAY0003314,003343,UPI,3499,2026-05-27 18:38,success
PAY0003315,003344,UPI,850,2026-05-29 11:22,success
PAY0003316,003344,UPI,850,2026-05-29 11:24,success
PAY0003317,003345,UPI,2999,2026-05-30 11:48,success
PAY0003318,003346,card,1000,2026-05-27 13:11,success
PAY0003319,003347,card,350,2026-05-26 09:17,success
PAY0003320,003348,UPI,1050,2026-05-27 17:54,success
PAY0003321,003349,UPI,2999,2026-05-28 21:55,success
PAY0003322,003350,UPI,150,2026-05-28 11:48,success
PAY0003323,003351,card,2650,2026-05-27 16:40,success
PAY0003324,KH/26-27/003352,cash,3499,2026-05-30 13:44,success
PAY0003325,003353,card,1499,2026-06-01 11:45,success
PAY0003326,003354,card,2999,2026-05-27 18:11,success
PAY0003327,INV-3355,cash,2999,2026-06-01 19:38,success
PAY0003328,INV-3356,cash,2770,2026-05-31 20:28,success
PAY0003329,003357,card,200,2026-05-29 11:01,success
PAY0003330,003358,card,3499,2026-05-29 15:17,success
PAY0003331,003359,UPI,1950,2026-05-28 11:23,success
PAY0003332,003359,UPI,1950,2026-05-28 11:25,success
PAY0003333,003360,UPI,3099,2026-06-01 09:04,success
PAY0003334,003361,card,2550,2026-05-27 21:14,success
PAY0003335,003362,card,900,2026-05-30 14:42,success
PAY0003336,003363,card,1050,2026-05-27 08:41,success
PAY0003337,003364,card,2600,2026-05-28 15:22,success
PAY0003338,003365,UPI,1850,2026-05-28 21:02,success
PAY0003339,003366,UPI,450,2026-05-30 17:41,success
PAY0003340,003367,UPI,570,2026-05-30 17:50,success
PAY0003341,003368,UPI,1700,2026-05-27 09:25,success
PAY0003342,003369,UPI,850,2026-05-26 15:48,success
PAY0003343,003370,UPI,2999,2026-05-29 09:12,success
PAY0003344,KH/26-27/003371,cash,150,2026-05-28 21:16,success
PAY0003345,INV-3372,cash,1000,2026-06-02 21:08,success
PAY0003346,INV-3373,cash,150,2026-05-30 19:35,success
PAY0003347,003374,card,1070,2026-05-28 09:32,success
PAY0003348,003375,card,550,2026-05-28 10:04,success
PAY0003349,003376,UPI,2950,2026-05-30 14:09,success
PAY0003350,003377,UPI,2999,2026-05-27 15:38,success
PAY0003351,003378,UPI,2650,2026-05-30 11:32,success
PAY0003352,003379,UPI,3499,2026-05-31 15:10,success
PAY0003353,003379,UPI,3499,2026-05-31 15:12,success
PAY0003354,003380,UPI,550,2026-05-30 11:06,success
PAY0003355,003381,UPI,2350,2026-05-28 14:20,success
PAY0003356,003382,UPI,1600,2026-06-02 16:25,success
PAY0003357,INV-3383,cash,3099,2026-06-01 19:50,success
PAY0003358,003384,UPI,350,2026-05-31 15:29,success
PAY0003359,INV-3385,cash,1499,2026-05-28 09:02,success
PAY0003360,003386,card,800,2026-05-29 21:34,success
PAY0003361,003387,UPI,150,2026-06-01 21:09,success
PAY0003362,003388,card,200,2026-05-27 15:41,success
PAY0003363,003390,UPI,770,2026-06-01 21:14,success
PAY0003364,003391,card,350,2026-05-31 16:28,success
PAY0003365,003392,UPI,2999,2026-05-29 15:54,success
PAY0003366,003393,card,600,2026-05-29 17:04,success
PAY0003367,003394,card,1650,2026-05-27 15:20,success
PAY0003368,003395,card,650,2026-06-01 13:49,success
PAY0003369,INV-3396,cash,1100,2026-05-28 21:51,success
PAY0003370,INV-3397,cash,500,2026-05-30 08:17,success
PAY0003371,INV-3398,cash,800,2026-05-27 16:35,success
PAY0003372,003399,UPI,1599,2026-05-27 12:57,success
PAY0003373,003400,card,2999,2026-05-30 11:19,success
PAY0003374,INV-3401,cash,500,2026-05-29 09:10,success
PAY0003375,003402,UPI,650,2026-06-02 11:19,success
PAY0003376,003403,UPI,2999,2026-05-30 11:29,success
PAY0003377,003404,UPI,1720,2026-05-27 17:58,success
PAY0003378,003405,UPI,350,2026-05-29 16:57,success
PAY0003379,003406,card,150,2026-05-29 20:44,success
PAY0003380,003407,UPI,1650,2026-05-28 08:21,success
PAY0003381,003408,UPI,900,2026-06-01 12:59,success
PAY0003382,003409,UPI,2220,2026-06-01 10:28,success
PAY0003383,003410,UPI,1050,2026-05-28 08:15,success
PAY0003384,003411,card,200,2026-06-02 15:44,success
PAY0003385,003412,UPI,1750,2026-05-30 17:37,success
PAY0003386,003413,card,3499,2026-06-01 09:07,success
PAY0003387,003414,card,550,2026-05-28 16:18,success
PAY0003388,003415,UPI,2999,2026-06-02 17:37,success
PAY0003389,003416,card,600,2026-05-30 13:39,success
PAY0003390,003417,UPI,750,2026-05-30 09:38,success
PAY0003391,003418,card,1250,2026-05-29 13:18,success
PAY0003392,KH/26-27/003419,cash,1320,2026-06-02 17:22,success
PAY0003393,003420,UPI,750,2026-05-29 11:19,success
PAY0003394,INV-3421,cash,2999,2026-05-31 13:31,success
PAY0003395,003422,UPI,1100,2026-05-30 21:11,success
PAY0003396,INV-3423,cash,2300,2026-06-02 08:01,success
PAY0003397,003424,card,3000,2026-05-30 09:37,success
PAY0003398,003425,card,1250,2026-06-01 10:54,success
PAY0003399,KH/26-27/003426,cash,450,2026-05-31 20:11,success
PAY0003400,003427,UPI,1550,2026-05-28 18:54,success
PAY0003401,003428,UPI,2999,2026-06-01 14:12,success
PAY0003402,003429,card,1499,2026-05-30 16:56,success
PAY0003403,003430,card,1250,2026-05-31 21:19,success
PAY0003404,003431,card,700,2026-05-28 11:50,success
PAY0003405,003432,UPI,700,2026-05-28 15:35,success
PAY0003406,003433,card,2999,2026-05-28 14:02,success
PAY0003407,INV-3434,cash,1499,2026-05-28 20:06,success
PAY0003408,003435,card,1200,2026-05-28 17:10,success
PAY0003409,003436,UPI,120,2026-06-03 15:55,success
PAY0003410,003437,card,2999,2026-05-28 21:41,success
PAY0003411,003438,card,770,2026-05-30 21:11,success
PAY0003412,INV-3439,cash,1599,2026-05-31 13:54,success
PAY0003413,003440,card,1250,2026-05-30 08:32,success
PAY0003414,003441,UPI,1450,2026-06-01 09:02,success
PAY0003415,003442,card,1920,2026-06-03 12:48,success
PAY0003416,003443,UPI,2999,2026-06-01 16:16,success
PAY0003417,003444,card,700,2026-05-31 13:50,success
PAY0003418,003445,UPI,700,2026-05-29 17:41,success
PAY0003419,003445,UPI,700,2026-05-29 17:43,success
PAY0003420,INV-3446,cash,2100,2026-05-28 13:28,success
PAY0003421,INV-3447,cash,850,2026-06-02 09:32,success
PAY0003422,003448,UPI,1650,2026-06-03 21:31,success
PAY0003423,INV-3449,cash,1499,2026-05-29 08:41,success
PAY0003424,003450,UPI,2999,2026-05-29 08:37,success
PAY0003425,003450,UPI,2999,2026-05-29 08:39,success
PAY0003426,003451,card,2420,2026-06-01 18:01,success
PAY0003427,003452,card,2000,2026-06-02 08:09,success
PAY0003428,INV-3453,cash,2100,2026-06-02 19:32,success
PAY0003429,003454,UPI,950,2026-05-28 10:00,success
PAY0003430,003455,card,1499,2026-06-02 10:40,success
PAY0003431,003456,card,2999,2026-05-28 18:58,success
PAY0003432,003457,UPI,200,2026-06-03 10:59,success
PAY0003433,003458,card,1499,2026-06-01 09:31,success
PAY0003434,INV-3459,cash,2700,2026-05-29 08:26,success
PAY0003435,003460,UPI,1300,2026-05-31 12:15,success
PAY0003436,INV-3461,cash,2999,2026-05-28 11:01,success
PAY0003437,003462,UPI,2999,2026-06-02 14:42,success
PAY0003438,003462,UPI,2999,2026-06-02 14:44,success
PAY0003439,003463,card,550,2026-06-03 15:13,success
PAY0003440,003464,UPI,1500,2026-06-03 18:51,success
PAY0003441,INV-3465,cash,800,2026-05-30 14:31,success
PAY0003442,INV-3465,cash,-800,2026-05-30 14:31,refund
PAY0003443,003466,card,1650,2026-05-28 21:11,success
PAY0003444,003467,card,900,2026-05-28 10:46,success
PAY0003445,003468,UPI,1450,2026-05-28 19:39,success
PAY0003446,003469,card,2420,2026-05-31 15:17,success
PAY0003447,003470,card,3400,2026-06-01 11:56,success
PAY0003448,003471,card,2999,2026-05-29 15:32,success
PAY0003449,003472,UPI,1350,2026-06-01 14:45,success
PAY0003450,003473,card,3499,2026-06-01 10:18,success
PAY0003451,003474,UPI,2500,2026-05-31 14:12,success
PAY0003452,003475,UPI,2999,2026-06-02 14:44,success
PAY0003453,003476,UPI,2999,2026-06-02 20:27,success
PAY0003454,003476,UPI,2999,2026-06-02 20:29,success
PAY0003455,003477,card,2020,2026-06-02 15:50,success
PAY0003456,INV-3478,cash,1499,2026-05-31 11:50,success
PAY0003457,003479,card,270,2026-06-01 15:11,success
PAY0003458,003480,card,2000,2026-05-28 17:47,success
PAY0003459,003482,card,1050,2026-06-03 19:49,success
PAY0003460,003483,UPI,1270,2026-05-31 09:48,success
PAY0003461,003484,card,1600,2026-06-03 10:56,success
PAY0003462,INV-3485,cash,2999,2026-06-03 09:14,success
PAY0003463,003487,UPI,550,2026-05-31 13:29,success
PAY0003464,003488,UPI,2100,2026-05-29 14:01,success
PAY0003465,INV-3489,cash,3099,2026-06-01 20:46,success
PAY0003466,003490,UPI,1550,2026-06-03 19:26,success
PAY0003467,003491,card,3499,2026-06-02 18:28,success
PAY0003468,INV-3492,cash,900,2026-06-03 10:14,success
PAY0003469,INV-3493,cash,3499,2026-06-01 08:41,success
PAY0003470,003494,card,150,2026-06-02 08:27,success
PAY0003471,003495,card,1000,2026-06-01 18:22,success
PAY0003472,003496,UPI,2999,2026-06-01 13:14,success
PAY0003473,INV-3497,cash,700,2026-06-03 17:51,success
PAY0003474,003498,card,3200,2026-05-30 15:30,success
PAY0003475,INV-3499,cash,1700,2026-05-30 16:35,success
PAY0003476,003500,card,2999,2026-05-28 09:40,success
PAY0003477,003501,UPI,2800,2026-06-03 18:11,success
PAY0003478,INV-3502,cash,2999,2026-05-28 08:08,success
PAY0003479,003503,UPI,900,2026-05-31 13:10,success
PAY0003480,003504,card,850,2026-05-28 09:29,success
PAY0003481,003505,UPI,700,2026-05-30 12:36,success
PAY0003482,003506,UPI,550,2026-06-01 21:07,success
PAY0003483,003507,UPI,1900,2026-06-01 08:17,success
PAY0003484,003508,UPI,350,2026-06-03 10:53,success
PAY0003485,INV-3509,cash,150,2026-05-31 12:01,success
PAY0003486,INV-3510,cash,650,2026-06-01 10:27,success
PAY0003487,003511,UPI,200,2026-05-29 19:50,success
PAY0003488,003512,UPI,550,2026-05-31 09:01,success
PAY0003489,003513,UPI,700,2026-06-04 08:35,success
PAY0003490,INV-3514,cash,120,2026-06-04 17:39,success
PAY0003491,003515,UPI,1320,2026-06-01 21:29,success
PAY0003492,INV-3516,cash,3099,2026-06-03 21:59,success
PAY0003493,003517,UPI,2999,2026-06-04 08:29,success
PAY0003494,003518,card,700,2026-06-03 16:48,success
PAY0003495,003519,UPI,600,2026-06-03 10:33,success
PAY0003496,003520,UPI,500,2026-06-01 21:35,success
PAY0003497,003521,UPI,2450,2026-05-30 19:09,success
PAY0003498,003522,UPI,850,2026-05-31 16:28,success
PAY0003499,003523,UPI,1350,2026-06-01 17:27,success
PAY0003500,003524,card,450,2026-06-04 13:48,success
PAY0003501,003525,UPI,1550,2026-06-02 18:24,success
PAY0003502,INV-3526,cash,650,2026-05-31 09:02,success
PAY0003503,003527,UPI,950,2026-06-02 13:04,success
PAY0003504,003528,UPI,2350,2026-05-31 17:49,success
PAY0003505,003529,UPI,2999,2026-06-03 21:26,success
PAY0003506,003530,UPI,2450,2026-05-31 20:26,success
PAY0003507,INV-3531,cash,2999,2026-06-04 17:38,success
PAY0003508,003532,card,2620,2026-06-01 14:14,success
PAY0003509,003533,UPI,670,2026-06-02 13:07,success
PAY0003510,003534,card,2999,2026-06-03 16:50,success
PAY0003511,003535,card,1499,2026-06-03 20:18,success
PAY0003512,003536,UPI,650,2026-06-03 14:22,success
PAY0003513,KH/26-27/003537,cash,2999,2026-05-30 15:33,success
PAY0003514,003538,card,1499,2026-05-29 11:12,success
PAY0003515,003539,UPI,1499,2026-06-04 10:49,success
PAY0003516,003540,UPI,2250,2026-06-03 20:53,success
PAY0003517,003541,card,450,2026-05-31 16:38,success
PAY0003518,003542,UPI,2999,2026-06-04 21:41,success
PAY0003519,INV-3543,cash,900,2026-05-29 20:44,success
PAY0003520,003544,card,800,2026-06-04 13:29,success
PAY0003521,003545,card,550,2026-05-29 14:04,success
PAY0003522,003546,UPI,1499,2026-05-30 13:55,success
PAY0003523,KH/26-27/003547,cash,1500,2026-05-29 11:40,success
PAY0003524,003548,card,2999,2026-06-04 17:07,success
PAY0003525,003549,UPI,1550,2026-06-02 12:56,success
PAY0003526,003551,UPI,720,2026-05-29 21:45,success
PAY0003527,003552,UPI,450,2026-05-31 10:48,success
PAY0003528,003553,card,1450,2026-05-31 17:24,success
PAY0003529,INV-3555,cash,2999,2026-05-30 19:21,success
PAY0003530,003556,UPI,1250,2026-05-30 21:09,success
PAY0003531,003557,UPI,2999,2026-05-29 16:00,success
PAY0003532,003558,UPI,1200,2026-06-03 21:33,success
PAY0003533,003559,UPI,1300,2026-05-29 15:18,success
PAY0003534,INV-3560,cash,3499,2026-06-02 10:44,success
PAY0003535,003562,UPI,1000,2026-05-30 11:51,success
PAY0003536,003563,UPI,500,2026-05-29 20:30,success
PAY0003537,003565,card,800,2026-05-30 21:03,success
PAY0003538,003566,UPI,600,2026-06-04 19:24,success
PAY0003539,003567,UPI,600,2026-05-29 11:14,success
PAY0003540,INV-3568,cash,2999,2026-05-30 21:06,success
PAY0003541,INV-3569,cash,650,2026-06-03 21:56,success
PAY0003542,INV-3570,cash,1800,2026-06-01 11:08,success
PAY0003543,003571,card,1500,2026-05-30 19:32,success
PAY0003544,003573,UPI,1000,2026-06-01 21:36,success
PAY0003545,003574,UPI,1300,2026-06-01 15:33,success
PAY0003546,003575,card,2999,2026-06-04 17:26,success
PAY0003547,003576,UPI,720,2026-06-01 12:25,success
PAY0003548,003577,card,1370,2026-06-02 20:04,success
PAY0003549,003578,UPI,2999,2026-06-04 19:58,success
PAY0003550,003579,UPI,2300,2026-05-30 10:08,success
PAY0003551,003580,UPI,3499,2026-06-05 19:28,success
PAY0003552,003581,UPI,1920,2026-06-03 12:56,success
PAY0003553,INV-3582,cash,550,2026-06-01 18:52,success
PAY0003554,003583,UPI,1800,2026-06-01 10:54,success
PAY0003555,003584,UPI,3100,2026-06-01 20:47,success
PAY0003556,003585,card,750,2026-06-05 19:48,success
PAY0003557,INV-3586,cash,1000,2026-06-02 21:08,success
PAY0003558,003587,UPI,120,2026-06-05 21:04,success
PAY0003559,003588,UPI,700,2026-06-05 08:52,success
PAY0003560,003589,card,200,2026-06-01 18:30,success
PAY0003561,003590,UPI,120,2026-06-04 11:43,success
PAY0003562,003591,UPI,2050,2026-06-05 16:13,success
PAY0003563,003592,UPI,1499,2026-06-04 20:24,success
PAY0003564,003593,UPI,700,2026-06-03 17:11,success
PAY0003565,003594,UPI,600,2026-05-30 10:09,success
PAY0003566,003595,UPI,270,2026-06-01 17:47,success
PAY0003567,003596,UPI,1950,2026-06-02 17:48,success
PAY0003568,003597,UPI,2999,2026-06-03 11:14,success
PAY0003569,003598,UPI,3499,2026-06-01 18:10,success
PAY0003570,INV-3599,cash,2350,2026-06-03 08:08,success
PAY0003571,003600,card,1499,2026-06-03 11:15,success
PAY0003572,KH/26-27/003601,cash,2000,2026-06-05 15:53,success
PAY0003573,003602,card,750,2026-06-05 10:50,success
PAY0003574,003603,UPI,2800,2026-06-03 17:30,success
PAY0003575,003604,card,150,2026-06-03 18:53,success
PAY0003576,INV-3605,cash,800,2026-06-05 11:07,success
PAY0003577,003606,card,3499,2026-06-01 11:31,success
PAY0003578,003607,UPI,2999,2026-06-02 19:51,success
PAY0003579,INV-3608,cash,850,2026-06-03 14:42,success
PAY0003580,003609,card,2999,2026-06-02 16:23,success
PAY0003581,003609,card,2999,2026-06-02 16:25,success
PAY0003582,003610,UPI,600,2026-05-31 11:38,success
PAY0003583,INV-3611,cash,1499,2026-05-30 18:48,success
PAY0003584,INV-3613,cash,1400,2026-06-02 21:30,success
PAY0003585,003614,card,2250,2026-06-02 12:42,success
PAY0003586,003615,card,1499,2026-06-02 18:58,success
PAY0003587,003616,UPI,1400,2026-06-01 11:29,success
PAY0003588,003617,UPI,700,2026-06-03 19:24,success
PAY0003589,003618,UPI,900,2026-06-02 11:53,success
PAY0003590,003620,UPI,2999,2026-06-03 12:38,success
PAY0003591,003621,UPI,1650,2026-06-03 10:49,success
PAY0003592,003622,UPI,850,2026-06-05 19:01,success
PAY0003593,003622,UPI,850,2026-06-05 19:03,success
PAY0003594,003623,UPI,2999,2026-06-03 16:11,success
PAY0003595,003624,UPI,450,2026-06-05 08:09,success
PAY0003596,INV-3625,cash,2750,2026-06-05 16:43,success
PAY0003597,003627,UPI,2999,2026-06-03 17:00,success
PAY0003598,003628,card,950,2026-05-31 12:17,success
PAY0003599,003628,card,950,2026-05-31 12:19,success
PAY0003600,INV-3629,cash,350,2026-06-03 13:33,success
PAY0003601,003630,UPI,1499,2026-06-02 09:03,success
PAY0003602,INV-3631,cash,2999,2026-06-01 08:04,success
PAY0003603,003632,UPI,1950,2026-06-05 16:16,success
PAY0003604,INV-3633,cash,3499,2026-06-03 16:53,success
PAY0003605,003634,UPI,700,2026-06-03 21:38,success
PAY0003606,INV-3635,cash,1520,2026-06-03 14:35,success
PAY0003607,INV-3636,cash,2100,2026-06-06 08:44,success
PAY0003608,003637,UPI,1400,2026-06-06 14:43,success
PAY0003609,003638,UPI,2000,2026-05-31 08:24,success
PAY0003610,003639,UPI,1250,2026-05-31 19:36,success
PAY0003611,003640,UPI,450,2026-06-01 19:08,success
PAY0003612,003641,UPI,1499,2026-05-31 20:30,success
PAY0003613,INV-3642,cash,1499,2026-06-01 18:18,success
PAY0003614,003643,UPI,1970,2026-06-03 16:05,success
PAY0003615,003644,UPI,600,2026-06-03 12:41,success
PAY0003616,003645,UPI,1499,2026-06-03 18:34,success
PAY0003617,INV-3646,cash,150,2026-06-01 15:12,success
PAY0003618,003647,UPI,450,2026-06-06 12:06,success
PAY0003619,003648,UPI,2999,2026-06-03 15:25,success
PAY0003620,003649,UPI,1350,2026-06-02 14:22,success
PAY0003621,003651,UPI,1200,2026-05-31 20:39,success
PAY0003622,003652,card,3499,2026-06-01 17:45,success
PAY0003623,INV-3653,cash,500,2026-06-02 19:58,success
PAY0003624,003654,UPI,2600,2026-06-04 10:57,success
PAY0003625,003655,UPI,1970,2026-06-06 20:58,success
PAY0003626,003656,card,450,2026-06-06 09:38,success
PAY0003627,003657,UPI,2999,2026-05-31 21:02,success
PAY0003628,003658,UPI,3300,2026-06-02 18:46,success
PAY0003629,003659,UPI,1499,2026-06-01 16:25,success
PAY0003630,INV-3660,cash,1499,2026-06-03 15:42,success
PAY0003631,003661,UPI,1599,2026-06-05 21:25,success
PAY0003632,003662,UPI,600,2026-06-04 11:07,success
PAY0003633,003663,UPI,3499,2026-06-03 19:50,success
PAY0003634,003664,UPI,1520,2026-05-31 13:39,success
PAY0003635,003665,UPI,2999,2026-06-05 08:19,success
PAY0003636,003666,UPI,1499,2026-06-01 11:50,success
PAY0003637,003666,UPI,1499,2026-06-01 11:52,success
PAY0003638,003667,UPI,2999,2026-06-03 12:28,success
PAY0003639,003668,UPI,1499,2026-06-06 08:21,success
PAY0003640,003670,UPI,1420,2026-06-02 21:41,success
PAY0003641,INV-3671,cash,1499,2026-06-01 13:47,success
PAY0003642,003672,card,2999,2026-06-06 10:33,success
PAY0003643,003673,UPI,1350,2026-06-07 08:44,success
PAY0003644,003674,card,720,2026-06-05 08:11,success
PAY0003645,003675,UPI,1800,2026-06-02 12:34,success
PAY0003646,INV-3676,cash,600,2026-06-03 20:42,success
PAY0003647,003677,card,1200,2026-06-01 13:14,success
PAY0003648,KH/26-27/003678,cash,600,2026-06-07 10:33,success
PAY0003649,003679,card,1600,2026-06-03 08:57,success
PAY0003650,INV-3681,cash,1220,2026-06-01 11:08,success
PAY0003651,KH/26-27/003682,cash,3499,2026-06-06 11:39,success
PAY0003652,003683,UPI,2200,2026-06-06 08:18,success
PAY0003653,003684,UPI,1550,2026-06-07 11:04,success
PAY0003654,003685,UPI,1120,2026-06-04 18:48,success
PAY0003655,003686,card,1250,2026-06-03 15:45,success
PAY0003656,003687,card,2999,2026-06-07 20:24,success
PAY0003657,003688,card,1750,2026-06-01 19:50,success
PAY0003658,003689,card,1370,2026-06-04 09:51,success
PAY0003659,003690,card,1250,2026-06-01 08:44,success
PAY0003660,003691,UPI,2999,2026-06-07 19:06,success
PAY0003661,003692,UPI,2999,2026-06-07 17:39,success
PAY0003662,INV-3693,cash,2999,2026-06-05 18:14,success
PAY0003663,003694,UPI,2670,2026-06-03 21:30,success
PAY0003664,003695,card,1350,2026-06-05 18:30,success
PAY0003665,003696,UPI,2999,2026-06-01 15:23,success
PAY0003666,003697,UPI,500,2026-06-06 20:46,success
PAY0003667,INV-3698,cash,670,2026-06-06 08:57,success
PAY0003668,INV-3699,cash,850,2026-06-01 17:15,success
PAY0003669,003700,card,900,2026-06-01 12:33,success
PAY0003670,003701,UPI,3499,2026-06-03 12:15,success
PAY0003671,003702,UPI,1499,2026-06-03 08:48,success
PAY0003672,003703,UPI,650,2026-06-02 20:43,success
PAY0003673,003704,card,750,2026-06-07 15:00,success
PAY0003674,003705,card,450,2026-06-04 18:35,success
PAY0003675,003706,card,1499,2026-06-06 18:32,success
PAY0003676,003707,UPI,1499,2026-06-03 21:35,success
PAY0003677,003707,UPI,1499,2026-06-03 21:37,success
PAY0003678,003708,UPI,900,2026-06-02 20:13,success
PAY0003679,003709,UPI,2350,2026-06-03 18:57,success
PAY0003680,003711,UPI,1500,2026-06-06 12:09,success
PAY0003681,003712,card,1499,2026-06-04 08:49,success
PAY0003682,003713,UPI,2900,2026-06-02 08:22,success
PAY0003683,INV-3714,cash,350,2026-06-03 09:52,success
PAY0003684,003715,UPI,700,2026-06-04 10:04,success
PAY0003685,003716,UPI,1150,2026-06-01 21:03,success
PAY0003686,003717,card,200,2026-06-01 21:47,success
PAY0003687,INV-3719,cash,3000,2026-06-02 08:44,success
PAY0003688,003720,card,350,2026-06-03 18:34,success
PAY0003689,003721,card,2450,2026-06-04 09:24,success
PAY0003690,003722,UPI,120,2026-06-04 14:31,success
PAY0003691,INV-3723,cash,500,2026-06-05 20:46,success
PAY0003692,003724,card,600,2026-06-04 17:43,success
PAY0003693,003725,card,2999,2026-06-01 13:38,success
PAY0003694,003726,UPI,1570,2026-06-04 11:15,success
PAY0003695,003727,card,220,2026-06-04 11:16,success
PAY0003696,003728,UPI,1050,2026-06-02 14:50,success
PAY0003697,003729,UPI,120,2026-06-02 13:09,success
PAY0003698,003730,UPI,950,2026-06-03 12:51,success
PAY0003699,003731,UPI,1000,2026-06-02 17:17,success
PAY0003700,003732,UPI,1400,2026-06-02 09:34,success
PAY0003701,003733,card,2999,2026-06-03 11:01,success
PAY0003702,003734,UPI,550,2026-06-06 19:44,success
PAY0003703,INV-3735,cash,900,2026-06-07 20:16,success
PAY0003704,INV-3736,cash,2999,2026-06-07 12:01,success
PAY0003705,003737,UPI,1950,2026-06-05 08:38,success
PAY0003706,003738,UPI,850,2026-06-02 09:30,success
PAY0003707,INV-3739,cash,2550,2026-06-03 09:48,success
PAY0003708,INV-3740,cash,1320,2026-06-04 08:54,success
PAY0003709,INV-3741,cash,500,2026-06-07 17:43,success
PAY0003710,003742,UPI,2800,2026-06-05 13:05,success
PAY0003711,003743,UPI,1200,2026-06-05 20:59,success
PAY0003712,003744,card,1400,2026-06-05 09:12,success
PAY0003713,003745,UPI,500,2026-06-04 18:33,success
PAY0003714,003746,UPI,550,2026-06-07 09:07,success
PAY0003715,003747,card,1300,2026-06-04 11:18,success
PAY0003716,003748,card,150,2026-06-07 17:06,success
PAY0003717,003750,UPI,3499,2026-06-03 10:42,success
PAY0003718,003751,card,2999,2026-06-03 12:16,success
PAY0003719,003752,card,1800,2026-06-05 09:32,success
PAY0003720,003753,card,2999,2026-06-08 18:16,success
PAY0003721,003755,UPI,2050,2026-06-07 08:15,success
PAY0003722,INV-3756,cash,1150,2026-06-03 14:17,success
PAY0003723,INV-3757,cash,3599,2026-06-03 12:31,success
PAY0003724,INV-3758,cash,2250,2026-06-05 18:04,success
PAY0003725,003759,card,1499,2026-06-02 20:22,success
PAY0003726,003760,UPI,500,2026-06-07 20:08,success
PAY0003727,003761,UPI,1050,2026-06-07 10:37,success
PAY0003728,INV-3762,cash,350,2026-06-03 11:38,success
PAY0003729,INV-3763,cash,3499,2026-06-03 11:51,success
PAY0003730,003764,card,2150,2026-06-02 08:20,success
PAY0003731,INV-3765,cash,1400,2026-06-03 21:53,success
PAY0003732,003766,card,2200,2026-06-03 15:47,success
PAY0003733,003767,UPI,3499,2026-06-07 14:46,success
PAY0003734,003768,UPI,1200,2026-06-04 21:34,success
PAY0003735,003769,UPI,350,2026-06-02 11:08,success
PAY0003736,INV-3770,cash,550,2026-06-07 17:30,success
PAY0003737,003771,card,2999,2026-06-06 13:18,success
PAY0003738,INV-3772,cash,3099,2026-06-07 20:01,success
PAY0003739,003773,UPI,1499,2026-06-02 12:52,success
PAY0003740,003774,UPI,350,2026-06-07 12:54,success
PAY0003741,003775,UPI,1250,2026-06-08 14:27,success
PAY0003742,003775,UPI,1250,2026-06-08 14:29,success
PAY0003743,003776,UPI,3499,2026-06-06 19:11,success
PAY0003744,003777,UPI,350,2026-06-02 14:08,success
PAY0003745,003778,card,1499,2026-06-07 19:02,success
PAY0003746,INV-3779,cash,450,2026-06-07 13:57,success
PAY0003747,INV-3780,cash,350,2026-06-06 18:48,success
PAY0003748,INV-3781,cash,2550,2026-06-06 12:48,success
PAY0003749,003782,UPI,550,2026-06-02 17:19,success
PAY0003750,003783,UPI,200,2026-06-08 09:58,success
PAY0003751,003783,UPI,-200,2026-06-08 09:58,refund
PAY0003752,INV-3784,cash,1020,2026-06-03 16:48,success
PAY0003753,003785,UPI,1600,2026-06-08 13:57,success
PAY0003754,INV-3786,cash,900,2026-06-08 15:56,success
PAY0003755,INV-3787,cash,1000,2026-06-07 14:00,success
PAY0003756,003788,card,470,2026-06-03 13:49,success
PAY0003757,INV-3789,cash,2999,2026-06-04 12:19,success
PAY0003758,003790,UPI,500,2026-06-02 15:15,success
PAY0003759,003791,card,300,2026-06-06 11:15,success
PAY0003760,003792,UPI,200,2026-06-02 19:41,success
PAY0003761,INV-3793,cash,150,2026-06-02 13:08,success
PAY0003762,003794,UPI,1300,2026-06-08 09:08,success
PAY0003763,003795,card,2120,2026-06-06 16:08,success
PAY0003764,003796,UPI,3099,2026-06-04 15:28,success
PAY0003765,INV-3797,cash,2950,2026-06-02 19:23,success
PAY0003766,003798,card,1000,2026-06-05 17:59,success
PAY0003767,003799,UPI,2999,2026-06-07 13:10,success
PAY0003768,003800,card,350,2026-06-07 14:55,success
PAY0003769,003801,UPI,3499,2026-06-02 18:52,success
PAY0003770,003802,UPI,2999,2026-06-02 20:26,success
PAY0003771,003803,card,720,2026-06-04 19:18,success
PAY0003772,003804,UPI,550,2026-06-04 10:32,success
PAY0003773,003804,UPI,-550,2026-06-04 10:32,refund
PAY0003774,003805,card,750,2026-06-06 13:35,success
PAY0003775,003806,card,2999,2026-06-09 15:12,success
PAY0003776,003807,card,2999,2026-06-03 19:38,success
PAY0003777,INV-3808,cash,2999,2026-06-05 19:58,success
PAY0003778,003809,UPI,900,2026-06-08 14:31,success
PAY0003779,003810,UPI,1499,2026-06-04 21:36,success
PAY0003780,003811,UPI,1500,2026-06-07 10:55,success
PAY0003781,003812,UPI,1599,2026-06-09 12:37,success
PAY0003782,003813,UPI,700,2026-06-05 09:19,success
PAY0003783,003814,UPI,1520,2026-06-04 13:39,success
PAY0003784,003815,UPI,1499,2026-06-06 09:56,success
PAY0003785,003816,card,1100,2026-06-08 12:14,success
PAY0003786,INV-3817,cash,2100,2026-06-03 15:07,success
PAY0003787,003818,card,1499,2026-06-08 08:44,success
PAY0003788,003819,UPI,700,2026-06-08 15:46,success
PAY0003789,003820,UPI,300,2026-06-05 13:19,success
PAY0003790,003821,card,1300,2026-06-04 11:03,success
PAY0003791,003822,UPI,550,2026-06-06 19:25,success
PAY0003792,003823,UPI,2600,2026-06-07 09:22,success
PAY0003793,INV-3824,cash,1450,2026-06-06 12:20,success
PAY0003794,003825,UPI,2999,2026-06-09 15:04,success
PAY0003795,003826,card,450,2026-06-08 18:40,success
PAY0003796,INV-3827,cash,2999,2026-06-07 12:35,success
PAY0003797,003828,card,3499,2026-06-04 14:08,success
PAY0003798,003829,UPI,2050,2026-06-08 12:16,success
PAY0003799,003830,UPI,1750,2026-06-05 13:01,success
PAY0003800,003831,UPI,650,2026-06-09 17:13,success
PAY0003801,003832,UPI,2100,2026-06-09 20:25,success
PAY0003802,003833,UPI,550,2026-06-09 21:40,success
PAY0003803,003835,UPI,900,2026-06-09 08:21,success
PAY0003804,003836,card,350,2026-06-06 16:03,success
PAY0003805,003837,UPI,3499,2026-06-08 20:31,success
PAY0003806,003838,card,2999,2026-06-06 15:48,success
PAY0003807,003839,card,900,2026-06-08 21:23,success
PAY0003808,003839,card,900,2026-06-08 21:25,success
PAY0003809,003840,UPI,2999,2026-06-09 10:05,success
PAY0003810,003841,UPI,1200,2026-06-08 17:59,success
PAY0003811,003842,UPI,3099,2026-06-07 13:51,success
PAY0003812,003843,UPI,1499,2026-06-04 10:00,success
PAY0003813,003844,card,700,2026-06-08 08:10,success
PAY0003814,003845,UPI,850,2026-06-07 21:21,success
PAY0003815,003846,UPI,950,2026-06-05 20:36,success
PAY0003816,003848,UPI,2420,2026-06-05 08:54,success
PAY0003817,003849,UPI,1499,2026-06-06 10:57,success
PAY0003818,003850,UPI,2600,2026-06-08 14:29,success
PAY0003819,003851,UPI,1200,2026-06-07 12:53,success
PAY0003820,003852,UPI,1000,2026-06-05 11:52,success
PAY0003821,003853,UPI,150,2026-06-04 09:07,success
PAY0003822,003854,UPI,650,2026-06-06 15:56,success
PAY0003823,003856,card,3499,2026-06-08 11:44,success
PAY0003824,003857,UPI,900,2026-06-08 18:37,success
PAY0003825,003858,card,800,2026-06-09 12:24,success
PAY0003826,INV-3859,cash,1650,2026-06-06 16:42,success
PAY0003827,003860,UPI,450,2026-06-09 16:57,success
PAY0003828,INV-3861,cash,1570,2026-06-06 19:51,success
PAY0003829,003862,UPI,470,2026-06-06 16:33,success
PAY0003830,003864,UPI,3499,2026-06-04 13:48,success
PAY0003831,003866,UPI,200,2026-06-07 18:45,success
PAY0003832,003867,UPI,2000,2026-06-04 12:00,success
PAY0003833,INV-3868,cash,3099,2026-06-05 21:17,success
PAY0003834,003869,card,900,2026-06-05 21:59,success
PAY0003835,003870,UPI,450,2026-06-09 08:29,success
PAY0003836,003871,card,650,2026-06-06 20:23,success
PAY0003837,INV-3872,cash,300,2026-06-09 09:43,success
PAY0003838,003873,UPI,3499,2026-06-09 15:39,success
PAY0003839,003874,card,1599,2026-06-08 11:36,success
PAY0003840,003875,UPI,120,2026-06-09 19:18,success
PAY0003841,003876,UPI,750,2026-06-07 10:14,success
PAY0003842,003877,UPI,1970,2026-06-05 21:54,success
PAY0003843,INV-3878,cash,1499,2026-06-09 14:41,success
PAY0003844,INV-3879,cash,1950,2026-06-10 14:09,success
PAY0003845,003880,UPI,1050,2026-06-09 09:36,success
PAY0003846,003881,card,200,2026-06-06 20:46,success
PAY0003847,003882,card,1550,2026-06-08 17:22,success
PAY0003848,003883,card,1970,2026-06-10 13:49,success
PAY0003849,003884,UPI,1499,2026-06-09 08:55,success
PAY0003850,INV-3885,cash,200,2026-06-09 16:22,success
PAY0003851,003886,UPI,2999,2026-06-04 17:29,success
PAY0003852,003887,UPI,1520,2026-06-08 13:59,success
PAY0003853,003888,UPI,1000,2026-06-06 13:07,success
PAY0003854,INV-3889,cash,3499,2026-06-10 19:03,success
PAY0003855,003890,card,1499,2026-06-05 16:59,success
PAY0003856,INV-3891,cash,900,2026-06-04 10:41,success
PAY0003857,003892,card,350,2026-06-06 21:46,success
PAY0003858,003893,UPI,2500,2026-06-08 15:18,success
PAY0003859,003894,card,320,2026-06-06 16:26,success
PAY0003860,003895,UPI,2100,2026-06-04 14:45,success
PAY0003861,003896,card,1499,2026-06-05 13:42,success
PAY0003862,INV-3897,cash,2999,2026-06-07 14:52,success
PAY0003863,003898,UPI,2999,2026-06-04 18:43,success
PAY0003864,003899,UPI,350,2026-06-10 16:07,success
PAY0003865,003900,UPI,120,2026-06-08 10:12,success
PAY0003866,003901,card,2999,2026-06-07 10:15,success
PAY0003867,003902,card,1320,2026-06-06 16:47,success
PAY0003868,003903,UPI,1650,2026-06-09 16:22,success
PAY0003869,003904,UPI,600,2026-06-07 10:44,success
PAY0003870,INV-3905,cash,500,2026-06-08 21:43,success
PAY0003871,003906,UPI,450,2026-06-04 13:08,success
PAY0003872,003907,card,700,2026-06-09 11:53,success
PAY0003873,003908,UPI,3099,2026-06-09 19:54,success
PAY0003874,003909,card,1650,2026-06-09 10:55,success
PAY0003875,INV-3910,cash,900,2026-06-06 09:21,success
PAY0003876,003911,card,700,2026-06-04 18:09,success
PAY0003877,INV-3912,cash,1100,2026-06-05 18:09,success
PAY0003878,INV-3913,cash,750,2026-06-05 09:22,success
PAY0003879,INV-3914,cash,2999,2026-06-06 13:01,success
PAY0003880,003915,UPI,120,2026-06-06 11:55,success
PAY0003881,003916,card,420,2026-06-06 11:04,success
PAY0003882,003917,UPI,1499,2026-06-06 18:03,success
PAY0003883,003918,UPI,800,2026-06-04 15:24,success
PAY0003884,003919,UPI,1150,2026-06-05 14:51,success
PAY0003885,INV-3920,cash,600,2026-06-10 20:57,success
PAY0003886,KH/26-27/003921,cash,500,2026-06-07 10:52,success
PAY0003887,003922,UPI,1220,2026-06-08 12:22,success
PAY0003888,003923,UPI,1000,2026-06-08 13:17,success
PAY0003889,003924,card,2600,2026-06-10 20:26,success
PAY0003890,003926,UPI,2999,2026-06-09 10:54,success
PAY0003891,003927,card,1520,2026-06-09 09:51,success
PAY0003892,003928,UPI,650,2026-06-07 16:04,success
PAY0003893,INV-3929,cash,800,2026-06-04 14:05,success
PAY0003894,003930,UPI,2600,2026-06-10 10:09,success
PAY0003895,INV-3931,cash,820,2026-06-06 09:30,success
PAY0003896,INV-3932,cash,150,2026-06-05 20:40,success
PAY0003897,003933,card,1800,2026-06-09 08:20,success
PAY0003898,003934,card,1050,2026-06-06 11:29,success
PAY0003899,003935,UPI,650,2026-06-05 21:36,success
PAY0003900,003936,UPI,550,2026-06-08 10:02,success
PAY0003901,INV-3937,cash,1200,2026-06-10 08:46,success
PAY0003902,003938,UPI,1950,2026-06-05 08:44,success
PAY0003903,003939,UPI,1070,2026-06-09 14:41,success
PAY0003904,003940,UPI,1620,2026-06-07 21:48,success
PAY0003905,003941,UPI,150,2026-06-09 17:22,success
PAY0003906,KH/26-27/003942,cash,1550,2026-06-08 13:24,success
PAY0003907,003943,UPI,550,2026-06-08 17:10,success
PAY0003908,INV-3944,cash,650,2026-06-11 19:23,success
PAY0003909,003945,UPI,1670,2026-06-11 20:23,success
PAY0003910,003946,UPI,650,2026-06-08 19:24,success
PAY0003911,003947,UPI,1350,2026-06-08 11:03,success
PAY0003912,003947,UPI,-1350,2026-06-08 11:03,refund
PAY0003913,INV-3948,cash,150,2026-06-09 17:28,success
PAY0003914,003949,UPI,500,2026-06-06 16:56,success
PAY0003915,INV-3950,cash,650,2026-06-11 20:24,success
PAY0003916,INV-3951,cash,800,2026-06-09 18:09,success
PAY0003917,003952,UPI,900,2026-06-09 08:15,success
PAY0003918,003953,UPI,570,2026-06-07 17:06,success
PAY0003919,003954,UPI,650,2026-06-06 15:05,success
PAY0003920,INV-3955,cash,1000,2026-06-08 12:00,success
PAY0003921,003956,card,1100,2026-06-08 12:43,success
PAY0003922,INV-3957,cash,1170,2026-06-08 18:00,success
PAY0003923,003958,UPI,2200,2026-06-07 12:49,success
PAY0003924,003959,UPI,650,2026-06-07 20:50,success
PAY0003925,KH/26-27/003961,cash,3499,2026-06-08 16:43,success
PAY0003926,003962,UPI,600,2026-06-11 14:23,success
PAY0003927,003963,card,2999,2026-06-07 21:55,success
PAY0003928,003964,UPI,200,2026-06-11 17:00,success
PAY0003929,003965,UPI,550,2026-06-05 17:02,success
PAY0003930,003966,UPI,1100,2026-06-08 21:41,success
PAY0003931,003967,UPI,770,2026-06-11 16:58,success
PAY0003932,003968,UPI,2999,2026-06-11 11:13,success
PAY0003933,003969,UPI,1250,2026-06-07 14:43,success
PAY0003934,003970,UPI,3099,2026-06-10 09:10,success
PAY0003935,003971,UPI,900,2026-06-10 09:05,success
PAY0003936,003972,UPI,1500,2026-06-05 08:45,success
PAY0003937,003973,UPI,1020,2026-06-07 11:33,success
PAY0003938,003974,UPI,1200,2026-06-05 20:10,success
PAY0003939,003975,UPI,2999,2026-06-11 17:41,success
PAY0003940,INV-3976,cash,1150,2026-06-08 19:44,success
PAY0003941,003977,UPI,850,2026-06-10 14:50,success
PAY0003942,003978,UPI,3099,2026-06-11 10:53,success
PAY0003943,003979,UPI,1499,2026-06-10 16:24,success
PAY0003944,003980,UPI,700,2026-06-06 12:57,success
PAY0003945,INV-3981,cash,2100,2026-06-11 10:35,success
PAY0003946,003982,card,700,2026-06-05 16:53,success
PAY0003947,003983,card,2999,2026-06-06 10:55,success
PAY0003948,003984,card,1320,2026-06-07 18:42,success
PAY0003949,003985,UPI,1800,2026-06-06 15:42,success
PAY0003950,003986,UPI,1450,2026-06-05 10:02,success
PAY0003951,003986,UPI,1450,2026-06-05 10:04,success
PAY0003952,003987,card,750,2026-06-08 08:28,success
PAY0003953,003988,card,1950,2026-06-05 16:01,success
PAY0003954,003989,UPI,450,2026-06-07 14:21,success
PAY0003955,003990,UPI,1499,2026-06-10 08:17,success
PAY0003956,003991,card,1800,2026-06-09 14:30,success
PAY0003957,INV-3992,cash,2999,2026-06-10 14:28,success
PAY0003958,INV-3993,cash,2999,2026-06-10 12:42,success
PAY0003959,INV-3994,cash,2999,2026-06-06 14:21,success
PAY0003960,003995,UPI,220,2026-06-09 21:15,success
PAY0003961,INV-3996,cash,1550,2026-06-05 14:03,success
PAY0003962,003997,UPI,2000,2026-06-10 14:26,success
PAY0003963,003998,UPI,2250,2026-06-10 18:02,success
PAY0003964,003999,UPI,750,2026-06-05 19:58,success
PAY0003965,INV-4000,cash,550,2026-06-09 15:29,success
PAY0003966,004001,UPI,1300,2026-06-09 09:59,success
PAY0003967,004002,UPI,820,2026-06-10 09:12,success
PAY0003968,004003,UPI,720,2026-06-06 20:45,success
PAY0003969,004004,card,1200,2026-06-08 17:15,success
PAY0003970,004005,UPI,2999,2026-06-09 08:37,success
PAY0003971,004006,UPI,1599,2026-06-07 15:33,success
PAY0003972,004007,UPI,1499,2026-06-10 21:59,success
PAY0003973,INV-4008,cash,1499,2026-06-07 18:05,success
PAY0003974,004010,card,1350,2026-06-07 11:57,success
PAY0003975,004011,UPI,1550,2026-06-12 14:23,success
PAY0003976,004012,UPI,1900,2026-06-11 13:15,success
PAY0003977,004013,UPI,250,2026-06-12 20:15,success
PAY0003978,004014,UPI,2200,2026-06-10 13:49,success
PAY0003979,004015,UPI,1050,2026-06-08 14:35,success
PAY0003980,INV-4016,cash,3499,2026-06-10 13:49,success
PAY0003981,004017,UPI,2070,2026-06-10 11:55,success
PAY0003982,004018,card,500,2026-06-08 10:33,success
PAY0003983,004019,card,2999,2026-06-06 21:52,success
PAY0003984,004020,UPI,1750,2026-06-08 21:29,success
PAY0003985,004021,UPI,3099,2026-06-06 21:24,success
PAY0003986,004022,card,450,2026-06-08 08:42,success
PAY0003987,004023,UPI,350,2026-06-08 10:47,success
PAY0003988,INV-4024,cash,3499,2026-06-08 10:19,success
PAY0003989,004025,UPI,1350,2026-06-08 08:10,success
PAY0003990,INV-4026,cash,2999,2026-06-08 21:56,success
PAY0003991,004027,card,1750,2026-06-06 21:53,success
PAY0003992,004028,UPI,1350,2026-06-07 08:50,success
PAY0003993,KH/26-27/004029,cash,1400,2026-06-06 08:41,success
PAY0003994,INV-4030,cash,2999,2026-06-11 15:58,success
PAY0003995,004031,card,900,2026-06-10 17:16,success
PAY0003996,004032,UPI,350,2026-06-09 10:16,success
PAY0003997,INV-4033,cash,1000,2026-06-07 13:32,success
PAY0003998,004034,UPI,2350,2026-06-09 11:11,success
PAY0003999,004035,UPI,1200,2026-06-12 13:51,success
PAY0004000,004036,UPI,1499,2026-06-11 17:17,success
PAY0004001,004037,UPI,2800,2026-06-07 15:44,success
PAY0004002,004037,UPI,2800,2026-06-07 15:46,success
PAY0004003,004038,card,1550,2026-06-12 10:32,success
PAY0004004,INV-4039,cash,1700,2026-06-08 18:30,success
PAY0004005,KH/26-27/004040,cash,500,2026-06-11 16:25,success
PAY0004006,004041,card,2999,2026-06-09 08:30,success
PAY0004007,INV-4042,cash,500,2026-06-11 20:20,success
PAY0004008,004043,UPI,1400,2026-06-08 08:18,success
PAY0004009,004044,UPI,970,2026-06-06 18:52,success
PAY0004010,INV-4045,cash,1499,2026-06-08 20:14,success
PAY0004011,INV-4046,cash,650,2026-06-10 17:46,success
PAY0004012,INV-4047,cash,1620,2026-06-09 14:15,success
PAY0004013,004048,UPI,3099,2026-06-09 09:22,success
PAY0004014,004049,UPI,700,2026-06-08 14:04,success
PAY0004015,INV-4050,cash,2999,2026-06-06 13:25,success
PAY0004016,004051,card,1050,2026-06-07 08:52,success
PAY0004017,004052,card,1499,2026-06-06 12:31,success
PAY0004018,004053,UPI,1020,2026-06-08 21:05,success
PAY0004019,004054,UPI,1200,2026-06-09 14:13,success
PAY0004020,004055,card,2300,2026-06-11 09:09,success
PAY0004021,004056,card,3099,2026-06-09 20:10,success
PAY0004022,004057,card,1220,2026-06-11 15:55,success
PAY0004023,004058,UPI,1499,2026-06-12 12:15,success
PAY0004024,004059,card,1150,2026-06-11 19:19,success
PAY0004025,004060,UPI,600,2026-06-07 12:13,success
PAY0004026,004061,card,2450,2026-06-13 13:02,success
PAY0004027,INV-4062,cash,1200,2026-06-10 18:55,success
PAY0004028,KH/26-27/004063,cash,1450,2026-06-07 18:57,success
PAY0004029,004064,UPI,150,2026-06-07 13:06,success
PAY0004030,004065,card,1150,2026-06-07 11:51,success
PAY0004031,004067,card,1950,2026-06-11 20:26,success
PAY0004032,INV-4068,cash,1920,2026-06-12 17:32,success
PAY0004033,004069,card,2999,2026-06-12 08:02,success
PAY0004034,004070,UPI,2550,2026-06-11 09:13,success
PAY0004035,INV-4071,cash,1499,2026-06-07 09:50,success
PAY0004036,004072,card,2250,2026-06-09 21:53,success
PAY0004037,004073,UPI,1499,2026-06-12 10:16,success
PAY0004038,004074,UPI,3099,2026-06-10 12:56,success
PAY0004039,004075,UPI,1500,2026-06-08 17:07,success
PAY0004040,004076,UPI,370,2026-06-11 09:44,success
PAY0004041,004077,UPI,950,2026-06-10 19:45,success
PAY0004042,004078,card,600,2026-06-13 11:37,success
PAY0004043,004079,UPI,120,2026-06-08 13:45,success
PAY0004044,004080,card,1150,2026-06-12 19:05,success
PAY0004045,004081,UPI,2999,2026-06-12 15:16,success
PAY0004046,004082,UPI,3000,2026-06-11 09:06,success
PAY0004047,INV-4083,cash,1570,2026-06-09 18:15,success
PAY0004048,004084,UPI,1220,2026-06-09 18:37,success
PAY0004049,004085,UPI,2999,2026-06-07 14:49,success
PAY0004050,004086,card,1650,2026-06-08 16:22,success
PAY0004051,004087,card,650,2026-06-11 10:26,success
PAY0004052,004088,card,600,2026-06-09 20:03,success
PAY0004053,004089,card,2100,2026-06-09 19:06,success
PAY0004054,004091,UPI,470,2026-06-08 09:30,success
PAY0004055,004092,card,2999,2026-06-11 19:25,success
PAY0004056,INV-4093,cash,550,2026-06-07 17:36,success
PAY0004057,004094,UPI,120,2026-06-13 19:24,success
PAY0004058,004095,UPI,700,2026-06-08 10:01,success
PAY0004059,004096,card,500,2026-06-08 13:37,success
PAY0004060,004097,card,820,2026-06-07 11:28,success
PAY0004061,004098,UPI,2100,2026-06-12 17:59,success
PAY0004062,004099,UPI,200,2026-06-09 21:53,success
PAY0004063,004100,UPI,1499,2026-06-13 15:18,success
PAY0004064,004101,UPI,350,2026-06-13 16:23,success
PAY0004065,INV-4102,cash,1070,2026-06-09 12:04,success
PAY0004066,004103,UPI,200,2026-06-14 21:03,success
PAY0004067,004105,UPI,1800,2026-06-08 18:08,success
PAY0004068,004106,UPI,2999,2026-06-13 20:05,success
PAY0004069,004107,card,1570,2026-06-11 12:36,success
PAY0004070,004108,card,1100,2026-06-10 10:38,success
PAY0004071,004109,UPI,350,2026-06-13 15:01,success
PAY0004072,004109,UPI,350,2026-06-13 15:03,success
PAY0004073,KH/26-27/004110,cash,1550,2026-06-11 21:27,success
PAY0004074,004111,card,650,2026-06-13 11:08,success
PAY0004075,INV-4112,cash,3099,2026-06-08 17:33,success
PAY0004076,004113,UPI,1499,2026-06-14 11:46,success
PAY0004077,004114,UPI,200,2026-06-14 18:13,success
PAY0004078,INV-4115,cash,1050,2026-06-08 16:11,success
PAY0004079,004116,card,1750,2026-06-11 15:01,success
PAY0004080,004117,UPI,450,2026-06-08 13:01,success
PAY0004081,004118,UPI,1499,2026-06-12 08:30,success
PAY0004082,004119,UPI,350,2026-06-10 21:17,success
PAY0004083,004120,card,3499,2026-06-09 17:38,success
PAY0004084,004121,UPI,2550,2026-06-14 08:41,success
PAY0004085,004122,UPI,150,2026-06-14 09:45,success
PAY0004086,004123,card,500,2026-06-10 14:36,success
PAY0004087,004125,card,1499,2026-06-12 21:32,success
PAY0004088,004126,UPI,1900,2026-06-12 09:20,success
PAY0004089,004128,UPI,1320,2026-06-08 12:24,success
PAY0004090,004129,card,950,2026-06-12 08:37,success
PAY0004091,004131,UPI,1050,2026-06-14 14:07,success
PAY0004092,004132,UPI,1499,2026-06-13 09:58,success
PAY0004093,004133,UPI,3499,2026-06-09 20:15,success
PAY0004094,004134,card,2999,2026-06-09 14:08,success
PAY0004095,004135,UPI,600,2026-06-09 19:14,success
PAY0004096,INV-4136,cash,1900,2026-06-12 20:08,success
PAY0004097,004137,UPI,1900,2026-06-09 10:40,success
PAY0004098,INV-4138,cash,220,2026-06-08 20:58,success
PAY0004099,004139,UPI,1220,2026-06-12 17:58,success
PAY0004100,004140,UPI,850,2026-06-10 17:46,success
PAY0004101,004141,UPI,1499,2026-06-14 13:23,success
PAY0004102,004142,UPI,3499,2026-06-09 12:47,success
PAY0004103,004143,card,2999,2026-06-08 11:14,success
PAY0004104,004144,UPI,1599,2026-06-10 14:38,success
PAY0004105,004145,UPI,3099,2026-06-13 12:45,success
PAY0004106,004146,UPI,1499,2026-06-13 08:16,success
PAY0004107,INV-4147,cash,1700,2026-06-10 11:33,success
PAY0004108,004148,UPI,1499,2026-06-10 18:22,success
PAY0004109,INV-4149,cash,2250,2026-06-12 09:46,success
PAY0004110,004150,UPI,1650,2026-06-10 14:58,success
PAY0004111,004151,UPI,120,2026-06-08 21:05,success
PAY0004112,004152,card,2999,2026-06-14 17:55,success
PAY0004113,INV-4153,cash,2999,2026-06-12 13:36,success
PAY0004114,004154,UPI,600,2026-06-11 17:07,success
PAY0004115,004155,UPI,970,2026-06-12 08:48,success
PAY0004116,004156,card,500,2026-06-09 15:26,success
PAY0004117,004157,card,920,2026-06-11 11:55,success
PAY0004118,INV-4158,cash,1320,2026-06-09 15:17,success
PAY0004119,INV-4158,cash,-1320,2026-06-09 15:17,refund
PAY0004120,004159,card,600,2026-06-09 14:57,success
PAY0004121,004160,UPI,1150,2026-06-10 16:32,success
PAY0004122,INV-4161,cash,1850,2026-06-11 18:07,success
PAY0004123,004162,card,1420,2026-06-13 21:52,success
PAY0004124,004163,UPI,350,2026-06-09 12:58,success
PAY0004125,004164,UPI,1499,2026-06-14 17:12,success
PAY0004126,004164,UPI,1499,2026-06-14 17:14,success
PAY0004127,004165,UPI,820,2026-06-14 14:15,success
PAY0004128,INV-4166,cash,2999,2026-06-12 16:05,success
PAY0004129,004167,card,2450,2026-06-10 17:41,success
PAY0004130,INV-4168,cash,1050,2026-06-09 15:10,success
PAY0004131,004169,card,2450,2026-06-15 21:05,success
PAY0004132,004170,UPI,1250,2026-06-14 14:17,success
PAY0004133,INV-4171,cash,1320,2026-06-09 11:34,success
PAY0004134,004172,UPI,1820,2026-06-15 09:51,success
PAY0004135,004173,card,700,2026-06-10 19:25,success
PAY0004136,INV-4174,cash,750,2026-06-09 14:25,success
PAY0004137,004175,card,770,2026-06-12 18:52,success
PAY0004138,004176,card,1800,2026-06-14 17:00,success
PAY0004139,004177,card,1200,2026-06-10 11:17,success
PAY0004140,004178,UPI,1250,2026-06-10 13:03,success
PAY0004141,INV-4179,cash,550,2026-06-11 18:17,success
PAY0004142,004180,card,1700,2026-06-15 12:05,success
PAY0004143,004182,UPI,2999,2026-06-11 19:32,success
PAY0004144,004183,UPI,2999,2026-06-12 10:07,success
PAY0004145,004184,UPI,1520,2026-06-09 14:41,success
PAY0004146,004185,UPI,670,2026-06-12 12:12,success
PAY0004147,004186,card,2999,2026-06-09 14:27,success
PAY0004148,004187,card,2999,2026-06-12 17:53,success
PAY0004149,004188,card,700,2026-06-12 18:44,success
PAY0004150,004189,UPI,700,2026-06-12 21:06,success
PAY0004151,004190,UPI,320,2026-06-12 09:03,success
PAY0004152,004191,UPI,2999,2026-06-14 15:37,success
PAY0004153,004192,card,2999,2026-06-09 10:40,success
PAY0004154,004193,card,500,2026-06-15 14:24,success
PAY0004155,004194,UPI,650,2026-06-13 08:25,success
PAY0004156,004195,UPI,850,2026-06-14 14:47,success
PAY0004157,004196,UPI,500,2026-06-12 21:02,success
PAY0004158,004197,UPI,1900,2026-06-11 18:49,success
PAY0004159,004198,UPI,700,2026-06-12 10:06,success
PAY0004160,004199,UPI,1499,2026-06-11 13:36,success
PAY0004161,004199,UPI,-1499,2026-06-11 13:36,refund
PAY0004162,004200,card,700,2026-06-10 13:02,success
PAY0004163,004201,card,550,2026-06-12 16:54,success
PAY0004164,004203,UPI,450,2026-06-13 12:11,success
PAY0004165,004203,UPI,-450,2026-06-13 12:11,refund
PAY0004166,004204,card,1800,2026-06-13 21:07,success
PAY0004167,004205,card,450,2026-06-14 10:23,success
PAY0004168,INV-4206,cash,2999,2026-06-12 08:01,success
PAY0004169,004207,card,150,2026-06-11 18:24,success
PAY0004170,INV-4209,cash,450,2026-06-12 21:21,success
PAY0004171,004210,UPI,3499,2026-06-15 13:23,success
PAY0004172,INV-4211,cash,1150,2026-06-13 13:42,success
PAY0004173,INV-4212,cash,3499,2026-06-12 19:06,success
PAY0004174,004213,card,750,2026-06-14 16:09,success
PAY0004175,INV-4214,cash,2999,2026-06-13 14:41,success
PAY0004176,004215,UPI,600,2026-06-12 12:13,success
PAY0004177,004216,UPI,450,2026-06-14 08:29,success
PAY0004178,004217,UPI,2750,2026-06-11 13:21,success
PAY0004179,004218,UPI,1970,2026-06-15 10:39,success
PAY0004180,INV-4219,cash,1499,2026-06-13 17:21,success
PAY0004181,004220,UPI,500,2026-06-12 20:08,success
PAY0004182,004221,UPI,3499,2026-06-11 18:13,success
PAY0004183,004221,UPI,3499,2026-06-11 18:15,success
PAY0004184,004222,UPI,920,2026-06-09 13:42,success
PAY0004185,004223,card,1200,2026-06-13 12:26,success
PAY0004186,004225,card,320,2026-06-10 09:38,success
PAY0004187,KH/26-27/004226,cash,1150,2026-06-10 15:53,success
PAY0004188,004227,UPI,1499,2026-06-14 16:05,success
PAY0004189,004228,card,1300,2026-06-14 16:38,success
PAY0004190,004228,card,-1300,2026-06-14 16:38,refund
PAY0004191,INV-4229,cash,1499,2026-06-15 20:41,success
PAY0004192,004231,UPI,550,2026-06-10 17:39,success
PAY0004193,004233,UPI,1700,2026-06-11 10:28,success
PAY0004194,004233,UPI,-1700,2026-06-11 10:28,refund
PAY0004195,004235,UPI,270,2026-06-11 19:02,success
PAY0004196,004236,card,200,2026-06-15 18:44,success
PAY0004197,INV-4237,cash,550,2026-06-13 09:01,success
PAY0004198,004238,UPI,2700,2026-06-10 14:27,success
PAY0004199,004239,card,2270,2026-06-16 15:06,success
PAY0004200,004240,UPI,200,2026-06-10 15:03,success
PAY0004201,004241,UPI,2450,2026-06-16 08:19,success
PAY0004202,004242,UPI,500,2026-06-11 20:44,success
PAY0004203,004243,UPI,1499,2026-06-11 12:19,success
PAY0004204,004244,UPI,450,2026-06-14 12:51,success
PAY0004205,004245,UPI,1850,2026-06-14 09:11,success
PAY0004206,004246,UPI,650,2026-06-11 13:09,success
PAY0004207,004247,UPI,1100,2026-06-13 08:33,success
PAY0004208,004248,UPI,3599,2026-06-12 09:55,success
PAY0004209,004249,card,2999,2026-06-12 12:45,success
PAY0004210,004250,card,2999,2026-06-10 09:13,success
PAY0004211,004251,card,2100,2026-06-11 16:19,success
PAY0004212,INV-4252,cash,1499,2026-06-10 11:18,success
PAY0004213,INV-4253,cash,150,2026-06-12 18:43,success
PAY0004214,004254,card,500,2026-06-10 20:27,success
PAY0004215,004255,UPI,1500,2026-06-14 19:07,success
PAY0004216,004256,UPI,1499,2026-06-13 19:46,success
PAY0004217,004257,UPI,1770,2026-06-11 18:46,success
PAY0004218,KH/26-27/004258,cash,800,2026-06-11 15:21,success
PAY0004219,004259,card,3499,2026-06-15 18:47,success
PAY0004220,004260,UPI,2999,2026-06-14 13:08,success
PAY0004221,INV-4261,cash,2999,2026-06-16 11:54,success
PAY0004222,004262,UPI,1499,2026-06-14 10:05,success
PAY0004223,INV-4263,cash,1800,2026-06-13 18:04,success
PAY0004224,INV-4264,cash,750,2026-06-12 16:22,success
PAY0004225,004265,card,2999,2026-06-16 16:53,success
PAY0004226,004266,UPI,3499,2026-06-13 19:53,success
PAY0004227,004267,UPI,2999,2026-06-12 16:30,success
PAY0004228,INV-4268,cash,2999,2026-06-11 18:39,success
PAY0004229,004269,card,2999,2026-06-15 18:05,success
PAY0004230,004270,UPI,1400,2026-06-12 19:34,success
PAY0004231,004271,UPI,700,2026-06-11 13:09,success
PAY0004232,004272,card,1750,2026-06-13 15:57,success
PAY0004233,INV-4273,cash,120,2026-06-13 21:02,success
PAY0004234,004274,card,600,2026-06-11 16:58,success
PAY0004235,004275,card,450,2026-06-16 16:39,success
PAY0004236,004276,UPI,600,2026-06-12 20:51,success
PAY0004237,004277,UPI,800,2026-06-16 18:33,success
PAY0004238,004278,UPI,1499,2026-06-12 14:48,success
PAY0004239,004279,UPI,1200,2026-06-14 17:29,success
PAY0004240,004280,card,2999,2026-06-10 11:55,success
PAY0004241,INV-4281,cash,470,2026-06-16 13:14,success
PAY0004242,004282,UPI,850,2026-06-16 20:33,success
PAY0004243,004283,card,2650,2026-06-14 19:19,success
PAY0004244,INV-4284,cash,2600,2026-06-13 11:31,success
PAY0004245,INV-4285,cash,500,2026-06-11 12:57,success
PAY0004246,004286,card,1350,2026-06-10 21:29,success
PAY0004247,004287,UPI,570,2026-06-16 16:42,success
PAY0004248,INV-4288,cash,720,2026-06-10 17:23,success
PAY0004249,INV-4289,cash,450,2026-06-12 20:44,success
PAY0004250,004290,UPI,1270,2026-06-16 08:07,success
PAY0004251,004291,UPI,1499,2026-06-10 12:26,success
PAY0004252,004292,UPI,2500,2026-06-10 16:10,success
PAY0004253,004293,UPI,600,2026-06-15 11:19,success
PAY0004254,004294,UPI,800,2026-06-13 17:56,success
PAY0004255,004295,UPI,2900,2026-06-13 15:59,success
PAY0004256,004296,UPI,1200,2026-06-10 15:40,success
PAY0004257,INV-4297,cash,2999,2026-06-16 10:42,success
PAY0004258,004298,card,1499,2026-06-14 08:10,success
PAY0004259,004299,UPI,450,2026-06-16 21:25,success
PAY0004260,004300,UPI,2170,2026-06-11 16:23,success
PAY0004261,004301,UPI,450,2026-06-14 21:34,success
PAY0004262,004302,UPI,200,2026-06-16 15:56,success
PAY0004263,004303,UPI,1300,2026-06-14 20:35,success
PAY0004264,004304,UPI,2300,2026-06-13 13:51,success
PAY0004265,004305,card,1550,2026-06-14 09:44,success
PAY0004266,004306,UPI,2800,2026-06-16 08:05,success
PAY0004267,004307,card,1650,2026-06-15 17:12,success
PAY0004268,004308,UPI,1120,2026-06-14 08:20,success
PAY0004269,004309,UPI,2300,2026-06-13 16:49,success
PAY0004270,004310,UPI,570,2026-06-15 17:51,success
PAY0004271,004311,UPI,2050,2026-06-15 18:21,success
PAY0004272,004312,card,750,2026-06-13 19:01,success
PAY0004273,004313,UPI,2999,2026-06-15 08:17,success
PAY0004274,004314,UPI,600,2026-06-14 18:05,success
PAY0004275,004315,UPI,1499,2026-06-14 18:11,success
PAY0004276,004316,card,1499,2026-06-12 17:43,success
PAY0004277,004318,card,1300,2026-06-14 15:30,success
PAY0004278,004319,UPI,350,2026-06-12 16:21,success
PAY0004279,004320,UPI,2350,2026-06-11 16:49,success
PAY0004280,004321,card,2999,2026-06-14 09:32,success
PAY0004281,004321,card,2999,2026-06-14 09:34,success
PAY0004282,004322,card,1499,2026-06-13 17:49,success
PAY0004283,004323,UPI,2700,2026-06-14 16:09,success
PAY0004284,004324,card,1350,2026-06-16 13:08,success
PAY0004285,004325,UPI,2999,2026-06-11 17:14,success
PAY0004286,004326,UPI,620,2026-06-14 16:03,success
PAY0004287,004328,UPI,3599,2026-06-13 15:29,success
PAY0004288,004329,card,1100,2026-06-15 11:06,success
PAY0004289,004330,UPI,1499,2026-06-16 10:27,success
PAY0004290,004331,UPI,2999,2026-06-11 16:43,success
PAY0004291,004332,UPI,2999,2026-06-12 13:53,success
PAY0004292,004333,UPI,700,2026-06-13 13:26,success
PAY0004293,004334,UPI,2200,2026-06-13 16:36,success
PAY0004294,INV-4335,cash,1499,2026-06-16 19:46,success
PAY0004295,004336,card,1100,2026-06-11 19:22,success
PAY0004296,004337,card,2400,2026-06-11 13:34,success
PAY0004297,004338,UPI,1800,2026-06-12 15:18,success
PAY0004298,INV-4339,cash,1270,2026-06-13 17:41,success
PAY0004299,INV-4340,cash,2999,2026-06-17 13:35,success
PAY0004300,004341,card,2999,2026-06-14 15:38,success
PAY0004301,004342,card,120,2026-06-16 20:40,success
PAY0004302,004343,card,2999,2026-06-16 16:59,success
PAY0004303,004344,UPI,950,2026-06-17 15:47,success
PAY0004304,004345,UPI,2999,2026-06-13 17:00,success
PAY0004305,004345,UPI,2999,2026-06-13 17:02,success
PAY0004306,004346,card,120,2026-06-11 08:16,success
PAY0004307,004347,UPI,3499,2026-06-16 17:22,success
PAY0004308,004348,card,1200,2026-06-14 14:09,success
PAY0004309,004349,UPI,1400,2026-06-15 13:45,success
PAY0004310,004350,UPI,900,2026-06-17 21:26,success
PAY0004311,INV-4351,cash,1500,2026-06-12 14:44,success
PAY0004312,004352,UPI,650,2026-06-15 16:05,success
PAY0004313,004352,UPI,650,2026-06-15 16:07,success
PAY0004314,004353,UPI,1499,2026-06-14 21:34,success
PAY0004315,004354,UPI,2999,2026-06-17 09:28,success
PAY0004316,INV-4355,cash,900,2026-06-14 10:26,success
PAY0004317,INV-4356,cash,650,2026-06-16 10:42,success
PAY0004318,004357,card,500,2026-06-15 21:44,success
PAY0004319,004358,UPI,1170,2026-06-11 09:03,success
PAY0004320,004359,UPI,3499,2026-06-13 08:37,success
PAY0004321,004360,UPI,420,2026-06-17 13:56,success
PAY0004322,004361,UPI,2100,2026-06-13 15:47,success
PAY0004323,004362,card,3499,2026-06-14 13:31,success
PAY0004324,004363,UPI,700,2026-06-13 18:13,success
PAY0004325,004364,UPI,1499,2026-06-17 15:50,success
PAY0004326,004365,UPI,900,2026-06-13 16:07,success
PAY0004327,KH/26-27/004367,cash,1650,2026-06-12 16:19,success
PAY0004328,004369,UPI,1900,2026-06-13 15:51,success
PAY0004329,004370,card,3050,2026-06-18 10:19,success
PAY0004330,004371,UPI,500,2026-06-15 21:31,success
PAY0004331,004372,UPI,1150,2026-06-15 21:19,success
PAY0004332,004373,card,1700,2026-06-12 20:14,success
PAY0004333,004374,card,2999,2026-06-16 21:36,success
PAY0004334,004376,UPI,650,2026-06-14 11:53,success
PAY0004335,004377,card,750,2026-06-17 19:22,success
PAY0004336,INV-4378,cash,1850,2026-06-13 11:05,success
PAY0004337,004379,UPI,1150,2026-06-13 20:20,success
PAY0004338,004380,UPI,500,2026-06-12 21:53,success
PAY0004339,004381,card,1800,2026-06-14 13:06,success
PAY0004340,INV-4382,cash,500,2026-06-18 15:33,success
PAY0004341,INV-4383,cash,1500,2026-06-17 19:17,success
PAY0004342,004384,UPI,2999,2026-06-18 19:51,success
PAY0004343,004385,UPI,550,2026-06-12 17:52,success
PAY0004344,004386,UPI,150,2026-06-14 16:39,success
PAY0004345,004387,UPI,2999,2026-06-18 14:36,success
PAY0004346,004388,UPI,3099,2026-06-15 18:58,success
PAY0004347,004389,UPI,1150,2026-06-12 20:59,success
PAY0004348,INV-4390,cash,1499,2026-06-16 10:11,success
PAY0004349,004391,UPI,1320,2026-06-15 21:30,success
PAY0004350,004392,UPI,1499,2026-06-13 16:08,success
PAY0004351,004393,UPI,1499,2026-06-12 15:38,success
PAY0004352,004394,UPI,120,2026-06-12 12:12,success
PAY0004353,004395,UPI,150,2026-06-13 17:14,success
PAY0004354,004396,UPI,1499,2026-06-12 13:58,success
PAY0004355,004397,UPI,3599,2026-06-15 18:17,success
PAY0004356,004398,card,2999,2026-06-18 15:10,success
PAY0004357,KH/26-27/004399,cash,2999,2026-06-16 14:00,success
PAY0004358,004400,UPI,900,2026-06-15 10:50,success
PAY0004359,004401,UPI,1550,2026-06-15 10:01,success
PAY0004360,004402,UPI,3499,2026-06-13 13:51,success
PAY0004361,004402,UPI,3499,2026-06-13 13:53,success
PAY0004362,004403,UPI,1150,2026-06-18 15:13,success
PAY0004363,INV-4404,cash,2999,2026-06-18 15:10,success
PAY0004364,004405,UPI,1470,2026-06-12 21:06,success
PAY0004365,004407,card,1499,2026-06-13 13:45,success
PAY0004366,004408,UPI,1499,2026-06-15 08:16,success
PAY0004367,004409,UPI,900,2026-06-18 17:49,success
PAY0004368,004410,card,1499,2026-06-12 16:53,success
PAY0004369,004411,UPI,900,2026-06-12 08:27,success
PAY0004370,004412,UPI,1499,2026-06-14 13:41,success
PAY0004371,INV-4413,cash,1499,2026-06-13 20:39,success
PAY0004372,004414,UPI,2999,2026-06-18 17:26,success
PAY0004373,004415,card,1750,2026-06-16 18:19,success
PAY0004374,004416,UPI,1250,2026-06-18 10:12,success
PAY0004375,004416,UPI,-1250,2026-06-18 10:12,refund
PAY0004376,004417,UPI,700,2026-06-12 09:01,success
PAY0004377,004418,card,700,2026-06-16 11:43,success
PAY0004378,004419,UPI,850,2026-06-16 08:13,success
PAY0004379,INV-4420,cash,1250,2026-06-17 19:16,success
PAY0004380,004421,UPI,1000,2026-06-16 09:07,success
PAY0004381,004422,UPI,1750,2026-06-18 08:41,success
PAY0004382,004423,UPI,1600,2026-06-12 20:52,success
PAY0004383,INV-4424,cash,1020,2026-06-17 19:23,success
PAY0004384,004425,UPI,900,2026-06-15 13:04,success
PAY0004385,004426,card,570,2026-06-18 18:14,success
PAY0004386,004427,UPI,500,2026-06-15 21:59,success
PAY0004387,004428,UPI,2999,2026-06-17 17:13,success
PAY0004388,004429,card,1320,2026-06-12 15:31,success
PAY0004389,INV-4430,cash,1150,2026-06-18 12:22,success
PAY0004390,004431,UPI,2999,2026-06-16 13:41,success
PAY0004391,004432,UPI,1200,2026-06-14 14:47,success
PAY0004392,004433,UPI,1400,2026-06-12 19:59,success
PAY0004393,INV-4434,cash,2150,2026-06-12 15:02,success
PAY0004394,KH/26-27/004435,cash,3499,2026-06-15 15:24,success
PAY0004395,004436,UPI,200,2026-06-17 14:48,success
PAY0004396,004438,UPI,1470,2026-06-13 17:55,success
PAY0004397,INV-4439,cash,500,2026-06-19 19:08,success
PAY0004398,004440,card,2900,2026-06-18 10:12,success
PAY0004399,INV-4441,cash,1850,2026-06-16 20:57,success
PAY0004400,004442,UPI,850,2026-06-17 08:13,success
PAY0004401,INV-4443,cash,2999,2026-06-19 12:53,success
PAY0004402,004444,UPI,1400,2026-06-18 13:13,success
PAY0004403,004445,UPI,3499,2026-06-13 17:06,success
PAY0004404,004446,card,2999,2026-06-13 21:22,success
PAY0004405,INV-4448,cash,1250,2026-06-18 13:39,success
PAY0004406,004449,card,120,2026-06-18 16:12,success
PAY0004407,004450,card,1770,2026-06-19 19:06,success
PAY0004408,004451,card,1300,2026-06-18 16:33,success
PAY0004409,INV-4452,cash,1550,2026-06-13 10:56,success
PAY0004410,004453,UPI,650,2026-06-19 11:57,success
PAY0004411,004454,card,2999,2026-06-16 18:06,success
PAY0004412,KH/26-27/004456,cash,1920,2026-06-16 09:56,success
PAY0004413,004457,card,1400,2026-06-17 17:01,success
PAY0004414,004458,UPI,600,2026-06-18 20:13,success
PAY0004415,004459,UPI,1850,2026-06-13 12:56,success
PAY0004416,004460,card,2999,2026-06-16 20:53,success
PAY0004417,004461,card,600,2026-06-13 17:40,success
PAY0004418,004461,card,600,2026-06-13 17:42,success
PAY0004419,004462,card,1300,2026-06-13 11:29,success
PAY0004420,004463,UPI,1650,2026-06-18 18:15,success
PAY0004421,004464,UPI,2070,2026-06-15 17:51,success
PAY0004422,004465,card,720,2026-06-16 08:58,success
PAY0004423,004466,UPI,2100,2026-06-17 11:06,success
PAY0004424,004467,UPI,700,2026-06-19 14:37,success
PAY0004425,004468,card,900,2026-06-18 21:16,success
PAY0004426,INV-4469,cash,800,2026-06-13 20:27,success
PAY0004427,004470,card,2100,2026-06-18 16:53,success
PAY0004428,004471,card,500,2026-06-15 12:11,success
PAY0004429,004472,card,1750,2026-06-16 11:37,success
PAY0004430,004473,UPI,350,2026-06-16 17:17,success
PAY0004431,KH/26-27/004474,cash,120,2026-06-17 14:20,success
PAY0004432,004475,UPI,1150,2026-06-13 21:57,success
PAY0004433,004476,card,450,2026-06-16 15:16,success
PAY0004434,004477,UPI,700,2026-06-17 15:35,success
PAY0004435,004478,UPI,1150,2026-06-15 08:32,success
PAY0004436,INV-4479,cash,2999,2026-06-15 12:30,success
PAY0004437,004480,UPI,1920,2026-06-14 18:59,success
PAY0004438,004481,UPI,1499,2026-06-16 11:33,success
PAY0004439,004482,UPI,470,2026-06-17 12:26,success
PAY0004440,004483,UPI,1200,2026-06-15 10:40,success
PAY0004441,004484,card,870,2026-06-14 11:44,success
PAY0004442,004486,UPI,3499,2026-06-15 15:26,success
PAY0004443,004487,card,1499,2026-06-19 14:37,success
PAY0004444,004489,card,2999,2026-06-19 08:58,success
PAY0004445,004490,UPI,2999,2026-06-16 10:34,success
PAY0004446,004491,card,1499,2026-06-15 18:46,success
PAY0004447,004492,card,1100,2026-06-18 11:12,success
PAY0004448,004493,card,450,2026-06-19 18:20,success
PAY0004449,004494,UPI,350,2026-06-15 09:34,success
PAY0004450,004495,UPI,1499,2026-06-16 21:00,success
PAY0004451,004496,UPI,350,2026-06-17 08:38,success
PAY0004452,004497,UPI,2320,2026-06-17 17:49,success
PAY0004453,004498,UPI,2200,2026-06-14 12:50,success
PAY0004454,004499,card,800,2026-06-18 21:53,success
PAY0004455,INV-4500,cash,1500,2026-06-19 19:26,success
PAY0004456,004501,UPI,1250,2026-06-17 09:15,success
PAY0004457,INV-4503,cash,2999,2026-06-18 13:51,success
PAY0004458,004504,UPI,1499,2026-06-17 17:27,success
PAY0004459,004505,card,600,2026-06-19 12:54,success
PAY0004460,004506,UPI,2999,2026-06-19 13:11,success
PAY0004461,004508,card,1700,2026-06-19 14:48,success
PAY0004462,INV-4509,cash,1499,2026-06-19 14:27,success
PAY0004463,004510,UPI,1150,2026-06-17 17:34,success
PAY0004464,INV-4511,cash,1350,2026-06-16 20:41,success
PAY0004465,INV-4512,cash,450,2026-06-16 18:19,success
PAY0004466,004513,UPI,1499,2026-06-20 11:47,success
PAY0004467,004514,card,1250,2026-06-18 21:56,success
PAY0004468,004515,UPI,450,2026-06-19 21:27,success
PAY0004469,004516,UPI,1550,2026-06-14 21:15,success
PAY0004470,INV-4517,cash,850,2026-06-18 16:13,success
PAY0004471,004518,UPI,3499,2026-06-19 11:21,success
PAY0004472,004519,UPI,650,2026-06-14 18:03,success
PAY0004473,INV-4520,cash,1500,2026-06-17 10:28,success
PAY0004474,004521,UPI,900,2026-06-18 09:42,success
PAY0004475,004522,card,200,2026-06-16 21:14,success
PAY0004476,004523,card,1500,2026-06-15 12:02,success
PAY0004477,004524,UPI,350,2026-06-19 16:56,success
PAY0004478,004525,card,600,2026-06-17 09:44,success
PAY0004479,004526,UPI,2999,2026-06-14 08:56,success
PAY0004480,INV-4527,cash,1100,2026-06-17 13:33,success
PAY0004481,004528,UPI,900,2026-06-19 15:58,success
PAY0004482,004529,UPI,900,2026-06-20 20:06,success
PAY0004483,INV-4530,cash,1499,2026-06-18 18:18,success
PAY0004484,INV-4531,cash,1599,2026-06-20 21:25,success
PAY0004485,004532,card,1450,2026-06-20 17:10,success
PAY0004486,INV-4533,cash,350,2026-06-19 11:20,success
PAY0004487,004534,card,620,2026-06-20 15:43,success
PAY0004488,004535,UPI,920,2026-06-14 14:45,success
PAY0004489,004537,UPI,3599,2026-06-14 21:17,success
PAY0004490,INV-4538,cash,2999,2026-06-17 13:43,success
PAY0004491,KH/26-27/004539,cash,350,2026-06-17 10:14,success
PAY0004492,INV-4540,cash,2999,2026-06-18 08:34,success
PAY0004493,004541,UPI,1550,2026-06-21 19:28,success
PAY0004494,004542,UPI,3499,2026-06-21 21:31,success
PAY0004495,004543,UPI,670,2026-06-19 21:36,success
PAY0004496,004544,UPI,1499,2026-06-21 12:04,success
PAY0004497,004545,UPI,1499,2026-06-18 14:33,success
PAY0004498,004547,UPI,2999,2026-06-15 10:29,success
PAY0004499,004548,UPI,2400,2026-06-17 09:12,success
PAY0004500,004549,UPI,2120,2026-06-20 19:45,success
PAY0004501,004550,card,1650,2026-06-16 08:20,success
PAY0004502,004551,card,2300,2026-06-16 09:32,success
PAY0004503,004552,UPI,450,2026-06-17 12:39,success
PAY0004504,004553,UPI,1620,2026-06-15 17:08,success
PAY0004505,004554,UPI,1450,2026-06-18 09:06,success
PAY0004506,INV-4555,cash,150,2026-06-19 18:07,success
PAY0004507,004556,UPI,450,2026-06-19 09:23,success
PAY0004508,004557,UPI,1499,2026-06-17 18:52,success
PAY0004509,INV-4558,cash,620,2026-06-20 13:37,success
PAY0004510,004559,UPI,2999,2026-06-19 17:50,success
PAY0004511,004560,card,350,2026-06-20 20:32,success
PAY0004512,004561,card,1700,2026-06-20 11:54,success
PAY0004513,INV-4562,cash,2999,2026-06-20 09:26,success
PAY0004514,004563,UPI,2999,2026-06-18 08:49,success
PAY0004515,004564,card,3499,2026-06-19 21:42,success
PAY0004516,004565,UPI,2999,2026-06-21 11:10,success
PAY0004517,INV-4566,cash,1600,2026-06-17 12:40,success
PAY0004518,004569,card,2800,2026-06-15 16:19,success
PAY0004519,004570,UPI,1400,2026-06-21 21:55,success
PAY0004520,004571,UPI,1100,2026-06-18 14:46,success
PAY0004521,004572,UPI,550,2026-06-17 17:16,success
PAY0004522,004573,UPI,650,2026-06-16 18:48,success
PAY0004523,004574,UPI,1850,2026-06-18 21:41,success
PAY0004524,004575,UPI,950,2026-06-20 09:14,success
PAY0004525,004576,card,1499,2026-06-18 17:45,success
PAY0004526,INV-4577,cash,1620,2026-06-20 11:06,success
PAY0004527,004578,UPI,1300,2026-06-16 15:21,success
PAY0004528,004579,card,1370,2026-06-19 12:53,success
PAY0004529,004580,card,850,2026-06-15 18:20,success
PAY0004530,004582,UPI,200,2026-06-20 11:31,success
PAY0004531,004583,card,1599,2026-06-17 21:33,success
PAY0004532,004584,card,2999,2026-06-16 20:00,success
PAY0004533,004585,UPI,2250,2026-06-21 10:41,success
PAY0004534,004586,card,1270,2026-06-17 10:44,success
PAY0004535,INV-4587,cash,1900,2026-06-17 16:11,success
PAY0004536,INV-4587,cash,-1900,2026-06-17 16:11,refund
PAY0004537,004588,UPI,200,2026-06-21 21:49,success
PAY0004538,004589,UPI,1350,2026-06-19 10:16,success
PAY0004539,004590,UPI,3499,2026-06-18 09:52,success
PAY0004540,004590,UPI,3499,2026-06-18 09:54,success
PAY0004541,INV-4591,cash,500,2026-06-17 16:18,success
PAY0004542,INV-4592,cash,2000,2026-06-15 17:27,success
PAY0004543,004593,UPI,1400,2026-06-20 09:37,success
PAY0004544,004594,card,1499,2026-06-17 11:58,success
PAY0004545,004595,card,120,2026-06-19 08:17,success
PAY0004546,KH/26-27/004596,cash,120,2026-06-16 10:39,success
PAY0004547,INV-4597,cash,2920,2026-06-21 08:57,success
PAY0004548,004598,UPI,3499,2026-06-17 10:48,success
PAY0004549,004599,UPI,650,2026-06-22 15:20,success
PAY0004550,004600,UPI,1300,2026-06-21 20:27,success
PAY0004551,004600,UPI,1300,2026-06-21 20:29,success
PAY0004552,004601,UPI,2999,2026-06-22 20:50,success
PAY0004553,004602,card,2050,2026-06-17 09:47,success
PAY0004554,004603,UPI,2999,2026-06-22 11:41,success
PAY0004555,004604,UPI,500,2026-06-17 17:12,success
PAY0004556,004605,UPI,570,2026-06-17 13:21,success
PAY0004557,004605,UPI,-570,2026-06-17 13:21,refund
PAY0004558,004606,card,1070,2026-06-22 08:25,success
PAY0004559,004607,UPI,1499,2026-06-21 10:58,success
PAY0004560,004608,card,800,2026-06-21 09:50,success
PAY0004561,004610,UPI,1499,2026-06-18 08:13,success
PAY0004562,INV-4611,cash,3499,2026-06-22 12:50,success
PAY0004563,004612,UPI,1750,2026-06-20 10:47,success
PAY0004564,004613,UPI,900,2026-06-21 20:39,success
PAY0004565,004614,UPI,1900,2026-06-20 19:01,success
PAY0004566,004615,UPI,150,2026-06-20 15:40,success
PAY0004567,004615,UPI,150,2026-06-20 15:42,success
PAY0004568,INV-4616,cash,2150,2026-06-22 20:41,success
PAY0004569,004617,UPI,350,2026-06-19 19:55,success
PAY0004570,004617,UPI,350,2026-06-19 19:57,success
PAY0004571,INV-4618,cash,3499,2026-06-18 18:16,success
PAY0004572,004619,card,1599,2026-06-22 13:56,success
PAY0004573,004620,card,820,2026-06-21 17:52,success
PAY0004574,004621,card,1300,2026-06-22 12:03,success
PAY0004575,004622,UPI,2350,2026-06-18 19:53,success
PAY0004576,004623,UPI,1000,2026-06-22 20:19,success
PAY0004577,004624,UPI,1200,2026-06-16 18:56,success
PAY0004578,INV-4625,cash,900,2026-06-18 12:41,success
PAY0004579,004626,UPI,1950,2026-06-18 20:35,success
PAY0004580,004627,UPI,650,2026-06-20 18:35,success
PAY0004581,004628,UPI,600,2026-06-18 19:07,success
PAY0004582,004629,UPI,2999,2026-06-20 16:04,success
PAY0004583,004630,card,120,2026-06-18 09:16,success
PAY0004584,004631,UPI,1270,2026-06-17 14:11,success
PAY0004585,004632,card,1250,2026-06-22 19:49,success
PAY0004586,004633,UPI,120,2026-06-21 11:24,success
PAY0004587,004634,UPI,600,2026-06-19 11:36,success
PAY0004588,004635,card,2750,2026-06-19 16:51,success
PAY0004589,INV-4636,cash,2620,2026-06-17 18:38,success
PAY0004590,004637,UPI,200,2026-06-22 15:58,success
PAY0004591,004638,UPI,2020,2026-06-16 08:03,success
PAY0004592,004639,UPI,800,2026-06-19 20:03,success
PAY0004593,004640,UPI,2999,2026-06-16 15:31,success
PAY0004594,004641,card,1050,2026-06-20 14:18,success
PAY0004595,004642,card,2999,2026-06-16 09:57,success
PAY0004596,004643,UPI,1800,2026-06-18 09:03,success
PAY0004597,INV-4644,cash,120,2026-06-19 13:01,success
PAY0004598,004645,UPI,2550,2026-06-19 21:00,success
PAY0004599,004646,UPI,550,2026-06-20 18:20,success
PAY0004600,004647,UPI,1220,2026-06-16 11:28,success
PAY0004601,INV-4648,cash,1270,2026-06-16 15:31,success
PAY0004602,004649,card,500,2026-06-20 15:45,success
PAY0004603,004650,UPI,2770,2026-06-21 13:35,success
PAY0004604,004651,UPI,1850,2026-06-17 20:20,success
PAY0004605,004653,UPI,1499,2026-06-21 13:37,success
PAY0004606,INV-4654,cash,300,2026-06-17 13:47,success
PAY0004607,004655,card,3000,2026-06-22 16:58,success
PAY0004608,004656,UPI,1550,2026-06-18 13:32,success
PAY0004609,004657,card,2670,2026-06-22 10:01,success
PAY0004610,004658,card,2100,2026-06-22 12:12,success
PAY0004611,004659,UPI,650,2026-06-16 12:30,success
PAY0004612,004660,card,2999,2026-06-22 20:16,success
PAY0004613,004661,UPI,1499,2026-06-17 10:59,success
PAY0004614,004663,UPI,2999,2026-06-16 10:16,success
PAY0004615,004664,card,2999,2026-06-20 19:14,success
PAY0004616,004665,card,1250,2026-06-22 20:42,success
PAY0004617,INV-4666,cash,1850,2026-06-19 19:29,success
PAY0004618,004667,UPI,600,2026-06-19 12:25,success
PAY0004619,004668,card,920,2026-06-21 11:36,success
PAY0004620,004669,card,1200,2026-06-21 11:07,success
PAY0004621,004670,card,1700,2026-06-18 20:17,success
PAY0004622,004671,UPI,650,2026-06-18 14:06,success
PAY0004623,004672,card,3099,2026-06-17 10:58,success
PAY0004624,004673,card,2999,2026-06-19 12:06,success
PAY0004625,004674,UPI,2999,2026-06-20 21:12,success
PAY0004626,INV-4675,cash,2250,2026-06-23 21:22,success
PAY0004627,004676,UPI,650,2026-06-21 21:38,success
PAY0004628,004677,card,1100,2026-06-22 17:56,success
PAY0004629,004678,UPI,1350,2026-06-21 12:43,success
PAY0004630,004679,card,2600,2026-06-20 16:54,success
PAY0004631,INV-4680,cash,350,2026-06-20 12:35,success
PAY0004632,004681,UPI,2999,2026-06-20 12:26,success
PAY0004633,004682,card,1200,2026-06-23 21:31,success
PAY0004634,004683,card,2999,2026-06-20 20:57,success
PAY0004635,INV-4684,cash,1120,2026-06-18 13:18,success
PAY0004636,004685,card,650,2026-06-19 14:06,success
PAY0004637,INV-4686,cash,2200,2026-06-17 15:51,success
PAY0004638,004687,UPI,900,2026-06-20 20:25,success
PAY0004639,004688,UPI,900,2026-06-18 08:46,success
PAY0004640,004689,UPI,620,2026-06-20 08:53,success
PAY0004641,004690,card,120,2026-06-18 14:26,success
PAY0004642,004691,UPI,700,2026-06-17 21:58,success
PAY0004643,004692,card,1499,2026-06-19 16:45,success
PAY0004644,004693,UPI,1200,2026-06-23 09:28,success
PAY0004645,INV-4694,cash,200,2026-06-18 10:53,success
PAY0004646,004695,card,850,2026-06-22 17:05,success
PAY0004647,004696,UPI,150,2026-06-19 17:47,success
PAY0004648,004697,UPI,1750,2026-06-19 13:08,success
PAY0004649,INV-4698,cash,1600,2026-06-22 20:44,success
PAY0004650,004699,UPI,1220,2026-06-17 16:12,success
PAY0004651,004700,UPI,700,2026-06-18 17:43,success
PAY0004652,004701,UPI,3499,2026-06-19 17:49,success
PAY0004653,004702,UPI,600,2026-06-21 08:18,success
PAY0004654,004703,UPI,1070,2026-06-20 13:24,success
PAY0004655,004704,UPI,1499,2026-06-17 08:48,success
PAY0004656,004705,UPI,1470,2026-06-22 08:31,success
PAY0004657,INV-4706,cash,1000,2026-06-17 09:54,success
PAY0004658,004707,UPI,1000,2026-06-22 15:47,success
PAY0004659,004708,UPI,1599,2026-06-18 11:35,success
PAY0004660,004709,UPI,2999,2026-06-23 13:16,success
PAY0004661,004710,UPI,1499,2026-06-23 17:39,success
PAY0004662,004711,card,650,2026-06-17 13:37,success
PAY0004663,004711,card,650,2026-06-17 13:39,success
PAY0004664,004712,UPI,550,2026-06-17 13:45,success
PAY0004665,INV-4713,cash,200,2026-06-18 15:22,success
PAY0004666,004714,UPI,150,2026-06-18 10:15,success
PAY0004667,004715,card,1350,2026-06-18 19:47,success
PAY0004668,004716,card,2999,2026-06-22 12:24,success
PAY0004669,004717,UPI,700,2026-06-21 14:22,success
PAY0004670,004718,UPI,350,2026-06-17 20:18,success
PAY0004671,004719,UPI,2999,2026-06-23 14:34,success
PAY0004672,004720,UPI,2999,2026-06-17 20:17,success
PAY0004673,004721,card,1850,2026-06-19 10:27,success
PAY0004674,INV-4722,cash,1300,2026-06-23 18:32,success
PAY0004675,INV-4723,cash,900,2026-06-20 17:39,success
PAY0004676,INV-4724,cash,120,2026-06-19 09:55,success
PAY0004677,INV-4725,cash,1600,2026-06-17 14:48,success
PAY0004678,004726,UPI,2400,2026-06-18 15:07,success
PAY0004679,004727,UPI,2999,2026-06-20 08:50,success
PAY0004680,004728,UPI,600,2026-06-17 12:52,success
PAY0004681,004729,card,1470,2026-06-23 08:51,success
PAY0004682,004730,UPI,1499,2026-06-17 10:59,success
PAY0004683,INV-4731,cash,120,2026-06-20 14:00,success
PAY0004684,INV-4732,cash,600,2026-06-23 10:16,success
PAY0004685,INV-4733,cash,600,2026-06-22 13:11,success
PAY0004686,004734,UPI,270,2026-06-19 20:23,success
PAY0004687,004735,UPI,1750,2026-06-19 21:42,success
PAY0004688,004736,UPI,3100,2026-06-24 11:42,success
PAY0004689,004737,UPI,550,2026-06-24 20:47,success
PAY0004690,004738,UPI,2999,2026-06-24 13:39,success
PAY0004691,004739,card,670,2026-06-19 10:02,success
PAY0004692,004739,card,670,2026-06-19 10:04,success
PAY0004693,004740,UPI,600,2026-06-20 15:57,success
PAY0004694,004741,card,2450,2026-06-19 12:15,success
PAY0004695,004741,card,2450,2026-06-19 12:17,success
PAY0004696,004742,card,2550,2026-06-24 14:34,success
PAY0004697,004743,UPI,2999,2026-06-21 16:23,success
PAY0004698,004744,UPI,650,2026-06-22 16:03,success
PAY0004699,INV-4745,cash,1100,2026-06-21 17:21,success
PAY0004700,004746,UPI,2999,2026-06-22 17:33,success
PAY0004701,004747,card,950,2026-06-19 08:56,success
PAY0004702,004748,UPI,770,2026-06-20 13:45,success
PAY0004703,INV-4749,cash,1499,2026-06-18 15:59,success
PAY0004704,004750,UPI,1200,2026-06-22 15:43,success
PAY0004705,004752,UPI,3499,2026-06-19 18:19,success
PAY0004706,INV-4753,cash,2300,2026-06-19 19:11,success
PAY0004707,INV-4754,cash,2020,2026-06-24 11:34,success
PAY0004708,004755,UPI,3099,2026-06-22 17:41,success
PAY0004709,004756,card,1070,2026-06-24 12:10,success
PAY0004710,004757,UPI,1599,2026-06-20 12:38,success
PAY0004711,004758,UPI,1499,2026-06-18 08:15,success
PAY0004712,004759,UPI,1350,2026-06-22 20:27,success
PAY0004713,004760,UPI,900,2026-06-22 21:35,success
PAY0004714,INV-4761,cash,1499,2026-06-18 20:43,success
PAY0004715,004762,UPI,500,2026-06-20 16:24,success
PAY0004716,004763,card,1550,2026-06-20 09:45,success
PAY0004717,004764,UPI,1200,2026-06-22 14:25,success
PAY0004718,004765,UPI,1600,2026-06-23 13:54,success
PAY0004719,004766,UPI,700,2026-06-23 10:27,success
PAY0004720,004767,UPI,1499,2026-06-20 15:10,success
PAY0004721,KH/26-27/004768,cash,700,2026-06-20 08:10,success
PAY0004722,004769,UPI,1499,2026-06-23 17:35,success
PAY0004723,004770,card,1499,2026-06-20 12:11,success
PAY0004724,004771,UPI,1520,2026-06-23 16:36,success
PAY0004725,INV-4772,cash,550,2026-06-18 09:13,success
PAY0004726,004773,card,1400,2026-06-20 12:04,success
PAY0004727,004775,card,1499,2026-06-24 12:41,success
PAY0004728,004776,card,1400,2026-06-20 17:50,success
PAY0004729,INV-4777,cash,700,2026-06-21 15:12,success
PAY0004730,004778,UPI,1499,2026-06-21 11:18,success
PAY0004731,004778,UPI,-1499,2026-06-21 11:18,refund
PAY0004732,004779,card,2150,2026-06-23 16:48,success
PAY0004733,INV-4780,cash,2999,2026-06-18 14:58,success
PAY0004734,INV-4781,cash,470,2026-06-22 14:16,success
PAY0004735,004782,card,120,2026-06-20 09:43,success
PAY0004736,004783,UPI,1499,2026-06-19 12:59,success
PAY0004737,004784,UPI,1900,2026-06-18 10:40,success
PAY0004738,004785,card,1500,2026-06-24 09:17,success
PAY0004739,INV-4786,cash,2400,2026-06-19 10:03,success
PAY0004740,004787,UPI,3499,2026-06-22 19:44,success
PAY0004741,INV-4788,cash,1150,2026-06-21 19:28,success
PAY0004742,INV-4789,cash,350,2026-06-23 16:45,success
PAY0004743,004790,card,1350,2026-06-20 14:05,success
PAY0004744,004791,UPI,2000,2026-06-23 18:04,success
PAY0004745,004792,card,1900,2026-06-24 08:17,success
PAY0004746,INV-4793,cash,1820,2026-06-23 14:43,success
PAY0004747,004794,card,950,2026-06-20 08:07,success
PAY0004748,INV-4795,cash,920,2026-06-21 12:58,success
PAY0004749,KH/26-27/004796,cash,1900,2026-06-21 09:33,success
PAY0004750,INV-4797,cash,2999,2026-06-19 17:18,success
PAY0004751,004798,UPI,900,2026-06-24 17:25,success
PAY0004752,004798,UPI,900,2026-06-24 17:27,success
PAY0004753,004799,card,1200,2026-06-21 20:04,success
PAY0004754,INV-4800,cash,1900,2026-06-19 21:52,success
PAY0004755,INV-4801,cash,3499,2026-06-19 09:59,success
PAY0004756,004802,card,1000,2026-06-20 13:33,success
PAY0004757,004803,UPI,650,2026-06-19 11:13,success
PAY0004758,004804,UPI,650,2026-06-24 20:44,success
PAY0004759,004806,UPI,650,2026-06-23 08:52,success
PAY0004760,004807,UPI,1350,2026-06-20 10:19,success
PAY0004761,004808,card,1500,2026-06-20 11:57,success
PAY0004762,004809,UPI,1599,2026-06-20 15:31,success
PAY0004763,004810,card,3499,2026-06-22 15:34,success
PAY0004764,004811,UPI,2050,2026-06-24 08:57,success
PAY0004765,004812,card,550,2026-06-24 08:48,success
PAY0004766,004813,card,1650,2026-06-22 18:35,success
PAY0004767,004814,UPI,1100,2026-06-21 16:57,success
PAY0004768,004815,UPI,2999,2026-06-25 20:19,success
PAY0004769,INV-4816,cash,1850,2026-06-22 10:46,success
PAY0004770,004817,UPI,1720,2026-06-19 17:20,success
PAY0004771,004818,UPI,1350,2026-06-20 19:12,success
PAY0004772,004819,UPI,2300,2026-06-25 15:13,success
PAY0004773,004820,card,550,2026-06-24 09:52,success
PAY0004774,INV-4821,cash,1700,2026-06-21 14:40,success
PAY0004775,KH/26-27/004822,cash,270,2026-06-21 15:23,success
PAY0004776,004823,card,1450,2026-06-22 18:53,success
PAY0004777,004824,card,2999,2026-06-20 12:47,success
PAY0004778,INV-4825,cash,1770,2026-06-23 11:07,success
PAY0004779,004826,UPI,2999,2026-06-20 15:28,success
PAY0004780,004827,card,300,2026-06-21 10:59,success
PAY0004781,004828,UPI,1499,2026-06-22 09:36,success
PAY0004782,004829,UPI,450,2026-06-21 20:20,success
PAY0004783,004830,UPI,700,2026-06-19 13:04,success
PAY0004784,004831,UPI,120,2026-06-20 11:38,success
PAY0004785,INV-4832,cash,1900,2026-06-19 21:42,success
PAY0004786,004833,UPI,1850,2026-06-24 21:05,success
PAY0004787,004834,UPI,700,2026-06-25 20:50,success
PAY0004788,004835,UPI,500,2026-06-21 11:45,success
PAY0004789,INV-4836,cash,2999,2026-06-22 11:23,success
PAY0004790,004837,UPI,2020,2026-06-24 16:31,success
PAY0004791,KH/26-27/004839,cash,650,2026-06-22 20:19,success
PAY0004792,004840,UPI,1000,2026-06-24 13:04,success
PAY0004793,004841,card,1499,2026-06-24 18:13,success
PAY0004794,004842,card,770,2026-06-21 10:12,success
PAY0004795,INV-4843,cash,650,2026-06-23 09:23,success
PAY0004796,004844,card,620,2026-06-20 19:27,success
PAY0004797,004845,UPI,1499,2026-06-20 16:20,success
PAY0004798,INV-4846,cash,1650,2026-06-25 13:07,success
PAY0004799,004847,UPI,1870,2026-06-23 13:56,success
PAY0004800,004848,card,650,2026-06-22 16:32,success
PAY0004801,004849,UPI,920,2026-06-21 19:22,success
PAY0004802,004850,UPI,3599,2026-06-24 15:29,success
PAY0004803,INV-4851,cash,900,2026-06-21 14:59,success
PAY0004804,004852,card,900,2026-06-20 15:03,success
PAY0004805,004853,card,1600,2026-06-19 21:02,success
PAY0004806,INV-4854,cash,200,2026-06-24 14:18,success
PAY0004807,INV-4855,cash,820,2026-06-20 19:55,success
PAY0004808,004856,card,350,2026-06-20 21:47,success
PAY0004809,004857,card,1750,2026-06-20 12:41,success
PAY0004810,INV-4858,cash,1400,2026-06-26 13:05,success
PAY0004811,004859,UPI,1600,2026-06-21 16:31,success
PAY0004812,004860,UPI,1900,2026-06-25 09:11,success
PAY0004813,INV-4861,cash,1300,2026-06-20 20:58,success
PAY0004814,004862,card,1350,2026-06-24 18:07,success
PAY0004815,INV-4863,cash,2050,2026-06-23 11:07,success
PAY0004816,INV-4864,cash,1250,2026-06-20 15:11,success
PAY0004817,004865,UPI,1900,2026-06-26 13:37,success
PAY0004818,KH/26-27/004866,cash,1850,2026-06-25 09:11,success
PAY0004819,004867,card,1970,2026-06-26 21:04,success
PAY0004820,004868,UPI,1050,2026-06-26 21:46,success
PAY0004821,004869,UPI,900,2026-06-22 17:16,success
PAY0004822,004870,card,120,2026-06-24 13:28,success
PAY0004823,004871,UPI,500,2026-06-23 16:43,success
PAY0004824,004872,UPI,650,2026-06-22 09:49,success
PAY0004825,004873,UPI,950,2026-06-26 12:36,success
PAY0004826,004874,card,500,2026-06-24 16:17,success
PAY0004827,004876,UPI,120,2026-06-25 15:43,success
PAY0004828,INV-4877,cash,500,2026-06-22 08:38,success
PAY0004829,004878,card,1550,2026-06-21 17:00,success
PAY0004830,INV-4879,cash,2999,2026-06-26 13:19,success
PAY0004831,004880,UPI,1670,2026-06-23 08:19,success
PAY0004832,004881,card,1870,2026-06-21 20:54,success
PAY0004833,KH/26-27/004882,cash,1850,2026-06-25 12:40,success
PAY0004834,004883,UPI,450,2026-06-26 09:43,success
PAY0004835,004884,card,120,2026-06-20 10:07,success
PAY0004836,004885,card,2170,2026-06-21 17:43,success
PAY0004837,INV-4886,cash,1320,2026-06-22 13:24,success
PAY0004838,INV-4887,cash,600,2026-06-21 21:32,success
PAY0004839,004888,UPI,150,2026-06-26 08:06,success
PAY0004840,004889,UPI,650,2026-06-21 13:27,success
PAY0004841,004890,UPI,3499,2026-06-20 09:37,success
PAY0004842,004891,UPI,1850,2026-06-20 10:09,success
PAY0004843,KH/26-27/004892,cash,1320,2026-06-24 14:41,success
PAY0004844,004893,UPI,2300,2026-06-22 16:25,success
PAY0004845,004894,card,800,2026-06-20 20:22,success
PAY0004846,004895,UPI,2200,2026-06-22 18:47,success
PAY0004847,004896,UPI,650,2026-06-22 17:01,success
PAY0004848,004897,UPI,2700,2026-06-25 11:07,success
PAY0004849,INV-4898,cash,3499,2026-06-22 11:16,success
PAY0004850,004899,card,1750,2026-06-23 11:31,success
PAY0004851,004901,UPI,650,2026-06-22 08:11,success
PAY0004852,004902,UPI,150,2026-06-20 21:20,success
PAY0004853,004903,UPI,1499,2026-06-22 21:38,success
PAY0004854,INV-4904,cash,150,2026-06-22 14:34,success
PAY0004855,004905,UPI,2999,2026-06-23 15:04,success
PAY0004856,004905,UPI,2999,2026-06-23 15:06,success
PAY0004857,004906,card,2999,2026-06-25 16:59,success
PAY0004858,004907,UPI,120,2026-06-25 14:24,success
PAY0004859,004908,UPI,1350,2026-06-23 19:24,success
PAY0004860,004909,card,900,2026-06-26 10:28,success
PAY0004861,004910,card,150,2026-06-22 09:56,success
PAY0004862,004911,UPI,2999,2026-06-24 20:26,success
PAY0004863,004912,card,2999,2026-06-22 10:14,success
PAY0004864,004913,UPI,1720,2026-06-22 20:45,success
PAY0004865,004914,card,150,2026-06-23 09:35,success
PAY0004866,004915,UPI,1499,2026-06-23 17:23,success
PAY0004867,004916,UPI,2600,2026-06-23 18:40,success
PAY0004868,004917,UPI,2999,2026-06-23 13:58,success
PAY0004869,004917,UPI,2999,2026-06-23 13:59,success
PAY0004870,INV-4918,cash,1499,2026-06-23 09:21,success
PAY0004871,004919,UPI,1320,2026-06-20 13:42,success
PAY0004872,INV-4920,cash,1220,2026-06-23 17:16,success
PAY0004873,004921,UPI,600,2026-06-22 08:14,success
PAY0004874,004922,UPI,1200,2026-06-27 10:35,success
PAY0004875,004923,UPI,150,2026-06-23 12:20,success
PAY0004876,004924,UPI,550,2026-06-24 10:29,success
PAY0004877,004925,UPI,1670,2026-06-25 14:06,success
PAY0004878,004926,UPI,120,2026-06-22 16:57,success
PAY0004879,004927,UPI,2999,2026-06-22 09:42,success
PAY0004880,004928,UPI,300,2026-06-22 17:21,success
PAY0004881,004929,UPI,2500,2026-06-26 18:03,success
PAY0004882,004930,UPI,1599,2026-06-27 16:51,success
PAY0004883,004931,UPI,450,2026-06-25 10:25,success
PAY0004884,004932,UPI,650,2026-06-25 16:33,success
PAY0004885,004933,card,770,2026-06-23 13:14,success
PAY0004886,004934,UPI,1400,2026-06-22 14:26,success
PAY0004887,INV-4935,cash,1000,2026-06-27 18:03,success
PAY0004888,004936,UPI,200,2026-06-23 09:39,success
PAY0004889,INV-4937,cash,1970,2026-06-24 10:38,success
PAY0004890,004938,card,550,2026-06-27 19:10,success
PAY0004891,004939,UPI,1650,2026-06-25 08:54,success
PAY0004892,INV-4940,cash,1499,2026-06-26 12:41,success
PAY0004893,004941,card,850,2026-06-27 10:20,success
PAY0004894,004942,UPI,2999,2026-06-21 11:10,success
PAY0004895,004943,UPI,3250,2026-06-23 19:21,success
PAY0004896,004944,UPI,1170,2026-06-23 21:14,success
PAY0004897,004945,UPI,3499,2026-06-26 19:48,success
PAY0004898,004946,UPI,1170,2026-06-23 18:22,success
PAY0004899,004947,card,1300,2026-06-23 15:58,success
PAY0004900,004948,UPI,1850,2026-06-25 20:32,success
PAY0004901,004949,card,2999,2026-06-22 14:42,success
PAY0004902,INV-4950,cash,1599,2026-06-27 20:23,success
PAY0004903,INV-4951,cash,200,2026-06-24 11:22,success
PAY0004904,004952,UPI,1900,2026-06-27 09:34,success
PAY0004905,INV-4953,cash,1250,2026-06-23 20:10,success
PAY0004906,INV-4954,cash,1050,2026-06-27 19:37,success
PAY0004907,INV-4955,cash,1970,2026-06-22 14:21,success
PAY0004908,004956,UPI,2050,2026-06-26 14:45,success
PAY0004909,004957,card,2999,2026-06-23 18:17,success
PAY0004910,004958,UPI,850,2026-06-23 16:21,success
PAY0004911,004959,UPI,450,2026-06-25 08:26,success
PAY0004912,004960,UPI,700,2026-06-25 20:22,success
PAY0004913,004961,card,1200,2026-06-27 12:00,success
PAY0004914,004962,UPI,1820,2026-06-26 10:44,success
PAY0004915,004963,UPI,2350,2026-06-25 12:42,success
PAY0004916,004964,UPI,700,2026-06-24 08:42,success
PAY0004917,004965,UPI,1500,2026-06-26 19:29,success
PAY0004918,004966,UPI,800,2026-06-22 16:34,success
PAY0004919,004967,UPI,3099,2026-06-26 14:55,success
PAY0004920,INV-4968,cash,2999,2026-06-27 19:36,success
PAY0004921,004969,card,1350,2026-06-27 12:08,success
PAY0004922,INV-4970,cash,2999,2026-06-25 21:25,success
PAY0004923,KH/26-27/004971,cash,2999,2026-06-22 09:03,success
PAY0004924,004972,card,1499,2026-06-28 10:38,success
PAY0004925,004973,UPI,1499,2026-06-23 11:35,success
PAY0004926,004974,UPI,3499,2026-06-27 12:56,success
PAY0004927,004975,UPI,1450,2026-06-26 15:26,success
PAY0004928,004976,UPI,1250,2026-06-27 19:09,success
PAY0004929,004977,card,2999,2026-06-22 13:13,success
PAY0004930,004978,UPI,1499,2026-06-24 20:45,success
PAY0004931,004979,UPI,650,2026-06-28 10:02,success
PAY0004932,INV-4980,cash,2999,2026-06-25 21:17,success
PAY0004933,INV-4981,cash,1400,2026-06-27 08:39,success
PAY0004934,004982,UPI,3499,2026-06-24 10:59,success
PAY0004935,004983,card,1050,2026-06-28 12:45,success
PAY0004936,004984,UPI,1499,2026-06-22 14:24,success
PAY0004937,INV-4985,cash,470,2026-06-24 13:29,success
PAY0004938,004986,card,2999,2026-06-23 15:10,success
PAY0004939,004987,UPI,650,2026-06-26 17:52,success
PAY0004940,004988,UPI,1250,2026-06-27 20:43,success
PAY0004941,004989,UPI,3499,2026-06-27 15:32,success
PAY0004942,INV-4990,cash,2550,2026-06-22 15:36,success
PAY0004943,004991,UPI,650,2026-06-27 21:45,success
PAY0004944,INV-4992,cash,2000,2026-06-25 16:43,success
PAY0004945,004993,card,650,2026-06-24 14:42,success
PAY0004946,004994,card,1920,2026-06-23 12:05,success
PAY0004947,004995,UPI,970,2026-06-23 18:01,success
PAY0004948,004996,UPI,650,2026-06-23 09:21,success
PAY0004949,004997,UPI,1020,2026-06-28 12:50,success
PAY0004950,INV-4998,cash,1450,2026-06-27 11:04,success
PAY0004951,004999,UPI,1499,2026-06-25 09:29,success
PAY0004952,005000,UPI,3499,2026-06-26 18:17,success
PAY0004953,005001,UPI,1499,2026-06-23 10:35,success
PAY0004954,005002,UPI,2000,2026-06-23 12:16,success
PAY0004955,005003,card,1350,2026-06-26 12:20,success
PAY0004956,005004,UPI,2999,2026-06-25 18:02,success
PAY0004957,005004,UPI,2999,2026-06-25 18:04,success
PAY0004958,005005,UPI,120,2026-06-27 08:22,success
PAY0004959,005006,UPI,550,2026-06-25 18:01,success
PAY0004960,005007,UPI,1499,2026-06-27 16:57,success
PAY0004961,005008,UPI,3099,2026-06-24 13:20,success
PAY0004962,005009,card,3499,2026-06-24 14:45,success
PAY0004963,INV-5010,cash,2999,2026-06-24 18:28,success
PAY0004964,KH/26-27/005011,cash,2999,2026-06-25 16:21,success
PAY0004965,005012,card,900,2026-06-26 21:39,success
PAY0004966,005013,UPI,1320,2026-06-25 15:02,success
PAY0004967,005014,UPI,2999,2026-06-27 10:31,success
PAY0004968,INV-5015,cash,2400,2026-06-22 20:26,success
PAY0004969,INV-5016,cash,2999,2026-06-28 10:25,success
PAY0004970,INV-5017,cash,450,2026-06-27 12:49,success
PAY0004971,005018,UPI,1250,2026-06-23 10:39,success
PAY0004972,005019,UPI,700,2026-06-23 08:18,success
PAY0004973,005020,UPI,150,2026-06-28 20:33,success
PAY0004974,005021,UPI,1250,2026-06-27 12:09,success
PAY0004975,005022,UPI,200,2026-06-23 13:54,success
PAY0004976,005023,card,2999,2026-06-24 20:52,success
PAY0004977,005024,UPI,700,2026-06-22 15:47,success
PAY0004978,005025,UPI,3499,2026-06-25 18:29,success
PAY0004979,005026,UPI,770,2026-06-22 21:54,success
PAY0004980,005027,card,1200,2026-06-24 21:58,success
PAY0004981,005028,card,470,2026-06-27 09:38,success
PAY0004982,005029,UPI,2550,2026-06-25 14:42,success
PAY0004983,005030,UPI,2999,2026-06-26 18:32,success
PAY0004984,005031,card,3499,2026-06-27 16:56,success
PAY0004985,005032,UPI,550,2026-06-29 18:12,success
PAY0004986,005033,UPI,650,2026-06-27 12:59,success
PAY0004987,INV-5034,cash,3499,2026-06-23 17:29,success
PAY0004988,KH/26-27/005035,cash,200,2026-06-27 09:54,success
PAY0004989,005036,card,3499,2026-06-25 11:38,success
PAY0004990,005037,card,1100,2026-06-28 13:53,success
PAY0004991,INV-5038,cash,3099,2026-06-25 14:19,success
PAY0004992,005039,card,900,2026-06-27 20:36,success
PAY0004993,005040,UPI,120,2026-06-25 08:33,success
PAY0004994,005041,UPI,1499,2026-06-25 12:44,success
PAY0004995,005042,UPI,1100,2026-06-27 11:20,success
PAY0004996,005043,card,120,2026-06-24 21:10,success
PAY0004997,INV-5044,cash,2999,2026-06-29 18:29,success
PAY0004998,005045,UPI,2999,2026-06-25 18:36,success
PAY0004999,005046,card,1200,2026-06-25 19:01,success
PAY0005000,INV-5047,cash,950,2026-06-24 17:23,success
PAY0005001,005048,UPI,1450,2026-06-25 17:56,success
PAY0005002,005049,card,2999,2026-06-24 19:14,success
PAY0005003,005050,card,2170,2026-06-28 09:10,success
PAY0005004,005051,UPI,350,2026-06-26 16:40,success
PAY0005005,005052,UPI,200,2026-06-24 21:21,success
PAY0005006,005053,UPI,120,2026-06-26 17:15,success
PAY0005007,005054,UPI,1520,2026-06-29 15:25,success
PAY0005008,005055,UPI,1499,2026-06-27 21:38,success
PAY0005009,005056,card,2999,2026-06-24 10:25,success
PAY0005010,005057,card,2270,2026-06-28 19:08,success
PAY0005011,005058,card,2999,2026-06-24 19:42,success
PAY0005012,005059,UPI,2999,2026-06-27 09:40,success
PAY0005013,005060,card,900,2026-06-28 19:11,success
PAY0005014,005061,card,1400,2026-06-27 18:31,success
PAY0005015,005062,UPI,1499,2026-06-25 11:43,success
PAY0005016,005063,UPI,2250,2026-06-29 16:58,success
PAY0005017,005064,UPI,3099,2026-06-27 14:02,success
PAY0005018,005065,UPI,600,2026-06-25 08:52,success
PAY0005019,005066,UPI,1720,2026-06-25 13:34,success
PAY0005020,005067,UPI,2370,2026-06-29 12:49,success
PAY0005021,INV-5068,cash,1250,2026-06-27 16:13,success
PAY0005022,005069,UPI,2999,2026-06-28 16:06,success
PAY0005023,005070,UPI,450,2026-06-23 14:49,success
PAY0005024,005071,card,1220,2026-06-24 12:20,success
PAY0005025,005072,UPI,1320,2026-06-24 14:57,success
PAY0005026,005073,card,750,2026-06-23 14:54,success
PAY0005027,005074,UPI,2999,2026-06-25 15:29,success
PAY0005028,005075,UPI,1050,2026-06-27 17:40,success
PAY0005029,005076,card,1200,2026-06-23 08:31,success
PAY0005030,INV-5078,cash,1150,2026-06-29 16:24,success
PAY0005031,KH/26-27/005079,cash,2999,2026-06-25 09:54,success
PAY0005032,005080,UPI,2999,2026-06-24 14:23,success
PAY0005033,005081,card,950,2026-06-24 13:50,success
PAY0005034,005081,card,950,2026-06-24 13:52,success
PAY0005035,INV-5082,cash,750,2026-06-27 20:46,success
PAY0005036,005083,card,2100,2026-06-24 09:56,success
PAY0005037,INV-5084,cash,500,2026-06-24 17:21,success
PAY0005038,005085,UPI,2999,2026-06-28 10:37,success
PAY0005039,KH/26-27/005086,cash,3499,2026-06-27 14:26,success
PAY0005040,005087,UPI,2999,2026-06-27 13:03,success
PAY0005041,005088,UPI,1499,2026-06-26 12:23,success
PAY0005042,005089,UPI,2400,2026-06-23 14:00,success
PAY0005043,005090,card,150,2026-06-28 10:58,success
PAY0005044,005091,card,900,2026-06-25 15:24,success
PAY0005045,005092,UPI,1499,2026-06-29 13:45,success
PAY0005046,INV-5093,cash,120,2026-06-30 08:10,success
PAY0005047,KH/26-27/005094,cash,3099,2026-06-25 14:31,success
PAY0005048,005095,UPI,1100,2026-06-30 16:31,success
PAY0005049,005096,card,2999,2026-06-28 09:07,success
PAY0005050,005097,UPI,1220,2026-06-27 15:59,success
PAY0005051,INV-5098,cash,750,2026-06-25 08:12,success
PAY0005052,005099,UPI,2999,2026-06-28 14:11,success
PAY0005053,INV-5100,cash,2450,2026-06-30 10:10,success
PAY0005054,005101,card,1200,2026-06-25 14:38,success
PAY0005055,005101,card,1200,2026-06-25 14:40,success
PAY0005056,005102,UPI,450,2026-06-25 10:59,success
PAY0005057,INV-5103,cash,450,2026-06-29 11:57,success
PAY0005058,005104,UPI,2350,2026-06-27 20:20,success
PAY0005059,005105,UPI,500,2026-06-30 15:58,success
PAY0005060,005106,UPI,2150,2026-06-28 19:07,success
PAY0005061,005107,card,1500,2026-06-28 19:21,success
PAY0005062,005108,card,2100,2026-06-24 20:26,success
PAY0005063,INV-5109,cash,1499,2026-06-25 18:14,success
PAY0005064,INV-5110,cash,2800,2026-06-27 11:48,success
PAY0005065,005111,UPI,1000,2026-06-29 09:33,success
PAY0005066,INV-5112,cash,1499,2026-06-24 15:39,success
PAY0005067,INV-5113,cash,600,2026-06-24 15:22,success
PAY0005068,005114,card,1320,2026-06-25 11:47,success
PAY0005069,005115,UPI,750,2026-06-30 13:57,success
PAY0005070,005116,card,320,2026-06-27 21:52,success
PAY0005071,INV-5117,cash,800,2026-06-25 20:18,success
PAY0005072,005118,UPI,900,2026-06-24 11:30,success
PAY0005073,005119,UPI,2750,2026-06-30 17:55,success
PAY0005074,005120,card,900,2026-06-27 20:35,success
PAY0005075,005121,card,2999,2026-06-28 12:57,success
PAY0005076,005122,UPI,450,2026-06-30 11:44,success
PAY0005077,005123,UPI,1250,2026-06-29 16:58,success
PAY0005078,INV-5124,cash,1550,2026-06-25 19:11,success
PAY0005079,005125,UPI,2950,2026-06-24 15:07,success
PAY0005080,KH/26-27/005126,cash,600,2026-06-29 09:08,success
PAY0005081,005127,card,550,2026-06-30 11:17,success
PAY0005082,005127,card,550,2026-06-30 11:19,success
PAY0005083,005128,UPI,3499,2026-06-25 08:04,success
PAY0005084,005129,UPI,550,2026-06-27 18:04,success
PAY0005085,005130,UPI,450,2026-06-27 14:06,success
PAY0005086,005131,card,1300,2026-06-24 13:04,success
PAY0005087,005132,UPI,1499,2026-06-28 17:03,success
PAY0005088,005133,card,2999,2026-06-24 13:01,success
PAY0005089,005134,card,2999,2026-06-28 17:24,success
PAY0005090,005135,UPI,2999,2026-06-26 18:28,success
PAY0005091,005136,UPI,3499,2026-06-27 19:55,success
PAY0005092,005137,card,3250,2026-06-26 12:49,success
PAY0005093,INV-5138,cash,3499,2026-06-27 16:13,success
PAY0005094,005140,UPI,650,2026-06-24 08:36,success
PAY0005095,005141,UPI,200,2026-06-28 08:03,success
PAY0005096,INV-5142,cash,850,2026-06-29 18:54,success
PAY0005097,INV-5143,cash,550,2026-06-29 15:23,success
PAY0005098,005144,UPI,1600,2026-06-25 20:38,success
PAY0005099,005145,UPI,650,2026-06-24 10:44,success
PAY0005100,005146,card,2999,2026-07-01 09:54,success
PAY0005101,005147,card,900,2026-07-01 13:36,success
PAY0005102,005148,card,2999,2026-06-29 21:48,success
PAY0005103,005149,UPI,150,2026-06-28 19:44,success
PAY0005104,005151,UPI,1499,2026-06-26 11:16,success
PAY0005105,005152,UPI,150,2026-06-25 14:38,success
PAY0005106,005153,UPI,2999,2026-06-25 10:41,success
PAY0005107,005154,UPI,1700,2026-06-25 15:09,success
PAY0005108,005155,UPI,1450,2026-06-27 21:05,success
PAY0005109,005156,UPI,350,2026-06-25 15:01,success
PAY0005110,005157,card,2999,2026-06-28 13:58,success
PAY0005111,005158,UPI,500,2026-06-30 12:49,success
PAY0005112,005159,UPI,1350,2026-06-27 08:38,success
PAY0005113,005160,UPI,1499,2026-07-01 13:05,success
PAY0005114,INV-5161,cash,850,2026-06-25 18:19,success
PAY0005115,005162,UPI,450,2026-06-28 15:02,success
PAY0005116,005163,UPI,650,2026-06-29 12:21,success
PAY0005117,005164,UPI,200,2026-06-27 18:52,success
PAY0005118,005165,card,2020,2026-06-25 15:19,success
PAY0005119,005166,UPI,1720,2026-07-01 09:54,success
PAY0005120,005167,UPI,350,2026-06-27 12:04,success
PAY0005121,INV-5168,cash,1650,2026-07-01 19:21,success
PAY0005122,INV-5169,cash,900,2026-06-28 18:52,success
PAY0005123,005170,UPI,2050,2026-06-30 16:35,success
PAY0005124,005171,UPI,2100,2026-06-27 11:53,success
PAY0005125,005172,UPI,2300,2026-06-27 21:03,success
PAY0005126,KH/26-27/005173,cash,1499,2026-06-30 19:19,success
PAY0005127,005174,card,1850,2026-06-27 17:02,success
PAY0005128,005174,card,1850,2026-06-27 17:04,success
PAY0005129,005175,UPI,1150,2026-06-26 21:01,success
PAY0005130,005176,UPI,350,2026-07-01 20:59,success
PAY0005131,005177,UPI,450,2026-06-26 17:52,success
PAY0005132,005178,UPI,1170,2026-06-25 10:17,success
PAY0005133,005179,UPI,1800,2026-06-30 10:49,success
PAY0005134,005180,UPI,820,2026-06-28 11:28,success
PAY0005135,005181,card,2999,2026-06-30 12:24,success
PAY0005136,005182,UPI,3499,2026-06-29 21:21,success
PAY0005137,005183,UPI,550,2026-06-27 14:35,success
PAY0005138,005184,UPI,1499,2026-06-27 16:53,success
PAY0005139,005185,UPI,1750,2026-06-30 11:37,success
PAY0005140,005186,UPI,950,2026-06-28 20:02,success
PAY0005141,005187,UPI,2400,2026-06-26 20:37,success
PAY0005142,INV-5188,cash,570,2026-06-26 13:47,success
PAY0005143,005190,UPI,1499,2026-07-01 21:23,success
PAY0005144,005191,card,3499,2026-06-29 21:53,success
PAY0005145,005192,UPI,2350,2026-06-29 11:47,success
PAY0005146,005193,card,1499,2026-06-26 17:00,success
PAY0005147,INV-5194,cash,550,2026-06-29 20:25,success
PAY0005148,005195,UPI,150,2026-07-01 13:22,success
PAY0005149,005196,card,900,2026-06-29 20:39,success
PAY0005150,005197,card,770,2026-06-26 16:31,success
PAY0005151,005198,UPI,600,2026-06-29 15:03,success
PAY0005152,INV-5199,cash,1750,2026-06-29 08:33,success
PAY0005153,INV-5199,cash,-1750,2026-06-29 08:33,refund
PAY0005154,005200,UPI,1400,2026-06-29 08:05,success
PAY0005155,005201,card,500,2026-06-27 15:08,success
PAY0005156,INV-5202,cash,3499,2026-06-27 15:24,success
PAY0005157,005204,UPI,3099,2026-06-29 20:44,success
PAY0005158,005205,UPI,2800,2026-06-28 17:17,success
PAY0005159,005206,UPI,650,2026-07-01 20:20,success
PAY0005160,INV-5207,cash,2000,2026-06-28 18:44,success
PAY0005161,005209,card,900,2026-06-30 10:23,success
PAY0005162,005210,card,2999,2026-06-25 16:50,success
PAY0005163,005211,card,200,2026-06-30 19:11,success
PAY0005164,005212,UPI,3499,2026-06-28 10:48,success
PAY0005165,005213,UPI,1170,2026-06-27 11:06,success
PAY0005166,INV-5214,cash,770,2026-07-01 20:26,success
PAY0005167,005215,card,1370,2026-07-02 19:38,success
PAY0005168,005216,UPI,2170,2026-07-01 14:59,success
PAY0005169,005217,UPI,750,2026-06-29 11:35,success
PAY0005170,005218,UPI,1350,2026-06-27 21:38,success
PAY0005171,005219,UPI,550,2026-06-30 13:21,success
PAY0005172,005220,UPI,770,2026-06-28 08:08,success
PAY0005173,005221,UPI,1450,2026-07-01 21:29,success
PAY0005174,005221,UPI,-1450,2026-07-01 21:29,refund
PAY0005175,005222,UPI,2600,2026-06-28 11:51,success
PAY0005176,005223,card,500,2026-07-02 16:29,success
PAY0005177,005224,UPI,3099,2026-06-30 14:31,success
PAY0005178,005225,UPI,2999,2026-06-26 08:41,success
PAY0005179,005226,UPI,1950,2026-06-30 08:42,success
PAY0005180,005227,card,1800,2026-06-30 17:59,success
PAY0005181,005228,card,1499,2026-06-26 19:19,success
PAY0005182,INV-5229,cash,1350,2026-07-01 20:39,success
PAY0005183,INV-5230,cash,700,2026-06-29 17:51,success
PAY0005184,005231,UPI,2999,2026-06-28 19:27,success
PAY0005185,INV-5232,cash,1120,2026-06-30 13:14,success
PAY0005186,005234,UPI,1020,2026-06-30 10:01,success
PAY0005187,005235,card,550,2026-06-27 11:22,success
PAY0005188,KH/26-27/005236,cash,470,2026-07-01 18:09,success
PAY0005189,005237,UPI,2200,2026-07-01 08:43,success
PAY0005190,INV-5238,cash,1600,2026-07-02 17:49,success
PAY0005191,INV-5239,cash,2999,2026-06-30 11:46,success
PAY0005192,INV-5240,cash,600,2026-06-29 18:26,success
PAY0005193,005241,UPI,900,2026-06-26 10:12,success
PAY0005194,005242,card,450,2026-06-28 10:22,success
PAY0005195,005243,UPI,2470,2026-06-26 17:32,success
PAY0005196,KH/26-27/005244,cash,3099,2026-07-01 10:49,success
PAY0005197,005245,UPI,2999,2026-07-02 13:08,success
PAY0005198,005246,card,1850,2026-06-26 21:36,success
PAY0005199,005246,card,-1850,2026-06-26 21:36,refund
PAY0005200,INV-5247,cash,200,2026-06-27 19:22,success
PAY0005201,005248,card,1499,2026-07-01 16:38,success
PAY0005202,005249,UPI,1500,2026-06-26 15:38,success
PAY0005203,005250,card,550,2026-07-02 17:32,success
PAY0005204,005250,card,550,2026-07-02 17:34,success
PAY0005205,005251,UPI,1200,2026-07-01 11:49,success
PAY0005206,005252,UPI,1499,2026-06-27 18:46,success
PAY0005207,005253,UPI,900,2026-07-02 16:31,success
PAY0005208,005254,UPI,1499,2026-06-30 10:07,success
PAY0005209,005255,card,2999,2026-06-30 09:59,success
PAY0005210,005256,UPI,2100,2026-07-01 20:22,success
PAY0005211,005257,card,500,2026-06-26 10:40,success
PAY0005212,005258,UPI,2999,2026-06-30 08:24,success
PAY0005213,005259,UPI,2750,2026-07-01 16:56,success
PAY0005214,INV-5260,cash,2999,2026-06-26 14:36,success
PAY0005215,005261,UPI,650,2026-06-27 20:27,success
PAY0005216,005262,UPI,450,2026-07-01 17:59,success
PAY0005217,005263,UPI,2050,2026-07-01 13:52,success
PAY0005218,INV-5264,cash,2999,2026-06-26 15:39,success
PAY0005219,005265,UPI,1350,2026-06-28 21:45,success
PAY0005220,005266,UPI,800,2026-06-26 18:54,success
PAY0005221,005267,UPI,2999,2026-06-30 08:21,success
PAY0005222,005268,card,3499,2026-07-01 13:52,success
PAY0005223,005269,card,2999,2026-06-28 21:57,success
PAY0005224,INV-5270,cash,900,2026-07-01 15:27,success
PAY0005225,INV-5271,cash,3099,2026-06-30 13:50,success
PAY0005226,005272,UPI,800,2026-07-01 09:58,success
PAY0005227,005273,card,3499,2026-06-30 21:18,success
PAY0005228,INV-5274,cash,3499,2026-06-28 18:18,success
PAY0005229,INV-5275,cash,270,2026-06-28 16:24,success
PAY0005230,005276,card,1850,2026-07-02 09:30,success
PAY0005231,INV-5277,cash,2999,2026-06-27 15:05,success
PAY0005232,005278,UPI,1000,2026-07-01 17:49,success
PAY0005233,INV-5279,cash,1700,2026-07-01 08:29,success
PAY0005234,005280,UPI,1200,2026-07-03 18:58,success
PAY0005235,005282,card,900,2026-07-01 14:19,success
PAY0005236,005283,UPI,1350,2026-06-30 14:40,success
PAY0005237,005284,UPI,820,2026-06-30 19:31,success
PAY0005238,005286,UPI,1770,2026-06-27 13:02,success
PAY0005239,INV-5287,cash,2999,2026-06-27 10:32,success
PAY0005240,005288,UPI,1499,2026-07-02 13:54,success
PAY0005241,005288,UPI,1499,2026-07-02 13:56,success
PAY0005242,005289,card,1400,2026-07-01 21:29,success
PAY0005243,INV-5290,cash,3099,2026-06-30 12:31,success
PAY0005244,005291,UPI,2999,2026-06-30 11:41,success
PAY0005245,005291,UPI,-2999,2026-06-30 11:41,refund
PAY0005246,005292,UPI,450,2026-07-03 19:10,success
PAY0005247,005292,UPI,450,2026-07-03 19:12,success
PAY0005248,005293,UPI,2999,2026-07-01 15:04,success
PAY0005249,005294,card,1650,2026-07-01 21:29,success
PAY0005250,005295,UPI,1200,2026-06-30 11:34,success
PAY0005251,005296,UPI,2999,2026-06-29 18:41,success
PAY0005252,005297,UPI,1499,2026-07-03 19:19,success
PAY0005253,005297,UPI,1499,2026-07-03 19:21,success
PAY0005254,005298,UPI,700,2026-06-30 18:25,success
PAY0005255,005299,card,920,2026-06-27 10:59,success
PAY0005256,005300,UPI,2200,2026-06-27 17:41,success
PAY0005257,005301,card,2999,2026-06-27 08:46,success
PAY0005258,005302,UPI,550,2026-07-03 16:41,success
PAY0005259,005303,UPI,500,2026-06-30 12:19,success
PAY0005260,005304,UPI,1000,2026-07-03 20:59,success
PAY0005261,005305,card,1150,2026-07-03 13:01,success
PAY0005262,INV-5306,cash,500,2026-06-30 09:55,success
PAY0005263,005307,UPI,1250,2026-06-29 21:13,success
PAY0005264,KH/26-27/005308,cash,3099,2026-06-30 11:34,success
PAY0005265,005309,UPI,1600,2026-06-28 10:00,success
PAY0005266,005310,UPI,200,2026-06-30 17:46,success
PAY0005267,005311,UPI,1470,2026-06-30 19:28,success
PAY0005268,005312,UPI,600,2026-06-28 15:08,success
PAY0005269,005313,UPI,3499,2026-07-02 19:00,success
PAY0005270,INV-5314,cash,1950,2026-06-27 17:15,success
PAY0005271,005315,card,1950,2026-07-03 14:13,success
PAY0005272,005316,UPI,1000,2026-06-27 16:59,success
PAY0005273,005317,UPI,850,2026-06-29 09:50,success
PAY0005274,005318,card,2999,2026-06-29 08:25,success
PAY0005275,005319,UPI,1499,2026-06-30 08:28,success
PAY0005276,005321,UPI,650,2026-06-27 13:05,success
PAY0005277,INV-5322,cash,900,2026-07-02 10:32,success
PAY0005278,005323,UPI,770,2026-06-30 12:36,success
PAY0005279,005324,card,2999,2026-06-29 11:24,success
PAY0005280,005325,card,1700,2026-06-29 14:32,success
PAY0005281,005326,UPI,1850,2026-07-03 12:02,success
PAY0005282,005327,card,550,2026-06-30 10:25,success
PAY0005283,INV-5328,cash,120,2026-06-27 09:16,success
PAY0005284,005329,UPI,1150,2026-06-27 11:04,success
PAY0005285,005330,UPI,3099,2026-06-27 16:15,success
PAY0005286,INV-5331,cash,650,2026-07-03 19:27,success
PAY0005287,005332,UPI,1470,2026-07-04 16:46,success
PAY0005288,INV-5333,cash,1070,2026-07-01 19:31,success
PAY0005289,005334,UPI,650,2026-07-01 13:15,success
PAY0005290,005335,UPI,1550,2026-07-04 21:33,success
PAY0005291,005336,UPI,1850,2026-07-02 17:03,success
PAY0005292,005337,UPI,2999,2026-07-03 12:56,success
PAY0005293,005338,UPI,1200,2026-06-28 15:28,success
PAY0005294,005340,UPI,2370,2026-07-04 13:11,success
PAY0005295,005341,UPI,1350,2026-07-04 21:01,success
PAY0005296,005342,UPI,2999,2026-07-02 13:14,success
PAY0005297,005343,UPI,1150,2026-07-03 08:21,success
PAY0005298,005344,card,2050,2026-06-28 10:49,success
PAY0005299,INV-5345,cash,450,2026-06-28 08:54,success
PAY0005300,005346,card,700,2026-07-03 17:29,success
PAY0005301,005347,UPI,1400,2026-06-30 14:14,success
PAY0005302,005348,UPI,1120,2026-07-03 09:11,success
PAY0005303,005349,UPI,1499,2026-06-30 21:54,success
PAY0005304,INV-5350,cash,1200,2026-06-29 16:26,success
PAY0005305,INV-5352,cash,2999,2026-06-29 11:45,success
PAY0005306,005353,card,2100,2026-07-02 18:03,success
PAY0005307,005354,UPI,1500,2026-07-02 20:01,success
PAY0005308,005355,UPI,1150,2026-07-04 12:41,success
PAY0005309,005356,card,950,2026-06-28 13:14,success
PAY0005310,005357,UPI,1800,2026-07-03 13:10,success
PAY0005311,005358,card,1150,2026-07-01 11:05,success
PAY0005312,005359,UPI,2999,2026-07-02 09:24,success
PAY0005313,005360,UPI,1000,2026-07-02 12:47,success
PAY0005314,005361,UPI,1200,2026-07-02 08:35,success
PAY0005315,005362,UPI,2999,2026-07-04 15:19,success
PAY0005316,INV-5363,cash,2999,2026-06-28 12:23,success
PAY0005317,005364,UPI,1220,2026-07-03 09:44,success
PAY0005318,005365,UPI,1550,2026-07-02 20:12,success
PAY0005319,005365,UPI,1550,2026-07-02 20:14,success
PAY0005320,INV-5366,cash,150,2026-07-03 08:40,success
PAY0005321,005367,card,1250,2026-07-04 20:34,success
PAY0005322,005368,UPI,2300,2026-06-28 12:18,success
PAY0005323,005369,UPI,2999,2026-07-03 14:14,success
PAY0005324,005370,UPI,3499,2026-07-03 14:14,success
PAY0005325,005372,UPI,2750,2026-07-01 12:15,success
PAY0005326,005373,UPI,700,2026-06-29 16:49,success
PAY0005327,005374,card,150,2026-07-04 11:23,success
PAY0005328,005374,card,150,2026-07-04 11:25,success
PAY0005329,005375,UPI,2999,2026-06-28 12:57,success
PAY0005330,INV-5376,cash,550,2026-07-01 21:28,success
PAY0005331,005377,card,650,2026-07-01 11:45,success
PAY0005332,005378,UPI,1499,2026-06-28 09:50,success
PAY0005333,005379,UPI,1499,2026-06-28 18:12,success
PAY0005334,INV-5380,cash,850,2026-07-04 19:12,success
PAY0005335,005381,UPI,350,2026-06-30 18:00,success
PAY0005336,005382,UPI,750,2026-07-04 14:17,success
PAY0005337,005382,UPI,750,2026-07-04 14:19,success
PAY0005338,005383,card,1420,2026-06-29 09:51,success
PAY0005339,INV-5384,cash,720,2026-07-04 16:47,success
PAY0005340,005385,UPI,2999,2026-07-02 21:34,success
PAY0005341,005386,UPI,1200,2026-06-29 18:11,success
PAY0005342,005387,card,3099,2026-06-30 18:22,success
PAY0005343,005388,UPI,2050,2026-07-01 08:15,success
PAY0005344,005389,UPI,470,2026-07-02 13:04,success
PAY0005345,005389,UPI,470,2026-07-02 13:06,success
PAY0005346,005391,UPI,1499,2026-07-01 09:43,success
PAY0005347,005393,card,1120,2026-06-29 16:14,success
PAY0005348,005393,card,1120,2026-06-29 16:16,success
PAY0005349,005394,UPI,950,2026-06-30 10:31,success
PAY0005350,005395,UPI,1020,2026-06-30 09:14,success
PAY0005351,005396,card,1450,2026-07-03 09:52,success
PAY0005352,005397,card,1650,2026-07-03 21:43,success
PAY0005353,005397,card,1650,2026-07-03 21:45,success
PAY0005354,005398,UPI,1000,2026-07-01 15:51,success
PAY0005355,005399,UPI,800,2026-07-01 08:07,success
PAY0005356,INV-5400,cash,720,2026-07-01 11:38,success
PAY0005357,005401,UPI,1300,2026-06-30 14:06,success
PAY0005358,005402,card,2999,2026-06-29 20:12,success
PAY0005359,KH/26-27/005403,cash,2999,2026-06-30 16:47,success
PAY0005360,005404,UPI,1500,2026-07-04 20:32,success
PAY0005361,INV-5405,cash,2100,2026-06-29 09:17,success
PAY0005362,005406,UPI,1499,2026-07-01 20:49,success
PAY0005363,005407,UPI,1550,2026-07-03 19:10,success
PAY0005364,005408,UPI,1100,2026-06-29 19:34,success
PAY0005365,005409,card,2999,2026-07-03 12:41,success
PAY0005366,005410,UPI,650,2026-07-05 17:29,success
PAY0005367,005411,card,600,2026-07-05 19:42,success
PAY0005368,005412,card,3499,2026-06-29 20:38,success
PAY0005369,005415,UPI,920,2026-06-29 19:08,success
PAY0005370,005417,UPI,1500,2026-07-05 16:17,success
PAY0005371,005418,UPI,2000,2026-06-29 15:59,success
PAY0005372,005419,UPI,1950,2026-07-04 14:13,success
PAY0005373,005420,card,3499,2026-07-04 19:21,success
PAY0005374,005421,card,1499,2026-07-01 19:59,success
PAY0005375,005422,card,2999,2026-07-02 12:55,success
PAY0005376,INV-5423,cash,500,2026-06-30 14:16,success
PAY0005377,005424,card,1550,2026-07-02 12:54,success
PAY0005378,005425,UPI,2200,2026-06-29 16:02,success
PAY0005379,005426,card,600,2026-07-03 08:24,success
PAY0005380,005427,card,150,2026-07-02 13:17,success
PAY0005381,005428,card,2999,2026-07-04 10:28,success
PAY0005382,005429,card,3099,2026-07-01 12:59,success
PAY0005383,005430,card,2100,2026-06-30 15:18,success
PAY0005384,005431,UPI,1200,2026-07-05 12:14,success
PAY0005385,005432,UPI,1320,2026-06-30 14:55,success
PAY0005386,005433,UPI,570,2026-06-30 19:41,success
PAY0005387,005434,UPI,2999,2026-07-05 18:06,success
PAY0005388,005436,card,700,2026-07-02 14:40,success
PAY0005389,005437,UPI,650,2026-06-30 09:15,success
PAY0005390,005438,UPI,1450,2026-07-04 21:19,success
PAY0005391,INV-5439,cash,770,2026-07-03 14:22,success
PAY0005392,005440,UPI,2999,2026-07-02 17:45,success
PAY0005393,INV-5441,cash,1599,2026-07-02 15:44,success
PAY0005394,005442,UPI,800,2026-07-01 14:02,success
PAY0005395,005443,UPI,1499,2026-07-05 16:32,success
PAY0005396,005444,UPI,1450,2026-07-03 20:53,success
PAY0005397,005445,UPI,950,2026-07-02 18:52,success
PAY0005398,005446,UPI,600,2026-07-02 17:00,success
PAY0005399,005447,UPI,1499,2026-07-02 13:59,success
PAY0005400,005448,card,2999,2026-07-02 12:25,success
PAY0005401,005449,UPI,3499,2026-06-29 12:23,success
PAY0005402,005450,card,1499,2026-07-02 14:35,success
PAY0005403,005451,UPI,2000,2026-07-04 16:49,success
PAY0005404,005452,UPI,2999,2026-06-30 20:00,success
PAY0005405,INV-5453,cash,650,2026-06-30 17:19,success
PAY0005406,005454,UPI,1499,2026-06-30 08:51,success
PAY0005407,INV-5455,cash,150,2026-07-06 10:46,success
PAY0005408,INV-5456,cash,450,2026-07-02 10:02,success
PAY0005409,005457,UPI,3000,2026-07-06 14:34,success
PAY0005410,005458,UPI,150,2026-07-01 20:59,success
PAY0005411,005459,UPI,1870,2026-07-04 18:31,success
PAY0005412,005460,card,1350,2026-07-04 19:37,success
PAY0005413,005461,card,2999,2026-07-04 17:06,success
PAY0005414,005462,UPI,1350,2026-07-06 11:52,success
PAY0005415,005463,UPI,1900,2026-07-04 20:03,success
PAY0005416,005464,card,1450,2026-07-03 21:00,success
PAY0005417,005465,UPI,650,2026-06-30 21:57,success
PAY0005418,005466,UPI,550,2026-07-02 14:03,success
PAY0005419,005466,UPI,550,2026-07-02 14:05,success
PAY0005420,005467,UPI,3050,2026-07-01 13:49,success
PAY0005421,005468,UPI,2470,2026-07-03 08:57,success
PAY0005422,005469,card,550,2026-07-01 10:24,success
PAY0005423,005470,UPI,800,2026-07-04 19:42,success
PAY0005424,INV-5471,cash,1070,2026-07-05 21:16,success
PAY0005425,005472,card,900,2026-07-02 17:18,success
PAY0005426,005473,UPI,150,2026-07-05 08:43,success
PAY0005427,005474,card,750,2026-06-30 14:53,success
PAY0005428,INV-5475,cash,1450,2026-07-03 19:20,success
PAY0005429,INV-5476,cash,1650,2026-07-06 13:16,success
PAY0005430,INV-5477,cash,1670,2026-07-01 16:50,success
PAY0005431,005478,UPI,2999,2026-07-04 16:10,success
PAY0005432,INV-5479,cash,650,2026-07-04 17:47,success
PAY0005433,005480,UPI,1450,2026-07-04 14:06,success
PAY0005434,005481,card,550,2026-07-06 13:01,success
PAY0005435,005482,card,3499,2026-07-01 16:17,success
PAY0005436,005483,card,250,2026-07-02 18:46,success
PAY0005437,005484,UPI,2200,2026-06-30 21:55,success
PAY0005438,INV-5485,cash,1499,2026-07-06 18:41,success
PAY0005439,005486,UPI,200,2026-07-05 09:28,success
PAY0005440,005487,card,700,2026-07-06 10:53,success
PAY0005441,005488,UPI,2100,2026-07-01 21:06,success
PAY0005442,005489,card,3099,2026-07-04 13:25,success
PAY0005443,005490,UPI,1499,2026-07-02 14:49,success
PAY0005444,INV-5492,cash,1820,2026-07-06 11:41,success
PAY0005445,005493,UPI,2700,2026-07-03 10:59,success
PAY0005446,005494,UPI,120,2026-07-01 08:56,success
PAY0005447,005495,UPI,700,2026-07-03 09:03,success
PAY0005448,INV-5496,cash,1800,2026-07-01 17:43,success
PAY0005449,005497,UPI,1050,2026-07-05 21:57,success
PAY0005450,005498,card,500,2026-07-05 08:56,success
PAY0005451,005499,UPI,550,2026-07-02 15:30,success
PAY0005452,005500,UPI,1499,2026-07-06 14:04,success
PAY0005453,INV-5501,cash,500,2026-07-01 12:33,success
PAY0005454,005502,card,500,2026-07-03 14:04,success
PAY0005455,005503,card,1100,2026-07-02 17:56,success
PAY0005456,005504,card,1470,2026-07-02 21:45,success
PAY0005457,005505,UPI,650,2026-07-01 17:10,success
PAY0005458,005506,UPI,800,2026-07-04 21:26,success
PAY0005459,INV-5507,cash,650,2026-07-05 09:16,success
PAY0005460,005508,UPI,800,2026-07-04 21:09,success
PAY0005461,005509,UPI,700,2026-07-03 20:15,success
PAY0005462,005510,UPI,900,2026-07-01 12:00,success
PAY0005463,005511,UPI,1499,2026-07-04 11:15,success
PAY0005464,005512,card,600,2026-07-02 14:52,success
PAY0005465,005513,UPI,1499,2026-07-02 15:15,success
PAY0005466,INV-5514,cash,1599,2026-07-04 08:04,success
PAY0005467,005515,UPI,1499,2026-07-04 14:41,success
PAY0005468,KH/26-27/005516,cash,1100,2026-07-04 18:42,success
PAY0005469,005517,UPI,1400,2026-07-05 08:33,success
PAY0005470,INV-5518,cash,500,2026-07-03 10:58,success
PAY0005471,005519,card,1200,2026-07-02 19:18,success
PAY0005472,INV-5520,cash,3499,2026-07-01 19:59,success
PAY0005473,005521,UPI,3499,2026-07-02 09:55,success
PAY0005474,005522,UPI,1300,2026-07-02 20:44,success
PAY0005475,005523,UPI,1400,2026-07-02 13:01,success
PAY0005476,005524,card,1220,2026-07-04 17:12,success
PAY0005477,005524,card,-1220,2026-07-04 17:12,refund
PAY0005478,INV-5525,cash,900,2026-07-03 16:29,success
PAY0005479,005526,UPI,1800,2026-07-04 14:17,success
PAY0005480,005527,UPI,900,2026-07-05 13:47,success
PAY0005481,INV-5528,cash,150,2026-07-01 15:27,success
PAY0005482,005529,card,2600,2026-07-01 11:41,success
PAY0005483,005530,UPI,1550,2026-07-05 13:12,success
PAY0005484,005531,UPI,900,2026-07-06 14:02,success
PAY0005485,005532,UPI,600,2026-07-06 18:03,success
PAY0005486,005533,UPI,550,2026-07-02 19:59,success
PAY0005487,INV-5534,cash,3499,2026-07-02 09:42,success
PAY0005488,005535,card,1850,2026-07-01 14:04,success
PAY0005489,005536,UPI,650,2026-07-04 15:50,success
PAY0005490,005537,UPI,700,2026-07-06 17:36,success
PAY0005491,005538,card,850,2026-07-07 11:07,success
PAY0005492,005539,card,1400,2026-07-01 12:31,success
PAY0005493,005540,UPI,1499,2026-07-01 16:54,success
PAY0005494,005542,UPI,500,2026-07-02 11:29,success
PAY0005495,005543,card,2999,2026-07-04 20:34,success
PAY0005496,005544,card,1250,2026-07-06 14:58,success
PAY0005497,005545,UPI,1050,2026-07-04 10:45,success
PAY0005498,005546,card,3499,2026-07-06 16:21,success
PAY0005499,005548,card,1300,2026-07-01 15:20,success
PAY0005500,INV-5549,cash,850,2026-07-06 13:32,success
PAY0005501,005550,UPI,2100,2026-07-07 15:03,success
PAY0005502,INV-5551,cash,350,2026-07-06 21:53,success
PAY0005503,005552,UPI,2999,2026-07-06 12:04,success
PAY0005504,005553,UPI,2999,2026-07-04 16:27,success
PAY0005505,005554,UPI,1499,2026-07-02 18:28,success
PAY0005506,005555,card,650,2026-07-04 18:07,success
PAY0005507,005556,UPI,2999,2026-07-05 11:18,success
PAY0005508,005557,UPI,1850,2026-07-02 15:08,success
PAY0005509,005558,card,2050,2026-07-02 12:04,success
PAY0005510,005559,card,2999,2026-07-07 20:05,success
PAY0005511,005560,UPI,550,2026-07-05 15:25,success
PAY0005512,005561,UPI,550,2026-07-01 09:48,success
PAY0005513,005562,UPI,3499,2026-07-03 11:33,success
PAY0005514,005563,UPI,2300,2026-07-01 11:17,success
PAY0005515,005565,card,1200,2026-07-06 17:58,success
PAY0005516,005566,UPI,1550,2026-07-07 20:05,success
PAY0005517,005567,card,2750,2026-07-05 10:05,success
PAY0005518,005568,UPI,500,2026-07-04 08:18,success
PAY0005519,INV-5569,cash,3099,2026-07-02 08:18,success
PAY0005520,INV-5570,cash,2999,2026-07-03 18:20,success
PAY0005521,005571,UPI,3099,2026-07-04 12:20,success
PAY0005522,005572,UPI,1120,2026-07-06 21:57,success
PAY0005523,INV-5573,cash,2999,2026-07-08 14:25,success
PAY0005524,005574,UPI,1499,2026-07-08 08:08,success
PAY0005525,INV-5575,cash,1320,2026-07-08 18:00,success
PAY0005526,005576,UPI,2999,2026-07-08 13:45,success
PAY0005527,INV-5577,cash,3499,2026-07-03 11:57,success
PAY0005528,005578,UPI,900,2026-07-07 17:02,success
PAY0005529,005579,UPI,1700,2026-07-04 16:55,success
PAY0005530,005580,UPI,2999,2026-07-07 12:46,success
PAY0005531,005581,UPI,2150,2026-07-03 15:51,success
PAY0005532,005582,UPI,450,2026-07-07 11:46,success
PAY0005533,005583,UPI,1200,2026-07-04 08:06,success
PAY0005534,INV-5584,cash,270,2026-07-06 13:52,success
PAY0005535,005585,card,1499,2026-07-08 10:37,success
PAY0005536,005586,UPI,1750,2026-07-08 19:28,success
PAY0005537,INV-5587,cash,1550,2026-07-05 17:31,success
PAY0005538,005588,UPI,2999,2026-07-04 15:36,success
PAY0005539,005589,UPI,3499,2026-07-04 15:32,success
PAY0005540,005590,card,1200,2026-07-07 10:20,success
PAY0005541,005591,card,2050,2026-07-06 15:16,success
PAY0005542,005592,UPI,2070,2026-07-08 19:58,success
PAY0005543,005593,UPI,950,2026-07-07 21:39,success
PAY0005544,005594,card,2999,2026-07-07 13:05,success
PAY0005545,005595,UPI,1600,2026-07-02 08:03,success
PAY0005546,005596,card,600,2026-07-04 15:36,success
PAY0005547,005597,UPI,2999,2026-07-07 10:38,success
PAY0005548,INV-5598,cash,1200,2026-07-03 08:51,success
PAY0005549,005599,UPI,1400,2026-07-04 13:32,success
PAY0005550,005600,card,1800,2026-07-02 13:56,success
PAY0005551,INV-5601,cash,2050,2026-07-08 20:21,success
PAY0005552,005602,card,1750,2026-07-08 17:41,success
PAY0005553,005603,card,1499,2026-07-05 13:00,success
PAY0005554,005604,UPI,1100,2026-07-06 16:08,success
PAY0005555,KH/26-27/005605,cash,1370,2026-07-08 15:59,success
PAY0005556,005606,card,2999,2026-07-02 10:30,success
PAY0005557,005607,UPI,1000,2026-07-06 12:05,success
PAY0005558,005608,UPI,500,2026-07-04 10:35,success
PAY0005559,005609,UPI,1350,2026-07-06 16:57,success
PAY0005560,005610,UPI,120,2026-07-05 14:39,success
PAY0005561,005611,UPI,1200,2026-07-05 16:10,success
PAY0005562,005612,card,1750,2026-07-03 19:49,success
PAY0005563,005613,card,1100,2026-07-04 08:18,success
PAY0005564,005614,UPI,1670,2026-07-06 14:47,success
PAY0005565,INV-5615,cash,2450,2026-07-05 18:56,success
PAY0005566,005616,UPI,1900,2026-07-04 12:05,success
PAY0005567,005617,UPI,2250,2026-07-08 17:48,success
PAY0005568,005619,UPI,1400,2026-07-02 11:56,success
PAY0005569,INV-5620,cash,700,2026-07-02 16:33,success
PAY0005570,005621,UPI,1550,2026-07-08 20:53,success
PAY0005571,INV-5622,cash,1499,2026-07-02 19:03,success
PAY0005572,005623,UPI,1200,2026-07-02 10:55,success
PAY0005573,005624,card,2350,2026-07-03 15:09,success
PAY0005574,KH/26-27/005625,cash,2999,2026-07-08 15:43,success
PAY0005575,005626,UPI,700,2026-07-05 18:18,success
PAY0005576,005627,UPI,2999,2026-07-07 18:55,success
PAY0005577,005628,card,1499,2026-07-05 11:28,success
PAY0005578,005629,card,600,2026-07-07 15:50,success
PAY0005579,005630,UPI,1499,2026-07-07 19:25,success
PAY0005580,005631,UPI,1270,2026-07-07 09:44,success
PAY0005581,005632,UPI,950,2026-07-06 21:26,success
PAY0005582,005633,card,1499,2026-07-06 15:23,success
PAY0005583,005634,card,1850,2026-07-08 12:37,success
PAY0005584,INV-5635,cash,800,2026-07-03 19:22,success
PAY0005585,005636,UPI,1900,2026-07-04 12:58,success
PAY0005586,005637,UPI,700,2026-07-06 08:14,success
PAY0005587,005638,UPI,450,2026-07-04 14:46,success
PAY0005588,005639,UPI,3050,2026-07-09 11:52,success
PAY0005589,005640,UPI,1450,2026-07-06 13:58,success
PAY0005590,INV-5641,cash,3099,2026-07-09 20:04,success
PAY0005591,005642,UPI,150,2026-07-08 17:03,success
PAY0005592,005643,card,750,2026-07-04 18:40,success
PAY0005593,005644,card,1920,2026-07-04 19:28,success
PAY0005594,005645,UPI,1350,2026-07-06 10:48,success
PAY0005595,005646,UPI,2050,2026-07-08 20:16,success
PAY0005596,005647,card,2999,2026-07-08 18:50,success
PAY0005597,005648,UPI,700,2026-07-05 14:22,success
PAY0005598,005649,card,3599,2026-07-09 11:46,success
PAY0005599,INV-5650,cash,450,2026-07-05 13:52,success
PAY0005600,INV-5651,cash,470,2026-07-03 12:29,success
PAY0005601,005652,UPI,3499,2026-07-09 14:04,success
PAY0005602,005653,UPI,850,2026-07-09 17:30,success
PAY0005603,INV-5654,cash,2000,2026-07-07 11:22,success
PAY0005604,INV-5655,cash,1400,2026-07-06 21:56,success
PAY0005605,005656,UPI,120,2026-07-08 08:11,success
PAY0005606,INV-5657,cash,2450,2026-07-06 17:19,success
PAY0005607,005658,UPI,150,2026-07-05 17:48,success
PAY0005608,005659,UPI,700,2026-07-07 08:32,success
PAY0005609,005660,card,1499,2026-07-09 20:20,success
PAY0005610,INV-5661,cash,1750,2026-07-09 12:35,success
PAY0005611,KH/26-27/005662,cash,620,2026-07-08 14:18,success
PAY0005612,005663,UPI,600,2026-07-07 14:37,success
PAY0005613,005664,UPI,600,2026-07-07 13:11,success
PAY0005614,KH/26-27/005665,cash,700,2026-07-06 18:45,success
PAY0005615,005666,UPI,600,2026-07-04 18:16,success
PAY0005616,INV-5667,cash,2950,2026-07-03 21:08,success
PAY0005617,005668,card,900,2026-07-08 14:28,success
PAY0005618,005669,UPI,200,2026-07-06 19:10,success
PAY0005619,005670,UPI,1950,2026-07-04 19:59,success
PAY0005620,005671,UPI,2750,2026-07-09 11:17,success
PAY0005621,005673,card,3499,2026-07-07 21:55,success
PAY0005622,005674,card,1599,2026-07-03 11:01,success
PAY0005623,INV-5675,cash,2400,2026-07-09 08:44,success
PAY0005624,005676,UPI,470,2026-07-06 14:47,success
PAY0005625,005677,UPI,3499,2026-07-05 08:37,success
PAY0005626,005678,UPI,1050,2026-07-05 12:18,success
PAY0005627,005679,UPI,550,2026-07-05 08:50,success
PAY0005628,INV-5680,cash,500,2026-07-06 19:03,success
PAY0005629,INV-5682,cash,1520,2026-07-06 09:53,success
PAY0005630,005683,UPI,3499,2026-07-03 10:32,success
PAY0005631,005683,UPI,3499,2026-07-03 10:34,success
PAY0005632,005684,UPI,750,2026-07-05 11:32,success
PAY0005633,005685,card,1200,2026-07-05 18:22,success
PAY0005634,KH/26-27/005686,cash,3499,2026-07-08 20:06,success
PAY0005635,005687,UPI,1850,2026-07-08 17:10,success
PAY0005636,005688,UPI,1000,2026-07-06 13:06,success
PAY0005637,005689,UPI,700,2026-07-05 18:42,success
PAY0005638,005690,UPI,2999,2026-07-09 17:56,success
PAY0005639,INV-5691,cash,770,2026-07-07 08:42,success
PAY0005640,005692,UPI,2150,2026-07-05 21:15,success
PAY0005641,005693,card,1300,2026-07-04 15:12,success
PAY0005642,005694,UPI,650,2026-07-03 16:39,success
PAY0005643,INV-5695,cash,1320,2026-07-08 17:46,success
PAY0005644,005696,UPI,200,2026-07-05 15:25,success
PAY0005645,005697,UPI,2100,2026-07-09 19:01,success
PAY0005646,005698,UPI,2999,2026-07-09 14:07,success
PAY0005647,005699,UPI,1499,2026-07-09 11:53,success
PAY0005648,005700,UPI,850,2026-07-03 20:53,success
PAY0005649,005701,UPI,3099,2026-07-07 13:15,success
PAY0005650,005702,UPI,2999,2026-07-05 15:02,success
PAY0005651,005703,card,1650,2026-07-06 15:37,success
PAY0005652,005704,UPI,550,2026-07-08 18:39,success
PAY0005653,INV-5705,cash,900,2026-07-10 21:13,success
PAY0005654,INV-5706,cash,1000,2026-07-10 20:58,success
PAY0005655,005707,card,600,2026-07-08 09:46,success
PAY0005656,INV-5708,cash,500,2026-07-09 21:52,success
PAY0005657,005709,card,2450,2026-07-08 16:19,success
PAY0005658,KH/26-27/005710,cash,500,2026-07-07 19:40,success
PAY0005659,005711,card,1300,2026-07-07 10:05,success
PAY0005660,005712,card,750,2026-07-09 18:14,success
PAY0005661,INV-5713,cash,350,2026-07-07 09:00,success
PAY0005662,005714,UPI,900,2026-07-07 20:59,success
PAY0005663,005715,card,2100,2026-07-07 14:35,success
PAY0005664,005716,UPI,2420,2026-07-08 13:06,success
PAY0005665,005717,card,700,2026-07-06 10:57,success
PAY0005666,005718,card,1120,2026-07-07 11:13,success
PAY0005667,005719,UPI,3400,2026-07-05 12:23,success
PAY0005668,005720,UPI,350,2026-07-08 15:06,success
PAY0005669,005721,UPI,1720,2026-07-08 13:52,success
PAY0005670,005722,UPI,1100,2026-07-06 14:25,success
PAY0005671,INV-5723,cash,1200,2026-07-06 18:09,success
PAY0005672,005724,card,800,2026-07-05 09:52,success
PAY0005673,005725,UPI,250,2026-07-06 13:24,success
PAY0005674,005726,UPI,650,2026-07-05 20:09,success
PAY0005675,005727,UPI,2000,2026-07-05 13:54,success
PAY0005676,INV-5728,cash,3499,2026-07-09 12:43,success
PAY0005677,005729,UPI,1470,2026-07-08 20:42,success
PAY0005678,INV-5730,cash,2999,2026-07-10 21:23,success
PAY0005679,INV-5731,cash,2999,2026-07-04 17:51,success
PAY0005680,005732,UPI,2000,2026-07-08 12:56,success
PAY0005681,005734,card,150,2026-07-10 10:46,success
PAY0005682,005735,UPI,900,2026-07-10 13:03,success
PAY0005683,005736,UPI,900,2026-07-06 08:48,success
PAY0005684,005737,UPI,120,2026-07-05 17:40,success
PAY0005685,005738,card,1400,2026-07-04 08:44,success
PAY0005686,005739,card,600,2026-07-10 15:41,success
PAY0005687,005740,UPI,350,2026-07-04 11:44,success
PAY0005688,005741,card,2250,2026-07-06 11:14,success
PAY0005689,005742,UPI,1650,2026-07-09 15:33,success
PAY0005690,INV-5743,cash,1700,2026-07-07 18:48,success
PAY0005691,005744,card,2999,2026-07-04 11:52,success
PAY0005692,005745,card,600,2026-07-05 20:05,success
PAY0005693,005746,UPI,500,2026-07-09 15:34,success
PAY0005694,INV-5747,cash,450,2026-07-05 09:50,success
PAY0005695,005748,UPI,1499,2026-07-05 18:20,success
PAY0005696,INV-5749,cash,1499,2026-07-10 13:54,success
PAY0005697,005750,UPI,1499,2026-07-06 17:13,success
PAY0005698,005751,UPI,200,2026-07-05 13:35,success
PAY0005699,INV-5752,cash,1100,2026-07-04 16:20,success
PAY0005700,005753,card,1650,2026-07-10 18:22,success
PAY0005701,005754,UPI,2999,2026-07-09 20:37,success
PAY0005702,KH/26-27/005755,cash,1150,2026-07-09 12:02,success
PAY0005703,005756,UPI,3499,2026-07-07 21:15,success
PAY0005704,005757,UPI,2350,2026-07-07 21:52,success
PAY0005705,005758,UPI,2999,2026-07-07 13:27,success
PAY0005706,005759,UPI,900,2026-07-05 21:16,success
PAY0005707,INV-5760,cash,3300,2026-07-07 10:54,success
PAY0005708,005761,card,1650,2026-07-08 09:51,success
PAY0005709,005762,UPI,1200,2026-07-08 18:50,success
PAY0005710,005763,card,700,2026-07-07 10:40,success
PAY0005711,005764,card,200,2026-07-06 18:03,success
PAY0005712,005765,UPI,2999,2026-07-05 14:50,success
PAY0005713,INV-5766,cash,1970,2026-07-08 19:54,success
PAY0005714,005767,UPI,1200,2026-07-11 17:28,success
PAY0005715,005768,card,1150,2026-07-05 11:00,success
PAY0005716,005769,UPI,2999,2026-07-07 19:42,success
PAY0005717,INV-5770,cash,1550,2026-07-08 09:07,success
PAY0005718,INV-5771,cash,250,2026-07-08 18:58,success
PAY0005719,KH/26-27/005772,cash,3350,2026-07-06 11:36,success
PAY0005720,005773,UPI,1950,2026-07-05 09:25,success
PAY0005721,005773,UPI,1950,2026-07-05 09:27,success
PAY0005722,005774,card,670,2026-07-06 10:33,success
PAY0005723,005775,UPI,1400,2026-07-06 21:39,success
PAY0005724,005776,UPI,1150,2026-07-06 19:03,success
PAY0005725,005777,card,1499,2026-07-11 17:13,success
PAY0005726,005778,card,1499,2026-07-08 10:35,success
PAY0005727,005779,UPI,2050,2026-07-09 11:49,success
PAY0005728,005780,card,2999,2026-07-09 12:42,success
PAY0005729,INV-5781,cash,2999,2026-07-05 13:17,success
PAY0005730,005782,UPI,2999,2026-07-10 17:36,success
PAY0005731,005783,card,450,2026-07-09 09:44,success
PAY0005732,INV-5784,cash,1499,2026-07-05 18:21,success
PAY0005733,005785,UPI,2999,2026-07-11 10:39,success
PAY0005734,005786,UPI,650,2026-07-11 09:45,success
PAY0005735,005787,card,1300,2026-07-08 08:03,success
PAY0005736,005788,UPI,700,2026-07-07 15:12,success
PAY0005737,005789,UPI,2600,2026-07-09 19:23,success
PAY0005738,005790,card,2450,2026-07-08 17:44,success
PAY0005739,005791,UPI,1420,2026-07-07 20:11,success
PAY0005740,005792,UPI,200,2026-07-10 09:19,success
PAY0005741,005793,UPI,2600,2026-07-06 18:38,success
PAY0005742,INV-5794,cash,700,2026-07-11 20:18,success
PAY0005743,005795,card,1499,2026-07-05 19:00,success
PAY0005744,005796,UPI,2999,2026-07-09 10:25,success
PAY0005745,INV-5797,cash,2270,2026-07-10 09:30,success
PAY0005746,005798,UPI,150,2026-07-09 17:10,success
PAY0005747,005799,UPI,600,2026-07-11 11:00,success
PAY0005748,005800,UPI,2150,2026-07-05 15:10,success
PAY0005749,005801,UPI,1350,2026-07-06 10:42,success
PAY0005750,INV-5802,cash,2500,2026-07-09 17:14,success
PAY0005751,005803,UPI,900,2026-07-06 14:54,success
PAY0005752,005804,UPI,3499,2026-07-09 12:16,success
PAY0005753,INV-5805,cash,3499,2026-07-10 17:09,success
PAY0005754,005806,card,2150,2026-07-11 19:17,success
PAY0005755,005807,UPI,600,2026-07-10 08:22,success
PAY0005756,005808,UPI,870,2026-07-07 10:01,success
PAY0005757,INV-5809,cash,750,2026-07-07 15:51,success
PAY0005758,005810,UPI,1499,2026-07-12 09:15,success
PAY0005759,005811,card,350,2026-07-07 16:34,success
PAY0005760,005812,card,850,2026-07-06 14:30,success
PAY0005761,005813,UPI,1820,2026-07-07 15:55,success
PAY0005762,005814,UPI,2999,2026-07-09 20:40,success
PAY0005763,005815,UPI,1550,2026-07-10 19:10,success
PAY0005764,005816,UPI,1570,2026-07-11 14:25,success
PAY0005765,005817,UPI,2999,2026-07-11 18:59,success
PAY0005766,005818,UPI,2999,2026-07-10 12:56,success
PAY0005767,005819,UPI,2650,2026-07-07 15:09,success
PAY0005768,005820,UPI,1800,2026-07-08 19:43,success
PAY0005769,005821,UPI,1499,2026-07-10 14:38,success
PAY0005770,005822,UPI,1820,2026-07-09 14:04,success
PAY0005771,005824,UPI,2999,2026-07-09 15:31,success
PAY0005772,INV-5825,cash,2999,2026-07-07 12:31,success
PAY0005773,005826,UPI,700,2026-07-06 15:31,success
PAY0005774,005827,UPI,1100,2026-07-08 18:21,success
PAY0005775,005828,UPI,550,2026-07-06 15:33,success
PAY0005776,005829,UPI,1250,2026-07-09 10:30,success
PAY0005777,005830,card,1499,2026-07-08 20:11,success
PAY0005778,005831,UPI,120,2026-07-11 20:37,success
PAY0005779,005832,card,2999,2026-07-10 16:40,success
PAY0005780,005833,UPI,420,2026-07-07 10:56,success
PAY0005781,005834,UPI,1250,2026-07-08 20:14,success
PAY0005782,005835,UPI,600,2026-07-08 10:49,success
PAY0005783,INV-5836,cash,450,2026-07-10 11:15,success
PAY0005784,005837,UPI,1100,2026-07-07 18:08,success
PAY0005785,005837,UPI,1100,2026-07-07 18:10,success
PAY0005786,005838,UPI,600,2026-07-07 11:17,success
PAY0005787,005839,UPI,350,2026-07-12 21:45,success
PAY0005788,005840,card,500,2026-07-10 14:36,success
PAY0005789,005842,UPI,1420,2026-07-07 10:01,success
PAY0005790,INV-5843,cash,2999,2026-07-12 11:59,success
PAY0005791,005844,UPI,500,2026-07-11 11:53,success
PAY0005792,005845,card,1350,2026-07-10 18:48,success
PAY0005793,005846,UPI,3599,2026-07-11 11:26,success
PAY0005794,005847,UPI,2400,2026-07-09 12:27,success
PAY0005795,005848,UPI,2450,2026-07-07 13:11,success
PAY0005796,INV-5849,cash,2999,2026-07-06 09:46,success
PAY0005797,005850,UPI,700,2026-07-12 11:48,success
PAY0005798,INV-5851,cash,550,2026-07-08 13:06,success
PAY0005799,005852,card,120,2026-07-06 10:54,success
PAY0005800,INV-5853,cash,3250,2026-07-08 20:36,success
PAY0005801,INV-5854,cash,2999,2026-07-11 20:20,success
PAY0005802,005855,UPI,900,2026-07-12 15:18,success
PAY0005803,005856,UPI,600,2026-07-10 11:16,success
PAY0005804,005857,card,350,2026-07-07 09:39,success
PAY0005805,005858,card,750,2026-07-06 10:50,success
PAY0005806,005859,card,700,2026-07-08 20:17,success
PAY0005807,005860,UPI,1650,2026-07-08 20:01,success
PAY0005808,INV-5861,cash,1350,2026-07-12 12:44,success
PAY0005809,005862,UPI,870,2026-07-11 12:01,success
PAY0005810,005863,UPI,450,2026-07-08 17:06,success
PAY0005811,005864,card,900,2026-07-10 11:05,success
PAY0005812,005865,card,600,2026-07-10 08:14,success
PAY0005813,005866,UPI,1499,2026-07-09 13:47,success
PAY0005814,005867,card,1700,2026-07-12 14:20,success
PAY0005815,005868,card,2670,2026-07-11 17:10,success
PAY0005816,005869,card,3099,2026-07-10 15:46,success
PAY0005817,005870,card,1499,2026-07-10 19:20,success
PAY0005818,005871,UPI,2470,2026-07-11 11:06,success
PAY0005819,005872,card,200,2026-07-13 12:36,success
PAY0005820,005873,UPI,1499,2026-07-10 21:13,success
PAY0005821,005874,UPI,350,2026-07-12 08:04,success
PAY0005822,005875,UPI,2050,2026-07-07 09:44,success
PAY0005823,INV-5876,cash,600,2026-07-08 15:17,success
PAY0005824,005877,UPI,1400,2026-07-08 18:33,success
PAY0005825,005878,card,1499,2026-07-13 20:07,success
PAY0005826,005879,UPI,1200,2026-07-11 16:49,success
PAY0005827,005880,UPI,1370,2026-07-12 10:30,success
PAY0005828,005881,card,920,2026-07-11 09:41,success
PAY0005829,005882,UPI,1250,2026-07-08 18:17,success
PAY0005830,INV-5883,cash,2100,2026-07-11 11:45,success
PAY0005831,005884,UPI,1500,2026-07-11 12:21,success
PAY0005832,005885,UPI,1499,2026-07-08 12:39,success
PAY0005833,005886,UPI,2999,2026-07-12 12:47,success
PAY0005834,005887,UPI,1700,2026-07-11 14:20,success
PAY0005835,005889,UPI,1600,2026-07-08 11:49,success
PAY0005836,005890,card,2999,2026-07-07 20:18,success
PAY0005837,005891,UPI,3499,2026-07-09 21:18,success
PAY0005838,005892,UPI,3499,2026-07-08 16:25,success
PAY0005839,005893,UPI,1499,2026-07-09 16:51,success
PAY0005840,005894,card,1700,2026-07-10 10:29,success
PAY0005841,005895,UPI,1800,2026-07-12 10:28,success
PAY0005842,KH/26-27/005896,cash,220,2026-07-13 20:41,success
PAY0005843,005897,UPI,1050,2026-07-10 15:54,success
PAY0005844,005898,UPI,2350,2026-07-10 08:25,success
PAY0005845,INV-5899,cash,1600,2026-07-10 20:07,success
PAY0005846,005900,card,900,2026-07-13 19:12,success
PAY0005847,005901,card,900,2026-07-07 10:46,success
PAY0005848,INV-5902,cash,3099,2026-07-07 13:42,success
PAY0005849,INV-5903,cash,500,2026-07-09 11:05,success
PAY0005850,005904,UPI,200,2026-07-12 17:47,success
PAY0005851,005905,card,2150,2026-07-10 09:17,success
PAY0005852,005906,UPI,600,2026-07-09 10:08,success
PAY0005853,005907,card,2999,2026-07-10 10:02,success
PAY0005854,005908,UPI,700,2026-07-13 08:15,success
PAY0005855,005909,UPI,1900,2026-07-08 12:48,success
PAY0005856,INV-5910,cash,450,2026-07-08 12:42,success
PAY0005857,005911,UPI,2500,2026-07-09 14:46,success
PAY0005858,005912,card,500,2026-07-12 10:26,success
PAY0005859,005913,card,550,2026-07-12 16:08,success
PAY0005860,005914,UPI,2999,2026-07-11 14:04,success
PAY0005861,005915,card,2670,2026-07-08 21:33,success
PAY0005862,005916,UPI,2350,2026-07-10 20:20,success
PAY0005863,005917,UPI,1070,2026-07-08 13:21,success
PAY0005864,005918,UPI,1499,2026-07-07 20:37,success
PAY0005865,005919,UPI,1500,2026-07-09 20:45,success
PAY0005866,INV-5920,cash,3499,2026-07-13 12:32,success
PAY0005867,005921,UPI,1550,2026-07-08 08:15,success
PAY0005868,005922,card,1750,2026-07-09 15:30,success
PAY0005869,INV-5923,cash,2999,2026-07-07 14:39,success
PAY0005870,005924,UPI,2999,2026-07-13 21:25,success
PAY0005871,005925,card,820,2026-07-07 17:19,success
PAY0005872,005926,UPI,350,2026-07-09 13:44,success
PAY0005873,INV-5927,cash,200,2026-07-12 15:18,success
PAY0005874,005928,card,2999,2026-07-10 21:31,success
PAY0005875,005929,card,1420,2026-07-09 20:38,success
PAY0005876,005930,card,1950,2026-07-14 10:28,success
PAY0005877,005931,UPI,2900,2026-07-12 18:27,success
PAY0005878,005932,UPI,2999,2026-07-08 17:59,success
PAY0005879,005933,card,1020,2026-07-14 08:27,success
PAY0005880,005934,UPI,950,2026-07-09 16:48,success
PAY0005881,005934,UPI,-950,2026-07-09 16:48,refund
PAY0005882,005935,card,1370,2026-07-11 09:38,success
PAY0005883,005936,card,2999,2026-07-08 14:45,success
PAY0005884,005937,UPI,350,2026-07-11 08:54,success
PAY0005885,005938,UPI,650,2026-07-10 18:39,success
PAY0005886,005939,card,350,2026-07-09 12:02,success
PAY0005887,005940,UPI,1750,2026-07-10 20:04,success
PAY0005888,005941,UPI,2900,2026-07-10 21:18,success
PAY0005889,005942,UPI,1499,2026-07-12 19:56,success
PAY0005890,005943,UPI,1200,2026-07-13 14:59,success
PAY0005891,005944,card,900,2026-07-11 20:26,success
PAY0005892,005945,card,2900,2026-07-10 15:56,success
PAY0005893,005946,card,2020,2026-07-09 13:25,success
PAY0005894,005947,card,2999,2026-07-11 15:53,success
PAY0005895,005948,card,550,2026-07-14 11:21,success
PAY0005896,005949,UPI,2999,2026-07-12 13:18,success
PAY0005897,005950,card,550,2026-07-09 10:22,success
PAY0005898,005951,UPI,2999,2026-07-14 13:06,success
PAY0005899,005952,UPI,1420,2026-07-09 15:45,success
PAY0005900,005953,card,450,2026-07-12 10:17,success
PAY0005901,005954,UPI,1650,2026-07-14 15:26,success
PAY0005902,005955,card,1499,2026-07-12 08:17,success
PAY0005903,005956,UPI,1599,2026-07-12 19:07,success
PAY0005904,005957,UPI,1670,2026-07-13 15:08,success
PAY0005905,005958,UPI,3499,2026-07-14 19:28,success
PAY0005906,005959,UPI,1499,2026-07-11 12:02,success
PAY0005907,INV-5960,cash,1150,2026-07-14 18:04,success
PAY0005908,005961,UPI,2999,2026-07-14 18:23,success
PAY0005909,INV-5962,cash,750,2026-07-12 09:12,success
PAY0005910,005963,card,3100,2026-07-13 10:41,success
PAY0005911,005964,UPI,920,2026-07-09 14:20,success
PAY0005912,005965,card,900,2026-07-13 14:46,success
PAY0005913,005966,UPI,150,2026-07-10 12:15,success
PAY0005914,INV-5967,cash,1300,2026-07-13 17:14,success
PAY0005915,005968,UPI,2999,2026-07-11 13:10,success
PAY0005916,005969,UPI,1750,2026-07-13 15:59,success
PAY0005917,005969,UPI,1750,2026-07-13 15:59,success
PAY0005918,005970,UPI,1200,2026-07-14 15:10,success
PAY0005919,INV-5971,cash,450,2026-07-11 08:34,success
PAY0005920,005972,card,2999,2026-07-12 15:27,success
PAY0005921,005973,card,2999,2026-07-10 08:09,success
PAY0005922,005974,UPI,1499,2026-07-14 20:39,success
PAY0005923,005975,card,450,2026-07-13 17:27,success
PAY0005924,005976,UPI,1350,2026-07-11 16:26,success
PAY0005925,005977,UPI,850,2026-07-13 19:37,success
PAY0005926,005978,card,3250,2026-07-11 20:15,success
PAY0005927,INV-5979,cash,900,2026-07-09 08:13,success
PAY0005928,INV-5980,cash,2999,2026-07-12 15:56,success
PAY0005929,INV-5981,cash,650,2026-07-09 09:53,success
PAY0005930,005982,UPI,620,2026-07-14 15:27,success
PAY0005931,INV-5983,cash,900,2026-07-08 17:29,success
PAY0005932,005984,UPI,1499,2026-07-08 15:49,success
PAY0005933,005985,UPI,1850,2026-07-13 16:41,success
PAY0005934,005986,UPI,900,2026-07-09 20:03,success
PAY0005935,INV-5987,cash,3099,2026-07-13 12:49,success
PAY0005936,INV-5988,cash,1150,2026-07-14 20:11,success
PAY0005937,005989,UPI,1499,2026-07-14 13:26,success
PAY0005938,INV-5990,cash,2300,2026-07-11 12:47,success
PAY0005939,005991,UPI,570,2026-07-11 11:55,success
PAY0005940,005992,UPI,2500,2026-07-09 13:15,success
PAY0005941,005993,card,700,2026-07-11 11:13,success
PAY0005942,005994,UPI,1499,2026-07-12 17:18,success
PAY0005943,INV-5995,cash,2999,2026-07-11 17:28,success
PAY0005944,INV-5996,cash,2250,2026-07-10 18:02,success
PAY0005945,005997,UPI,500,2026-07-09 14:15,success
PAY0005946,005998,UPI,2700,2026-07-13 19:35,success
PAY0005947,006000,UPI,2999,2026-07-09 16:14,success
PAY0005948,006001,UPI,850,2026-07-10 10:49,success
PAY0005949,006002,UPI,2100,2026-07-11 13:52,success
PAY0005950,006003,card,2999,2026-07-08 19:16,success
PAY0005951,006004,UPI,1499,2026-07-12 11:27,success
PAY0005952,006005,UPI,320,2026-07-13 09:26,success
PAY0005953,006006,card,2999,2026-07-15 12:23,success
PAY0005954,006007,UPI,2000,2026-07-10 20:29,success
PAY0005955,INV-6008,cash,1050,2026-07-12 09:27,success
PAY0005956,006009,card,1300,2026-07-10 18:15,success
PAY0005957,006010,card,2150,2026-07-14 12:23,success
PAY0005958,006010,card,2150,2026-07-14 12:25,success
PAY0005959,006011,UPI,1320,2026-07-11 20:22,success
PAY0005960,INV-6012,cash,1050,2026-07-10 20:31,success
PAY0005961,006013,UPI,350,2026-07-13 18:24,success
PAY0005962,006014,UPI,150,2026-07-10 14:30,success
PAY0005963,006014,UPI,150,2026-07-10 14:32,success
PAY0005964,006015,card,650,2026-07-09 10:34,success
PAY0005965,006016,card,900,2026-07-11 17:37,success
PAY0005966,006017,card,1499,2026-07-15 08:58,success
PAY0005967,INV-6019,cash,1700,2026-07-14 19:17,success
PAY0005968,006020,UPI,1150,2026-07-14 08:18,success
PAY0005969,INV-6021,cash,270,2026-07-14 21:03,success
PAY0005970,006022,card,3499,2026-07-12 09:20,success
PAY0005971,006023,card,1499,2026-07-12 18:32,success
PAY0005972,006024,card,2999,2026-07-10 20:45,success
PAY0005973,006025,UPI,1599,2026-07-11 12:53,success
PAY0005974,006026,UPI,2150,2026-07-09 11:41,success
PAY0005975,006027,UPI,2050,2026-07-14 12:22,success
PAY0005976,006028,UPI,3499,2026-07-10 11:43,success
PAY0005977,INV-6029,cash,1300,2026-07-10 20:45,success
PAY0005978,006030,UPI,2999,2026-07-10 14:23,success
PAY0005979,006031,card,3499,2026-07-11 15:45,success
PAY0005980,006032,UPI,2999,2026-07-12 17:08,success
PAY0005981,INV-6033,cash,1000,2026-07-09 17:46,success
PAY0005982,INV-6034,cash,1100,2026-07-11 09:09,success
PAY0005983,INV-6035,cash,1470,2026-07-10 14:42,success
PAY0005984,006036,card,1150,2026-07-14 10:40,success
PAY0005985,006037,UPI,1550,2026-07-09 16:14,success
PAY0005986,006038,UPI,800,2026-07-15 17:27,success
PAY0005987,006039,UPI,700,2026-07-09 20:54,success
PAY0005988,INV-6040,cash,2999,2026-07-09 14:59,success
PAY0005989,006041,card,1100,2026-07-13 16:32,success
PAY0005990,006042,UPI,1250,2026-07-15 16:43,success
PAY0005991,006043,UPI,1500,2026-07-15 15:18,success
PAY0005992,INV-6044,cash,3050,2026-07-13 18:08,success
PAY0005993,006045,UPI,2450,2026-07-10 12:48,success
PAY0005994,006047,card,3499,2026-07-10 13:43,success
PAY0005995,006048,UPI,1370,2026-07-13 08:25,success
PAY0005996,006049,UPI,350,2026-07-14 20:44,success
PAY0005997,006050,card,650,2026-07-12 11:50,success
PAY0005998,006051,UPI,2000,2026-07-14 15:59,success
PAY0005999,006052,UPI,2999,2026-07-11 16:38,success
PAY0006000,006053,UPI,500,2026-07-12 15:56,success
PAY0006001,006053,UPI,-500,2026-07-12 15:56,refund
PAY0006002,INV-6054,cash,450,2026-07-12 14:26,success
PAY0006003,006055,UPI,120,2026-07-11 21:42,success
PAY0006004,006056,card,120,2026-07-11 15:51,success
PAY0006005,006057,UPI,2000,2026-07-11 18:01,success
PAY0006006,006058,UPI,2800,2026-07-14 21:03,success
PAY0006007,006059,UPI,2350,2026-07-09 17:33,success
PAY0006008,INV-6060,cash,1900,2026-07-09 14:29,success
PAY0006009,006061,UPI,1650,2026-07-15 20:50,success
PAY0006010,006062,UPI,1950,2026-07-15 18:50,success
PAY0006011,006063,card,1100,2026-07-13 12:03,success
PAY0006012,006064,card,2100,2026-07-13 14:12,success
PAY0006013,006065,card,2999,2026-07-13 13:43,success
PAY0006014,INV-6066,cash,2420,2026-07-11 14:51,success
PAY0006015,006067,UPI,1870,2026-07-13 19:34,success
PAY0006016,INV-6068,cash,900,2026-07-10 21:25,success
PAY0006017,INV-6069,cash,2999,2026-07-09 16:40,success
PAY0006018,006070,card,1499,2026-07-10 16:04,success
PAY0006019,006071,UPI,1400,2026-07-12 18:13,success
PAY0006020,006072,UPI,1250,2026-07-12 19:41,success
PAY0006021,006072,UPI,1250,2026-07-12 19:43,success
PAY0006022,006073,UPI,1300,2026-07-10 19:05,success
PAY0006023,006074,card,1750,2026-07-16 17:27,success
PAY0006024,006075,UPI,450,2026-07-12 14:07,success
PAY0006025,006075,UPI,450,2026-07-12 14:09,success
PAY0006026,006076,UPI,1800,2026-07-14 13:08,success
PAY0006027,INV-6077,cash,1650,2026-07-13 14:43,success
PAY0006028,006078,UPI,2270,2026-07-14 13:47,success
PAY0006029,006079,UPI,650,2026-07-13 13:26,success
PAY0006030,006080,UPI,2250,2026-07-12 11:30,success
PAY0006031,006081,UPI,700,2026-07-11 13:35,success
PAY0006032,006082,card,550,2026-07-15 18:23,success
PAY0006033,006083,UPI,1950,2026-07-14 15:50,success
PAY0006034,006084,UPI,650,2026-07-11 21:57,success
PAY0006035,INV-6085,cash,1050,2026-07-12 17:36,success
PAY0006036,006086,UPI,1450,2026-07-13 19:46,success
PAY0006037,006087,UPI,500,2026-07-16 10:00,success
PAY0006038,006088,UPI,600,2026-07-16 17:38,success
PAY0006039,006089,card,600,2026-07-16 17:56,success
PAY0006040,006090,card,1300,2026-07-12 09:45,success
PAY0006041,006091,card,500,2026-07-15 15:03,success
PAY0006042,006092,card,200,2026-07-12 09:14,success
PAY0006043,INV-6093,cash,2999,2026-07-15 16:37,success
PAY0006044,006094,UPI,2999,2026-07-11 17:42,success
PAY0006045,INV-6095,cash,2100,2026-07-13 17:43,success
PAY0006046,INV-6096,cash,1200,2026-07-15 14:51,success
PAY0006047,006097,UPI,500,2026-07-10 15:07,success
PAY0006048,006099,UPI,1499,2026-07-16 15:14,success
PAY0006049,006101,UPI,1500,2026-07-16 20:26,success
PAY0006050,006102,card,2050,2026-07-11 14:14,success
PAY0006051,006103,UPI,420,2026-07-10 10:29,success
PAY0006052,006104,card,1499,2026-07-15 15:05,success
PAY0006053,006105,card,1000,2026-07-16 13:36,success
PAY0006054,006106,card,700,2026-07-12 09:11,success
PAY0006055,006107,UPI,1700,2026-07-10 12:54,success
PAY0006056,006108,UPI,1950,2026-07-13 16:39,success
PAY0006057,006109,UPI,1820,2026-07-10 13:55,success
PAY0006058,INV-6110,cash,1900,2026-07-10 18:22,success
PAY0006059,006111,UPI,3499,2026-07-10 08:11,success
PAY0006060,INV-6112,cash,2100,2026-07-11 13:17,success
PAY0006061,006113,UPI,350,2026-07-10 21:47,success
PAY0006062,006114,UPI,2999,2026-07-10 13:01,success
PAY0006063,006114,UPI,2999,2026-07-10 13:03,success
PAY0006064,006115,UPI,1350,2026-07-16 11:25,success
PAY0006065,006116,card,770,2026-07-10 11:53,success
PAY0006066,INV-6117,cash,450,2026-07-11 11:34,success
PAY0006067,006118,UPI,550,2026-07-12 14:59,success
PAY0006068,006118,UPI,-550,2026-07-12 14:59,refund
PAY0006069,INV-6119,cash,1950,2026-07-16 19:52,success
PAY0006070,006120,UPI,1300,2026-07-14 19:27,success
PAY0006071,006121,UPI,1920,2026-07-12 20:17,success
PAY0006072,006122,UPI,700,2026-07-11 17:41,success
PAY0006073,006123,UPI,950,2026-07-12 18:30,success
PAY0006074,006124,UPI,3200,2026-07-13 21:44,success
PAY0006075,INV-6125,cash,2220,2026-07-11 11:40,success
PAY0006076,006126,card,1300,2026-07-15 09:13,success
PAY0006077,006127,card,500,2026-07-11 18:51,success
PAY0006078,006128,UPI,1050,2026-07-10 14:48,success
PAY0006079,006129,UPI,1300,2026-07-15 11:29,success
PAY0006080,INV-6130,cash,850,2026-07-10 11:50,success
PAY0006081,006131,UPI,2000,2026-07-13 19:26,success
PAY0006082,006132,UPI,1200,2026-07-11 10:53,success
PAY0006083,INV-6133,cash,3499,2026-07-13 21:14,success
PAY0006084,006134,UPI,3099,2026-07-11 12:00,success
PAY0006085,006135,UPI,1850,2026-07-17 13:45,success
PAY0006086,006136,UPI,1400,2026-07-14 08:51,success
PAY0006087,006137,UPI,2999,2026-07-11 14:48,success
PAY0006088,006138,UPI,2550,2026-07-16 09:31,success
PAY0006089,006139,UPI,1250,2026-07-13 16:14,success
PAY0006090,006140,card,1050,2026-07-17 17:56,success
PAY0006091,006141,UPI,1499,2026-07-11 21:42,success
PAY0006092,006142,UPI,1100,2026-07-15 09:37,success
PAY0006093,006143,card,2999,2026-07-17 21:20,success
PAY0006094,INV-6144,cash,1499,2026-07-14 08:32,success
PAY0006095,INV-6145,cash,1499,2026-07-11 08:11,success
PAY0006096,006146,UPI,2999,2026-07-16 12:58,success
PAY0006097,006147,UPI,3000,2026-07-15 11:05,success
PAY0006098,006148,UPI,800,2026-07-14 20:20,success
PAY0006099,INV-6149,cash,1300,2026-07-15 13:24,success
PAY0006100,006150,UPI,1750,2026-07-16 17:30,success
PAY0006101,006151,UPI,2350,2026-07-13 14:08,success
PAY0006102,006152,card,1499,2026-07-15 13:31,success
PAY0006103,006153,card,2999,2026-07-15 21:01,success
PAY0006104,INV-6154,cash,600,2026-07-15 14:57,success
PAY0006105,006155,UPI,200,2026-07-15 17:49,success
PAY0006106,006156,UPI,770,2026-07-17 16:50,success
PAY0006107,006157,card,550,2026-07-11 21:40,success
PAY0006108,INV-6158,cash,3499,2026-07-11 19:43,success
PAY0006109,KH/26-27/006159,cash,2270,2026-07-11 20:05,success
PAY0006110,006160,UPI,1320,2026-07-12 11:08,success
PAY0006111,INV-6161,cash,2999,2026-07-16 08:23,success
PAY0006112,INV-6162,cash,1550,2026-07-15 11:29,success
PAY0006113,006163,UPI,600,2026-07-17 11:30,success
PAY0006114,006164,UPI,450,2026-07-16 21:08,success
PAY0006115,006165,UPI,350,2026-07-13 19:18,success
PAY0006116,006166,UPI,1500,2026-07-17 17:54,success
PAY0006117,INV-6167,cash,1400,2026-07-15 10:04,success
PAY0006118,006168,card,1250,2026-07-15 16:46,success
PAY0006119,006169,UPI,1450,2026-07-11 14:07,success
PAY0006120,KH/26-27/006170,cash,1499,2026-07-15 11:33,success
PAY0006121,006171,UPI,1550,2026-07-14 08:09,success
PAY0006122,006172,card,920,2026-07-15 15:10,success
PAY0006123,006173,card,1220,2026-07-17 14:18,success
PAY0006124,006174,UPI,3499,2026-07-11 08:36,success
PAY0006125,006175,UPI,600,2026-07-14 11:21,success
PAY0006126,006176,card,1150,2026-07-14 09:18,success
PAY0006127,006177,UPI,700,2026-07-17 19:08,success
PAY0006128,INV-6178,cash,2999,2026-07-13 20:06,success
PAY0006129,006179,UPI,1499,2026-07-14 11:11,success
PAY0006130,006180,card,500,2026-07-15 13:02,success
PAY0006131,006181,card,1499,2026-07-17 13:07,success
PAY0006132,006182,UPI,1100,2026-07-14 21:47,success
PAY0006133,006183,UPI,1050,2026-07-15 16:46,success
PAY0006134,006184,UPI,650,2026-07-16 20:12,success
PAY0006135,006185,card,2500,2026-07-15 10:25,success
PAY0006136,006186,UPI,1670,2026-07-15 12:44,success
PAY0006137,006188,UPI,2200,2026-07-15 14:05,success
PAY0006138,006189,card,1620,2026-07-11 14:36,success
PAY0006139,006190,UPI,3499,2026-07-17 16:39,success
PAY0006140,006191,UPI,1850,2026-07-12 14:29,success
PAY0006141,006192,UPI,1150,2026-07-15 15:42,success
PAY0006142,006193,card,2999,2026-07-15 10:48,success
PAY0006143,006194,UPI,2700,2026-07-17 20:16,success
PAY0006144,INV-6195,cash,300,2026-07-16 14:10,success
PAY0006145,INV-6196,cash,1450,2026-07-15 19:37,success
PAY0006146,006197,card,1200,2026-07-16 08:41,success
PAY0006147,006198,UPI,2999,2026-07-12 12:48,success
PAY0006148,INV-6199,cash,1000,2026-07-17 21:35,success
PAY0006149,INV-6200,cash,620,2026-07-17 17:53,success
PAY0006150,006201,card,2070,2026-07-13 12:06,success
PAY0006151,006202,card,1499,2026-07-16 12:35,success
PAY0006152,006203,card,2999,2026-07-17 12:22,success
PAY0006153,006205,card,220,2026-07-14 08:37,success
PAY0006154,006206,UPI,650,2026-07-12 12:00,success
PAY0006155,006207,UPI,3499,2026-07-12 10:53,success
PAY0006156,006208,UPI,1720,2026-07-17 14:23,success
PAY0006157,006209,UPI,2700,2026-07-16 19:23,success
PAY0006158,006210,UPI,1499,2026-07-16 13:58,success
PAY0006159,006211,UPI,1150,2026-07-16 18:54,success
PAY0006160,006212,UPI,2500,2026-07-14 11:14,success
PAY0006161,006213,UPI,1470,2026-07-12 10:20,success
PAY0006162,006214,card,3499,2026-07-13 12:48,success
PAY0006163,006215,UPI,600,2026-07-18 10:10,success
PAY0006164,006216,UPI,2999,2026-07-17 20:23,success
PAY0006165,006218,UPI,1370,2026-07-15 09:20,success
PAY0006166,INV-6219,cash,2999,2026-07-13 17:21,success
PAY0006167,006220,card,1100,2026-07-15 10:21,success
PAY0006168,INV-6221,cash,450,2026-07-12 19:03,success
PAY0006169,006222,UPI,700,2026-07-12 09:18,success
PAY0006170,006223,UPI,350,2026-07-17 15:07,success
PAY0006171,006224,UPI,1350,2026-07-15 10:31,success
PAY0006172,006225,UPI,1600,2026-07-15 09:58,success
PAY0006173,006226,UPI,1499,2026-07-18 10:06,success
PAY0006174,INV-6227,cash,1150,2026-07-18 08:21,success
PAY0006175,006228,UPI,3050,2026-07-13 17:28,success
PAY0006176,006229,UPI,200,2026-07-12 19:22,success
PAY0006177,006230,UPI,1499,2026-07-12 19:52,success
PAY0006178,006231,card,550,2026-07-12 08:42,success
PAY0006179,006232,UPI,2999,2026-07-13 10:00,success
PAY0006180,006233,UPI,1970,2026-07-17 11:55,success
PAY0006181,006234,card,2550,2026-07-14 15:59,success
PAY0006182,006235,UPI,450,2026-07-14 16:25,success
PAY0006183,006237,UPI,1499,2026-07-16 14:56,success
PAY0006184,KH/26-27/006238,cash,1599,2026-07-18 12:47,success
PAY0006185,006239,UPI,2999,2026-07-12 11:11,success
PAY0006186,006240,UPI,670,2026-07-17 15:18,success
PAY0006187,006241,card,3599,2026-07-18 16:49,success
PAY0006188,INV-6242,cash,2200,2026-07-18 08:12,success
PAY0006189,006243,UPI,3099,2026-07-15 13:22,success
PAY0006190,006244,card,1100,2026-07-16 18:15,success
PAY0006191,006245,UPI,1650,2026-07-18 19:09,success
PAY0006192,006246,UPI,550,2026-07-19 21:08,success
PAY0006193,006247,UPI,3499,2026-07-14 16:09,success
PAY0006194,INV-6248,cash,720,2026-07-16 16:25,success
PAY0006195,006249,UPI,1499,2026-07-16 19:44,success
PAY0006196,INV-6250,cash,3499,2026-07-13 19:32,success
PAY0006197,006251,card,2100,2026-07-18 19:30,success
PAY0006198,006252,UPI,200,2026-07-16 14:15,success
PAY0006199,006253,UPI,2999,2026-07-19 10:12,success
PAY0006200,006254,card,600,2026-07-16 18:26,success
PAY0006201,006255,card,3499,2026-07-13 13:02,success
PAY0006202,006256,UPI,3499,2026-07-18 14:24,success
PAY0006203,006257,card,1050,2026-07-18 18:43,success
PAY0006204,INV-6259,cash,1050,2026-07-17 11:24,success
PAY0006205,INV-6260,cash,2550,2026-07-16 21:12,success
PAY0006206,006262,UPI,2999,2026-07-15 18:37,success
PAY0006207,006263,card,200,2026-07-14 08:43,success
PAY0006208,006264,card,2200,2026-07-13 19:24,success
PAY0006209,006265,card,1550,2026-07-14 14:33,success
PAY0006210,006266,UPI,500,2026-07-15 11:46,success
PAY0006211,006267,card,950,2026-07-14 10:18,success
PAY0006212,006268,card,750,2026-07-14 13:04,success
PAY0006213,006269,UPI,1870,2026-07-17 20:29,success
PAY0006214,006270,card,600,2026-07-19 09:50,success
PAY0006215,006271,UPI,550,2026-07-19 11:55,success
PAY0006216,006272,UPI,2300,2026-07-15 10:52,success
PAY0006217,006274,UPI,2999,2026-07-18 15:08,success
PAY0006218,006275,card,450,2026-07-19 11:37,success
PAY0006219,006276,UPI,1550,2026-07-15 08:46,success
PAY0006220,006277,UPI,950,2026-07-14 18:04,success
PAY0006221,006278,card,2450,2026-07-18 14:12,success
PAY0006222,006279,card,1150,2026-07-17 19:16,success
PAY0006223,006280,UPI,2999,2026-07-13 14:17,success
PAY0006224,006281,card,800,2026-07-15 10:04,success
PAY0006225,006281,card,800,2026-07-15 10:06,success
PAY0006226,006282,UPI,1450,2026-07-17 21:09,success
PAY0006227,006283,card,1470,2026-07-15 11:43,success
PAY0006228,006284,card,2900,2026-07-13 09:27,success
PAY0006229,006285,UPI,700,2026-07-16 19:07,success
PAY0006230,006286,UPI,2100,2026-07-14 20:41,success
PAY0006231,006287,UPI,2100,2026-07-15 17:44,success
PAY0006232,INV-6288,cash,1750,2026-07-16 14:02,success
PAY0006233,006289,card,150,2026-07-13 15:55,success
PAY0006234,006290,card,2400,2026-07-14 16:42,success
PAY0006235,006291,UPI,2000,2026-07-15 12:23,success
PAY0006236,INV-6292,cash,1250,2026-07-16 14:51,success
PAY0006237,006293,UPI,120,2026-07-17 18:05,success
PAY0006238,006294,card,900,2026-07-18 14:13,success
PAY0006239,INV-6295,cash,1499,2026-07-16 17:03,success
PAY0006240,INV-6296,cash,700,2026-07-13 14:10,success
PAY0006241,006297,UPI,1600,2026-07-14 12:29,success
PAY0006242,INV-6298,cash,2050,2026-07-16 18:52,success
PAY0006243,KH/26-27/006299,cash,2999,2026-07-19 09:11,success
PAY0006244,006300,UPI,1599,2026-07-17 10:18,success
PAY0006245,006301,UPI,1499,2026-07-13 11:07,success
PAY0006246,006302,UPI,1150,2026-07-19 13:19,success
PAY0006247,006303,UPI,1220,2026-07-13 21:07,success
PAY0006248,006304,UPI,750,2026-07-18 17:49,success
PAY0006249,006306,card,3499,2026-07-17 09:12,success
PAY0006250,006307,UPI,2999,2026-07-18 18:01,success
PAY0006251,INV-6308,cash,450,2026-07-18 11:43,success
PAY0006252,006309,UPI,3499,2026-07-16 19:23,success
PAY0006253,006310,UPI,350,2026-07-15 08:53,success
PAY0006254,006311,UPI,2999,2026-07-19 17:38,success
PAY0006255,006312,card,2000,2026-07-16 19:29,success
PAY0006256,006313,UPI,850,2026-07-14 12:31,success
PAY0006257,006314,UPI,2999,2026-07-16 11:32,success
PAY0006258,006315,UPI,750,2026-07-19 15:29,success
PAY0006259,006316,card,2999,2026-07-16 20:28,success
PAY0006260,006317,UPI,620,2026-07-17 16:59,success
PAY0006261,006318,UPI,2999,2026-07-17 17:15,success
PAY0006262,006319,UPI,3499,2026-07-20 10:50,success
PAY0006263,006320,UPI,1499,2026-07-16 15:16,success
PAY0006264,006321,UPI,2200,2026-07-19 15:12,success
PAY0006265,006322,UPI,2350,2026-07-14 20:09,success
PAY0006266,006323,UPI,2999,2026-07-20 15:07,success
PAY0006267,006324,UPI,3499,2026-07-20 15:00,success
PAY0006268,KH/26-27/006325,cash,1000,2026-07-16 21:00,success
PAY0006269,006326,card,2999,2026-07-19 20:28,success
PAY0006270,006327,UPI,1499,2026-07-15 16:38,success
PAY0006271,006328,card,2999,2026-07-15 09:53,success
PAY0006272,006329,card,2700,2026-07-17 18:49,success
PAY0006273,006330,card,500,2026-07-14 15:17,success
PAY0006274,INV-6331,cash,1550,2026-07-20 19:36,success
PAY0006275,006332,UPI,3099,2026-07-20 17:14,success
PAY0006276,006333,card,700,2026-07-15 17:19,success
PAY0006277,006334,UPI,2999,2026-07-20 12:16,success
PAY0006278,INV-6335,cash,1100,2026-07-18 09:31,success
PAY0006279,INV-6336,cash,3099,2026-07-20 09:00,success
PAY0006280,INV-6337,cash,1520,2026-07-14 09:57,success
PAY0006281,INV-6338,cash,1150,2026-07-17 15:45,success
PAY0006282,INV-6339,cash,2999,2026-07-20 20:05,success
PAY0006283,INV-6340,cash,1499,2026-07-18 08:05,success
PAY0006284,006341,card,320,2026-07-14 17:29,success
PAY0006285,006342,UPI,1499,2026-07-18 09:07,success
PAY0006286,006343,UPI,1270,2026-07-16 08:05,success
PAY0006287,006344,UPI,900,2026-07-19 14:54,success
PAY0006288,006345,UPI,1400,2026-07-16 10:07,success
PAY0006289,006346,UPI,1150,2026-07-18 12:05,success
PAY0006290,006347,card,1499,2026-07-14 13:01,success
PAY0006291,006348,UPI,550,2026-07-18 18:22,success
PAY0006292,006349,UPI,2999,2026-07-19 12:09,success
PAY0006293,006350,UPI,650,2026-07-18 12:43,success
PAY0006294,INV-6352,cash,450,2026-07-20 20:47,success
PAY0006295,006353,UPI,350,2026-07-15 21:20,success
PAY0006296,006354,UPI,220,2026-07-14 13:01,success
PAY0006297,INV-6355,cash,1550,2026-07-14 18:32,success
PAY0006298,006356,UPI,1550,2026-07-18 12:23,success
PAY0006299,006357,UPI,1250,2026-07-19 14:29,success
PAY0006300,INV-6358,cash,2999,2026-07-18 10:09,success
PAY0006301,KH/26-27/006359,cash,2250,2026-07-20 19:02,success
PAY0006302,006360,UPI,3499,2026-07-17 17:45,success
PAY0006303,006362,card,2999,2026-07-16 20:25,success
PAY0006304,006363,UPI,3499,2026-07-18 18:11,success
PAY0006305,006364,UPI,3099,2026-07-17 13:43,success
PAY0006306,006365,UPI,1520,2026-07-15 14:16,success
PAY0006307,006366,UPI,500,2026-07-15 12:38,success
PAY0006308,006367,UPI,3499,2026-07-20 16:30,success
PAY0006309,KH/26-27/006368,cash,250,2026-07-15 12:01,success
PAY0006310,006369,card,550,2026-07-14 10:41,success
PAY0006311,006370,card,3499,2026-07-20 14:01,success
PAY0006312,INV-6371,cash,350,2026-07-18 14:24,success
PAY0006313,006372,card,450,2026-07-17 10:01,success
PAY0006314,INV-6373,cash,2999,2026-07-17 17:12,success
PAY0006315,006374,card,150,2026-07-19 11:21,success
PAY0006316,006375,card,900,2026-07-19 15:07,success
PAY0006317,006376,UPI,1499,2026-07-17 08:43,success
PAY0006318,006376,UPI,1499,2026-07-17 08:45,success
PAY0006319,006377,card,1550,2026-07-17 09:32,success
PAY0006320,006378,UPI,2250,2026-07-16 21:27,success
PAY0006321,006379,UPI,1200,2026-07-16 10:11,success
PAY0006322,006380,card,2100,2026-07-19 09:49,success
PAY0006323,006381,UPI,1000,2026-07-19 15:43,success
PAY0006324,006382,card,500,2026-07-18 11:46,success
PAY0006325,006383,card,2999,2026-07-17 13:20,success
PAY0006326,006383,card,-2999,2026-07-17 13:20,refund
PAY0006327,006384,card,1200,2026-07-17 08:12,success
PAY0006328,INV-6385,cash,1400,2026-07-21 11:41,success
PAY0006329,INV-6387,cash,600,2026-07-19 09:52,success
PAY0006330,006388,UPI,1550,2026-07-18 12:29,success
PAY0006331,006389,UPI,150,2026-07-16 13:29,success
PAY0006332,INV-6390,cash,2999,2026-07-21 18:49,success
PAY0006333,006391,UPI,2999,2026-07-16 20:55,success
PAY0006334,INV-6392,cash,1800,2026-07-20 12:11,success
PAY0006335,006393,UPI,3599,2026-07-15 08:48,success
PAY0006336,006394,card,1320,2026-07-18 20:28,success
PAY0006337,006395,card,1400,2026-07-19 17:26,success
PAY0006338,INV-6397,cash,2999,2026-07-20 20:13,success
PAY0006339,INV-6398,cash,2700,2026-07-21 11:10,success
PAY0006340,006399,UPI,600,2026-07-15 21:38,success
PAY0006341,006400,UPI,1750,2026-07-15 19:30,success
PAY0006342,INV-6401,cash,2050,2026-07-20 20:09,success
PAY0006343,006402,card,150,2026-07-21 21:46,success
PAY0006344,KH/26-27/006403,cash,1750,2026-07-15 15:50,success
PAY0006345,006404,UPI,1270,2026-07-19 08:42,success
PAY0006346,006405,UPI,1499,2026-07-19 13:25,success
PAY0006347,006406,UPI,1750,2026-07-17 19:53,success
PAY0006348,006407,UPI,2050,2026-07-17 16:53,success
PAY0006349,006408,card,550,2026-07-19 15:07,success
PAY0006350,INV-6409,cash,600,2026-07-18 14:15,success
PAY0006351,006410,UPI,2999,2026-07-17 08:54,success
PAY0006352,006411,UPI,2020,2026-07-21 18:53,success
PAY0006353,006412,UPI,1150,2026-07-17 08:49,success
PAY0006354,006413,card,2250,2026-07-16 08:25,success
PAY0006355,006414,card,1550,2026-07-17 21:12,success
PAY0006356,006415,UPI,1100,2026-07-17 08:08,success
PAY0006357,006416,card,1850,2026-07-16 21:35,success
PAY0006358,006417,card,1200,2026-07-18 17:16,success
PAY0006359,006418,UPI,2700,2026-07-18 14:22,success
PAY0006360,006419,card,2350,2026-07-15 12:37,success
PAY0006361,006420,UPI,750,2026-07-18 17:01,success
PAY0006362,INV-6421,cash,1250,2026-07-20 15:47,success
PAY0006363,006422,UPI,450,2026-07-15 13:20,success
PAY0006364,006423,UPI,700,2026-07-17 20:20,success
PAY0006365,006424,UPI,350,2026-07-20 21:33,success
PAY0006366,006425,UPI,1670,2026-07-15 17:04,success
PAY0006367,006426,card,2999,2026-07-16 19:06,success
PAY0006368,INV-6427,cash,1499,2026-07-17 13:54,success
PAY0006369,006428,card,2220,2026-07-18 14:22,success
PAY0006370,006429,UPI,2520,2026-07-19 11:36,success
PAY0006371,006430,card,1200,2026-07-17 12:55,success
PAY0006372,INV-6431,cash,1820,2026-07-15 18:12,success
PAY0006373,INV-6432,cash,2999,2026-07-19 08:36,success
PAY0006374,006433,UPI,700,2026-07-20 11:37,success
PAY0006375,INV-6434,cash,2150,2026-07-15 14:48,success
PAY0006376,006435,UPI,150,2026-07-16 13:46,success
PAY0006377,006435,UPI,150,2026-07-16 13:48,success
PAY0006378,006436,card,770,2026-07-17 15:12,success
PAY0006379,INV-6437,cash,350,2026-07-15 15:22,success
PAY0006380,INV-6438,cash,1420,2026-07-19 13:21,success
PAY0006381,006439,UPI,850,2026-07-18 10:34,success
PAY0006382,KH/26-27/006440,cash,2999,2026-07-22 16:54,success
PAY0006383,006441,card,1650,2026-07-16 18:12,success
PAY0006384,006442,card,1220,2026-07-22 10:51,success
PAY0006385,006443,card,2700,2026-07-18 21:27,success
PAY0006386,006444,UPI,3599,2026-07-19 12:19,success
PAY0006387,006445,UPI,1950,2026-07-19 20:46,success
PAY0006388,006446,UPI,1800,2026-07-18 21:41,success
PAY0006389,006447,card,850,2026-07-21 13:59,success
PAY0006390,006448,UPI,3499,2026-07-16 20:05,success
PAY0006391,006449,card,700,2026-07-17 11:00,success
PAY0006392,006450,UPI,800,2026-07-22 10:14,success
PAY0006393,006451,card,450,2026-07-21 20:43,success
PAY0006394,006452,UPI,120,2026-07-19 17:52,success
PAY0006395,INV-6453,cash,3499,2026-07-19 21:23,success
PAY0006396,006454,UPI,1020,2026-07-18 17:59,success
PAY0006397,006455,UPI,200,2026-07-17 10:18,success
PAY0006398,006456,UPI,1700,2026-07-20 09:11,success
PAY0006399,INV-6457,cash,2250,2026-07-18 13:38,success
PAY0006400,006458,card,1150,2026-07-16 14:01,success
PAY0006401,006459,UPI,2999,2026-07-21 08:07,success
PAY0006402,006460,UPI,350,2026-07-16 19:22,success
PAY0006403,006461,card,1650,2026-07-16 08:37,success
PAY0006404,006462,card,2700,2026-07-18 13:40,success
PAY0006405,006463,UPI,1450,2026-07-16 12:19,success
PAY0006406,006464,card,650,2026-07-19 09:28,success
PAY0006407,INV-6465,cash,600,2026-07-19 17:46,success
PAY0006408,INV-6465,cash,-600,2026-07-19 17:46,refund
PAY0006409,006466,UPI,1500,2026-07-17 19:40,success
PAY0006410,006467,UPI,950,2026-07-20 20:19,success
PAY0006411,006468,UPI,2999,2026-07-22 16:14,success
PAY0006412,INV-6469,cash,1800,2026-07-22 19:42,success
PAY0006413,INV-6470,cash,900,2026-07-19 21:32,success
PAY0006414,006471,UPI,650,2026-07-21 08:39,success
PAY0006415,006471,UPI,650,2026-07-21 08:41,success
PAY0006416,006472,UPI,1700,2026-07-20 12:09,success
PAY0006417,006473,UPI,1000,2026-07-17 09:09,success
PAY0006418,006474,UPI,200,2026-07-19 13:59,success
PAY0006419,006475,card,1200,2026-07-21 19:50,success
PAY0006420,006476,card,1200,2026-07-22 20:33,success
PAY0006421,006477,UPI,1400,2026-07-22 08:34,success
PAY0006422,006478,card,2999,2026-07-18 21:57,success
PAY0006423,INV-6479,cash,1050,2026-07-18 15:02,success
PAY0006424,006480,UPI,3250,2026-07-22 15:51,success
PAY0006425,INV-6481,cash,1499,2026-07-21 19:13,success
PAY0006426,006482,UPI,1100,2026-07-17 13:47,success
PAY0006427,006483,UPI,3499,2026-07-22 12:53,success
PAY0006428,006484,UPI,970,2026-07-17 08:30,success
PAY0006429,006485,card,2100,2026-07-16 10:44,success
PAY0006430,006486,UPI,3250,2026-07-18 14:39,success
PAY0006431,006487,UPI,3499,2026-07-22 18:34,success
PAY0006432,006488,UPI,2999,2026-07-17 18:45,success
PAY0006433,006489,UPI,120,2026-07-22 08:56,success
PAY0006434,006490,UPI,1100,2026-07-21 21:20,success
PAY0006435,006491,UPI,1570,2026-07-19 15:45,success
PAY0006436,INV-6492,cash,2170,2026-07-16 08:41,success
PAY0006437,006493,UPI,700,2026-07-22 17:43,success
PAY0006438,INV-6495,cash,1700,2026-07-20 16:48,success
PAY0006439,006496,UPI,1200,2026-07-21 17:37,success
PAY0006440,006497,UPI,850,2026-07-17 21:02,success
PAY0006441,006498,card,1670,2026-07-19 10:31,success
PAY0006442,006499,UPI,1150,2026-07-19 20:51,success
PAY0006443,006500,UPI,1850,2026-07-20 12:28,success
PAY0006444,006500,UPI,-1850,2026-07-20 12:28,refund
PAY0006445,INV-6501,cash,700,2026-07-16 16:07,success
PAY0006446,006502,UPI,900,2026-07-20 19:43,success
PAY0006447,006503,UPI,900,2026-07-19 09:04,success
PAY0006448,006504,UPI,1250,2026-07-16 11:34,success
PAY0006449,006505,UPI,500,2026-07-20 09:16,success
PAY0006450,006506,UPI,1200,2026-07-18 15:52,success
PAY0006451,006507,UPI,1870,2026-07-20 13:25,success
PAY0006452,006508,card,3499,2026-07-22 09:46,success
PAY0006453,006509,card,500,2026-07-18 19:25,success
PAY0006454,006510,UPI,1499,2026-07-20 15:52,success
PAY0006455,006511,UPI,670,2026-07-19 08:58,success
PAY0006456,INV-6512,cash,3499,2026-07-18 21:15,success
PAY0006457,006513,UPI,2270,2026-07-23 18:10,success
PAY0006458,006514,UPI,500,2026-07-17 20:14,success
PAY0006459,006515,UPI,1470,2026-07-19 16:17,success
PAY0006460,006516,UPI,1500,2026-07-17 14:48,success
PAY0006461,006517,UPI,1020,2026-07-21 21:33,success
PAY0006462,INV-6518,cash,200,2026-07-17 08:06,success
PAY0006463,006519,UPI,200,2026-07-23 12:51,success
PAY0006464,006520,UPI,900,2026-07-21 20:01,success
PAY0006465,006520,UPI,900,2026-07-21 20:03,success
PAY0006466,006521,UPI,1350,2026-07-20 11:53,success
PAY0006467,KH/26-27/006522,cash,1450,2026-07-19 09:58,success
PAY0006468,006523,UPI,2400,2026-07-18 10:33,success
PAY0006469,006524,card,3150,2026-07-18 21:53,success
PAY0006470,006525,card,750,2026-07-23 14:04,success
PAY0006471,INV-6526,cash,650,2026-07-20 11:51,success
PAY0006472,006527,card,2999,2026-07-20 20:33,success
PAY0006473,006528,UPI,1499,2026-07-18 18:32,success
PAY0006474,INV-6529,cash,2350,2026-07-20 18:22,success
PAY0006475,006530,UPI,600,2026-07-18 18:17,success
PAY0006476,006531,card,1850,2026-07-23 10:41,success
PAY0006477,006531,card,-1850,2026-07-23 10:41,refund
PAY0006478,006532,UPI,1550,2026-07-18 17:06,success
PAY0006479,006533,card,1100,2026-07-23 18:33,success
PAY0006480,INV-6534,cash,550,2026-07-23 18:22,success
PAY0006481,006535,card,1499,2026-07-19 16:45,success
PAY0006482,006536,UPI,600,2026-07-23 10:01,success
PAY0006483,006538,UPI,1800,2026-07-19 21:32,success
PAY0006484,006539,UPI,2999,2026-07-17 20:52,success
PAY0006485,006540,UPI,1950,2026-07-21 17:27,success
PAY0006486,006540,UPI,1950,2026-07-21 17:29,success
PAY0006487,KH/26-27/006541,cash,1350,2026-07-18 20:21,success
PAY0006488,006542,UPI,1200,2026-07-18 12:47,success
PAY0006489,006543,UPI,1499,2026-07-21 15:34,success
PAY0006490,006544,card,2999,2026-07-20 17:35,success
PAY0006491,INV-6545,cash,350,2026-07-18 18:56,success
PAY0006492,006546,UPI,1150,2026-07-23 15:00,success
PAY0006493,006546,UPI,1150,2026-07-23 15:02,success
PAY0006494,006547,UPI,700,2026-07-18 19:41,success
PAY0006495,006548,UPI,1200,2026-07-18 17:40,success
PAY0006496,006549,card,550,2026-07-20 21:10,success
PAY0006497,INV-6550,cash,2999,2026-07-17 11:55,success
PAY0006498,006551,UPI,700,2026-07-18 17:28,success
PAY0006499,006552,UPI,3099,2026-07-21 21:19,success
PAY0006500,006553,UPI,1499,2026-07-19 09:36,success
PAY0006501,006554,UPI,2999,2026-07-22 17:30,success
PAY0006502,006555,card,1920,2026-07-23 21:55,success
PAY0006503,006556,card,150,2026-07-19 12:25,success
PAY0006504,006557,UPI,2999,2026-07-17 18:18,success
PAY0006505,006558,card,700,2026-07-23 11:19,success
PAY0006506,006559,UPI,700,2026-07-19 18:18,success
PAY0006507,006560,card,700,2026-07-19 08:44,success
PAY0006508,006561,UPI,120,2026-07-17 15:56,success
PAY0006509,INV-6562,cash,1200,2026-07-17 12:30,success
PAY0006510,006563,UPI,3499,2026-07-20 21:23,success
PAY0006511,006564,UPI,350,2026-07-19 15:36,success
PAY0006512,006565,card,1170,2026-07-19 19:01,success
PAY0006513,006566,card,1850,2026-07-21 20:03,success
PAY0006514,KH/26-27/006567,cash,1950,2026-07-19 17:20,success
PAY0006515,006568,card,1370,2026-07-23 11:29,success
PAY0006516,006568,card,-1370,2026-07-23 11:29,refund
PAY0006517,006569,UPI,1350,2026-07-22 12:03,success
PAY0006518,006570,card,1499,2026-07-18 11:12,success
PAY0006519,INV-6571,cash,2250,2026-07-20 16:48,success
PAY0006520,006572,UPI,1100,2026-07-18 15:56,success
PAY0006521,INV-6573,cash,3499,2026-07-17 08:47,success
PAY0006522,006574,UPI,450,2026-07-20 16:17,success
PAY0006523,006575,card,3499,2026-07-20 08:17,success
PAY0006524,INV-6576,cash,600,2026-07-17 09:22,success
PAY0006525,006577,UPI,1050,2026-07-18 19:49,success
PAY0006526,006578,UPI,650,2026-07-23 12:13,success
PAY0006527,006579,card,1900,2026-07-21 10:39,success
PAY0006528,006580,UPI,1499,2026-07-20 19:01,success
PAY0006529,006581,card,1350,2026-07-20 13:29,success
PAY0006530,006582,UPI,2550,2026-07-19 19:03,success
PAY0006531,006583,UPI,2350,2026-07-23 19:07,success
PAY0006532,006584,UPI,600,2026-07-20 17:27,success
PAY0006533,006585,card,1499,2026-07-18 20:36,success
PAY0006534,006586,card,550,2026-07-21 10:22,success
PAY0006535,006587,UPI,900,2026-07-22 20:28,success
PAY0006536,006588,card,3499,2026-07-21 08:56,success
PAY0006537,006588,card,3499,2026-07-21 08:58,success
PAY0006538,006589,UPI,350,2026-07-24 12:11,success
PAY0006539,006589,UPI,-350,2026-07-24 12:11,refund
PAY0006540,INV-6590,cash,3499,2026-07-24 17:11,success
PAY0006541,006591,card,350,2026-07-24 17:24,success
PAY0006542,006593,UPI,2750,2026-07-23 13:58,success
PAY0006543,INV-6594,cash,2999,2026-07-23 20:04,success
PAY0006544,006595,UPI,3099,2026-07-23 15:10,success
PAY0006545,INV-6596,cash,3499,2026-07-19 17:20,success
PAY0006546,006597,card,3499,2026-07-21 10:25,success
PAY0006547,006598,UPI,200,2026-07-21 17:11,success
PAY0006548,006599,UPI,3099,2026-07-24 08:20,success
PAY0006549,006600,UPI,750,2026-07-19 19:07,success
PAY0006550,006601,card,1499,2026-07-21 20:32,success
PAY0006551,006602,UPI,150,2026-07-19 16:20,success
PAY0006552,006603,UPI,2050,2026-07-19 17:21,success
PAY0006553,006604,card,2350,2026-07-18 20:01,success
PAY0006554,006605,UPI,550,2026-07-19 21:18,success
PAY0006555,006607,UPI,1600,2026-07-24 17:04,success
PAY0006556,006607,UPI,1600,2026-07-24 17:06,success
PAY0006557,INV-6608,cash,500,2026-07-19 21:56,success
PAY0006558,006609,UPI,1270,2026-07-24 19:39,success
PAY0006559,006610,card,1499,2026-07-19 20:45,success
PAY0006560,006611,UPI,1499,2026-07-20 15:10,success
PAY0006561,006612,UPI,2999,2026-07-19 10:25,success
PAY0006562,006613,UPI,1499,2026-07-23 17:53,success
PAY0006563,006614,card,3599,2026-07-18 13:41,success
PAY0006564,INV-6615,cash,3499,2026-07-21 21:59,success
PAY0006565,INV-6616,cash,1650,2026-07-22 15:24,success
PAY0006566,006617,UPI,2400,2026-07-20 13:28,success
PAY0006567,006618,UPI,2999,2026-07-19 11:46,success
PAY0006568,006619,UPI,800,2026-07-24 21:03,success
PAY0006569,006620,UPI,1599,2026-07-21 20:51,success
PAY0006570,006621,UPI,1570,2026-07-22 16:27,success
PAY0006571,006622,UPI,900,2026-07-21 11:14,success
PAY0006572,006623,UPI,2999,2026-07-18 08:04,success
PAY0006573,INV-6624,cash,2999,2026-07-18 09:09,success
PAY0006574,006625,UPI,1100,2026-07-21 10:04,success
PAY0006575,006626,UPI,1750,2026-07-24 08:08,success
PAY0006576,006627,UPI,2999,2026-07-21 15:15,success
PAY0006577,INV-6628,cash,2999,2026-07-18 17:59,success
PAY0006578,006629,card,200,2026-07-24 13:30,success
PAY0006579,006630,card,3499,2026-07-20 19:44,success
PAY0006580,006631,card,2400,2026-07-24 12:14,success
PAY0006581,006632,UPI,2999,2026-07-19 13:33,success
PAY0006582,006633,UPI,1499,2026-07-24 11:07,success
PAY0006583,006633,UPI,1499,2026-07-24 11:09,success
PAY0006584,006634,card,2400,2026-07-22 19:16,success
PAY0006585,006635,UPI,1020,2026-07-19 20:41,success
PAY0006586,006636,card,1200,2026-07-23 18:33,success
PAY0006587,006637,UPI,150,2026-07-20 13:29,success
PAY0006588,006638,UPI,2750,2026-07-20 21:56,success
PAY0006589,006639,card,200,2026-07-25 11:20,success
PAY0006590,INV-6640,cash,2999,2026-07-20 14:28,success
PAY0006591,006641,UPI,2999,2026-07-24 21:43,success
PAY0006592,006642,UPI,2999,2026-07-19 16:06,success
PAY0006593,INV-6643,cash,1900,2026-07-22 18:16,success
PAY0006594,INV-6644,cash,1750,2026-07-24 10:50,success
PAY0006595,006645,card,1200,2026-07-25 14:10,success
PAY0006596,006646,card,700,2026-07-21 17:55,success
PAY0006597,INV-6647,cash,750,2026-07-24 11:14,success
PAY0006598,006649,UPI,3499,2026-07-24 19:24,success
PAY0006599,KH/26-27/006650,cash,650,2026-07-20 21:48,success
PAY0006600,INV-6651,cash,1570,2026-07-19 08:19,success
PAY0006601,006652,card,600,2026-07-25 19:10,success
PAY0006602,006653,card,2999,2026-07-25 18:27,success
PAY0006603,KH/26-27/006654,cash,2150,2026-07-21 13:35,success
PAY0006604,INV-6655,cash,700,2026-07-22 19:41,success
PAY0006605,006656,UPI,1400,2026-07-25 11:15,success
PAY0006606,006657,UPI,620,2026-07-24 10:25,success
PAY0006607,INV-6658,cash,120,2026-07-21 19:43,success
PAY0006608,006659,UPI,1350,2026-07-20 17:24,success
PAY0006609,INV-6660,cash,1050,2026-07-19 10:13,success
PAY0006610,INV-6661,cash,1750,2026-07-25 10:30,success
PAY0006611,006662,UPI,650,2026-07-24 19:20,success
PAY0006612,006663,UPI,1050,2026-07-24 09:08,success
PAY0006613,006664,card,1250,2026-07-20 14:58,success
PAY0006614,006664,card,1250,2026-07-20 14:59,success
PAY0006615,INV-6665,cash,2999,2026-07-23 13:52,success
PAY0006616,006666,UPI,1350,2026-07-23 21:44,success
PAY0006617,006667,UPI,820,2026-07-23 20:45,success
PAY0006618,006668,UPI,700,2026-07-22 18:40,success
PAY0006619,006669,card,1499,2026-07-21 15:30,success
PAY0006620,006670,card,1320,2026-07-24 08:18,success
PAY0006621,006671,UPI,2999,2026-07-24 18:51,success
PAY0006622,006672,UPI,2999,2026-07-20 15:26,success
PAY0006623,006673,UPI,1750,2026-07-22 08:29,success
PAY0006624,006674,UPI,3499,2026-07-19 17:34,success
PAY0006625,006675,card,1150,2026-07-22 13:44,success
PAY0006626,006676,card,2999,2026-07-22 15:52,success
PAY0006627,006677,card,2999,2026-07-24 16:44,success
PAY0006628,006678,UPI,1450,2026-07-21 14:53,success
PAY0006629,006679,card,650,2026-07-23 08:41,success
PAY0006630,006680,UPI,1800,2026-07-25 10:27,success
PAY0006631,006681,UPI,2999,2026-07-19 13:20,success
PAY0006632,INV-6682,cash,550,2026-07-22 09:46,success
PAY0006633,006683,UPI,700,2026-07-21 18:26,success
PAY0006634,006684,UPI,1499,2026-07-19 08:30,success
PAY0006635,006685,card,3499,2026-07-23 21:51,success
PAY0006636,006686,UPI,1499,2026-07-20 10:57,success
PAY0006637,006687,card,1750,2026-07-24 14:04,success
PAY0006638,006688,UPI,2999,2026-07-23 18:00,success
PAY0006639,006689,UPI,1499,2026-07-23 21:21,success
PAY0006640,006690,UPI,700,2026-07-20 21:20,success
PAY0006641,006691,UPI,2800,2026-07-24 15:53,success
PAY0006642,006692,UPI,2999,2026-07-22 15:40,success
PAY0006643,006693,UPI,2150,2026-07-21 19:07,success
PAY0006644,006694,card,1499,2026-07-23 17:44,success
PAY0006645,006695,UPI,3499,2026-07-21 15:57,success
PAY0006646,INV-6696,cash,1100,2026-07-26 11:00,success
PAY0006647,006697,UPI,1200,2026-07-20 14:29,success
PAY0006648,006698,UPI,2999,2026-07-22 19:05,success
PAY0006649,006699,UPI,1499,2026-07-26 15:16,success
PAY0006650,006700,UPI,2100,2026-07-21 08:45,success
PAY0006651,006701,UPI,1050,2026-07-25 21:54,success
PAY0006652,INV-6702,cash,2220,2026-07-25 12:19,success
PAY0006653,006703,UPI,450,2026-07-25 20:43,success
PAY0006654,006704,UPI,450,2026-07-25 10:46,success
PAY0006655,006705,UPI,800,2026-07-23 11:43,success
PAY0006656,INV-6706,cash,1050,2026-07-22 12:39,success
PAY0006657,006707,card,1499,2026-07-26 16:52,success
PAY0006658,INV-6708,cash,1270,2026-07-20 17:30,success
PAY0006659,006709,UPI,700,2026-07-25 16:48,success
PAY0006660,006710,UPI,1499,2026-07-23 20:29,success
PAY0006661,INV-6711,cash,720,2026-07-20 15:53,success
PAY0006662,006712,card,3499,2026-07-24 09:52,success
PAY0006663,006713,UPI,3099,2026-07-24 18:58,success
PAY0006664,006714,card,1100,2026-07-26 08:06,success
PAY0006665,006715,card,3499,2026-07-24 18:47,success
PAY0006666,006716,UPI,1050,2026-07-21 16:14,success
PAY0006667,INV-6717,cash,3499,2026-07-25 21:54,success
PAY0006668,006718,card,1050,2026-07-21 14:09,success
PAY0006669,KH/26-27/006719,cash,1850,2026-07-20 14:24,success
PAY0006670,INV-6720,cash,500,2026-07-26 16:35,success
PAY0006671,006721,card,2999,2026-07-22 11:44,success
PAY0006672,006722,card,1300,2026-07-23 11:15,success
PAY0006673,006723,UPI,2999,2026-07-22 19:32,success
PAY0006674,006724,UPI,900,2026-07-20 19:09,success
PAY0006675,006725,UPI,1220,2026-07-23 20:09,success
PAY0006676,006726,UPI,2000,2026-07-25 12:42,success
PAY0006677,006727,UPI,1400,2026-07-20 16:58,success
PAY0006678,006728,UPI,550,2026-07-22 15:32,success
PAY0006679,INV-6729,cash,600,2026-07-24 20:17,success
PAY0006680,INV-6730,cash,1500,2026-07-24 11:15,success
PAY0006681,006731,UPI,2050,2026-07-22 17:55,success
PAY0006682,006732,UPI,3499,2026-07-22 11:43,success
PAY0006683,006733,card,3499,2026-07-26 08:44,success
PAY0006684,INV-6734,cash,1450,2026-07-26 16:59,success
PAY0006685,006736,card,1050,2026-07-25 09:56,success
PAY0006686,KH/26-27/006737,cash,1550,2026-07-22 10:56,success
PAY0006687,INV-6738,cash,2400,2026-07-22 12:09,success
PAY0006688,INV-6739,cash,1150,2026-07-22 12:19,success
PAY0006689,006740,UPI,1499,2026-07-24 10:17,success
PAY0006690,INV-6741,cash,2450,2026-07-26 21:19,success
PAY0006691,INV-6742,cash,1499,2026-07-20 21:17,success
PAY0006692,006743,card,2050,2026-07-23 18:26,success
PAY0006693,006745,UPI,700,2026-07-22 17:53,success
PAY0006694,006746,UPI,2999,2026-07-24 15:47,success
PAY0006695,006747,UPI,1499,2026-07-26 20:13,success
PAY0006696,INV-6748,cash,1600,2026-07-21 14:37,success
PAY0006697,006749,UPI,850,2026-07-25 09:01,success
PAY0006698,006750,card,2999,2026-07-21 18:09,success
PAY0006699,006751,UPI,1000,2026-07-25 12:10,success
PAY0006700,006752,UPI,2999,2026-07-20 15:59,success
PAY0006701,INV-6753,cash,1600,2026-07-22 14:17,success
PAY0006702,006754,card,1750,2026-07-23 11:27,success
PAY0006703,006755,UPI,500,2026-07-25 19:30,success
PAY0006704,006756,UPI,1350,2026-07-24 21:23,success
PAY0006705,006757,UPI,1200,2026-07-24 12:55,success
PAY0006706,006758,UPI,2550,2026-07-24 09:32,success
PAY0006707,006759,card,950,2026-07-25 11:24,success
PAY0006708,006760,UPI,320,2026-07-24 15:15,success
PAY0006709,006761,UPI,2500,2026-07-21 14:25,success
PAY0006710,006761,UPI,2500,2026-07-21 14:27,success
PAY0006711,006762,UPI,1499,2026-07-27 21:16,success
PAY0006712,006763,card,3099,2026-07-21 12:10,success
PAY0006713,006764,UPI,3499,2026-07-21 08:12,success
PAY0006714,INV-6765,cash,1650,2026-07-23 18:59,success
PAY0006715,006766,UPI,1250,2026-07-24 17:44,success
PAY0006716,006767,card,3099,2026-07-25 21:20,success
PAY0006717,006768,UPI,850,2026-07-25 18:48,success
PAY0006718,006769,UPI,720,2026-07-21 11:33,success
PAY0006719,006770,UPI,900,2026-07-21 17:36,success
PAY0006720,006771,UPI,1499,2026-07-27 09:56,success
PAY0006721,006772,card,700,2026-07-24 10:50,success
PAY0006722,006773,UPI,1499,2026-07-27 11:55,success
PAY0006723,KH/26-27/006774,cash,2999,2026-07-25 08:38,success
PAY0006724,006775,card,500,2026-07-24 16:04,success
PAY0006725,006775,card,500,2026-07-24 16:06,success
PAY0006726,006776,UPI,1499,2026-07-23 14:22,success
PAY0006727,006777,UPI,3250,2026-07-21 19:15,success
PAY0006728,006778,card,620,2026-07-26 20:26,success
PAY0006729,INV-6779,cash,120,2026-07-25 14:25,success
PAY0006730,INV-6780,cash,550,2026-07-23 18:57,success
PAY0006731,006781,card,500,2026-07-27 21:12,success
PAY0006732,006782,UPI,2999,2026-07-24 17:10,success
PAY0006733,INV-6783,cash,2150,2026-07-24 12:29,success
PAY0006734,INV-6784,cash,1800,2026-07-25 10:32,success
PAY0006735,006785,UPI,750,2026-07-24 19:00,success
PAY0006736,006786,UPI,1050,2026-07-23 19:59,success
PAY0006737,006787,UPI,1520,2026-07-22 09:28,success
PAY0006738,006788,card,1450,2026-07-27 21:23,success
PAY0006739,006789,UPI,900,2026-07-22 08:37,success
PAY0006740,006790,UPI,2550,2026-07-23 16:47,success
PAY0006741,006791,card,2470,2026-07-24 10:43,success
PAY0006742,006792,card,1750,2026-07-24 11:15,success
PAY0006743,006794,UPI,2999,2026-07-26 21:15,success
PAY0006744,006795,card,200,2026-07-21 12:41,success
PAY0006745,006796,UPI,2999,2026-07-24 09:01,success
PAY0006746,006797,UPI,2999,2026-07-26 12:10,success
PAY0006747,006798,UPI,2999,2026-07-26 09:48,success
PAY0006748,006799,UPI,1499,2026-07-25 21:16,success
PAY0006749,006800,UPI,700,2026-07-26 11:04,success
PAY0006750,KH/26-27/006801,cash,3499,2026-07-27 17:37,success
PAY0006751,006802,card,450,2026-07-23 11:56,success
PAY0006752,006803,card,2850,2026-07-25 09:15,success
PAY0006753,006804,UPI,550,2026-07-23 08:34,success
PAY0006754,INV-6805,cash,2999,2026-07-21 08:36,success
PAY0006755,INV-6806,cash,2550,2026-07-26 20:44,success
PAY0006756,INV-6807,cash,2999,2026-07-25 19:45,success
PAY0006757,006808,UPI,200,2026-07-24 20:11,success
PAY0006758,006809,UPI,750,2026-07-21 15:16,success
PAY0006759,006810,UPI,1499,2026-07-25 18:34,success
PAY0006760,006811,UPI,900,2026-07-23 16:58,success
PAY0006761,006812,UPI,3499,2026-07-27 09:39,success
PAY0006762,006813,UPI,1050,2026-07-26 12:38,success
PAY0006763,006814,UPI,500,2026-07-23 13:52,success
PAY0006764,INV-6815,cash,150,2026-07-23 20:32,success
PAY0006765,INV-6816,cash,770,2026-07-21 13:19,success
PAY0006766,006817,UPI,850,2026-07-25 12:45,success
PAY0006767,006818,UPI,620,2026-07-24 09:27,success
PAY0006768,006819,card,1200,2026-07-24 20:48,success
PAY0006769,006820,UPI,450,2026-07-27 16:30,success
PAY0006770,006821,UPI,2999,2026-07-25 11:52,success
PAY0006771,INV-6822,cash,1100,2026-07-25 19:02,success
PAY0006772,006823,card,2999,2026-07-23 13:33,success
PAY0006773,INV-6824,cash,1050,2026-07-27 19:10,success
PAY0006774,006825,card,3499,2026-07-27 21:55,success
PAY0006775,006826,card,1200,2026-07-23 19:00,success
PAY0006776,006827,UPI,950,2026-07-23 20:19,success
PAY0006777,006828,card,2100,2026-07-23 17:44,success
PAY0006778,006829,card,900,2026-07-26 11:59,success
PAY0006779,006830,UPI,550,2026-07-24 10:43,success
PAY0006780,006831,UPI,1499,2026-07-26 12:38,success
PAY0006781,006832,card,1300,2026-07-28 08:15,success
PAY0006782,006833,UPI,2000,2026-07-23 16:02,success
PAY0006783,006834,card,650,2026-07-24 10:02,success
PAY0006784,006835,card,2000,2026-07-22 14:22,success
PAY0006785,006836,card,550,2026-07-25 08:46,success
PAY0006786,KH/26-27/006837,cash,1950,2026-07-28 11:24,success
PAY0006787,006838,UPI,1499,2026-07-28 17:32,success
PAY0006788,006839,UPI,720,2026-07-26 09:39,success
PAY0006789,KH/26-27/006840,cash,1499,2026-07-24 19:50,success
PAY0006790,INV-6841,cash,600,2026-07-26 08:18,success
PAY0006791,006842,card,500,2026-07-23 18:23,success
PAY0006792,006843,UPI,1900,2026-07-23 17:27,success
PAY0006793,006844,UPI,120,2026-07-25 18:19,success
PAY0006794,006845,card,2999,2026-07-24 21:06,success
PAY0006795,006846,card,1000,2026-07-24 08:16,success
PAY0006796,006847,card,2999,2026-07-25 16:06,success
PAY0006797,006848,UPI,1900,2026-07-22 12:03,success
PAY0006798,006849,UPI,1499,2026-07-26 08:58,success
PAY0006799,INV-6850,cash,2999,2026-07-24 17:03,success
PAY0006800,006851,UPI,2300,2026-07-23 08:30,success
PAY0006801,006852,UPI,1650,2026-07-24 10:32,success
PAY0006802,006853,UPI,2700,2026-07-26 14:38,success
PAY0006803,006854,card,2999,2026-07-27 10:10,success
PAY0006804,INV-6855,cash,2999,2026-07-22 08:13,success
PAY0006805,006856,UPI,1900,2026-07-27 20:56,success
PAY0006806,006857,card,450,2026-07-22 21:55,success
PAY0006807,006858,UPI,650,2026-07-22 08:38,success
PAY0006808,006859,card,2999,2026-07-27 18:56,success
PAY0006809,INV-6860,cash,650,2026-07-23 17:55,success
PAY0006810,006861,UPI,2999,2026-07-26 09:09,success
PAY0006811,006862,card,3499,2026-07-25 15:09,success
PAY0006812,006863,UPI,900,2026-07-27 08:35,success
PAY0006813,006864,card,1499,2026-07-24 10:47,success
PAY0006814,006865,UPI,650,2026-07-27 20:38,success
PAY0006815,006866,UPI,2999,2026-07-23 19:44,success
PAY0006816,006867,UPI,1100,2026-07-24 14:17,success
PAY0006817,006868,UPI,2999,2026-07-26 16:22,success
PAY0006818,006869,UPI,270,2026-07-23 08:14,success
PAY0006819,006870,card,1450,2026-07-24 15:52,success
PAY0006820,006871,UPI,2999,2026-07-23 14:41,success
PAY0006821,006872,UPI,1450,2026-07-26 13:50,success
PAY0006822,006873,UPI,1270,2026-07-22 10:21,success
PAY0006823,006874,UPI,1499,2026-07-23 15:13,success
PAY0006824,INV-6875,cash,1400,2026-07-22 19:47,success
PAY0006825,006876,card,600,2026-07-22 10:33,success
PAY0006826,006877,UPI,2999,2026-07-25 18:46,success
PAY0006827,006878,UPI,2450,2026-07-26 21:15,success
PAY0006828,INV-6879,cash,1750,2026-07-25 12:07,success
PAY0006829,006880,UPI,3499,2026-07-22 21:38,success
PAY0006830,006881,UPI,1500,2026-07-28 11:34,success
PAY0006831,006882,UPI,550,2026-07-25 11:48,success
PAY0006832,006883,card,550,2026-07-23 12:13,success
PAY0006833,006884,card,450,2026-07-25 12:54,success
PAY0006834,INV-6885,cash,2000,2026-07-23 12:19,success
PAY0006835,006886,card,900,2026-07-25 09:02,success
PAY0006836,006887,card,2999,2026-07-28 14:57,success
PAY0006837,006888,card,470,2026-07-23 12:51,success
PAY0006838,006889,card,3099,2026-07-23 18:35,success
PAY0006839,006890,UPI,650,2026-07-22 10:22,success
PAY0006840,006891,UPI,700,2026-07-26 18:49,success
PAY0006841,006892,UPI,200,2026-07-27 21:32,success
PAY0006842,006893,UPI,1250,2026-07-26 08:00,success
PAY0006843,006894,card,150,2026-07-24 13:16,success
PAY0006844,006895,UPI,3050,2026-07-26 17:30,success
PAY0006845,006896,UPI,3499,2026-07-26 13:34,success
PAY0006846,006897,UPI,2250,2026-07-28 10:57,success
PAY0006847,006898,UPI,670,2026-07-29 12:31,success
PAY0006848,006899,UPI,500,2026-07-25 10:58,success
PAY0006849,006900,UPI,1100,2026-07-28 14:38,success
PAY0006850,INV-6901,cash,500,2026-07-29 16:44,success
PAY0006851,006902,UPI,200,2026-07-29 10:12,success
PAY0006852,006903,UPI,850,2026-07-28 17:25,success
PAY0006853,006904,UPI,1499,2026-07-28 13:48,success
PAY0006854,006905,UPI,1499,2026-07-23 12:14,success
PAY0006855,006906,UPI,1499,2026-07-29 08:28,success
PAY0006856,INV-6907,cash,600,2026-07-27 19:59,success
PAY0006857,INV-6908,cash,120,2026-07-23 19:27,success
PAY0006858,006909,UPI,2999,2026-07-23 12:20,success
PAY0006859,006910,card,700,2026-07-25 19:45,success
PAY0006860,006911,UPI,1499,2026-07-27 09:46,success
PAY0006861,006912,UPI,2999,2026-07-23 20:46,success
PAY0006862,006912,UPI,-2999,2026-07-23 20:46,refund
PAY0006863,006913,UPI,900,2026-07-27 21:54,success
PAY0006864,006914,UPI,800,2026-07-25 16:29,success
PAY0006865,006915,UPI,900,2026-07-28 16:57,success
PAY0006866,006916,UPI,2999,2026-07-27 20:34,success
PAY0006867,006917,UPI,1850,2026-07-29 16:41,success
PAY0006868,006918,card,1570,2026-07-25 14:09,success
PAY0006869,006919,UPI,2999,2026-07-23 20:42,success
PAY0006870,006920,UPI,650,2026-07-25 12:53,success
PAY0006871,006921,UPI,2999,2026-07-23 21:43,success
PAY0006872,006922,UPI,1450,2026-07-25 15:24,success
PAY0006873,INV-6923,cash,550,2026-07-27 15:40,success
PAY0006874,KH/26-27/006924,cash,1370,2026-07-28 20:16,success
PAY0006875,006925,UPI,1499,2026-07-29 16:08,success
PAY0006876,006926,UPI,150,2026-07-24 14:17,success
PAY0006877,006927,card,3599,2026-07-29 21:12,success
PAY0006878,006928,UPI,1499,2026-07-28 09:21,success
PAY0006879,006929,card,720,2026-07-24 18:09,success
PAY0006880,006930,UPI,620,2026-07-29 20:10,success
PAY0006881,006931,card,600,2026-07-27 21:58,success
PAY0006882,006932,UPI,1650,2026-07-24 12:35,success
PAY0006883,006933,UPI,2000,2026-07-29 18:35,success
PAY0006884,INV-6934,cash,1499,2026-07-26 09:56,success
PAY0006885,006935,UPI,450,2026-07-27 13:59,success
PAY0006886,006936,UPI,1670,2026-07-25 18:39,success
PAY0006887,006937,UPI,2500,2026-07-24 09:09,success
PAY0006888,006938,UPI,2020,2026-07-26 15:32,success
PAY0006889,006939,UPI,450,2026-07-26 10:23,success
PAY0006890,006940,UPI,450,2026-07-23 10:46,success
PAY0006891,006941,UPI,2999,2026-07-28 21:03,success
PAY0006892,006942,UPI,2300,2026-07-25 12:59,success
PAY0006893,006943,UPI,1900,2026-07-26 13:36,success
PAY0006894,INV-6944,cash,600,2026-07-29 15:14,success
PAY0006895,006946,UPI,2999,2026-07-29 12:15,success
PAY0006896,006947,UPI,1970,2026-07-27 21:33,success
PAY0006897,006948,card,250,2026-07-28 12:04,success
PAY0006898,INV-6949,cash,650,2026-07-26 12:07,success
PAY0006899,006950,card,1499,2026-07-25 16:36,success
PAY0006900,006951,UPI,3499,2026-07-24 15:32,success
PAY0006901,006952,card,2700,2026-07-26 10:16,success
PAY0006902,006953,UPI,1250,2026-07-28 09:22,success
PAY0006903,006954,card,3499,2026-07-24 11:31,success
PAY0006904,006955,UPI,1499,2026-07-24 11:16,success
PAY0006905,006956,UPI,2999,2026-07-23 14:55,success
PAY0006906,006957,UPI,300,2026-07-28 14:40,success
PAY0006907,006958,card,1499,2026-07-29 21:54,success
PAY0006908,INV-6959,cash,3499,2026-07-29 18:14,success
PAY0006909,006960,UPI,1499,2026-07-27 12:14,success
PAY0006910,KH/26-27/006961,cash,1050,2026-07-26 18:36,success
PAY0006911,006962,UPI,2999,2026-07-25 15:05,success
PAY0006912,006963,UPI,3499,2026-07-23 14:23,success
PAY0006913,006964,UPI,2999,2026-07-28 19:47,success
PAY0006914,006965,UPI,1750,2026-07-30 13:32,success
PAY0006915,006966,card,2050,2026-07-27 09:13,success
PAY0006916,006967,card,1320,2026-07-30 17:58,success
PAY0006917,006968,UPI,650,2026-07-30 09:52,success
PAY0006918,INV-6969,cash,1499,2026-07-25 12:30,success
PAY0006919,006970,UPI,200,2026-07-27 17:38,success
PAY0006920,INV-6971,cash,2999,2026-07-29 18:52,success
PAY0006921,006972,UPI,2150,2026-07-29 12:58,success
PAY0006922,006973,UPI,550,2026-07-30 16:06,success
PAY0006923,006974,UPI,1250,2026-07-29 19:00,success
PAY0006924,006975,UPI,2999,2026-07-30 17:21,success
PAY0006925,006976,UPI,1000,2026-07-28 19:39,success
PAY0006926,006977,card,2700,2026-07-26 15:16,success
PAY0006927,INV-6978,cash,2999,2026-07-25 19:12,success
PAY0006928,006979,card,820,2026-07-24 16:33,success
PAY0006929,006980,card,900,2026-07-27 19:20,success
PAY0006930,006981,UPI,1250,2026-07-30 13:43,success
PAY0006931,006982,UPI,720,2026-07-24 16:14,success
PAY0006932,006984,UPI,1620,2026-07-30 16:26,success
PAY0006933,006985,card,2350,2026-07-28 20:28,success
PAY0006934,006986,UPI,550,2026-07-30 13:22,success
PAY0006935,006987,UPI,700,2026-07-27 19:46,success
PAY0006936,006988,UPI,2100,2026-07-29 20:57,success
PAY0006937,006990,UPI,650,2026-07-25 09:48,success
PAY0006938,006991,UPI,1750,2026-07-30 18:34,success
PAY0006939,006992,UPI,1300,2026-07-29 10:15,success
PAY0006940,INV-6993,cash,1820,2026-07-25 19:22,success
PAY0006941,006994,UPI,2999,2026-07-30 11:09,success
PAY0006942,006995,UPI,350,2026-07-29 17:08,success
PAY0006943,006996,UPI,1050,2026-07-28 16:10,success
PAY0006944,006997,UPI,900,2026-07-30 12:39,success
PAY0006945,006998,card,1120,2026-07-30 10:39,success
PAY0006946,006999,card,850,2026-07-29 12:15,success
PAY0006947,INV-7000,cash,1650,2026-07-28 14:05,success
PAY0006948,INV-7001,cash,1550,2026-07-27 12:12,success
PAY0006949,007002,UPI,800,2026-07-27 19:12,success
PAY0006950,007003,UPI,2700,2026-07-25 09:33,success
PAY0006951,INV-7004,cash,2999,2026-07-27 14:09,success
PAY0006952,007005,UPI,1550,2026-07-29 15:26,success
PAY0006953,007006,card,1499,2026-07-26 15:39,success
PAY0006954,007007,UPI,700,2026-07-24 14:27,success
PAY0006955,007008,UPI,570,2026-07-27 16:24,success
PAY0006956,007010,UPI,1499,2026-07-28 13:13,success
PAY0006957,007011,UPI,600,2026-07-24 11:25,success
PAY0006958,INV-7012,cash,500,2026-07-28 08:38,success
PAY0006959,007013,UPI,350,2026-07-27 17:50,success
PAY0006960,007014,UPI,1200,2026-07-26 20:04,success
PAY0006961,007015,card,900,2026-07-27 17:26,success
PAY0006962,INV-7016,cash,2100,2026-07-24 14:25,success
PAY0006963,007017,card,2250,2026-07-24 19:03,success
PAY0006964,INV-7018,cash,2900,2026-07-30 10:11,success
PAY0006965,007019,UPI,950,2026-07-27 08:35,success
PAY0006966,007020,card,2200,2026-07-24 11:39,success
PAY0006967,007021,UPI,1850,2026-07-27 11:57,success
PAY0006968,007022,UPI,200,2026-07-30 09:58,success
PAY0006969,INV-7023,cash,2999,2026-07-27 21:57,success
PAY0006970,007024,UPI,500,2026-07-28 16:31,success
PAY0006971,007025,UPI,2000,2026-07-26 10:25,success
PAY0006972,007026,UPI,200,2026-07-29 12:16,success
PAY0006973,INV-7027,cash,1320,2026-07-29 20:09,success
PAY0006974,007028,UPI,1670,2026-07-31 17:10,success
PAY0006975,007029,card,2170,2026-07-31 12:34,success
PAY0006976,007030,UPI,1300,2026-07-28 13:19,success
PAY0006977,007030,UPI,1300,2026-07-28 13:21,success
PAY0006978,007031,UPI,2999,2026-07-26 10:52,success
PAY0006979,007032,card,2999,2026-07-31 19:39,success
PAY0006980,007033,UPI,600,2026-07-29 15:25,success
PAY0006981,INV-7034,cash,250,2026-07-27 20:07,success
PAY0006982,007035,UPI,1300,2026-07-31 13:42,success
PAY0006983,007036,card,1350,2026-07-26 13:13,success
PAY0006984,INV-7037,cash,2999,2026-07-31 20:04,success
PAY0006985,007038,UPI,150,2026-07-27 16:33,success
PAY0006986,INV-7039,cash,1200,2026-07-31 15:43,success
PAY0006987,007040,card,2999,2026-07-25 14:00,success
PAY0006988,007041,card,1200,2026-07-28 09:29,success
PAY0006989,007042,card,1020,2026-07-25 20:13,success
PAY0006990,007043,UPI,3099,2026-07-25 18:01,success
PAY0006991,INV-7044,cash,820,2026-07-31 19:05,success
PAY0006992,007045,UPI,600,2026-07-25 17:18,success
PAY0006993,007046,UPI,700,2026-07-26 16:42,success
PAY0006994,007047,UPI,350,2026-07-28 09:14,success
PAY0006995,007048,card,2000,2026-07-29 13:02,success
PAY0006996,007049,card,350,2026-07-31 10:56,success
PAY0006997,007050,UPI,1520,2026-07-27 13:21,success
PAY0006998,007051,UPI,120,2026-07-31 14:43,success
PAY0006999,007053,card,1850,2026-07-28 19:30,success
PAY0007000,INV-7054,cash,1499,2026-07-27 15:01,success
PAY0007001,007055,UPI,700,2026-07-26 08:43,success
PAY0007002,007056,card,1700,2026-07-29 18:31,success
PAY0007003,KH/26-27/007057,cash,2100,2026-07-28 18:27,success
PAY0007004,KH/26-27/007057,cash,-2100,2026-07-28 18:27,refund
PAY0007005,007058,UPI,650,2026-07-28 18:44,success
PAY0007006,INV-7059,cash,3599,2026-07-31 21:31,success
PAY0007007,INV-7060,cash,2200,2026-07-31 20:45,success
PAY0007008,007062,card,2999,2026-07-26 10:12,success
PAY0007009,007063,card,3499,2026-07-27 13:49,success
PAY0007010,007064,UPI,250,2026-07-30 17:45,success
PAY0007011,INV-7065,cash,2999,2026-07-26 19:35,success
PAY0007012,007066,UPI,550,2026-07-30 13:45,success
PAY0007013,007067,UPI,200,2026-07-31 18:29,success
PAY0007014,007069,UPI,3099,2026-07-31 19:34,success
PAY0007015,007070,UPI,550,2026-07-25 21:39,success
PAY0007016,007070,UPI,-550,2026-07-25 21:39,refund
PAY0007017,007071,UPI,2020,2026-07-29 11:41,success
PAY0007018,007072,UPI,300,2026-07-27 13:24,success
PAY0007019,INV-7073,cash,2999,2026-07-26 12:52,success
PAY0007020,007074,UPI,2999,2026-07-28 21:26,success
PAY0007021,INV-7075,cash,1499,2026-07-25 20:44,success
PAY0007022,007076,card,1400,2026-07-30 08:51,success
PAY0007023,007077,UPI,1800,2026-07-26 14:15,success
PAY0007024,007079,card,550,2026-07-25 14:36,success
PAY0007025,007080,UPI,150,2026-07-26 21:10,success
PAY0007026,007081,UPI,1400,2026-07-28 14:47,success
PAY0007027,007082,card,1100,2026-07-28 21:01,success
PAY0007028,007083,UPI,1499,2026-07-29 10:55,success
PAY0007029,007084,UPI,800,2026-07-29 18:48,success
PAY0007030,007085,UPI,1320,2026-07-27 19:17,success
PAY0007031,INV-7086,cash,1850,2026-07-30 20:41,success
PAY0007032,007087,card,2700,2026-07-27 11:56,success
PAY0007033,007088,UPI,500,2026-07-31 14:07,success
PAY0007034,007089,UPI,1499,2026-07-30 13:58,success
PAY0007035,007090,card,2450,2026-08-01 13:15,success
PAY0007036,INV-7091,cash,1050,2026-07-30 13:38,success
PAY0007037,007092,card,120,2026-07-26 19:09,success
PAY0007038,007093,UPI,620,2026-07-29 20:44,success
PAY0007039,007094,UPI,2999,2026-07-29 14:28,success
PAY0007040,007094,UPI,-2999,2026-07-29 14:28,refund
PAY0007041,007095,card,900,2026-07-27 20:43,success
PAY0007042,007096,UPI,1200,2026-08-01 19:51,success
PAY0007043,007097,card,2700,2026-07-30 20:18,success
PAY0007044,007098,UPI,800,2026-07-31 13:21,success
PAY0007045,007099,card,2999,2026-07-26 09:33,success
PAY0007046,007100,UPI,2999,2026-07-26 08:23,success
PAY0007047,007101,card,1599,2026-07-27 20:21,success
PAY0007048,007102,UPI,1100,2026-07-30 20:28,success
PAY0007049,007103,card,550,2026-07-26 20:09,success
PAY0007050,007104,card,2900,2026-08-01 16:11,success
PAY0007051,KH/26-27/007105,cash,1420,2026-08-01 10:47,success
PAY0007052,007106,UPI,2200,2026-07-29 21:33,success
PAY0007053,007107,card,950,2026-07-29 21:52,success
PAY0007054,007108,card,800,2026-07-31 11:16,success
PAY0007055,007109,UPI,150,2026-07-30 13:47,success
PAY0007056,007110,card,1499,2026-07-27 14:47,success
PAY0007057,INV-7111,cash,1300,2026-08-01 20:27,success
PAY0007058,007112,UPI,1800,2026-07-30 15:58,success
PAY0007059,007114,UPI,1750,2026-07-27 16:12,success
PAY0007060,007115,UPI,3499,2026-07-31 10:11,success
PAY0007061,007116,UPI,1050,2026-07-29 12:46,success
PAY0007062,INV-7117,cash,2070,2026-08-01 12:46,success
PAY0007063,007118,UPI,1700,2026-07-27 15:35,success
PAY0007064,KH/26-27/007119,cash,2020,2026-07-31 11:45,success
PAY0007065,007120,card,1200,2026-07-28 11:02,success
PAY0007066,007121,UPI,600,2026-08-01 17:09,success
PAY0007067,INV-7122,cash,1220,2026-07-29 17:02,success
PAY0007068,007123,UPI,1850,2026-07-31 16:42,success
PAY0007069,007124,card,2999,2026-07-30 21:23,success
PAY0007070,007125,card,600,2026-07-30 08:10,success
PAY0007071,INV-7126,cash,1100,2026-07-30 09:56,success
PAY0007072,007127,card,1750,2026-07-29 09:30,success
PAY0007073,007127,card,1750,2026-07-29 09:32,success
PAY0007074,INV-7128,cash,2520,2026-07-28 21:27,success
PAY0007075,007129,card,1150,2026-07-26 17:44,success
PAY0007076,007130,UPI,1150,2026-07-31 20:06,success
PAY0007077,007131,UPI,2999,2026-07-31 20:53,success
PAY0007078,INV-7133,cash,1120,2026-07-28 09:04,success
PAY0007079,007134,card,1150,2026-08-01 12:34,success
PAY0007080,007135,UPI,1499,2026-07-28 18:43,success
PAY0007081,007136,card,3499,2026-07-29 21:49,success
PAY0007082,INV-7137,cash,2999,2026-07-29 18:50,success
PAY0007083,007138,card,600,2026-07-27 17:03,success
PAY0007084,007139,UPI,850,2026-07-30 20:30,success
PAY0007085,007140,UPI,2700,2026-07-30 10:11,success
PAY0007086,007141,card,2999,2026-07-30 09:48,success
PAY0007087,007142,UPI,1520,2026-08-01 16:45,success
PAY0007088,INV-7143,cash,1800,2026-07-31 21:01,success
PAY0007089,007144,UPI,2999,2026-07-30 09:13,success
PAY0007090,007145,UPI,2999,2026-08-02 15:24,success
PAY0007091,007146,card,3499,2026-07-29 12:57,success
PAY0007092,INV-7147,cash,650,2026-07-29 17:59,success
PAY0007093,007148,card,450,2026-07-29 10:13,success
PAY0007094,007149,UPI,2999,2026-07-29 18:47,success
PAY0007095,007150,UPI,900,2026-07-28 12:23,success
PAY0007096,INV-7151,cash,900,2026-07-28 11:22,success
PAY0007097,INV-7152,cash,800,2026-08-01 16:26,success
PAY0007098,007153,UPI,1800,2026-07-28 08:14,success
PAY0007099,007154,card,2999,2026-08-01 17:24,success
PAY0007100,007155,UPI,2550,2026-07-28 12:31,success
PAY0007101,007156,UPI,700,2026-07-28 09:12,success
PAY0007102,007157,UPI,1250,2026-07-29 09:38,success
PAY0007103,007158,UPI,1250,2026-07-30 21:49,success
PAY0007104,INV-7159,cash,850,2026-08-02 09:05,success
PAY0007105,007160,UPI,2999,2026-07-30 08:44,success
PAY0007106,007161,card,600,2026-08-02 13:07,success
PAY0007107,007163,UPI,3499,2026-07-31 12:23,success
PAY0007108,007164,UPI,2999,2026-07-27 09:36,success
PAY0007109,INV-7165,cash,1400,2026-08-02 14:02,success
PAY0007110,007166,card,450,2026-07-28 18:52,success
PAY0007111,007167,UPI,2999,2026-07-30 09:34,success
PAY0007112,007168,UPI,850,2026-07-31 15:01,success
PAY0007113,007169,UPI,2999,2026-07-31 14:06,success
PAY0007114,007170,UPI,1499,2026-08-02 20:27,success
PAY0007115,007171,UPI,2150,2026-08-01 11:45,success
PAY0007116,007172,card,1499,2026-08-01 16:06,success
PAY0007117,INV-7174,cash,2450,2026-07-28 10:52,success
PAY0007118,007175,UPI,450,2026-07-28 17:14,success
PAY0007119,INV-7176,cash,2250,2026-07-28 09:42,success
PAY0007120,INV-7177,cash,1400,2026-08-02 17:34,success
PAY0007121,007178,card,1300,2026-07-29 12:20,success
PAY0007122,INV-7179,cash,650,2026-07-29 16:00,success
PAY0007123,007180,UPI,850,2026-07-27 20:01,success
PAY0007124,007181,UPI,1499,2026-08-02 15:42,success
PAY0007125,007182,UPI,1499,2026-07-31 09:07,success
PAY0007126,007183,card,2999,2026-07-29 18:19,success
PAY0007127,007184,UPI,1000,2026-07-29 19:49,success
PAY0007128,INV-7185,cash,820,2026-07-31 12:45,success
PAY0007129,007186,card,650,2026-07-28 16:23,success
PAY0007130,007187,UPI,200,2026-07-31 15:32,success
PAY0007131,INV-7188,cash,2999,2026-08-03 11:17,success
PAY0007132,007189,UPI,2250,2026-08-03 08:33,success
PAY0007133,007190,card,550,2026-07-31 11:29,success
PAY0007134,007190,card,550,2026-07-31 11:31,success
PAY0007135,INV-7191,cash,270,2026-07-29 09:14,success
PAY0007136,007192,card,1499,2026-07-29 19:04,success
PAY0007137,007193,UPI,1650,2026-07-29 15:03,success
PAY0007138,INV-7194,cash,200,2026-08-01 15:54,success
PAY0007139,007195,UPI,1200,2026-08-02 08:31,success
PAY0007140,007196,UPI,500,2026-07-30 10:53,success
PAY0007141,007197,card,900,2026-07-28 15:41,success
PAY0007142,INV-7198,cash,3099,2026-08-01 15:39,success
PAY0007143,007199,card,1750,2026-07-31 16:42,success
PAY0007144,007200,UPI,600,2026-07-29 18:27,success
PAY0007145,007201,UPI,650,2026-07-28 12:20,success
PAY0007146,007202,UPI,1499,2026-08-03 18:52,success
PAY0007147,007203,UPI,450,2026-07-31 09:31,success
PAY0007148,007204,UPI,900,2026-08-02 16:19,success
PAY0007149,007205,UPI,600,2026-07-28 15:08,success
PAY0007150,INV-7206,cash,1700,2026-07-30 20:12,success
PAY0007151,007207,card,570,2026-08-01 19:53,success
PAY0007152,INV-7208,cash,1600,2026-07-30 20:14,success
PAY0007153,007209,UPI,1950,2026-08-01 08:18,success
PAY0007154,007210,card,3150,2026-08-01 10:51,success
PAY0007155,INV-7211,cash,2200,2026-07-30 20:14,success
PAY0007156,INV-7212,cash,1050,2026-07-29 21:59,success
PAY0007157,007213,UPI,2999,2026-07-29 19:19,success
PAY0007158,007214,card,1100,2026-07-31 20:36,success
PAY0007159,INV-7215,cash,1050,2026-07-29 21:08,success
PAY0007160,INV-7216,cash,2999,2026-08-02 09:04,success
PAY0007161,007217,card,670,2026-08-02 19:22,success
PAY0007162,007218,UPI,970,2026-08-03 11:51,success
PAY0007163,007219,UPI,3499,2026-08-01 11:48,success
PAY0007164,007220,card,150,2026-08-01 13:19,success
PAY0007165,007221,UPI,1850,2026-07-29 10:38,success
PAY0007166,007222,UPI,120,2026-07-28 11:16,success
PAY0007167,007223,card,1500,2026-07-29 08:09,success
PAY0007168,007224,UPI,3499,2026-08-02 15:50,success
PAY0007169,007225,UPI,1200,2026-08-03 12:50,success
PAY0007170,007226,UPI,2999,2026-07-28 18:57,success
PAY0007171,007227,UPI,1670,2026-07-31 20:41,success
PAY0007172,007228,UPI,320,2026-07-30 12:23,success
PAY0007173,INV-7229,cash,1499,2026-07-28 21:02,success
PAY0007174,INV-7230,cash,2999,2026-07-31 19:28,success
PAY0007175,007231,UPI,500,2026-07-29 15:45,success
PAY0007176,INV-7232,cash,1350,2026-07-30 08:56,success
PAY0007177,INV-7233,cash,1550,2026-07-28 08:32,success
PAY0007178,007234,card,3099,2026-07-30 11:57,success
PAY0007179,INV-7235,cash,500,2026-08-03 12:38,success
PAY0007180,INV-7236,cash,270,2026-08-02 10:27,success
PAY0007181,007237,UPI,1400,2026-08-02 18:10,success
PAY0007182,007238,UPI,850,2026-07-31 21:51,success
PAY0007183,007239,UPI,2150,2026-08-02 17:17,success
PAY0007184,007240,UPI,2999,2026-08-02 19:41,success
PAY0007185,007241,UPI,1550,2026-07-31 19:57,success
PAY0007186,INV-7242,cash,1499,2026-08-02 10:31,success
PAY0007187,007243,card,1750,2026-07-31 14:50,success
PAY0007188,INV-7244,cash,1200,2026-08-01 14:15,success
PAY0007189,007245,UPI,1499,2026-08-02 10:02,success
PAY0007190,007246,card,2999,2026-08-02 11:55,success
PAY0007191,007247,card,2999,2026-07-31 11:04,success
PAY0007192,007248,UPI,2999,2026-08-01 21:16,success
PAY0007193,007249,UPI,120,2026-07-29 17:38,success
PAY0007194,007250,UPI,1700,2026-08-01 08:34,success
PAY0007195,007251,UPI,2999,2026-08-03 09:19,success
PAY0007196,007252,UPI,1700,2026-07-30 21:28,success
PAY0007197,INV-7253,cash,950,2026-07-31 18:04,success
PAY0007198,007254,card,2100,2026-07-30 18:30,success
PAY0007199,007256,card,2350,2026-07-29 08:35,success
PAY0007200,INV-7257,cash,1070,2026-07-29 16:03,success
PAY0007201,007258,card,1300,2026-08-01 15:40,success
PAY0007202,007259,UPI,1100,2026-07-31 08:08,success
PAY0007203,007260,card,1700,2026-08-01 08:49,success
PAY0007204,007261,card,2999,2026-08-04 10:41,success
PAY0007205,007262,card,3099,2026-08-03 10:56,success
PAY0007206,007263,UPI,1670,2026-07-31 13:03,success
PAY0007207,007264,UPI,2999,2026-07-30 10:56,success
PAY0007208,007265,card,1020,2026-08-02 20:41,success
PAY0007209,007266,UPI,820,2026-08-01 13:10,success
PAY0007210,007267,card,200,2026-08-01 17:12,success
PAY0007211,007268,UPI,1120,2026-08-02 11:07,success
PAY0007212,007269,card,670,2026-07-29 10:08,success
PAY0007213,007270,UPI,3499,2026-08-03 10:08,success
PAY0007214,007271,UPI,600,2026-08-04 16:36,success
PAY0007215,007272,card,900,2026-08-04 20:37,success
PAY0007216,007273,UPI,1950,2026-08-03 13:19,success
PAY0007217,007274,UPI,270,2026-08-01 15:23,success
PAY0007218,007275,card,350,2026-07-29 16:07,success
PAY0007219,007276,card,450,2026-07-30 11:56,success
PAY0007220,007277,UPI,2999,2026-08-02 18:08,success
PAY0007221,007278,UPI,2999,2026-08-01 19:14,success
PAY0007222,007279,card,1470,2026-07-31 08:42,success
PAY0007223,INV-7280,cash,250,2026-08-02 10:02,success
PAY0007224,007281,card,1499,2026-08-03 14:16,success
PAY0007225,007282,UPI,200,2026-07-31 15:51,success
PAY0007226,007283,UPI,1900,2026-08-02 13:06,success
PAY0007227,007284,UPI,1000,2026-08-03 20:08,success
PAY0007228,007285,UPI,2999,2026-08-02 14:08,success
PAY0007229,007286,UPI,200,2026-08-01 12:45,success
PAY0007230,007287,card,2999,2026-08-01 11:44,success
PAY0007231,007288,UPI,800,2026-08-02 19:48,success
PAY0007232,007290,UPI,1300,2026-08-02 21:24,success
PAY0007233,007291,UPI,2999,2026-07-31 18:09,success
PAY0007234,007292,card,800,2026-07-30 20:01,success
PAY0007235,007293,UPI,2999,2026-08-01 13:43,success
PAY0007236,INV-7294,cash,450,2026-07-29 14:47,success
PAY0007237,007295,UPI,1250,2026-08-02 13:43,success
PAY0007238,007296,UPI,1200,2026-07-31 09:04,success
PAY0007239,INV-7297,cash,1400,2026-08-04 13:25,success
PAY0007240,007298,UPI,2350,2026-08-04 11:11,success
PAY0007241,007298,UPI,2350,2026-08-04 11:13,success
PAY0007242,007299,UPI,1599,2026-08-02 19:03,success
PAY0007243,INV-7300,cash,1370,2026-08-02 19:58,success
PAY0007244,007301,UPI,1499,2026-08-04 16:39,success
PAY0007245,007302,UPI,2999,2026-08-01 12:21,success
PAY0007246,007303,UPI,700,2026-07-30 08:32,success
PAY0007247,007304,card,2999,2026-07-31 21:49,success
PAY0007248,007305,card,1250,2026-07-29 12:31,success
PAY0007249,007306,card,2999,2026-07-30 13:39,success
PAY0007250,007307,card,1499,2026-07-29 08:54,success
PAY0007251,007308,UPI,550,2026-08-01 13:16,success
PAY0007252,007309,UPI,850,2026-08-01 14:31,success
PAY0007253,007310,UPI,1200,2026-07-30 13:52,success
PAY0007254,007311,UPI,500,2026-07-30 16:12,success
PAY0007255,INV-7312,cash,770,2026-08-01 09:42,success
PAY0007256,007313,UPI,350,2026-08-03 18:05,success
PAY0007257,INV-7314,cash,1850,2026-08-02 21:18,success
PAY0007258,007315,card,1350,2026-07-30 11:29,success
PAY0007259,007316,UPI,2200,2026-07-31 21:56,success
PAY0007260,007317,UPI,1370,2026-07-30 20:06,success
PAY0007261,007318,UPI,720,2026-08-04 19:51,success
PAY0007262,007319,UPI,1499,2026-07-31 15:54,success
PAY0007263,INV-7320,cash,700,2026-07-31 15:23,success
PAY0007264,007321,UPI,1499,2026-07-31 10:52,success
PAY0007265,007323,card,350,2026-07-31 20:46,success
PAY0007266,007324,card,1499,2026-08-05 08:40,success
PAY0007267,INV-7325,cash,600,2026-08-03 10:56,success
PAY0007268,007326,UPI,2050,2026-07-30 19:10,success
PAY0007269,INV-7327,cash,450,2026-08-02 10:27,success
PAY0007270,007328,UPI,3499,2026-07-31 19:33,success
PAY0007271,INV-7329,cash,3499,2026-07-31 10:59,success
PAY0007272,INV-7330,cash,2999,2026-07-31 15:50,success
PAY0007273,007331,UPI,2450,2026-08-02 19:29,success
PAY0007274,INV-7332,cash,1499,2026-07-30 11:59,success
PAY0007275,007333,UPI,3499,2026-07-30 11:49,success
PAY0007276,007333,UPI,3499,2026-07-30 11:51,success
PAY0007277,007334,UPI,1620,2026-07-30 11:11,success
PAY0007278,INV-7336,cash,1499,2026-08-01 19:26,success
PAY0007279,KH/26-27/007337,cash,1499,2026-07-30 10:34,success
PAY0007280,007338,card,700,2026-08-05 17:54,success
PAY0007281,007339,UPI,150,2026-08-03 17:52,success
PAY0007282,007340,UPI,3499,2026-07-30 17:15,success
PAY0007283,007341,UPI,3499,2026-08-02 19:50,success
PAY0007284,007342,card,900,2026-08-02 10:50,success
PAY0007285,007343,UPI,350,2026-08-05 14:27,success
PAY0007286,007343,UPI,350,2026-08-05 14:29,success
PAY0007287,007344,card,650,2026-07-30 08:42,success
PAY0007288,007345,UPI,2100,2026-07-30 10:47,success
PAY0007289,007346,UPI,1400,2026-07-31 17:19,success
PAY0007290,007347,UPI,220,2026-08-03 19:58,success
PAY0007291,007348,UPI,1499,2026-08-03 18:28,success
PAY0007292,007349,UPI,2999,2026-07-31 16:34,success
PAY0007293,INV-7351,cash,2650,2026-07-30 11:23,success
PAY0007294,007352,UPI,1600,2026-08-04 21:59,success
PAY0007295,KH/26-27/007353,cash,1300,2026-07-30 08:53,success
PAY0007296,INV-7354,cash,550,2026-08-04 18:41,success
PAY0007297,007355,card,650,2026-08-02 20:00,success
PAY0007298,007356,card,1599,2026-07-31 12:14,success
PAY0007299,007357,UPI,200,2026-07-31 10:08,success
PAY0007300,KH/26-27/007358,cash,200,2026-08-05 14:53,success
PAY0007301,007359,UPI,600,2026-07-30 16:05,success
PAY0007302,007360,card,200,2026-08-05 20:09,success
PAY0007303,007360,card,200,2026-08-05 20:11,success
PAY0007304,007360,card,-200,2026-08-05 20:09,refund
PAY0007305,007361,UPI,2100,2026-08-01 11:00,success
PAY0007306,007362,UPI,700,2026-07-31 14:25,success
PAY0007307,007363,UPI,2999,2026-08-05 20:28,success
PAY0007308,007364,card,1499,2026-08-05 17:09,success
PAY0007309,007364,card,1499,2026-08-05 17:11,success
PAY0007310,007365,UPI,3499,2026-08-05 15:28,success
PAY0007311,007366,UPI,1800,2026-08-01 08:40,success
PAY0007312,INV-7367,cash,470,2026-07-31 21:18,success
PAY0007313,007368,UPI,2999,2026-08-03 12:02,success
PAY0007314,007369,UPI,1750,2026-07-31 21:54,success
PAY0007315,007370,UPI,120,2026-07-31 19:06,success
PAY0007316,007372,UPI,570,2026-08-04 15:45,success
PAY0007317,007373,UPI,1600,2026-08-01 09:17,success
PAY0007318,INV-7374,cash,2999,2026-07-31 18:35,success
PAY0007319,007376,UPI,1499,2026-07-30 17:13,success
PAY0007320,INV-7377,cash,1620,2026-07-30 16:36,success
PAY0007321,INV-7378,cash,1650,2026-08-03 19:53,success
PAY0007322,007379,UPI,600,2026-08-04 16:47,success
PAY0007323,007380,UPI,500,2026-08-03 12:31,success
PAY0007324,INV-7381,cash,2999,2026-07-30 13:53,success
PAY0007325,007382,UPI,2999,2026-08-05 16:24,success
PAY0007326,007383,UPI,850,2026-08-03 17:08,success
PAY0007327,INV-7384,cash,2999,2026-08-05 16:02,success
PAY0007328,007385,card,750,2026-08-03 15:14,success
PAY0007329,007385,card,-750,2026-08-03 15:14,refund
PAY0007330,007386,card,2150,2026-08-05 21:13,success
PAY0007331,007387,UPI,2999,2026-08-06 16:24,success
PAY0007332,007388,UPI,700,2026-08-06 08:23,success
PAY0007333,007389,card,770,2026-08-02 18:17,success
PAY0007334,007390,UPI,220,2026-08-06 11:05,success
PAY0007335,007391,UPI,470,2026-08-06 16:11,success
PAY0007336,007392,card,3499,2026-08-04 14:35,success
PAY0007337,INV-7393,cash,1750,2026-08-04 20:27,success
PAY0007338,007394,UPI,500,2026-08-04 18:36,success
PAY0007339,INV-7395,cash,1820,2026-08-06 18:50,success
PAY0007340,007396,card,450,2026-08-04 17:07,success
PAY0007341,INV-7397,cash,1600,2026-08-04 21:12,success
PAY0007342,INV-7398,cash,2999,2026-08-03 20:08,success
PAY0007343,INV-7399,cash,900,2026-08-03 09:59,success
PAY0007344,007400,UPI,650,2026-08-01 10:33,success
PAY0007345,KH/26-27/007401,cash,450,2026-08-06 15:07,success
PAY0007346,007402,UPI,2800,2026-08-01 13:17,success
PAY0007347,007403,UPI,200,2026-08-03 16:03,success
PAY0007348,007404,UPI,1850,2026-08-02 10:50,success
PAY0007349,007405,UPI,1200,2026-08-02 17:31,success
PAY0007350,KH/26-27/007406,cash,1499,2026-07-31 09:56,success
PAY0007351,INV-7407,cash,1499,2026-07-31 20:09,success
PAY0007352,007408,UPI,3250,2026-08-01 14:55,success
PAY0007353,007409,UPI,1550,2026-08-03 10:57,success
PAY0007354,INV-7410,cash,2400,2026-08-06 16:55,success
PAY0007355,007411,card,1499,2026-08-05 10:19,success
PAY0007356,007412,UPI,2999,2026-08-03 12:53,success
PAY0007357,007413,card,1350,2026-08-01 20:41,success
PAY0007358,007414,UPI,1450,2026-08-01 08:43,success
PAY0007359,007415,card,570,2026-08-04 09:54,success
PAY0007360,007416,UPI,3499,2026-08-02 08:39,success
PAY0007361,007417,UPI,2520,2026-08-05 14:48,success
PAY0007362,INV-7418,cash,600,2026-08-06 20:49,success
PAY0007363,007419,UPI,1270,2026-08-06 17:06,success
PAY0007364,INV-7420,cash,2999,2026-08-03 08:19,success
PAY0007365,007421,card,1900,2026-08-06 19:21,success
PAY0007366,007422,card,450,2026-08-01 09:39,success
PAY0007367,007423,UPI,600,2026-08-04 16:03,success
PAY0007368,007424,UPI,1499,2026-08-01 14:33,success
PAY0007369,007425,UPI,150,2026-08-02 13:41,success
PAY0007370,INV-7426,cash,1400,2026-08-02 16:44,success
PAY0007371,INV-7427,cash,1820,2026-08-05 12:30,success
PAY0007372,007428,UPI,800,2026-08-03 14:35,success
PAY0007373,007430,UPI,3499,2026-08-03 11:44,success
PAY0007374,007431,UPI,2600,2026-07-31 10:34,success
PAY0007375,007432,UPI,2500,2026-08-06 21:21,success
PAY0007376,007433,UPI,550,2026-08-03 12:10,success
PAY0007377,007434,UPI,1800,2026-08-03 20:06,success
PAY0007378,KH/26-27/007435,cash,350,2026-08-06 11:27,success
PAY0007379,INV-7436,cash,350,2026-08-06 16:05,success
PAY0007380,007437,UPI,1499,2026-08-01 13:14,success
PAY0007381,007438,UPI,1800,2026-08-06 19:27,success
PAY0007382,007439,card,2100,2026-08-05 18:40,success
PAY0007383,INV-7440,cash,250,2026-08-06 17:53,success
PAY0007384,INV-7441,cash,1499,2026-08-07 18:05,success
PAY0007385,007442,UPI,850,2026-08-05 17:08,success
PAY0007386,007443,card,1500,2026-08-02 13:08,success
PAY0007387,007444,UPI,1550,2026-08-01 16:48,success
PAY0007388,007445,card,1499,2026-08-01 15:16,success
PAY0007389,007447,UPI,1320,2026-08-05 15:09,success
PAY0007390,007448,UPI,600,2026-08-02 10:05,success
PAY0007391,007449,UPI,1400,2026-08-06 09:56,success
PAY0007392,INV-7450,cash,2999,2026-08-07 13:30,success
PAY0007393,007451,UPI,2999,2026-08-05 16:02,success
PAY0007394,007452,UPI,1800,2026-08-04 12:31,success
PAY0007395,007453,card,2100,2026-08-04 10:28,success
PAY0007396,007454,UPI,1350,2026-08-06 12:01,success
PAY0007397,007455,UPI,1050,2026-08-05 18:12,success
PAY0007398,007456,UPI,950,2026-08-03 12:39,success
PAY0007399,007457,UPI,2450,2026-08-07 17:04,success
PAY0007400,INV-7458,cash,1750,2026-08-02 18:07,success
PAY0007401,INV-7459,cash,1499,2026-08-05 20:16,success
PAY0007402,007460,card,1600,2026-08-06 15:43,success
PAY0007403,007461,card,900,2026-08-04 10:15,success
PAY0007404,007462,UPI,470,2026-08-06 18:42,success
PAY0007405,007463,UPI,850,2026-08-06 18:52,success
PAY0007406,007464,card,1020,2026-08-06 10:29,success
PAY0007407,INV-7465,cash,1000,2026-08-02 21:40,success
PAY0007408,007466,card,1400,2026-08-07 14:33,success
PAY0007409,KH/26-27/007467,cash,350,2026-08-07 13:11,success
PAY0007410,007468,card,2999,2026-08-06 20:46,success
PAY0007411,007469,UPI,2870,2026-08-05 13:23,success
PAY0007412,007470,UPI,1270,2026-08-03 13:26,success
PAY0007413,007471,UPI,1650,2026-08-07 15:49,success
PAY0007414,007473,UPI,1499,2026-08-05 09:29,success
PAY0007415,007474,UPI,670,2026-08-06 11:26,success
PAY0007416,007475,UPI,1150,2026-08-04 20:05,success
PAY0007417,007476,card,1200,2026-08-02 18:40,success
PAY0007418,007477,card,2999,2026-08-01 09:48,success
PAY0007419,007478,UPI,1499,2026-08-01 15:26,success
PAY0007420,007479,UPI,1500,2026-08-02 10:26,success
PAY0007421,INV-7480,cash,120,2026-08-01 17:14,success
PAY0007422,007481,UPI,1870,2026-08-05 09:55,success
PAY0007423,INV-7482,cash,2150,2026-08-01 12:29,success
PAY0007424,007483,UPI,2999,2026-08-01 11:49,success
PAY0007425,007484,UPI,870,2026-08-04 21:44,success
PAY0007426,007486,UPI,350,2026-08-03 12:06,success
PAY0007427,007487,UPI,900,2026-08-01 09:50,success
PAY0007428,007488,UPI,2050,2026-08-01 20:26,success
PAY0007429,INV-7489,cash,1550,2026-08-03 19:25,success
PAY0007430,INV-7490,cash,1400,2026-08-07 17:28,success
PAY0007431,007491,card,1050,2026-08-02 13:55,success
PAY0007432,INV-7492,cash,820,2026-08-04 14:46,success
PAY0007433,007493,UPI,2999,2026-08-01 11:40,success
PAY0007434,007494,card,2800,2026-08-05 15:10,success
PAY0007435,007495,card,1600,2026-08-05 09:49,success
PAY0007436,007496,UPI,500,2026-08-04 18:09,success
PAY0007437,007497,UPI,1150,2026-08-05 08:21,success
PAY0007438,007498,UPI,1499,2026-08-06 08:55,success
PAY0007439,007499,UPI,1570,2026-08-02 14:57,success
PAY0007440,INV-7500,cash,820,2026-08-06 08:03,success
PAY0007441,007501,UPI,450,2026-08-01 19:30,success
PAY0007442,007502,UPI,1499,2026-08-06 10:54,success
PAY0007443,007503,UPI,2999,2026-08-04 19:26,success
PAY0007444,007504,card,500,2026-08-03 08:26,success
PAY0007445,INV-7505,cash,3499,2026-08-03 21:48,success
PAY0007446,007507,UPI,2050,2026-08-02 08:12,success
PAY0007447,007508,card,1800,2026-08-08 15:56,success
PAY0007448,INV-7509,cash,1499,2026-08-02 16:04,success
PAY0007449,007510,UPI,2999,2026-08-07 09:10,success
PAY0007450,007511,UPI,350,2026-08-04 19:54,success
PAY0007451,007511,UPI,350,2026-08-04 19:56,success
PAY0007452,007512,UPI,1800,2026-08-05 18:36,success
PAY0007453,007513,UPI,650,2026-08-02 21:51,success
PAY0007454,007513,UPI,650,2026-08-02 21:53,success
PAY0007455,007514,UPI,700,2026-08-02 10:51,success
PAY0007456,007515,UPI,1350,2026-08-03 10:59,success
PAY0007457,INV-7516,cash,1600,2026-08-04 12:09,success
PAY0007458,007517,UPI,900,2026-08-03 12:49,success
PAY0007459,007518,UPI,1350,2026-08-08 20:28,success
PAY0007460,007519,UPI,2000,2026-08-03 16:59,success
PAY0007461,007520,card,800,2026-08-07 11:07,success
PAY0007462,007521,UPI,350,2026-08-08 10:54,success
PAY0007463,007522,card,2350,2026-08-08 19:39,success
PAY0007464,007523,UPI,2600,2026-08-02 08:19,success
PAY0007465,007524,UPI,600,2026-08-08 09:27,success
PAY0007466,007525,UPI,850,2026-08-02 13:02,success
PAY0007467,007526,card,550,2026-08-07 09:19,success
PAY0007468,INV-7527,cash,1800,2026-08-08 09:54,success
PAY0007469,007528,UPI,1200,2026-08-07 08:43,success
PAY0007470,007529,UPI,2999,2026-08-08 16:35,success
PAY0007471,007530,UPI,2999,2026-08-08 21:18,success
PAY0007472,007531,UPI,1520,2026-08-02 09:10,success
PAY0007473,INV-7532,cash,1500,2026-08-04 15:08,success
PAY0007474,007533,card,950,2026-08-04 13:58,success
PAY0007475,007534,UPI,1800,2026-08-08 15:49,success
PAY0007476,007535,card,1400,2026-08-06 16:24,success
PAY0007477,007536,card,3499,2026-08-05 20:48,success
PAY0007478,007537,UPI,550,2026-08-06 10:14,success
PAY0007479,KH/26-27/007538,cash,600,2026-08-03 15:38,success
PAY0007480,007540,card,2450,2026-08-07 11:48,success
PAY0007481,007541,card,1570,2026-08-06 19:55,success
PAY0007482,007542,UPI,700,2026-08-04 17:08,success
PAY0007483,007543,card,1200,2026-08-04 14:21,success
PAY0007484,007543,card,1200,2026-08-04 14:23,success
PAY0007485,INV-7544,cash,1200,2026-08-07 15:47,success
PAY0007486,007545,UPI,3499,2026-08-08 20:16,success
PAY0007487,007546,card,2100,2026-08-03 17:31,success
PAY0007488,007547,UPI,3499,2026-08-03 16:37,success
PAY0007489,007548,UPI,1150,2026-08-04 12:26,success
PAY0007490,007549,UPI,2999,2026-08-05 09:30,success
PAY0007491,007550,UPI,700,2026-08-05 21:33,success
PAY0007492,007551,UPI,1499,2026-08-03 21:28,success
PAY0007493,007552,UPI,2999,2026-08-07 18:56,success
PAY0007494,007553,card,1499,2026-08-06 10:37,success
PAY0007495,007554,card,2100,2026-08-05 14:49,success
PAY0007496,INV-7555,cash,1950,2026-08-08 12:55,success
PAY0007497,007556,UPI,770,2026-08-05 16:23,success
PAY0007498,007557,UPI,2300,2026-08-05 21:15,success
PAY0007499,007558,card,2999,2026-08-04 13:55,success
PAY0007500,007559,UPI,1200,2026-08-09 17:21,success
PAY0007501,007560,card,670,2026-08-06 12:53,success
PAY0007502,007561,UPI,2999,2026-08-05 19:25,success
PAY0007503,007562,UPI,1499,2026-08-07 20:41,success
PAY0007504,007563,UPI,2350,2026-08-08 20:59,success
PAY0007505,007564,UPI,2850,2026-08-07 11:37,success
PAY0007506,007565,UPI,700,2026-08-03 12:57,success
PAY0007507,INV-7566,cash,1250,2026-08-07 09:49,success
PAY0007508,007567,card,2999,2026-08-07 16:40,success
PAY0007509,007568,card,1600,2026-08-04 12:33,success
PAY0007510,INV-7569,cash,2999,2026-08-05 16:08,success
PAY0007511,007570,UPI,1200,2026-08-05 09:36,success
PAY0007512,INV-7571,cash,1020,2026-08-08 08:49,success
PAY0007513,007572,UPI,600,2026-08-03 10:18,success
PAY0007514,007573,UPI,3499,2026-08-03 10:39,success
PAY0007515,007574,card,200,2026-08-05 14:43,success
PAY0007516,007575,UPI,1150,2026-08-09 16:19,success
PAY0007517,007577,UPI,1499,2026-08-07 16:41,success
PAY0007518,007578,card,120,2026-08-08 12:01,success
PAY0007519,007579,UPI,550,2026-08-07 09:58,success
PAY0007520,KH/26-27/007580,cash,2020,2026-08-06 11:06,success
PAY0007521,007581,UPI,1820,2026-08-08 21:29,success
PAY0007522,007582,UPI,2999,2026-08-05 19:18,success
PAY0007523,007583,card,350,2026-08-03 16:49,success
PAY0007524,007584,UPI,3599,2026-08-04 10:49,success
PAY0007525,INV-7585,cash,1499,2026-08-08 16:49,success
PAY0007526,007586,UPI,2999,2026-08-05 16:15,success
PAY0007527,007587,card,1499,2026-08-04 13:39,success
PAY0007528,INV-7588,cash,2999,2026-08-05 12:13,success
PAY0007529,INV-7589,cash,1499,2026-08-07 12:51,success
PAY0007530,007590,UPI,3499,2026-08-09 13:37,success
PAY0007531,007591,card,550,2026-08-07 14:33,success
PAY0007532,007592,UPI,1499,2026-08-06 11:35,success
PAY0007533,INV-7593,cash,450,2026-08-09 09:19,success
PAY0007534,007594,UPI,2300,2026-08-07 17:36,success
PAY0007535,007595,UPI,1450,2026-08-03 21:24,success
PAY0007536,007596,card,1920,2026-08-05 19:35,success
PAY0007537,007597,UPI,1250,2026-08-08 14:17,success
PAY0007538,007598,UPI,750,2026-08-03 21:31,success
PAY0007539,007598,UPI,-750,2026-08-03 21:31,refund
PAY0007540,007599,UPI,2999,2026-08-05 19:30,success
PAY0007541,INV-7600,cash,3599,2026-08-04 08:32,success
PAY0007542,INV-7601,cash,2650,2026-08-05 17:06,success
PAY0007543,007602,UPI,1470,2026-08-04 18:35,success
PAY0007544,007603,UPI,700,2026-08-04 12:06,success
PAY0007545,007604,card,1200,2026-08-03 21:35,success
PAY0007546,007605,UPI,3499,2026-08-04 13:49,success
PAY0007547,007606,UPI,2999,2026-08-08 14:21,success
PAY0007548,007607,card,670,2026-08-08 17:11,success
PAY0007549,INV-7608,cash,1500,2026-08-04 11:17,success
PAY0007550,007609,UPI,900,2026-08-03 20:59,success
PAY0007551,INV-7610,cash,3499,2026-08-07 08:05,success
PAY0007552,007611,card,2250,2026-08-07 15:37,success
PAY0007553,007612,UPI,1700,2026-08-09 20:38,success
PAY0007554,007613,UPI,2999,2026-08-06 18:36,success
PAY0007555,KH/26-27/007614,cash,250,2026-08-10 15:03,success
PAY0007556,007615,UPI,2999,2026-08-04 12:05,success
PAY0007557,007616,UPI,1650,2026-08-04 15:39,success
PAY0007558,INV-7617,cash,2250,2026-08-04 16:00,success
PAY0007559,007618,UPI,3499,2026-08-04 10:20,success
PAY0007560,007619,UPI,620,2026-08-08 13:49,success
PAY0007561,007620,UPI,2800,2026-08-05 13:28,success
PAY0007562,007620,UPI,2800,2026-08-05 13:30,success
PAY0007563,007621,UPI,2750,2026-08-07 17:26,success
PAY0007564,007622,UPI,3499,2026-08-09 09:45,success
PAY0007565,007623,card,2999,2026-08-04 14:14,success
PAY0007566,007624,UPI,2999,2026-08-06 12:19,success
PAY0007567,007625,card,2999,2026-08-10 10:17,success
PAY0007568,007626,UPI,650,2026-08-10 11:59,success
PAY0007569,INV-7627,cash,550,2026-08-07 12:52,success
PAY0007570,007628,card,350,2026-08-06 15:02,success
PAY0007571,007629,UPI,800,2026-08-04 14:38,success
PAY0007572,INV-7630,cash,350,2026-08-06 13:59,success
PAY0007573,007631,UPI,1320,2026-08-09 11:33,success
PAY0007574,INV-7632,cash,1499,2026-08-07 13:43,success
PAY0007575,007633,card,2500,2026-08-08 18:45,success
PAY0007576,007633,card,-2500,2026-08-08 18:45,refund
PAY0007577,007634,UPI,150,2026-08-08 11:37,success
PAY0007578,007635,card,2999,2026-08-06 13:49,success
PAY0007579,INV-7636,cash,2200,2026-08-10 13:52,success
PAY0007580,007637,UPI,600,2026-08-08 20:43,success
PAY0007581,007638,UPI,800,2026-08-06 09:30,success
PAY0007582,007638,UPI,-800,2026-08-06 09:30,refund
PAY0007583,INV-7639,cash,2300,2026-08-06 08:05,success
PAY0007584,007640,UPI,1100,2026-08-07 12:43,success
PAY0007585,007641,card,650,2026-08-09 19:17,success
PAY0007586,007643,UPI,600,2026-08-05 19:06,success
PAY0007587,INV-7644,cash,1720,2026-08-10 09:03,success
PAY0007588,007645,UPI,550,2026-08-09 16:21,success
PAY0007589,007646,UPI,2150,2026-08-09 09:43,success
PAY0007590,007647,UPI,2000,2026-08-05 17:23,success
PAY0007591,007648,UPI,570,2026-08-09 19:00,success
PAY0007592,007649,UPI,270,2026-08-08 12:03,success
PAY0007593,INV-7650,cash,2999,2026-08-09 10:35,success
PAY0007594,007651,card,1499,2026-08-08 08:23,success
PAY0007595,007652,card,920,2026-08-07 11:38,success
PAY0007596,007653,UPI,2999,2026-08-07 11:17,success
PAY0007597,007654,UPI,2999,2026-08-10 19:58,success
PAY0007598,007655,card,3450,2026-08-08 08:19,success
PAY0007599,007656,card,150,2026-08-07 14:33,success
PAY0007600,007657,UPI,650,2026-08-06 19:36,success
PAY0007601,007658,card,3499,2026-08-05 13:32,success
PAY0007602,INV-7659,cash,800,2026-08-09 12:24,success
PAY0007603,007660,UPI,1000,2026-08-10 10:54,success
PAY0007604,007661,UPI,1600,2026-08-10 11:15,success
PAY0007605,007662,UPI,1499,2026-08-09 10:45,success
PAY0007606,INV-7663,cash,2150,2026-08-10 18:25,success
PAY0007607,INV-7663,cash,-2150,2026-08-10 18:25,refund
PAY0007608,007664,UPI,3499,2026-08-07 20:05,success
PAY0007609,007665,card,2500,2026-08-05 10:33,success
PAY0007610,007666,UPI,150,2026-08-10 11:47,success
PAY0007611,007667,UPI,1499,2026-08-06 10:35,success
PAY0007612,007668,UPI,2999,2026-08-04 16:12,success
PAY0007613,007669,UPI,450,2026-08-09 12:45,success
PAY0007614,007670,card,600,2026-08-05 12:21,success
PAY0007615,007671,card,750,2026-08-07 18:03,success
PAY0007616,007672,UPI,2999,2026-08-06 09:11,success
PAY0007617,007673,card,1600,2026-08-06 21:11,success
PAY0007618,007673,card,1600,2026-08-06 21:13,success
PAY0007619,007674,UPI,1750,2026-08-07 21:06,success
PAY0007620,007675,UPI,900,2026-08-05 09:00,success
PAY0007621,007676,card,900,2026-08-10 08:31,success
PAY0007622,007676,card,-900,2026-08-10 08:31,refund
PAY0007623,007677,UPI,1920,2026-08-10 12:29,success
PAY0007624,007678,card,1950,2026-08-09 19:11,success
PAY0007625,007679,UPI,1900,2026-08-04 09:34,success
PAY0007626,007680,card,1499,2026-08-09 14:02,success
PAY0007627,007681,card,2999,2026-08-06 17:47,success
PAY0007628,007682,UPI,3499,2026-08-10 10:40,success
PAY0007629,KH/26-27/007683,cash,500,2026-08-08 15:45,success
PAY0007630,INV-7684,cash,2550,2026-08-09 13:23,success
PAY0007631,007685,UPI,1300,2026-08-06 12:56,success
PAY0007632,007686,UPI,3099,2026-08-08 17:45,success
PAY0007633,007688,UPI,1050,2026-08-11 09:15,success
PAY0007634,INV-7689,cash,1499,2026-08-09 15:57,success
PAY0007635,007690,UPI,1499,2026-08-10 08:38,success
PAY0007636,INV-7691,cash,1000,2026-08-11 19:04,success
PAY0007637,007692,card,2050,2026-08-05 13:42,success
PAY0007638,007693,UPI,700,2026-08-09 17:16,success
PAY0007639,007694,UPI,2999,2026-08-11 21:06,success
PAY0007640,007695,card,700,2026-08-10 14:51,success
PAY0007641,INV-7696,cash,550,2026-08-08 13:36,success
PAY0007642,INV-7696,cash,-550,2026-08-08 13:36,refund
PAY0007643,007697,card,1600,2026-08-09 12:27,success
PAY0007644,007698,card,1499,2026-08-07 20:47,success
PAY0007645,007699,card,1150,2026-08-09 11:54,success
PAY0007646,007700,card,3499,2026-08-07 18:02,success
PAY0007647,007701,UPI,2999,2026-08-10 21:21,success
PAY0007648,007702,UPI,2720,2026-08-05 14:25,success
PAY0007649,007703,UPI,3499,2026-08-09 20:04,success
PAY0007650,007703,UPI,3499,2026-08-09 20:06,success
PAY0007651,007704,card,3099,2026-08-11 11:31,success
PAY0007652,007705,UPI,2999,2026-08-05 19:44,success
PAY0007653,007706,UPI,1950,2026-08-07 13:23,success
PAY0007654,007707,card,1500,2026-08-10 18:58,success
PAY0007655,007708,card,1250,2026-08-05 09:01,success
PAY0007656,007709,UPI,900,2026-08-05 13:07,success
PAY0007657,007710,UPI,850,2026-08-08 14:07,success
PAY0007658,007711,UPI,1000,2026-08-08 19:10,success
PAY0007659,007712,card,1200,2026-08-06 15:14,success
PAY0007660,INV-7714,cash,3499,2026-08-06 20:58,success
PAY0007661,INV-7715,cash,200,2026-08-06 08:55,success
PAY0007662,007716,UPI,1250,2026-08-08 13:49,success
PAY0007663,007717,UPI,2400,2026-08-09 13:49,success
PAY0007664,007718,UPI,1850,2026-08-05 13:07,success
PAY0007665,007718,UPI,-1850,2026-08-05 13:07,refund
PAY0007666,007719,UPI,1300,2026-08-05 15:13,success
PAY0007667,007720,card,500,2026-08-11 12:18,success
PAY0007668,007721,UPI,2500,2026-08-09 13:30,success
PAY0007669,007722,card,2900,2026-08-09 10:20,success
PAY0007670,007723,UPI,150,2026-08-09 20:15,success
PAY0007671,007724,UPI,2999,2026-08-05 13:10,success
PAY0007672,007725,UPI,1250,2026-08-10 11:50,success
PAY0007673,007726,UPI,600,2026-08-05 10:15,success
PAY0007674,KH/26-27/007727,cash,700,2026-08-11 08:29,success
PAY0007675,007728,UPI,1150,2026-08-08 14:55,success
PAY0007676,007729,UPI,2999,2026-08-08 17:45,success
PAY0007677,007730,UPI,720,2026-08-11 20:57,success
PAY0007678,007731,UPI,1450,2026-08-06 16:14,success
PAY0007679,007732,UPI,2200,2026-08-11 12:42,success
PAY0007680,007733,UPI,1050,2026-08-11 15:18,success
PAY0007681,007734,UPI,3499,2026-08-06 15:58,success
PAY0007682,007735,card,300,2026-08-08 16:26,success
PAY0007683,007736,card,900,2026-08-05 12:47,success
PAY0007684,INV-7737,cash,850,2026-08-09 10:59,success
PAY0007685,INV-7738,cash,500,2026-08-05 13:32,success
PAY0007686,007739,UPI,2999,2026-08-07 10:58,success
PAY0007687,007740,UPI,3499,2026-08-11 18:29,success
PAY0007688,INV-7741,cash,450,2026-08-10 09:44,success
PAY0007689,INV-7741,cash,-450,2026-08-10 09:44,refund
PAY0007690,007743,UPI,3599,2026-08-06 10:21,success
PAY0007691,007744,UPI,1200,2026-08-10 20:46,success
PAY0007692,007745,UPI,1720,2026-08-07 20:58,success
PAY0007693,007746,card,1720,2026-08-06 19:02,success
PAY0007694,007747,UPI,2050,2026-08-07 11:44,success
PAY0007695,007748,UPI,470,2026-08-11 10:20,success
PAY0007696,007748,UPI,470,2026-08-11 10:22,success
PAY0007697,007749,card,3499,2026-08-08 18:01,success
PAY0007698,007750,UPI,650,2026-08-12 12:28,success
PAY0007699,INV-7751,cash,2999,2026-08-10 18:02,success
PAY0007700,INV-7752,cash,970,2026-08-09 19:00,success
PAY0007701,007753,UPI,2650,2026-08-11 19:23,success
PAY0007702,007754,UPI,1599,2026-08-11 10:20,success
PAY0007703,007755,UPI,500,2026-08-08 20:15,success
PAY0007704,007756,UPI,2100,2026-08-10 12:46,success
PAY0007705,007757,card,2200,2026-08-09 15:33,success
PAY0007706,007758,card,1050,2026-08-08 13:54,success
PAY0007707,007759,UPI,700,2026-08-06 21:23,success
PAY0007708,007760,card,550,2026-08-08 14:36,success
PAY0007709,007761,card,700,2026-08-09 14:14,success
PAY0007710,007762,UPI,2999,2026-08-06 15:26,success
PAY0007711,007763,card,1320,2026-08-06 17:25,success
PAY0007712,007764,UPI,750,2026-08-07 20:54,success
PAY0007713,007765,UPI,2999,2026-08-06 16:59,success
PAY0007714,INV-7766,cash,900,2026-08-12 16:42,success
PAY0007715,INV-7767,cash,600,2026-08-11 16:47,success
PAY0007716,007768,UPI,450,2026-08-12 08:28,success
PAY0007717,007769,UPI,2999,2026-08-07 20:54,success
PAY0007718,007769,UPI,2999,2026-08-07 20:56,success
PAY0007719,007770,UPI,1600,2026-08-10 21:44,success
PAY0007720,007771,card,2999,2026-08-08 19:20,success
PAY0007721,INV-7772,cash,1470,2026-08-07 20:19,success
PAY0007722,007773,card,120,2026-08-08 10:21,success
PAY0007723,007774,card,1499,2026-08-07 16:57,success
PAY0007724,INV-7775,cash,900,2026-08-09 20:57,success
PAY0007725,007776,UPI,2070,2026-08-08 13:02,success
PAY0007726,INV-7777,cash,2999,2026-08-06 08:45,success
PAY0007727,007778,UPI,2150,2026-08-10 15:11,success
PAY0007728,INV-7779,cash,200,2026-08-10 15:22,success
PAY0007729,007780,card,650,2026-08-07 15:35,success
PAY0007730,007781,UPI,900,2026-08-12 14:28,success
PAY0007731,007782,card,620,2026-08-06 21:53,success
PAY0007732,007783,card,1599,2026-08-08 15:20,success
PAY0007733,007784,UPI,2999,2026-08-06 13:40,success
PAY0007734,007785,UPI,1900,2026-08-11 19:25,success
PAY0007735,007786,UPI,1200,2026-08-09 18:22,success
PAY0007736,007787,card,1150,2026-08-08 10:16,success
PAY0007737,007788,card,1400,2026-08-10 19:35,success
PAY0007738,007789,UPI,1499,2026-08-11 16:02,success
PAY0007739,007790,UPI,600,2026-08-08 08:24,success
PAY0007740,INV-7791,cash,800,2026-08-11 17:11,success
PAY0007741,INV-7792,cash,1499,2026-08-10 21:09,success
PAY0007742,007793,card,600,2026-08-12 17:50,success
PAY0007743,007793,card,600,2026-08-12 17:52,success
PAY0007744,007794,UPI,700,2026-08-08 21:25,success
PAY0007745,007795,UPI,1250,2026-08-08 11:01,success
PAY0007746,KH/26-27/007796,cash,2250,2026-08-06 20:12,success
PAY0007747,007797,UPI,500,2026-08-08 20:07,success
PAY0007748,KH/26-27/007798,cash,3599,2026-08-07 15:44,success
PAY0007749,KH/26-27/007798,cash,-3599,2026-08-07 15:44,refund
PAY0007750,007799,UPI,2999,2026-08-06 14:49,success
PAY0007751,007800,UPI,1499,2026-08-10 12:51,success
PAY0007752,007800,UPI,1499,2026-08-10 12:53,success
PAY0007753,007801,UPI,200,2026-08-07 13:52,success
PAY0007754,007803,card,900,2026-08-08 18:01,success
PAY0007755,INV-7804,cash,1050,2026-08-11 12:27,success
PAY0007756,007805,card,1500,2026-08-10 17:12,success
PAY0007757,007806,card,1550,2026-08-07 15:15,success
PAY0007758,007807,UPI,450,2026-08-11 16:32,success
PAY0007759,INV-7808,cash,120,2026-08-10 19:43,success
PAY0007760,007809,UPI,600,2026-08-11 16:34,success
PAY0007761,KH/26-27/007810,cash,500,2026-08-08 21:10,success
PAY0007762,007811,UPI,2999,2026-08-08 18:17,success
PAY0007763,007812,card,800,2026-08-07 15:27,success
PAY0007764,007813,UPI,2950,2026-08-11 15:15,success
PAY0007765,INV-7814,cash,2020,2026-08-09 09:19,success
PAY0007766,007815,UPI,1150,2026-08-13 20:09,success
PAY0007767,007816,UPI,900,2026-08-13 14:14,success
PAY0007768,007817,UPI,1150,2026-08-12 20:34,success
PAY0007769,007818,UPI,1150,2026-08-07 18:34,success
PAY0007770,007819,card,1800,2026-08-08 15:13,success
PAY0007771,007820,UPI,550,2026-08-13 13:50,success
PAY0007772,007821,UPI,1100,2026-08-09 18:33,success
PAY0007773,INV-7822,cash,500,2026-08-13 12:44,success
PAY0007774,INV-7823,cash,450,2026-08-12 14:20,success
PAY0007775,INV-7824,cash,1499,2026-08-11 10:35,success
PAY0007776,007825,UPI,1650,2026-08-11 14:43,success
PAY0007777,007826,UPI,1499,2026-08-12 21:48,success
PAY0007778,007827,card,600,2026-08-08 08:13,success
PAY0007779,007828,UPI,1550,2026-08-08 18:13,success
PAY0007780,007829,UPI,1100,2026-08-11 12:20,success
PAY0007781,007830,card,650,2026-08-11 18:30,success
PAY0007782,007831,UPI,2350,2026-08-07 12:02,success
PAY0007783,007832,card,600,2026-08-08 20:50,success
PAY0007784,007833,UPI,350,2026-08-11 10:47,success
PAY0007785,007834,card,650,2026-08-13 11:29,success
PAY0007786,007835,UPI,1770,2026-08-10 15:16,success
PAY0007787,INV-7836,cash,2999,2026-08-11 16:47,success
PAY0007788,007837,UPI,770,2026-08-11 19:56,success
PAY0007789,007838,UPI,600,2026-08-08 11:06,success
PAY0007790,007839,card,500,2026-08-08 21:22,success
PAY0007791,007840,UPI,1150,2026-08-07 16:10,success
PAY0007792,007841,UPI,2570,2026-08-08 12:20,success
PAY0007793,007842,UPI,650,2026-08-11 18:53,success
PAY0007794,007843,UPI,1020,2026-08-09 15:23,success
PAY0007795,007844,UPI,1020,2026-08-09 11:37,success
PAY0007796,INV-7845,cash,1500,2026-08-11 18:32,success
PAY0007797,007846,UPI,2999,2026-08-09 13:37,success
PAY0007798,KH/26-27/007847,cash,2999,2026-08-13 14:39,success
PAY0007799,007848,card,2999,2026-08-13 15:24,success
PAY0007800,INV-7849,cash,1750,2026-08-10 08:46,success
PAY0007801,007850,card,2600,2026-08-11 15:13,success
PAY0007802,007850,card,2600,2026-08-11 15:15,success
PAY0007803,007851,UPI,2999,2026-08-07 17:17,success
PAY0007804,007852,card,200,2026-08-09 21:06,success
PAY0007805,007853,card,3499,2026-08-09 10:02,success
PAY0007806,007854,UPI,2550,2026-08-08 12:31,success
PAY0007807,INV-7855,cash,2250,2026-08-10 21:14,success
PAY0007808,007856,UPI,1499,2026-08-09 08:48,success
PAY0007809,007857,UPI,1200,2026-08-12 21:42,success
PAY0007810,007858,card,2000,2026-08-08 18:03,success
PAY0007811,007859,UPI,2999,2026-08-08 15:40,success
PAY0007812,007860,card,3499,2026-08-08 21:52,success
PAY0007813,007861,UPI,1850,2026-08-13 20:20,success
PAY0007814,007862,UPI,120,2026-08-11 12:12,success
PAY0007815,007863,UPI,1000,2026-08-10 18:43,success
PAY0007816,INV-7864,cash,1850,2026-08-08 08:15,success
PAY0007817,007865,UPI,1550,2026-08-08 08:59,success
PAY0007818,INV-7867,cash,1000,2026-08-09 10:13,success
PAY0007819,007868,UPI,2100,2026-08-11 20:13,success
PAY0007820,INV-7869,cash,2700,2026-08-13 18:48,success
PAY0007821,007870,card,500,2026-08-10 20:41,success
PAY0007822,007871,card,1350,2026-08-09 19:11,success
PAY0007823,007873,card,2450,2026-08-07 16:51,success
PAY0007824,INV-7874,cash,1499,2026-08-10 15:54,success
PAY0007825,007876,UPI,120,2026-08-07 15:20,success
PAY0007826,007877,card,2200,2026-08-08 18:05,success
PAY0007827,INV-7879,cash,350,2026-08-12 21:36,success
PAY0007828,007880,UPI,3499,2026-08-10 08:10,success
PAY0007829,007881,card,1250,2026-08-13 09:59,success
PAY0007830,007882,UPI,1750,2026-08-11 12:53,success
PAY0007831,007883,card,900,2026-08-08 14:30,success
PAY0007832,INV-7884,cash,2999,2026-08-12 19:14,success
PAY0007833,007885,UPI,820,2026-08-14 11:19,success
PAY0007834,007886,card,450,2026-08-10 08:51,success
PAY0007835,007887,UPI,1200,2026-08-14 09:29,success
PAY0007836,007888,UPI,1550,2026-08-11 16:37,success
PAY0007837,INV-7889,cash,600,2026-08-11 19:01,success
PAY0007838,007890,UPI,1250,2026-08-12 16:59,success
PAY0007839,007891,card,900,2026-08-13 20:42,success
PAY0007840,007892,UPI,700,2026-08-14 16:40,success
PAY0007841,007893,UPI,1770,2026-08-09 21:04,success
PAY0007842,007894,UPI,3499,2026-08-08 11:53,success
PAY0007843,007895,UPI,1150,2026-08-12 10:37,success
PAY0007844,KH/26-27/007896,cash,2000,2026-08-14 09:23,success
PAY0007845,007897,UPI,500,2026-08-11 21:56,success
PAY0007846,007898,UPI,1850,2026-08-10 13:26,success
PAY0007847,007899,card,900,2026-08-12 08:47,success
PAY0007848,INV-7900,cash,470,2026-08-11 16:42,success
PAY0007849,INV-7901,cash,2999,2026-08-12 15:14,success
PAY0007850,007902,UPI,150,2026-08-08 21:15,success
PAY0007851,007903,UPI,700,2026-08-12 12:37,success
PAY0007852,007904,UPI,3499,2026-08-14 12:25,success
PAY0007853,007905,UPI,700,2026-08-08 10:51,success
PAY0007854,007906,card,650,2026-08-08 15:25,success
PAY0007855,007907,UPI,1000,2026-08-12 20:57,success
PAY0007856,007908,UPI,1499,2026-08-13 20:07,success
PAY0007857,007909,UPI,1000,2026-08-11 15:22,success
PAY0007858,007910,UPI,3499,2026-08-08 08:42,success
PAY0007859,007911,card,1650,2026-08-12 20:15,success
PAY0007860,007912,UPI,1500,2026-08-11 08:38,success
PAY0007861,007913,card,570,2026-08-13 15:35,success
PAY0007862,007914,UPI,2999,2026-08-09 21:23,success
PAY0007863,INV-7915,cash,2650,2026-08-08 10:54,success
PAY0007864,007916,UPI,1499,2026-08-13 21:53,success
PAY0007865,007917,UPI,1499,2026-08-14 16:16,success
PAY0007866,007918,card,3099,2026-08-08 13:11,success
PAY0007867,INV-7919,cash,1499,2026-08-13 16:58,success
PAY0007868,007920,card,1900,2026-08-13 16:27,success
PAY0007869,007921,UPI,2999,2026-08-12 19:14,success
PAY0007870,007922,UPI,720,2026-08-14 19:06,success
PAY0007871,007922,UPI,720,2026-08-14 19:08,success
PAY0007872,007923,card,2450,2026-08-12 08:42,success
PAY0007873,KH/26-27/007924,cash,1100,2026-08-11 09:17,success
PAY0007874,007925,UPI,220,2026-08-10 15:26,success
PAY0007875,INV-7926,cash,1100,2026-08-13 08:01,success
PAY0007876,007927,card,2999,2026-08-11 16:22,success
PAY0007877,007928,UPI,1100,2026-08-11 16:43,success
PAY0007878,007928,UPI,-1100,2026-08-11 16:43,refund
PAY0007879,007929,UPI,1499,2026-08-13 13:10,success
PAY0007880,007929,UPI,1499,2026-08-13 13:12,success
PAY0007881,007930,UPI,1100,2026-08-10 17:56,success
PAY0007882,007931,card,270,2026-08-14 10:22,success
PAY0007883,007932,card,820,2026-08-09 18:23,success
PAY0007884,INV-7933,cash,1020,2026-08-12 17:53,success
PAY0007885,007934,UPI,2999,2026-08-11 16:43,success
PAY0007886,007935,UPI,2999,2026-08-11 20:57,success
PAY0007887,INV-7936,cash,650,2026-08-13 11:18,success
PAY0007888,007937,UPI,1499,2026-08-10 14:30,success
PAY0007889,007938,UPI,2000,2026-08-11 12:01,success
PAY0007890,007940,UPI,1150,2026-08-11 15:14,success
PAY0007891,007941,UPI,2999,2026-08-12 20:18,success
PAY0007892,007943,card,350,2026-08-14 16:52,success
PAY0007893,007944,card,1500,2026-08-13 16:22,success
PAY0007894,007945,UPI,2170,2026-08-10 21:26,success
PAY0007895,007946,UPI,2999,2026-08-14 12:18,success
PAY0007896,007947,UPI,1200,2026-08-11 19:14,success
PAY0007897,007948,card,270,2026-08-13 21:25,success
PAY0007898,007949,UPI,3499,2026-08-12 21:09,success
PAY0007899,INV-7950,cash,850,2026-08-11 20:23,success
PAY0007900,007951,UPI,1670,2026-08-13 20:29,success
PAY0007901,INV-7952,cash,1570,2026-08-12 13:50,success
PAY0007902,007953,UPI,750,2026-08-11 21:34,success
PAY0007903,007954,UPI,750,2026-08-10 18:44,success
PAY0007904,007955,UPI,1499,2026-08-14 15:23,success
PAY0007905,INV-7956,cash,2999,2026-08-11 09:09,success
PAY0007906,007957,card,1700,2026-08-14 13:07,success
PAY0007907,007958,card,1020,2026-08-10 11:42,success
PAY0007908,007959,card,770,2026-08-10 11:33,success
PAY0007909,KH/26-27/007960,cash,650,2026-08-11 19:02,success
PAY0007910,007961,UPI,2999,2026-08-10 17:18,success
PAY0007911,007962,card,1600,2026-08-13 14:29,success
PAY0007912,007963,UPI,350,2026-08-09 14:29,success
PAY0007913,007965,UPI,350,2026-08-13 21:19,success
PAY0007914,INV-7966,cash,320,2026-08-11 21:36,success
PAY0007915,007967,UPI,650,2026-08-13 17:44,success
PAY0007916,007968,card,2220,2026-08-14 11:41,success
PAY0007917,007969,UPI,3499,2026-08-12 13:00,success
PAY0007918,007970,UPI,3499,2026-08-09 19:58,success
PAY0007919,007971,UPI,1499,2026-08-14 09:46,success
PAY0007920,KH/26-27/007972,cash,3499,2026-08-10 09:57,success
PAY0007921,INV-7974,cash,1400,2026-08-14 17:44,success
PAY0007922,007975,UPI,1150,2026-08-15 15:29,success
PAY0007923,007976,card,200,2026-08-10 19:00,success
PAY0007924,007977,UPI,500,2026-08-09 14:41,success
PAY0007925,007978,UPI,1200,2026-08-11 17:56,success
PAY0007926,007979,UPI,2500,2026-08-12 15:15,success
PAY0007927,007980,UPI,3499,2026-08-12 12:22,success
PAY0007928,007981,UPI,750,2026-08-09 21:03,success
PAY0007929,007982,UPI,2999,2026-08-12 20:38,success
PAY0007930,007983,card,1220,2026-08-11 17:16,success
PAY0007931,007984,UPI,2999,2026-08-10 12:31,success
PAY0007932,007985,UPI,650,2026-08-11 17:56,success
PAY0007933,007986,card,1300,2026-08-12 17:32,success
PAY0007934,007987,card,3150,2026-08-16 13:43,success
PAY0007935,007988,UPI,1870,2026-08-11 17:04,success
PAY0007936,007989,card,600,2026-08-13 16:18,success
PAY0007937,007990,card,1920,2026-08-14 08:13,success
PAY0007938,007991,UPI,700,2026-08-10 14:46,success
PAY0007939,INV-7992,cash,2999,2026-08-12 21:29,success
PAY0007940,007993,UPI,1800,2026-08-16 15:22,success
PAY0007941,007994,card,2550,2026-08-11 09:37,success
PAY0007942,007995,UPI,820,2026-08-10 12:18,success
PAY0007943,INV-7996,cash,3499,2026-08-10 09:22,success
PAY0007944,007997,card,900,2026-08-13 16:49,success
PAY0007945,007998,UPI,500,2026-08-10 16:01,success
PAY0007946,INV-7999,cash,2999,2026-08-14 16:12,success
PAY0007947,008000,card,2220,2026-08-11 08:28,success
PAY0007948,008001,UPI,3499,2026-08-12 10:12,success
PAY0007949,008002,UPI,1499,2026-08-14 10:07,success
PAY0007950,008003,UPI,1499,2026-08-13 08:18,success
PAY0007951,008004,UPI,700,2026-08-16 21:44,success
PAY0007952,008005,UPI,3499,2026-08-10 12:02,success
PAY0007953,008006,UPI,1450,2026-08-14 08:40,success
PAY0007954,008006,UPI,-1450,2026-08-14 08:40,refund
PAY0007955,008007,UPI,1150,2026-08-15 17:13,success
PAY0007956,008008,UPI,3499,2026-08-16 19:29,success
PAY0007957,INV-8009,cash,1350,2026-08-12 18:27,success
PAY0007958,008010,card,3150,2026-08-11 14:09,success
PAY0007959,008011,UPI,450,2026-08-12 16:07,success
PAY0007960,008012,card,2200,2026-08-15 12:33,success
PAY0007961,INV-8013,cash,720,2026-08-12 18:23,success
PAY0007962,008014,card,2999,2026-08-12 16:56,success
PAY0007963,INV-8015,cash,1470,2026-08-11 13:47,success
PAY0007964,008016,card,150,2026-08-15 12:11,success
PAY0007965,008017,card,120,2026-08-12 11:09,success
PAY0007966,008018,UPI,1070,2026-08-15 15:44,success
PAY0007967,008018,UPI,1070,2026-08-15 15:46,success
PAY0007968,008019,UPI,120,2026-08-16 21:46,success
PAY0007969,008020,UPI,2999,2026-08-10 11:33,success
PAY0007970,008021,UPI,800,2026-08-12 09:30,success
PAY0007971,KH/26-27/008022,cash,820,2026-08-13 08:49,success
PAY0007972,008023,card,1120,2026-08-13 14:35,success
PAY0007973,008024,card,1900,2026-08-14 15:00,success
PAY0007974,INV-8025,cash,700,2026-08-10 11:50,success
PAY0007975,008026,UPI,1300,2026-08-10 11:53,success
PAY0007976,008027,card,1850,2026-08-14 21:15,success
PAY0007977,008028,UPI,1350,2026-08-16 15:07,success
PAY0007978,INV-8029,cash,2800,2026-08-11 11:29,success
PAY0007979,008030,UPI,1850,2026-08-16 08:09,success
PAY0007980,008031,UPI,350,2026-08-16 15:48,success
PAY0007981,008032,UPI,2999,2026-08-12 08:59,success
PAY0007982,008033,card,1499,2026-08-11 21:16,success
PAY0007983,008034,UPI,350,2026-08-11 18:39,success
PAY0007984,008035,UPI,2999,2026-08-13 17:08,success
PAY0007985,008036,card,1000,2026-08-14 10:29,success
PAY0007986,INV-8037,cash,820,2026-08-12 16:26,success
PAY0007987,008038,UPI,750,2026-08-10 21:47,success
PAY0007988,008039,UPI,2070,2026-08-11 10:37,success
PAY0007989,008040,UPI,620,2026-08-16 19:58,success
PAY0007990,008041,UPI,2100,2026-08-11 14:12,success
PAY0007991,008042,UPI,1150,2026-08-12 20:10,success
PAY0007992,008043,card,350,2026-08-16 18:34,success
PAY0007993,INV-8044,cash,1100,2026-08-13 16:54,success
PAY0007994,008045,UPI,650,2026-08-15 13:45,success
PAY0007995,008046,card,3499,2026-08-13 17:29,success
PAY0007996,008047,card,1500,2026-08-16 13:32,success
PAY0007997,008048,UPI,2520,2026-08-16 12:58,success
PAY0007998,008049,card,850,2026-08-11 13:09,success
PAY0007999,008050,UPI,1000,2026-08-15 13:44,success
PAY0008000,008051,UPI,650,2026-08-13 21:22,success
PAY0008001,INV-8052,cash,150,2026-08-15 21:46,success
PAY0008002,008053,UPI,770,2026-08-16 20:48,success
PAY0008003,INV-8054,cash,500,2026-08-13 16:44,success
PAY0008004,008055,UPI,1650,2026-08-11 11:45,success
PAY0008005,008056,UPI,1650,2026-08-11 11:00,success
PAY0008006,008057,UPI,720,2026-08-13 18:59,success
PAY0008007,008058,UPI,900,2026-08-12 14:03,success
PAY0008008,008059,UPI,2350,2026-08-17 17:39,success
PAY0008009,008059,UPI,2350,2026-08-17 17:41,success
PAY0008010,008060,UPI,1400,2026-08-16 11:23,success
PAY0008011,INV-8061,cash,450,2026-08-15 11:52,success
PAY0008012,008062,card,450,2026-08-14 13:43,success
PAY0008013,008063,UPI,1100,2026-08-17 13:54,success
PAY0008014,008064,card,2999,2026-08-16 13:40,success
PAY0008015,008065,UPI,1050,2026-08-16 14:46,success
PAY0008016,008066,UPI,450,2026-08-13 14:53,success
PAY0008017,008067,card,2200,2026-08-14 21:20,success
PAY0008018,008068,card,3499,2026-08-17 08:38,success
PAY0008019,INV-8069,cash,1800,2026-08-11 08:35,success
PAY0008020,INV-8070,cash,200,2026-08-16 17:46,success
PAY0008021,INV-8071,cash,1499,2026-08-11 20:34,success
PAY0008022,INV-8072,cash,1300,2026-08-11 08:10,success
PAY0008023,008073,UPI,1250,2026-08-15 20:35,success
PAY0008024,KH/26-27/008074,cash,1499,2026-08-15 16:43,success
PAY0008025,008075,UPI,800,2026-08-15 16:18,success
PAY0008026,008076,card,120,2026-08-12 09:46,success
PAY0008027,008077,UPI,1150,2026-08-11 12:04,success
PAY0008028,008078,UPI,900,2026-08-12 10:48,success
PAY0008029,KH/26-27/008079,cash,650,2026-08-11 14:41,success
PAY0008030,008080,card,1200,2026-08-15 19:28,success
PAY0008031,008081,UPI,950,2026-08-13 14:59,success
PAY0008032,INV-8083,cash,2200,2026-08-13 11:16,success
PAY0008033,008084,card,650,2026-08-17 14:44,success
PAY0008034,008085,card,1900,2026-08-16 11:25,success
PAY0008035,008086,UPI,1850,2026-08-11 10:08,success
PAY0008036,008087,UPI,350,2026-08-17 21:57,success
PAY0008037,008088,UPI,1650,2026-08-11 09:56,success
PAY0008038,008089,UPI,3499,2026-08-16 14:33,success
PAY0008039,008090,card,3499,2026-08-17 16:14,success
PAY0008040,008091,UPI,1500,2026-08-12 10:18,success
PAY0008041,INV-8092,cash,1499,2026-08-15 12:46,success
PAY0008042,INV-8093,cash,1370,2026-08-11 11:21,success
PAY0008043,008094,card,3499,2026-08-17 18:38,success
PAY0008044,008095,UPI,900,2026-08-16 20:51,success
PAY0008045,008096,UPI,2350,2026-08-14 17:48,success
PAY0008046,008097,UPI,900,2026-08-16 13:27,success
PAY0008047,INV-8098,cash,1000,2026-08-14 09:49,success
PAY0008048,008099,UPI,750,2026-08-12 16:59,success
PAY0008049,008100,UPI,2050,2026-08-12 10:01,success
PAY0008050,008101,UPI,450,2026-08-15 19:05,success
PAY0008051,INV-8102,cash,1500,2026-08-11 15:03,success
PAY0008052,INV-8102,cash,-1500,2026-08-11 15:03,refund
PAY0008053,008103,UPI,920,2026-08-11 18:23,success
PAY0008054,008104,UPI,1700,2026-08-14 08:15,success
PAY0008055,008105,card,1720,2026-08-16 16:46,success
PAY0008056,008106,card,150,2026-08-14 17:15,success
PAY0008057,008107,card,2999,2026-08-14 16:41,success
PAY0008058,INV-8108,cash,570,2026-08-12 13:23,success
PAY0008059,008109,card,1400,2026-08-14 21:38,success
PAY0008060,INV-8110,cash,900,2026-08-16 20:30,success
PAY0008061,008111,UPI,350,2026-08-14 16:15,success
PAY0008062,008112,card,3099,2026-08-13 16:04,success
PAY0008063,INV-8113,cash,450,2026-08-16 08:13,success
PAY0008064,008114,card,550,2026-08-12 14:49,success
PAY0008065,008115,UPI,2999,2026-08-13 20:36,success
PAY0008066,008116,UPI,2999,2026-08-15 10:42,success
PAY0008067,INV-8117,cash,1250,2026-08-16 12:26,success
PAY0008068,008118,card,1499,2026-08-11 12:33,success
PAY0008069,008119,card,1500,2026-08-17 14:42,success
PAY0008070,INV-8120,cash,1050,2026-08-17 11:47,success
PAY0008071,008121,UPI,2700,2026-08-13 15:15,success
PAY0008072,008122,UPI,2700,2026-08-18 18:15,success
PAY0008073,008123,UPI,2999,2026-08-17 18:24,success
PAY0008074,008124,UPI,1250,2026-08-17 18:35,success
PAY0008075,008125,card,3599,2026-08-18 08:05,success
PAY0008076,008126,UPI,2999,2026-08-14 12:01,success
PAY0008077,008127,card,3599,2026-08-18 18:19,success
PAY0008078,008128,UPI,900,2026-08-12 21:51,success
PAY0008079,008129,UPI,2999,2026-08-15 15:13,success
PAY0008080,008130,UPI,2350,2026-08-13 17:54,success
PAY0008081,008131,UPI,650,2026-08-17 15:03,success
PAY0008082,008132,UPI,2999,2026-08-15 19:21,success
PAY0008083,008133,card,3099,2026-08-18 14:31,success
PAY0008084,008134,card,1800,2026-08-13 15:04,success
PAY0008085,008135,UPI,1300,2026-08-13 21:39,success
PAY0008086,008136,UPI,3499,2026-08-15 14:51,success
PAY0008087,008136,UPI,3499,2026-08-15 14:53,success
PAY0008088,008137,card,1300,2026-08-16 14:22,success
PAY0008089,008137,card,-1300,2026-08-16 14:22,refund
PAY0008090,008138,card,350,2026-08-16 10:14,success
PAY0008091,008139,UPI,1499,2026-08-13 21:20,success
PAY0008092,008140,UPI,2500,2026-08-12 13:17,success
PAY0008093,008141,UPI,2750,2026-08-13 09:01,success
PAY0008094,008142,card,1550,2026-08-14 10:15,success
PAY0008095,008143,UPI,2370,2026-08-14 21:19,success
PAY0008096,008144,card,1499,2026-08-15 09:24,success
PAY0008097,KH/26-27/008145,cash,120,2026-08-14 19:19,success
PAY0008098,008146,UPI,1020,2026-08-17 09:55,success
PAY0008099,008147,card,1499,2026-08-13 09:22,success
PAY0008100,008148,UPI,600,2026-08-17 16:15,success
PAY0008101,008149,UPI,2999,2026-08-15 21:47,success
PAY0008102,008150,UPI,200,2026-08-14 12:57,success
PAY0008103,008151,card,2270,2026-08-18 21:06,success
PAY0008104,008153,UPI,1499,2026-08-18 12:47,success
PAY0008105,008154,UPI,1500,2026-08-18 16:49,success
PAY0008106,INV-8155,cash,2999,2026-08-17 15:39,success
PAY0008107,INV-8156,cash,700,2026-08-12 14:02,success
PAY0008108,008157,UPI,350,2026-08-15 19:06,success
PAY0008109,008158,card,370,2026-08-14 17:46,success
PAY0008110,008159,UPI,1650,2026-08-15 10:12,success
PAY0008111,INV-8160,cash,2300,2026-08-15 16:09,success
PAY0008112,INV-8161,cash,150,2026-08-18 13:43,success
PAY0008113,008162,UPI,350,2026-08-16 09:46,success
PAY0008114,INV-8163,cash,2800,2026-08-15 19:44,success
PAY0008115,INV-8164,cash,1500,2026-08-14 16:29,success
PAY0008116,008165,card,1420,2026-08-14 19:53,success
PAY0008117,008166,UPI,1499,2026-08-12 17:32,success
PAY0008118,INV-8167,cash,800,2026-08-15 20:41,success
PAY0008119,INV-8168,cash,2999,2026-08-18 15:58,success
PAY0008120,INV-8169,cash,2999,2026-08-14 21:37,success
PAY0008121,008170,card,3499,2026-08-14 08:07,success
PAY0008122,008171,card,3499,2026-08-14 16:25,success
PAY0008123,INV-8172,cash,2050,2026-08-15 12:13,success
PAY0008124,INV-8173,cash,1750,2026-08-17 18:05,success
PAY0008125,008174,card,1320,2026-08-18 13:21,success
PAY0008126,008175,card,770,2026-08-18 19:24,success
PAY0008127,INV-8176,cash,620,2026-08-17 09:30,success
PAY0008128,008177,UPI,2999,2026-08-16 13:53,success
PAY0008129,008179,UPI,750,2026-08-16 10:00,success
PAY0008130,008180,card,1700,2026-08-14 13:29,success
PAY0008131,008182,card,1150,2026-08-17 11:46,success
PAY0008132,008183,card,320,2026-08-15 19:35,success
PAY0008133,008184,card,550,2026-08-17 14:14,success
PAY0008134,008185,UPI,500,2026-08-18 12:25,success
PAY0008135,INV-8186,cash,1499,2026-08-14 16:45,success
PAY0008136,008187,UPI,220,2026-08-17 16:13,success
PAY0008137,008188,card,1400,2026-08-15 10:47,success
PAY0008138,008189,UPI,1050,2026-08-14 11:06,success
PAY0008139,008190,UPI,250,2026-08-13 13:07,success
PAY0008140,INV-8191,cash,150,2026-08-16 14:37,success
PAY0008141,008192,UPI,2999,2026-08-18 12:25,success
PAY0008142,INV-8193,cash,2050,2026-08-19 21:53,success
PAY0008143,008194,UPI,350,2026-08-15 11:04,success
PAY0008144,INV-8195,cash,2999,2026-08-14 13:31,success
PAY0008145,008197,UPI,500,2026-08-13 17:09,success
PAY0008146,008198,UPI,2000,2026-08-19 18:30,success
PAY0008147,008199,UPI,1250,2026-08-13 18:40,success
PAY0008148,008200,card,2999,2026-08-18 15:56,success
PAY0008149,008201,UPI,750,2026-08-19 13:12,success
PAY0008150,008202,UPI,800,2026-08-15 17:39,success
PAY0008151,008203,UPI,1470,2026-08-17 16:14,success
PAY0008152,INV-8204,cash,1200,2026-08-14 14:56,success
PAY0008153,008205,UPI,850,2026-08-17 14:56,success
PAY0008154,008206,UPI,1499,2026-08-16 14:44,success
PAY0008155,008207,card,650,2026-08-16 16:13,success
PAY0008156,008208,card,150,2026-08-18 19:14,success
PAY0008157,008209,card,850,2026-08-15 08:48,success
PAY0008158,008210,UPI,1100,2026-08-19 20:42,success
PAY0008159,008211,card,1600,2026-08-17 15:13,success
PAY0008160,008212,UPI,350,2026-08-14 20:43,success
PAY0008161,008213,UPI,900,2026-08-17 15:18,success
PAY0008162,INV-8214,cash,2120,2026-08-14 14:35,success
PAY0008163,008215,card,1200,2026-08-14 15:05,success
PAY0008164,008216,UPI,500,2026-08-15 08:05,success
PAY0008165,INV-8217,cash,1400,2026-08-13 19:44,success
PAY0008166,008218,UPI,950,2026-08-16 16:36,success
PAY0008167,008219,card,450,2026-08-19 13:17,success
PAY0008168,008220,card,1100,2026-08-15 16:02,success
PAY0008169,008221,UPI,1200,2026-08-13 11:16,success
PAY0008170,008222,card,800,2026-08-16 19:43,success
PAY0008171,008223,UPI,1900,2026-08-19 11:09,success
PAY0008172,INV-8224,cash,1200,2026-08-14 20:56,success
PAY0008173,008225,card,3250,2026-08-15 21:46,success
PAY0008174,008226,card,650,2026-08-16 21:41,success
PAY0008175,008227,UPI,650,2026-08-13 16:35,success
PAY0008176,008228,UPI,1820,2026-08-13 08:25,success
PAY0008177,008229,UPI,1499,2026-08-13 12:19,success
PAY0008178,008230,card,900,2026-08-16 09:24,success
PAY0008179,008231,UPI,1499,2026-08-16 19:32,success
PAY0008180,KH/26-27/008232,cash,1570,2026-08-15 09:08,success
PAY0008181,008233,card,1100,2026-08-14 21:07,success
PAY0008182,008234,card,2999,2026-08-14 12:56,success
PAY0008183,008235,UPI,2550,2026-08-16 11:47,success
PAY0008184,008236,UPI,2999,2026-08-16 15:56,success
PAY0008185,008237,UPI,3499,2026-08-13 20:45,success
PAY0008186,008238,UPI,1499,2026-08-15 12:16,success
PAY0008187,INV-8239,cash,900,2026-08-17 20:05,success
PAY0008188,008240,card,1700,2026-08-16 16:33,success
PAY0008189,008241,card,2999,2026-08-18 20:46,success
PAY0008190,008242,UPI,2999,2026-08-14 18:28,success
PAY0008191,008243,card,2999,2026-08-17 19:38,success
PAY0008192,008243,card,2999,2026-08-17 19:40,success
PAY0008193,008244,UPI,350,2026-08-13 17:20,success
PAY0008194,008245,UPI,1000,2026-08-17 18:12,success
PAY0008195,INV-8246,cash,1450,2026-08-18 09:20,success
PAY0008196,INV-8247,cash,2999,2026-08-14 13:18,success
PAY0008197,008248,UPI,1200,2026-08-19 19:02,success
PAY0008198,008249,UPI,1600,2026-08-18 14:16,success
PAY0008199,INV-8250,cash,700,2026-08-18 09:10,success
PAY0008200,008251,card,150,2026-08-17 12:34,success
PAY0008201,KH/26-27/008252,cash,1750,2026-08-18 13:29,success
PAY0008202,INV-8253,cash,900,2026-08-15 10:53,success
PAY0008203,008254,card,1499,2026-08-15 13:18,success
PAY0008204,008255,UPI,1050,2026-08-16 17:37,success
PAY0008205,008256,UPI,1499,2026-08-19 11:52,success
PAY0008206,008257,UPI,3499,2026-08-18 15:13,success
PAY0008207,008258,UPI,550,2026-08-16 09:12,success
PAY0008208,INV-8259,cash,3499,2026-08-20 21:09,success
PAY0008209,008260,UPI,2999,2026-08-18 15:11,success
PAY0008210,008261,UPI,1050,2026-08-17 10:40,success
PAY0008211,008262,UPI,1300,2026-08-18 19:27,success
PAY0008212,INV-8264,cash,1400,2026-08-14 14:01,success
PAY0008213,008265,UPI,2999,2026-08-18 20:47,success
PAY0008214,008266,UPI,720,2026-08-17 12:40,success
PAY0008215,008267,UPI,2000,2026-08-15 14:44,success
PAY0008216,KH/26-27/008268,cash,1400,2026-08-14 13:24,success
PAY0008217,INV-8269,cash,970,2026-08-17 12:30,success
PAY0008218,INV-8270,cash,150,2026-08-14 20:50,success
PAY0008219,008271,UPI,1650,2026-08-16 19:08,success
PAY0008220,008272,card,450,2026-08-20 12:07,success
PAY0008221,008273,card,1750,2026-08-14 16:39,success
PAY0008222,KH/26-27/008274,cash,1350,2026-08-17 21:16,success
PAY0008223,008275,UPI,120,2026-08-14 15:40,success
PAY0008224,008276,card,550,2026-08-14 09:57,success
PAY0008225,INV-8277,cash,1499,2026-08-15 14:27,success
PAY0008226,008278,card,450,2026-08-17 20:45,success
PAY0008227,008279,UPI,120,2026-08-17 13:02,success
PAY0008228,008280,UPI,1499,2026-08-15 21:44,success
PAY0008229,008281,UPI,1300,2026-08-17 13:38,success
PAY0008230,008282,UPI,2070,2026-08-16 19:49,success
PAY0008231,008283,card,600,2026-08-14 15:13,success
PAY0008232,INV-8284,cash,2999,2026-08-20 18:44,success
PAY0008233,008285,card,2999,2026-08-17 15:13,success
PAY0008234,008286,UPI,450,2026-08-19 18:41,success
PAY0008235,008287,card,1499,2026-08-18 08:50,success
PAY0008236,008288,UPI,1450,2026-08-15 12:28,success
PAY0008237,008289,card,2999,2026-08-19 18:14,success
PAY0008238,008290,card,3099,2026-08-20 14:19,success
PAY0008239,008291,card,1250,2026-08-18 17:23,success
PAY0008240,008292,card,2550,2026-08-14 20:31,success
PAY0008241,008293,UPI,900,2026-08-17 15:27,success
PAY0008242,008294,UPI,1650,2026-08-19 19:47,success
PAY0008243,INV-8295,cash,200,2026-08-17 18:09,success
PAY0008244,008296,UPI,200,2026-08-20 08:31,success
PAY0008245,008297,UPI,120,2026-08-14 12:19,success
PAY0008246,INV-8298,cash,150,2026-08-15 08:56,success
PAY0008247,INV-8299,cash,2250,2026-08-17 18:09,success
PAY0008248,008300,card,950,2026-08-20 16:34,success
PAY0008249,008301,card,550,2026-08-17 20:02,success
PAY0008250,008302,card,3499,2026-08-14 10:59,success
PAY0008251,008303,card,700,2026-08-20 14:21,success
PAY0008252,INV-8304,cash,470,2026-08-18 15:59,success
PAY0008253,008305,card,200,2026-08-19 14:32,success
PAY0008254,INV-8306,cash,1600,2026-08-20 13:46,success
PAY0008255,008307,card,500,2026-08-17 16:58,success
PAY0008256,INV-8308,cash,1499,2026-08-20 15:51,success
PAY0008257,008309,UPI,2999,2026-08-20 13:00,success
PAY0008258,008310,UPI,1200,2026-08-17 08:49,success
PAY0008259,008311,UPI,1000,2026-08-19 08:41,success
PAY0008260,008311,UPI,1000,2026-08-19 08:43,success
PAY0008261,008312,UPI,600,2026-08-17 16:53,success
PAY0008262,008314,UPI,1850,2026-08-20 14:18,success
PAY0008263,INV-8315,cash,500,2026-08-20 12:23,success
PAY0008264,INV-8316,cash,1550,2026-08-19 13:51,success
PAY0008265,008317,UPI,500,2026-08-21 17:53,success
PAY0008266,008318,UPI,1200,2026-08-21 21:49,success
PAY0008267,008319,UPI,3499,2026-08-17 09:44,success
PAY0008268,INV-8320,cash,1050,2026-08-20 21:26,success
PAY0008269,008321,card,1599,2026-08-17 09:46,success
PAY0008270,INV-8322,cash,1200,2026-08-15 08:44,success
PAY0008271,008323,card,600,2026-08-16 20:15,success
PAY0008272,008324,card,1250,2026-08-15 10:41,success
PAY0008273,008325,UPI,2650,2026-08-17 08:05,success
PAY0008274,INV-8326,cash,1850,2026-08-20 08:03,success
PAY0008275,008327,UPI,2999,2026-08-16 14:39,success
PAY0008276,008328,UPI,1499,2026-08-20 18:07,success
PAY0008277,008329,card,2999,2026-08-19 10:40,success
PAY0008278,008331,card,1250,2026-08-19 10:33,success
PAY0008279,008332,UPI,1450,2026-08-20 21:00,success
PAY0008280,008333,card,1850,2026-08-20 18:01,success
PAY0008281,008334,UPI,1900,2026-08-17 14:08,success
PAY0008282,008335,card,1150,2026-08-16 19:17,success
PAY0008283,008336,card,2999,2026-08-17 18:28,success
PAY0008284,008337,UPI,1499,2026-08-18 11:37,success
PAY0008285,008338,UPI,3499,2026-08-21 21:03,success
PAY0008286,008339,UPI,2999,2026-08-21 17:50,success
PAY0008287,008340,UPI,2000,2026-08-15 14:46,success
PAY0008288,008341,UPI,2999,2026-08-20 12:38,success
PAY0008289,INV-8342,cash,570,2026-08-15 08:16,success
PAY0008290,008344,card,700,2026-08-21 17:17,success
PAY0008291,008345,UPI,2999,2026-08-21 09:19,success
PAY0008292,008346,UPI,1320,2026-08-18 10:22,success
PAY0008293,008347,UPI,1170,2026-08-17 18:07,success
PAY0008294,008348,UPI,1750,2026-08-17 15:25,success
PAY0008295,008348,UPI,1750,2026-08-17 15:27,success
PAY0008296,008349,UPI,500,2026-08-21 21:29,success
PAY0008297,008350,UPI,1650,2026-08-21 16:53,success
PAY0008298,008351,card,1599,2026-08-20 15:58,success
PAY0008299,008352,UPI,750,2026-08-19 10:13,success
PAY0008300,008353,UPI,350,2026-08-15 19:03,success
PAY0008301,008354,card,650,2026-08-17 13:57,success
PAY0008302,008355,UPI,2000,2026-08-18 12:44,success
PAY0008303,008356,UPI,950,2026-08-16 18:05,success
PAY0008304,008357,card,2800,2026-08-21 15:17,success
PAY0008305,008358,UPI,1200,2026-08-16 14:35,success
PAY0008306,008359,UPI,1400,2026-08-17 13:20,success
PAY0008307,008360,card,3499,2026-08-17 12:50,success
PAY0008308,008361,UPI,650,2026-08-18 15:24,success
PAY0008309,008362,UPI,800,2026-08-17 21:01,success
PAY0008310,INV-8363,cash,2999,2026-08-21 12:57,success
PAY0008311,008364,UPI,2999,2026-08-21 21:29,success
PAY0008312,008365,UPI,1499,2026-08-18 21:04,success
PAY0008313,008366,card,2100,2026-08-20 14:31,success
PAY0008314,008367,card,450,2026-08-18 08:59,success
PAY0008315,008368,UPI,450,2026-08-21 10:22,success
PAY0008316,008369,UPI,2050,2026-08-18 08:00,success
PAY0008317,INV-8371,cash,550,2026-08-18 14:38,success
PAY0008318,008372,card,2999,2026-08-17 10:45,success
PAY0008319,008373,card,2350,2026-08-17 17:46,success
PAY0008320,008374,UPI,1500,2026-08-16 12:00,success
PAY0008321,008375,UPI,3499,2026-08-20 19:50,success
PAY0008322,008376,card,550,2026-08-19 10:37,success
PAY0008323,KH/26-27/008377,cash,1599,2026-08-15 09:15,success
PAY0008324,008378,UPI,1270,2026-08-15 10:39,success
PAY0008325,008379,UPI,500,2026-08-16 17:58,success
PAY0008326,008380,card,850,2026-08-17 14:49,success
PAY0008327,008381,UPI,1550,2026-08-19 15:55,success
PAY0008328,INV-8382,cash,620,2026-08-19 18:36,success
PAY0008329,008383,UPI,650,2026-08-18 09:35,success
PAY0008330,008384,UPI,2250,2026-08-17 15:09,success
PAY0008331,008384,UPI,-2250,2026-08-17 15:09,refund
PAY0008332,008385,UPI,1250,2026-08-16 10:08,success
PAY0008333,008386,card,350,2026-08-21 16:33,success
PAY0008334,008387,UPI,2550,2026-08-22 13:12,success
PAY0008335,008388,UPI,3099,2026-08-22 20:09,success
PAY0008336,008389,card,2999,2026-08-18 11:15,success
PAY0008337,008390,card,1150,2026-08-16 18:32,success
PAY0008338,008391,card,1350,2026-08-17 20:43,success
PAY0008339,008392,UPI,2999,2026-08-18 10:04,success
PAY0008340,KH/26-27/008393,cash,700,2026-08-19 10:08,success
PAY0008341,008394,UPI,2999,2026-08-17 18:43,success
PAY0008342,008395,card,1550,2026-08-19 21:48,success
PAY0008343,008395,card,-1550,2026-08-19 21:48,refund
PAY0008344,008396,UPI,2200,2026-08-18 08:38,success
PAY0008345,008397,UPI,650,2026-08-18 08:36,success
PAY0008346,008398,UPI,670,2026-08-18 17:47,success
PAY0008347,INV-8399,cash,350,2026-08-22 08:50,success
PAY0008348,008400,UPI,1499,2026-08-17 21:29,success
PAY0008349,008401,UPI,1500,2026-08-16 12:21,success
PAY0008350,008402,UPI,700,2026-08-20 14:27,success
PAY0008351,INV-8403,cash,1550,2026-08-20 18:52,success
PAY0008352,008404,card,2600,2026-08-16 20:49,success
PAY0008353,008405,UPI,650,2026-08-17 14:52,success
PAY0008354,008406,card,1300,2026-08-22 08:38,success
PAY0008355,008407,UPI,550,2026-08-21 21:11,success
PAY0008356,008408,UPI,670,2026-08-16 15:44,success
PAY0008357,008409,card,200,2026-08-20 11:04,success
PAY0008358,INV-8410,cash,2750,2026-08-22 15:50,success
PAY0008359,008411,UPI,600,2026-08-20 19:59,success
PAY0008360,008411,UPI,600,2026-08-20 19:59,success
PAY0008361,008412,UPI,1499,2026-08-22 10:03,success
PAY0008362,008413,UPI,2999,2026-08-17 09:34,success
PAY0008363,008414,UPI,2999,2026-08-19 14:03,success
PAY0008364,008415,UPI,1550,2026-08-21 21:01,success
PAY0008365,008416,card,1750,2026-08-19 16:34,success
PAY0008366,008417,UPI,500,2026-08-18 09:01,success
PAY0008367,008418,card,1420,2026-08-19 21:59,success
PAY0008368,008419,UPI,900,2026-08-21 21:27,success
PAY0008369,008420,card,2999,2026-08-17 10:23,success
PAY0008370,008421,card,2999,2026-08-22 14:05,success
PAY0008371,008422,UPI,1000,2026-08-20 16:27,success
PAY0008372,008423,UPI,350,2026-08-16 19:43,success
PAY0008373,008424,UPI,2999,2026-08-17 18:40,success
PAY0008374,008425,card,2999,2026-08-16 17:43,success
PAY0008375,008426,card,2300,2026-08-21 11:59,success
PAY0008376,INV-8427,cash,500,2026-08-21 10:52,success
PAY0008377,008428,UPI,650,2026-08-17 17:56,success
PAY0008378,008429,UPI,3499,2026-08-18 21:36,success
PAY0008379,008430,UPI,1200,2026-08-18 10:54,success
PAY0008380,008431,UPI,1499,2026-08-20 17:31,success
PAY0008381,008432,UPI,820,2026-08-19 10:58,success
PAY0008382,008433,UPI,1499,2026-08-20 21:36,success
PAY0008383,008434,card,1499,2026-08-19 21:06,success
PAY0008384,008434,card,-1499,2026-08-19 21:06,refund
PAY0008385,008435,UPI,850,2026-08-18 08:58,success
PAY0008386,INV-8436,cash,770,2026-08-23 17:17,success
PAY0008387,008437,UPI,1950,2026-08-23 16:09,success
PAY0008388,INV-8438,cash,820,2026-08-20 21:55,success
PAY0008389,008439,UPI,850,2026-08-23 15:24,success
PAY0008390,008440,card,2999,2026-08-21 10:55,success
PAY0008391,008441,UPI,700,2026-08-22 20:44,success
PAY0008392,INV-8442,cash,1499,2026-08-22 13:16,success
PAY0008393,008443,card,900,2026-08-22 17:49,success
PAY0008394,INV-8444,cash,770,2026-08-22 16:00,success
PAY0008395,008446,card,3499,2026-08-21 19:02,success
PAY0008396,008447,UPI,3599,2026-08-23 20:20,success
PAY0008397,008448,card,1300,2026-08-18 17:39,success
PAY0008398,008449,card,1150,2026-08-23 18:36,success
PAY0008399,008450,UPI,1800,2026-08-17 13:11,success
PAY0008400,008451,UPI,2400,2026-08-17 12:24,success
PAY0008401,008452,UPI,200,2026-08-17 09:57,success
PAY0008402,INV-8453,cash,750,2026-08-23 11:13,success
PAY0008403,008454,UPI,650,2026-08-21 19:39,success
PAY0008404,008455,UPI,570,2026-08-17 12:03,success
PAY0008405,008456,card,2999,2026-08-20 12:02,success
PAY0008406,008457,card,2999,2026-08-19 21:10,success
PAY0008407,KH/26-27/008458,cash,2400,2026-08-19 16:09,success
PAY0008408,008459,UPI,2999,2026-08-20 16:18,success
PAY0008409,INV-8460,cash,1200,2026-08-21 15:25,success
PAY0008410,008461,card,1499,2026-08-17 20:00,success
PAY0008411,008462,card,2400,2026-08-17 11:19,success
PAY0008412,008463,UPI,1499,2026-08-20 17:43,success
PAY0008413,008464,card,2150,2026-08-20 11:35,success
PAY0008414,008465,UPI,3499,2026-08-21 09:48,success
PAY0008415,008466,UPI,900,2026-08-18 17:20,success
PAY0008416,008467,card,750,2026-08-23 13:43,success
PAY0008417,008468,card,2999,2026-08-19 19:57,success
PAY0008418,008469,UPI,550,2026-08-17 21:26,success
PAY0008419,INV-8470,cash,1750,2026-08-23 17:35,success
PAY0008420,008471,UPI,2999,2026-08-18 10:53,success
PAY0008421,008472,UPI,1120,2026-08-23 21:55,success
PAY0008422,008473,UPI,2999,2026-08-21 21:51,success
PAY0008423,008474,UPI,700,2026-08-17 20:15,success
PAY0008424,008476,card,270,2026-08-22 16:39,success
PAY0008425,008477,card,2999,2026-08-19 13:54,success
PAY0008426,008478,UPI,1650,2026-08-21 15:07,success
PAY0008427,008479,UPI,2999,2026-08-22 18:03,success
PAY0008428,008480,card,1150,2026-08-20 08:24,success
PAY0008429,008481,card,1750,2026-08-21 12:53,success
PAY0008430,INV-8482,cash,1499,2026-08-19 18:26,success
PAY0008431,008484,UPI,2999,2026-08-21 10:46,success
PAY0008432,008485,UPI,1370,2026-08-21 15:59,success
PAY0008433,008486,UPI,2999,2026-08-22 09:43,success
PAY0008434,008487,UPI,900,2026-08-17 10:07,success
PAY0008435,KH/26-27/008488,cash,650,2026-08-19 12:20,success
PAY0008436,008489,UPI,1499,2026-08-22 21:55,success
PAY0008437,INV-8490,cash,2999,2026-08-20 14:55,success
PAY0008438,008491,UPI,120,2026-08-18 08:18,success
PAY0008439,INV-8492,cash,1200,2026-08-23 18:49,success
PAY0008440,008493,card,2070,2026-08-18 10:13,success
PAY0008441,008494,card,2999,2026-08-22 12:29,success
PAY0008442,008495,UPI,1350,2026-08-23 21:36,success
PAY0008443,KH/26-27/008496,cash,320,2026-08-17 12:22,success
PAY0008444,008497,UPI,1499,2026-08-18 21:50,success
PAY0008445,008498,UPI,3499,2026-08-19 11:28,success
PAY0008446,008499,UPI,150,2026-08-22 17:08,success
PAY0008447,008500,card,3499,2026-08-19 14:06,success
PAY0008448,008501,UPI,2999,2026-08-23 15:25,success
PAY0008449,008502,UPI,650,2026-08-24 13:47,success
PAY0008450,INV-8503,cash,2200,2026-08-18 21:36,success
PAY0008451,008504,UPI,3499,2026-08-21 19:19,success
PAY0008452,008505,UPI,2700,2026-08-20 19:35,success
PAY0008453,INV-8506,cash,3599,2026-08-18 20:29,success
PAY0008454,008507,card,950,2026-08-20 11:17,success
PAY0008455,008509,UPI,1870,2026-08-19 15:18,success
PAY0008456,008510,card,900,2026-08-23 10:56,success
PAY0008457,008511,UPI,1650,2026-08-19 08:04,success
PAY0008458,INV-8512,cash,1750,2026-08-19 19:15,success
PAY0008459,008513,card,1750,2026-08-19 17:18,success
PAY0008460,008514,UPI,2650,2026-08-18 09:52,success
PAY0008461,008515,UPI,920,2026-08-19 14:37,success
PAY0008462,008516,card,2650,2026-08-24 12:51,success
PAY0008463,008517,UPI,1620,2026-08-22 21:13,success
PAY0008464,008518,UPI,450,2026-08-24 13:08,success
PAY0008465,008519,UPI,1600,2026-08-24 21:09,success
PAY0008466,008520,card,2400,2026-08-24 21:17,success
PAY0008467,008521,card,350,2026-08-22 10:30,success
PAY0008468,INV-8522,cash,700,2026-08-22 21:54,success
PAY0008469,008523,UPI,1500,2026-08-21 11:36,success
PAY0008470,008524,UPI,2999,2026-08-22 20:26,success
PAY0008471,008525,UPI,700,2026-08-19 18:43,success
PAY0008472,008526,UPI,920,2026-08-22 18:37,success
PAY0008473,008527,UPI,500,2026-08-21 18:54,success
PAY0008474,008528,UPI,2999,2026-08-23 20:42,success
PAY0008475,008529,card,1200,2026-08-21 13:20,success
PAY0008476,INV-8530,cash,120,2026-08-20 11:05,success
PAY0008477,008531,UPI,350,2026-08-18 11:18,success
PAY0008478,INV-8532,cash,550,2026-08-20 12:46,success
PAY0008479,008533,card,620,2026-08-24 18:23,success
PAY0008480,008534,UPI,2999,2026-08-23 12:04,success
PAY0008481,008535,card,2300,2026-08-24 13:09,success
PAY0008482,INV-8536,cash,2350,2026-08-24 13:06,success
PAY0008483,008537,UPI,1300,2026-08-21 11:10,success
PAY0008484,008538,card,1650,2026-08-21 09:56,success
PAY0008485,INV-8539,cash,1120,2026-08-22 14:47,success
PAY0008486,008540,UPI,1300,2026-08-19 10:52,success
PAY0008487,008541,card,500,2026-08-24 16:29,success
PAY0008488,008542,card,1300,2026-08-20 15:05,success
PAY0008489,008543,card,1970,2026-08-23 12:56,success
PAY0008490,008544,card,450,2026-08-23 09:50,success
PAY0008491,008545,UPI,1020,2026-08-20 19:23,success
PAY0008492,008546,card,1500,2026-08-18 17:08,success
PAY0008493,008547,UPI,1250,2026-08-20 08:51,success
PAY0008494,KH/26-27/008548,cash,320,2026-08-19 21:25,success
PAY0008495,008549,UPI,1499,2026-08-24 17:29,success
PAY0008496,008550,card,2700,2026-08-18 19:03,success
PAY0008497,008551,card,770,2026-08-18 10:46,success
PAY0008498,008552,UPI,600,2026-08-20 13:25,success
PAY0008499,008553,UPI,1770,2026-08-18 14:24,success
PAY0008500,KH/26-27/008554,cash,2999,2026-08-24 14:45,success
PAY0008501,008555,UPI,200,2026-08-23 13:01,success
PAY0008502,008556,UPI,800,2026-08-22 11:09,success
PAY0008503,008557,UPI,1550,2026-08-20 20:48,success
PAY0008504,008558,card,3599,2026-08-21 19:51,success
PAY0008505,008559,card,700,2026-08-18 10:18,success
PAY0008506,008560,UPI,500,2026-08-23 16:45,success
PAY0008507,008561,UPI,1800,2026-08-22 10:44,success
PAY0008508,INV-8562,cash,2999,2026-08-22 21:27,success
PAY0008509,008563,UPI,450,2026-08-20 17:54,success
PAY0008510,INV-8564,cash,2500,2026-08-19 16:39,success
PAY0008511,008565,UPI,2150,2026-08-21 17:50,success
PAY0008512,008566,UPI,2200,2026-08-24 19:53,success
PAY0008513,008567,card,2999,2026-08-22 11:46,success
PAY0008514,008568,UPI,300,2026-08-22 09:07,success
PAY0008515,INV-8569,cash,1370,2026-08-22 11:39,success
PAY0008516,008570,card,2200,2026-08-20 14:42,success
PAY0008517,008571,card,600,2026-08-19 21:00,success
PAY0008518,008572,card,2999,2026-08-19 10:37,success
PAY0008519,008573,card,1499,2026-08-20 16:28,success
PAY0008520,008574,UPI,1350,2026-08-19 15:27,success
PAY0008521,008575,UPI,1950,2026-08-20 13:04,success
PAY0008522,008576,UPI,1050,2026-08-20 08:09,success
PAY0008523,INV-8577,cash,1900,2026-08-20 19:07,success
PAY0008524,008578,card,600,2026-08-22 11:50,success
PAY0008525,008579,UPI,900,2026-08-21 12:29,success
PAY0008526,INV-8581,cash,650,2026-08-20 19:48,success
PAY0008527,INV-8583,cash,500,2026-08-19 15:00,success
PAY0008528,008584,UPI,2250,2026-08-25 11:38,success
PAY0008529,INV-8585,cash,900,2026-08-23 10:43,success
PAY0008530,008586,UPI,3099,2026-08-21 17:25,success
PAY0008531,008588,UPI,1870,2026-08-22 16:19,success
PAY0008532,008589,UPI,2999,2026-08-20 15:50,success
PAY0008533,008591,UPI,1900,2026-08-25 19:47,success
PAY0008534,008592,UPI,1250,2026-08-19 18:49,success
PAY0008535,008593,card,2999,2026-08-24 19:43,success
PAY0008536,INV-8594,cash,2999,2026-08-23 18:13,success
PAY0008537,KH/26-27/008595,cash,2999,2026-08-19 11:28,success
PAY0008538,008596,card,200,2026-08-22 12:55,success
PAY0008539,008597,card,1150,2026-08-24 15:22,success
PAY0008540,008598,UPI,2999,2026-08-22 14:48,success
PAY0008541,008598,UPI,2999,2026-08-22 14:50,success
PAY0008542,008599,UPI,1900,2026-08-20 19:14,success
PAY0008543,INV-8600,cash,500,2026-08-20 21:06,success
PAY0008544,008601,UPI,1900,2026-08-19 08:03,success
PAY0008545,INV-8602,cash,2020,2026-08-23 12:49,success
PAY0008546,008603,UPI,850,2026-08-20 13:01,success
PAY0008547,INV-8604,cash,650,2026-08-22 15:32,success
PAY0008548,008605,card,450,2026-08-19 09:33,success
PAY0008549,INV-8606,cash,850,2026-08-24 13:43,success
PAY0008550,008607,card,700,2026-08-20 18:12,success
PAY0008551,008608,UPI,900,2026-08-21 19:55,success
PAY0008552,008609,UPI,1850,2026-08-22 15:43,success
PAY0008553,INV-8610,cash,200,2026-08-20 11:31,success
PAY0008554,008611,UPI,450,2026-08-25 19:47,success
PAY0008555,INV-8612,cash,1499,2026-08-21 10:09,success
PAY0008556,008613,UPI,720,2026-08-22 21:13,success
PAY0008557,008614,UPI,1020,2026-08-23 18:30,success
PAY0008558,008615,UPI,600,2026-08-25 12:08,success
PAY0008559,008616,UPI,650,2026-08-22 17:12,success
PAY0008560,008617,card,1850,2026-08-20 20:11,success
PAY0008561,008618,UPI,120,2026-08-25 11:24,success
PAY0008562,008619,card,850,2026-08-20 18:26,success
PAY0008563,008620,UPI,1550,2026-08-22 12:02,success
PAY0008564,008621,UPI,650,2026-08-19 11:36,success
PAY0008565,INV-8622,cash,3499,2026-08-19 18:33,success
PAY0008566,008623,UPI,1050,2026-08-23 08:30,success
PAY0008567,KH/26-27/008624,cash,1499,2026-08-24 13:33,success
PAY0008568,008625,UPI,2100,2026-08-23 20:23,success
PAY0008569,INV-8626,cash,550,2026-08-21 13:37,success
PAY0008570,008627,UPI,1470,2026-08-24 21:32,success
PAY0008571,008627,UPI,1470,2026-08-24 21:34,success
PAY0008572,008628,UPI,250,2026-08-25 19:23,success
PAY0008573,008629,UPI,1499,2026-08-22 19:15,success
PAY0008574,008630,UPI,2450,2026-08-19 18:59,success
PAY0008575,008631,UPI,1670,2026-08-26 10:25,success
PAY0008576,008633,card,1300,2026-08-25 17:02,success
PAY0008577,008634,UPI,2200,2026-08-23 18:56,success
PAY0008578,008635,card,1850,2026-08-21 08:37,success
PAY0008579,INV-8636,cash,1499,2026-08-22 13:44,success
PAY0008580,008638,UPI,2999,2026-08-20 10:52,success
PAY0008581,008639,UPI,3499,2026-08-25 20:42,success
PAY0008582,008640,UPI,1100,2026-08-24 20:35,success
PAY0008583,008641,UPI,900,2026-08-23 08:29,success
PAY0008584,008642,card,2550,2026-08-21 13:09,success
PAY0008585,008643,UPI,2900,2026-08-22 20:39,success
PAY0008586,008644,card,2950,2026-08-24 09:20,success
PAY0008587,008645,UPI,1599,2026-08-20 16:45,success
PAY0008588,008646,UPI,900,2026-08-22 17:38,success
PAY0008589,008647,UPI,1499,2026-08-23 16:08,success
PAY0008590,008648,UPI,670,2026-08-26 09:00,success
PAY0008591,008649,UPI,700,2026-08-21 14:01,success
PAY0008592,008650,UPI,1499,2026-08-21 15:06,success
PAY0008593,008651,UPI,1599,2026-08-23 09:23,success
PAY0008594,008652,UPI,1499,2026-08-23 14:28,success
PAY0008595,KH/26-27/008653,cash,120,2026-08-23 14:47,success
PAY0008596,008654,UPI,1700,2026-08-20 13:54,success
PAY0008597,008654,UPI,-1700,2026-08-20 13:54,refund
PAY0008598,008655,card,1750,2026-08-24 21:06,success
PAY0008599,INV-8656,cash,950,2026-08-26 20:47,success
PAY0008600,INV-8657,cash,1100,2026-08-20 14:11,success
PAY0008601,008658,UPI,1050,2026-08-21 20:09,success
PAY0008602,008659,card,2800,2026-08-24 16:25,success
PAY0008603,008660,card,2650,2026-08-23 08:36,success
PAY0008604,INV-8661,cash,950,2026-08-24 18:09,success
PAY0008605,KH/26-27/008662,cash,1200,2026-08-23 19:13,success
PAY0008606,008663,UPI,2250,2026-08-25 20:31,success
PAY0008607,008663,UPI,-2250,2026-08-25 20:31,refund
PAY0008608,008664,UPI,650,2026-08-25 17:27,success
PAY0008609,INV-8665,cash,1500,2026-08-25 11:53,success
PAY0008610,008666,card,2999,2026-08-24 21:25,success
PAY0008611,008668,card,3099,2026-08-25 17:45,success
PAY0008612,008669,card,2999,2026-08-20 09:09,success
PAY0008613,008670,UPI,1120,2026-08-24 11:00,success
PAY0008614,008671,card,2999,2026-08-26 11:17,success
PAY0008615,008672,UPI,3499,2026-08-24 12:37,success
PAY0008616,008673,card,1350,2026-08-23 17:04,success
PAY0008617,008674,card,1950,2026-08-22 14:41,success
PAY0008618,INV-8675,cash,600,2026-08-23 14:53,success
PAY0008619,INV-8676,cash,1220,2026-08-20 14:11,success
PAY0008620,008677,UPI,850,2026-08-24 12:05,success
PAY0008621,008678,UPI,150,2026-08-20 11:25,success
PAY0008622,008679,card,2999,2026-08-24 12:44,success
PAY0008623,INV-8680,cash,1499,2026-08-20 16:11,success
PAY0008624,008681,card,750,2026-08-22 10:15,success
PAY0008625,008682,UPI,800,2026-08-25 15:22,success
PAY0008626,008682,UPI,800,2026-08-25 15:24,success
PAY0008627,008683,card,2999,2026-08-25 08:18,success
PAY0008628,008684,card,2999,2026-08-25 13:11,success
PAY0008629,008685,UPI,1250,2026-08-20 12:09,success
PAY0008630,KH/26-27/008686,cash,1450,2026-08-21 12:50,success
PAY0008631,008687,UPI,950,2026-08-21 14:59,success
PAY0008632,008687,UPI,950,2026-08-21 14:59,success
PAY0008633,INV-8688,cash,150,2026-08-21 11:40,success
PAY0008634,008689,UPI,3499,2026-08-23 17:19,success
PAY0008635,KH/26-27/008690,cash,2600,2026-08-23 21:23,success
PAY0008636,008691,card,1250,2026-08-26 16:36,success
PAY0008637,KH/26-27/008692,cash,2500,2026-08-25 14:57,success
PAY0008638,008693,card,200,2026-08-26 13:59,success
PAY0008639,008694,UPI,1200,2026-08-21 19:40,success
PAY0008640,008695,UPI,2999,2026-08-23 19:53,success
PAY0008641,INV-8696,cash,800,2026-08-21 18:43,success
PAY0008642,008697,UPI,120,2026-08-25 15:14,success
PAY0008643,008698,card,1200,2026-08-20 10:42,success
PAY0008644,008699,card,2999,2026-08-20 08:54,success
PAY0008645,008700,UPI,320,2026-08-22 19:32,success
PAY0008646,008701,UPI,1599,2026-08-21 20:11,success
PAY0008647,008702,UPI,3499,2026-08-24 13:28,success
PAY0008648,008702,UPI,-3499,2026-08-24 13:28,refund
PAY0008649,INV-8703,cash,200,2026-08-23 13:12,success
PAY0008650,008704,UPI,150,2026-08-26 11:45,success
PAY0008651,008705,card,700,2026-08-23 11:15,success
PAY0008652,008706,UPI,2999,2026-08-22 17:16,success
PAY0008653,INV-8707,cash,1850,2026-08-26 13:12,success
PAY0008654,008708,card,200,2026-08-26 15:32,success
PAY0008655,008709,UPI,3499,2026-08-22 12:59,success
PAY0008656,INV-8710,cash,650,2026-08-27 15:46,success
PAY0008657,008711,card,200,2026-08-22 10:29,success
PAY0008658,INV-8712,cash,2999,2026-08-23 20:14,success
PAY0008659,008713,UPI,200,2026-08-24 14:31,success
PAY0008660,008714,UPI,750,2026-08-24 20:15,success
PAY0008661,KH/26-27/008715,cash,320,2026-08-25 11:06,success
PAY0008662,INV-8716,cash,2100,2026-08-22 10:39,success
PAY0008663,INV-8717,cash,2999,2026-08-26 18:23,success
PAY0008664,INV-8718,cash,2250,2026-08-22 10:53,success
PAY0008665,008719,UPI,1050,2026-08-26 13:52,success
PAY0008666,008720,UPI,1250,2026-08-25 17:05,success
PAY0008667,008721,UPI,2999,2026-08-25 08:19,success
PAY0008668,008722,UPI,2120,2026-08-23 11:21,success
PAY0008669,008723,UPI,1200,2026-08-25 14:50,success
PAY0008670,008724,UPI,600,2026-08-22 12:00,success
PAY0008671,INV-8725,cash,350,2026-08-22 10:30,success
PAY0008672,008726,UPI,150,2026-08-23 17:14,success
PAY0008673,008727,card,2370,2026-08-21 09:09,success
PAY0008674,INV-8728,cash,3050,2026-08-27 16:54,success
PAY0008675,008729,UPI,800,2026-08-27 20:37,success
PAY0008676,008729,UPI,800,2026-08-27 20:39,success
PAY0008677,008729,UPI,-800,2026-08-27 20:37,refund
PAY0008678,INV-8730,cash,2999,2026-08-27 18:48,success
PAY0008679,008731,UPI,1850,2026-08-26 19:08,success
PAY0008680,008732,card,1350,2026-08-23 15:37,success
PAY0008681,008733,card,2750,2026-08-23 19:35,success
PAY0008682,008734,UPI,1499,2026-08-26 11:42,success
PAY0008683,008735,card,1499,2026-08-27 11:00,success
PAY0008684,INV-8736,cash,1150,2026-08-25 21:35,success
PAY0008685,008737,UPI,1499,2026-08-23 17:03,success
PAY0008686,INV-8738,cash,1250,2026-08-21 08:15,success
PAY0008687,INV-8739,cash,2999,2026-08-23 16:48,success
PAY0008688,008740,card,2999,2026-08-26 13:33,success
PAY0008689,008741,card,1499,2026-08-27 09:05,success
PAY0008690,008742,UPI,700,2026-08-23 18:48,success
PAY0008691,008743,UPI,670,2026-08-23 10:08,success
PAY0008692,008744,UPI,600,2026-08-24 11:17,success
PAY0008693,008745,UPI,700,2026-08-22 21:27,success
PAY0008694,008746,UPI,3099,2026-08-22 09:42,success
PAY0008695,008747,UPI,2999,2026-08-24 19:32,success
PAY0008696,INV-8748,cash,1250,2026-08-27 12:25,success
PAY0008697,008749,card,1520,2026-08-21 08:32,success
PAY0008698,008750,UPI,350,2026-08-27 21:15,success
PAY0008699,008751,UPI,2999,2026-08-21 11:44,success
PAY0008700,008752,UPI,450,2026-08-24 10:42,success
PAY0008701,008753,UPI,2950,2026-08-24 10:36,success
PAY0008702,008754,UPI,1150,2026-08-24 10:48,success
PAY0008703,008755,card,450,2026-08-22 14:38,success
PAY0008704,INV-8756,cash,1000,2026-08-22 08:22,success
PAY0008705,008757,card,1499,2026-08-25 11:10,success
PAY0008706,008758,UPI,1000,2026-08-24 15:35,success
PAY0008707,008759,UPI,650,2026-08-26 21:29,success
PAY0008708,KH/26-27/008760,cash,2999,2026-08-27 09:57,success
PAY0008709,008761,UPI,700,2026-08-24 13:41,success
PAY0008710,008762,UPI,350,2026-08-24 18:14,success
PAY0008711,008764,UPI,1350,2026-08-23 21:04,success
PAY0008712,008765,card,1620,2026-08-21 16:06,success
PAY0008713,008766,card,1350,2026-08-25 10:58,success
PAY0008714,008767,UPI,3499,2026-08-24 15:37,success
PAY0008715,008768,card,700,2026-08-27 15:58,success
PAY0008716,008769,card,1100,2026-08-27 17:53,success
PAY0008717,008770,UPI,1770,2026-08-25 19:04,success
PAY0008718,008771,card,550,2026-08-23 19:52,success
PAY0008719,008772,UPI,1000,2026-08-24 13:01,success
PAY0008720,008773,UPI,1200,2026-08-28 19:41,success
PAY0008721,008774,card,1450,2026-08-23 09:37,success
PAY0008722,008775,UPI,2350,2026-08-25 09:05,success
PAY0008723,008776,UPI,270,2026-08-27 10:51,success
PAY0008724,008777,card,3499,2026-08-23 18:23,success
PAY0008725,008777,card,3499,2026-08-23 18:25,success
PAY0008726,008778,card,3499,2026-08-24 12:08,success
PAY0008727,008779,UPI,450,2026-08-24 17:15,success
PAY0008728,INV-8780,cash,350,2026-08-25 13:17,success
PAY0008729,008781,card,1270,2026-08-22 12:15,success
PAY0008730,INV-8782,cash,2999,2026-08-27 20:20,success
PAY0008731,008783,card,1499,2026-08-27 08:49,success
PAY0008732,008784,UPI,2999,2026-08-28 18:38,success
PAY0008733,008785,UPI,2999,2026-08-23 20:34,success
PAY0008734,008786,card,2420,2026-08-24 08:54,success
PAY0008735,008787,UPI,1950,2026-08-27 17:53,success
PAY0008736,008788,UPI,2200,2026-08-23 11:11,success
PAY0008737,008789,UPI,470,2026-08-25 18:05,success
PAY0008738,008790,UPI,2999,2026-08-23 10:16,success
PAY0008739,INV-8791,cash,2450,2026-08-22 21:58,success
PAY0008740,008792,UPI,3499,2026-08-23 13:02,success
PAY0008741,008793,UPI,1770,2026-08-23 13:10,success
PAY0008742,008794,card,2350,2026-08-25 16:21,success
PAY0008743,INV-8795,cash,2950,2026-08-22 16:35,success
PAY0008744,INV-8796,cash,300,2026-08-25 16:27,success
PAY0008745,INV-8797,cash,1350,2026-08-26 20:06,success
PAY0008746,008798,card,450,2026-08-26 14:23,success
PAY0008747,008799,UPI,1300,2026-08-26 17:49,success
PAY0008748,008800,card,200,2026-08-26 11:54,success
PAY0008749,INV-8801,cash,2999,2026-08-28 21:54,success
PAY0008750,008802,UPI,1200,2026-08-28 11:35,success
PAY0008751,008803,card,500,2026-08-23 16:22,success
PAY0008752,008804,UPI,2999,2026-08-28 21:57,success
PAY0008753,008805,card,900,2026-08-23 14:21,success
PAY0008754,008806,UPI,620,2026-08-25 13:35,success
PAY0008755,008806,UPI,620,2026-08-25 13:37,success
PAY0008756,008807,UPI,2270,2026-08-27 21:06,success
PAY0008757,008808,card,450,2026-08-22 09:54,success
PAY0008758,008809,UPI,1320,2026-08-22 10:09,success
PAY0008759,INV-8810,cash,1250,2026-08-23 20:35,success
PAY0008760,008811,UPI,1200,2026-08-28 10:35,success
PAY0008761,INV-8812,cash,2999,2026-08-28 21:36,success
PAY0008762,008813,UPI,1550,2026-08-25 13:45,success
PAY0008763,008814,card,2999,2026-08-25 18:14,success
PAY0008764,008815,UPI,2050,2026-08-27 12:41,success
PAY0008765,008816,card,350,2026-08-28 21:23,success
PAY0008766,008817,UPI,1499,2026-08-22 08:09,success
PAY0008767,INV-8818,cash,500,2026-08-24 21:31,success
PAY0008768,INV-8819,cash,3499,2026-08-22 14:24,success
PAY0008769,008820,UPI,1350,2026-08-28 15:14,success
PAY0008770,INV-8821,cash,800,2026-08-24 18:26,success
PAY0008771,KH/26-27/008822,cash,1300,2026-08-23 09:27,success
PAY0008772,008823,card,2450,2026-08-22 14:34,success
PAY0008773,INV-8824,cash,2620,2026-08-26 08:22,success
PAY0008774,INV-8825,cash,3200,2026-08-28 09:20,success
PAY0008775,008826,card,1100,2026-08-22 17:37,success
PAY0008776,008827,UPI,1499,2026-08-28 18:37,success
PAY0008777,008828,card,1950,2026-08-25 10:19,success
PAY0008778,008829,UPI,1150,2026-08-25 11:49,success
PAY0008779,008830,UPI,1499,2026-08-26 15:56,success
PAY0008780,INV-8831,cash,350,2026-08-28 11:14,success
PAY0008781,008833,UPI,700,2026-08-26 09:46,success
PAY0008782,008834,UPI,1250,2026-08-29 15:49,success
PAY0008783,008835,UPI,450,2026-08-27 18:39,success
PAY0008784,INV-8836,cash,1800,2026-08-23 08:29,success
PAY0008785,INV-8837,cash,1150,2026-08-24 15:12,success
PAY0008786,008839,card,1500,2026-08-28 11:51,success
PAY0008787,008842,UPI,1350,2026-08-28 20:36,success
PAY0008788,008843,card,320,2026-08-26 21:37,success
PAY0008789,INV-8844,cash,1499,2026-08-28 18:24,success
PAY0008790,008845,UPI,2999,2026-08-28 14:56,success
PAY0008791,INV-8846,cash,200,2026-08-24 14:58,success
PAY0008792,008847,card,3499,2026-08-26 13:21,success
PAY0008793,008848,card,1500,2026-08-28 13:20,success
PAY0008794,INV-8849,cash,2999,2026-08-26 16:19,success
PAY0008795,008850,UPI,1770,2026-08-27 08:20,success
PAY0008796,INV-8851,cash,2999,2026-08-23 08:55,success
PAY0008797,008852,card,2999,2026-08-24 21:46,success
PAY0008798,008853,UPI,3499,2026-08-29 17:19,success
PAY0008799,008855,UPI,2999,2026-08-28 19:59,success
PAY0008800,008856,card,1250,2026-08-26 16:06,success
PAY0008801,008858,UPI,450,2026-08-25 13:14,success
PAY0008802,008859,UPI,2750,2026-08-26 09:21,success
PAY0008803,008860,UPI,3499,2026-08-26 09:29,success
PAY0008804,INV-8861,cash,500,2026-08-24 18:16,success
PAY0008805,008862,UPI,700,2026-08-24 18:29,success
PAY0008806,008863,UPI,1600,2026-08-27 09:24,success
PAY0008807,008863,UPI,1600,2026-08-27 09:26,success
PAY0008808,008864,UPI,450,2026-08-23 09:14,success
PAY0008809,008865,UPI,1599,2026-08-29 18:54,success
PAY0008810,008866,card,1000,2026-08-28 20:38,success
PAY0008811,INV-8867,cash,1499,2026-08-29 21:30,success
PAY0008812,008868,card,350,2026-08-23 16:58,success
PAY0008813,INV-8869,cash,2999,2026-08-28 08:46,success
PAY0008814,008870,UPI,2999,2026-08-25 16:53,success
PAY0008815,008872,card,2999,2026-08-26 08:53,success
PAY0008816,008873,card,700,2026-08-24 16:17,success
PAY0008817,008874,card,1020,2026-08-24 20:50,success
PAY0008818,008875,UPI,1550,2026-08-24 13:45,success
PAY0008819,INV-8876,cash,700,2026-08-29 10:16,success
PAY0008820,008877,card,1499,2026-08-28 08:33,success
PAY0008821,008878,UPI,2999,2026-08-24 12:53,success
PAY0008822,008879,card,2750,2026-08-24 21:44,success
PAY0008823,008880,UPI,150,2026-08-28 17:27,success
PAY0008824,008881,UPI,2250,2026-08-25 20:57,success
PAY0008825,008882,UPI,3599,2026-08-27 10:03,success
PAY0008826,008883,UPI,1499,2026-08-26 21:44,success
PAY0008827,008884,UPI,650,2026-08-25 12:52,success
PAY0008828,008885,UPI,1250,2026-08-28 15:33,success
PAY0008829,008886,UPI,1599,2026-08-25 16:07,success
PAY0008830,008887,UPI,2150,2026-08-30 16:45,success
PAY0008831,008887,UPI,2150,2026-08-30 16:47,success
PAY0008832,INV-8888,cash,2999,2026-08-27 14:26,success
PAY0008833,008889,UPI,1470,2026-08-25 20:51,success
PAY0008834,008890,UPI,120,2026-08-30 11:14,success
PAY0008835,INV-8891,cash,550,2026-08-27 21:26,success
PAY0008836,INV-8892,cash,2750,2026-08-29 18:26,success
PAY0008837,008893,UPI,1599,2026-08-26 17:43,success
PAY0008838,008894,card,2999,2026-08-30 10:05,success
PAY0008839,KH/26-27/008895,cash,450,2026-08-28 18:41,success
PAY0008840,008896,card,1499,2026-08-30 09:09,success
PAY0008841,008897,card,1200,2026-08-30 16:35,success
PAY0008842,008898,UPI,1400,2026-08-28 20:54,success
PAY0008843,008899,card,2999,2026-08-24 20:39,success
PAY0008844,008900,UPI,1150,2026-08-27 15:24,success
PAY0008845,008901,UPI,1350,2026-08-25 08:12,success
PAY0008846,008902,UPI,2750,2026-08-28 09:14,success
PAY0008847,008903,card,900,2026-08-28 17:09,success
PAY0008848,008904,UPI,200,2026-08-28 12:33,success
PAY0008849,008905,UPI,1800,2026-08-27 14:57,success
PAY0008850,008906,UPI,700,2026-08-25 11:04,success
PAY0008851,008907,card,3499,2026-08-24 14:24,success
PAY0008852,008908,card,3499,2026-08-27 13:27,success
PAY0008853,008909,UPI,1499,2026-08-25 17:50,success
PAY0008854,INV-8910,cash,1170,2026-08-30 18:13,success
PAY0008855,008911,UPI,2150,2026-08-28 21:02,success
PAY0008856,008912,card,820,2026-08-28 21:38,success
PAY0008857,008913,UPI,1370,2026-08-29 10:15,success
PAY0008858,INV-8914,cash,800,2026-08-27 11:10,success
PAY0008859,008915,UPI,2200,2026-08-29 17:37,success
PAY0008860,008916,UPI,800,2026-08-24 21:48,success
PAY0008861,008917,UPI,2999,2026-08-27 13:56,success
PAY0008862,INV-8918,cash,820,2026-08-29 12:22,success
PAY0008863,008919,card,650,2026-08-25 13:15,success
PAY0008864,INV-8920,cash,2600,2026-08-24 12:05,success
PAY0008865,INV-8921,cash,1550,2026-08-26 16:24,success
PAY0008866,008922,UPI,1450,2026-08-24 10:50,success
PAY0008867,008923,UPI,300,2026-08-27 15:43,success
PAY0008868,008924,card,850,2026-08-29 11:17,success
PAY0008869,008925,card,3499,2026-08-27 13:59,success
PAY0008870,008926,card,2999,2026-08-30 19:44,success
PAY0008871,008927,UPI,2999,2026-08-27 15:42,success
PAY0008872,008928,UPI,1499,2026-08-28 21:52,success
PAY0008873,INV-8929,cash,1599,2026-08-29 16:06,success
PAY0008874,008930,UPI,3499,2026-08-29 10:29,success
PAY0008875,008931,UPI,1370,2026-08-27 14:23,success
PAY0008876,008932,UPI,3499,2026-08-25 14:42,success
PAY0008877,008933,UPI,1499,2026-08-27 21:46,success
PAY0008878,008934,UPI,3499,2026-08-24 16:46,success
PAY0008879,008935,card,550,2026-08-27 14:58,success
PAY0008880,008936,UPI,1300,2026-08-25 14:50,success
PAY0008881,008937,UPI,1300,2026-08-25 09:59,success
PAY0008882,008938,UPI,2999,2026-08-31 20:45,success
PAY0008883,008939,UPI,3099,2026-08-25 21:43,success
PAY0008884,008940,UPI,1650,2026-08-29 12:38,success
PAY0008885,008941,card,1620,2026-08-29 17:04,success
PAY0008886,008942,card,700,2026-08-31 15:04,success
PAY0008887,008944,UPI,1350,2026-08-26 18:28,success
PAY0008888,008945,UPI,620,2026-08-28 09:23,success
PAY0008889,008946,UPI,2400,2026-08-25 08:43,success
PAY0008890,008947,card,900,2026-08-27 08:11,success
PAY0008891,INV-8948,cash,700,2026-08-27 14:31,success
PAY0008892,INV-8949,cash,600,2026-08-27 20:17,success
PAY0008893,008950,UPI,1750,2026-08-27 18:46,success
PAY0008894,INV-8951,cash,300,2026-08-28 11:15,success
PAY0008895,INV-8952,cash,1800,2026-08-30 18:25,success
PAY0008896,008953,UPI,2999,2026-08-27 21:35,success
PAY0008897,008954,UPI,1499,2026-08-25 10:36,success
PAY0008898,008955,UPI,350,2026-08-26 10:36,success
PAY0008899,008956,card,700,2026-08-28 09:02,success
PAY0008900,008957,UPI,1200,2026-08-31 17:58,success
PAY0008901,INV-8958,cash,200,2026-08-31 12:39,success
PAY0008902,008959,card,2999,2026-08-30 09:16,success
PAY0008903,008960,card,950,2026-08-27 10:56,success
PAY0008904,008960,card,950,2026-08-27 10:58,success
PAY0008905,INV-8961,cash,1600,2026-08-31 17:02,success
PAY0008906,008962,card,700,2026-08-28 19:20,success
PAY0008907,008963,UPI,2999,2026-08-31 11:34,success
PAY0008908,008964,UPI,1499,2026-08-29 21:09,success
PAY0008909,INV-8965,cash,3499,2026-08-27 16:23,success
PAY0008910,008966,UPI,2500,2026-08-29 19:52,success
PAY0008911,008967,UPI,1499,2026-08-25 20:30,success
PAY0008912,008967,UPI,1499,2026-08-25 20:32,success
PAY0008913,008968,UPI,2320,2026-08-29 18:37,success
PAY0008914,INV-8969,cash,750,2026-08-28 20:43,success
PAY0008915,008970,UPI,1000,2026-08-25 18:37,success
PAY0008916,008971,UPI,1650,2026-08-30 14:36,success
PAY0008917,008972,card,450,2026-08-25 19:04,success
PAY0008918,008973,card,2999,2026-08-25 09:39,success
PAY0008919,008974,UPI,850,2026-08-26 13:12,success
PAY0008920,008975,UPI,700,2026-08-30 20:23,success
PAY0008921,008976,UPI,1950,2026-08-26 15:18,success
PAY0008922,008976,UPI,-1950,2026-08-26 15:18,refund
PAY0008923,008977,UPI,350,2026-08-28 13:27,success
PAY0008924,008978,card,1499,2026-08-26 10:17,success
PAY0008925,008979,UPI,2999,2026-08-26 13:38,success
PAY0008926,008980,UPI,1250,2026-08-27 11:06,success
PAY0008927,008981,UPI,1220,2026-08-27 10:01,success
PAY0008928,008982,card,900,2026-08-29 10:34,success
PAY0008929,008983,UPI,950,2026-08-28 08:11,success
PAY0008930,008984,UPI,2999,2026-08-26 14:53,success
PAY0008931,008985,UPI,850,2026-08-31 08:52,success
PAY0008932,008986,card,1300,2026-08-25 15:29,success
PAY0008933,008987,UPI,2999,2026-08-25 11:55,success
PAY0008934,008988,card,1850,2026-08-26 17:36,success
PAY0008935,INV-8989,cash,3099,2026-08-26 18:20,success
PAY0008936,008990,UPI,1599,2026-08-27 16:46,success
PAY0008937,008991,UPI,550,2026-08-30 10:44,success
PAY0008938,008993,UPI,350,2026-08-30 08:43,success
PAY0008939,008994,card,2500,2026-08-29 08:37,success
PAY0008940,008995,UPI,1150,2026-08-28 20:24,success
PAY0008941,008996,UPI,1800,2026-08-31 18:34,success
PAY0008942,008997,card,150,2026-08-29 18:53,success
PAY0008943,INV-8998,cash,800,2026-08-31 11:25,success
PAY0008944,INV-8999,cash,1250,2026-08-27 10:10,success
PAY0008945,009000,card,3499,2026-08-28 08:37,success
PAY0008946,009000,card,-3499,2026-08-28 08:37,refund
PAY0008947,009001,card,1900,2026-08-26 11:48,success
PAY0008948,009002,UPI,1499,2026-08-30 09:15,success
PAY0008949,009003,UPI,2999,2026-08-29 17:13,success
PAY0008950,009004,UPI,2150,2026-08-26 18:32,success
PAY0008951,009004,UPI,2150,2026-08-26 18:34,success
PAY0008952,009005,UPI,1950,2026-08-27 19:05,success
PAY0008953,009006,card,200,2026-08-26 08:30,success
PAY0008954,009007,UPI,3599,2026-08-31 14:10,success
PAY0008955,INV-9008,cash,450,2026-09-01 13:42,success
PAY0008956,009009,UPI,1850,2026-09-01 21:12,success
PAY0008957,009010,UPI,2999,2026-08-31 21:36,success
PAY0008958,009011,card,600,2026-08-29 10:08,success
PAY0008959,009012,card,2999,2026-08-26 12:42,success
PAY0008960,INV-9013,cash,1700,2026-08-31 13:32,success
PAY0008961,009015,UPI,2050,2026-08-27 21:03,success
PAY0008962,009016,card,200,2026-08-28 19:41,success
PAY0008963,009016,card,200,2026-08-28 19:43,success
PAY0008964,009017,card,670,2026-09-01 11:40,success
PAY0008965,INV-9018,cash,750,2026-09-01 18:16,success
PAY0008966,009019,UPI,1800,2026-08-30 12:48,success
PAY0008967,009020,card,1370,2026-08-29 19:00,success
PAY0008968,009021,card,3499,2026-08-31 13:22,success
PAY0008969,009022,UPI,1050,2026-09-01 13:37,success
PAY0008970,009022,UPI,1050,2026-09-01 13:39,success
PAY0008971,009023,UPI,1920,2026-08-26 19:51,success
PAY0008972,009024,UPI,2999,2026-08-26 16:53,success
PAY0008973,009025,card,500,2026-08-29 10:02,success
PAY0008974,009026,UPI,1900,2026-08-28 21:59,success
PAY0008975,INV-9027,cash,1250,2026-08-30 20:21,success
PAY0008976,009028,UPI,2999,2026-08-30 14:49,success
PAY0008977,KH/26-27/009029,cash,1100,2026-08-26 20:27,success
PAY0008978,INV-9030,cash,1200,2026-08-27 17:18,success
PAY0008979,009031,card,370,2026-09-01 08:08,success
PAY0008980,009032,UPI,900,2026-08-31 14:41,success
PAY0008981,009033,UPI,1599,2026-08-27 21:27,success
PAY0008982,009034,UPI,2999,2026-08-29 16:03,success
PAY0008983,INV-9035,cash,1250,2026-08-29 17:09,success
PAY0008984,009036,UPI,1700,2026-08-31 21:24,success
PAY0008985,009037,card,1050,2026-08-26 16:29,success
PAY0008986,009038,card,2999,2026-08-28 20:52,success
PAY0008987,009039,UPI,2999,2026-08-26 09:40,success
PAY0008988,009040,card,2000,2026-08-31 11:06,success
PAY0008989,INV-9041,cash,1600,2026-09-01 09:25,success
PAY0008990,INV-9042,cash,1250,2026-08-28 14:55,success
PAY0008991,009043,card,900,2026-08-27 13:58,success
PAY0008992,009044,UPI,2999,2026-08-31 14:06,success
PAY0008993,009045,card,3599,2026-08-31 09:14,success
PAY0008994,009046,card,1250,2026-08-28 18:08,success
PAY0008995,009047,UPI,2999,2026-09-01 09:05,success
PAY0008996,009049,card,2350,2026-08-30 18:18,success
PAY0008997,009050,UPI,1200,2026-08-26 09:54,success
PAY0008998,009052,card,1599,2026-08-29 18:12,success
PAY0008999,009053,UPI,650,2026-08-31 14:36,success
PAY0009000,009054,UPI,1200,2026-08-30 11:52,success
PAY0009001,INV-9055,cash,2999,2026-08-27 10:53,success
PAY0009002,009056,UPI,1200,2026-08-28 17:22,success
PAY0009003,INV-9057,cash,3499,2026-08-29 09:54,success
PAY0009004,009058,card,1620,2026-08-29 19:11,success
PAY0009005,009059,card,2999,2026-08-30 20:16,success
PAY0009006,009060,UPI,500,2026-08-27 11:42,success
PAY0009007,009061,UPI,1499,2026-08-27 19:33,success
PAY0009008,009062,UPI,1100,2026-08-28 08:05,success
PAY0009009,009063,UPI,900,2026-08-29 12:03,success
PAY0009010,009064,UPI,200,2026-08-29 15:05,success
PAY0009011,009066,UPI,1200,2026-08-31 21:51,success
PAY0009012,009067,UPI,700,2026-08-30 21:40,success
PAY0009013,009068,UPI,3099,2026-08-31 17:33,success
PAY0009014,INV-9069,cash,1820,2026-09-01 20:30,success
PAY0009015,009070,UPI,3499,2026-08-29 10:48,success
PAY0009016,INV-9071,cash,650,2026-08-31 11:14,success
PAY0009017,009072,card,1100,2026-09-02 15:23,success
PAY0009018,009073,UPI,450,2026-08-27 17:50,success
PAY0009019,009074,UPI,2999,2026-08-31 21:28,success
PAY0009020,009075,card,750,2026-09-01 14:08,success
PAY0009021,009076,card,650,2026-08-30 09:41,success
PAY0009022,009077,card,2999,2026-09-02 20:01,success
PAY0009023,009078,UPI,1400,2026-08-29 15:31,success
PAY0009024,009079,card,1900,2026-09-02 20:34,success
PAY0009025,009080,card,770,2026-08-30 14:13,success
PAY0009026,INV-9081,cash,600,2026-08-31 17:02,success
PAY0009027,009082,UPI,3499,2026-08-29 16:45,success
PAY0009028,KH/26-27/009083,cash,3000,2026-08-29 11:51,success
PAY0009029,009084,UPI,1720,2026-08-27 09:55,success
PAY0009030,009085,card,150,2026-08-29 20:38,success
PAY0009031,009087,card,1499,2026-08-28 19:01,success
PAY0009032,009088,card,950,2026-08-31 12:45,success
PAY0009033,009089,UPI,550,2026-08-31 18:13,success
PAY0009034,009090,UPI,1850,2026-09-01 11:27,success
PAY0009035,009090,UPI,1850,2026-09-01 11:29,success
PAY0009036,009091,UPI,1200,2026-08-31 17:28,success
PAY0009037,009092,card,1900,2026-08-30 19:42,success
PAY0009038,009093,UPI,150,2026-08-28 11:31,success
PAY0009039,INV-9095,cash,1950,2026-08-31 14:52,success
PAY0009040,INV-9096,cash,650,2026-08-27 12:27,success
PAY0009041,009097,UPI,1950,2026-08-31 12:55,success
PAY0009042,009098,card,620,2026-09-01 18:45,success
PAY0009043,009099,UPI,2999,2026-08-29 08:28,success
PAY0009044,009100,card,600,2026-08-29 18:04,success
PAY0009045,009101,card,650,2026-08-31 20:00,success
PAY0009046,INV-9102,cash,150,2026-09-01 16:54,success
PAY0009047,009103,UPI,1370,2026-08-30 15:30,success
PAY0009048,009104,UPI,2200,2026-08-29 20:49,success
PAY0009049,009105,card,1500,2026-08-27 14:23,success
PAY0009050,009106,UPI,3499,2026-08-28 17:41,success
PAY0009051,009107,card,3499,2026-09-02 08:48,success
PAY0009052,009108,UPI,1450,2026-08-30 21:31,success
PAY0009053,009109,UPI,3499,2026-08-29 09:09,success
PAY0009054,009110,UPI,1100,2026-08-31 09:18,success
PAY0009055,INV-9111,cash,3250,2026-08-28 15:11,success
PAY0009056,INV-9112,cash,750,2026-08-31 12:11,success
PAY0009057,009113,card,550,2026-08-27 10:39,success
PAY0009058,INV-9114,cash,450,2026-08-29 09:29,success
PAY0009059,009115,UPI,1950,2026-08-29 16:29,success
PAY0009060,009116,UPI,200,2026-08-28 09:41,success
PAY0009061,009116,UPI,-200,2026-08-28 09:41,refund
PAY0009062,009117,UPI,1150,2026-08-27 10:14,success
PAY0009063,009118,UPI,800,2026-08-27 20:50,success
PAY0009064,009119,card,3499,2026-08-28 09:14,success
PAY0009065,009120,UPI,1000,2026-08-30 16:40,success
PAY0009066,009120,UPI,1000,2026-08-30 16:42,success
PAY0009067,009121,card,3099,2026-09-01 12:09,success
PAY0009068,009124,card,1320,2026-08-27 09:31,success
PAY0009069,009125,card,600,2026-08-27 17:32,success
PAY0009070,009126,UPI,1250,2026-08-27 14:15,success
PAY0009071,009127,UPI,550,2026-08-30 13:30,success
PAY0009072,009128,UPI,770,2026-08-30 19:01,success
PAY0009073,009129,card,270,2026-09-02 21:46,success
PAY0009074,009130,card,350,2026-08-30 18:16,success
PAY0009075,009132,UPI,2200,2026-09-02 20:14,success
PAY0009076,009134,UPI,920,2026-08-29 17:29,success
PAY0009077,009135,UPI,2999,2026-08-30 09:28,success
PAY0009078,009136,UPI,770,2026-08-30 18:19,success
PAY0009079,INV-9137,cash,1400,2026-08-29 11:28,success
PAY0009080,009138,card,1200,2026-09-03 14:33,success
PAY0009081,009139,UPI,750,2026-08-29 14:00,success
PAY0009082,009140,UPI,600,2026-08-29 19:48,success
PAY0009083,009141,card,750,2026-08-28 09:54,success
PAY0009084,009142,UPI,900,2026-09-03 11:59,success
PAY0009085,009143,card,1650,2026-09-01 18:21,success
PAY0009086,009144,UPI,2300,2026-08-31 21:53,success
PAY0009087,009146,UPI,1800,2026-08-28 21:02,success
PAY0009088,009147,UPI,600,2026-09-03 21:54,success
PAY0009089,009148,UPI,1499,2026-09-03 10:07,success
PAY0009090,009149,card,2000,2026-08-28 12:30,success
PAY0009091,009150,UPI,500,2026-09-02 15:18,success
PAY0009092,INV-9151,cash,1900,2026-08-28 11:48,success
PAY0009093,INV-9152,cash,2999,2026-08-31 14:42,success
PAY0009094,009153,UPI,670,2026-08-30 10:23,success
PAY0009095,009154,UPI,1499,2026-09-02 18:44,success
PAY0009096,009155,card,620,2026-09-03 16:15,success
PAY0009097,INV-9156,cash,350,2026-09-02 17:39,success
PAY0009098,009157,UPI,1850,2026-09-03 12:52,success
PAY0009099,INV-9158,cash,2999,2026-09-02 19:36,success
PAY0009100,009159,UPI,1499,2026-08-29 08:15,success
PAY0009101,009160,UPI,450,2026-08-30 14:05,success
PAY0009102,009161,card,800,2026-08-29 17:45,success
PAY0009103,009163,UPI,1499,2026-08-30 20:03,success
PAY0009104,009164,UPI,1320,2026-09-01 09:27,success
PAY0009105,009165,UPI,1499,2026-08-29 12:26,success
PAY0009106,009166,card,2550,2026-08-29 20:30,success
PAY0009107,009167,UPI,2050,2026-08-29 18:18,success
PAY0009108,009168,UPI,2050,2026-08-29 21:15,success
PAY0009109,009169,UPI,200,2026-09-01 16:11,success
PAY0009110,009169,UPI,200,2026-09-01 16:13,success
PAY0009111,009171,UPI,1300,2026-09-02 13:59,success
PAY0009112,009172,card,2999,2026-09-01 17:54,success
PAY0009113,INV-9173,cash,220,2026-08-28 08:21,success
PAY0009114,009174,UPI,1950,2026-09-03 15:11,success
PAY0009115,009175,UPI,2050,2026-09-01 09:52,success
PAY0009116,009176,card,700,2026-09-02 15:02,success
PAY0009117,009177,card,1020,2026-09-01 21:52,success
PAY0009118,009178,UPI,1450,2026-08-30 20:37,success
PAY0009119,009179,UPI,1200,2026-09-03 08:31,success
PAY0009120,INV-9180,cash,2250,2026-08-31 20:36,success
PAY0009121,009181,card,200,2026-09-01 11:38,success
PAY0009122,009182,card,2999,2026-08-31 10:58,success
PAY0009123,009184,card,1350,2026-09-01 18:17,success
PAY0009124,009185,card,200,2026-09-03 21:00,success
PAY0009125,009186,UPI,2999,2026-08-28 09:47,success
PAY0009126,009187,UPI,1250,2026-09-01 18:50,success
PAY0009127,INV-9188,cash,550,2026-08-29 19:29,success
PAY0009128,INV-9189,cash,600,2026-09-03 21:40,success
PAY0009129,INV-9189,cash,-600,2026-09-03 21:40,refund
PAY0009130,009190,UPI,200,2026-08-28 10:46,success
PAY0009131,009191,card,1499,2026-09-03 08:07,success
PAY0009132,009192,UPI,1950,2026-08-29 11:08,success
PAY0009133,009193,card,2250,2026-08-29 10:04,success
PAY0009134,009194,UPI,3499,2026-09-02 09:51,success
PAY0009135,009195,UPI,550,2026-09-03 08:14,success
PAY0009136,009196,card,1800,2026-08-31 18:23,success
PAY0009137,INV-9197,cash,1900,2026-08-30 17:54,success
PAY0009138,009198,UPI,1000,2026-08-30 08:53,success
PAY0009139,009200,UPI,500,2026-09-04 15:42,success
PAY0009140,INV-9201,cash,700,2026-09-02 14:02,success
PAY0009141,009202,UPI,1599,2026-09-04 19:40,success
PAY0009142,009203,UPI,1200,2026-09-02 20:03,success
PAY0009143,009204,UPI,2999,2026-08-31 10:38,success
PAY0009144,009205,UPI,1470,2026-08-29 11:25,success
PAY0009145,009206,card,600,2026-08-31 10:36,success
PAY0009146,009207,UPI,2350,2026-09-02 13:30,success
PAY0009147,INV-9208,cash,1950,2026-08-30 17:39,success
PAY0009148,009209,UPI,2999,2026-09-02 16:59,success
PAY0009149,INV-9210,cash,1850,2026-09-01 19:22,success
PAY0009150,009211,card,2070,2026-09-02 08:05,success
PAY0009151,009212,UPI,2999,2026-08-31 19:01,success
PAY0009152,009213,card,2150,2026-08-29 21:04,success
PAY0009153,009214,UPI,1000,2026-08-29 19:48,success
PAY0009154,009215,card,1600,2026-09-02 10:35,success
PAY0009155,009216,card,600,2026-08-31 15:29,success
PAY0009156,009217,card,3499,2026-09-04 15:18,success
PAY0009157,009218,UPI,1499,2026-09-03 10:11,success
PAY0009158,009219,UPI,3499,2026-09-01 14:42,success
PAY0009159,009220,card,600,2026-08-31 09:04,success
PAY0009160,009221,UPI,1200,2026-08-30 14:09,success
PAY0009161,009222,card,1300,2026-08-30 13:19,success
PAY0009162,INV-9223,cash,2999,2026-09-04 17:57,success
PAY0009163,009224,UPI,2999,2026-08-30 09:10,success
PAY0009164,009225,UPI,650,2026-08-29 10:45,success
PAY0009165,009226,card,1900,2026-09-01 11:57,success
PAY0009166,009227,card,2150,2026-09-04 18:07,success
PAY0009167,009228,card,2070,2026-08-31 15:29,success
PAY0009168,009229,UPI,500,2026-09-02 16:37,success
PAY0009169,009230,UPI,500,2026-08-30 09:37,success
PAY0009170,009231,UPI,2999,2026-09-04 14:18,success
PAY0009171,009232,UPI,600,2026-08-29 14:21,success
PAY0009172,009233,UPI,1499,2026-08-29 13:45,success
PAY0009173,009234,UPI,3099,2026-09-01 21:04,success
PAY0009174,009235,UPI,1200,2026-08-31 15:56,success
PAY0009175,009236,UPI,650,2026-09-04 11:42,success
PAY0009176,009237,card,3099,2026-08-30 15:47,success
PAY0009177,009238,UPI,1100,2026-09-02 12:41,success
PAY0009178,009239,card,1950,2026-08-31 18:44,success
PAY0009179,INV-9240,cash,1550,2026-08-31 19:44,success
PAY0009180,009241,UPI,900,2026-08-31 16:52,success
PAY0009181,009242,card,600,2026-08-30 12:24,success
PAY0009182,009243,UPI,1570,2026-09-03 17:18,success
PAY0009183,009244,UPI,900,2026-08-29 08:33,success
PAY0009184,009245,UPI,1050,2026-09-01 10:26,success
PAY0009185,KH/26-27/009246,cash,1850,2026-08-30 09:01,success
PAY0009186,009247,UPI,500,2026-09-01 16:39,success
PAY0009187,009248,UPI,950,2026-09-03 18:12,success
PAY0009188,009249,card,600,2026-08-31 12:52,success
PAY0009189,009250,card,2999,2026-09-01 15:26,success
PAY0009190,009251,card,1250,2026-09-01 09:07,success
PAY0009191,INV-9252,cash,1599,2026-09-02 09:59,success
PAY0009192,009253,UPI,1700,2026-08-30 17:13,success
PAY0009193,009254,card,350,2026-09-04 18:41,success
PAY0009194,009255,card,800,2026-08-30 16:19,success
PAY0009195,009256,UPI,700,2026-08-29 15:58,success
PAY0009196,INV-9257,cash,1200,2026-08-29 08:18,success
PAY0009197,009258,card,2999,2026-09-01 08:44,success
PAY0009198,009258,card,2999,2026-09-01 08:46,success
PAY0009199,009259,UPI,2999,2026-09-03 09:03,success
PAY0009200,009260,UPI,3250,2026-09-03 21:40,success
PAY0009201,009261,UPI,1400,2026-09-02 21:26,success
PAY0009202,009262,card,550,2026-09-01 11:44,success
PAY0009203,009263,UPI,1500,2026-08-31 19:19,success
PAY0009204,009264,card,2500,2026-09-03 14:40,success
PAY0009205,009265,UPI,1250,2026-09-04 14:19,success
PAY0009206,009266,UPI,1770,2026-09-02 15:29,success
PAY0009207,009267,UPI,770,2026-09-05 13:56,success
PAY0009208,INV-9268,cash,500,2026-09-03 14:39,success
PAY0009209,009269,UPI,1499,2026-08-30 18:35,success
PAY0009210,009270,UPI,2050,2026-09-04 19:29,success
PAY0009211,INV-9271,cash,1700,2026-08-31 15:36,success
PAY0009212,INV-9272,cash,2900,2026-09-05 15:54,success
PAY0009213,009273,UPI,3499,2026-09-01 11:50,success
PAY0009214,INV-9274,cash,900,2026-08-30 18:00,success
PAY0009215,009275,UPI,750,2026-08-30 20:27,success
PAY0009216,009276,UPI,1599,2026-08-30 11:30,success
PAY0009217,009277,UPI,150,2026-09-03 21:30,success
PAY0009218,009278,UPI,900,2026-09-02 20:44,success
PAY0009219,009279,UPI,1499,2026-09-01 09:00,success
PAY0009220,009280,card,1499,2026-08-30 18:23,success
PAY0009221,009282,UPI,3499,2026-09-04 08:02,success
PAY0009222,INV-9283,cash,950,2026-08-31 12:34,success
PAY0009223,009284,UPI,3350,2026-09-04 15:55,success
PAY0009224,009285,card,1050,2026-09-01 14:04,success
PAY0009225,009286,UPI,750,2026-09-03 21:04,success
PAY0009226,009287,UPI,1499,2026-08-30 08:01,success
PAY0009227,009288,UPI,900,2026-08-31 16:28,success
PAY0009228,009290,UPI,670,2026-08-30 19:09,success
PAY0009229,009291,UPI,2020,2026-08-31 19:29,success
PAY0009230,009292,UPI,120,2026-08-30 19:17,success
PAY0009231,009293,UPI,3099,2026-09-02 13:57,success
PAY0009232,009294,UPI,1499,2026-08-31 15:09,success
PAY0009233,009295,card,2150,2026-08-31 15:42,success
PAY0009234,009296,UPI,450,2026-09-02 19:29,success
PAY0009235,INV-9297,cash,650,2026-09-03 17:36,success
PAY0009236,009298,UPI,120,2026-08-31 17:55,success
PAY0009237,009299,UPI,2400,2026-08-30 19:54,success
PAY0009238,INV-9300,cash,3499,2026-08-30 10:55,success
PAY0009239,009301,UPI,2999,2026-08-31 21:47,success
PAY0009240,INV-9302,cash,200,2026-09-05 16:33,success
PAY0009241,009303,card,1499,2026-09-02 11:43,success
PAY0009242,009304,UPI,550,2026-09-01 12:03,success
PAY0009243,009305,card,600,2026-08-30 20:37,success
PAY0009244,009306,UPI,3099,2026-08-31 17:32,success
PAY0009245,009307,card,500,2026-08-30 08:41,success
PAY0009246,009308,card,150,2026-09-02 12:43,success
PAY0009247,009309,card,800,2026-09-03 13:06,success
PAY0009248,009310,card,1350,2026-08-30 20:50,success
PAY0009249,009311,UPI,1600,2026-09-02 10:23,success
PAY0009250,009312,card,2000,2026-09-05 19:32,success
PAY0009251,009313,UPI,1270,2026-09-05 09:28,success
PAY0009252,009314,UPI,150,2026-09-03 13:46,success
PAY0009253,009315,UPI,320,2026-09-02 21:26,success
PAY0009254,009316,UPI,3499,2026-09-02 19:36,success
PAY0009255,009317,card,2999,2026-09-03 19:41,success
PAY0009256,009318,UPI,1350,2026-09-01 08:52,success
PAY0009257,009319,card,1499,2026-09-01 19:27,success
PAY0009258,009320,UPI,1499,2026-09-02 18:59,success
PAY0009259,009321,UPI,3499,2026-09-04 13:41,success
PAY0009260,009322,UPI,1250,2026-09-04 19:28,success
PAY0009261,009323,UPI,2400,2026-09-01 10:11,success
PAY0009262,009324,UPI,550,2026-09-01 15:08,success
PAY0009263,009325,card,1900,2026-08-31 18:41,success
PAY0009264,009326,UPI,1200,2026-09-05 16:40,success
PAY0009265,INV-9327,cash,2750,2026-09-06 14:14,success
PAY0009266,009328,UPI,1499,2026-09-06 09:32,success
PAY0009267,INV-9329,cash,2420,2026-09-03 11:15,success
PAY0009268,009330,card,570,2026-09-04 15:39,success
PAY0009269,009331,card,1620,2026-09-03 20:50,success
PAY0009270,009332,card,2020,2026-09-05 11:42,success
PAY0009271,009333,UPI,1499,2026-09-02 18:18,success
PAY0009272,INV-9334,cash,1900,2026-08-31 12:51,success
PAY0009273,009335,UPI,1150,2026-09-03 20:02,success
PAY0009274,009336,UPI,200,2026-09-03 13:23,success
PAY0009275,009337,UPI,1700,2026-09-02 18:43,success
PAY0009276,009338,UPI,1250,2026-09-04 11:31,success
PAY0009277,009339,card,2999,2026-09-04 21:50,success
PAY0009278,INV-9340,cash,1250,2026-09-05 18:25,success
PAY0009279,009341,UPI,1150,2026-09-04 08:00,success
PAY0009280,INV-9342,cash,1499,2026-09-02 15:05,success
PAY0009281,009343,UPI,1350,2026-09-01 12:13,success
PAY0009282,009344,UPI,1550,2026-09-02 17:22,success
PAY0009283,009345,UPI,1150,2026-08-31 20:07,success
PAY0009284,009345,UPI,1150,2026-08-31 20:09,success
PAY0009285,009347,UPI,1250,2026-09-03 16:51,success
PAY0009286,009348,UPI,300,2026-09-05 11:40,success
PAY0009287,INV-9349,cash,220,2026-09-02 10:30,success
PAY0009288,009350,UPI,700,2026-09-06 15:57,success
PAY0009289,009351,UPI,1520,2026-09-03 18:26,success
PAY0009290,009352,card,720,2026-09-05 10:58,success
PAY0009291,INV-9353,cash,120,2026-09-01 21:59,success
PAY0009292,009354,UPI,900,2026-09-05 10:43,success
PAY0009293,009355,UPI,2270,2026-09-02 20:01,success
PAY0009294,009356,card,450,2026-09-03 21:20,success
PAY0009295,INV-9357,cash,1200,2026-09-03 21:28,success
PAY0009296,009358,card,2999,2026-08-31 21:19,success
PAY0009297,009359,card,2150,2026-09-03 09:31,success
PAY0009298,009360,UPI,500,2026-09-02 16:43,success
PAY0009299,009361,card,550,2026-09-03 17:57,success
PAY0009300,009362,UPI,1920,2026-09-04 16:25,success
PAY0009301,009363,UPI,1320,2026-09-04 08:42,success
PAY0009302,009364,UPI,350,2026-08-31 15:40,success
PAY0009303,INV-9365,cash,2999,2026-08-31 16:47,success
PAY0009304,009366,UPI,1000,2026-08-31 20:00,success
PAY0009305,009367,card,1320,2026-09-04 18:19,success
PAY0009306,009369,UPI,1499,2026-09-03 19:29,success
PAY0009307,009370,UPI,1499,2026-09-04 17:50,success
PAY0009308,INV-9371,cash,2250,2026-08-31 20:19,success
PAY0009309,009372,card,2700,2026-09-02 15:48,success
PAY0009310,009373,UPI,300,2026-09-03 16:39,success
PAY0009311,009374,UPI,150,2026-09-06 12:47,success
PAY0009312,009375,UPI,900,2026-09-06 14:45,success
PAY0009313,INV-9376,cash,2999,2026-09-03 17:52,success
PAY0009314,INV-9377,cash,1650,2026-09-03 16:50,success
PAY0009315,009378,card,1200,2026-09-03 08:53,success
PAY0009316,009379,card,3499,2026-09-03 20:35,success
PAY0009317,009380,UPI,2999,2026-09-01 18:06,success
PAY0009318,009381,UPI,350,2026-08-31 18:21,success
PAY0009319,009382,UPI,3499,2026-08-31 17:14,success
PAY0009320,009383,UPI,950,2026-09-03 15:09,success
PAY0009321,009384,UPI,2999,2026-08-31 10:53,success
PAY0009322,009385,UPI,700,2026-08-31 17:29,success
PAY0009323,009386,card,1499,2026-09-03 14:59,success
PAY0009324,INV-9387,cash,500,2026-09-01 12:24,success
PAY0009325,009388,UPI,1200,2026-09-04 11:49,success
PAY0009326,009389,card,1470,2026-09-02 16:23,success
PAY0009327,009390,UPI,1550,2026-09-06 19:21,success
PAY0009328,009391,UPI,450,2026-09-03 13:00,success
PAY0009329,009392,card,2700,2026-09-02 13:50,success
PAY0009330,009393,card,2999,2026-09-07 19:22,success
PAY0009331,009394,UPI,2150,2026-09-05 19:44,success
PAY0009332,009395,UPI,470,2026-09-02 21:18,success
PAY0009333,009396,UPI,500,2026-09-07 10:50,success
PAY0009334,INV-9397,cash,120,2026-09-06 11:06,success
PAY0009335,009398,card,1050,2026-09-03 17:42,success
PAY0009336,009399,UPI,200,2026-09-02 15:24,success
PAY0009337,INV-9400,cash,700,2026-09-05 20:38,success
PAY0009338,009401,UPI,3499,2026-09-07 15:31,success
PAY0009339,009402,card,550,2026-09-03 20:34,success
PAY0009340,INV-9403,cash,500,2026-09-06 13:56,success
PAY0009341,009404,UPI,1250,2026-09-07 15:48,success
PAY0009342,009405,card,2999,2026-09-07 08:14,success
PAY0009343,009406,card,2999,2026-09-06 10:56,success
PAY0009344,009407,card,650,2026-09-01 11:34,success
PAY0009345,INV-9408,cash,1499,2026-09-01 17:36,success
PAY0009346,INV-9409,cash,2999,2026-09-06 12:53,success
PAY0009347,009410,card,1500,2026-09-07 13:12,success
PAY0009348,009412,UPI,2999,2026-09-06 08:22,success
PAY0009349,009413,card,2999,2026-09-06 10:35,success
PAY0009350,009414,card,350,2026-09-07 16:13,success
PAY0009351,009415,card,2999,2026-09-01 09:19,success
PAY0009352,009416,UPI,2999,2026-09-04 11:48,success
PAY0009353,009417,card,500,2026-09-06 19:34,success
PAY0009354,009418,UPI,3499,2026-09-03 14:19,success
PAY0009355,009419,UPI,500,2026-09-02 14:08,success
PAY0009356,INV-9420,cash,3499,2026-09-02 09:23,success
PAY0009357,009421,UPI,1200,2026-09-06 11:27,success
PAY0009358,INV-9422,cash,350,2026-09-03 08:57,success
PAY0009359,009423,UPI,2100,2026-09-06 12:02,success
PAY0009360,009424,UPI,550,2026-09-05 17:42,success
PAY0009361,009425,card,800,2026-09-05 15:52,success
PAY0009362,INV-9426,cash,200,2026-09-07 17:20,success
PAY0009363,009427,UPI,1150,2026-09-04 18:41,success
PAY0009364,009429,UPI,1200,2026-09-04 13:03,success
PAY0009365,009430,UPI,2750,2026-09-02 15:27,success
PAY0009366,009431,UPI,1499,2026-09-01 08:13,success
PAY0009367,009432,UPI,2150,2026-09-06 20:25,success
PAY0009368,009432,UPI,2150,2026-09-06 20:27,success
PAY0009369,009434,card,2550,2026-09-06 17:11,success
PAY0009370,009435,UPI,3499,2026-09-01 13:58,success
PAY0009371,009436,UPI,2999,2026-09-07 09:29,success
PAY0009372,009436,UPI,2999,2026-09-07 09:31,success
PAY0009373,009437,UPI,2999,2026-09-03 11:10,success
PAY0009374,009438,UPI,2220,2026-09-04 18:48,success
PAY0009375,009439,UPI,1250,2026-09-05 09:16,success
PAY0009376,009440,card,200,2026-09-05 13:00,success
PAY0009377,009441,card,2999,2026-09-02 13:35,success
PAY0009378,009442,UPI,1820,2026-09-05 11:00,success
PAY0009379,INV-9443,cash,2250,2026-09-04 20:08,success
PAY0009380,009444,UPI,1100,2026-09-06 15:06,success
PAY0009381,009445,UPI,2999,2026-09-05 21:19,success
PAY0009382,009446,card,500,2026-09-02 21:52,success
PAY0009383,009447,UPI,2999,2026-09-04 19:55,success
PAY0009384,009448,UPI,1250,2026-09-03 12:49,success
PAY0009385,009449,UPI,2999,2026-09-05 09:54,success
PAY0009386,009450,UPI,200,2026-09-04 11:52,success
PAY0009387,009451,card,350,2026-09-04 19:07,success
PAY0009388,009452,UPI,2170,2026-09-08 20:47,success
PAY0009389,INV-9453,cash,700,2026-09-06 08:16,success
PAY0009390,009454,UPI,2999,2026-09-03 17:36,success
PAY0009391,KH/26-27/009455,cash,200,2026-09-08 16:12,success
PAY0009392,009456,UPI,150,2026-09-07 21:15,success
PAY0009393,009457,card,1499,2026-09-03 19:46,success
PAY0009394,009458,card,350,2026-09-08 14:57,success
PAY0009395,009458,card,350,2026-09-08 14:59,success
PAY0009396,009459,card,2000,2026-09-02 16:17,success
PAY0009397,009460,UPI,700,2026-09-05 14:11,success
PAY0009398,009461,UPI,2950,2026-09-07 17:42,success
PAY0009399,009462,UPI,1499,2026-09-05 12:20,success
PAY0009400,INV-9463,cash,900,2026-09-02 20:20,success
PAY0009401,009464,UPI,2900,2026-09-08 14:00,success
PAY0009402,INV-9465,cash,650,2026-09-03 14:57,success
PAY0009403,009466,card,1499,2026-09-05 21:59,success
PAY0009404,009467,card,1020,2026-09-06 12:58,success
PAY0009405,009468,card,1450,2026-09-08 14:52,success
PAY0009406,009469,UPI,1499,2026-09-05 21:36,success
PAY0009407,009470,card,320,2026-09-07 13:59,success
PAY0009408,009471,UPI,900,2026-09-06 15:00,success
PAY0009409,009472,UPI,2350,2026-09-03 08:10,success
PAY0009410,009473,card,1200,2026-09-07 16:10,success
PAY0009411,009474,UPI,700,2026-09-06 21:55,success
PAY0009412,009475,card,120,2026-09-08 11:06,success
PAY0009413,009476,card,1070,2026-09-05 08:06,success
PAY0009414,009477,UPI,3099,2026-09-08 14:56,success
PAY0009415,009478,UPI,200,2026-09-05 17:40,success
PAY0009416,009479,card,600,2026-09-02 17:12,success
PAY0009417,009480,card,850,2026-09-02 17:33,success
PAY0009418,009482,UPI,2999,2026-09-03 11:27,success
PAY0009419,009483,UPI,2550,2026-09-03 19:27,success
PAY0009420,009484,card,200,2026-09-05 14:05,success
PAY0009421,009485,UPI,2200,2026-09-05 08:15,success
PAY0009422,009486,UPI,3499,2026-09-06 15:09,success
PAY0009423,009487,card,120,2026-09-08 14:28,success
PAY0009424,009488,UPI,2450,2026-09-02 20:43,success
PAY0009425,INV-9489,cash,1100,2026-09-07 16:59,success
PAY0009426,009490,UPI,1700,2026-09-05 13:49,success
PAY0009427,INV-9491,cash,3499,2026-09-02 13:24,success
PAY0009428,009492,card,650,2026-09-05 18:32,success
PAY0009429,009493,card,650,2026-09-05 18:27,success
PAY0009430,009494,UPI,900,2026-09-06 19:36,success
PAY0009431,009495,UPI,650,2026-09-06 14:47,success
PAY0009432,009496,UPI,720,2026-09-02 19:36,success
PAY0009433,009497,UPI,2900,2026-09-04 14:56,success
PAY0009434,009498,UPI,2120,2026-09-07 11:00,success
PAY0009435,009499,card,1499,2026-09-02 18:22,success
PAY0009436,KH/26-27/009500,cash,2999,2026-09-03 08:06,success
PAY0009437,KH/26-27/009501,cash,1650,2026-09-04 20:10,success
PAY0009438,INV-9503,cash,1100,2026-09-06 19:46,success
PAY0009439,INV-9504,cash,350,2026-09-06 13:24,success
PAY0009440,009505,card,700,2026-09-03 08:25,success
PAY0009441,009506,card,120,2026-09-04 12:53,success
PAY0009442,009507,UPI,1050,2026-09-02 17:35,success
PAY0009443,009508,UPI,1650,2026-09-03 19:40,success
PAY0009444,009509,UPI,1200,2026-09-05 14:37,success
PAY0009445,009510,UPI,2150,2026-09-06 11:07,success
PAY0009446,009511,UPI,2600,2026-09-02 08:33,success
PAY0009447,009512,UPI,1000,2026-09-08 17:23,success
PAY0009448,009512,UPI,1000,2026-09-08 17:25,success
PAY0009449,009513,UPI,650,2026-09-09 17:40,success
PAY0009450,INV-9514,cash,1320,2026-09-04 10:02,success
PAY0009451,009515,UPI,2999,2026-09-03 14:15,success
PAY0009452,009516,card,3100,2026-09-06 21:13,success
PAY0009453,009517,card,1300,2026-09-06 19:58,success
PAY0009454,009518,UPI,2400,2026-09-08 12:39,success
PAY0009455,009519,card,2999,2026-09-03 15:20,success
PAY0009456,009520,UPI,700,2026-09-09 09:43,success
PAY0009457,009521,UPI,700,2026-09-04 11:27,success
PAY0009458,INV-9522,cash,1499,2026-09-03 18:22,success
PAY0009459,INV-9523,cash,350,2026-09-04 09:18,success
PAY0009460,009524,UPI,950,2026-09-09 15:01,success
PAY0009461,INV-9525,cash,1100,2026-09-09 17:47,success
PAY0009462,009526,card,600,2026-09-09 11:06,success
PAY0009463,009527,UPI,1499,2026-09-08 15:17,success
PAY0009464,009528,card,1499,2026-09-04 16:30,success
PAY0009465,009528,card,1499,2026-09-04 16:32,success
PAY0009466,INV-9529,cash,2999,2026-09-08 10:55,success
PAY0009467,009530,card,2999,2026-09-09 10:53,success
PAY0009468,009531,card,470,2026-09-03 09:37,success
PAY0009469,009532,UPI,1850,2026-09-06 14:32,success
PAY0009470,009533,UPI,1550,2026-09-03 16:30,success
PAY0009471,009534,UPI,200,2026-09-06 10:02,success
PAY0009472,009535,UPI,1150,2026-09-07 20:03,success
PAY0009473,009536,UPI,900,2026-09-07 18:58,success
PAY0009474,009537,UPI,1499,2026-09-08 15:19,success
PAY0009475,009538,UPI,200,2026-09-07 15:01,success
PAY0009476,009539,UPI,3499,2026-09-03 15:45,success
PAY0009477,009540,UPI,750,2026-09-08 20:39,success
PAY0009478,009541,UPI,2999,2026-09-05 19:00,success
PAY0009479,009542,card,2999,2026-09-07 10:38,success
PAY0009480,009543,UPI,150,2026-09-06 12:10,success
PAY0009481,009544,card,3599,2026-09-04 13:11,success
PAY0009482,009545,card,700,2026-09-06 18:39,success
PAY0009483,009546,card,650,2026-09-04 19:02,success
PAY0009484,INV-9547,cash,700,2026-09-04 11:19,success
PAY0009485,009548,card,800,2026-09-05 12:37,success
PAY0009486,009549,UPI,750,2026-09-05 18:39,success
PAY0009487,009550,UPI,2000,2026-09-07 10:49,success
PAY0009488,009551,UPI,3499,2026-09-06 09:22,success
PAY0009489,009551,UPI,3499,2026-09-06 09:24,success
PAY0009490,009552,card,1400,2026-09-08 09:13,success
PAY0009491,009553,card,2999,2026-09-06 14:37,success
PAY0009492,KH/26-27/009554,cash,2999,2026-09-04 18:56,success
PAY0009493,009555,UPI,500,2026-09-09 09:56,success
PAY0009494,009556,UPI,2999,2026-09-08 12:52,success
PAY0009495,009557,UPI,3099,2026-09-06 18:27,success
PAY0009496,009557,UPI,-3099,2026-09-06 18:27,refund
PAY0009497,009558,UPI,2370,2026-09-05 15:52,success
PAY0009498,009560,UPI,1599,2026-09-08 17:33,success
PAY0009499,009561,UPI,700,2026-09-04 10:04,success
PAY0009500,009562,UPI,1499,2026-09-07 13:57,success
PAY0009501,009563,UPI,1000,2026-09-06 15:17,success
PAY0009502,INV-9564,cash,450,2026-09-05 11:20,success
PAY0009503,009565,UPI,800,2026-09-08 14:49,success
PAY0009504,009566,UPI,1900,2026-09-06 08:39,success
PAY0009505,009567,UPI,950,2026-09-05 20:24,success
PAY0009506,009568,UPI,950,2026-09-06 19:30,success
PAY0009507,009569,UPI,620,2026-09-05 15:48,success
PAY0009508,INV-9570,cash,1050,2026-09-04 16:14,success
PAY0009509,INV-9571,cash,1600,2026-09-04 17:37,success
PAY0009510,INV-9572,cash,1200,2026-09-06 16:18,success
PAY0009511,009573,UPI,1400,2026-09-09 14:38,success
PAY0009512,009574,UPI,1499,2026-09-09 17:00,success
PAY0009513,009575,UPI,1800,2026-09-06 13:15,success
PAY0009514,009576,card,2999,2026-09-06 10:52,success
PAY0009515,009577,card,1200,2026-09-04 08:39,success
PAY0009516,INV-9578,cash,820,2026-09-07 20:19,success
PAY0009517,INV-9579,cash,900,2026-09-05 18:40,success
PAY0009518,009580,UPI,1300,2026-09-07 16:15,success
PAY0009519,009581,UPI,2999,2026-09-04 10:26,success
PAY0009520,009582,card,1050,2026-09-08 18:33,success
PAY0009521,009583,card,900,2026-09-10 18:09,success
PAY0009522,009584,UPI,1870,2026-09-09 20:38,success
PAY0009523,KH/26-27/009585,cash,120,2026-09-05 14:45,success
PAY0009524,INV-9586,cash,1250,2026-09-04 09:12,success
PAY0009525,009587,UPI,3499,2026-09-05 13:43,success
PAY0009526,009588,card,1000,2026-09-06 10:34,success
PAY0009527,009589,card,1900,2026-09-07 19:21,success
PAY0009528,009590,UPI,1350,2026-09-07 09:13,success
PAY0009529,009591,card,920,2026-09-09 13:46,success
PAY0009530,009592,UPI,2050,2026-09-09 08:37,success
PAY0009531,009593,UPI,120,2026-09-04 19:58,success
PAY0009532,009594,UPI,2999,2026-09-06 17:28,success
PAY0009533,009595,UPI,120,2026-09-09 13:54,success
PAY0009534,INV-9596,cash,2150,2026-09-04 09:02,success
PAY0009535,009597,UPI,1100,2026-09-06 08:35,success
PAY0009536,009597,UPI,1100,2026-09-06 08:37,success
PAY0009537,009598,UPI,470,2026-09-10 09:26,success
PAY0009538,009599,card,150,2026-09-04 18:26,success
PAY0009539,009600,UPI,1450,2026-09-09 08:42,success
PAY0009540,009601,UPI,1300,2026-09-04 16:45,success
PAY0009541,009602,UPI,600,2026-09-06 16:48,success
PAY0009542,009603,UPI,2999,2026-09-09 08:47,success
PAY0009543,INV-9604,cash,2999,2026-09-04 19:24,success
PAY0009544,009605,UPI,1320,2026-09-10 18:56,success
PAY0009545,009606,UPI,2999,2026-09-10 08:36,success
PAY0009546,009607,UPI,1350,2026-09-06 09:03,success
PAY0009547,009608,card,2999,2026-09-08 13:40,success
PAY0009548,009608,card,2999,2026-09-08 13:42,success
PAY0009549,009609,card,950,2026-09-06 13:17,success
PAY0009550,009610,UPI,1100,2026-09-08 13:42,success
PAY0009551,009611,UPI,1350,2026-09-04 09:07,success
PAY0009552,009612,UPI,2999,2026-09-04 15:08,success
PAY0009553,INV-9613,cash,1820,2026-09-10 10:47,success
PAY0009554,009614,card,2600,2026-09-09 17:16,success
PAY0009555,009614,card,2600,2026-09-09 17:18,success
PAY0009556,009615,UPI,1200,2026-09-08 21:57,success
PAY0009557,009616,card,2999,2026-09-05 08:38,success
PAY0009558,009617,UPI,2270,2026-09-09 19:06,success
PAY0009559,009618,UPI,2999,2026-09-06 15:01,success
PAY0009560,009619,card,1499,2026-09-05 08:17,success
PAY0009561,009620,UPI,900,2026-09-05 18:53,success
PAY0009562,009621,card,2550,2026-09-05 18:42,success
PAY0009563,009622,UPI,3499,2026-09-05 14:02,success
PAY0009564,009623,UPI,150,2026-09-05 09:09,success
PAY0009565,009624,UPI,650,2026-09-09 15:08,success
PAY0009566,009625,UPI,2999,2026-09-06 10:30,success
PAY0009567,009626,UPI,1499,2026-09-09 08:10,success
PAY0009568,INV-9627,cash,1200,2026-09-10 10:30,success
PAY0009569,INV-9627,cash,-1200,2026-09-10 10:30,refund
PAY0009570,009629,UPI,650,2026-09-07 17:21,success
PAY0009571,009630,card,1870,2026-09-05 17:24,success
PAY0009572,009631,card,470,2026-09-07 18:40,success
PAY0009573,009632,card,1000,2026-09-09 15:53,success
PAY0009574,009633,UPI,1870,2026-09-05 13:18,success
PAY0009575,009634,card,1050,2026-09-06 16:38,success
PAY0009576,009635,UPI,2999,2026-09-07 11:54,success
PAY0009577,009636,card,2550,2026-09-04 17:53,success
PAY0009578,009638,UPI,600,2026-09-08 11:53,success
PAY0009579,009639,card,3499,2026-09-06 15:13,success
PAY0009580,KH/26-27/009640,cash,1250,2026-09-09 15:23,success
PAY0009581,INV-9641,cash,2999,2026-09-10 21:12,success
PAY0009582,009643,UPI,1499,2026-09-05 19:50,success
PAY0009583,009644,card,1270,2026-09-04 08:36,success
PAY0009584,009645,UPI,900,2026-09-10 14:46,success
PAY0009585,009645,UPI,900,2026-09-10 14:48,success
PAY0009586,009646,UPI,1020,2026-09-06 18:51,success
PAY0009587,INV-9647,cash,2999,2026-09-04 19:19,success
PAY0009588,009648,card,3499,2026-09-07 18:02,success
PAY0009589,009649,UPI,1499,2026-09-06 11:48,success
PAY0009590,009650,card,1800,2026-09-04 09:32,success
PAY0009591,009651,UPI,2100,2026-09-09 14:31,success
PAY0009592,009652,UPI,2999,2026-09-06 14:35,success
PAY0009593,009653,UPI,1499,2026-09-08 12:09,success
PAY0009594,INV-9654,cash,2999,2026-09-10 21:33,success
PAY0009595,009655,UPI,1200,2026-09-06 18:47,success
PAY0009596,009656,UPI,2999,2026-09-11 17:04,success
PAY0009597,009657,card,1170,2026-09-07 17:39,success
PAY0009598,009658,card,2999,2026-09-11 10:12,success
PAY0009599,009659,card,3499,2026-09-05 11:44,success
PAY0009600,009660,UPI,1700,2026-09-09 09:20,success
PAY0009601,KH/26-27/009661,cash,2100,2026-09-11 13:42,success
PAY0009602,009662,UPI,1200,2026-09-10 20:11,success
PAY0009603,009663,card,1800,2026-09-07 10:05,success
PAY0009604,INV-9664,cash,1200,2026-09-05 16:28,success
PAY0009605,009665,card,2999,2026-09-08 18:08,success
PAY0009606,INV-9666,cash,2999,2026-09-05 16:49,success
PAY0009607,009667,UPI,2250,2026-09-08 10:53,success
PAY0009608,009668,card,3050,2026-09-11 11:09,success
PAY0009609,009669,UPI,500,2026-09-06 10:42,success
PAY0009610,009670,UPI,1499,2026-09-07 11:16,success
PAY0009611,009671,UPI,1450,2026-09-09 09:20,success
PAY0009612,009672,card,1599,2026-09-07 14:27,success
PAY0009613,009673,card,1499,2026-09-10 18:24,success
PAY0009614,009674,card,2100,2026-09-09 17:57,success
PAY0009615,INV-9675,cash,350,2026-09-08 13:09,success
PAY0009616,009676,UPI,650,2026-09-11 12:18,success
PAY0009617,009677,UPI,3499,2026-09-08 11:09,success
PAY0009618,009678,card,2999,2026-09-09 21:31,success
PAY0009619,009679,card,1800,2026-09-11 11:05,success
PAY0009620,009680,UPI,3499,2026-09-05 16:46,success
PAY0009621,INV-9681,cash,2999,2026-09-11 14:34,success
PAY0009622,009682,UPI,200,2026-09-09 10:17,success
PAY0009623,009683,UPI,800,2026-09-05 08:50,success
PAY0009624,009684,UPI,1499,2026-09-08 15:27,success
PAY0009625,009685,UPI,150,2026-09-09 10:08,success
PAY0009626,INV-9686,cash,500,2026-09-09 11:28,success
PAY0009627,009688,UPI,350,2026-09-09 14:15,success
PAY0009628,INV-9689,cash,2999,2026-09-08 14:25,success
PAY0009629,INV-9690,cash,600,2026-09-09 13:11,success
PAY0009630,009691,card,450,2026-09-10 13:12,success
PAY0009631,009692,UPI,120,2026-09-06 19:09,success
PAY0009632,009693,card,600,2026-09-08 21:57,success
PAY0009633,009694,UPI,3050,2026-09-07 12:34,success
PAY0009634,009695,UPI,650,2026-09-11 08:24,success
PAY0009635,009696,card,1150,2026-09-08 08:03,success
PAY0009636,009697,UPI,450,2026-09-07 13:12,success
PAY0009637,INV-9698,cash,750,2026-09-10 21:56,success
PAY0009638,009699,card,1120,2026-09-11 19:19,success
PAY0009639,INV-9700,cash,600,2026-09-11 13:52,success
PAY0009640,009701,card,200,2026-09-11 15:42,success
PAY0009641,009702,UPI,150,2026-09-08 10:56,success
PAY0009642,009703,UPI,2999,2026-09-09 20:17,success
PAY0009643,009704,card,2999,2026-09-06 19:47,success
PAY0009644,009705,UPI,2320,2026-09-09 13:02,success
PAY0009645,009706,UPI,1100,2026-09-10 16:13,success
PAY0009646,INV-9707,cash,820,2026-09-10 17:52,success
PAY0009647,INV-9708,cash,1850,2026-09-05 08:24,success
PAY0009648,009709,UPI,1499,2026-09-05 10:13,success
PAY0009649,KH/26-27/009711,cash,3499,2026-09-11 12:54,success
PAY0009650,009712,card,2450,2026-09-08 11:56,success
PAY0009651,009713,UPI,2999,2026-09-10 10:30,success
PAY0009652,009714,UPI,2999,2026-09-11 17:18,success
PAY0009653,009715,card,2999,2026-09-09 20:59,success
PAY0009654,009716,card,3499,2026-09-07 08:56,success
PAY0009655,INV-9717,cash,1100,2026-09-07 21:22,success
PAY0009656,009718,UPI,1900,2026-09-11 20:16,success
PAY0009657,009719,card,700,2026-09-07 13:28,success
PAY0009658,INV-9720,cash,150,2026-09-10 13:35,success
PAY0009659,009721,UPI,1499,2026-09-06 08:55,success
PAY0009660,009722,UPI,2450,2026-09-09 21:36,success
PAY0009661,009723,UPI,1450,2026-09-05 13:12,success
PAY0009662,009724,card,2550,2026-09-07 14:30,success
PAY0009663,009725,card,550,2026-09-06 08:13,success
PAY0009664,009726,UPI,2999,2026-09-10 16:07,success
PAY0009665,009728,UPI,1020,2026-09-06 17:33,success
PAY0009666,009729,UPI,2700,2026-09-12 09:43,success
PAY0009667,009729,UPI,2700,2026-09-12 09:45,success
PAY0009668,009730,card,1500,2026-09-10 08:49,success
PAY0009669,009731,card,1200,2026-09-10 20:33,success
PAY0009670,009732,card,350,2026-09-08 21:22,success
PAY0009671,009733,UPI,650,2026-09-12 17:07,success
PAY0009672,009734,card,1150,2026-09-07 19:29,success
PAY0009673,009735,UPI,820,2026-09-08 20:40,success
PAY0009674,009736,card,1520,2026-09-08 12:04,success
PAY0009675,009737,UPI,120,2026-09-11 12:58,success
PAY0009676,009738,UPI,1750,2026-09-08 13:39,success
PAY0009677,009739,UPI,2999,2026-09-08 14:44,success
PAY0009678,009740,UPI,600,2026-09-09 19:26,success
PAY0009679,009741,UPI,1350,2026-09-10 20:31,success
PAY0009680,009742,card,2999,2026-09-12 14:08,success
PAY0009681,009743,UPI,1900,2026-09-06 15:30,success
PAY0009682,INV-9744,cash,2999,2026-09-08 11:26,success
PAY0009683,009746,UPI,850,2026-09-07 10:56,success
PAY0009684,009747,UPI,1120,2026-09-11 18:46,success
PAY0009685,009748,UPI,1820,2026-09-12 19:48,success
PAY0009686,009749,card,1500,2026-09-07 20:43,success
PAY0009687,009750,UPI,120,2026-09-07 16:01,success
PAY0009688,009751,UPI,1750,2026-09-09 11:32,success
PAY0009689,009752,UPI,500,2026-09-07 08:30,success
PAY0009690,009753,UPI,2999,2026-09-08 19:19,success
PAY0009691,009754,card,900,2026-09-11 10:28,success
PAY0009692,009755,UPI,2999,2026-09-12 15:57,success
PAY0009693,KH/26-27/009756,cash,3599,2026-09-09 18:54,success
PAY0009694,009757,UPI,350,2026-09-11 13:36,success
PAY0009695,009758,UPI,450,2026-09-10 14:18,success
PAY0009696,INV-9760,cash,2999,2026-09-10 21:04,success
PAY0009697,009761,UPI,2999,2026-09-10 13:05,success
PAY0009698,009762,card,2999,2026-09-09 21:13,success
PAY0009699,009763,card,1400,2026-09-06 12:00,success
PAY0009700,009764,UPI,1000,2026-09-07 18:00,success
PAY0009701,INV-9765,cash,450,2026-09-10 17:26,success
PAY0009702,009766,card,650,2026-09-12 19:19,success
PAY0009703,009767,card,1600,2026-09-08 19:26,success
PAY0009704,009768,UPI,1350,2026-09-09 08:17,success
PAY0009705,009768,UPI,1350,2026-09-09 08:19,success
PAY0009706,009769,card,2200,2026-09-11 14:10,success
PAY0009707,009770,UPI,850,2026-09-07 18:56,success
PAY0009708,INV-9771,cash,2999,2026-09-13 10:14,success
PAY0009709,009772,UPI,900,2026-09-11 10:26,success
PAY0009710,009773,card,1250,2026-09-11 14:29,success
PAY0009711,009774,UPI,1650,2026-09-07 14:22,success
PAY0009712,INV-9775,cash,1050,2026-09-08 19:32,success
PAY0009713,009776,UPI,1650,2026-09-13 14:19,success
PAY0009714,009777,UPI,950,2026-09-13 16:54,success
PAY0009715,009778,UPI,1499,2026-09-10 09:40,success
PAY0009716,009779,UPI,800,2026-09-11 17:53,success
PAY0009717,KH/26-27/009780,cash,1499,2026-09-09 14:20,success
PAY0009718,INV-9781,cash,1350,2026-09-11 19:05,success
PAY0009719,INV-9782,cash,2850,2026-09-07 08:33,success
PAY0009720,INV-9783,cash,450,2026-09-12 20:24,success
PAY0009721,INV-9784,cash,2999,2026-09-09 14:49,success
PAY0009722,INV-9784,cash,-2999,2026-09-09 14:49,refund
PAY0009723,INV-9785,cash,1200,2026-09-12 19:07,success
PAY0009724,009786,card,350,2026-09-13 09:22,success
PAY0009725,009787,UPI,700,2026-09-13 15:08,success
PAY0009726,009787,UPI,700,2026-09-13 15:10,success
PAY0009727,009788,card,1200,2026-09-09 15:50,success
PAY0009728,009789,card,300,2026-09-12 17:35,success
PAY0009729,INV-9790,cash,1070,2026-09-10 08:54,success
PAY0009730,INV-9791,cash,1100,2026-09-10 19:16,success
PAY0009731,009792,UPI,1499,2026-09-12 17:00,success
PAY0009732,009793,UPI,1370,2026-09-12 12:16,success
PAY0009733,009795,card,700,2026-09-09 10:14,success
PAY0009734,009796,UPI,1000,2026-09-10 18:10,success
PAY0009735,INV-9797,cash,270,2026-09-13 16:48,success
PAY0009736,INV-9798,cash,3599,2026-09-12 11:21,success
PAY0009737,009799,UPI,120,2026-09-13 18:23,success
PAY0009738,009800,card,350,2026-09-12 08:59,success
PAY0009739,009801,UPI,1970,2026-09-11 16:22,success
PAY0009740,009802,card,1820,2026-09-07 10:18,success
PAY0009741,009803,card,1770,2026-09-12 15:28,success
PAY0009742,009804,UPI,1499,2026-09-09 19:41,success
PAY0009743,009805,card,150,2026-09-08 08:59,success
PAY0009744,009806,UPI,1750,2026-09-11 16:27,success
PAY0009745,009807,card,1420,2026-09-07 20:04,success
PAY0009746,009808,UPI,1650,2026-09-08 12:35,success
PAY0009747,009809,UPI,1000,2026-09-10 20:20,success
PAY0009748,009810,UPI,1620,2026-09-13 11:53,success
PAY0009749,009811,UPI,1450,2026-09-08 15:44,success
PAY0009750,009812,UPI,1499,2026-09-07 19:12,success
PAY0009751,009813,UPI,3599,2026-09-13 12:37,success
PAY0009752,009814,UPI,500,2026-09-08 08:09,success
PAY0009753,009815,UPI,2999,2026-09-11 14:59,success
PAY0009754,009816,UPI,2999,2026-09-12 08:12,success
PAY0009755,009817,UPI,1500,2026-09-09 08:07,success
PAY0009756,009818,UPI,2999,2026-09-13 08:11,success
PAY0009757,009819,UPI,1220,2026-09-08 20:10,success
PAY0009758,009820,card,1499,2026-09-11 18:50,success
PAY0009759,009821,card,2999,2026-09-08 20:15,success
PAY0009760,009822,card,1620,2026-09-07 15:01,success
PAY0009761,INV-9823,cash,1800,2026-09-09 08:12,success
PAY0009762,009824,card,2220,2026-09-07 20:49,success
PAY0009763,INV-9825,cash,3499,2026-09-11 14:14,success
PAY0009764,009826,card,1499,2026-09-08 21:45,success
PAY0009765,009827,UPI,1300,2026-09-09 09:20,success
PAY0009766,009828,UPI,3599,2026-09-13 09:32,success
PAY0009767,009829,card,1200,2026-09-11 17:44,success
PAY0009768,009830,UPI,2020,2026-09-08 09:00,success
PAY0009769,009831,UPI,650,2026-09-10 14:18,success
PAY0009770,INV-9832,cash,1499,2026-09-13 08:25,success
PAY0009771,KH/26-27/009833,cash,1800,2026-09-13 18:47,success
PAY0009772,009834,card,1320,2026-09-11 13:08,success
PAY0009773,009835,UPI,3499,2026-09-13 12:03,success
PAY0009774,009836,UPI,2999,2026-09-08 08:35,success
PAY0009775,009837,UPI,1050,2026-09-10 18:03,success
PAY0009776,009838,card,720,2026-09-07 17:38,success
PAY0009777,009839,UPI,2999,2026-09-07 13:49,success
PAY0009778,INV-9840,cash,550,2026-09-10 09:38,success
PAY0009779,INV-9841,cash,650,2026-09-10 08:57,success
PAY0009780,009842,UPI,450,2026-09-13 19:18,success
PAY0009781,009843,UPI,120,2026-09-14 21:52,success
PAY0009782,009844,UPI,850,2026-09-12 21:09,success
PAY0009783,009845,UPI,2100,2026-09-14 21:54,success
PAY0009784,009846,UPI,2999,2026-09-08 21:30,success
PAY0009785,009847,UPI,350,2026-09-13 15:16,success
PAY0009786,009848,card,250,2026-09-10 16:07,success
PAY0009787,009849,card,3599,2026-09-10 15:07,success
PAY0009788,009850,UPI,2999,2026-09-12 11:17,success
PAY0009789,009851,UPI,2999,2026-09-09 19:43,success
PAY0009790,009852,UPI,1250,2026-09-14 21:19,success
PAY0009791,009853,UPI,150,2026-09-09 16:24,success
PAY0009792,009854,UPI,450,2026-09-08 14:01,success
PAY0009793,009855,card,1150,2026-09-13 13:03,success
PAY0009794,009856,UPI,850,2026-09-10 13:09,success
PAY0009795,009857,card,2450,2026-09-11 12:46,success
PAY0009796,009858,UPI,800,2026-09-12 08:59,success
PAY0009797,009859,card,2999,2026-09-13 20:40,success
PAY0009798,INV-9860,cash,270,2026-09-10 15:58,success
PAY0009799,009861,UPI,600,2026-09-13 13:10,success
PAY0009800,INV-9862,cash,470,2026-09-10 09:35,success
PAY0009801,009863,UPI,500,2026-09-08 11:41,success
PAY0009802,INV-9864,cash,900,2026-09-09 18:34,success
PAY0009803,009865,UPI,1400,2026-09-08 14:03,success
PAY0009804,009866,card,2999,2026-09-08 16:01,success
PAY0009805,009867,UPI,2999,2026-09-13 20:21,success
PAY0009806,009868,UPI,2999,2026-09-14 11:57,success
PAY0009807,INV-9869,cash,850,2026-09-08 20:45,success
PAY0009808,009870,UPI,2999,2026-09-09 11:36,success
PAY0009809,009871,UPI,1499,2026-09-12 09:48,success
PAY0009810,INV-9872,cash,2999,2026-09-14 10:16,success
PAY0009811,009873,UPI,1600,2026-09-08 09:59,success
PAY0009812,009874,UPI,2100,2026-09-09 11:10,success
PAY0009813,009875,UPI,1320,2026-09-13 08:30,success
PAY0009814,INV-9876,cash,2999,2026-09-09 18:53,success
PAY0009815,009878,card,770,2026-09-10 20:15,success
PAY0009816,INV-9879,cash,550,2026-09-09 20:37,success
PAY0009817,009880,UPI,900,2026-09-13 21:33,success
PAY0009818,009881,UPI,850,2026-09-09 17:20,success
PAY0009819,009882,card,450,2026-09-11 21:20,success
PAY0009820,009883,UPI,1900,2026-09-12 14:35,success
PAY0009821,009884,card,2000,2026-09-10 14:05,success
PAY0009822,INV-9885,cash,1700,2026-09-10 13:50,success
PAY0009823,009886,UPI,2999,2026-09-12 17:59,success
PAY0009824,009887,UPI,1750,2026-09-12 20:00,success
PAY0009825,009888,card,2999,2026-09-10 18:15,success
PAY0009826,009889,card,1950,2026-09-10 09:47,success
PAY0009827,009890,UPI,850,2026-09-08 10:57,success
PAY0009828,009891,UPI,1200,2026-09-08 16:54,success
PAY0009829,009892,UPI,150,2026-09-14 18:59,success
PAY0009830,009893,card,2999,2026-09-10 17:29,success
PAY0009831,009894,card,1200,2026-09-13 13:37,success
PAY0009832,009895,card,600,2026-09-12 08:53,success
PAY0009833,KH/26-27/009896,cash,950,2026-09-14 08:30,success
PAY0009834,009897,UPI,150,2026-09-12 09:08,success
PAY0009835,009898,card,1350,2026-09-11 09:18,success
PAY0009836,009899,UPI,2999,2026-09-08 16:21,success
PAY0009837,INV-9900,cash,350,2026-09-10 08:09,success
PAY0009838,009901,card,2999,2026-09-14 11:04,success
PAY0009839,009902,card,2650,2026-09-10 13:32,success
PAY0009840,009903,UPI,1300,2026-09-12 18:27,success
PAY0009841,009904,card,1770,2026-09-15 09:27,success
PAY0009842,009905,UPI,1150,2026-09-14 13:33,success
PAY0009843,009906,UPI,2999,2026-09-13 18:26,success
PAY0009844,009907,UPI,650,2026-09-15 12:12,success
PAY0009845,009908,card,1050,2026-09-15 18:11,success
PAY0009846,009909,UPI,350,2026-09-13 20:08,success
PAY0009847,009910,UPI,1450,2026-09-10 18:22,success
PAY0009848,INV-9911,cash,1499,2026-09-14 17:02,success
PAY0009849,INV-9913,cash,1200,2026-09-09 18:28,success
PAY0009850,INV-9914,cash,2999,2026-09-13 12:09,success
PAY0009851,009915,UPI,2999,2026-09-15 14:06,success
PAY0009852,INV-9916,cash,1150,2026-09-14 19:23,success
PAY0009853,009917,UPI,3499,2026-09-12 12:05,success
PAY0009854,009918,UPI,700,2026-09-09 14:57,success
PAY0009855,009919,UPI,2999,2026-09-12 13:06,success
PAY0009856,009921,card,1400,2026-09-14 10:23,success
PAY0009857,009922,UPI,1200,2026-09-10 11:01,success
PAY0009858,009923,card,2200,2026-09-14 19:35,success
PAY0009859,009924,card,1250,2026-09-11 20:42,success
PAY0009860,009924,card,-1250,2026-09-11 20:42,refund
PAY0009861,009925,UPI,1499,2026-09-10 12:18,success
PAY0009862,009926,UPI,2700,2026-09-15 18:06,success
PAY0009863,009927,card,3499,2026-09-10 20:07,success
PAY0009864,009928,UPI,2999,2026-09-12 19:34,success
PAY0009865,INV-9929,cash,500,2026-09-11 15:35,success
PAY0009866,009930,UPI,500,2026-09-14 20:11,success
PAY0009867,009933,UPI,2250,2026-09-13 20:20,success
PAY0009868,009934,card,2999,2026-09-14 14:48,success
PAY0009869,009935,UPI,200,2026-09-15 21:10,success
PAY0009870,INV-9936,cash,150,2026-09-14 09:15,success
PAY0009871,INV-9937,cash,700,2026-09-13 11:32,success
PAY0009872,009938,UPI,2999,2026-09-13 13:15,success
PAY0009873,009939,card,700,2026-09-09 17:47,success
PAY0009874,009940,UPI,700,2026-09-14 18:26,success
PAY0009875,INV-9941,cash,2050,2026-09-10 19:01,success
PAY0009876,009942,UPI,1200,2026-09-10 15:35,success
PAY0009877,009943,card,1499,2026-09-12 14:39,success
PAY0009878,009945,UPI,1700,2026-09-09 12:59,success
PAY0009879,INV-9946,cash,3499,2026-09-15 08:06,success
PAY0009880,009947,UPI,1499,2026-09-14 16:01,success
PAY0009881,KH/26-27/009948,cash,1550,2026-09-11 16:22,success
PAY0009882,009949,UPI,1200,2026-09-15 15:56,success
PAY0009883,009951,UPI,870,2026-09-09 13:34,success
PAY0009884,009952,UPI,1000,2026-09-14 10:02,success
PAY0009885,009953,UPI,200,2026-09-12 19:17,success
PAY0009886,009954,UPI,650,2026-09-14 17:40,success
PAY0009887,009955,UPI,550,2026-09-15 18:50,success
PAY0009888,INV-9956,cash,570,2026-09-11 11:57,success
PAY0009889,INV-9957,cash,1150,2026-09-10 10:20,success
PAY0009890,INV-9958,cash,2999,2026-09-14 11:02,success
PAY0009891,009959,card,220,2026-09-11 17:14,success
PAY0009892,009960,UPI,1250,2026-09-11 16:44,success
PAY0009893,009961,UPI,1320,2026-09-13 20:17,success
PAY0009894,KH/26-27/009962,cash,2750,2026-09-14 15:22,success
PAY0009895,009963,card,600,2026-09-09 20:41,success
PAY0009896,009964,UPI,2999,2026-09-11 13:51,success
PAY0009897,009965,UPI,650,2026-09-12 08:14,success
PAY0009898,009966,UPI,1400,2026-09-14 10:44,success
PAY0009899,009967,card,2999,2026-09-14 20:18,success
PAY0009900,INV-9968,cash,1599,2026-09-10 13:26,success
PAY0009901,009969,UPI,3099,2026-09-09 09:43,success
PAY0009902,009970,UPI,500,2026-09-14 19:56,success
PAY0009903,INV-9971,cash,670,2026-09-14 13:36,success
PAY0009904,009972,UPI,900,2026-09-12 11:43,success
PAY0009905,009973,card,2999,2026-09-10 16:46,success
PAY0009906,009975,card,900,2026-09-12 20:19,success
PAY0009907,009976,card,2999,2026-09-13 14:48,success
PAY0009908,009977,UPI,1800,2026-09-16 08:39,success
PAY0009909,INV-9978,cash,1500,2026-09-13 17:54,success
PAY0009910,009979,card,1350,2026-09-13 20:00,success
PAY0009911,009980,UPI,3499,2026-09-13 16:35,success
PAY0009912,INV-9981,cash,350,2026-09-11 21:33,success
PAY0009913,009982,card,1970,2026-09-15 17:26,success
PAY0009914,009983,UPI,1350,2026-09-13 09:42,success
PAY0009915,009984,UPI,1970,2026-09-12 20:51,success
PAY0009916,009985,UPI,1950,2026-09-15 10:47,success
PAY0009917,INV-9986,cash,650,2026-09-15 16:52,success
PAY0009918,009987,UPI,1200,2026-09-16 08:13,success
PAY0009919,009987,UPI,1200,2026-09-16 08:15,success
PAY0009920,009988,card,1770,2026-09-14 11:39,success
PAY0009921,INV-9989,cash,1650,2026-09-14 10:01,success
PAY0009922,009990,UPI,200,2026-09-10 13:49,success
PAY0009923,009991,UPI,1200,2026-09-13 13:04,success
PAY0009924,009992,card,1350,2026-09-15 20:47,success
PAY0009925,009993,UPI,800,2026-09-12 12:22,success
PAY0009926,009994,UPI,850,2026-09-10 09:22,success
PAY0009927,KH/26-27/009995,cash,2800,2026-09-14 17:41,success
PAY0009928,009996,card,450,2026-09-15 20:09,success
PAY0009929,009997,UPI,2100,2026-09-15 08:07,success
PAY0009930,009998,UPI,1620,2026-09-16 08:54,success
PAY0009931,009999,card,1100,2026-09-11 16:16,success
PAY0009932,010000,UPI,1900,2026-09-15 12:04,success
PAY0009933,010001,UPI,1300,2026-09-12 16:29,success
PAY0009934,010001,UPI,-1300,2026-09-12 16:29,refund
PAY0009935,010002,card,1200,2026-09-16 21:17,success
PAY0009936,010002,card,1200,2026-09-16 21:19,success
PAY0009937,010003,UPI,1550,2026-09-11 12:41,success
PAY0009938,010004,UPI,3499,2026-09-16 19:15,success
PAY0009939,010005,card,1499,2026-09-10 10:42,success
PAY0009940,010006,UPI,500,2026-09-12 15:40,success
PAY0009941,010007,UPI,2620,2026-09-12 16:02,success
PAY0009942,010008,UPI,2999,2026-09-14 15:29,success
PAY0009943,010009,UPI,650,2026-09-10 17:35,success
PAY0009944,010010,UPI,2170,2026-09-12 16:49,success
PAY0009945,010011,UPI,150,2026-09-11 14:52,success
PAY0009946,INV-10012,cash,770,2026-09-16 15:54,success
PAY0009947,010013,UPI,500,2026-09-10 08:43,success
PAY0009948,010014,UPI,800,2026-09-14 15:26,success
PAY0009949,010015,card,800,2026-09-15 10:31,success
PAY0009950,010016,card,200,2026-09-10 20:43,success
PAY0009951,010017,card,1020,2026-09-16 10:36,success
PAY0009952,010018,card,820,2026-09-11 20:59,success
PAY0009953,010019,card,2999,2026-09-11 14:57,success
PAY0009954,010020,card,200,2026-09-13 09:16,success
PAY0009955,010022,UPI,1050,2026-09-11 20:05,success
PAY0009956,010023,UPI,750,2026-09-14 20:50,success
PAY0009957,010024,card,1250,2026-09-12 09:24,success
PAY0009958,010025,card,1550,2026-09-10 17:10,success
PAY0009959,010026,card,1450,2026-09-15 14:51,success
PAY0009960,010026,card,1450,2026-09-15 14:53,success
PAY0009961,010027,UPI,150,2026-09-12 13:15,success
PAY0009962,INV-10028,cash,1720,2026-09-12 15:59,success
PAY0009963,010029,UPI,2999,2026-09-10 14:11,success
PAY0009964,010030,UPI,1450,2026-09-12 21:51,success
PAY0009965,010030,UPI,1450,2026-09-12 21:53,success
PAY0009966,010031,card,900,2026-09-15 16:12,success
PAY0009967,010032,UPI,1850,2026-09-16 13:04,success
PAY0009968,010033,card,2100,2026-09-10 15:02,success
PAY0009969,010034,UPI,2999,2026-09-15 10:38,success
PAY0009970,010035,UPI,1620,2026-09-16 20:31,success
PAY0009971,010036,UPI,1900,2026-09-15 21:54,success
PAY0009972,010037,card,1200,2026-09-17 17:35,success
PAY0009973,010038,card,620,2026-09-16 18:55,success
PAY0009974,010039,UPI,2750,2026-09-17 12:44,success
PAY0009975,INV-10040,cash,1150,2026-09-14 16:05,success
PAY0009976,010041,UPI,2800,2026-09-17 14:15,success
PAY0009977,010042,UPI,600,2026-09-12 19:33,success
PAY0009978,010043,UPI,2999,2026-09-15 12:14,success
PAY0009979,010044,UPI,2999,2026-09-17 19:09,success
PAY0009980,010045,card,120,2026-09-11 12:24,success
PAY0009981,010046,UPI,2999,2026-09-13 09:30,success
PAY0009982,010047,UPI,2050,2026-09-15 19:35,success
PAY0009983,INV-10048,cash,1900,2026-09-13 12:42,success
PAY0009984,INV-10049,cash,1150,2026-09-16 16:29,success
PAY0009985,010050,card,1550,2026-09-12 14:19,success
PAY0009986,010050,card,1550,2026-09-12 14:21,success
PAY0009987,INV-10052,cash,1499,2026-09-16 20:02,success
PAY0009988,010053,UPI,800,2026-09-11 17:01,success
PAY0009989,010054,UPI,600,2026-09-13 10:12,success
PAY0009990,010055,UPI,700,2026-09-13 15:35,success
PAY0009991,010056,UPI,570,2026-09-15 21:25,success
PAY0009992,010057,UPI,1000,2026-09-14 20:59,success
PAY0009993,010058,card,1499,2026-09-14 15:45,success
PAY0009994,010059,UPI,550,2026-09-11 12:50,success
PAY0009995,010060,UPI,1250,2026-09-15 13:19,success
PAY0009996,010061,UPI,3499,2026-09-15 09:29,success
PAY0009997,010062,UPI,2999,2026-09-16 19:15,success
PAY0009998,010063,card,700,2026-09-14 11:04,success
PAY0009999,010064,UPI,1499,2026-09-13 15:06,success
PAY0010000,010065,UPI,600,2026-09-12 12:36,success
PAY0010001,010066,UPI,650,2026-09-16 20:35,success
PAY0010002,010067,UPI,900,2026-09-16 15:44,success
PAY0010003,010068,UPI,1200,2026-09-16 08:11,success
PAY0010004,010069,UPI,3499,2026-09-11 20:43,success
PAY0010005,010070,UPI,1050,2026-09-14 19:10,success
PAY0010006,010071,card,3499,2026-09-11 10:45,success
PAY0010007,010072,card,450,2026-09-13 19:31,success
PAY0010008,INV-10073,cash,850,2026-09-13 21:53,success
PAY0010009,010074,card,600,2026-09-16 10:17,success
PAY0010010,INV-10075,cash,2400,2026-09-14 19:32,success
PAY0010011,010076,card,1100,2026-09-12 18:17,success
PAY0010012,INV-10077,cash,2300,2026-09-15 18:35,success
PAY0010013,010078,UPI,2200,2026-09-11 16:58,success
PAY0010014,010078,UPI,2200,2026-09-11 16:59,success
PAY0010015,010079,UPI,550,2026-09-14 17:14,success
PAY0010016,INV-10080,cash,2700,2026-09-13 15:50,success
PAY0010017,010081,card,1000,2026-09-11 18:31,success
PAY0010018,010082,UPI,1850,2026-09-15 19:23,success
PAY0010019,010083,UPI,3499,2026-09-14 14:54,success
PAY0010020,010084,UPI,700,2026-09-11 13:05,success
PAY0010021,010085,UPI,1100,2026-09-17 13:31,success
PAY0010022,INV-10086,cash,2650,2026-09-16 12:31,success
PAY0010023,INV-10087,cash,1300,2026-09-14 09:24,success
PAY0010024,010088,UPI,1100,2026-09-15 14:03,success
PAY0010025,010089,card,1050,2026-09-15 18:45,success
PAY0010026,010090,UPI,3599,2026-09-16 16:27,success
PAY0010027,010090,UPI,-3599,2026-09-16 16:27,refund
PAY0010028,010091,UPI,700,2026-09-16 12:32,success
PAY0010029,010092,UPI,550,2026-09-12 09:34,success
PAY0010030,010093,UPI,1499,2026-09-11 14:47,success
PAY0010031,010094,UPI,1100,2026-09-13 08:34,success
PAY0010032,010095,UPI,1850,2026-09-16 10:15,success
PAY0010033,010096,card,3499,2026-09-17 17:23,success
PAY0010034,010097,card,1499,2026-09-14 10:27,success
PAY0010035,010098,UPI,1850,2026-09-17 17:39,success
PAY0010036,010099,UPI,820,2026-09-17 16:41,success
PAY0010037,010100,UPI,650,2026-09-16 08:53,success
PAY0010038,010101,UPI,1000,2026-09-14 17:40,success
PAY0010039,010102,UPI,150,2026-09-16 16:11,success
PAY0010040,010102,UPI,150,2026-09-16 16:13,success
PAY0010041,INV-10103,cash,1499,2026-09-11 08:15,success
PAY0010042,010105,UPI,700,2026-09-16 15:55,success
PAY0010043,INV-10106,cash,1499,2026-09-13 09:39,success
PAY0010044,010107,card,650,2026-09-17 15:57,success
PAY0010045,010108,UPI,200,2026-09-13 10:23,success
PAY0010046,010109,UPI,3499,2026-09-13 14:04,success
PAY0010047,INV-10110,cash,2999,2026-09-17 20:14,success
PAY0010048,010111,card,1800,2026-09-17 08:09,success
PAY0010049,010112,UPI,1100,2026-09-14 18:40,success
PAY0010050,010113,UPI,500,2026-09-14 12:44,success
PAY0010051,INV-10114,cash,600,2026-09-14 12:35,success
PAY0010052,010115,UPI,1350,2026-09-14 09:47,success
PAY0010053,010116,UPI,2270,2026-09-12 10:51,success
PAY0010054,010117,UPI,1470,2026-09-17 12:38,success
PAY0010055,010118,UPI,1499,2026-09-13 21:22,success
PAY0010056,INV-10119,cash,3499,2026-09-14 08:58,success
PAY0010057,010121,card,3499,2026-09-12 16:45,success
PAY0010058,010122,card,1700,2026-09-13 20:21,success
PAY0010059,010123,card,1050,2026-09-16 14:47,success
PAY0010060,010124,UPI,2250,2026-09-17 16:31,success
PAY0010061,010125,UPI,2200,2026-09-17 10:24,success
PAY0010062,010126,UPI,2999,2026-09-15 11:04,success
PAY0010063,010127,UPI,2020,2026-09-17 17:34,success
PAY0010064,010128,card,2250,2026-09-16 20:33,success
PAY0010065,010129,UPI,2450,2026-09-12 18:48,success
PAY0010066,010130,UPI,2999,2026-09-14 14:50,success
PAY0010067,010131,UPI,1499,2026-09-15 08:36,success
PAY0010068,010132,UPI,120,2026-09-13 09:07,success
PAY0010069,010133,UPI,3499,2026-09-13 13:43,success
PAY0010070,010134,card,1020,2026-09-18 16:45,success
PAY0010071,010135,UPI,2999,2026-09-14 12:50,success
PAY0010072,010136,UPI,920,2026-09-15 18:19,success
PAY0010073,010137,card,1700,2026-09-12 17:32,success
PAY0010074,INV-10138,cash,1400,2026-09-18 21:31,success
PAY0010075,INV-10139,cash,920,2026-09-12 17:05,success
PAY0010076,010140,UPI,450,2026-09-13 21:38,success
PAY0010077,INV-10141,cash,2200,2026-09-14 08:40,success
PAY0010078,010143,card,1250,2026-09-16 10:07,success
PAY0010079,010144,UPI,1499,2026-09-17 14:38,success
PAY0010080,010145,UPI,1100,2026-09-13 21:36,success
PAY0010081,010146,card,1150,2026-09-17 10:36,success
PAY0010082,010147,UPI,270,2026-09-16 09:49,success
PAY0010083,010149,UPI,1599,2026-09-17 08:57,success
PAY0010084,INV-10150,cash,1499,2026-09-15 18:50,success
PAY0010085,010151,UPI,1970,2026-09-15 15:37,success
PAY0010086,010152,UPI,1200,2026-09-17 21:56,success
PAY0010087,010153,UPI,2450,2026-09-12 15:07,success
PAY0010088,010154,UPI,1550,2026-09-14 17:31,success
PAY0010089,010155,UPI,1350,2026-09-15 18:18,success
PAY0010090,010156,UPI,1499,2026-09-15 17:48,success
PAY0010091,010157,UPI,1550,2026-09-16 11:50,success
PAY0010092,010158,UPI,1499,2026-09-17 08:29,success
PAY0010093,010159,UPI,1350,2026-09-16 18:10,success
PAY0010094,010160,UPI,2370,2026-09-16 19:00,success
PAY0010095,010161,UPI,2400,2026-09-15 18:07,success
PAY0010096,INV-10162,cash,3499,2026-09-16 20:56,success
PAY0010097,INV-10163,cash,3099,2026-09-17 16:16,success
PAY0010098,010164,UPI,2999,2026-09-14 13:55,success
PAY0010099,INV-10165,cash,550,2026-09-16 10:56,success
PAY0010100,010166,UPI,2750,2026-09-16 17:55,success
PAY0010101,010167,card,3150,2026-09-12 12:07,success
PAY0010102,010168,card,320,2026-09-18 19:24,success
PAY0010103,010169,card,1250,2026-09-17 15:16,success
PAY0010104,010170,UPI,1470,2026-09-14 14:37,success
PAY0010105,010171,UPI,1550,2026-09-17 20:50,success
PAY0010106,010171,UPI,1550,2026-09-17 20:52,success
PAY0010107,010172,UPI,320,2026-09-13 18:51,success
PAY0010108,010173,UPI,2100,2026-09-13 10:40,success
PAY0010109,010174,UPI,1950,2026-09-18 21:54,success
PAY0010110,010175,UPI,2999,2026-09-16 13:22,success
PAY0010111,010175,UPI,2999,2026-09-16 13:24,success
PAY0010112,INV-10177,cash,3499,2026-09-18 12:28,success
PAY0010113,010178,card,2999,2026-09-17 18:11,success
PAY0010114,010179,card,2999,2026-09-13 08:15,success
PAY0010115,010180,UPI,1170,2026-09-14 21:36,success
PAY0010116,INV-10181,cash,1100,2026-09-15 11:03,success
PAY0010117,010182,UPI,1150,2026-09-13 20:18,success
PAY0010118,010183,UPI,350,2026-09-15 12:55,success
PAY0010119,010184,UPI,350,2026-09-19 20:26,success
PAY0010120,010185,card,2999,2026-09-15 19:21,success
PAY0010121,010186,UPI,2100,2026-09-16 17:02,success
PAY0010122,010187,UPI,1570,2026-09-18 09:12,success
PAY0010123,010188,UPI,570,2026-09-16 10:54,success
PAY0010124,INV-10189,cash,700,2026-09-15 13:07,success
PAY0010125,010190,card,1200,2026-09-15 21:53,success
PAY0010126,010191,UPI,1100,2026-09-13 08:56,success
PAY0010127,010192,UPI,2950,2026-09-13 21:09,success
PAY0010128,010193,UPI,2300,2026-09-14 15:56,success
PAY0010129,INV-10194,cash,2300,2026-09-15 09:28,success
PAY0010130,010195,card,2999,2026-09-17 14:30,success
PAY0010131,010196,UPI,750,2026-09-15 16:38,success
PAY0010132,010197,UPI,1550,2026-09-18 21:55,success
PAY0010133,010198,UPI,600,2026-09-15 15:22,success
PAY0010134,010199,UPI,3350,2026-09-14 11:36,success
PAY0010135,010200,UPI,2350,2026-09-17 15:51,success
PAY0010136,010201,UPI,700,2026-09-18 12:57,success
PAY0010137,INV-10202,cash,2050,2026-09-14 20:37,success
PAY0010138,010203,UPI,1200,2026-09-13 15:27,success
PAY0010139,INV-10204,cash,1200,2026-09-19 14:56,success
PAY0010140,010205,card,300,2026-09-18 13:51,success
PAY0010141,010206,UPI,2000,2026-09-18 13:24,success
PAY0010142,010206,UPI,2000,2026-09-18 13:26,success
PAY0010143,INV-10207,cash,2999,2026-09-19 17:55,success
PAY0010144,010208,UPI,1499,2026-09-18 11:10,success
PAY0010145,INV-10209,cash,1499,2026-09-16 10:10,success
PAY0010146,010210,UPI,700,2026-09-19 15:32,success
PAY0010147,010211,UPI,3499,2026-09-15 12:08,success
PAY0010148,010212,UPI,2999,2026-09-18 09:12,success
PAY0010149,010212,UPI,-2999,2026-09-18 09:12,refund
PAY0010150,010213,UPI,150,2026-09-18 09:38,success
PAY0010151,010214,UPI,1550,2026-09-18 10:48,success
PAY0010152,INV-10215,cash,1270,2026-09-13 17:42,success
PAY0010153,010216,UPI,1470,2026-09-19 08:32,success
PAY0010154,010216,UPI,1470,2026-09-19 08:34,success
PAY0010155,010217,UPI,1450,2026-09-14 19:44,success
PAY0010156,010218,UPI,700,2026-09-17 19:53,success
PAY0010157,010220,UPI,1100,2026-09-13 20:59,success
PAY0010158,INV-10221,cash,250,2026-09-18 15:38,success
PAY0010159,010222,UPI,2150,2026-09-16 08:19,success
PAY0010160,010223,UPI,1700,2026-09-16 11:45,success
PAY0010161,010224,card,700,2026-09-20 19:32,success
PAY0010162,010225,card,3499,2026-09-20 15:01,success
PAY0010163,010226,UPI,1550,2026-09-15 20:10,success
PAY0010164,010226,UPI,1550,2026-09-15 20:12,success
PAY0010165,010227,UPI,820,2026-09-16 19:06,success
PAY0010166,010228,UPI,3099,2026-09-15 15:07,success
PAY0010167,010228,UPI,3099,2026-09-15 15:09,success
PAY0010168,INV-10229,cash,2999,2026-09-19 14:58,success
PAY0010169,010230,UPI,1350,2026-09-16 14:10,success
PAY0010170,010231,UPI,770,2026-09-20 14:24,success
PAY0010171,010232,card,900,2026-09-17 19:25,success
PAY0010172,010233,UPI,2999,2026-09-17 17:25,success
PAY0010173,010234,card,1550,2026-09-19 10:33,success
PAY0010174,INV-10235,cash,1250,2026-09-19 15:52,success
PAY0010175,010236,card,3499,2026-09-18 14:18,success
PAY0010176,010237,UPI,1050,2026-09-16 13:36,success
PAY0010177,010238,card,1499,2026-09-17 13:07,success
PAY0010178,INV-10239,cash,2270,2026-09-15 11:28,success
PAY0010179,010240,card,3499,2026-09-15 13:37,success
PAY0010180,010241,card,1100,2026-09-20 10:58,success
PAY0010181,010242,UPI,1499,2026-09-20 21:17,success
PAY0010182,010243,UPI,350,2026-09-16 20:08,success
PAY0010183,010244,card,1499,2026-09-15 08:22,success
PAY0010184,010245,card,500,2026-09-20 15:53,success
PAY0010185,INV-10246,cash,2450,2026-09-15 11:21,success
PAY0010186,010247,UPI,900,2026-09-20 17:30,success
PAY0010187,010248,UPI,2999,2026-09-20 18:52,success
PAY0010188,010249,card,1220,2026-09-19 11:33,success
PAY0010189,010250,card,2900,2026-09-15 12:57,success
PAY0010190,010251,UPI,1200,2026-09-19 08:31,success
PAY0010191,010252,UPI,2999,2026-09-19 20:04,success
PAY0010192,010253,UPI,3099,2026-09-18 19:57,success
PAY0010193,010254,UPI,950,2026-09-18 12:38,success
PAY0010194,INV-10255,cash,600,2026-09-20 17:48,success
PAY0010195,INV-10255,cash,-600,2026-09-20 17:48,refund
PAY0010196,INV-10256,cash,2999,2026-09-19 16:24,success
PAY0010197,010257,UPI,1100,2026-09-18 10:13,success
PAY0010198,010258,UPI,2999,2026-09-14 11:14,success
PAY0010199,010259,UPI,950,2026-09-16 08:27,success
PAY0010200,010260,UPI,700,2026-09-14 13:13,success
PAY0010201,INV-10261,cash,700,2026-09-14 19:43,success
PAY0010202,010262,card,2999,2026-09-18 11:06,success
PAY0010203,010263,card,2999,2026-09-14 15:07,success
PAY0010204,INV-10264,cash,900,2026-09-17 13:54,success
PAY0010205,010265,card,1250,2026-09-19 12:00,success
PAY0010206,010265,card,-1250,2026-09-19 12:00,refund
PAY0010207,010266,UPI,1499,2026-09-17 15:37,success
PAY0010208,010267,UPI,450,2026-09-18 13:59,success
PAY0010209,010268,UPI,1200,2026-09-15 09:14,success
PAY0010210,010269,card,2999,2026-09-20 14:31,success
PAY0010211,010270,UPI,1200,2026-09-19 15:17,success
PAY0010212,010271,UPI,450,2026-09-19 18:12,success
PAY0010213,010271,UPI,450,2026-09-19 18:14,success
PAY0010214,010272,UPI,750,2026-09-18 12:57,success
PAY0010215,INV-10273,cash,800,2026-09-14 13:01,success
PAY0010216,010274,card,2999,2026-09-14 15:47,success
PAY0010217,010275,UPI,200,2026-09-20 10:44,success
PAY0010218,010276,UPI,1800,2026-09-15 15:24,success
PAY0010219,010277,card,3200,2026-09-20 18:21,success
PAY0010220,010278,card,1499,2026-09-15 14:31,success
PAY0010221,010279,card,3150,2026-09-17 09:48,success
PAY0010222,010280,UPI,1850,2026-09-17 16:17,success
PAY0010223,INV-10281,cash,2300,2026-09-16 13:02,success
PAY0010224,010282,UPI,1320,2026-09-14 17:29,success
PAY0010225,010283,UPI,3499,2026-09-19 16:02,success
PAY0010226,INV-10284,cash,500,2026-09-14 14:24,success
PAY0010227,INV-10285,cash,1700,2026-09-18 08:14,success
PAY0010228,010286,UPI,1599,2026-09-18 17:00,success
PAY0010229,010287,card,700,2026-09-20 13:30,success
PAY0010230,010288,UPI,2850,2026-09-17 13:51,success
PAY0010231,010289,UPI,1300,2026-09-17 16:33,success
PAY0010232,010290,card,1650,2026-09-17 19:44,success
PAY0010233,010291,card,920,2026-09-15 18:51,success
PAY0010234,010292,card,200,2026-09-20 09:53,success
PAY0010235,010293,card,2000,2026-09-17 12:18,success
PAY0010236,010294,UPI,1150,2026-09-16 11:41,success
PAY0010237,010295,UPI,1770,2026-09-20 21:05,success
PAY0010238,010296,UPI,350,2026-09-15 17:12,success
PAY0010239,010297,UPI,650,2026-09-15 15:35,success
PAY0010240,010297,UPI,650,2026-09-15 15:37,success
PAY0010241,010298,card,1250,2026-09-18 21:30,success
PAY0010242,INV-10299,cash,1050,2026-09-16 13:14,success
PAY0010243,010300,UPI,1000,2026-09-15 17:40,success
PAY0010244,INV-10301,cash,1700,2026-09-21 16:06,success
PAY0010245,010302,UPI,1150,2026-09-18 18:59,success
PAY0010246,010303,UPI,550,2026-09-19 10:11,success
PAY0010247,010304,card,750,2026-09-18 12:42,success
PAY0010248,010305,card,550,2026-09-20 14:46,success
PAY0010249,010306,UPI,2999,2026-09-18 11:15,success
PAY0010250,010307,UPI,650,2026-09-20 20:14,success
PAY0010251,010308,UPI,2999,2026-09-21 16:41,success
PAY0010252,010309,UPI,1100,2026-09-18 20:27,success
PAY0010253,010309,UPI,1100,2026-09-18 20:29,success
PAY0010254,010310,UPI,1950,2026-09-17 20:59,success
PAY0010255,INV-10311,cash,700,2026-09-19 19:42,success
PAY0010256,010312,UPI,550,2026-09-15 12:03,success
PAY0010257,010313,UPI,1499,2026-09-15 09:10,success
PAY0010258,010314,UPI,2999,2026-09-17 15:06,success
PAY0010259,010315,card,2250,2026-09-20 12:08,success
PAY0010260,010316,UPI,1499,2026-09-19 11:05,success
PAY0010261,010317,UPI,1350,2026-09-18 13:40,success
PAY0010262,010318,UPI,450,2026-09-19 21:39,success
PAY0010263,010319,card,1900,2026-09-19 13:42,success
PAY0010264,010320,UPI,900,2026-09-19 16:36,success
PAY0010265,010321,UPI,1070,2026-09-15 11:27,success
PAY0010266,010322,UPI,3499,2026-09-17 10:09,success
PAY0010267,010323,UPI,470,2026-09-18 14:24,success
PAY0010268,010324,UPI,650,2026-09-21 16:19,success
PAY0010269,010325,UPI,900,2026-09-15 15:33,success
PAY0010270,010326,UPI,700,2026-09-17 18:15,success
PAY0010271,010327,card,1270,2026-09-21 12:20,success
PAY0010272,010328,UPI,1499,2026-09-18 11:59,success
PAY0010273,010329,card,2700,2026-09-20 18:59,success
PAY0010274,INV-10330,cash,270,2026-09-16 12:16,success
PAY0010275,010331,UPI,2999,2026-09-19 09:28,success
PAY0010276,010332,UPI,1499,2026-09-15 21:38,success
PAY0010277,010333,UPI,1750,2026-09-21 09:57,success
PAY0010278,INV-10334,cash,2100,2026-09-17 18:11,success
PAY0010279,010335,UPI,3499,2026-09-16 20:39,success
PAY0010280,INV-10336,cash,1800,2026-09-16 17:05,success
PAY0010281,010337,UPI,1950,2026-09-20 12:50,success
PAY0010282,010339,UPI,200,2026-09-17 15:39,success
PAY0010283,INV-10340,cash,1250,2026-09-18 21:11,success
PAY0010284,010341,UPI,1750,2026-09-21 12:49,success
PAY0010285,010342,card,1020,2026-09-19 15:19,success
PAY0010286,010343,UPI,700,2026-09-17 10:03,success
PAY0010287,010344,UPI,1320,2026-09-17 13:26,success
PAY0010288,010345,card,120,2026-09-20 08:22,success
PAY0010289,010346,UPI,650,2026-09-21 09:59,success
PAY0010290,010347,UPI,1550,2026-09-19 08:32,success
PAY0010291,010348,UPI,2999,2026-09-16 11:38,success
PAY0010292,010349,card,1000,2026-09-21 17:37,success
PAY0010293,010350,UPI,550,2026-09-18 16:19,success
PAY0010294,010351,UPI,450,2026-09-20 19:53,success
PAY0010295,010352,UPI,650,2026-09-20 13:19,success
PAY0010296,010353,card,600,2026-09-21 14:01,success
PAY0010297,010354,UPI,2050,2026-09-20 09:07,success
PAY0010298,010355,UPI,350,2026-09-18 09:42,success
PAY0010299,INV-10356,cash,2999,2026-09-17 14:20,success
PAY0010300,010357,card,120,2026-09-17 09:19,success
PAY0010301,010358,UPI,1350,2026-09-19 09:07,success
PAY0010302,010359,UPI,220,2026-09-17 09:02,success
PAY0010303,010360,UPI,950,2026-09-21 14:51,success
PAY0010304,010361,UPI,1650,2026-09-22 18:51,success
PAY0010305,010362,card,350,2026-09-21 19:50,success
PAY0010306,010363,card,1499,2026-09-18 19:27,success
PAY0010307,010364,UPI,1170,2026-09-20 14:30,success
PAY0010308,INV-10366,cash,1470,2026-09-21 17:01,success
PAY0010309,010367,UPI,650,2026-09-21 21:58,success
PAY0010310,010368,UPI,1770,2026-09-16 11:09,success
PAY0010311,INV-10369,cash,150,2026-09-20 20:34,success
PAY0010312,010370,UPI,1400,2026-09-19 11:24,success
PAY0010313,INV-10371,cash,1350,2026-09-16 18:09,success
PAY0010314,010372,card,1400,2026-09-19 12:33,success
PAY0010315,010373,card,1900,2026-09-17 21:43,success
PAY0010316,INV-10374,cash,1300,2026-09-18 18:33,success
PAY0010317,010375,UPI,1200,2026-09-18 13:24,success
PAY0010318,010376,UPI,650,2026-09-16 11:22,success
PAY0010319,010378,UPI,3499,2026-09-22 19:07,success
PAY0010320,INV-10379,cash,700,2026-09-17 20:06,success
PAY0010321,010380,UPI,2999,2026-09-20 19:59,success
PAY0010322,INV-10381,cash,1070,2026-09-16 09:35,success
PAY0010323,010382,UPI,2100,2026-09-18 11:00,success
PAY0010324,INV-10383,cash,1770,2026-09-22 10:13,success
PAY0010325,INV-10384,cash,2150,2026-09-18 14:28,success
PAY0010326,010385,UPI,1100,2026-09-18 14:58,success
PAY0010327,010386,card,1250,2026-09-18 21:57,success
PAY0010328,010387,UPI,1150,2026-09-16 21:21,success
PAY0010329,010388,card,1800,2026-09-22 12:15,success
PAY0010330,INV-10389,cash,2999,2026-09-22 21:22,success
PAY0010331,010391,UPI,2050,2026-09-18 21:13,success
PAY0010332,010392,UPI,2500,2026-09-21 13:34,success
PAY0010333,INV-10393,cash,1850,2026-09-16 17:25,success
PAY0010334,010394,UPI,3099,2026-09-21 21:33,success
PAY0010335,010394,UPI,-3099,2026-09-21 21:33,refund
PAY0010336,010395,card,1499,2026-09-22 19:55,success
PAY0010337,010396,card,200,2026-09-16 21:26,success
PAY0010338,010398,UPI,3099,2026-09-20 10:06,success
PAY0010339,INV-10399,cash,1570,2026-09-20 17:09,success
PAY0010340,INV-10400,cash,1250,2026-09-21 20:56,success
PAY0010341,INV-10400,cash,-1250,2026-09-21 20:56,refund
PAY0010342,INV-10401,cash,120,2026-09-18 19:23,success
PAY0010343,010402,UPI,1150,2026-09-17 17:35,success
PAY0010344,010403,card,1150,2026-09-18 18:55,success
PAY0010345,INV-10404,cash,1500,2026-09-16 14:31,success
PAY0010346,010405,UPI,1300,2026-09-17 20:42,success
PAY0010347,INV-10406,cash,1200,2026-09-22 09:05,success
PAY0010348,010408,UPI,220,2026-09-22 21:52,success
PAY0010349,010409,UPI,2999,2026-09-23 15:33,success
PAY0010350,010410,UPI,2450,2026-09-19 10:59,success
PAY0010351,010411,UPI,2999,2026-09-18 20:30,success
PAY0010352,010412,card,150,2026-09-17 18:56,success
PAY0010353,INV-10413,cash,500,2026-09-22 16:36,success
PAY0010354,010414,UPI,120,2026-09-21 13:23,success
PAY0010355,INV-10415,cash,500,2026-09-19 21:05,success
PAY0010356,010417,UPI,2170,2026-09-23 12:01,success
PAY0010357,010418,UPI,3499,2026-09-21 16:20,success
PAY0010358,010419,UPI,3499,2026-09-21 16:26,success
PAY0010359,010420,card,2850,2026-09-21 09:13,success
PAY0010360,INV-10421,cash,450,2026-09-17 13:51,success
PAY0010361,KH/26-27/010422,cash,1499,2026-09-21 17:13,success
PAY0010362,010423,card,270,2026-09-22 17:38,success
PAY0010363,010424,UPI,1050,2026-09-20 08:58,success
PAY0010364,010425,card,3599,2026-09-21 12:45,success
PAY0010365,010426,card,1200,2026-09-21 15:24,success
PAY0010366,010427,card,500,2026-09-21 08:29,success
PAY0010367,010428,card,2999,2026-09-18 16:46,success
PAY0010368,010429,UPI,2999,2026-09-23 12:21,success
PAY0010369,010429,UPI,-2999,2026-09-23 12:21,refund
PAY0010370,010430,UPI,450,2026-09-23 20:33,success
PAY0010371,010431,UPI,2600,2026-09-22 21:01,success
PAY0010372,010432,card,2200,2026-09-23 08:36,success
PAY0010373,010433,UPI,1200,2026-09-18 17:06,success
PAY0010374,010434,UPI,2999,2026-09-17 20:27,success
PAY0010375,010435,card,1450,2026-09-19 17:37,success
PAY0010376,010436,UPI,650,2026-09-17 17:48,success
PAY0010377,010437,card,300,2026-09-19 08:25,success
PAY0010378,010439,UPI,1700,2026-09-17 10:24,success
PAY0010379,010440,UPI,2999,2026-09-19 11:18,success
PAY0010380,INV-10441,cash,1220,2026-09-22 14:39,success
PAY0010381,010443,card,2600,2026-09-22 21:56,success
PAY0010382,INV-10444,cash,2999,2026-09-23 12:04,success
PAY0010383,010445,UPI,2000,2026-09-20 12:09,success
PAY0010384,INV-10446,cash,920,2026-09-17 15:10,success
PAY0010385,INV-10447,cash,2300,2026-09-21 18:06,success
PAY0010386,010448,UPI,2500,2026-09-17 11:14,success
PAY0010387,010449,card,350,2026-09-20 19:40,success
PAY0010388,010450,card,350,2026-09-18 19:41,success
PAY0010389,010451,card,2999,2026-09-21 08:10,success
PAY0010390,010452,card,1570,2026-09-23 21:15,success
PAY0010391,010453,UPI,120,2026-09-21 12:53,success
PAY0010392,010454,UPI,2999,2026-09-18 18:54,success
PAY0010393,010455,UPI,650,2026-09-19 14:15,success
PAY0010394,INV-10456,cash,600,2026-09-20 08:05,success
PAY0010395,010457,UPI,800,2026-09-17 12:51,success
PAY0010396,010458,card,3350,2026-09-17 17:51,success
PAY0010397,010459,card,900,2026-09-18 17:59,success
PAY0010398,010460,UPI,3499,2026-09-21 19:18,success
PAY0010399,010461,UPI,350,2026-09-17 08:38,success
PAY0010400,010462,UPI,650,2026-09-18 11:00,success
PAY0010401,INV-10463,cash,1900,2026-09-19 16:49,success
PAY0010402,010465,UPI,320,2026-09-18 15:32,success
PAY0010403,INV-10466,cash,1550,2026-09-22 21:44,success
PAY0010404,010467,UPI,3599,2026-09-20 15:37,success
PAY0010405,010467,UPI,3599,2026-09-20 15:39,success
PAY0010406,INV-10468,cash,350,2026-09-20 13:58,success
PAY0010407,010469,card,350,2026-09-23 16:51,success
PAY0010408,010470,card,1599,2026-09-18 09:00,success
PAY0010409,010471,card,2999,2026-09-17 18:43,success
PAY0010410,010472,UPI,450,2026-09-20 12:55,success
PAY0010411,010473,UPI,500,2026-09-22 15:42,success
PAY0010412,INV-10475,cash,2100,2026-09-17 18:48,success
PAY0010413,010476,card,3099,2026-09-22 19:59,success
PAY0010414,010477,card,2999,2026-09-18 09:58,success
PAY0010415,010478,UPI,2100,2026-09-21 12:10,success
PAY0010416,010479,UPI,1250,2026-09-24 13:26,success
PAY0010417,INV-10480,cash,600,2026-09-19 21:04,success
PAY0010418,010481,UPI,700,2026-09-18 15:34,success
PAY0010419,010482,card,3099,2026-09-23 17:52,success
PAY0010420,010483,UPI,700,2026-09-18 19:33,success
PAY0010421,010484,UPI,3499,2026-09-19 11:24,success
PAY0010422,INV-10485,cash,900,2026-09-22 19:09,success
PAY0010423,010486,card,2999,2026-09-19 14:02,success
PAY0010424,010487,UPI,1499,2026-09-21 17:50,success
PAY0010425,010488,UPI,1250,2026-09-20 17:26,success
PAY0010426,010489,card,3499,2026-09-19 11:43,success
PAY0010427,010490,card,870,2026-09-20 21:48,success
PAY0010428,010491,UPI,1300,2026-09-22 11:43,success
PAY0010429,INV-10492,cash,2999,2026-09-20 19:46,success
PAY0010430,010494,UPI,2999,2026-09-24 15:09,success
PAY0010431,KH/26-27/010495,cash,1070,2026-09-21 12:47,success
PAY0010432,010496,card,1499,2026-09-23 16:43,success
PAY0010433,010497,card,200,2026-09-20 19:33,success
PAY0010434,010498,UPI,1300,2026-09-19 16:00,success
PAY0010435,010499,UPI,1250,2026-09-19 10:26,success
PAY0010436,010500,UPI,2999,2026-09-21 12:12,success
PAY0010437,010501,UPI,3499,2026-09-18 10:06,success
PAY0010438,010503,UPI,2100,2026-09-19 09:11,success
PAY0010439,010504,UPI,200,2026-09-21 20:29,success
PAY0010440,010505,card,1050,2026-09-18 11:58,success
PAY0010441,010506,UPI,850,2026-09-20 19:30,success
PAY0010442,010507,UPI,1650,2026-09-23 11:25,success
PAY0010443,010508,card,1250,2026-09-21 16:49,success
PAY0010444,010509,UPI,500,2026-09-21 08:55,success
PAY0010445,KH/26-27/010510,cash,3099,2026-09-22 11:48,success
PAY0010446,010511,UPI,2050,2026-09-20 11:31,success
PAY0010447,010512,card,1599,2026-09-19 20:30,success
PAY0010448,010513,UPI,1499,2026-09-20 08:46,success
PAY0010449,010514,card,800,2026-09-24 15:07,success
PAY0010450,010515,card,2999,2026-09-22 20:00,success
PAY0010451,KH/26-27/010516,cash,2000,2026-09-21 09:34,success
PAY0010452,010517,UPI,1499,2026-09-20 08:16,success
PAY0010453,INV-10518,cash,350,2026-09-18 12:33,success
PAY0010454,010519,card,2999,2026-09-22 12:37,success
PAY0010455,INV-10520,cash,1700,2026-09-23 10:31,success
PAY0010456,INV-10521,cash,1250,2026-09-24 14:09,success
PAY0010457,010522,UPI,620,2026-09-22 14:56,success
PAY0010458,010523,card,2999,2026-09-24 20:12,success
PAY0010459,010524,UPI,1499,2026-09-21 20:59,success
PAY0010460,010525,UPI,2999,2026-09-18 12:26,success
PAY0010461,010526,UPI,700,2026-09-23 20:33,success
PAY0010462,010526,UPI,700,2026-09-23 20:35,success
PAY0010463,010527,UPI,650,2026-09-20 20:12,success
PAY0010464,010528,UPI,1800,2026-09-24 20:16,success
PAY0010465,010529,UPI,1150,2026-09-24 12:20,success
PAY0010466,010530,UPI,2999,2026-09-24 11:30,success
PAY0010467,010531,card,700,2026-09-24 10:33,success
PAY0010468,010532,card,2350,2026-09-21 09:19,success
PAY0010469,010533,UPI,600,2026-09-18 12:14,success
PAY0010470,010533,UPI,600,2026-09-18 12:16,success
PAY0010471,KH/26-27/010534,cash,120,2026-09-18 16:36,success
PAY0010472,INV-10535,cash,1499,2026-09-24 11:59,success
PAY0010473,010536,UPI,820,2026-09-23 18:05,success
PAY0010474,010537,UPI,3099,2026-09-22 19:20,success
PAY0010475,010538,UPI,1200,2026-09-24 14:47,success
PAY0010476,010539,UPI,2000,2026-09-22 18:53,success
PAY0010477,010540,card,450,2026-09-21 19:54,success
PAY0010478,INV-10541,cash,1100,2026-09-18 14:39,success
PAY0010479,010542,UPI,1499,2026-09-20 12:00,success
PAY0010480,010543,card,1600,2026-09-24 20:56,success
PAY0010481,INV-10544,cash,1950,2026-09-23 18:34,success
PAY0010482,010545,UPI,2320,2026-09-20 19:25,success
PAY0010483,INV-10547,cash,350,2026-09-22 09:36,success
PAY0010484,010548,card,2999,2026-09-23 14:42,success
PAY0010485,010549,card,1650,2026-09-22 16:15,success
PAY0010486,INV-10550,cash,620,2026-09-22 10:17,success
PAY0010487,010551,UPI,1070,2026-09-21 12:13,success
PAY0010488,010552,card,870,2026-09-25 18:25,success
PAY0010489,KH/26-27/010553,cash,450,2026-09-24 19:21,success
PAY0010490,010554,UPI,350,2026-09-19 18:59,success
PAY0010491,INV-10555,cash,450,2026-09-22 15:15,success
PAY0010492,010556,UPI,1200,2026-09-24 18:11,success
PAY0010493,010557,UPI,2000,2026-09-24 14:46,success
PAY0010494,010558,UPI,1000,2026-09-20 12:14,success
PAY0010495,010559,card,150,2026-09-19 17:04,success
PAY0010496,010559,card,150,2026-09-19 17:06,success
PAY0010497,010560,UPI,1499,2026-09-19 09:01,success
PAY0010498,010561,card,1850,2026-09-20 17:29,success
PAY0010499,010563,UPI,1599,2026-09-23 11:01,success
PAY0010500,INV-10564,cash,2999,2026-09-21 13:18,success
PAY0010501,010565,UPI,1170,2026-09-24 13:19,success
PAY0010502,010566,UPI,2999,2026-09-21 11:50,success
PAY0010503,010567,UPI,450,2026-09-22 16:07,success
PAY0010504,010568,UPI,2999,2026-09-19 20:59,success
PAY0010505,010569,card,1700,2026-09-20 16:12,success
PAY0010506,010570,UPI,2999,2026-09-25 08:42,success
PAY0010507,010571,UPI,470,2026-09-24 09:42,success
PAY0010508,010572,UPI,1300,2026-09-23 17:02,success
PAY0010509,010572,UPI,1300,2026-09-23 17:04,success
PAY0010510,010573,UPI,600,2026-09-23 18:54,success
PAY0010511,010574,UPI,850,2026-09-20 10:21,success
PAY0010512,010575,UPI,1200,2026-09-20 09:43,success
PAY0010513,010576,UPI,1250,2026-09-21 20:43,success
PAY0010514,INV-10577,cash,1920,2026-09-24 17:43,success
PAY0010515,010578,UPI,2999,2026-09-19 10:53,success
PAY0010516,INV-10579,cash,1100,2026-09-21 20:11,success
PAY0010517,010580,UPI,1200,2026-09-25 20:32,success
PAY0010518,INV-10581,cash,450,2026-09-19 08:52,success
PAY0010519,INV-10582,cash,1550,2026-09-19 08:05,success
PAY0010520,010583,card,1700,2026-09-22 11:10,success
PAY0010521,010584,card,2999,2026-09-19 13:00,success
PAY0010522,010585,UPI,2050,2026-09-21 16:42,success
PAY0010523,010586,UPI,720,2026-09-23 12:09,success
PAY0010524,010587,UPI,1150,2026-09-19 12:56,success
PAY0010525,010588,UPI,3499,2026-09-25 16:56,success
PAY0010526,010588,UPI,3499,2026-09-25 16:58,success
PAY0010527,010589,card,1499,2026-09-21 15:51,success
PAY0010528,010590,card,800,2026-09-24 12:10,success
PAY0010529,010591,UPI,2999,2026-09-22 20:36,success
PAY0010530,010592,UPI,1499,2026-09-19 17:09,success
PAY0010531,010593,UPI,1200,2026-09-19 20:51,success
PAY0010532,010594,card,2999,2026-09-24 12:14,success
PAY0010533,010595,card,2650,2026-09-22 18:39,success
PAY0010534,INV-10596,cash,2999,2026-09-22 21:37,success
PAY0010535,010597,UPI,1100,2026-09-25 19:22,success
PAY0010536,010598,card,2999,2026-09-21 09:45,success
PAY0010537,INV-10599,cash,750,2026-09-21 10:00,success
PAY0010538,010600,UPI,850,2026-09-20 10:59,success
PAY0010539,010601,UPI,3499,2026-09-22 15:59,success
PAY0010540,010602,UPI,2999,2026-09-21 19:18,success
PAY0010541,010603,UPI,700,2026-09-20 16:14,success
PAY0010542,010604,UPI,450,2026-09-23 18:25,success
PAY0010543,010605,card,2999,2026-09-22 12:10,success
PAY0010544,010606,UPI,600,2026-09-25 13:08,success
PAY0010545,010607,card,700,2026-09-21 13:01,success
PAY0010546,010608,UPI,750,2026-09-19 18:47,success
PAY0010547,INV-10609,cash,2999,2026-09-19 19:48,success
PAY0010548,010610,card,1100,2026-09-20 08:21,success
PAY0010549,010611,UPI,2999,2026-09-24 17:46,success
PAY0010550,010612,card,1499,2026-09-21 19:16,success
PAY0010551,010613,card,1450,2026-09-25 14:30,success
PAY0010552,INV-10614,cash,1100,2026-09-23 20:35,success
PAY0010553,010615,card,2999,2026-09-24 15:59,success
PAY0010554,010616,UPI,1450,2026-09-21 20:42,success
PAY0010555,010617,UPI,500,2026-09-19 13:39,success
PAY0010556,INV-10618,cash,3000,2026-09-24 14:54,success
PAY0010557,010619,UPI,1700,2026-09-21 10:32,success
PAY0010558,010620,card,1499,2026-09-25 13:15,success
PAY0010559,INV-10621,cash,650,2026-09-25 20:36,success
PAY0010560,010622,UPI,120,2026-09-22 14:42,success
PAY0010561,010623,UPI,1050,2026-09-21 11:14,success
PAY0010562,010624,card,1499,2026-09-22 14:43,success
PAY0010563,INV-10626,cash,2999,2026-09-22 09:06,success
PAY0010564,010627,card,1920,2026-09-24 10:17,success
PAY0010565,INV-10628,cash,2999,2026-09-24 19:04,success
PAY0010566,010629,card,1350,2026-09-23 14:18,success
PAY0010567,010630,UPI,150,2026-09-24 09:43,success
PAY0010568,010631,card,700,2026-09-25 09:52,success
PAY0010569,010632,card,720,2026-09-23 21:13,success
PAY0010570,010633,UPI,2100,2026-09-21 15:43,success
PAY0010571,010634,UPI,1600,2026-09-23 18:01,success
PAY0010572,INV-10635,cash,3499,2026-09-26 15:15,success
PAY0010573,010636,UPI,1550,2026-09-23 16:55,success
PAY0010574,010637,card,850,2026-09-21 18:15,success
PAY0010575,010638,card,1150,2026-09-20 11:46,success
PAY0010576,010638,card,1150,2026-09-20 11:48,success
PAY0010577,010639,card,1250,2026-09-26 14:23,success
PAY0010578,010640,UPI,2850,2026-09-25 10:11,success
PAY0010579,010641,card,1400,2026-09-24 08:51,success
PAY0010580,010642,UPI,600,2026-09-24 21:37,success
PAY0010581,010643,UPI,1670,2026-09-25 09:44,success
PAY0010582,010645,card,950,2026-09-23 09:10,success
PAY0010583,INV-10646,cash,2999,2026-09-25 10:57,success
PAY0010584,INV-10647,cash,900,2026-09-21 19:47,success
PAY0010585,010648,UPI,470,2026-09-22 16:07,success
PAY0010586,010649,UPI,1650,2026-09-26 16:01,success
PAY0010587,010650,UPI,3499,2026-09-22 12:12,success
PAY0010588,010651,card,2999,2026-09-23 14:10,success
PAY0010589,010652,UPI,2999,2026-09-20 15:15,success
PAY0010590,INV-10653,cash,1550,2026-09-23 10:53,success
PAY0010591,INV-10654,cash,950,2026-09-24 21:47,success
PAY0010592,010655,UPI,850,2026-09-21 12:59,success
PAY0010593,010656,card,750,2026-09-25 20:08,success
PAY0010594,010657,UPI,120,2026-09-22 17:38,success
PAY0010595,010658,card,650,2026-09-24 17:20,success
PAY0010596,010659,card,1500,2026-09-24 17:02,success
PAY0010597,010660,UPI,570,2026-09-22 10:48,success
PAY0010598,010661,UPI,150,2026-09-21 15:41,success
PAY0010599,INV-10662,cash,2999,2026-09-25 19:34,success
PAY0010600,010663,UPI,900,2026-09-21 20:41,success
PAY0010601,INV-10664,cash,800,2026-09-26 18:13,success
PAY0010602,010665,UPI,700,2026-09-24 16:05,success
PAY0010603,INV-10666,cash,450,2026-09-24 08:40,success
PAY0010604,010667,card,1870,2026-09-26 13:39,success
PAY0010605,INV-10668,cash,1700,2026-09-26 21:49,success
PAY0010606,010669,UPI,670,2026-09-23 15:17,success
PAY0010607,010670,UPI,450,2026-09-26 14:59,success
PAY0010608,010671,UPI,1850,2026-09-22 11:54,success
PAY0010609,010672,card,2999,2026-09-25 19:38,success
PAY0010610,010673,UPI,3100,2026-09-23 21:13,success
PAY0010611,010674,UPI,3099,2026-09-22 19:07,success
PAY0010612,010675,card,2450,2026-09-23 17:01,success
PAY0010613,010676,UPI,500,2026-09-27 10:26,success
PAY0010614,010678,card,1150,2026-09-23 20:34,success
PAY0010615,010679,UPI,550,2026-09-23 09:50,success
PAY0010616,010680,card,900,2026-09-23 11:56,success
PAY0010617,010681,card,2050,2026-09-26 08:34,success
PAY0010618,010682,card,2350,2026-09-26 08:39,success
PAY0010619,010683,UPI,2550,2026-09-23 16:53,success
PAY0010620,010684,card,2999,2026-09-23 12:36,success
PAY0010621,010685,card,2999,2026-09-22 08:42,success
PAY0010622,010686,UPI,820,2026-09-22 09:49,success
PAY0010623,010687,UPI,500,2026-09-21 09:51,success
PAY0010624,KH/26-27/010688,cash,550,2026-09-21 08:29,success
PAY0010625,010690,UPI,3499,2026-09-21 15:10,success
PAY0010626,010691,card,1499,2026-09-22 10:38,success
PAY0010627,010692,UPI,2999,2026-09-24 09:18,success
PAY0010628,INV-10693,cash,2999,2026-09-22 11:58,success
PAY0010629,010694,UPI,450,2026-09-26 21:16,success
PAY0010630,010695,UPI,2999,2026-09-21 17:10,success
PAY0010631,010696,UPI,720,2026-09-24 17:50,success
PAY0010632,010697,UPI,2999,2026-09-23 20:22,success
PAY0010633,010698,UPI,1820,2026-09-23 13:20,success
PAY0010634,010699,UPI,1599,2026-09-23 08:27,success
PAY0010635,INV-10700,cash,700,2026-09-23 10:48,success
PAY0010636,INV-10700,cash,-700,2026-09-23 10:48,refund
PAY0010637,010701,UPI,2999,2026-09-26 14:49,success
PAY0010638,010702,UPI,1350,2026-09-25 14:25,success
PAY0010639,010703,card,2999,2026-09-25 12:40,success
PAY0010640,010704,card,1499,2026-09-26 16:29,success
PAY0010641,010705,UPI,2999,2026-09-24 17:29,success
PAY0010642,010706,UPI,1100,2026-09-26 10:09,success
PAY0010643,010707,UPI,3499,2026-09-25 16:42,success
PAY0010644,010709,UPI,3499,2026-09-22 20:35,success
PAY0010645,010709,UPI,3499,2026-09-22 20:37,success
PAY0010646,010710,UPI,1350,2026-09-24 10:35,success
PAY0010647,010712,UPI,1850,2026-09-25 19:54,success
PAY0010648,INV-10713,cash,500,2026-09-23 14:14,success
PAY0010649,INV-10714,cash,1400,2026-09-24 13:46,success
PAY0010650,010715,card,350,2026-09-27 18:41,success
PAY0010651,INV-10716,cash,1499,2026-09-22 11:12,success
PAY0010652,010717,UPI,900,2026-09-24 15:14,success
PAY0010653,INV-10719,cash,500,2026-09-26 18:58,success
PAY0010654,INV-10720,cash,550,2026-09-23 15:05,success
PAY0010655,010721,UPI,1150,2026-09-26 21:14,success
PAY0010656,010722,UPI,1550,2026-09-22 08:02,success
PAY0010657,010723,UPI,120,2026-09-23 12:21,success
PAY0010658,010724,UPI,1499,2026-09-27 12:44,success
PAY0010659,010725,UPI,1599,2026-09-26 12:59,success
PAY0010660,010726,UPI,1150,2026-09-26 13:57,success
PAY0010661,010726,UPI,1150,2026-09-26 13:59,success
PAY0010662,INV-10727,cash,1600,2026-09-26 10:55,success
PAY0010663,010728,card,550,2026-09-22 08:52,success
PAY0010664,010729,UPI,2270,2026-09-21 21:49,success
PAY0010665,INV-10730,cash,2999,2026-09-24 19:00,success
PAY0010666,010731,UPI,2999,2026-09-22 19:49,success
PAY0010667,010732,UPI,150,2026-09-27 17:21,success
PAY0010668,010733,UPI,1250,2026-09-25 14:44,success
PAY0010669,010734,card,2999,2026-09-26 17:32,success
PAY0010670,010735,UPI,1200,2026-09-22 18:25,success
PAY0010671,010736,UPI,1320,2026-09-22 08:36,success
PAY0010672,INV-10737,cash,1599,2026-09-24 08:02,success
PAY0010673,010739,UPI,200,2026-09-26 15:26,success
PAY0010674,010740,card,1350,2026-09-23 10:50,success
PAY0010675,KH/26-27/010741,cash,1200,2026-09-23 11:34,success
PAY0010676,010742,card,2999,2026-09-28 14:46,success
PAY0010677,INV-10743,cash,600,2026-09-28 12:43,success
PAY0010678,INV-10744,cash,2999,2026-09-26 18:26,success
PAY0010679,010745,UPI,2999,2026-09-22 16:46,success
PAY0010680,010746,card,1499,2026-09-28 09:39,success
PAY0010681,010747,UPI,1499,2026-09-27 15:57,success
PAY0010682,010748,UPI,700,2026-09-25 20:43,success
PAY0010683,010749,UPI,2999,2026-09-26 09:22,success
PAY0010684,010750,UPI,2800,2026-09-23 17:00,success
PAY0010685,INV-10751,cash,2999,2026-09-27 19:40,success
PAY0010686,010752,card,1499,2026-09-23 09:16,success
PAY0010687,010753,UPI,1150,2026-09-27 15:12,success
PAY0010688,010754,UPI,800,2026-09-22 16:17,success
PAY0010689,KH/26-27/010755,cash,550,2026-09-24 11:30,success
PAY0010690,KH/26-27/010756,cash,1499,2026-09-22 19:53,success
PAY0010691,010757,UPI,1800,2026-09-26 20:57,success
PAY0010692,010758,UPI,1599,2026-09-22 11:55,success
PAY0010693,010759,UPI,1470,2026-09-24 19:06,success
PAY0010694,010760,card,2999,2026-09-28 14:30,success
PAY0010695,010761,UPI,1499,2026-09-28 12:46,success
PAY0010696,INV-10762,cash,2450,2026-09-24 13:59,success
PAY0010697,010763,UPI,2999,2026-09-28 15:06,success
PAY0010698,010764,UPI,3599,2026-09-22 16:08,success
PAY0010699,010765,UPI,2999,2026-09-27 21:15,success
PAY0010700,010766,UPI,650,2026-09-27 08:26,success
PAY0010701,010767,UPI,200,2026-09-22 20:04,success
PAY0010702,KH/26-27/010768,cash,1650,2026-09-26 16:24,success
PAY0010703,010769,card,2100,2026-09-28 17:41,success
PAY0010704,010770,UPI,2700,2026-09-22 08:03,success
PAY0010705,INV-10771,cash,1800,2026-09-25 10:39,success
PAY0010706,010772,UPI,1599,2026-09-22 19:06,success
PAY0010707,INV-10773,cash,1499,2026-09-28 09:15,success
PAY0010708,INV-10773,cash,-1499,2026-09-28 09:15,refund
PAY0010709,INV-10774,cash,1270,2026-09-25 17:29,success
PAY0010710,010775,card,1499,2026-09-27 18:17,success
PAY0010711,INV-10776,cash,1450,2026-09-26 10:14,success
PAY0010712,010777,UPI,1470,2026-09-23 14:00,success
PAY0010713,KH/26-27/010778,cash,1499,2026-09-23 14:21,success
PAY0010714,010779,UPI,3000,2026-09-28 17:27,success
PAY0010715,010780,card,1050,2026-09-25 09:30,success
PAY0010716,010781,UPI,2999,2026-09-22 14:44,success
PAY0010717,010782,card,550,2026-09-26 11:30,success
PAY0010718,010783,UPI,2220,2026-09-22 08:08,success
PAY0010719,INV-10784,cash,1350,2026-09-27 18:40,success
PAY0010720,010785,card,950,2026-09-27 11:50,success
PAY0010721,010786,UPI,2999,2026-09-26 10:40,success
PAY0010722,010787,UPI,2999,2026-09-22 09:37,success
PAY0010723,010788,UPI,900,2026-09-25 16:27,success
PAY0010724,010789,UPI,620,2026-09-26 09:25,success
PAY0010725,010790,UPI,1320,2026-09-22 16:01,success
PAY0010726,010791,card,2750,2026-09-25 12:22,success
PAY0010727,010792,UPI,200,2026-09-26 09:39,success
PAY0010728,010793,UPI,1400,2026-09-24 19:42,success
PAY0010729,010794,card,1500,2026-09-24 08:56,success
PAY0010730,010794,card,1500,2026-09-24 08:58,success
PAY0010731,010795,UPI,3099,2026-09-22 09:40,success
PAY0010732,010796,UPI,1150,2026-09-26 16:01,success
PAY0010733,010797,UPI,550,2026-09-25 10:43,success
PAY0010734,010798,UPI,1499,2026-09-27 20:27,success
PAY0010735,010799,UPI,1400,2026-09-28 19:50,success
PAY0010736,010800,UPI,1650,2026-09-25 15:14,success
PAY0010737,010801,UPI,650,2026-09-23 13:15,success
PAY0010738,010802,UPI,2800,2026-09-22 19:02,success
PAY0010739,010803,UPI,1320,2026-09-26 16:30,success
PAY0010740,010804,UPI,1200,2026-09-28 20:53,success
PAY0010741,010804,UPI,1200,2026-09-28 20:55,success
PAY0010742,010805,UPI,1820,2026-09-28 10:56,success
PAY0010743,INV-10806,cash,800,2026-09-28 14:37,success
PAY0010744,010807,UPI,1499,2026-09-23 13:20,success
PAY0010745,010808,UPI,650,2026-09-23 09:26,success
PAY0010746,010809,UPI,700,2026-09-28 14:45,success
PAY0010747,010810,card,3499,2026-09-24 10:37,success
PAY0010748,010811,UPI,700,2026-09-26 14:17,success
PAY0010749,KH/26-27/010812,cash,2999,2026-09-27 20:36,success
PAY0010750,010813,UPI,2200,2026-09-28 21:09,success
PAY0010751,KH/26-27/010814,cash,500,2026-09-27 08:03,success
PAY0010752,010815,UPI,350,2026-09-29 14:07,success
PAY0010753,010816,UPI,650,2026-09-26 18:25,success
PAY0010754,010817,card,750,2026-09-23 14:08,success
PAY0010755,010818,UPI,1400,2026-09-23 12:45,success
PAY0010756,010819,UPI,1350,2026-09-25 09:30,success
PAY0010757,INV-10820,cash,1499,2026-09-26 11:39,success
PAY0010758,010821,UPI,3499,2026-09-23 16:37,success
PAY0010759,KH/26-27/010822,cash,1599,2026-09-28 16:17,success
PAY0010760,INV-10823,cash,2999,2026-09-25 13:59,success
PAY0010761,INV-10824,cash,120,2026-09-25 18:04,success
PAY0010762,010825,card,2999,2026-09-23 17:06,success
PAY0010763,KH/26-27/010827,cash,720,2026-09-25 09:07,success
PAY0010764,010828,UPI,1150,2026-09-25 16:25,success
PAY0010765,010829,card,1950,2026-09-26 14:20,success
PAY0010766,010832,card,1800,2026-09-27 11:21,success
PAY0010767,010833,UPI,550,2026-09-24 09:56,success
PAY0010768,010834,UPI,2820,2026-09-27 11:52,success
PAY0010769,010835,UPI,750,2026-09-28 12:56,success
PAY0010770,010836,UPI,420,2026-09-23 18:40,success
PAY0010771,010837,card,1499,2026-09-27 20:43,success
PAY0010772,010837,card,1499,2026-09-27 20:45,success
PAY0010773,010837,card,-1499,2026-09-27 20:43,refund
PAY0010774,010838,card,700,2026-09-28 12:15,success
PAY0010775,010838,card,700,2026-09-28 12:17,success
PAY0010776,010839,card,1750,2026-09-27 08:17,success
PAY0010777,KH/26-27/010840,cash,900,2026-09-29 16:10,success
PAY0010778,INV-10841,cash,350,2026-09-23 14:21,success
PAY0010779,010842,UPI,2999,2026-09-23 14:45,success
PAY0010780,INV-10843,cash,120,2026-09-29 13:23,success
PAY0010781,010844,UPI,1500,2026-09-24 15:19,success
PAY0010782,INV-10845,cash,2100,2026-09-27 13:48,success
PAY0010783,010846,card,1499,2026-09-26 17:48,success
PAY0010784,010847,UPI,3599,2026-09-29 12:50,success
PAY0010785,010848,UPI,3000,2026-09-26 12:42,success
PAY0010786,INV-10849,cash,2250,2026-09-25 19:19,success
PAY0010787,INV-10850,cash,3499,2026-09-23 13:03,success
PAY0010788,010851,card,700,2026-09-25 19:29,success
PAY0010789,010852,UPI,1950,2026-09-29 14:40,success
PAY0010790,INV-10853,cash,150,2026-09-29 17:50,success
PAY0010791,010854,card,1000,2026-09-25 14:32,success
PAY0010792,010854,card,-1000,2026-09-25 14:32,refund
PAY0010793,010855,UPI,2999,2026-09-27 14:02,success
PAY0010794,010856,UPI,3499,2026-09-27 21:42,success
PAY0010795,010857,card,1200,2026-09-28 12:12,success
PAY0010796,010858,UPI,500,2026-09-26 08:11,success
PAY0010797,010859,UPI,150,2026-09-24 08:40,success
PAY0010798,INV-10860,cash,700,2026-09-28 14:54,success
PAY0010799,010861,card,1100,2026-09-25 10:30,success
PAY0010800,010862,UPI,3499,2026-09-28 20:22,success
PAY0010801,010863,UPI,1150,2026-09-28 09:38,success
PAY0010802,010864,UPI,1570,2026-09-24 09:17,success
PAY0010803,010865,card,1850,2026-09-25 20:59,success
PAY0010804,010866,card,2999,2026-09-29 15:59,success
PAY0010805,INV-10867,cash,950,2026-09-29 18:37,success
PAY0010806,010868,UPI,2999,2026-09-28 13:11,success
PAY0010807,010869,card,2999,2026-09-28 11:08,success
PAY0010808,010870,UPI,2999,2026-09-23 19:26,success
PAY0010809,INV-10871,cash,450,2026-09-27 17:11,success
PAY0010810,010872,UPI,1720,2026-09-26 15:45,success
PAY0010811,010873,UPI,1800,2026-09-29 17:10,success
PAY0010812,010874,card,500,2026-09-24 09:13,success
PAY0010813,010875,UPI,3099,2026-09-25 11:42,success
PAY0010814,INV-10876,cash,120,2026-09-30 09:21,success
PAY0010815,010877,UPI,2400,2026-09-25 09:55,success
PAY0010816,010878,UPI,2450,2026-09-26 16:53,success
PAY0010817,010879,card,1000,2026-09-26 09:32,success
PAY0010818,010880,UPI,1300,2026-09-27 10:35,success
PAY0010819,010881,UPI,2999,2026-09-24 20:06,success
PAY0010820,010882,UPI,2999,2026-09-30 14:51,success
PAY0010821,010883,UPI,720,2026-09-28 16:40,success
PAY0010822,010884,UPI,2999,2026-09-25 17:46,success
PAY0010823,010885,UPI,1250,2026-09-24 08:09,success
PAY0010824,010887,UPI,2800,2026-09-25 19:28,success
PAY0010825,010888,UPI,1100,2026-09-28 13:42,success
PAY0010826,010889,card,450,2026-09-30 15:29,success
PAY0010827,KH/26-27/010890,cash,1100,2026-09-26 17:26,success
PAY0010828,010891,card,1050,2026-09-26 16:40,success
PAY0010829,010892,UPI,200,2026-09-24 19:31,success
PAY0010830,010893,UPI,600,2026-09-25 18:04,success
PAY0010831,010894,UPI,970,2026-09-24 20:21,success
PAY0010832,010895,card,1050,2026-09-25 12:33,success
PAY0010833,010896,UPI,2250,2026-09-25 16:54,success
PAY0010834,010897,UPI,2350,2026-09-28 20:15,success
PAY0010835,010898,UPI,1700,2026-09-25 13:01,success
PAY0010836,KH/26-27/010899,cash,2700,2026-09-29 13:36,success
PAY0010837,INV-10900,cash,200,2026-09-28 19:56,success
PAY0010838,010901,UPI,2999,2026-09-30 11:29,success
PAY0010839,010902,UPI,2999,2026-09-24 12:20,success
PAY0010840,010903,UPI,800,2026-09-29 21:32,success
PAY0010841,010904,UPI,920,2026-09-25 08:27,success
PAY0010842,INV-10906,cash,3099,2026-09-27 17:37,success
PAY0010843,010907,UPI,2999,2026-09-26 11:43,success
PAY0010844,010908,UPI,270,2026-09-28 09:52,success
PAY0010845,INV-10909,cash,2150,2026-09-27 18:45,success
PAY0010846,010910,card,2300,2026-09-28 10:04,success
PAY0010847,010911,UPI,750,2026-09-26 13:14,success
PAY0010848,KH/26-27/010912,cash,650,2026-09-29 11:29,success
PAY0010849,010913,UPI,2750,2026-09-24 18:18,success
PAY0010850,010913,UPI,2750,2026-09-24 18:20,success
PAY0010851,010915,UPI,3499,2026-09-30 13:25,success
PAY0010852,010916,card,700,2026-09-26 10:11,success
PAY0010853,010917,UPI,1499,2026-09-28 17:12,success
PAY0010854,010918,UPI,650,2026-09-29 20:41,success
PAY0010855,INV-10919,cash,2999,2026-09-30 16:11,success
PAY0010856,010920,UPI,2920,2026-09-25 16:33,success
PAY0010857,010921,UPI,470,2026-09-26 14:12,success
PAY0010858,010922,UPI,450,2026-09-25 14:18,success
PAY0010859,KH/26-27/010923,cash,320,2026-09-26 21:41,success
PAY0010860,010924,UPI,500,2026-09-26 11:55,success
PAY0010861,010925,UPI,2000,2026-09-29 10:45,success
PAY0010862,010926,UPI,2999,2026-09-27 14:33,success
PAY0010863,INV-10927,cash,1350,2026-09-25 20:08,success
PAY0010864,010928,UPI,3499,2026-09-29 21:42,success
PAY0010865,010929,UPI,2999,2026-09-30 20:04,success
PAY0010866,010930,card,670,2026-09-27 14:01,success
PAY0010867,INV-10931,cash,350,2026-09-26 21:16,success
PAY0010868,INV-10932,cash,1499,2026-09-26 11:54,success
PAY0010869,010933,card,1050,2026-09-26 12:31,success
PAY0010870,010934,card,2050,2026-09-27 21:49,success
PAY0010871,010935,UPI,3499,2026-09-29 08:09,success
PAY0010872,KH/26-27/010936,cash,1499,2026-09-24 20:10,success
PAY0010873,010937,UPI,120,2026-09-29 13:19,success
PAY0010874,010938,UPI,1200,2026-09-24 12:09,success
PAY0010875,010939,UPI,1499,2026-09-24 09:07,success
PAY0010876,010940,UPI,1200,2026-09-28 11:08,success
PAY0010877,010941,UPI,1250,2026-09-25 15:22,success
PAY0010878,010942,UPI,3499,2026-09-25 20:16,success
PAY0010879,010942,UPI,3499,2026-09-25 20:18,success
PAY0010880,010943,UPI,350,2026-09-27 15:54,success
PAY0010881,010944,card,3000,2026-09-24 08:47,success
PAY0010882,010945,UPI,1070,2026-09-26 21:55,success
PAY0010883,INV-10946,cash,500,2026-09-24 11:04,success
PAY0010884,010947,card,650,2026-09-25 21:31,success
PAY0010885,010948,UPI,1000,2026-09-29 08:12,success
PAY0010886,010949,UPI,850,2026-10-01 17:04,success
PAY0010887,INV-10950,cash,1400,2026-09-30 14:56,success
PAY0010888,010951,card,3499,2026-09-26 11:42,success
PAY0010889,010952,card,450,2026-09-27 10:47,success
PAY0010890,010953,UPI,2999,2026-09-26 20:07,success
PAY0010891,010954,card,1400,2026-09-30 14:12,success
PAY0010892,INV-10955,cash,1100,2026-09-29 19:08,success
PAY0010893,010956,UPI,270,2026-09-28 14:41,success
PAY0010894,010957,UPI,1750,2026-09-30 09:36,success
PAY0010895,010958,card,720,2026-09-28 10:08,success
PAY0010896,010959,UPI,2999,2026-09-26 20:48,success
PAY0010897,010960,UPI,900,2026-09-27 10:02,success
PAY0010898,010961,card,1850,2026-09-26 20:25,success
PAY0010899,010962,card,1150,2026-09-29 11:24,success
PAY0010900,010962,card,-1150,2026-09-29 11:24,refund
PAY0010901,010963,card,900,2026-09-25 16:27,success
PAY0010902,010964,UPI,1400,2026-09-30 14:11,success
PAY0010903,010966,UPI,900,2026-09-30 14:38,success
PAY0010904,010969,UPI,2999,2026-09-29 16:36,success
PAY0010905,010970,card,550,2026-09-29 12:25,success
PAY0010906,010971,card,350,2026-09-28 11:02,success
PAY0010907,010972,card,1700,2026-09-28 10:28,success
PAY0010908,KH/26-27/010973,cash,1650,2026-09-25 08:29,success
PAY0010909,010974,UPI,1400,2026-09-25 19:02,success
PAY0010910,010974,UPI,1400,2026-09-25 19:04,success
PAY0010911,010975,UPI,650,2026-09-25 14:37,success
PAY0010912,010976,UPI,2999,2026-09-29 08:03,success
PAY0010913,010977,card,2999,2026-09-26 20:10,success
PAY0010914,010978,UPI,150,2026-09-26 08:42,success
PAY0010915,010979,UPI,2300,2026-10-01 15:22,success
PAY0010916,010980,UPI,1400,2026-09-30 09:36,success
PAY0010917,010981,UPI,1200,2026-09-30 17:57,success
PAY0010918,010982,UPI,2700,2026-09-29 11:11,success
PAY0010919,010983,card,1550,2026-09-26 14:09,success
PAY0010920,INV-10984,cash,650,2026-10-01 14:56,success
PAY0010921,010985,UPI,1770,2026-10-01 20:47,success
PAY0010922,010986,UPI,1150,2026-09-27 18:08,success
PAY0010923,010987,UPI,120,2026-09-26 19:33,success
PAY0010924,010988,UPI,1900,2026-09-25 10:05,success
PAY0010925,010989,card,1499,2026-09-25 16:19,success
PAY0010926,010990,card,1499,2026-09-27 08:06,success
PAY0010927,010991,UPI,2999,2026-09-27 09:02,success
PAY0010928,010992,card,1100,2026-10-01 21:16,success
PAY0010929,010993,UPI,220,2026-09-27 09:04,success
PAY0010930,010994,card,1250,2026-09-27 16:45,success
PAY0010931,010995,UPI,1350,2026-09-25 09:02,success
PAY0010932,010996,UPI,2999,2026-10-01 19:35,success
PAY0010933,INV-10997,cash,1920,2026-09-29 19:38,success
PAY0010934,010998,card,700,2026-09-27 13:05,success
PAY0010935,010999,UPI,2999,2026-09-30 09:01,success
PAY0010936,011000,UPI,900,2026-09-28 12:24,success
PAY0010937,INV-11001,cash,1200,2026-09-26 08:33,success
PAY0010938,011003,card,2999,2026-10-01 15:43,success
PAY0010939,011004,card,2999,2026-09-30 12:55,success
PAY0010940,INV-11005,cash,350,2026-09-27 16:17,success
PAY0010941,011006,UPI,2999,2026-10-01 09:51,success
PAY0010942,INV-11007,cash,270,2026-09-25 12:55,success
PAY0010943,INV-11008,cash,200,2026-09-30 20:25,success
PAY0010944,011010,UPI,850,2026-09-28 21:05,success
PAY0010945,011011,UPI,2999,2026-09-29 21:40,success
PAY0010946,011012,card,2100,2026-10-01 12:47,success
PAY0010947,KH/26-27/011013,cash,120,2026-09-28 14:24,success
PAY0010948,011014,UPI,2999,2026-10-01 10:40,success
PAY0010949,011015,card,2999,2026-09-29 16:15,success
PAY0010950,011016,UPI,1150,2026-09-28 12:38,success
PAY0010951,011017,UPI,670,2026-09-25 14:59,success
PAY0010952,011018,card,650,2026-09-29 21:17,success
PAY0010953,011019,UPI,2170,2026-09-28 16:55,success
PAY0010954,011020,UPI,3499,2026-10-01 14:33,success
PAY0010955,011021,UPI,320,2026-09-28 16:50,success
PAY0010956,011022,UPI,1499,2026-09-29 16:36,success
PAY0010957,011023,UPI,350,2026-10-01 16:55,success
PAY0010958,011024,UPI,350,2026-09-27 14:42,success
PAY0010959,011025,UPI,1450,2026-10-02 13:23,success
PAY0010960,011026,card,2999,2026-09-26 10:08,success
PAY0010961,011027,UPI,820,2026-09-27 18:28,success
PAY0010962,011027,UPI,820,2026-09-27 18:30,success
PAY0010963,INV-11028,cash,820,2026-10-01 20:57,success
PAY0010964,011029,card,900,2026-10-01 08:33,success
PAY0010965,011030,UPI,2200,2026-09-28 17:58,success
PAY0010966,011031,UPI,2999,2026-09-27 09:48,success
PAY0010967,011032,UPI,350,2026-09-29 10:07,success
PAY0010968,011033,UPI,600,2026-09-26 19:37,success
PAY0010969,011034,UPI,3499,2026-09-30 16:49,success
PAY0010970,KH/26-27/011035,cash,950,2026-10-02 18:42,success
PAY0010971,INV-11036,cash,2999,2026-09-26 17:52,success
PAY0010972,INV-11036,cash,-2999,2026-09-26 17:52,refund
PAY0010973,011037,UPI,1650,2026-09-27 20:39,success
PAY0010974,011038,UPI,1500,2026-10-02 13:30,success
PAY0010975,011039,UPI,1400,2026-10-01 08:20,success
PAY0010976,011041,card,2999,2026-09-26 12:10,success
PAY0010977,INV-11042,cash,200,2026-09-27 13:49,success
PAY0010978,011043,card,320,2026-09-29 16:26,success
PAY0010979,INV-11044,cash,2999,2026-09-28 08:03,success
PAY0010980,011045,UPI,2999,2026-09-30 12:17,success
PAY0010981,INV-11046,cash,3499,2026-09-27 21:07,success
PAY0010982,011047,UPI,2999,2026-09-26 16:34,success
PAY0010983,INV-11048,cash,2999,2026-09-28 18:54,success
PAY0010984,INV-11049,cash,1499,2026-09-27 13:18,success
PAY0010985,011050,UPI,1800,2026-09-29 09:56,success
PAY0010986,011051,UPI,120,2026-09-27 12:04,success
PAY0010987,INV-11052,cash,1470,2026-09-27 19:33,success
PAY0010988,011053,UPI,1200,2026-09-26 09:03,success
PAY0010989,011053,UPI,-1200,2026-09-26 09:03,refund
PAY0010990,011054,UPI,1050,2026-09-28 18:06,success
PAY0010991,INV-11055,cash,2700,2026-09-29 10:59,success
PAY0010992,011056,UPI,2999,2026-09-29 08:54,success
PAY0010993,011057,UPI,2999,2026-09-30 19:42,success
PAY0010994,011058,UPI,1250,2026-09-26 17:44,success
PAY0010995,INV-11059,cash,1400,2026-10-02 15:04,success
PAY0010996,011061,card,2220,2026-09-29 15:43,success
PAY0010997,011062,card,2999,2026-09-27 17:50,success
PAY0010998,011063,UPI,570,2026-10-02 16:21,success
PAY0010999,011063,UPI,-570,2026-10-02 16:21,refund
PAY0011000,011064,UPI,1620,2026-09-29 18:36,success
PAY0011001,011065,UPI,200,2026-09-28 09:19,success
PAY0011002,KH/26-27/011066,cash,850,2026-10-01 18:18,success
PAY0011003,011067,UPI,1420,2026-09-30 14:48,success
PAY0011004,011068,UPI,1200,2026-10-01 17:29,success
PAY0011005,011069,UPI,2999,2026-10-02 13:10,success
PAY0011006,011070,UPI,2999,2026-09-28 08:17,success
PAY0011007,011071,UPI,650,2026-09-30 15:19,success
PAY0011008,INV-11072,cash,550,2026-09-30 14:31,success
PAY0011009,INV-11073,cash,820,2026-09-28 11:55,success
PAY0011010,011074,card,900,2026-10-02 12:50,success
PAY0011011,011075,card,2999,2026-09-27 12:35,success
PAY0011012,011076,UPI,1550,2026-09-29 18:05,success
PAY0011013,INV-11078,cash,720,2026-09-28 16:16,success
PAY0011014,011079,UPI,2999,2026-10-01 19:22,success
PAY0011015,INV-11080,cash,650,2026-09-28 08:05,success
PAY0011016,011081,UPI,600,2026-09-27 10:43,success
PAY0011017,INV-11082,cash,900,2026-10-01 15:08,success
PAY0011018,011083,UPI,120,2026-09-29 13:06,success
PAY0011019,INV-11084,cash,850,2026-10-01 12:49,success
PAY0011020,INV-11085,cash,2300,2026-09-26 20:26,success
PAY0011021,011086,UPI,2999,2026-09-26 15:17,success
PAY0011022,011087,UPI,3499,2026-09-26 09:07,success
PAY0011023,011088,UPI,150,2026-09-26 10:17,success
PAY0011024,INV-11089,cash,1400,2026-09-30 10:10,success
PAY0011025,011090,UPI,450,2026-09-30 15:51,success
PAY0011026,011091,card,2800,2026-09-27 21:28,success
PAY0011027,011092,UPI,1000,2026-09-26 18:31,success
PAY0011028,INV-11093,cash,1650,2026-09-30 12:19,success
PAY0011029,011094,UPI,200,2026-09-30 09:20,success
PAY0011030,011096,UPI,150,2026-09-28 19:16,success
PAY0011031,INV-11097,cash,1600,2026-10-01 11:08,success
PAY0011032,011098,UPI,1150,2026-10-01 19:06,success
PAY0011033,011099,UPI,1900,2026-09-27 15:17,success
PAY0011034,011100,UPI,1620,2026-09-30 13:24,success
PAY0011035,011101,UPI,1020,2026-09-29 10:20,success
PAY0011036,INV-11102,cash,2999,2026-10-02 13:06,success
PAY0011037,011103,UPI,700,2026-09-29 17:49,success
PAY0011038,INV-11104,cash,2500,2026-09-30 12:15,success
PAY0011039,011105,card,600,2026-10-03 18:43,success
PAY0011040,011107,card,2100,2026-09-30 08:54,success
PAY0011041,011108,UPI,1499,2026-09-28 10:13,success
PAY0011042,INV-11109,cash,450,2026-09-30 17:02,success
PAY0011043,011110,UPI,1050,2026-10-01 11:08,success
PAY0011044,011111,UPI,600,2026-09-29 13:19,success
PAY0011045,011112,card,700,2026-09-30 10:53,success
PAY0011046,011113,card,500,2026-10-02 15:31,success
PAY0011047,KH/26-27/011114,cash,2550,2026-10-03 17:49,success
PAY0011048,011115,UPI,1499,2026-09-30 20:24,success
PAY0011049,011116,card,1350,2026-10-03 15:44,success
PAY0011050,011117,UPI,2550,2026-10-03 09:57,success
PAY0011051,KH/26-27/011118,cash,150,2026-09-30 09:36,success
PAY0011052,INV-11119,cash,2370,2026-09-30 17:51,success
PAY0011053,011120,card,1550,2026-09-29 19:50,success
PAY0011054,INV-11121,cash,470,2026-10-02 19:10,success
PAY0011055,011122,UPI,2100,2026-10-02 17:32,success
PAY0011056,011123,UPI,1550,2026-09-27 17:37,success
PAY0011057,011124,UPI,1020,2026-10-02 14:08,success
PAY0011058,INV-11125,cash,1499,2026-10-01 16:09,success
PAY0011059,INV-11126,cash,620,2026-10-03 17:18,success
PAY0011060,011127,UPI,2999,2026-09-30 12:47,success
PAY0011061,011128,UPI,150,2026-09-30 18:08,success
PAY0011062,011129,UPI,1320,2026-09-30 14:46,success
PAY0011063,011130,UPI,270,2026-10-01 18:33,success
PAY0011064,INV-11131,cash,1250,2026-10-02 11:15,success
PAY0011065,INV-11132,cash,3099,2026-10-02 11:40,success
PAY0011066,011133,card,950,2026-09-29 19:14,success
PAY0011067,011134,UPI,1100,2026-09-29 21:56,success
PAY0011068,011135,UPI,1650,2026-10-01 09:09,success
PAY0011069,011136,UPI,2999,2026-09-28 20:54,success
PAY0011070,011137,UPI,700,2026-10-01 14:57,success
PAY0011071,011138,UPI,450,2026-09-30 20:59,success
PAY0011072,011139,UPI,850,2026-09-29 18:28,success
PAY0011073,011140,UPI,650,2026-10-03 10:49,success
PAY0011074,011141,card,1850,2026-10-03 10:14,success
PAY0011075,011143,UPI,1499,2026-09-28 16:05,success
PAY0011076,INV-11144,cash,3499,2026-10-04 09:14,success
PAY0011077,INV-11145,cash,2250,2026-09-28 09:30,success
PAY0011078,011146,UPI,120,2026-09-30 13:02,success
PAY0011079,011147,card,600,2026-09-29 11:01,success
PAY0011080,INV-11148,cash,850,2026-10-04 21:19,success
PAY0011081,011149,card,200,2026-10-01 15:38,success
PAY0011082,011150,card,670,2026-10-01 12:15,success
PAY0011083,011151,UPI,2370,2026-10-04 13:47,success
PAY0011084,011152,UPI,1400,2026-09-28 11:58,success
PAY0011085,011153,UPI,1320,2026-09-29 21:01,success
PAY0011086,011154,card,450,2026-09-29 19:33,success
PAY0011087,011155,UPI,200,2026-09-29 15:15,success
PAY0011088,011156,card,1400,2026-09-29 11:25,success
PAY0011089,INV-11157,cash,1620,2026-10-03 12:42,success
PAY0011090,011158,UPI,2250,2026-10-02 21:44,success
PAY0011091,011159,UPI,1800,2026-10-02 11:08,success
PAY0011092,011160,UPI,3499,2026-09-29 12:53,success
PAY0011093,011161,card,2100,2026-10-03 16:25,success
PAY0011094,011162,card,1350,2026-10-04 11:41,success
PAY0011095,INV-11163,cash,2400,2026-10-02 14:41,success
PAY0011096,011164,UPI,900,2026-10-02 21:13,success
PAY0011097,011165,UPI,1200,2026-10-03 09:47,success
PAY0011098,011166,UPI,2999,2026-10-01 16:51,success
PAY0011099,011166,UPI,2999,2026-10-01 16:53,success
PAY0011100,INV-11167,cash,950,2026-10-02 11:50,success
PAY0011101,011168,UPI,550,2026-09-28 09:00,success
PAY0011102,011169,UPI,1350,2026-09-28 16:29,success
PAY0011103,011170,UPI,200,2026-10-03 10:25,success
PAY0011104,011171,UPI,1870,2026-10-03 10:55,success
PAY0011105,INV-11172,cash,750,2026-09-29 16:31,success
PAY0011106,INV-11173,cash,1499,2026-09-30 17:46,success
PAY0011107,INV-11174,cash,1820,2026-09-28 10:54,success
PAY0011108,011175,card,470,2026-10-04 09:14,success
PAY0011109,INV-11176,cash,3099,2026-09-28 21:46,success
PAY0011110,011177,UPI,150,2026-10-04 11:57,success
PAY0011111,011178,UPI,2999,2026-10-02 11:45,success
PAY0011112,011179,card,600,2026-09-29 15:49,success
PAY0011113,011180,UPI,2650,2026-10-01 19:51,success
PAY0011114,011181,UPI,1070,2026-09-28 21:10,success
PAY0011115,011182,UPI,970,2026-10-03 11:07,success
PAY0011116,011183,card,1200,2026-09-29 19:38,success
PAY0011117,011184,UPI,1599,2026-09-30 20:27,success
PAY0011118,011185,card,2999,2026-10-01 21:00,success
PAY0011119,INV-11186,cash,1499,2026-10-01 20:13,success
PAY0011120,011187,UPI,500,2026-09-29 12:57,success
PAY0011121,011188,UPI,1599,2026-09-29 20:46,success
PAY0011122,011188,UPI,1599,2026-09-29 20:48,success
PAY0011123,011189,UPI,850,2026-09-29 09:10,success
PAY0011124,011189,UPI,850,2026-09-29 09:12,success
PAY0011125,011190,card,3099,2026-10-04 10:50,success
PAY0011126,011192,card,900,2026-09-28 10:57,success
PAY0011127,KH/26-27/011193,cash,1050,2026-09-29 09:45,success
PAY0011128,011194,card,2999,2026-10-01 17:32,success
PAY0011129,011195,UPI,3499,2026-10-04 19:23,success
PAY0011130,011196,UPI,270,2026-10-04 09:53,success
PAY0011131,011197,card,2999,2026-10-01 20:53,success
PAY0011132,011198,UPI,1400,2026-10-02 21:16,success
PAY0011133,011199,UPI,1499,2026-09-28 12:15,success
PAY0011134,INV-11200,cash,3099,2026-10-01 15:20,success
PAY0011135,011201,UPI,700,2026-09-29 10:19,success
PAY0011136,011202,UPI,350,2026-10-04 10:29,success
PAY0011137,011203,card,2999,2026-10-04 14:01,success
PAY0011138,INV-11204,cash,650,2026-09-30 10:42,success
PAY0011139,KH/26-27/011205,cash,2999,2026-10-01 13:14,success
PAY0011140,011206,card,2250,2026-10-02 20:13,success
PAY0011141,011207,UPI,350,2026-10-03 09:31,success
PAY0011142,011208,UPI,1499,2026-10-03 14:07,success
PAY0011143,011209,UPI,2700,2026-10-03 08:37,success
PAY0011144,011210,card,500,2026-10-05 17:21,success
PAY0011145,011211,card,650,2026-09-30 12:02,success
PAY0011146,011212,UPI,3499,2026-09-29 19:20,success
PAY0011147,011213,UPI,350,2026-10-03 14:35,success
PAY0011148,011214,UPI,1499,2026-09-29 12:14,success
PAY0011149,011215,UPI,900,2026-10-01 20:22,success
PAY0011150,011216,UPI,1499,2026-09-29 14:53,success
PAY0011151,011217,UPI,2999,2026-10-04 18:07,success
PAY0011152,011218,UPI,1070,2026-10-04 20:33,success
PAY0011153,KH/26-27/011220,cash,1499,2026-09-29 13:35,success
PAY0011154,011221,UPI,1700,2026-09-29 08:39,success
PAY0011155,011222,card,1499,2026-10-04 13:08,success
PAY0011156,011223,UPI,2999,2026-10-04 13:46,success
PAY0011157,011224,UPI,2999,2026-10-02 09:37,success
PAY0011158,011225,UPI,2999,2026-10-01 09:16,success
PAY0011159,011226,UPI,1450,2026-10-02 19:24,success
PAY0011160,011227,UPI,1400,2026-10-03 20:18,success
PAY0011161,011228,card,3499,2026-09-29 13:38,success
PAY0011162,011229,card,1350,2026-10-05 16:10,success
PAY0011163,INV-11230,cash,1499,2026-09-30 19:45,success
PAY0011164,INV-11231,cash,320,2026-09-30 11:46,success
PAY0011165,INV-11232,cash,1200,2026-10-02 17:00,success
PAY0011166,INV-11233,cash,1200,2026-10-05 12:52,success
PAY0011167,011234,UPI,2999,2026-09-29 18:45,success
PAY0011168,011235,UPI,950,2026-10-03 12:08,success
PAY0011169,011236,card,2120,2026-10-02 16:15,success
PAY0011170,011237,UPI,800,2026-10-02 17:11,success
PAY0011171,INV-11238,cash,150,2026-10-04 11:41,success
PAY0011172,INV-11239,cash,1020,2026-09-30 15:31,success
PAY0011173,011240,UPI,1499,2026-09-29 18:52,success
PAY0011174,011241,UPI,2900,2026-10-03 20:12,success
PAY0011175,011242,card,450,2026-10-03 19:49,success
PAY0011176,011243,UPI,2999,2026-09-30 14:53,success
PAY0011177,011244,UPI,600,2026-09-30 15:25,success
PAY0011178,011245,UPI,1450,2026-09-29 12:40,success
PAY0011179,011246,UPI,500,2026-10-01 12:00,success
PAY0011180,INV-11247,cash,2600,2026-10-01 10:40,success
PAY0011181,011248,card,1520,2026-09-29 11:32,success
PAY0011182,011249,UPI,2999,2026-10-03 12:32,success
PAY0011183,011250,UPI,1499,2026-10-03 10:13,success
PAY0011184,011251,card,350,2026-09-29 13:23,success
PAY0011185,011252,UPI,1820,2026-10-03 12:34,success
PAY0011186,011253,UPI,550,2026-10-01 08:04,success
PAY0011187,011254,card,2050,2026-10-02 19:13,success
PAY0011188,011255,UPI,2999,2026-10-05 09:06,success
PAY0011189,011256,card,2050,2026-10-03 18:26,success
PAY0011190,INV-11257,cash,220,2026-09-29 10:05,success
PAY0011191,011259,UPI,450,2026-10-04 11:48,success
PAY0011192,011260,UPI,700,2026-10-05 19:34,success
PAY0011193,011261,UPI,450,2026-10-04 20:14,success
PAY0011194,011262,card,120,2026-10-05 15:34,success
PAY0011195,INV-11263,cash,950,2026-10-03 09:21,success
PAY0011196,011264,UPI,450,2026-10-01 21:41,success
PAY0011197,INV-11265,cash,3200,2026-10-04 16:12,success
PAY0011198,011266,card,550,2026-09-30 17:14,success
PAY0011199,011267,UPI,1499,2026-10-02 17:35,success
PAY0011200,011268,UPI,350,2026-09-30 08:44,success
PAY0011201,011269,card,3499,2026-10-02 10:55,success
PAY0011202,011270,UPI,1550,2026-10-01 16:15,success
PAY0011203,INV-11271,cash,1499,2026-10-05 19:38,success
PAY0011204,011272,card,770,2026-10-05 08:04,success
PAY0011205,011273,UPI,550,2026-10-04 16:38,success
PAY0011206,011274,UPI,1670,2026-09-29 16:50,success
PAY0011207,011275,UPI,1850,2026-10-03 08:33,success
PAY0011208,INV-11276,cash,1450,2026-10-05 12:04,success
PAY0011209,011277,UPI,750,2026-09-29 13:49,success
PAY0011210,011278,UPI,650,2026-10-05 08:41,success
PAY0011211,011279,UPI,500,2026-10-05 12:19,success
PAY0011212,011280,UPI,1499,2026-10-01 13:07,success
PAY0011213,011282,UPI,150,2026-09-30 08:55,success
PAY0011214,INV-11283,cash,2150,2026-10-06 11:58,success
PAY0011215,011284,UPI,1500,2026-10-03 18:55,success
PAY0011216,011285,UPI,1499,2026-10-02 21:52,success
PAY0011217,011286,UPI,3099,2026-10-03 09:08,success
PAY0011218,011287,UPI,2999,2026-10-02 16:01,success
PAY0011219,011288,card,1499,2026-10-03 21:08,success
PAY0011220,011289,card,2999,2026-10-01 08:52,success
PAY0011221,011290,card,650,2026-10-06 18:08,success
PAY0011222,011291,card,2999,2026-10-03 10:18,success
PAY0011223,011292,UPI,1599,2026-10-01 20:11,success
PAY0011224,011293,UPI,1300,2026-10-05 08:57,success
PAY0011225,011294,UPI,600,2026-10-01 11:57,success
PAY0011226,011295,UPI,650,2026-10-01 14:02,success
PAY0011227,011296,card,1550,2026-10-01 14:25,success
PAY0011228,011297,UPI,2600,2026-09-30 09:41,success
PAY0011229,011298,UPI,350,2026-09-30 16:29,success
PAY0011230,011300,UPI,2999,2026-10-02 21:58,success
PAY0011231,011301,card,350,2026-10-05 10:21,success
PAY0011232,INV-11302,cash,2300,2026-10-02 16:31,success
PAY0011233,011303,UPI,1499,2026-10-01 15:49,success
PAY0011234,011304,UPI,1050,2026-10-01 11:03,success
PAY0011235,011305,card,1200,2026-10-03 08:10,success
PAY0011236,011305,card,-1200,2026-10-03 08:10,refund
PAY0011237,011306,UPI,1350,2026-09-30 09:04,success
PAY0011238,011307,UPI,1500,2026-10-05 18:54,success
PAY0011239,011308,card,2999,2026-10-05 20:44,success
PAY0011240,011309,UPI,120,2026-10-01 20:16,success
PAY0011241,011310,card,1150,2026-10-02 10:28,success
PAY0011242,011311,card,500,2026-10-02 11:11,success
PAY0011243,011312,UPI,900,2026-09-30 13:54,success
PAY0011244,011313,UPI,3099,2026-10-06 21:21,success
PAY0011245,011314,card,3599,2026-10-01 16:31,success
PAY0011246,011315,UPI,150,2026-10-02 18:09,success
PAY0011247,011316,UPI,670,2026-10-01 10:42,success
PAY0011248,011317,card,1550,2026-10-05 10:47,success
PAY0011249,011318,card,1200,2026-10-04 09:09,success
PAY0011250,011319,UPI,2999,2026-10-03 14:02,success
PAY0011251,011320,UPI,1250,2026-10-04 13:23,success
PAY0011252,011321,UPI,1020,2026-10-01 11:59,success
PAY0011253,011322,UPI,1499,2026-10-01 08:27,success
PAY0011254,011323,card,120,2026-10-01 19:00,success
PAY0011255,011324,UPI,3499,2026-09-30 12:08,success
PAY0011256,011325,UPI,1400,2026-09-30 12:09,success
PAY0011257,011326,UPI,1170,2026-10-04 20:15,success
PAY0011258,INV-11327,cash,350,2026-09-30 18:45,success
PAY0011259,011328,UPI,1499,2026-10-02 16:35,success
PAY0011260,INV-11329,cash,200,2026-10-04 13:48,success
PAY0011261,011330,UPI,300,2026-10-04 15:23,success
PAY0011262,011330,UPI,-300,2026-10-04 15:23,refund
PAY0011263,INV-11331,cash,1499,2026-10-01 17:23,success
PAY0011264,011332,card,2100,2026-10-06 18:02,success
PAY0011265,011333,UPI,2999,2026-10-02 20:47,success
PAY0011266,INV-11334,cash,1470,2026-10-01 20:28,success
PAY0011267,011335,UPI,1499,2026-10-04 16:07,success
PAY0011268,011336,card,2100,2026-09-30 11:30,success
PAY0011269,011336,card,-2100,2026-09-30 11:30,refund
PAY0011270,INV-11337,cash,1170,2026-10-06 19:33,success
PAY0011271,011338,UPI,2999,2026-09-30 15:30,success
PAY0011272,011339,UPI,800,2026-10-04 14:44,success
PAY0011273,INV-11340,cash,800,2026-10-01 18:31,success
PAY0011274,011341,UPI,2999,2026-10-04 18:22,success
PAY0011275,011342,card,1100,2026-10-03 21:50,success
PAY0011276,011343,UPI,350,2026-10-01 15:20,success
PAY0011277,011344,UPI,1600,2026-09-30 12:06,success
PAY0011278,011345,card,3499,2026-10-03 09:43,success
PAY0011279,011346,UPI,1200,2026-10-06 17:23,success
PAY0011280,011347,card,2999,2026-10-01 15:50,success
PAY0011281,011348,UPI,2150,2026-10-06 21:19,success
PAY0011282,INV-11349,cash,700,2026-10-01 14:05,success
PAY0011283,011350,UPI,1970,2026-10-01 10:05,success
PAY0011284,011351,UPI,1670,2026-10-04 12:52,success
PAY0011285,011352,card,2350,2026-10-04 18:40,success
PAY0011286,011353,UPI,350,2026-10-05 10:07,success
PAY0011287,011354,UPI,200,2026-10-06 20:45,success
PAY0011288,011355,UPI,750,2026-10-06 10:42,success
PAY0011289,INV-11356,cash,1000,2026-09-30 18:54,success
