claim_id,booking_id,service_date,metro,payer_type,payer_id,billed_amount,line_items,employer_account,denial_category
KH-CLM-000001,KB0000001,2026-04-01,Dallas,Medicaid,MEDICAID-TX,85,3,,
KH-CLM-000002,KB0000002,2026-04-01,Dallas,commercial,COM-C,299,1,,
KH-CLM-000003,KB0000003,2026-04-01,Dallas,commercial,COM-C,$265.00,4,,
KH-CLM-000004,KB0000004,2026-04-01,Dallas,commercial,COM-A,155,2,,
KH-CLM-000005,KB0000005,2026-04-01,Dallas,Medicare,MEDICARE,75,1,,
KH-CLM-000006,KB0000006,2026-04-01,Dallas,Medicare,MEDICARE,175,5,,
KH-CLM-000007,KB0000007,2026-04-01,Dallas,commercial,COM-B,70,1,,
KH-CLM-000008,KB0000008,2026-04-01,Dallas,commercial,COM-A,210,4,,
KH-CLM-000009,KB0000009,2026-04-01,Dallas,commercial,COM-B,30,1,,
KH-CLM-000010,KB0000010,2026-04-01,Dallas,commercial,COM-A,85,1,,
KH-CLM-000011,KB0000011,2026-04-01,Dallas,self-pay,SELF,149,1,,
KH-CLM-000012,KB0000012,2026-04-01,Dallas,Medicaid,MEDICAID-TX,105,2,,
KH-CLM-000013,KB0000013,2026-04-01,Dallas,self-pay,SELF,210,4,,
KH-CLM-000014,KB0000014,2026-04-01,Dallas,commercial,COM-B,100,2,,
KH-CLM-000015,KB0000015,2026-04-01,Dallas,commercial,COM-B,150,3,,
KH-CLM-000016,KB0000016,2026-04-01,Dallas,commercial,COM-B,120,2,,
KH-CLM-000017,KB0000017,2026-04-01,Dallas,Medicaid,MEDICAID-TX,165,2,,timely filing
KH-CLM-000018,KB0000018,2026-04-01,Dallas,Medicare,MEDICARE,30,1,,
KH-CLM-000019,KB0000019,2026-04-01,Phoenix,commercial,COM-C,100,2,,
KH-CLM-000020,KB0000020,2026-04-01,Phoenix,commercial,COM-C,265,4,,medical necessity
KH-CLM-000021,KB0000021,2026-04-01,Phoenix,Medicaid,MEDICAID-AZ,50,2,,eligibility or coverage
KH-CLM-000022,KB0000022,2026-04-01,Phoenix,commercial,COM-C,140,3,,
KH-CLM-000023,KB0000023,2026-04-01,Phoenix,commercial,COM-A,235,3,,
KH-CLM-000024,KB0000024,2026-04-01,Phoenix,commercial,COM-A,155,2,,
KH-CLM-000025,KB0000025,2026-04-01,Phoenix,commercial,COM-B,75,1,,missing or invalid information
KH-CLM-000026,KB0000026,2026-04-01,Phoenix,commercial,COM-B,160,3,,
KH-CLM-000027,KB0000027,2026-04-01,Phoenix,self-pay,SELF,149,1,,
KH-CLM-000028,KB0000028,2026-04-01,Phoenix,Medicaid,MEDICAID-AZ,349,1,,
KH-CLM-000029,KB0000029,2026-04-01,Phoenix,Medicare,MEDICARE,299,1,,
KH-CLM-000030,KB0000030,2026-04-01,Phoenix,Medicare,MEDICARE,140,2,,
KH-CLM-000031,KB0000031,2026-04-01,Phoenix,commercial,COM-A,90,2,,
KH-CLM-000032,KB0000032,2026-04-01,Phoenix,commercial,COM-A,350,4,,missing or invalid information
KH-CLM-000033,KB0000033,2026-04-01,New York,commercial,COM-A,180,3,,
KH-CLM-000034,KB0000034,2026-04-01,New York,Medicare,MEDICARE,100,2,,
KH-CLM-000035,KB0000035,2026-04-01,New York,Medicaid,MEDICAID-NY,319,2,,
KH-CLM-000036,KB0000036,2026-04-01,New York,commercial,COM-B,125,2,,
KH-CLM-000037,KB0000037,2026-04-01,New York,self-pay,SELF,349,1,,
KH-CLM-000038,KB0000038,2026-04-01,New York,commercial,COM-B,70,2,,
KH-CLM-000039,KB0000039,2026-04-01,New York,commercial,COM-B,149,1,,
KH-CLM-000040,KB0000040,2026-04-01,New York,Medicaid,MEDICAID-NY,145,3,,
KH-CLM-000041,KB0000041,2026-04-01,Chicago,commercial,COM-A,240,3,,
KH-CLM-000042,KB0000042,2026-04-01,Chicago,Medicare,MEDICARE,120,2,,
KH-CLM-000043,KB0000043,2026-04-01,Chicago,Medicaid,MEDICAID-IL,60,2,,duplicate claim
KH-CLM-000044,KB0000044,2026-04-01,Chicago,self-pay,SELF,25,1,,
KH-CLM-000045,KB0000045,2026-04-01,Chicago,commercial,COM-A,280,4,,missing or invalid information
KH-CLM-000046,KB0000046,2026-04-01,Chicago,Medicaid,MEDICAID-IL,55,2,,missing or invalid information
KH-CLM-000047,KB0000047,2026-04-01,Chicago,Medicaid,MEDICAID-IL,145,3,,
KH-CLM-000048,KB0000048,2026-04-01,Chicago,commercial,COM-C,130,2,,
KH-CLM-000049,KB0000049,2026-04-01,Chicago,commercial,COM-A,299,1,,
KH-CLM-000050,KB0000050,2026-04-01,Chicago,commercial,COM-B,120,3,,
KH-CLM-000051,KB0000051,2026-04-01,Chicago,commercial,COM-B,149,1,,
KH-CLM-000052,KB0000052,2026-04-01,Atlanta,commercial,COM-C,30,1,,
KH-CLM-000053,KB0000053,2026-04-01,Atlanta,Medicaid,MEDICAID-GA,319,2,,eligibility or coverage
KH-CLM-000054,KB0000054,2026-04-01,Atlanta,Medicare,MEDICARE,45,1,,
KH-CLM-000055,KB0000055,2026-04-01,Atlanta,commercial,COM-B,135,2,,
KH-CLM-000056,KB0000056,2026-04-01,Atlanta,Medicare,MEDICARE,150,3,,
KH-CLM-000057,KB0000057,2026-04-01,Philadelphia,self-pay,SELF,299,1,,
KH-CLM-000058,KB0000058,2026-04-01,Philadelphia,commercial,COM-B,70,1,,
KH-CLM-000059,KB0000059,2026-04-01,Philadelphia,Medicare,MEDICARE,80,3,,
KH-CLM-000060,KB0000060,2026-04-01,Philadelphia,commercial,COM-C,85,2,,
KH-CLM-000061,KB0000061,2026-04-01,Philadelphia,Medicare,MEDICARE,65,1,,
KH-CLM-000062,KB0000062,2026-04-01,Philadelphia,Medicaid,MEDICAID-PA,90,2,,missing or invalid information
KH-CLM-000063,KB0000063,2026-04-01,Philadelphia,Medicaid,MEDICAID-PA,85,1,,
KH-CLM-000064,KB0000064,2026-04-01,Philadelphia,commercial,COM-B,25,1,,
KH-CLM-000065,KB0000065,2026-04-01,Philadelphia,Medicaid,MEDICAID-PA,170,3,,
KH-CLM-000066,KB0000066,2026-04-01,Philadelphia,Medicare,MEDICARE,149,1,,
KH-CLM-000067,KB0000067,2026-04-02,Dallas,Medicaid,MEDICAID-TX,75,2,,
KH-CLM-000068,KB0000069,2026-04-02,Dallas,commercial,COM-A,299,1,,
KH-CLM-000069,KB0000070,2026-04-02,Dallas,commercial,COM-C,95,1,,
KH-CLM-000070,KB0000071,2026-04-02,Dallas,commercial,COM-B,165,3,,
KH-CLM-000071,KB0000072,2026-04-02,Dallas,Medicare,MEDICARE,155,3,,
KH-CLM-000072,KB0000073,2026-04-02,Dallas,Medicaid,MEDICAID-TX,165,3,,
KH-CLM-000073,KB0000074,2026-04-02,Dallas,commercial,COM-A,85,2,,
KH-CLM-000074,KB0000075,2026-04-02,Dallas,Medicare,MEDICARE,185,3,,
KH-CLM-000075,KB0000076,2026-04-02,Dallas,self-pay,SELF,185,3,,
KH-CLM-000076,KB0000077,2026-04-02,Dallas,Medicare,MEDICARE,349,1,,
KH-CLM-000077,KB0000078,2026-04-02,Dallas,commercial,COM-A,125,2,,
KH-CLM-000078,KB0000079,2026-04-02,Dallas,commercial,COM-B,300,4,,
KH-CLM-000079,KB0000080,2026-04-02,Dallas,commercial,COM-B,45,1,,
KH-CLM-000080,KB0000081,2026-04-02,Dallas,self-pay,SELF,235,3,,
KH-CLM-000081,KB0000082,2026-04-02,Dallas,commercial,COM-A,145,2,,
KH-CLM-000082,KB0000083,2026-04-02,Dallas,commercial,COM-C,90,2,,
KH-CLM-000083,KB0000084,2026-04-02,Dallas,self-pay,SELF,285,4,,
KH-CLM-000084,KB0000085,2026-04-02,Phoenix,commercial,COM-B,65,1,,
KH-CLM-000085,KB0000086,2026-04-02,Phoenix,commercial,COM-A,170,2,,
KH-CLM-000086,KB0000087,2026-04-02,Phoenix,self-pay,SELF,75,1,,
KH-CLM-000087,KB0000089,2026-04-02,Phoenix,commercial,COM-B,245,2,,
KH-CLM-000088,KB0000090,2026-04-02,Phoenix,commercial,COM-A,100,3,,missing or invalid information
KH-CLM-000089,KB0000092,2026-04-02,Phoenix,commercial,COM-B,149,1,,
KH-CLM-000090,KB0000093,2026-04-02,Phoenix,Medicaid,MEDICAID-AZ,75,1,,
KH-CLM-000091,KB0000094,2026-04-02,Phoenix,Medicare,MEDICARE,100,2,,
KH-CLM-000092,KB0000095,2026-04-02,Phoenix,commercial,COM-A,110,2,,
KH-CLM-000093,KB0000096,2026-04-02,Phoenix,self-pay,SELF,65,1,,
KH-CLM-000094,KB0000097,2026-04-02,Phoenix,Medicaid,MEDICAID-AZ,299,1,,prior authorization
KH-CLM-000095,KB0000098,2026-04-02,Phoenix,commercial,COM-B,299,1,,
KH-CLM-000096,KB0000099,2026-04-02,Phoenix,commercial,COM-A,215,4,,
KH-CLM-000097,KB0000100,2026-04-02,New York,commercial,COM-C,220,4,,
KH-CLM-000098,KB0000101,2026-04-02,New York,Medicaid,MEDICAID-NY,299,1,,
KH-CLM-000099,KB0000102,2026-04-02,New York,commercial,COM-C,85,1,,
KH-CLM-000100,KB0000103,2026-04-02,New York,Medicare,MEDICARE,115,2,,
KH-CLM-000101,KB0000104,2026-04-02,New York,commercial,COM-C,225,2,,
KH-CLM-000102,KB0000105,2026-04-02,New York,commercial,COM-C,110,2,,
KH-CLM-000103,KB0000106,2026-04-02,New York,Medicare,MEDICARE,149,1,,
KH-CLM-000104,KB0000107,2026-04-02,New York,commercial,COM-B,299,1,,
KH-CLM-000105,KB0000108,2026-04-02,New York,Medicaid,MEDICAID-NY,95,2,,
KH-CLM-000106,KB0000109,2026-04-02,New York,self-pay,SELF,70,1,,
KH-CLM-000107,KB0000110,2026-04-02,New York,commercial,COM-C,299,1,,
KH-CLM-000108,KB0000111,2026-04-02,New York,self-pay,SELF,195,2,,
KH-CLM-000109,KB0000112,2026-04-02,New York,Medicare,MEDICARE,125,3,,
KH-CLM-000110,KB0000113,2026-04-02,New York,commercial,COM-C,125,2,,
KH-CLM-000111,KB0000114,2026-04-02,Chicago,Medicare,MEDICARE,95,2,,
KH-CLM-000112,KB0000115,2026-04-02,Chicago,Medicare,MEDICARE,240,4,,
KH-CLM-000113,KB0000116,2026-04-02,Chicago,Medicare,MEDICARE,95,1,,
KH-CLM-000114,KB0000117,2026-04-02,Chicago,commercial,COM-A,60,1,,eligibility or coverage
KH-CLM-000115,KB0000118,2026-04-02,Chicago,commercial,COM-C,319,2,,
KH-CLM-000116,KB0000119,2026-04-02,Chicago,commercial,COM-C,45,2,,
KH-CLM-000117,KB0000121,2026-04-02,Atlanta,commercial,COM-B,319,2,,
KH-CLM-000118,KB0000122,2026-04-02,Atlanta,commercial,COM-B,330,4,,
KH-CLM-000119,KB0000123,2026-04-02,Atlanta,commercial,COM-A,349,1,,
KH-CLM-000120,KB0000124,2026-04-02,Atlanta,commercial,COM-A,299,1,,
KH-CLM-000121,KB0000125,2026-04-02,Atlanta,commercial,COM-A,140,2,,
KH-CLM-000122,KB0000126,2026-04-02,Atlanta,Medicare,MEDICARE,130,2,,
KH-CLM-000123,KB0000127,2026-04-02,Atlanta,commercial,COM-A,70,1,,
KH-CLM-000124,KB0000128,2026-04-02,Atlanta,self-pay,SELF,299,1,,
KH-CLM-000125,KB0000129,2026-04-02,Atlanta,Medicare,MEDICARE,55,1,,
KH-CLM-000126,KB0000130,2026-04-02,Atlanta,Medicare,MEDICARE,149,1,,
KH-CLM-000127,KB0000131,2026-04-02,Atlanta,Medicaid,MEDICAID-GA,299,1,,
KH-CLM-000128,KB0000132,2026-04-02,Atlanta,commercial,COM-B,95,1,,
KH-CLM-000129,KB0000133,2026-04-02,Atlanta,commercial,COM-A,115,2,,missing or invalid information
KH-CLM-000130,KB0000134,2026-04-02,Philadelphia,commercial,COM-C,180,4,,
KH-CLM-000131,KB0000135,2026-04-02,Philadelphia,commercial,COM-C,70,2,,
KH-CLM-000132,KB0000136,2026-04-02,Philadelphia,commercial,COM-C,195,2,,
KH-CLM-000133,KB0000137,2026-04-02,Philadelphia,commercial,COM-A,205,4,,
KH-CLM-000134,KB0000138,2026-04-02,Philadelphia,commercial,COM-A,299,1,,
KH-CLM-000135,KB0000139,2026-04-02,Philadelphia,commercial,COM-B,105,2,,
KH-CLM-000136,KB0000140,2026-04-02,Philadelphia,Medicare,MEDICARE,30,1,,
KH-CLM-000137,KB0000141,2026-04-02,Philadelphia,commercial,COM-C,50,2,,
KH-CLM-000138,KB0000142,2026-04-02,Philadelphia,Medicaid,MEDICAID-PA,255,3,,
KH-CLM-000139,KB0000143,2026-04-02,Philadelphia,Medicaid,MEDICAID-PA,299,1,,medical necessity
KH-CLM-000140,KB0000144,2026-04-02,Philadelphia,commercial,COM-A,55,2,,
KH-CLM-000141,KB0000145,2026-04-03,Dallas,commercial,COM-A,205,3,,
KH-CLM-000142,KB0000146,2026-04-03,Dallas,Medicare,MEDICARE,215,5,,
KH-CLM-000143,KB0000147,2026-04-03,Dallas,Medicaid,MEDICAID-TX,75,1,,
KH-CLM-000144,KB0000148,2026-04-03,Dallas,Medicaid,MEDICAID-TX,115,2,,
KH-CLM-000145,KB0000149,2026-04-03,Dallas,Medicare,MEDICARE,145,2,,
KH-CLM-000146,KB0000150,2026-04-03,Dallas,commercial,COM-A,95,1,,
KH-CLM-000147,KB0000151,2026-04-03,Dallas,Medicare,MEDICARE,110,2,,
KH-CLM-000148,KB0000152,2026-04-03,Dallas,commercial,COM-B,240,3,,
KH-CLM-000149,KB0000153,2026-04-03,Dallas,Medicare,MEDICARE,180,4,,
KH-CLM-000150,KB0000154,2026-04-03,Dallas,Medicaid,MEDICAID-TX,175,3,,eligibility or coverage
KH-CLM-000151,KB0000155,2026-04-03,Dallas,commercial,COM-B,299,1,,non-covered service
KH-CLM-000152,KB0000156,2026-04-03,Dallas,Medicaid,MEDICAID-TX,149,1,,
KH-CLM-000153,KB0000157,2026-04-03,Dallas,commercial,COM-B,140,2,,
KH-CLM-000154,KB0000158,2026-04-03,Dallas,commercial,COM-A,30,1,,
KH-CLM-000155,KB0000159,2026-04-03,Dallas,Medicaid,MEDICAID-TX,149,1,,
KH-CLM-000156,KB0000160,2026-04-03,Dallas,commercial,COM-B,135,3,,
KH-CLM-000157,KB0000162,2026-04-03,Dallas,commercial,COM-C,60,1,,
KH-CLM-000158,KB0000163,2026-04-03,Dallas,commercial,COM-C,150,1,,
KH-CLM-000159,KB0000164,2026-04-03,Phoenix,Medicare,MEDICARE,200,4,,
KH-CLM-000160,KB0000166,2026-04-03,Phoenix,commercial,COM-C,160,3,,
KH-CLM-000161,KB0000167,2026-04-03,Phoenix,Medicaid,MEDICAID-AZ,180,2,,
KH-CLM-000162,KB0000168,2026-04-03,Phoenix,Medicaid,MEDICAID-AZ,310,4,,
KH-CLM-000163,KB0000169,2026-04-03,Phoenix,commercial,COM-A,299,1,,
KH-CLM-000164,KB0000170,2026-04-03,Phoenix,commercial,COM-B,149,1,,
KH-CLM-000165,KB0000171,2026-04-03,Phoenix,commercial,COM-B,110,2,,
KH-CLM-000166,KB0000172,2026-04-03,Phoenix,Medicaid,MEDICAID-AZ,165,3,,
KH-CLM-000167,KB0000173,2026-04-03,Phoenix,commercial,COM-A,75,2,,
KH-CLM-000168,KB0000174,2026-04-03,Phoenix,commercial,COM-A,75,2,,
KH-CLM-000169,KB0000175,2026-04-03,Phoenix,Medicare,MEDICARE,149,1,,
KH-CLM-000170,KB0000176,2026-04-03,Phoenix,commercial,COM-B,125,2,,
KH-CLM-000171,KB0000177,2026-04-03,Phoenix,commercial,COM-B,299,1,,
KH-CLM-000172,KB0000178,2026-04-03,Phoenix,self-pay,SELF,165,3,,
KH-CLM-000173,KB0000179,2026-04-03,Phoenix,Medicare,MEDICARE,270,4,,
KH-CLM-000174,KB0000180,2026-04-03,New York,Medicare,MEDICARE,299,1,,
KH-CLM-000175,KB0000181,2026-04-03,New York,commercial,COM-C,45,2,,
KH-CLM-000176,KB0000182,2026-04-03,New York,commercial,COM-B,80,2,,
KH-CLM-000177,KB0000183,2026-04-03,New York,commercial,COM-B,190,4,,
KH-CLM-000178,KB0000184,2026-04-03,New York,commercial,COM-B,$170.00,2,,
KH-CLM-000179,KB0000185,2026-04-03,New York,commercial,COM-A,299,1,,
KH-CLM-000180,KB0000186,2026-04-03,New York,commercial,COM-A,90,2,,eligibility or coverage
KH-CLM-000181,KB0000187,2026-04-03,New York,Medicare,MEDICARE,349,1,,
KH-CLM-000182,KB0000189,2026-04-03,New York,commercial,COM-C,165,2,,
KH-CLM-000183,KB0000190,2026-04-03,New York,commercial,COM-A,210,4,,non-covered service
KH-CLM-000184,KB0000191,2026-04-03,New York,Medicare,MEDICARE,299,1,,
KH-CLM-000185,KB0000192,2026-04-03,New York,Medicare,MEDICARE,300,4,,
KH-CLM-000186,KB0000193,2026-04-03,Chicago,commercial,COM-C,299,1,,
KH-CLM-000187,KB0000194,2026-04-03,Chicago,commercial,COM-C,30,1,,
KH-CLM-000188,KB0000195,2026-04-03,Chicago,commercial,COM-A,300,4,,
KH-CLM-000189,KB0000196,2026-04-03,Chicago,commercial,COM-C,225,3,,
KH-CLM-000190,KB0000197,2026-04-03,Chicago,commercial,COM-B,55,1,,
KH-CLM-000191,KB0000198,2026-04-03,Chicago,Medicare,MEDICARE,90,2,,
KH-CLM-000192,KB0000199,2026-04-03,Chicago,Medicare,MEDICARE,75,1,,
KH-CLM-000193,KB0000200,2026-04-03,Chicago,commercial,COM-A,150,1,,
KH-CLM-000194,KB0000201,2026-04-03,Chicago,self-pay,SELF,150,1,,
KH-CLM-000195,KB0000202,2026-04-03,Chicago,Medicaid,MEDICAID-IL,85,1,,
KH-CLM-000196,KB0000203,2026-04-03,Atlanta,commercial,COM-C,85,2,,
KH-CLM-000197,KB0000204,2026-04-03,Atlanta,commercial,COM-B,195,4,,
KH-CLM-000198,KB0000205,2026-04-03,Atlanta,Medicare,MEDICARE,25,1,,
KH-CLM-000199,KB0000206,2026-04-03,Atlanta,commercial,COM-A,165,2,,
KH-CLM-000200,KB0000207,2026-04-03,Atlanta,commercial,COM-A,65,1,,
KH-CLM-000201,KB0000208,2026-04-03,Atlanta,commercial,COM-A,65,1,,
KH-CLM-000202,KB0000209,2026-04-03,Atlanta,Medicare,MEDICARE,105,3,,medical necessity
KH-CLM-000203,KB0000210,2026-04-03,Atlanta,commercial,COM-B,205,3,,
KH-CLM-000204,KB0000211,2026-04-03,Atlanta,Medicaid,MEDICAID-GA,299,1,,
KH-CLM-000205,KB0000212,2026-04-03,Atlanta,self-pay,SELF,100,2,,
KH-CLM-000206,KB0000213,2026-04-03,Philadelphia,commercial,COM-A,75,2,,missing or invalid information
KH-CLM-000207,KB0000214,2026-04-03,Philadelphia,commercial,COM-C,215,4,,
KH-CLM-000208,KB0000215,2026-04-03,Philadelphia,Medicaid,MEDICAID-PA,260,3,,
KH-CLM-000209,KB0000216,2026-04-03,Philadelphia,Medicare,MEDICARE,245,3,,
KH-CLM-000210,KB0000217,2026-04-03,Philadelphia,Medicaid,MEDICAID-PA,$349.00,1,,non-covered service
KH-CLM-000211,KB0000218,2026-04-03,Philadelphia,commercial,COM-A,135,2,,
KH-CLM-000212,KB0000219,2026-04-03,Philadelphia,commercial,COM-B,90,2,,
KH-CLM-000213,KB0000220,2026-04-03,Philadelphia,Medicare,MEDICARE,225,4,,
KH-CLM-000214,KB0000221,2026-04-03,Philadelphia,Medicare,MEDICARE,149,1,,
KH-CLM-000215,KB0000222,2026-04-03,Philadelphia,Medicare,MEDICARE,55,1,,
KH-CLM-000216,KB0000223,2026-04-03,Philadelphia,commercial,COM-B,299,1,,
KH-CLM-000217,KB0000224,2026-04-04,Dallas,Medicare,MEDICARE,160,3,,
KH-CLM-000218,KB0000225,2026-04-04,Dallas,Medicaid,MEDICAID-TX,149,1,,
KH-CLM-000219,KB0000226,2026-04-04,Dallas,commercial,COM-C,125,3,,
KH-CLM-000220,KB0000227,2026-04-04,Dallas,commercial,COM-C,115,2,,timely filing
KH-CLM-000221,KB0000228,2026-04-04,Dallas,commercial,COM-C,319,2,,
KH-CLM-000222,KB0000229,2026-04-04,Dallas,commercial,COM-B,25,1,,eligibility or coverage
KH-CLM-000223,KB0000230,2026-04-04,Dallas,commercial,COM-C,149,1,,
KH-CLM-000224,KB0000231,2026-04-04,Dallas,commercial,COM-C,50,2,,
KH-CLM-000225,KB0000232,2026-04-04,Dallas,Medicaid,MEDICAID-TX,155,2,,
KH-CLM-000226,KB0000233,2026-04-04,Dallas,commercial,COM-C,210,2,,
KH-CLM-000227,KB0000234,2026-04-04,Dallas,Medicaid,MEDICAID-TX,85,1,,
KH-CLM-000228,KB0000235,2026-04-04,Dallas,Medicaid,MEDICAID-TX,85,1,,
KH-CLM-000229,KB0000236,2026-04-04,Phoenix,Medicaid,MEDICAID-AZ,149,1,,
KH-CLM-000230,KB0000237,2026-04-04,Phoenix,commercial,COM-A,149,1,,
KH-CLM-000231,KB0000238,2026-04-04,Phoenix,self-pay,SELF,180,2,,
KH-CLM-000232,KB0000239,2026-04-04,Phoenix,self-pay,SELF,275,5,,
KH-CLM-000233,KB0000240,2026-04-04,Phoenix,Medicare,MEDICARE,70,1,,
KH-CLM-000234,KB0000241,2026-04-04,Phoenix,Medicaid,MEDICAID-AZ,299,1,,
KH-CLM-000235,KB0000242,2026-04-04,Phoenix,commercial,COM-C,115,3,,
KH-CLM-000236,KB0000243,2026-04-04,Phoenix,commercial,COM-A,180,2,,
KH-CLM-000237,KB0000244,2026-04-04,Phoenix,Medicaid,MEDICAID-AZ,349,1,,eligibility or coverage
KH-CLM-000238,KB0000245,2026-04-04,Phoenix,self-pay,SELF,105,3,,
KH-CLM-000239,KB0000246,2026-04-04,New York,Medicare,MEDICARE,205,4,,
KH-CLM-000240,KB0000247,2026-04-04,New York,commercial,COM-B,325,4,,
KH-CLM-000241,KB0000248,2026-04-04,New York,commercial,COM-A,299,1,,
KH-CLM-000242,KB0000249,2026-04-04,New York,Medicare,MEDICARE,95,2,,
KH-CLM-000243,KB0000250,2026-04-04,New York,commercial,COM-A,149,1,,
KH-CLM-000244,KB0000251,2026-04-04,New York,Medicaid,MEDICAID-NY,75,1,,
KH-CLM-000245,KB0000252,2026-04-04,New York,Medicare,MEDICARE,45,1,,
KH-CLM-000246,KB0000254,2026-04-04,New York,Medicaid,MEDICAID-NY,299,1,,
KH-CLM-000247,KB0000255,2026-04-04,New York,Medicare,MEDICARE,70,1,,
KH-CLM-000248,KB0000256,2026-04-04,New York,Medicaid,MEDICAID-NY,135,2,,
KH-CLM-000249,KB0000257,2026-04-04,New York,Medicare,MEDICARE,145,3,,
KH-CLM-000250,KB0000258,2026-04-04,New York,Medicaid,MEDICAID-NY,115,2,,
KH-CLM-000251,KB0000259,2026-04-04,New York,commercial,COM-C,319,2,,eligibility or coverage
KH-CLM-000252,KB0000260,2026-04-04,New York,Medicare,MEDICARE,120,2,,
KH-CLM-000253,KB0000261,2026-04-04,Chicago,commercial,COM-A,215,2,,
KH-CLM-000254,KB0000262,2026-04-04,Chicago,Medicare,MEDICARE,149,1,,
KH-CLM-000255,KB0000263,2026-04-04,Chicago,commercial,COM-C,299,1,,
KH-CLM-000256,KB0000264,2026-04-04,Chicago,Medicare,MEDICARE,149,1,,
KH-CLM-000257,KB0000265,2026-04-04,Chicago,commercial,COM-B,260,3,,
KH-CLM-000258,KB0000266,2026-04-04,Chicago,Medicare,MEDICARE,295,4,,
KH-CLM-000259,KB0000267,2026-04-04,Chicago,commercial,COM-A,60,1,,
KH-CLM-000260,KB0000268,2026-04-04,Chicago,commercial,COM-A,25,1,,
KH-CLM-000261,KB0000269,2026-04-04,Chicago,self-pay,SELF,30,1,,
KH-CLM-000262,KB0000270,2026-04-04,Chicago,Medicare,MEDICARE,85,1,,
KH-CLM-000263,KB0000271,2026-04-04,Chicago,Medicare,MEDICARE,315,3,,
KH-CLM-000264,KB0000272,2026-04-04,Chicago,Medicaid,MEDICAID-IL,145,2,,
KH-CLM-000265,KB0000273,2026-04-04,Chicago,commercial,COM-B,70,1,,
KH-CLM-000266,KB0000274,2026-04-04,Chicago,commercial,COM-B,235,2,,
KH-CLM-000267,KB0000275,2026-04-04,Atlanta,Medicare,MEDICARE,299,1,,
KH-CLM-000268,KB0000276,2026-04-04,Atlanta,Medicare,MEDICARE,265,4,,
KH-CLM-000269,KB0000277,2026-04-04,Atlanta,commercial,COM-A,290,3,,
KH-CLM-000270,KB0000278,2026-04-04,Atlanta,commercial,COM-A,145,4,,
KH-CLM-000271,KB0000279,2026-04-04,Atlanta,Medicaid,MEDICAID-GA,55,2,,eligibility or coverage
KH-CLM-000272,KB0000282,2026-04-04,Atlanta,Medicare,MEDICARE,299,1,,
KH-CLM-000273,KB0000283,2026-04-04,Atlanta,self-pay,SELF,30,1,,
KH-CLM-000274,KB0000284,2026-04-04,Atlanta,Medicaid,MEDICAID-GA,75,2,,
KH-CLM-000275,KB0000285,2026-04-04,Philadelphia,commercial,COM-A,95,2,,
KH-CLM-000276,KB0000286,2026-04-04,Philadelphia,commercial,COM-A,25,1,,
KH-CLM-000277,KB0000287,2026-04-04,Philadelphia,commercial,COM-A,85,1,,
KH-CLM-000278,KB0000288,2026-04-04,Philadelphia,commercial,COM-C,45,1,,
KH-CLM-000279,KB0000289,2026-04-04,Philadelphia,commercial,COM-C,225,2,,
KH-CLM-000280,KB0000290,2026-04-04,Philadelphia,commercial,COM-C,75,1,,eligibility or coverage
KH-CLM-000281,KB0000291,2026-04-04,Philadelphia,self-pay,SELF,45,1,,
KH-CLM-000282,KB0000292,2026-04-04,Philadelphia,commercial,COM-C,299,1,,
KH-CLM-000283,KB0000293,2026-04-04,Philadelphia,commercial,COM-B,75,2,,
KH-CLM-000284,KB0000294,2026-04-04,Philadelphia,Medicare,MEDICARE,260,4,,
KH-CLM-000285,KB0000295,2026-04-04,Philadelphia,Medicaid,MEDICAID-PA,319,2,,non-covered service
KH-CLM-000286,KB0000296,2026-04-05,Dallas,Medicaid,MEDICAID-TX,85,2,,
KH-CLM-000287,KB0000297,2026-04-05,Dallas,commercial,COM-C,349,1,,
KH-CLM-000288,KB0000298,2026-04-05,Dallas,self-pay,SELF,245,2,,
KH-CLM-000289,KB0000299,2026-04-05,Dallas,self-pay,SELF,145,2,,
KH-CLM-000290,KB0000300,2026-04-05,Dallas,commercial,COM-A,180,4,,
KH-CLM-000291,KB0000301,2026-04-05,Dallas,Medicaid,MEDICAID-TX,95,1,,
KH-CLM-000292,KB0000302,2026-04-05,Dallas,Medicare,MEDICARE,175,3,,
KH-CLM-000293,KB0000303,2026-04-05,Dallas,Medicare,MEDICARE,140,2,,
KH-CLM-000294,KB0000304,2026-04-05,Dallas,commercial,COM-A,325,4,,
KH-CLM-000295,KB0000305,2026-04-05,Dallas,commercial,COM-A,299,1,,
KH-CLM-000296,KB0000306,2026-04-05,Dallas,commercial,COM-C,125,2,,
KH-CLM-000297,KB0000307,2026-04-05,Phoenix,Medicare,MEDICARE,210,2,,
KH-CLM-000298,KB0000308,2026-04-05,Phoenix,Medicaid,MEDICAID-AZ,$105.00,2,,
KH-CLM-000299,KB0000309,2026-04-05,Phoenix,commercial,COM-C,235,3,,
KH-CLM-000300,KB0000310,2026-04-05,Phoenix,commercial,COM-C,215,3,,
KH-CLM-000301,KB0000311,2026-04-05,Phoenix,Medicare,MEDICARE,65,1,,
KH-CLM-000302,KB0000313,2026-04-05,Phoenix,commercial,COM-A,155,3,,
KH-CLM-000303,KB0000314,2026-04-05,Phoenix,commercial,COM-A,299,1,,
KH-CLM-000304,KB0000315,2026-04-05,New York,Medicare,MEDICARE,349,1,,
KH-CLM-000305,KB0000316,2026-04-05,New York,Medicare,MEDICARE,175,2,,
KH-CLM-000306,KB0000317,2026-04-05,New York,commercial,COM-B,45,2,,
KH-CLM-000307,KB0000318,2026-04-05,New York,commercial,COM-A,25,1,,
KH-CLM-000308,KB0000319,2026-04-05,New York,commercial,COM-A,299,1,,
KH-CLM-000309,KB0000320,2026-04-05,New York,Medicare,MEDICARE,180,2,,
KH-CLM-000310,KB0000321,2026-04-05,New York,Medicare,MEDICARE,255,3,,
KH-CLM-000311,KB0000322,2026-04-05,New York,commercial,COM-C,125,3,,
KH-CLM-000312,KB0000323,2026-04-05,Chicago,Medicare,MEDICARE,95,2,,
KH-CLM-000313,KB0000324,2026-04-05,Chicago,commercial,COM-B,149,1,,
KH-CLM-000314,KB0000325,2026-04-05,Chicago,Medicaid,MEDICAID-IL,25,1,,
KH-CLM-000315,KB0000326,2026-04-05,Chicago,commercial,COM-A,170,3,,
KH-CLM-000316,KB0000327,2026-04-05,Chicago,commercial,COM-C,299,1,,
KH-CLM-000317,KB0000328,2026-04-05,Chicago,commercial,COM-B,235,4,,
KH-CLM-000318,KB0000329,2026-04-05,Chicago,Medicaid,MEDICAID-IL,299,1,,medical necessity
KH-CLM-000319,KB0000330,2026-04-05,Chicago,commercial,COM-A,149,1,,
KH-CLM-000320,KB0000331,2026-04-05,Atlanta,commercial,COM-A,125,2,,
KH-CLM-000321,KB0000332,2026-04-05,Atlanta,Medicare,MEDICARE,105,2,,
KH-CLM-000322,KB0000333,2026-04-05,Atlanta,Medicaid,MEDICAID-GA,90,2,,
KH-CLM-000323,KB0000334,2026-04-05,Atlanta,commercial,COM-C,65,1,,
KH-CLM-000324,KB0000335,2026-04-05,Atlanta,self-pay,SELF,115,2,,
KH-CLM-000325,KB0000336,2026-04-05,Atlanta,Medicaid,MEDICAID-GA,299,1,,
KH-CLM-000326,KB0000337,2026-04-05,Philadelphia,Medicaid,MEDICAID-PA,319,2,,
KH-CLM-000327,KB0000338,2026-04-05,Philadelphia,Medicare,MEDICARE,299,1,,
KH-CLM-000328,KB0000339,2026-04-05,Philadelphia,Medicare,MEDICARE,149,1,,
KH-CLM-000329,KB0000340,2026-04-05,Philadelphia,Medicare,MEDICARE,200,3,,
KH-CLM-000330,KB0000341,2026-04-05,Philadelphia,self-pay,SELF,65,1,,
KH-CLM-000331,KB0000342,2026-04-06,Dallas,commercial,COM-B,395,4,,
KH-CLM-000332,KB0000343,2026-04-06,Dallas,commercial,COM-B,140,2,,
KH-CLM-000333,KB0000344,2026-04-06,Dallas,self-pay,SELF,45,1,,
KH-CLM-000334,KB0000345,2026-04-06,Dallas,commercial,COM-A,150,3,,
KH-CLM-000335,KB0000346,2026-04-06,Dallas,commercial,COM-A,70,1,,
KH-CLM-000336,KB0000347,2026-04-06,Dallas,Medicaid,MEDICAID-TX,195,4,,
KH-CLM-000337,KB0000348,2026-04-06,Dallas,commercial,COM-C,230,3,,eligibility or coverage
KH-CLM-000338,KB0000349,2026-04-06,Dallas,self-pay,SELF,175,3,,
KH-CLM-000339,KB0000350,2026-04-06,Dallas,commercial,COM-C,299,1,,
KH-CLM-000340,KB0000351,2026-04-06,Dallas,commercial,COM-B,95,1,,
KH-CLM-000341,KB0000352,2026-04-06,Dallas,commercial,COM-B,220,4,,
KH-CLM-000342,KB0000353,2026-04-06,Dallas,Medicaid,MEDICAID-TX,270,4,,
KH-CLM-000343,KB0000354,2026-04-06,Dallas,commercial,COM-A,80,2,,
KH-CLM-000344,KB0000355,2026-04-06,Dallas,commercial,COM-C,95,1,,
KH-CLM-000345,KB0000356,2026-04-06,Dallas,Medicare,MEDICARE,25,1,,
KH-CLM-000346,KB0000357,2026-04-06,Phoenix,Medicare,MEDICARE,299,1,,
KH-CLM-000347,KB0000358,2026-04-06,Phoenix,commercial,COM-C,299,1,,
KH-CLM-000348,KB0000359,2026-04-06,Phoenix,Medicare,MEDICARE,60,1,,
KH-CLM-000349,KB0000360,2026-04-06,Phoenix,Medicare,MEDICARE,299,1,,
KH-CLM-000350,KB0000361,2026-04-06,Phoenix,Medicare,MEDICARE,290,5,,
KH-CLM-000351,KB0000362,2026-04-06,Phoenix,Medicare,MEDICARE,205,2,,
KH-CLM-000352,KB0000363,2026-04-06,Phoenix,commercial,COM-B,149,1,,
KH-CLM-000353,KB0000364,2026-04-06,Phoenix,commercial,COM-C,120,2,,
KH-CLM-000354,KB0000365,2026-04-06,Phoenix,Medicaid,MEDICAID-AZ,265,4,,
KH-CLM-000355,KB0000366,2026-04-06,Phoenix,commercial,COM-C,65,1,,
KH-CLM-000356,KB0000367,2026-04-06,Phoenix,commercial,COM-C,255,3,,
KH-CLM-000357,KB0000368,2026-04-06,Phoenix,Medicaid,MEDICAID-AZ,130,2,,medical necessity
KH-CLM-000358,KB0000369,2026-04-06,Phoenix,commercial,COM-C,349,1,,
KH-CLM-000359,KB0000370,2026-04-06,New York,Medicare,MEDICARE,180,2,,
KH-CLM-000360,KB0000371,2026-04-06,New York,commercial,COM-A,70,1,,
KH-CLM-000361,KB0000372,2026-04-06,New York,Medicaid,MEDICAID-NY,215,2,,missing or invalid information
KH-CLM-000362,KB0000373,2026-04-06,New York,Medicaid,MEDICAID-NY,255,4,,
KH-CLM-000363,KB0000374,2026-04-06,New York,Medicare,MEDICARE,125,2,,
KH-CLM-000364,KB0000375,2026-04-06,New York,commercial,COM-C,330,4,,
KH-CLM-000365,KB0000376,2026-04-06,New York,commercial,COM-A,45,1,,
KH-CLM-000366,KB0000377,2026-04-06,New York,commercial,COM-B,140,3,,
KH-CLM-000367,KB0000378,2026-04-06,New York,commercial,COM-C,165,2,,
KH-CLM-000368,KB0000379,2026-04-06,New York,commercial,COM-C,299,1,,non-covered service
KH-CLM-000369,KB0000380,2026-04-06,New York,Medicaid,MEDICAID-NY,65,1,,
KH-CLM-000370,KB0000381,2026-04-06,New York,Medicare,MEDICARE,190,3,,
KH-CLM-000371,KB0000382,2026-04-06,New York,commercial,COM-C,149,1,,
KH-CLM-000372,KB0000383,2026-04-06,Chicago,Medicare,MEDICARE,60,1,,
KH-CLM-000373,KB0000384,2026-04-06,Chicago,commercial,COM-A,125,2,,
KH-CLM-000374,KB0000385,2026-04-06,Chicago,commercial,COM-A,275,4,,
KH-CLM-000375,KB0000386,2026-04-06,Chicago,commercial,COM-A,150,2,,
KH-CLM-000376,KB0000387,2026-04-06,Chicago,commercial,COM-C,50,2,,
KH-CLM-000377,KB0000388,2026-04-06,Chicago,commercial,COM-B,155,2,,
KH-CLM-000378,KB0000389,2026-04-06,Chicago,commercial,COM-A,85,1,,
KH-CLM-000379,KB0000390,2026-04-06,Chicago,commercial,COM-B,155,3,,
KH-CLM-000380,KB0000391,2026-04-06,Atlanta,commercial,COM-A,110,2,,
KH-CLM-000381,KB0000392,2026-04-06,Atlanta,commercial,COM-A,140,2,,
KH-CLM-000382,KB0000393,2026-04-06,Atlanta,self-pay,SELF,230,4,,
KH-CLM-000383,KB0000394,2026-04-06,Atlanta,commercial,COM-A,140,2,,
KH-CLM-000384,KB0000395,2026-04-06,Atlanta,commercial,COM-A,95,1,,
KH-CLM-000385,KB0000396,2026-04-06,Atlanta,Medicaid,MEDICAID-GA,115,2,,
KH-CLM-000386,KB0000397,2026-04-06,Atlanta,commercial,COM-B,145,2,,
KH-CLM-000387,KB0000398,2026-04-06,Atlanta,commercial,COM-B,305,3,,
KH-CLM-000388,KB0000399,2026-04-06,Philadelphia,Medicare,MEDICARE,149,1,,
KH-CLM-000389,KB0000400,2026-04-06,Philadelphia,Medicaid,MEDICAID-PA,195,4,,missing or invalid information
KH-CLM-000390,KB0000401,2026-04-06,Philadelphia,Medicare,MEDICARE,299,1,,
KH-CLM-000391,KB0000402,2026-04-06,Philadelphia,Medicare,MEDICARE,169,2,,
KH-CLM-000392,KB0000403,2026-04-06,Philadelphia,commercial,COM-C,169,2,,
KH-CLM-000393,KB0000404,2026-04-06,Philadelphia,Medicaid,MEDICAID-PA,275,3,,
KH-CLM-000394,KB0000405,2026-04-06,Philadelphia,Medicaid,MEDICAID-PA,30,1,,
KH-CLM-000395,KB0000406,2026-04-06,Philadelphia,commercial,COM-A,65,1,,
KH-CLM-000396,KB0000407,2026-04-07,Dallas,commercial,COM-C,299,1,,
KH-CLM-000397,KB0000408,2026-04-07,Dallas,Medicare,MEDICARE,130,3,,
KH-CLM-000398,KB0000409,2026-04-07,Dallas,commercial,COM-C,70,2,,
KH-CLM-000399,KB0000410,2026-04-07,Dallas,commercial,COM-B,299,1,,
KH-CLM-000400,KB0000411,2026-04-07,Dallas,Medicare,MEDICARE,299,1,,
KH-CLM-000401,KB0000412,2026-04-07,Dallas,commercial,COM-A,235,3,,medical necessity
KH-CLM-000402,KB0000413,2026-04-07,Dallas,Medicaid,MEDICAID-TX,285,3,,missing or invalid information
KH-CLM-000403,KB0000414,2026-04-07,Dallas,commercial,COM-B,70,1,,
KH-CLM-000404,KB0000415,2026-04-07,Dallas,Medicare,MEDICARE,135,3,,
KH-CLM-000405,KB0000416,2026-04-07,Dallas,commercial,COM-C,149,1,,
KH-CLM-000406,KB0000417,2026-04-07,Dallas,commercial,COM-A,299,1,,non-covered service
KH-CLM-000407,KB0000418,2026-04-07,Dallas,commercial,COM-B,299,1,,
KH-CLM-000408,KB0000419,2026-04-07,Dallas,commercial,COM-B,105,2,,prior authorization
KH-CLM-000409,KB0000420,2026-04-07,Dallas,Medicaid,MEDICAID-TX,30,1,,
KH-CLM-000410,KB0000421,2026-04-07,Dallas,commercial,COM-B,299,1,,
KH-CLM-000411,KB0000422,2026-04-07,Phoenix,commercial,COM-C,349,1,,
KH-CLM-000412,KB0000423,2026-04-07,Phoenix,commercial,COM-C,90,2,,
KH-CLM-000413,KB0000424,2026-04-07,Phoenix,Medicare,MEDICARE,130,2,,
KH-CLM-000414,KB0000425,2026-04-07,Phoenix,Medicaid,MEDICAID-AZ,30,1,,
KH-CLM-000415,KB0000426,2026-04-07,Phoenix,Medicaid,MEDICAID-AZ,95,3,,
KH-CLM-000416,KB0000427,2026-04-07,Phoenix,Medicaid,MEDICAID-AZ,30,1,,
KH-CLM-000417,KB0000428,2026-04-07,Phoenix,Medicare,MEDICARE,299,1,,
KH-CLM-000418,KB0000429,2026-04-07,Phoenix,Medicare,MEDICARE,125,2,,
KH-CLM-000419,KB0000431,2026-04-07,Phoenix,commercial,COM-B,225,3,,
KH-CLM-000420,KB0000432,2026-04-07,Phoenix,commercial,COM-B,299,1,,
KH-CLM-000421,KB0000433,2026-04-07,Phoenix,commercial,COM-B,225,5,,
KH-CLM-000422,KB0000434,2026-04-07,New York,Medicaid,MEDICAID-NY,349,1,,
KH-CLM-000423,KB0000435,2026-04-07,New York,commercial,COM-C,100,2,,
KH-CLM-000424,KB0000436,2026-04-07,New York,Medicaid,MEDICAID-NY,349,1,,
KH-CLM-000425,KB0000437,2026-04-07,New York,commercial,COM-A,349,1,,
KH-CLM-000426,KB0000438,2026-04-07,New York,Medicaid,MEDICAID-NY,160,2,,
KH-CLM-000427,KB0000439,2026-04-07,New York,commercial,COM-B,95,1,,
KH-CLM-000428,KB0000440,2026-04-07,New York,commercial,COM-B,145,2,,prior authorization
KH-CLM-000429,KB0000441,2026-04-07,New York,Medicare,MEDICARE,80,2,,
KH-CLM-000430,KB0000442,2026-04-07,New York,commercial,COM-B,45,1,,
KH-CLM-000431,KB0000443,2026-04-07,Chicago,commercial,COM-C,290,4,,
KH-CLM-000432,KB0000444,2026-04-07,Chicago,commercial,COM-C,30,1,,
KH-CLM-000433,KB0000445,2026-04-07,Chicago,self-pay,SELF,210,3,,
KH-CLM-000434,KB0000446,2026-04-07,Chicago,commercial,COM-B,70,1,,
KH-CLM-000435,KB0000447,2026-04-07,Chicago,commercial,COM-C,25,1,,
KH-CLM-000436,KB0000448,2026-04-07,Chicago,Medicaid,MEDICAID-IL,45,1,,
KH-CLM-000437,KB0000449,2026-04-07,Chicago,commercial,COM-B,140,3,,
KH-CLM-000438,KB0000450,2026-04-07,Chicago,Medicaid,MEDICAID-IL,140,3,,
KH-CLM-000439,KB0000451,2026-04-07,Chicago,commercial,COM-A,305,4,,
KH-CLM-000440,KB0000452,2026-04-07,Atlanta,commercial,COM-A,320,5,,eligibility or coverage
KH-CLM-000441,KB0000453,2026-04-07,Atlanta,Medicare,MEDICARE,169,2,,
KH-CLM-000442,KB0000454,2026-04-07,Atlanta,commercial,COM-B,299,1,,
KH-CLM-000443,KB0000455,2026-04-07,Atlanta,Medicaid,MEDICAID-GA,65,1,,
KH-CLM-000444,KB0000456,2026-04-07,Atlanta,commercial,COM-B,180,3,,
KH-CLM-000445,KB0000457,2026-04-07,Atlanta,commercial,COM-C,319,2,,
KH-CLM-000446,KB0000458,2026-04-07,Philadelphia,self-pay,SELF,210,3,,
KH-CLM-000447,KB0000459,2026-04-07,Philadelphia,self-pay,SELF,55,1,,
KH-CLM-000448,KB0000460,2026-04-07,Philadelphia,Medicaid,MEDICAID-PA,369,2,,
KH-CLM-000449,KB0000461,2026-04-08,Dallas,commercial,COM-A,140,2,,
KH-CLM-000450,KB0000462,2026-04-08,Dallas,Medicaid,MEDICAID-TX,149,1,,
KH-CLM-000451,KB0000463,2026-04-08,Dallas,Medicaid,MEDICAID-TX,110,2,,
KH-CLM-000452,KB0000464,2026-04-08,Dallas,commercial,COM-A,135,3,,
KH-CLM-000453,KB0000465,2026-04-08,Dallas,commercial,COM-C,299,1,,
KH-CLM-000454,KB0000466,2026-04-08,Dallas,Medicare,MEDICARE,75,2,,duplicate claim
KH-CLM-000455,KB0000467,2026-04-08,Dallas,commercial,COM-A,205,4,,eligibility or coverage
KH-CLM-000456,KB0000468,2026-04-08,Dallas,commercial,COM-C,299,1,,
KH-CLM-000457,KB0000469,2026-04-08,Dallas,commercial,COM-B,299,1,,eligibility or coverage
KH-CLM-000458,KB0000470,2026-04-08,Dallas,self-pay,SELF,150,1,,
KH-CLM-000459,KB0000471,2026-04-08,Dallas,commercial,COM-A,65,1,,
KH-CLM-000460,KB0000472,2026-04-08,Dallas,commercial,COM-C,230,5,,
KH-CLM-000461,KB0000473,2026-04-08,Dallas,Medicare,MEDICARE,45,1,,
KH-CLM-000462,KB0000474,2026-04-08,Dallas,commercial,COM-C,30,1,,
KH-CLM-000463,KB0000475,2026-04-08,Dallas,Medicare,MEDICARE,245,2,,
KH-CLM-000464,KB0000476,2026-04-08,Dallas,Medicaid,MEDICAID-TX,295,5,,
KH-CLM-000465,KB0000477,2026-04-08,Dallas,commercial,COM-C,140,2,,
KH-CLM-000466,KB0000478,2026-04-08,Phoenix,Medicaid,MEDICAID-AZ,305,4,,
KH-CLM-000467,KB0000479,2026-04-08,Phoenix,commercial,COM-B,169,2,,missing or invalid information
KH-CLM-000468,KB0000480,2026-04-08,Phoenix,commercial,COM-C,185,3,,
KH-CLM-000469,KB0000481,2026-04-08,Phoenix,commercial,COM-C,95,2,,
KH-CLM-000470,KB0000482,2026-04-08,Phoenix,commercial,COM-C,150,3,,non-covered service
KH-CLM-000471,KB0000483,2026-04-08,Phoenix,commercial,COM-C,115,2,,
KH-CLM-000472,KB0000484,2026-04-08,Phoenix,commercial,COM-C,110,2,,
KH-CLM-000473,KB0000485,2026-04-08,Phoenix,Medicare,MEDICARE,260,4,,
KH-CLM-000474,KB0000486,2026-04-08,Phoenix,Medicare,MEDICARE,180,2,,
KH-CLM-000475,KB0000487,2026-04-08,Phoenix,commercial,COM-B,299,1,,
KH-CLM-000476,KB0000488,2026-04-08,Phoenix,Medicare,MEDICARE,140,2,,
KH-CLM-000477,KB0000489,2026-04-08,Phoenix,commercial,COM-B,349,1,,
KH-CLM-000478,KB0000490,2026-04-08,Phoenix,Medicare,MEDICARE,149,1,,
KH-CLM-000479,KB0000491,2026-04-08,Phoenix,self-pay,SELF,175,2,,
KH-CLM-000480,KB0000492,2026-04-08,Phoenix,commercial,COM-C,319,2,,
KH-CLM-000481,KB0000493,2026-04-08,New York,commercial,COM-B,90,2,,
KH-CLM-000482,KB0000494,2026-04-08,New York,commercial,COM-C,30,1,,
KH-CLM-000483,KB0000495,2026-04-08,New York,self-pay,SELF,115,2,,
KH-CLM-000484,KB0000496,2026-04-08,New York,commercial,COM-C,60,1,,
KH-CLM-000485,KB0000497,2026-04-08,New York,Medicare,MEDICARE,169,2,,
KH-CLM-000486,KB0000498,2026-04-08,New York,commercial,COM-C,30,1,,
KH-CLM-000487,KB0000499,2026-04-08,New York,commercial,COM-B,299,1,,prior authorization
KH-CLM-000488,KB0000500,2026-04-08,New York,Medicare,MEDICARE,125,2,,
KH-CLM-000489,KB0000501,2026-04-08,New York,self-pay,SELF,90,2,,
KH-CLM-000490,KB0000502,2026-04-08,New York,commercial,COM-B,170,3,,
KH-CLM-000491,KB0000503,2026-04-08,New York,commercial,COM-A,149,1,,
KH-CLM-000492,KB0000504,2026-04-08,New York,self-pay,SELF,299,1,,
KH-CLM-000493,KB0000505,2026-04-08,New York,commercial,COM-C,125,2,,missing or invalid information
KH-CLM-000494,KB0000506,2026-04-08,New York,commercial,COM-B,149,1,,
KH-CLM-000495,KB0000507,2026-04-08,New York,commercial,COM-C,145,2,,
KH-CLM-000496,KB0000508,2026-04-08,Chicago,commercial,COM-B,149,1,,
KH-CLM-000497,KB0000509,2026-04-08,Chicago,Medicare,MEDICARE,150,1,,
KH-CLM-000498,KB0000510,2026-04-08,Chicago,commercial,COM-B,220,3,,
KH-CLM-000499,KB0000511,2026-04-08,Chicago,Medicare,MEDICARE,160,3,,
KH-CLM-000500,KB0000512,2026-04-08,Chicago,commercial,COM-A,240,4,,
KH-CLM-000501,KB0000513,2026-04-08,Chicago,commercial,COM-A,75,1,,
KH-CLM-000502,KB0000514,2026-04-08,Chicago,commercial,COM-B,95,2,,
KH-CLM-000503,KB0000515,2026-04-08,Chicago,Medicare,MEDICARE,299,1,,
KH-CLM-000504,KB0000516,2026-04-08,Atlanta,commercial,COM-A,105,2,,
KH-CLM-000505,KB0000517,2026-04-08,Atlanta,Medicaid,MEDICAID-GA,145,3,,
KH-CLM-000506,KB0000518,2026-04-08,Atlanta,commercial,COM-B,330,4,,
KH-CLM-000507,KB0000519,2026-04-08,Atlanta,commercial,COM-B,299,1,,
KH-CLM-000508,KB0000520,2026-04-08,Atlanta,commercial,COM-A,299,1,,
KH-CLM-000509,KB0000521,2026-04-08,Atlanta,commercial,COM-A,149,1,,
KH-CLM-000510,KB0000522,2026-04-08,Philadelphia,Medicaid,MEDICAID-PA,85,2,,eligibility or coverage
KH-CLM-000511,KB0000523,2026-04-08,Philadelphia,commercial,COM-A,125,3,,
KH-CLM-000512,KB0000524,2026-04-08,Philadelphia,self-pay,SELF,60,1,,
KH-CLM-000513,KB0000525,2026-04-08,Philadelphia,commercial,COM-A,100,2,,
KH-CLM-000514,KB0000526,2026-04-08,Philadelphia,commercial,COM-A,170,2,,
KH-CLM-000515,KB0000527,2026-04-08,Philadelphia,Medicare,MEDICARE,45,1,,
KH-CLM-000516,KB0000528,2026-04-08,Philadelphia,commercial,COM-C,85,3,,
KH-CLM-000517,KB0000529,2026-04-08,Philadelphia,commercial,COM-A,55,1,,
KH-CLM-000518,KB0000530,2026-04-09,Dallas,Medicaid,MEDICAID-TX,290,4,,
KH-CLM-000519,KB0000531,2026-04-09,Dallas,commercial,COM-A,160,2,,
KH-CLM-000520,KB0000532,2026-04-09,Dallas,Medicare,MEDICARE,149,1,,
KH-CLM-000521,KB0000533,2026-04-09,Dallas,commercial,COM-A,265,3,,
KH-CLM-000522,KB0000534,2026-04-09,Dallas,Medicare,MEDICARE,245,3,,
KH-CLM-000523,KB0000535,2026-04-09,Dallas,Medicare,MEDICARE,130,2,,
KH-CLM-000524,KB0000536,2026-04-09,Dallas,Medicare,MEDICARE,30,1,,
KH-CLM-000525,KB0000537,2026-04-09,Dallas,commercial,COM-A,85,1,,
KH-CLM-000526,KB0000538,2026-04-09,Dallas,Medicare,MEDICARE,150,1,,missing or invalid information
KH-CLM-000527,KB0000539,2026-04-09,Dallas,commercial,COM-A,70,2,,
KH-CLM-000528,KB0000540,2026-04-09,Dallas,Medicare,MEDICARE,180,3,,
KH-CLM-000529,KB0000541,2026-04-09,Dallas,commercial,COM-C,165,3,,
KH-CLM-000530,KB0000542,2026-04-09,Dallas,Medicare,MEDICARE,175,3,,
KH-CLM-000531,KB0000543,2026-04-09,Dallas,commercial,COM-C,290,4,,
KH-CLM-000532,KB0000544,2026-04-09,Dallas,commercial,COM-A,250,4,,
KH-CLM-000533,KB0000546,2026-04-09,Dallas,commercial,COM-A,145,2,,
KH-CLM-000534,KB0000547,2026-04-09,Phoenix,commercial,COM-A,130,2,,
KH-CLM-000535,KB0000548,2026-04-09,Phoenix,commercial,COM-C,299,1,,
KH-CLM-000536,KB0000549,2026-04-09,Phoenix,commercial,COM-B,85,1,,
KH-CLM-000537,KB0000550,2026-04-09,Phoenix,commercial,COM-B,299,1,,
KH-CLM-000538,KB0000551,2026-04-09,Phoenix,commercial,COM-C,160,3,,medical necessity
KH-CLM-000539,KB0000552,2026-04-09,Phoenix,commercial,COM-A,75,1,,
KH-CLM-000540,KB0000553,2026-04-09,Phoenix,Medicare,MEDICARE,115,2,,
KH-CLM-000541,KB0000554,2026-04-09,Phoenix,self-pay,SELF,335,4,,
KH-CLM-000542,KB0000555,2026-04-09,Phoenix,commercial,COM-B,245,4,,
KH-CLM-000543,KB0000556,2026-04-09,Phoenix,commercial,COM-B,149,1,,
KH-CLM-000544,KB0000557,2026-04-09,Phoenix,Medicaid,MEDICAID-AZ,245,3,,
KH-CLM-000545,KB0000558,2026-04-09,Phoenix,self-pay,SELF,315,3,,
KH-CLM-000546,KB0000559,2026-04-09,New York,commercial,COM-A,145,4,,
KH-CLM-000547,KB0000560,2026-04-09,New York,Medicare,MEDICARE,149,1,,
KH-CLM-000548,KB0000561,2026-04-09,New York,commercial,COM-A,135,4,,missing or invalid information
KH-CLM-000549,KB0000562,2026-04-09,New York,commercial,COM-C,149,1,,
KH-CLM-000550,KB0000563,2026-04-09,New York,self-pay,SELF,149,1,,
KH-CLM-000551,KB0000564,2026-04-09,New York,Medicaid,MEDICAID-NY,85,1,,
KH-CLM-000552,KB0000565,2026-04-09,New York,commercial,COM-A,210,4,,
KH-CLM-000553,KB0000566,2026-04-09,New York,Medicare,MEDICARE,65,1,,
KH-CLM-000554,KB0000567,2026-04-09,New York,commercial,COM-B,299,1,,
KH-CLM-000555,KB0000568,2026-04-09,New York,Medicare,MEDICARE,149,1,,
KH-CLM-000556,KB0000569,2026-04-09,New York,commercial,COM-B,150,1,,
KH-CLM-000557,KB0000570,2026-04-09,New York,Medicare,MEDICARE,75,2,,
KH-CLM-000558,KB0000571,2026-04-09,New York,commercial,COM-A,225,3,,
KH-CLM-000559,KB0000572,2026-04-09,Chicago,commercial,COM-B,160,3,,
KH-CLM-000560,KB0000573,2026-04-09,Chicago,Medicare,MEDICARE,230,3,,
KH-CLM-000561,KB0000574,2026-04-09,Chicago,commercial,COM-B,55,1,,
KH-CLM-000562,KB0000575,2026-04-09,Chicago,commercial,COM-A,299,1,,
KH-CLM-000563,KB0000576,2026-04-09,Chicago,Medicare,MEDICARE,135,2,,
KH-CLM-000564,KB0000577,2026-04-09,Chicago,commercial,COM-A,85,3,,
KH-CLM-000565,KB0000578,2026-04-09,Chicago,Medicare,MEDICARE,75,1,,
KH-CLM-000566,KB0000579,2026-04-09,Chicago,commercial,COM-C,100,2,,
KH-CLM-000567,KB0000580,2026-04-09,Chicago,Medicare,MEDICARE,299,1,,
KH-CLM-000568,KB0000581,2026-04-09,Chicago,self-pay,SELF,250,4,,
KH-CLM-000569,KB0000582,2026-04-09,Chicago,Medicare,MEDICARE,95,1,,
KH-CLM-000570,KB0000584,2026-04-09,Atlanta,commercial,COM-C,75,1,,
KH-CLM-000571,KB0000585,2026-04-09,Atlanta,commercial,COM-B,200,4,,
KH-CLM-000572,KB0000586,2026-04-09,Atlanta,commercial,COM-A,299,1,,
KH-CLM-000573,KB0000587,2026-04-09,Atlanta,commercial,COM-A,225,2,,
KH-CLM-000574,KB0000588,2026-04-09,Atlanta,commercial,COM-C,120,3,,
KH-CLM-000575,KB0000589,2026-04-09,Philadelphia,Medicare,MEDICARE,255,4,,
KH-CLM-000576,KB0000590,2026-04-09,Philadelphia,commercial,COM-A,180,4,,non-covered service
KH-CLM-000577,KB0000591,2026-04-09,Philadelphia,Medicaid,MEDICAID-PA,299,1,,
KH-CLM-000578,KB0000592,2026-04-09,Philadelphia,commercial,COM-B,149,1,,non-covered service
KH-CLM-000579,KB0000593,2026-04-09,Philadelphia,commercial,COM-C,160,3,,
KH-CLM-000580,KB0000594,2026-04-09,Philadelphia,commercial,COM-C,299,1,,
KH-CLM-000581,KB0000595,2026-04-09,Philadelphia,Medicaid,MEDICAID-PA,190,4,,
KH-CLM-000582,KB0000596,2026-04-10,Dallas,Medicaid,MEDICAID-TX,260,4,,
KH-CLM-000583,KB0000597,2026-04-10,Dallas,commercial,COM-B,315,4,,
KH-CLM-000584,KB0000599,2026-04-10,Dallas,Medicare,MEDICARE,105,2,,
KH-CLM-000585,KB0000600,2026-04-10,Dallas,commercial,COM-B,235,4,,
KH-CLM-000586,KB0000601,2026-04-10,Dallas,Medicaid,MEDICAID-TX,299,1,,
KH-CLM-000587,KB0000603,2026-04-10,Dallas,commercial,COM-C,90,2,,
KH-CLM-000588,KB0000604,2026-04-10,Dallas,Medicaid,MEDICAID-TX,299,1,,eligibility or coverage
KH-CLM-000589,KB0000605,2026-04-10,Dallas,commercial,COM-C,125,2,,
KH-CLM-000590,KB0000606,2026-04-10,Dallas,commercial,COM-B,55,2,,
KH-CLM-000591,KB0000607,2026-04-10,Dallas,Medicare,MEDICARE,30,1,,
KH-CLM-000592,KB0000608,2026-04-10,Dallas,commercial,COM-A,150,2,,
KH-CLM-000593,KB0000609,2026-04-10,Phoenix,commercial,COM-C,65,1,,
KH-CLM-000594,KB0000610,2026-04-10,Phoenix,commercial,COM-B,335,4,,
KH-CLM-000595,KB0000611,2026-04-10,Phoenix,commercial,COM-A,30,1,,
KH-CLM-000596,KB0000612,2026-04-10,Phoenix,commercial,COM-C,125,2,,non-covered service
KH-CLM-000597,KB0000613,2026-04-10,Phoenix,commercial,COM-A,115,3,,
KH-CLM-000598,KB0000614,2026-04-10,Phoenix,commercial,COM-C,25,1,,
KH-CLM-000599,KB0000615,2026-04-10,Phoenix,self-pay,SELF,180,2,,
KH-CLM-000600,KB0000616,2026-04-10,Phoenix,Medicare,MEDICARE,200,4,,
KH-CLM-000601,KB0000617,2026-04-10,Phoenix,commercial,COM-A,265,3,,
KH-CLM-000602,KB0000618,2026-04-10,Phoenix,commercial,COM-B,30,1,,
KH-CLM-000603,KB0000619,2026-04-10,Phoenix,Medicare,MEDICARE,210,2,,
KH-CLM-000604,KB0000620,2026-04-10,Phoenix,commercial,COM-A,30,1,,missing or invalid information
KH-CLM-000605,KB0000621,2026-04-10,Phoenix,self-pay,SELF,299,1,,
KH-CLM-000606,KB0000622,2026-04-10,Phoenix,Medicare,MEDICARE,299,1,,
KH-CLM-000607,KB0000623,2026-04-10,Phoenix,Medicaid,MEDICAID-AZ,265,5,,
KH-CLM-000608,KB0000624,2026-04-10,Phoenix,self-pay,SELF,210,4,,
KH-CLM-000609,KB0000625,2026-04-10,New York,commercial,COM-C,190,3,,
KH-CLM-000610,KB0000626,2026-04-10,New York,commercial,COM-C,120,2,,
KH-CLM-000611,KB0000627,2026-04-10,New York,commercial,COM-C,120,2,,
KH-CLM-000612,KB0000628,2026-04-10,New York,Medicare,MEDICARE,110,2,,
KH-CLM-000613,KB0000629,2026-04-10,New York,commercial,COM-A,25,1,,
KH-CLM-000614,KB0000630,2026-04-10,New York,Medicare,MEDICARE,45,1,,
KH-CLM-000615,KB0000632,2026-04-10,New York,commercial,COM-C,110,2,,
KH-CLM-000616,KB0000633,2026-04-10,New York,Medicaid,MEDICAID-NY,75,2,,
KH-CLM-000617,KB0000634,2026-04-10,New York,Medicare,MEDICARE,349,1,,
KH-CLM-000618,KB0000635,2026-04-10,New York,Medicaid,MEDICAID-NY,299,1,,
KH-CLM-000619,KB0000636,2026-04-10,New York,commercial,COM-B,349,1,,non-covered service
KH-CLM-000620,KB0000637,2026-04-10,Chicago,commercial,COM-A,325,4,,
KH-CLM-000621,KB0000638,2026-04-10,Chicago,commercial,COM-A,65,1,,
KH-CLM-000622,KB0000639,2026-04-10,Chicago,commercial,COM-C,210,2,,
KH-CLM-000623,KB0000640,2026-04-10,Chicago,Medicaid,MEDICAID-IL,105,2,,
KH-CLM-000624,KB0000641,2026-04-10,Chicago,commercial,COM-B,165,2,,
KH-CLM-000625,KB0000642,2026-04-10,Chicago,commercial,COM-C,335,4,,
KH-CLM-000626,KB0000643,2026-04-10,Chicago,commercial,COM-A,55,2,,
KH-CLM-000627,KB0000644,2026-04-10,Chicago,commercial,COM-B,55,1,,
KH-CLM-000628,KB0000645,2026-04-10,Atlanta,Medicare,MEDICARE,319,2,,
KH-CLM-000629,KB0000646,2026-04-10,Atlanta,Medicaid,MEDICAID-GA,149,1,,
KH-CLM-000630,KB0000647,2026-04-10,Atlanta,commercial,COM-A,149,1,,eligibility or coverage
KH-CLM-000631,KB0000648,2026-04-10,Atlanta,Medicaid,MEDICAID-GA,75,2,,
KH-CLM-000632,KB0000649,2026-04-10,Atlanta,commercial,COM-B,300,3,,
KH-CLM-000633,KB0000650,2026-04-10,Atlanta,Medicare,MEDICARE,45,1,,
KH-CLM-000634,KB0000651,2026-04-10,Atlanta,self-pay,SELF,65,1,,
KH-CLM-000635,KB0000652,2026-04-10,Atlanta,commercial,COM-C,149,1,,non-covered service
KH-CLM-000636,KB0000653,2026-04-10,Atlanta,commercial,COM-C,299,1,,
KH-CLM-000637,KB0000654,2026-04-10,Philadelphia,Medicare,MEDICARE,320,4,,
KH-CLM-000638,KB0000655,2026-04-10,Philadelphia,commercial,COM-C,290,4,,
KH-CLM-000639,KB0000656,2026-04-10,Philadelphia,Medicare,MEDICARE,149,1,,missing or invalid information
KH-CLM-000640,KB0000657,2026-04-10,Philadelphia,commercial,COM-A,170,2,,
KH-CLM-000641,KB0000658,2026-04-10,Philadelphia,Medicare,MEDICARE,215,4,,
KH-CLM-000642,KB0000659,2026-04-10,Philadelphia,self-pay,SELF,299,1,,
KH-CLM-000643,KB0000660,2026-04-11,Dallas,Medicare,MEDICARE,250,4,,
KH-CLM-000644,KB0000661,2026-04-11,Dallas,commercial,COM-B,85,2,,
KH-CLM-000645,KB0000662,2026-04-11,Dallas,Medicare,MEDICARE,265,4,,
KH-CLM-000646,KB0000663,2026-04-11,Dallas,Medicaid,MEDICAID-TX,30,1,,
KH-CLM-000647,KB0000664,2026-04-11,Dallas,Medicare,MEDICARE,75,2,,
KH-CLM-000648,KB0000665,2026-04-11,Dallas,Medicare,MEDICARE,149,1,,
KH-CLM-000649,KB0000666,2026-04-11,Dallas,Medicaid,MEDICAID-TX,169,2,,
KH-CLM-000650,KB0000667,2026-04-11,Dallas,Medicaid,MEDICAID-TX,120,2,,
KH-CLM-000651,KB0000668,2026-04-11,Dallas,Medicare,MEDICARE,319,2,,
KH-CLM-000652,KB0000670,2026-04-11,Dallas,commercial,COM-A,349,1,,
KH-CLM-000653,KB0000671,2026-04-11,Dallas,commercial,COM-A,149,1,,
KH-CLM-000654,KB0000672,2026-04-11,Dallas,Medicaid,MEDICAID-TX,140,4,,
KH-CLM-000655,KB0000674,2026-04-11,Dallas,commercial,COM-C,45,1,,
KH-CLM-000656,KB0000675,2026-04-11,Dallas,Medicare,MEDICARE,55,1,,
KH-CLM-000657,KB0000676,2026-04-11,Dallas,Medicare,MEDICARE,105,2,,non-covered service
KH-CLM-000658,KB0000677,2026-04-11,Dallas,commercial,COM-B,299,1,,
KH-CLM-000659,KB0000678,2026-04-11,Phoenix,Medicaid,MEDICAID-AZ,160,2,,
KH-CLM-000660,KB0000679,2026-04-11,Phoenix,commercial,COM-A,95,2,,
KH-CLM-000661,KB0000680,2026-04-11,Phoenix,commercial,COM-C,299,1,,
KH-CLM-000662,KB0000681,2026-04-11,Phoenix,Medicare,MEDICARE,145,2,,
KH-CLM-000663,KB0000682,2026-04-11,Phoenix,Medicare,MEDICARE,319,2,,
KH-CLM-000664,KB0000683,2026-04-11,Phoenix,Medicare,MEDICARE,185,3,,
KH-CLM-000665,KB0000684,2026-04-11,Phoenix,Medicaid,MEDICAID-AZ,160,3,,
KH-CLM-000666,KB0000685,2026-04-11,Phoenix,self-pay,SELF,95,2,,
KH-CLM-000667,KB0000686,2026-04-11,Phoenix,Medicare,MEDICARE,90,2,,
KH-CLM-000668,KB0000687,2026-04-11,Phoenix,commercial,COM-A,55,2,,
KH-CLM-000669,KB0000688,2026-04-11,Phoenix,commercial,COM-C,100,2,,
KH-CLM-000670,KB0000689,2026-04-11,Phoenix,Medicare,MEDICARE,225,5,,
KH-CLM-000671,KB0000690,2026-04-11,Phoenix,commercial,COM-C,55,1,,
KH-CLM-000672,KB0000691,2026-04-11,New York,commercial,COM-B,355,4,,
KH-CLM-000673,KB0000692,2026-04-11,New York,Medicare,MEDICARE,95,1,,
KH-CLM-000674,KB0000693,2026-04-11,New York,commercial,COM-A,70,1,,
KH-CLM-000675,KB0000694,2026-04-11,New York,Medicaid,MEDICAID-NY,149,1,,
KH-CLM-000676,KB0000695,2026-04-11,New York,Medicare,MEDICARE,95,2,,
KH-CLM-000677,KB0000696,2026-04-11,New York,Medicare,MEDICARE,45,1,,
KH-CLM-000678,KB0000697,2026-04-11,New York,commercial,COM-C,85,2,,non-covered service
KH-CLM-000679,KB0000698,2026-04-11,New York,commercial,COM-C,70,1,,missing or invalid information
KH-CLM-000680,KB0000699,2026-04-11,New York,commercial,COM-B,349,1,,
KH-CLM-000681,KB0000700,2026-04-11,New York,commercial,COM-C,85,2,,
KH-CLM-000682,KB0000701,2026-04-11,New York,commercial,COM-A,30,1,,
KH-CLM-000683,KB0000702,2026-04-11,New York,commercial,COM-B,50,2,,
KH-CLM-000684,KB0000703,2026-04-11,New York,Medicare,MEDICARE,320,3,,
KH-CLM-000685,KB0000704,2026-04-11,Chicago,Medicare,MEDICARE,149,1,,
KH-CLM-000686,KB0000705,2026-04-11,Chicago,self-pay,SELF,145,2,,
KH-CLM-000687,KB0000706,2026-04-11,Chicago,commercial,COM-A,230,3,,
KH-CLM-000688,KB0000707,2026-04-11,Chicago,Medicaid,MEDICAID-IL,299,1,,
KH-CLM-000689,KB0000708,2026-04-11,Chicago,commercial,COM-A,299,1,,
KH-CLM-000690,KB0000709,2026-04-11,Chicago,self-pay,SELF,299,1,,
KH-CLM-000691,KB0000710,2026-04-11,Chicago,commercial,COM-A,95,1,,prior authorization
KH-CLM-000692,KB0000711,2026-04-11,Chicago,Medicaid,MEDICAID-IL,299,1,,
KH-CLM-000693,KB0000712,2026-04-11,Chicago,self-pay,SELF,235,2,,
KH-CLM-000694,KB0000713,2026-04-11,Chicago,Medicare,MEDICARE,180,3,,
KH-CLM-000695,KB0000714,2026-04-11,Chicago,Medicaid,MEDICAID-IL,185,3,,
KH-CLM-000696,KB0000716,2026-04-11,Atlanta,commercial,COM-C,25,1,,
KH-CLM-000697,KB0000717,2026-04-11,Atlanta,commercial,COM-B,65,1,,
KH-CLM-000698,KB0000718,2026-04-11,Atlanta,commercial,COM-B,130,2,,
KH-CLM-000699,KB0000719,2026-04-11,Atlanta,commercial,COM-B,75,1,,
KH-CLM-000700,KB0000720,2026-04-11,Atlanta,Medicare,MEDICARE,299,1,,
KH-CLM-000701,KB0000721,2026-04-11,Atlanta,Medicare,MEDICARE,295,4,,
KH-CLM-000702,KB0000722,2026-04-11,Atlanta,commercial,COM-C,149,1,,
KH-CLM-000703,KB0000723,2026-04-11,Philadelphia,Medicare,MEDICARE,299,1,,
KH-CLM-000704,KB0000724,2026-04-11,Philadelphia,Medicaid,MEDICAID-PA,30,1,,eligibility or coverage
KH-CLM-000705,KB0000725,2026-04-11,Philadelphia,Medicare,MEDICARE,155,2,,
KH-CLM-000706,KB0000726,2026-04-11,Philadelphia,Medicare,MEDICARE,299,1,,
KH-CLM-000707,KB0000727,2026-04-11,Philadelphia,commercial,COM-C,240,3,,
KH-CLM-000708,KB0000728,2026-04-12,Dallas,Medicaid,MEDICAID-TX,45,1,,
KH-CLM-000709,KB0000729,2026-04-12,Dallas,commercial,COM-A,75,1,,
KH-CLM-000710,KB0000730,2026-04-12,Dallas,Medicare,MEDICARE,299,1,,
KH-CLM-000711,KB0000731,2026-04-12,Dallas,Medicare,MEDICARE,295,4,,
KH-CLM-000712,KB0000732,2026-04-12,Dallas,Medicaid,MEDICAID-TX,215,3,,
KH-CLM-000713,KB0000733,2026-04-12,Dallas,commercial,COM-B,60,1,,
KH-CLM-000714,KB0000734,2026-04-12,Dallas,Medicare,MEDICARE,215,2,,
KH-CLM-000715,KB0000735,2026-04-12,Dallas,commercial,COM-A,149,1,,
KH-CLM-000716,KB0000736,2026-04-12,Dallas,Medicaid,MEDICAID-TX,190,3,,
KH-CLM-000717,KB0000737,2026-04-12,Dallas,commercial,COM-B,255,3,,
KH-CLM-000718,KB0000738,2026-04-12,Phoenix,Medicare,MEDICARE,55,1,,
KH-CLM-000719,KB0000739,2026-04-12,Phoenix,Medicare,MEDICARE,95,2,,
KH-CLM-000720,KB0000740,2026-04-12,Phoenix,commercial,COM-C,105,3,,
KH-CLM-000721,KB0000741,2026-04-12,Phoenix,commercial,COM-C,150,1,,
KH-CLM-000722,KB0000742,2026-04-12,Phoenix,Medicaid,MEDICAID-AZ,225,5,,
KH-CLM-000723,KB0000743,2026-04-12,Phoenix,Medicaid,MEDICAID-AZ,155,2,,
KH-CLM-000724,KB0000744,2026-04-12,Phoenix,commercial,COM-A,55,2,,
KH-CLM-000725,KB0000745,2026-04-12,Phoenix,commercial,COM-C,65,2,,
KH-CLM-000726,KB0000746,2026-04-12,Phoenix,Medicaid,MEDICAID-AZ,149,1,,
KH-CLM-000727,KB0000747,2026-04-12,New York,Medicare,MEDICARE,299,1,,
KH-CLM-000728,KB0000748,2026-04-12,New York,Medicaid,MEDICAID-NY,369,2,,
KH-CLM-000729,KB0000749,2026-04-12,New York,commercial,COM-B,135,2,,
KH-CLM-000730,KB0000750,2026-04-12,New York,Medicare,MEDICARE,85,1,,
KH-CLM-000731,KB0000751,2026-04-12,New York,commercial,COM-B,110,2,,
KH-CLM-000732,KB0000752,2026-04-12,New York,Medicare,MEDICARE,299,1,,
KH-CLM-000733,KB0000753,2026-04-12,New York,commercial,COM-B,230,3,,
KH-CLM-000734,KB0000754,2026-04-12,New York,commercial,COM-B,235,2,,
KH-CLM-000735,KB0000755,2026-04-12,New York,Medicare,MEDICARE,45,1,,
KH-CLM-000736,KB0000756,2026-04-12,New York,commercial,COM-B,299,1,,
KH-CLM-000737,KB0000757,2026-04-12,New York,Medicare,MEDICARE,60,1,,
KH-CLM-000738,KB0000758,2026-04-12,New York,commercial,COM-A,95,2,,
KH-CLM-000739,KB0000759,2026-04-12,Chicago,commercial,COM-A,145,3,,
KH-CLM-000740,KB0000760,2026-04-12,Chicago,commercial,COM-A,30,1,,
KH-CLM-000741,KB0000761,2026-04-12,Chicago,commercial,COM-A,299,1,,
KH-CLM-000742,KB0000762,2026-04-12,Atlanta,commercial,COM-C,185,4,,
KH-CLM-000743,KB0000763,2026-04-12,Atlanta,Medicare,MEDICARE,270,4,,
KH-CLM-000744,KB0000764,2026-04-12,Atlanta,Medicaid,MEDICAID-GA,95,2,,
KH-CLM-000745,KB0000765,2026-04-12,Atlanta,commercial,COM-A,225,3,,
KH-CLM-000746,KB0000766,2026-04-12,Atlanta,Medicaid,MEDICAID-GA,299,1,,
KH-CLM-000747,KB0000767,2026-04-12,Philadelphia,commercial,COM-C,200,5,,missing or invalid information
KH-CLM-000748,KB0000768,2026-04-12,Philadelphia,commercial,COM-C,105,2,,
KH-CLM-000749,KB0000769,2026-04-12,Philadelphia,Medicare,MEDICARE,245,2,,
KH-CLM-000750,KB0000770,2026-04-12,Philadelphia,self-pay,SELF,30,1,,
KH-CLM-000751,KB0000771,2026-04-13,Dallas,Medicare,MEDICARE,95,1,,
KH-CLM-000752,KB0000772,2026-04-13,Dallas,commercial,COM-B,149,1,,
KH-CLM-000753,KB0000773,2026-04-13,Dallas,self-pay,SELF,95,1,,
KH-CLM-000754,KB0000774,2026-04-13,Dallas,commercial,COM-A,160,2,,
KH-CLM-000755,KB0000775,2026-04-13,Dallas,self-pay,SELF,149,1,,
KH-CLM-000756,KB0000776,2026-04-13,Dallas,commercial,COM-A,299,1,,
KH-CLM-000757,KB0000777,2026-04-13,Dallas,Medicaid,MEDICAID-TX,149,1,,
KH-CLM-000758,KB0000778,2026-04-13,Dallas,Medicare,MEDICARE,115,2,,
KH-CLM-000759,KB0000779,2026-04-13,Dallas,Medicare,MEDICARE,140,3,,
KH-CLM-000760,KB0000780,2026-04-13,Dallas,commercial,COM-A,149,1,,
KH-CLM-000761,KB0000781,2026-04-13,Dallas,Medicaid,MEDICAID-TX,135,2,,
KH-CLM-000762,KB0000783,2026-04-13,Dallas,Medicare,MEDICARE,95,2,,
KH-CLM-000763,KB0000784,2026-04-13,Dallas,Medicare,MEDICARE,299,1,,
KH-CLM-000764,KB0000785,2026-04-13,Dallas,Medicare,MEDICARE,60,1,,
KH-CLM-000765,KB0000786,2026-04-13,Phoenix,Medicaid,MEDICAID-AZ,349,1,,
KH-CLM-000766,KB0000787,2026-04-13,Phoenix,Medicare,MEDICARE,75,1,,
KH-CLM-000767,KB0000788,2026-04-13,Phoenix,Medicaid,MEDICAID-AZ,25,1,,
KH-CLM-000768,KB0000789,2026-04-13,Phoenix,commercial,COM-A,169,2,,duplicate claim
KH-CLM-000769,KB0000790,2026-04-13,Phoenix,Medicaid,MEDICAID-AZ,319,2,,
KH-CLM-000770,KB0000791,2026-04-13,Phoenix,commercial,COM-A,90,2,,
KH-CLM-000771,KB0000792,2026-04-13,Phoenix,Medicare,MEDICARE,155,2,,
KH-CLM-000772,KB0000793,2026-04-13,Phoenix,commercial,COM-A,125,2,,duplicate claim
KH-CLM-000773,KB0000794,2026-04-13,Phoenix,commercial,COM-A,105,2,,
KH-CLM-000774,KB0000795,2026-04-13,New York,Medicaid,MEDICAID-NY,180,2,,
KH-CLM-000775,KB0000796,2026-04-13,New York,Medicaid,MEDICAID-NY,85,1,,
KH-CLM-000776,KB0000797,2026-04-13,New York,commercial,COM-C,145,3,,
KH-CLM-000777,KB0000798,2026-04-13,New York,commercial,COM-A,195,2,,
KH-CLM-000778,KB0000799,2026-04-13,New York,commercial,COM-C,55,2,,
KH-CLM-000779,KB0000800,2026-04-13,New York,commercial,COM-B,210,3,,
KH-CLM-000780,KB0000801,2026-04-13,New York,commercial,COM-C,245,2,,
KH-CLM-000781,KB0000802,2026-04-13,New York,Medicare,MEDICARE,30,1,,
KH-CLM-000782,KB0000803,2026-04-13,New York,commercial,COM-B,30,1,,
KH-CLM-000783,KB0000804,2026-04-13,New York,commercial,COM-A,299,1,,duplicate claim
KH-CLM-000784,KB0000805,2026-04-13,New York,self-pay,SELF,30,1,,
KH-CLM-000785,KB0000806,2026-04-13,New York,Medicaid,MEDICAID-NY,349,1,,
KH-CLM-000786,KB0000807,2026-04-13,New York,Medicare,MEDICARE,299,1,,
KH-CLM-000787,KB0000808,2026-04-13,New York,commercial,COM-C,60,2,,non-covered service
KH-CLM-000788,KB0000809,2026-04-13,Chicago,commercial,COM-A,349,1,,
KH-CLM-000789,KB0000810,2026-04-13,Chicago,commercial,COM-C,350,4,,
KH-CLM-000790,KB0000811,2026-04-13,Chicago,commercial,COM-A,75,1,,
KH-CLM-000791,KB0000812,2026-04-13,Chicago,Medicaid,MEDICAID-IL,149,1,,missing or invalid information
KH-CLM-000792,KB0000813,2026-04-13,Chicago,Medicaid,MEDICAID-IL,140,2,,
KH-CLM-000793,KB0000814,2026-04-13,Chicago,commercial,COM-B,170,2,,
KH-CLM-000794,KB0000815,2026-04-13,Chicago,Medicaid,MEDICAID-IL,85,1,,
KH-CLM-000795,KB0000816,2026-04-13,Chicago,commercial,COM-B,30,1,,
KH-CLM-000796,KB0000817,2026-04-13,Chicago,commercial,COM-C,60,1,,
KH-CLM-000797,KB0000818,2026-04-13,Chicago,commercial,COM-C,290,3,,
KH-CLM-000798,KB0000819,2026-04-13,Atlanta,commercial,COM-B,299,1,,
KH-CLM-000799,KB0000821,2026-04-13,Atlanta,Medicare,MEDICARE,250,4,,
KH-CLM-000800,KB0000822,2026-04-13,Atlanta,Medicare,MEDICARE,130,3,,
KH-CLM-000801,KB0000823,2026-04-13,Atlanta,commercial,COM-A,155,3,,
KH-CLM-000802,KB0000824,2026-04-13,Atlanta,Medicare,MEDICARE,149,1,,
KH-CLM-000803,KB0000825,2026-04-13,Atlanta,commercial,COM-B,75,1,,
KH-CLM-000804,KB0000826,2026-04-13,Atlanta,commercial,COM-B,180,4,,
KH-CLM-000805,KB0000827,2026-04-13,Philadelphia,commercial,COM-C,299,1,,
KH-CLM-000806,KB0000828,2026-04-13,Philadelphia,Medicare,MEDICARE,125,2,,
KH-CLM-000807,KB0000829,2026-04-13,Philadelphia,commercial,COM-C,85,1,,
KH-CLM-000808,KB0000830,2026-04-13,Philadelphia,commercial,COM-A,75,1,,
KH-CLM-000809,KB0000831,2026-04-13,Philadelphia,Medicaid,MEDICAID-PA,65,1,,
KH-CLM-000810,KB0000832,2026-04-13,Philadelphia,commercial,COM-B,195,3,,
KH-CLM-000811,KB0000833,2026-04-13,Philadelphia,Medicare,MEDICARE,75,1,,
KH-CLM-000812,KB0000834,2026-04-13,Philadelphia,commercial,COM-C,299,1,,
KH-CLM-000813,KB0000835,2026-04-13,Philadelphia,Medicare,MEDICARE,70,1,,
KH-CLM-000814,KB0000836,2026-04-13,Philadelphia,self-pay,SELF,30,1,,
KH-CLM-000815,KB0000837,2026-04-14,Dallas,Medicaid,MEDICAID-TX,149,1,,
KH-CLM-000816,KB0000838,2026-04-14,Dallas,Medicare,MEDICARE,70,1,,
KH-CLM-000817,KB0000839,2026-04-14,Dallas,commercial,COM-C,299,1,,
KH-CLM-000818,KB0000840,2026-04-14,Dallas,commercial,COM-A,110,2,,
KH-CLM-000819,KB0000841,2026-04-14,Dallas,commercial,COM-B,195,4,,
KH-CLM-000820,KB0000842,2026-04-14,Dallas,Medicaid,MEDICAID-TX,149,1,,
KH-CLM-000821,KB0000843,2026-04-14,Dallas,Medicaid,MEDICAID-TX,$350.00,4,,
KH-CLM-000822,KB0000844,2026-04-14,Dallas,commercial,COM-B,45,1,,
KH-CLM-000823,KB0000845,2026-04-14,Dallas,Medicaid,MEDICAID-TX,65,1,,
KH-CLM-000824,KB0000846,2026-04-14,Dallas,Medicare,MEDICARE,349,1,,
KH-CLM-000825,KB0000847,2026-04-14,Dallas,Medicare,MEDICARE,149,1,,
KH-CLM-000826,KB0000848,2026-04-14,Dallas,commercial,COM-C,90,2,,
KH-CLM-000827,KB0000849,2026-04-14,Dallas,Medicare,MEDICARE,75,2,,
KH-CLM-000828,KB0000850,2026-04-14,Phoenix,commercial,COM-A,85,1,,
KH-CLM-000829,KB0000851,2026-04-14,Phoenix,commercial,COM-A,70,2,,
KH-CLM-000830,KB0000852,2026-04-14,Phoenix,commercial,COM-B,30,1,,
KH-CLM-000831,KB0000853,2026-04-14,Phoenix,commercial,COM-B,299,1,,
KH-CLM-000832,KB0000854,2026-04-14,Phoenix,Medicaid,MEDICAID-AZ,285,4,,
KH-CLM-000833,KB0000855,2026-04-14,Phoenix,Medicare,MEDICARE,149,1,,
KH-CLM-000834,KB0000856,2026-04-14,Phoenix,commercial,COM-A,270,4,,
KH-CLM-000835,KB0000857,2026-04-14,Phoenix,Medicaid,MEDICAID-AZ,299,1,,
KH-CLM-000836,KB0000858,2026-04-14,Phoenix,commercial,COM-C,150,2,,
KH-CLM-000837,KB0000859,2026-04-14,Phoenix,commercial,COM-B,299,1,,
KH-CLM-000838,KB0000860,2026-04-14,Phoenix,commercial,COM-C,45,1,,
KH-CLM-000839,KB0000861,2026-04-14,Phoenix,commercial,COM-A,149,1,,
KH-CLM-000840,KB0000862,2026-04-14,New York,commercial,COM-A,65,1,,
KH-CLM-000841,KB0000863,2026-04-14,New York,self-pay,SELF,299,1,,
KH-CLM-000842,KB0000864,2026-04-14,New York,commercial,COM-B,25,1,,
KH-CLM-000843,KB0000865,2026-04-14,New York,commercial,COM-B,130,3,,
KH-CLM-000844,KB0000866,2026-04-14,New York,commercial,COM-A,55,1,,
KH-CLM-000845,KB0000867,2026-04-14,New York,commercial,COM-B,299,1,,
KH-CLM-000846,KB0000869,2026-04-14,New York,commercial,COM-A,149,1,,
KH-CLM-000847,KB0000870,2026-04-14,New York,Medicaid,MEDICAID-NY,100,2,,
KH-CLM-000848,KB0000871,2026-04-14,New York,commercial,COM-C,290,4,,
KH-CLM-000849,KB0000872,2026-04-14,New York,commercial,COM-C,299,1,,
KH-CLM-000850,KB0000873,2026-04-14,Chicago,commercial,COM-C,45,1,,
KH-CLM-000851,KB0000874,2026-04-14,Chicago,commercial,COM-B,160,3,,
KH-CLM-000852,KB0000875,2026-04-14,Chicago,commercial,COM-A,75,2,,
KH-CLM-000853,KB0000876,2026-04-14,Chicago,commercial,COM-B,95,2,,
KH-CLM-000854,KB0000877,2026-04-14,Chicago,commercial,COM-B,299,1,,
KH-CLM-000855,KB0000878,2026-04-14,Chicago,Medicare,MEDICARE,55,1,,
KH-CLM-000856,KB0000879,2026-04-14,Chicago,Medicaid,MEDICAID-IL,175,3,,
KH-CLM-000857,KB0000880,2026-04-14,Chicago,Medicaid,MEDICAID-IL,250,4,,
KH-CLM-000858,KB0000881,2026-04-14,Chicago,commercial,COM-B,149,1,,
KH-CLM-000859,KB0000882,2026-04-14,Chicago,commercial,COM-A,120,2,,
KH-CLM-000860,KB0000883,2026-04-14,Atlanta,commercial,COM-B,60,1,,
KH-CLM-000861,KB0000886,2026-04-14,Atlanta,commercial,COM-A,245,2,,
KH-CLM-000862,KB0000887,2026-04-14,Atlanta,commercial,COM-B,180,2,,
KH-CLM-000863,KB0000888,2026-04-14,Atlanta,Medicaid,MEDICAID-GA,210,3,,
KH-CLM-000864,KB0000889,2026-04-14,Atlanta,commercial,COM-C,310,4,,
KH-CLM-000865,KB0000890,2026-04-14,Atlanta,commercial,COM-A,255,5,,
KH-CLM-000866,KB0000891,2026-04-14,Atlanta,Medicare,MEDICARE,149,1,,medical necessity
KH-CLM-000867,KB0000892,2026-04-14,Philadelphia,commercial,COM-A,30,1,,
KH-CLM-000868,KB0000893,2026-04-14,Philadelphia,Medicaid,MEDICAID-PA,145,3,,
KH-CLM-000869,KB0000894,2026-04-14,Philadelphia,Medicare,MEDICARE,299,1,,
KH-CLM-000870,KB0000895,2026-04-14,Philadelphia,Medicare,MEDICARE,65,1,,
KH-CLM-000871,KB0000896,2026-04-14,Philadelphia,commercial,COM-B,140,3,,
KH-CLM-000872,KB0000897,2026-04-14,Philadelphia,Medicare,MEDICARE,375,4,,
KH-CLM-000873,KB0000898,2026-04-14,Philadelphia,commercial,COM-B,275,4,,
KH-CLM-000874,KB0000899,2026-04-14,Philadelphia,Medicare,MEDICARE,299,1,,
KH-CLM-000875,KB0000900,2026-04-14,Philadelphia,Medicare,MEDICARE,265,3,,
KH-CLM-000876,KB0000901,2026-04-15,Dallas,Medicare,MEDICARE,120,2,,
KH-CLM-000877,KB0000902,2026-04-15,Dallas,self-pay,SELF,140,2,,
KH-CLM-000878,KB0000903,2026-04-15,Dallas,commercial,COM-B,130,2,,
KH-CLM-000879,KB0000904,2026-04-15,Dallas,Medicare,MEDICARE,349,1,,
KH-CLM-000880,KB0000905,2026-04-15,Dallas,Medicaid,MEDICAID-TX,349,1,,
KH-CLM-000881,KB0000906,2026-04-15,Dallas,commercial,COM-A,185,3,,
KH-CLM-000882,KB0000907,2026-04-15,Dallas,self-pay,SELF,105,2,,
KH-CLM-000883,KB0000908,2026-04-15,Dallas,Medicaid,MEDICAID-TX,255,3,,
KH-CLM-000884,KB0000909,2026-04-15,Dallas,self-pay,SELF,$95.00,2,,
KH-CLM-000885,KB0000910,2026-04-15,Dallas,commercial,COM-C,190,3,,
KH-CLM-000886,KB0000911,2026-04-15,Dallas,commercial,COM-C,100,2,,
KH-CLM-000887,KB0000912,2026-04-15,Dallas,commercial,COM-C,95,2,,
KH-CLM-000888,KB0000913,2026-04-15,Dallas,self-pay,SELF,240,4,,
KH-CLM-000889,KB0000914,2026-04-15,Dallas,commercial,COM-C,349,1,,
KH-CLM-000890,KB0000915,2026-04-15,Dallas,Medicare,MEDICARE,210,3,,medical necessity
KH-CLM-000891,KB0000916,2026-04-15,Dallas,Medicaid,MEDICAID-TX,125,4,,
KH-CLM-000892,KB0000917,2026-04-15,Phoenix,commercial,COM-A,299,1,,
KH-CLM-000893,KB0000918,2026-04-15,Phoenix,Medicaid,MEDICAID-AZ,169,2,,
KH-CLM-000894,KB0000919,2026-04-15,Phoenix,Medicare,MEDICARE,200,4,,
KH-CLM-000895,KB0000920,2026-04-15,Phoenix,commercial,COM-C,210,3,,
KH-CLM-000896,KB0000921,2026-04-15,Phoenix,commercial,COM-C,349,1,,
KH-CLM-000897,KB0000922,2026-04-15,Phoenix,Medicare,MEDICARE,85,1,,
KH-CLM-000898,KB0000923,2026-04-15,Phoenix,Medicare,MEDICARE,85,2,,
KH-CLM-000899,KB0000924,2026-04-15,Phoenix,commercial,COM-A,105,2,,missing or invalid information
KH-CLM-000900,KB0000926,2026-04-15,Phoenix,commercial,COM-C,125,2,,
KH-CLM-000901,KB0000927,2026-04-15,Phoenix,Medicaid,MEDICAID-AZ,105,3,,
KH-CLM-000902,KB0000928,2026-04-15,Phoenix,commercial,COM-C,100,2,,prior authorization
KH-CLM-000903,KB0000929,2026-04-15,Phoenix,commercial,COM-C,165,2,,
KH-CLM-000904,KB0000930,2026-04-15,Phoenix,Medicaid,MEDICAID-AZ,$349.00,1,,
KH-CLM-000905,KB0000931,2026-04-15,Phoenix,commercial,COM-B,155,3,,
KH-CLM-000906,KB0000932,2026-04-15,New York,commercial,COM-C,65,1,,
KH-CLM-000907,KB0000933,2026-04-15,New York,commercial,COM-A,70,1,,
KH-CLM-000908,KB0000934,2026-04-15,New York,Medicaid,MEDICAID-NY,100,2,,
KH-CLM-000909,KB0000935,2026-04-15,New York,Medicaid,MEDICAID-NY,30,1,,
KH-CLM-000910,KB0000936,2026-04-15,New York,Medicare,MEDICARE,60,2,,
KH-CLM-000911,KB0000937,2026-04-15,New York,commercial,COM-C,180,2,,
KH-CLM-000912,KB0000938,2026-04-15,New York,Medicare,MEDICARE,95,1,,
KH-CLM-000913,KB0000939,2026-04-15,New York,Medicare,MEDICARE,299,1,,
KH-CLM-000914,KB0000940,2026-04-15,New York,Medicaid,MEDICAID-NY,60,1,,
KH-CLM-000915,KB0000941,2026-04-15,Chicago,commercial,COM-C,125,2,,
KH-CLM-000916,KB0000942,2026-04-15,Chicago,commercial,COM-C,299,1,,
KH-CLM-000917,KB0000943,2026-04-15,Chicago,commercial,COM-B,195,3,,
KH-CLM-000918,KB0000944,2026-04-15,Chicago,Medicare,MEDICARE,225,4,,missing or invalid information
KH-CLM-000919,KB0000945,2026-04-15,Chicago,commercial,COM-C,319,2,,
KH-CLM-000920,KB0000946,2026-04-15,Chicago,Medicare,MEDICARE,115,2,,
KH-CLM-000921,KB0000947,2026-04-15,Chicago,commercial,COM-B,145,3,,
KH-CLM-000922,KB0000949,2026-04-15,Chicago,Medicare,MEDICARE,130,2,,
KH-CLM-000923,KB0000950,2026-04-15,Atlanta,commercial,COM-C,349,1,,medical necessity
KH-CLM-000924,KB0000951,2026-04-15,Atlanta,Medicare,MEDICARE,130,2,,
KH-CLM-000925,KB0000952,2026-04-15,Atlanta,Medicare,MEDICARE,115,2,,
KH-CLM-000926,KB0000953,2026-04-15,Atlanta,commercial,COM-C,90,2,,
KH-CLM-000927,KB0000954,2026-04-15,Atlanta,Medicaid,MEDICAID-GA,75,1,,
KH-CLM-000928,KB0000955,2026-04-15,Atlanta,Medicare,MEDICARE,65,1,,
KH-CLM-000929,KB0000956,2026-04-15,Atlanta,commercial,COM-A,299,1,,
KH-CLM-000930,KB0000957,2026-04-15,Philadelphia,commercial,COM-C,30,1,,
KH-CLM-000931,KB0000958,2026-04-15,Philadelphia,commercial,COM-C,319,2,,
KH-CLM-000932,KB0000959,2026-04-15,Philadelphia,commercial,COM-C,210,2,,
KH-CLM-000933,KB0000960,2026-04-15,Philadelphia,Medicare,MEDICARE,299,1,,eligibility or coverage
KH-CLM-000934,KB0000961,2026-04-15,Philadelphia,commercial,COM-B,250,4,,
KH-CLM-000935,KB0000962,2026-04-15,Philadelphia,commercial,COM-B,25,1,,
KH-CLM-000936,KB0000963,2026-04-15,Philadelphia,Medicaid,MEDICAID-PA,349,1,,
KH-CLM-000937,KB0000964,2026-04-15,Philadelphia,commercial,COM-C,245,3,,
KH-CLM-000938,KB0000965,2026-04-15,Philadelphia,commercial,COM-C,299,1,,
KH-CLM-000939,KB0000966,2026-04-16,Dallas,Medicaid,MEDICAID-TX,55,2,,
KH-CLM-000940,KB0000967,2026-04-16,Dallas,Medicaid,MEDICAID-TX,200,3,,
KH-CLM-000941,KB0000968,2026-04-16,Dallas,Medicare,MEDICARE,30,1,,
KH-CLM-000942,KB0000969,2026-04-16,Dallas,Medicare,MEDICARE,299,1,,
KH-CLM-000943,KB0000970,2026-04-16,Dallas,Medicare,MEDICARE,299,1,,
KH-CLM-000944,KB0000971,2026-04-16,Dallas,Medicaid,MEDICAID-TX,325,4,,
KH-CLM-000945,KB0000972,2026-04-16,Dallas,commercial,COM-C,150,3,,
KH-CLM-000946,KB0000973,2026-04-16,Dallas,self-pay,SELF,299,1,,
KH-CLM-000947,KB0000974,2026-04-16,Dallas,commercial,COM-C,125,2,,
KH-CLM-000948,KB0000975,2026-04-16,Dallas,commercial,COM-C,30,1,,
KH-CLM-000949,KB0000976,2026-04-16,Dallas,Medicare,MEDICARE,169,2,,
KH-CLM-000950,KB0000977,2026-04-16,Dallas,Medicaid,MEDICAID-TX,120,2,,
KH-CLM-000951,KB0000978,2026-04-16,Dallas,commercial,COM-A,30,1,,
KH-CLM-000952,KB0000979,2026-04-16,Dallas,commercial,COM-B,240,5,,
KH-CLM-000953,KB0000980,2026-04-16,Phoenix,commercial,COM-C,315,4,,
KH-CLM-000954,KB0000981,2026-04-16,Phoenix,commercial,COM-A,65,1,,
KH-CLM-000955,KB0000983,2026-04-16,Phoenix,Medicare,MEDICARE,195,3,,
KH-CLM-000956,KB0000984,2026-04-16,Phoenix,commercial,COM-B,349,1,,
KH-CLM-000957,KB0000985,2026-04-16,Phoenix,commercial,COM-B,155,2,,
KH-CLM-000958,KB0000986,2026-04-16,Phoenix,commercial,COM-B,170,2,,
KH-CLM-000959,KB0000987,2026-04-16,Phoenix,Medicare,MEDICARE,90,2,,
KH-CLM-000960,KB0000988,2026-04-16,Phoenix,Medicare,MEDICARE,349,1,,
KH-CLM-000961,KB0000989,2026-04-16,Phoenix,commercial,COM-A,60,1,,eligibility or coverage
KH-CLM-000962,KB0000990,2026-04-16,Phoenix,commercial,COM-C,45,1,,
KH-CLM-000963,KB0000991,2026-04-16,Phoenix,commercial,COM-A,300,4,,
KH-CLM-000964,KB0000992,2026-04-16,Phoenix,commercial,COM-B,149,1,,
KH-CLM-000965,KB0000993,2026-04-16,Phoenix,commercial,COM-C,105,2,,
KH-CLM-000966,KB0000994,2026-04-16,New York,commercial,COM-B,175,2,,
KH-CLM-000967,KB0000995,2026-04-16,New York,commercial,COM-A,85,2,,
KH-CLM-000968,KB0000996,2026-04-16,New York,commercial,COM-B,275,3,,
KH-CLM-000969,KB0000997,2026-04-16,New York,commercial,COM-B,125,2,,
KH-CLM-000970,KB0000998,2026-04-16,New York,Medicare,MEDICARE,149,1,,
KH-CLM-000971,KB0000999,2026-04-16,New York,Medicaid,MEDICAID-NY,299,1,,medical necessity
KH-CLM-000972,KB0001000,2026-04-16,New York,commercial,COM-C,130,2,,
KH-CLM-000973,KB0001001,2026-04-16,New York,Medicare,MEDICARE,150,1,,
KH-CLM-000974,KB0001002,2026-04-16,New York,Medicare,MEDICARE,30,1,,
KH-CLM-000975,KB0001003,2026-04-16,New York,Medicaid,MEDICAID-NY,205,2,,
KH-CLM-000976,KB0001004,2026-04-16,New York,self-pay,SELF,85,1,,
KH-CLM-000977,KB0001005,2026-04-16,New York,Medicare,MEDICARE,149,1,,
KH-CLM-000978,KB0001006,2026-04-16,New York,commercial,COM-C,299,1,,missing or invalid information
KH-CLM-000979,KB0001007,2026-04-16,New York,Medicare,MEDICARE,120,2,,eligibility or coverage
KH-CLM-000980,KB0001008,2026-04-16,New York,self-pay,SELF,70,1,,
KH-CLM-000981,KB0001009,2026-04-16,New York,commercial,COM-A,95,1,,
KH-CLM-000982,KB0001010,2026-04-16,Chicago,Medicaid,MEDICAID-IL,149,1,,medical necessity
KH-CLM-000983,KB0001011,2026-04-16,Chicago,commercial,COM-C,115,3,,
KH-CLM-000984,KB0001012,2026-04-16,Chicago,commercial,COM-C,149,1,,eligibility or coverage
KH-CLM-000985,KB0001013,2026-04-16,Chicago,commercial,COM-A,45,1,,
KH-CLM-000986,KB0001014,2026-04-16,Chicago,commercial,COM-C,195,2,,
KH-CLM-000987,KB0001015,2026-04-16,Chicago,commercial,COM-A,25,1,,
KH-CLM-000988,KB0001016,2026-04-16,Chicago,Medicaid,MEDICAID-IL,220,4,,
KH-CLM-000989,KB0001017,2026-04-16,Chicago,commercial,COM-B,70,1,,
KH-CLM-000990,KB0001018,2026-04-16,Chicago,Medicare,MEDICARE,160,2,,
KH-CLM-000991,KB0001019,2026-04-16,Chicago,Medicare,MEDICARE,235,2,,medical necessity
KH-CLM-000992,KB0001020,2026-04-16,Chicago,commercial,COM-B,299,1,,medical necessity
KH-CLM-000993,KB0001021,2026-04-16,Chicago,self-pay,SELF,140,2,,
KH-CLM-000994,KB0001022,2026-04-16,Atlanta,self-pay,SELF,245,2,,
KH-CLM-000995,KB0001023,2026-04-16,Atlanta,Medicaid,MEDICAID-GA,349,1,,prior authorization
KH-CLM-000996,KB0001024,2026-04-16,Atlanta,commercial,COM-C,65,1,,
KH-CLM-000997,KB0001025,2026-04-16,Atlanta,commercial,COM-C,85,1,,
KH-CLM-000998,KB0001026,2026-04-16,Atlanta,commercial,COM-C,115,2,,
KH-CLM-000999,KB0001027,2026-04-16,Atlanta,Medicare,MEDICARE,120,2,,medical necessity
KH-CLM-001000,KB0001028,2026-04-16,Atlanta,Medicaid,MEDICAID-GA,160,3,,
KH-CLM-001001,KB0001029,2026-04-16,Atlanta,commercial,COM-B,175,4,,
KH-CLM-001002,KB0001030,2026-04-16,Philadelphia,commercial,COM-A,30,1,,
KH-CLM-001003,KB0001031,2026-04-16,Philadelphia,Medicare,MEDICARE,95,1,,
KH-CLM-001004,KB0001032,2026-04-16,Philadelphia,commercial,COM-B,100,2,,eligibility or coverage
KH-CLM-001005,KB0001033,2026-04-16,Philadelphia,commercial,COM-A,310,4,,
KH-CLM-001006,KB0001034,2026-04-16,Philadelphia,Medicaid,MEDICAID-PA,349,1,,
KH-CLM-001007,KB0001035,2026-04-16,Philadelphia,self-pay,SELF,160,3,,
KH-CLM-001008,KB0001036,2026-04-16,Philadelphia,commercial,COM-C,299,1,,
KH-CLM-001009,KB0001037,2026-04-17,Dallas,commercial,COM-B,205,2,,
KH-CLM-001010,KB0001038,2026-04-17,Dallas,commercial,COM-A,30,1,,eligibility or coverage
KH-CLM-001011,KB0001039,2026-04-17,Dallas,Medicaid,MEDICAID-TX,25,1,,
KH-CLM-001012,KB0001040,2026-04-17,Dallas,commercial,COM-C,155,3,,
KH-CLM-001013,KB0001041,2026-04-17,Dallas,Medicare,MEDICARE,250,5,,
KH-CLM-001014,KB0001042,2026-04-17,Dallas,Medicare,MEDICARE,319,2,,non-covered service
KH-CLM-001015,KB0001043,2026-04-17,Dallas,Medicare,MEDICARE,$349.00,1,,non-covered service
KH-CLM-001016,KB0001044,2026-04-17,Dallas,commercial,COM-C,299,1,,medical necessity
KH-CLM-001017,KB0001045,2026-04-17,Dallas,self-pay,SELF,335,4,,
KH-CLM-001018,KB0001046,2026-04-17,Dallas,self-pay,SELF,215,4,,
KH-CLM-001019,KB0001047,2026-04-17,Dallas,Medicare,MEDICARE,299,1,,duplicate claim
KH-CLM-001020,KB0001048,2026-04-17,Dallas,Medicaid,MEDICAID-TX,170,3,,
KH-CLM-001021,KB0001049,2026-04-17,Dallas,Medicare,MEDICARE,299,1,,
KH-CLM-001022,KB0001050,2026-04-17,Dallas,commercial,COM-B,299,1,,
KH-CLM-001023,KB0001051,2026-04-17,Dallas,Medicaid,MEDICAID-TX,299,1,,
KH-CLM-001024,KB0001052,2026-04-17,Dallas,commercial,COM-C,30,1,,
KH-CLM-001025,KB0001054,2026-04-17,Phoenix,commercial,COM-B,215,4,,
KH-CLM-001026,KB0001055,2026-04-17,Phoenix,commercial,COM-C,380,4,,
KH-CLM-001027,KB0001056,2026-04-17,Phoenix,self-pay,SELF,299,1,,
KH-CLM-001028,KB0001057,2026-04-17,Phoenix,commercial,COM-A,30,1,,medical necessity
KH-CLM-001029,KB0001058,2026-04-17,Phoenix,self-pay,SELF,149,1,,
KH-CLM-001030,KB0001059,2026-04-17,Phoenix,Medicare,MEDICARE,335,4,,
KH-CLM-001031,KB0001060,2026-04-17,Phoenix,commercial,COM-B,349,1,,
KH-CLM-001032,KB0001061,2026-04-17,Phoenix,Medicare,MEDICARE,145,3,,
KH-CLM-001033,KB0001062,2026-04-17,Phoenix,Medicaid,MEDICAID-AZ,195,2,,prior authorization
KH-CLM-001034,KB0001063,2026-04-17,Phoenix,Medicare,MEDICARE,175,2,,
KH-CLM-001035,KB0001064,2026-04-17,Phoenix,Medicaid,MEDICAID-AZ,130,2,,
KH-CLM-001036,KB0001065,2026-04-17,Phoenix,commercial,COM-A,100,2,,
KH-CLM-001037,KB0001066,2026-04-17,Phoenix,commercial,COM-A,349,1,,
KH-CLM-001038,KB0001067,2026-04-17,New York,commercial,COM-C,299,1,,
KH-CLM-001039,KB0001068,2026-04-17,New York,Medicaid,MEDICAID-NY,115,2,,
KH-CLM-001040,KB0001069,2026-04-17,New York,commercial,COM-C,319,2,,medical necessity
KH-CLM-001041,KB0001070,2026-04-17,New York,commercial,COM-A,360,4,,
KH-CLM-001042,KB0001071,2026-04-17,New York,commercial,COM-A,160,2,,
KH-CLM-001043,KB0001072,2026-04-17,New York,Medicare,MEDICARE,149,1,,
KH-CLM-001044,KB0001073,2026-04-17,New York,Medicaid,MEDICAID-NY,85,2,,
KH-CLM-001045,KB0001074,2026-04-17,New York,commercial,COM-A,70,1,,missing or invalid information
KH-CLM-001046,KB0001075,2026-04-17,New York,Medicaid,MEDICAID-NY,110,2,,
KH-CLM-001047,KB0001076,2026-04-17,New York,Medicare,MEDICARE,95,1,,
KH-CLM-001048,KB0001077,2026-04-17,New York,commercial,COM-A,299,1,,
KH-CLM-001049,KB0001078,2026-04-17,New York,commercial,COM-B,149,1,,
KH-CLM-001050,KB0001079,2026-04-17,New York,Medicare,MEDICARE,350,4,,
KH-CLM-001051,KB0001080,2026-04-17,New York,Medicaid,MEDICAID-NY,185,3,,
KH-CLM-001052,KB0001081,2026-04-17,New York,commercial,COM-B,145,3,,
KH-CLM-001053,KB0001082,2026-04-17,New York,commercial,COM-C,235,4,,
KH-CLM-001054,KB0001083,2026-04-17,Chicago,Medicaid,MEDICAID-IL,190,3,,
KH-CLM-001055,KB0001084,2026-04-17,Chicago,commercial,COM-A,60,1,,
KH-CLM-001056,KB0001085,2026-04-17,Chicago,commercial,COM-A,299,1,,
KH-CLM-001057,KB0001086,2026-04-17,Chicago,commercial,COM-C,170,3,,
KH-CLM-001058,KB0001087,2026-04-17,Chicago,commercial,COM-B,85,2,,
KH-CLM-001059,KB0001088,2026-04-17,Chicago,commercial,COM-A,349,1,,timely filing
KH-CLM-001060,KB0001089,2026-04-17,Chicago,self-pay,SELF,285,3,,
KH-CLM-001061,KB0001090,2026-04-17,Chicago,commercial,COM-B,60,1,,
KH-CLM-001062,KB0001091,2026-04-17,Chicago,commercial,COM-B,70,1,,
KH-CLM-001063,KB0001092,2026-04-17,Atlanta,Medicare,MEDICARE,190,3,,
KH-CLM-001064,KB0001093,2026-04-17,Atlanta,Medicare,MEDICARE,30,1,,
KH-CLM-001065,KB0001094,2026-04-17,Atlanta,Medicare,MEDICARE,150,1,,
KH-CLM-001066,KB0001095,2026-04-17,Atlanta,self-pay,SELF,149,1,,
KH-CLM-001067,KB0001096,2026-04-17,Atlanta,Medicaid,MEDICAID-GA,170,3,,
KH-CLM-001068,KB0001097,2026-04-17,Atlanta,Medicare,MEDICARE,55,1,,eligibility or coverage
KH-CLM-001069,KB0001098,2026-04-17,Atlanta,Medicare,MEDICARE,150,1,,
KH-CLM-001070,KB0001099,2026-04-17,Atlanta,commercial,COM-A,149,1,,
KH-CLM-001071,KB0001100,2026-04-17,Philadelphia,Medicare,MEDICARE,90,2,,
KH-CLM-001072,KB0001101,2026-04-17,Philadelphia,commercial,COM-B,299,1,,
KH-CLM-001073,KB0001102,2026-04-17,Philadelphia,Medicaid,MEDICAID-PA,349,1,,eligibility or coverage
KH-CLM-001074,KB0001103,2026-04-17,Philadelphia,commercial,COM-B,30,1,,
KH-CLM-001075,KB0001104,2026-04-17,Philadelphia,commercial,COM-A,150,1,,
KH-CLM-001076,KB0001105,2026-04-18,Dallas,commercial,COM-C,75,1,,
KH-CLM-001077,KB0001106,2026-04-18,Dallas,commercial,COM-B,25,1,,
KH-CLM-001078,KB0001107,2026-04-18,Dallas,commercial,COM-A,45,1,,
KH-CLM-001079,KB0001108,2026-04-18,Dallas,commercial,COM-C,100,2,,non-covered service
KH-CLM-001080,KB0001109,2026-04-18,Dallas,Medicare,MEDICARE,299,1,,
KH-CLM-001081,KB0001110,2026-04-18,Dallas,commercial,COM-A,150,1,,
KH-CLM-001082,KB0001111,2026-04-18,Dallas,Medicare,MEDICARE,70,1,,
KH-CLM-001083,KB0001112,2026-04-18,Dallas,commercial,COM-A,270,3,,
KH-CLM-001084,KB0001113,2026-04-18,Dallas,Medicaid,MEDICAID-TX,305,4,,
KH-CLM-001085,KB0001114,2026-04-18,Dallas,commercial,COM-B,355,4,,
KH-CLM-001086,KB0001115,2026-04-18,Dallas,commercial,COM-B,95,1,,
KH-CLM-001087,KB0001116,2026-04-18,Dallas,commercial,COM-C,150,2,,
KH-CLM-001088,KB0001117,2026-04-18,Phoenix,commercial,COM-A,349,1,,
KH-CLM-001089,KB0001118,2026-04-18,Phoenix,Medicaid,MEDICAID-AZ,349,1,,
KH-CLM-001090,KB0001119,2026-04-18,Phoenix,commercial,COM-B,149,1,,
KH-CLM-001091,KB0001120,2026-04-18,Phoenix,Medicare,MEDICARE,299,1,,
KH-CLM-001092,KB0001121,2026-04-18,Phoenix,Medicare,MEDICARE,150,3,,
KH-CLM-001093,KB0001122,2026-04-18,Phoenix,commercial,COM-A,149,1,,
KH-CLM-001094,KB0001123,2026-04-18,Phoenix,commercial,COM-C,169,2,,
KH-CLM-001095,KB0001124,2026-04-18,Phoenix,commercial,COM-B,115,3,,
KH-CLM-001096,KB0001125,2026-04-18,Phoenix,commercial,COM-A,125,2,,
KH-CLM-001097,KB0001126,2026-04-18,Phoenix,commercial,COM-A,30,1,,
KH-CLM-001098,KB0001127,2026-04-18,Phoenix,self-pay,SELF,149,1,,
KH-CLM-001099,KB0001128,2026-04-18,Phoenix,commercial,COM-B,145,2,,
KH-CLM-001100,KB0001129,2026-04-18,Phoenix,Medicare,MEDICARE,125,2,,missing or invalid information
KH-CLM-001101,KB0001130,2026-04-18,New York,commercial,COM-A,30,1,,
KH-CLM-001102,KB0001131,2026-04-18,New York,commercial,COM-A,30,1,,
KH-CLM-001103,KB0001132,2026-04-18,New York,Medicaid,MEDICAID-NY,160,2,,
KH-CLM-001104,KB0001133,2026-04-18,New York,Medicare,MEDICARE,310,4,,
KH-CLM-001105,KB0001134,2026-04-18,New York,commercial,COM-B,315,5,,
KH-CLM-001106,KB0001135,2026-04-18,New York,commercial,COM-C,75,1,,
KH-CLM-001107,KB0001136,2026-04-18,New York,commercial,COM-C,149,1,,
KH-CLM-001108,KB0001137,2026-04-18,New York,commercial,COM-C,65,1,,
KH-CLM-001109,KB0001138,2026-04-18,New York,commercial,COM-B,85,2,,
KH-CLM-001110,KB0001139,2026-04-18,New York,Medicare,MEDICARE,175,3,,
KH-CLM-001111,KB0001140,2026-04-18,New York,commercial,COM-A,299,1,,
KH-CLM-001112,KB0001141,2026-04-18,New York,commercial,COM-B,205,2,,
KH-CLM-001113,KB0001142,2026-04-18,New York,commercial,COM-A,155,2,,
KH-CLM-001114,KB0001143,2026-04-18,Chicago,commercial,COM-C,150,2,,
KH-CLM-001115,KB0001144,2026-04-18,Chicago,commercial,COM-A,200,3,,
KH-CLM-001116,KB0001145,2026-04-18,Chicago,commercial,COM-A,319,2,,
KH-CLM-001117,KB0001146,2026-04-18,Chicago,self-pay,SELF,299,1,,
KH-CLM-001118,KB0001147,2026-04-18,Chicago,commercial,COM-B,60,2,,
KH-CLM-001119,KB0001148,2026-04-18,Chicago,commercial,COM-A,195,4,,
KH-CLM-001120,KB0001149,2026-04-18,Chicago,Medicaid,MEDICAID-IL,170,2,,
KH-CLM-001121,KB0001150,2026-04-18,Chicago,commercial,COM-C,85,1,,
KH-CLM-001122,KB0001151,2026-04-18,Chicago,commercial,COM-B,150,1,,
KH-CLM-001123,KB0001152,2026-04-18,Chicago,commercial,COM-B,65,1,,
KH-CLM-001124,KB0001153,2026-04-18,Chicago,commercial,COM-A,210,4,,
KH-CLM-001125,KB0001154,2026-04-18,Chicago,commercial,COM-A,65,1,,
KH-CLM-001126,KB0001155,2026-04-18,Chicago,self-pay,SELF,70,1,,
KH-CLM-001127,KB0001156,2026-04-18,Atlanta,commercial,COM-B,369,2,,
KH-CLM-001128,KB0001157,2026-04-18,Atlanta,self-pay,SELF,195,3,,
KH-CLM-001129,KB0001158,2026-04-18,Atlanta,commercial,COM-A,70,1,,
KH-CLM-001130,KB0001159,2026-04-18,Atlanta,commercial,COM-A,100,2,,
KH-CLM-001131,KB0001160,2026-04-18,Philadelphia,self-pay,SELF,120,2,,
KH-CLM-001132,KB0001161,2026-04-18,Philadelphia,commercial,COM-A,195,3,,
KH-CLM-001133,KB0001162,2026-04-18,Philadelphia,Medicaid,MEDICAID-PA,299,1,,
KH-CLM-001134,KB0001163,2026-04-18,Philadelphia,commercial,COM-C,319,2,,
KH-CLM-001135,KB0001164,2026-04-18,Philadelphia,Medicaid,MEDICAID-PA,169,2,,eligibility or coverage
KH-CLM-001136,KB0001165,2026-04-18,Philadelphia,Medicare,MEDICARE,60,1,,
KH-CLM-001137,KB0001166,2026-04-19,Dallas,commercial,COM-B,349,1,,
KH-CLM-001138,KB0001167,2026-04-19,Dallas,commercial,COM-B,149,1,,
KH-CLM-001139,KB0001168,2026-04-19,Dallas,Medicare,MEDICARE,100,2,,
KH-CLM-001140,KB0001169,2026-04-19,Dallas,commercial,COM-C,185,3,,
KH-CLM-001141,KB0001171,2026-04-19,Dallas,commercial,COM-A,160,3,,
KH-CLM-001142,KB0001172,2026-04-19,Dallas,commercial,COM-A,349,1,,
KH-CLM-001143,KB0001173,2026-04-19,Phoenix,Medicare,MEDICARE,95,2,,
KH-CLM-001144,KB0001174,2026-04-19,Phoenix,Medicare,MEDICARE,360,4,,
KH-CLM-001145,KB0001175,2026-04-19,Phoenix,Medicaid,MEDICAID-AZ,100,2,,
KH-CLM-001146,KB0001176,2026-04-19,Phoenix,commercial,COM-B,70,1,,
KH-CLM-001147,KB0001177,2026-04-19,Phoenix,commercial,COM-C,165,4,,
KH-CLM-001148,KB0001178,2026-04-19,Phoenix,Medicaid,MEDICAID-AZ,55,1,,
KH-CLM-001149,KB0001179,2026-04-19,Phoenix,Medicaid,MEDICAID-AZ,75,1,,
KH-CLM-001150,KB0001180,2026-04-19,Phoenix,commercial,COM-B,150,3,,
KH-CLM-001151,KB0001181,2026-04-19,Phoenix,commercial,COM-B,149,1,,
KH-CLM-001152,KB0001182,2026-04-19,Phoenix,commercial,COM-C,85,1,,
KH-CLM-001153,KB0001183,2026-04-19,Phoenix,commercial,COM-C,300,3,,
KH-CLM-001154,KB0001184,2026-04-19,Phoenix,Medicare,MEDICARE,140,3,,
KH-CLM-001155,KB0001185,2026-04-19,New York,Medicaid,MEDICAID-NY,330,4,,
KH-CLM-001156,KB0001186,2026-04-19,New York,commercial,COM-B,85,1,,
KH-CLM-001157,KB0001187,2026-04-19,New York,commercial,COM-B,110,2,,
KH-CLM-001158,KB0001188,2026-04-19,New York,Medicare,MEDICARE,95,1,,
KH-CLM-001159,KB0001189,2026-04-19,New York,commercial,COM-A,30,1,,
KH-CLM-001160,KB0001190,2026-04-19,New York,commercial,COM-B,149,1,,
KH-CLM-001161,KB0001191,2026-04-19,New York,Medicare,MEDICARE,299,1,,
KH-CLM-001162,KB0001192,2026-04-19,New York,Medicaid,MEDICAID-NY,155,3,,
KH-CLM-001163,KB0001193,2026-04-19,Chicago,Medicare,MEDICARE,55,1,,
KH-CLM-001164,KB0001194,2026-04-19,Chicago,Medicare,MEDICARE,355,4,,
KH-CLM-001165,KB0001195,2026-04-19,Chicago,commercial,COM-B,149,1,,
KH-CLM-001166,KB0001196,2026-04-19,Chicago,commercial,COM-C,95,2,,timely filing
KH-CLM-001167,KB0001197,2026-04-19,Chicago,Medicare,MEDICARE,299,1,,
KH-CLM-001168,KB0001198,2026-04-19,Chicago,Medicaid,MEDICAID-IL,375,4,,
KH-CLM-001169,KB0001199,2026-04-19,Atlanta,Medicare,MEDICARE,349,1,,
KH-CLM-001170,KB0001200,2026-04-19,Atlanta,self-pay,SELF,30,1,,
KH-CLM-001171,KB0001201,2026-04-19,Atlanta,self-pay,SELF,255,3,,
KH-CLM-001172,KB0001202,2026-04-19,Atlanta,Medicare,MEDICARE,299,1,,
KH-CLM-001173,KB0001203,2026-04-19,Atlanta,commercial,COM-B,299,1,,missing or invalid information
KH-CLM-001174,KB0001204,2026-04-19,Atlanta,commercial,COM-C,170,2,,
KH-CLM-001175,KB0001205,2026-04-19,Atlanta,commercial,COM-C,149,1,,
KH-CLM-001176,KB0001208,2026-04-19,Philadelphia,Medicaid,MEDICAID-PA,299,1,,
KH-CLM-001177,KB0001209,2026-04-19,Philadelphia,self-pay,SELF,299,1,,
KH-CLM-001178,KB0001210,2026-04-20,Dallas,commercial,COM-C,299,1,,
KH-CLM-001179,KB0001211,2026-04-20,Dallas,commercial,COM-C,45,2,,
KH-CLM-001180,KB0001212,2026-04-20,Dallas,commercial,COM-C,230,4,,
KH-CLM-001181,KB0001213,2026-04-20,Dallas,Medicare,MEDICARE,225,4,,
KH-CLM-001182,KB0001214,2026-04-20,Dallas,Medicare,MEDICARE,55,1,,
KH-CLM-001183,KB0001215,2026-04-20,Dallas,Medicare,MEDICARE,100,2,,
KH-CLM-001184,KB0001216,2026-04-20,Dallas,commercial,COM-B,85,1,,
KH-CLM-001185,KB0001217,2026-04-20,Dallas,Medicare,MEDICARE,110,2,,
KH-CLM-001186,KB0001218,2026-04-20,Dallas,commercial,COM-C,349,1,,
KH-CLM-001187,KB0001219,2026-04-20,Dallas,Medicare,MEDICARE,70,1,,
KH-CLM-001188,KB0001220,2026-04-20,Dallas,commercial,COM-A,349,1,,
KH-CLM-001189,KB0001221,2026-04-20,Dallas,Medicare,MEDICARE,185,3,,
KH-CLM-001190,KB0001222,2026-04-20,Dallas,commercial,COM-C,90,2,,
KH-CLM-001191,KB0001223,2026-04-20,Dallas,commercial,COM-A,145,2,,
KH-CLM-001192,KB0001224,2026-04-20,Dallas,Medicaid,MEDICAID-TX,290,3,,
KH-CLM-001193,KB0001225,2026-04-20,Dallas,commercial,COM-A,299,1,,
KH-CLM-001194,KB0001226,2026-04-20,Phoenix,commercial,COM-B,45,1,,
KH-CLM-001195,KB0001227,2026-04-20,Phoenix,commercial,COM-B,180,3,,
KH-CLM-001196,KB0001228,2026-04-20,Phoenix,commercial,COM-C,30,1,,
KH-CLM-001197,KB0001229,2026-04-20,Phoenix,Medicare,MEDICARE,299,1,,
KH-CLM-001198,KB0001231,2026-04-20,Phoenix,Medicare,MEDICARE,205,4,,
KH-CLM-001199,KB0001232,2026-04-20,Phoenix,Medicare,MEDICARE,120,2,,
KH-CLM-001200,KB0001233,2026-04-20,Phoenix,commercial,COM-C,299,1,,
KH-CLM-001201,KB0001234,2026-04-20,Phoenix,Medicare,MEDICARE,125,2,,
KH-CLM-001202,KB0001235,2026-04-20,Phoenix,Medicare,MEDICARE,110,2,,
KH-CLM-001203,KB0001236,2026-04-20,Phoenix,commercial,COM-B,115,2,,
KH-CLM-001204,KB0001237,2026-04-20,Phoenix,Medicare,MEDICARE,235,2,,
KH-CLM-001205,KB0001238,2026-04-20,New York,commercial,COM-C,95,1,,eligibility or coverage
KH-CLM-001206,KB0001239,2026-04-20,New York,commercial,COM-A,75,2,,
KH-CLM-001207,KB0001240,2026-04-20,New York,commercial,COM-A,149,1,,
KH-CLM-001208,KB0001241,2026-04-20,New York,commercial,COM-C,85,1,,
KH-CLM-001209,KB0001242,2026-04-20,New York,commercial,COM-A,149,1,,
KH-CLM-001210,KB0001243,2026-04-20,New York,commercial,COM-B,65,1,,
KH-CLM-001211,KB0001244,2026-04-20,New York,commercial,COM-B,149,1,,
KH-CLM-001212,KB0001245,2026-04-20,New York,Medicaid,MEDICAID-NY,299,1,,
KH-CLM-001213,KB0001246,2026-04-20,New York,commercial,COM-A,149,1,,
KH-CLM-001214,KB0001247,2026-04-20,Chicago,Medicare,MEDICARE,350,4,,
KH-CLM-001215,KB0001248,2026-04-20,Chicago,commercial,COM-B,150,2,,
KH-CLM-001216,KB0001249,2026-04-20,Chicago,commercial,COM-C,190,3,,
KH-CLM-001217,KB0001250,2026-04-20,Chicago,Medicaid,MEDICAID-IL,299,1,,
KH-CLM-001218,KB0001251,2026-04-20,Chicago,commercial,COM-B,55,2,,
KH-CLM-001219,KB0001252,2026-04-20,Chicago,commercial,COM-A,149,1,,
KH-CLM-001220,KB0001253,2026-04-20,Chicago,commercial,COM-C,25,1,,
KH-CLM-001221,KB0001254,2026-04-20,Chicago,commercial,COM-C,70,1,,
KH-CLM-001222,KB0001255,2026-04-20,Chicago,Medicare,MEDICARE,65,1,,
KH-CLM-001223,KB0001256,2026-04-20,Atlanta,commercial,COM-B,235,4,,
KH-CLM-001224,KB0001257,2026-04-20,Atlanta,commercial,COM-C,165,3,,
KH-CLM-001225,KB0001258,2026-04-20,Atlanta,commercial,COM-C,299,1,,eligibility or coverage
KH-CLM-001226,KB0001259,2026-04-20,Atlanta,commercial,COM-C,299,1,,
KH-CLM-001227,KB0001260,2026-04-20,Atlanta,commercial,COM-B,149,1,,
KH-CLM-001228,KB0001261,2026-04-20,Atlanta,commercial,COM-A,90,2,,
KH-CLM-001229,KB0001262,2026-04-20,Atlanta,Medicaid,MEDICAID-GA,149,1,,
KH-CLM-001230,KB0001263,2026-04-20,Atlanta,commercial,COM-A,195,2,,
KH-CLM-001231,KB0001264,2026-04-20,Atlanta,commercial,COM-B,299,1,,
KH-CLM-001232,KB0001265,2026-04-20,Atlanta,Medicare,MEDICARE,225,2,,
KH-CLM-001233,KB0001266,2026-04-20,Atlanta,self-pay,SELF,85,2,,
KH-CLM-001234,KB0001267,2026-04-20,Philadelphia,commercial,COM-B,149,1,,
KH-CLM-001235,KB0001268,2026-04-20,Philadelphia,Medicaid,MEDICAID-PA,75,2,,
KH-CLM-001236,KB0001270,2026-04-20,Philadelphia,Medicaid,MEDICAID-PA,85,2,,
KH-CLM-001237,KB0001271,2026-04-20,Philadelphia,commercial,COM-C,65,1,,
KH-CLM-001238,KB0001272,2026-04-20,Philadelphia,commercial,COM-C,319,2,,non-covered service
KH-CLM-001239,KB0001273,2026-04-21,Dallas,commercial,COM-A,260,4,,
KH-CLM-001240,KB0001274,2026-04-21,Dallas,commercial,COM-A,120,3,,
KH-CLM-001241,KB0001275,2026-04-21,Dallas,Medicare,MEDICARE,85,1,,
KH-CLM-001242,KB0001276,2026-04-21,Dallas,commercial,COM-A,200,3,,
KH-CLM-001243,KB0001277,2026-04-21,Dallas,commercial,COM-B,100,2,,
KH-CLM-001244,KB0001278,2026-04-21,Dallas,Medicare,MEDICARE,299,1,,
KH-CLM-001245,KB0001279,2026-04-21,Dallas,commercial,COM-B,105,2,,
KH-CLM-001246,KB0001280,2026-04-21,Dallas,commercial,COM-C,319,2,,
KH-CLM-001247,KB0001281,2026-04-21,Dallas,Medicaid,MEDICAID-TX,240,4,,
KH-CLM-001248,KB0001282,2026-04-21,Dallas,commercial,COM-B,100,2,,
KH-CLM-001249,KB0001283,2026-04-21,Dallas,Medicare,MEDICARE,299,1,,
KH-CLM-001250,KB0001284,2026-04-21,Dallas,Medicare,MEDICARE,235,4,,
KH-CLM-001251,KB0001285,2026-04-21,Dallas,self-pay,SELF,170,4,,
KH-CLM-001252,KB0001286,2026-04-21,Dallas,Medicare,MEDICARE,185,3,,
KH-CLM-001253,KB0001287,2026-04-21,Dallas,commercial,COM-A,210,2,,
KH-CLM-001254,KB0001288,2026-04-21,Phoenix,commercial,COM-B,299,1,,
KH-CLM-001255,KB0001289,2026-04-21,Phoenix,Medicaid,MEDICAID-AZ,149,1,,missing or invalid information
KH-CLM-001256,KB0001290,2026-04-21,Phoenix,Medicaid,MEDICAID-AZ,150,1,,
KH-CLM-001257,KB0001291,2026-04-21,Phoenix,commercial,COM-B,65,1,,
KH-CLM-001258,KB0001292,2026-04-21,Phoenix,Medicaid,MEDICAID-AZ,299,1,,
KH-CLM-001259,KB0001293,2026-04-21,Phoenix,commercial,COM-C,25,1,,
KH-CLM-001260,KB0001294,2026-04-21,Phoenix,commercial,COM-A,30,1,,
KH-CLM-001261,KB0001295,2026-04-21,Phoenix,Medicare,MEDICARE,299,1,,
KH-CLM-001262,KB0001296,2026-04-21,Phoenix,Medicare,MEDICARE,349,1,,
KH-CLM-001263,KB0001297,2026-04-21,Phoenix,commercial,COM-A,120,2,,
KH-CLM-001264,KB0001298,2026-04-21,Phoenix,Medicare,MEDICARE,130,2,,
KH-CLM-001265,KB0001299,2026-04-21,New York,Medicaid,MEDICAID-NY,349,1,,
KH-CLM-001266,KB0001300,2026-04-21,New York,commercial,COM-B,149,1,,prior authorization
KH-CLM-001267,KB0001301,2026-04-21,New York,Medicaid,MEDICAID-NY,170,3,,prior authorization
KH-CLM-001268,KB0001302,2026-04-21,New York,Medicaid,MEDICAID-NY,285,4,,
KH-CLM-001269,KB0001303,2026-04-21,New York,commercial,COM-C,180,2,,
KH-CLM-001270,KB0001304,2026-04-21,New York,commercial,COM-C,149,1,,
KH-CLM-001271,KB0001305,2026-04-21,New York,commercial,COM-A,320,4,,
KH-CLM-001272,KB0001306,2026-04-21,New York,Medicaid,MEDICAID-NY,65,1,,
KH-CLM-001273,KB0001307,2026-04-21,New York,commercial,COM-B,155,2,,
KH-CLM-001274,KB0001309,2026-04-21,New York,self-pay,SELF,75,1,,
KH-CLM-001275,KB0001311,2026-04-21,Chicago,commercial,COM-C,349,1,,
KH-CLM-001276,KB0001312,2026-04-21,Chicago,commercial,COM-C,85,1,,
KH-CLM-001277,KB0001313,2026-04-21,Chicago,commercial,COM-A,299,1,,
KH-CLM-001278,KB0001314,2026-04-21,Chicago,commercial,COM-B,150,1,,eligibility or coverage
KH-CLM-001279,KB0001315,2026-04-21,Chicago,self-pay,SELF,355,4,,
KH-CLM-001280,KB0001316,2026-04-21,Chicago,commercial,COM-B,270,4,,eligibility or coverage
KH-CLM-001281,KB0001317,2026-04-21,Atlanta,commercial,COM-C,55,2,,
KH-CLM-001282,KB0001318,2026-04-21,Atlanta,commercial,COM-C,319,2,,
KH-CLM-001283,KB0001319,2026-04-21,Atlanta,commercial,COM-C,275,4,,
KH-CLM-001284,KB0001320,2026-04-21,Atlanta,Medicaid,MEDICAID-GA,220,2,,
KH-CLM-001285,KB0001321,2026-04-21,Atlanta,commercial,COM-C,85,2,,missing or invalid information
KH-CLM-001286,KB0001322,2026-04-21,Atlanta,Medicare,MEDICARE,55,2,,
KH-CLM-001287,KB0001323,2026-04-21,Atlanta,self-pay,SELF,85,2,,
KH-CLM-001288,KB0001324,2026-04-21,Philadelphia,commercial,COM-A,149,1,,
KH-CLM-001289,KB0001325,2026-04-21,Philadelphia,Medicaid,MEDICAID-PA,205,3,,missing or invalid information
KH-CLM-001290,KB0001326,2026-04-21,Philadelphia,commercial,COM-C,75,2,,
KH-CLM-001291,KB0001327,2026-04-21,Philadelphia,commercial,COM-A,349,1,,
KH-CLM-001292,KB0001328,2026-04-21,Philadelphia,Medicare,MEDICARE,149,1,,
KH-CLM-001293,KB0001329,2026-04-21,Philadelphia,commercial,COM-B,65,1,,
KH-CLM-001294,KB0001330,2026-04-21,Philadelphia,commercial,COM-B,299,1,,
KH-CLM-001295,KB0001331,2026-04-21,Philadelphia,commercial,COM-C,95,1,,
KH-CLM-001296,KB0001332,2026-04-21,Philadelphia,commercial,COM-A,299,1,,
KH-CLM-001297,KB0001333,2026-04-21,Philadelphia,commercial,COM-C,70,1,,
KH-CLM-001298,KB0001334,2026-04-22,Dallas,commercial,COM-B,240,4,,
KH-CLM-001299,KB0001335,2026-04-22,Dallas,commercial,COM-B,145,3,,
KH-CLM-001300,KB0001336,2026-04-22,Dallas,Medicare,MEDICARE,295,4,,
KH-CLM-001301,KB0001337,2026-04-22,Dallas,Medicare,MEDICARE,305,3,,
KH-CLM-001302,KB0001338,2026-04-22,Dallas,commercial,COM-A,299,1,,
KH-CLM-001303,KB0001339,2026-04-22,Dallas,commercial,COM-C,149,1,,
KH-CLM-001304,KB0001340,2026-04-22,Dallas,Medicaid,MEDICAID-TX,60,1,,
KH-CLM-001305,KB0001341,2026-04-22,Dallas,commercial,COM-B,149,1,,
KH-CLM-001306,KB0001342,2026-04-22,Dallas,commercial,COM-B,299,1,,non-covered service
KH-CLM-001307,KB0001343,2026-04-22,Dallas,Medicare,MEDICARE,85,2,,
KH-CLM-001308,KB0001344,2026-04-22,Dallas,commercial,COM-B,125,2,,
KH-CLM-001309,KB0001345,2026-04-22,Dallas,commercial,COM-C,30,1,,
KH-CLM-001310,KB0001346,2026-04-22,Dallas,commercial,COM-C,25,1,,
KH-CLM-001311,KB0001347,2026-04-22,Phoenix,Medicare,MEDICARE,265,3,,
KH-CLM-001312,KB0001348,2026-04-22,Phoenix,Medicare,MEDICARE,299,1,,
KH-CLM-001313,KB0001349,2026-04-22,Phoenix,Medicare,MEDICARE,85,1,,
KH-CLM-001314,KB0001350,2026-04-22,Phoenix,commercial,COM-A,65,1,,
KH-CLM-001315,KB0001351,2026-04-22,Phoenix,commercial,COM-C,299,1,,
KH-CLM-001316,KB0001352,2026-04-22,Phoenix,Medicare,MEDICARE,180,2,,
KH-CLM-001317,KB0001353,2026-04-22,Phoenix,commercial,COM-A,349,1,,
KH-CLM-001318,KB0001354,2026-04-22,Phoenix,commercial,COM-C,300,3,,
KH-CLM-001319,KB0001355,2026-04-22,Phoenix,commercial,COM-B,149,1,,
KH-CLM-001320,KB0001356,2026-04-22,Phoenix,commercial,COM-A,299,1,,
KH-CLM-001321,KB0001357,2026-04-22,Phoenix,Medicare,MEDICARE,145,3,,
KH-CLM-001322,KB0001358,2026-04-22,Phoenix,Medicare,MEDICARE,235,3,,
KH-CLM-001323,KB0001359,2026-04-22,Phoenix,Medicare,MEDICARE,225,5,,
KH-CLM-001324,KB0001360,2026-04-22,New York,commercial,COM-B,190,3,,
KH-CLM-001325,KB0001361,2026-04-22,New York,commercial,COM-C,250,4,,
KH-CLM-001326,KB0001362,2026-04-22,New York,Medicare,MEDICARE,135,2,,
KH-CLM-001327,KB0001363,2026-04-22,New York,commercial,COM-A,65,1,,
KH-CLM-001328,KB0001364,2026-04-22,New York,commercial,COM-B,319,2,,
KH-CLM-001329,KB0001365,2026-04-22,New York,Medicaid,MEDICAID-NY,205,2,,
KH-CLM-001330,KB0001366,2026-04-22,New York,Medicare,MEDICARE,349,1,,
KH-CLM-001331,KB0001367,2026-04-22,New York,commercial,COM-B,215,5,,
KH-CLM-001332,KB0001368,2026-04-22,New York,Medicare,MEDICARE,130,2,,
KH-CLM-001333,KB0001369,2026-04-22,New York,self-pay,SELF,149,1,,
KH-CLM-001334,KB0001370,2026-04-22,New York,Medicare,MEDICARE,170,3,,
KH-CLM-001335,KB0001371,2026-04-22,Chicago,Medicaid,MEDICAID-IL,175,2,,
KH-CLM-001336,KB0001372,2026-04-22,Chicago,Medicare,MEDICARE,30,1,,
KH-CLM-001337,KB0001373,2026-04-22,Chicago,commercial,COM-A,270,3,,
KH-CLM-001338,KB0001374,2026-04-22,Chicago,Medicaid,MEDICAID-IL,75,1,,
KH-CLM-001339,KB0001375,2026-04-22,Chicago,Medicaid,MEDICAID-IL,165,3,,
KH-CLM-001340,KB0001376,2026-04-22,Chicago,Medicare,MEDICARE,170,2,,
KH-CLM-001341,KB0001377,2026-04-22,Chicago,Medicare,MEDICARE,85,1,,
KH-CLM-001342,KB0001378,2026-04-22,Atlanta,commercial,COM-A,110,2,,
KH-CLM-001343,KB0001379,2026-04-22,Atlanta,self-pay,SELF,150,2,,
KH-CLM-001344,KB0001380,2026-04-22,Atlanta,Medicaid,MEDICAID-GA,149,1,,
KH-CLM-001345,KB0001381,2026-04-22,Atlanta,Medicare,MEDICARE,170,3,,
KH-CLM-001346,KB0001382,2026-04-22,Atlanta,commercial,COM-C,265,3,,
KH-CLM-001347,KB0001383,2026-04-22,Atlanta,commercial,COM-C,175,3,,
KH-CLM-001348,KB0001384,2026-04-22,Atlanta,commercial,COM-B,320,4,,
KH-CLM-001349,KB0001385,2026-04-22,Atlanta,Medicare,MEDICARE,65,2,,
KH-CLM-001350,KB0001386,2026-04-22,Philadelphia,Medicare,MEDICARE,105,2,,
KH-CLM-001351,KB0001387,2026-04-22,Philadelphia,Medicaid,MEDICAID-PA,155,3,,
KH-CLM-001352,KB0001388,2026-04-22,Philadelphia,Medicare,MEDICARE,155,3,,
KH-CLM-001353,KB0001389,2026-04-22,Philadelphia,Medicare,MEDICARE,225,2,,
KH-CLM-001354,KB0001390,2026-04-22,Philadelphia,commercial,COM-C,110,2,,
KH-CLM-001355,KB0001391,2026-04-22,Philadelphia,Medicare,MEDICARE,65,1,,
KH-CLM-001356,KB0001392,2026-04-22,Philadelphia,Medicare,MEDICARE,70,1,,
KH-CLM-001357,KB0001393,2026-04-22,Philadelphia,commercial,COM-B,299,1,,
KH-CLM-001358,KB0001394,2026-04-22,Philadelphia,commercial,COM-B,145,3,,
KH-CLM-001359,KB0001395,2026-04-23,Dallas,self-pay,SELF,155,2,,
KH-CLM-001360,KB0001396,2026-04-23,Dallas,Medicaid,MEDICAID-TX,65,1,,missing or invalid information
KH-CLM-001361,KB0001397,2026-04-23,Dallas,Medicare,MEDICARE,65,2,,
KH-CLM-001362,KB0001398,2026-04-23,Dallas,commercial,COM-C,175,4,,
KH-CLM-001363,KB0001399,2026-04-23,Dallas,commercial,COM-C,65,1,,
KH-CLM-001364,KB0001400,2026-04-23,Dallas,Medicaid,MEDICAID-TX,55,1,,
KH-CLM-001365,KB0001401,2026-04-23,Dallas,Medicaid,MEDICAID-TX,149,1,,
KH-CLM-001366,KB0001402,2026-04-23,Dallas,commercial,COM-A,100,2,,
KH-CLM-001367,KB0001403,2026-04-23,Dallas,Medicaid,MEDICAID-TX,45,1,,
KH-CLM-001368,KB0001404,2026-04-23,Dallas,Medicaid,MEDICAID-TX,299,1,,
KH-CLM-001369,KB0001405,2026-04-23,Dallas,commercial,COM-B,115,2,,
KH-CLM-001370,KB0001407,2026-04-23,Dallas,commercial,COM-B,315,4,,
KH-CLM-001371,KB0001408,2026-04-23,Phoenix,Medicare,MEDICARE,170,3,,
KH-CLM-001372,KB0001409,2026-04-23,Phoenix,Medicaid,MEDICAID-AZ,50,2,,
KH-CLM-001373,KB0001410,2026-04-23,Phoenix,commercial,COM-A,140,3,,
KH-CLM-001374,KB0001411,2026-04-23,Phoenix,commercial,COM-C,290,4,,
KH-CLM-001375,KB0001412,2026-04-23,Phoenix,self-pay,SELF,245,2,,
KH-CLM-001376,KB0001413,2026-04-23,Phoenix,commercial,COM-C,95,2,,
KH-CLM-001377,KB0001414,2026-04-23,Phoenix,Medicaid,MEDICAID-AZ,299,1,,eligibility or coverage
KH-CLM-001378,KB0001415,2026-04-23,Phoenix,Medicaid,MEDICAID-AZ,150,3,,non-covered service
KH-CLM-001379,KB0001416,2026-04-23,Phoenix,Medicare,MEDICARE,75,1,,
KH-CLM-001380,KB0001417,2026-04-23,Phoenix,commercial,COM-C,299,1,,
KH-CLM-001381,KB0001418,2026-04-23,Phoenix,Medicaid,MEDICAID-AZ,145,3,,
KH-CLM-001382,KB0001419,2026-04-23,Phoenix,commercial,COM-B,299,1,,
KH-CLM-001383,KB0001420,2026-04-23,New York,commercial,COM-B,65,1,,
KH-CLM-001384,KB0001421,2026-04-23,New York,Medicaid,MEDICAID-NY,170,3,,duplicate claim
KH-CLM-001385,KB0001422,2026-04-23,New York,Medicaid,MEDICAID-NY,299,1,,
KH-CLM-001386,KB0001423,2026-04-23,New York,Medicaid,MEDICAID-NY,45,1,,
KH-CLM-001387,KB0001424,2026-04-23,New York,self-pay,SELF,299,1,,
KH-CLM-001388,KB0001425,2026-04-23,New York,commercial,COM-A,235,3,,
KH-CLM-001389,KB0001426,2026-04-23,New York,Medicaid,MEDICAID-NY,299,1,,missing or invalid information
KH-CLM-001390,KB0001427,2026-04-23,New York,commercial,COM-C,299,1,,non-covered service
KH-CLM-001391,KB0001428,2026-04-23,New York,commercial,COM-C,95,1,,
KH-CLM-001392,KB0001429,2026-04-23,New York,commercial,COM-B,140,3,,
KH-CLM-001393,KB0001430,2026-04-23,New York,commercial,COM-A,165,3,,eligibility or coverage
KH-CLM-001394,KB0001433,2026-04-23,Chicago,commercial,COM-A,205,2,,
KH-CLM-001395,KB0001434,2026-04-23,Chicago,commercial,COM-A,230,3,,
KH-CLM-001396,KB0001435,2026-04-23,Chicago,Medicaid,MEDICAID-IL,60,1,,
KH-CLM-001397,KB0001436,2026-04-23,Chicago,commercial,COM-C,299,1,,
KH-CLM-001398,KB0001437,2026-04-23,Chicago,commercial,COM-B,95,2,,
KH-CLM-001399,KB0001438,2026-04-23,Atlanta,commercial,COM-A,180,3,,eligibility or coverage
KH-CLM-001400,KB0001439,2026-04-23,Atlanta,Medicare,MEDICARE,95,1,,eligibility or coverage
KH-CLM-001401,KB0001440,2026-04-23,Atlanta,Medicaid,MEDICAID-GA,30,1,,
KH-CLM-001402,KB0001441,2026-04-23,Atlanta,Medicaid,MEDICAID-GA,299,1,,missing or invalid information
KH-CLM-001403,KB0001442,2026-04-23,Atlanta,Medicare,MEDICARE,245,2,,non-covered service
KH-CLM-001404,KB0001443,2026-04-23,Atlanta,Medicare,MEDICARE,105,2,,medical necessity
KH-CLM-001405,KB0001444,2026-04-23,Atlanta,Medicare,MEDICARE,299,1,,
KH-CLM-001406,KB0001445,2026-04-23,Atlanta,commercial,COM-B,150,1,,
KH-CLM-001407,KB0001446,2026-04-23,Atlanta,Medicaid,MEDICAID-GA,170,3,,
KH-CLM-001408,KB0001447,2026-04-23,Atlanta,commercial,COM-C,$95.00,1,,
KH-CLM-001409,KB0001448,2026-04-23,Philadelphia,commercial,COM-B,165,3,,
KH-CLM-001410,KB0001449,2026-04-23,Philadelphia,commercial,COM-C,60,1,,non-covered service
KH-CLM-001411,KB0001450,2026-04-23,Philadelphia,commercial,COM-B,30,1,,
KH-CLM-001412,KB0001451,2026-04-23,Philadelphia,commercial,COM-B,65,1,,
KH-CLM-001413,KB0001452,2026-04-23,Philadelphia,commercial,COM-C,165,2,,
KH-CLM-001414,KB0001453,2026-04-23,Philadelphia,commercial,COM-A,250,4,,
KH-CLM-001415,KB0001454,2026-04-23,Philadelphia,commercial,COM-C,90,3,,
KH-CLM-001416,KB0001455,2026-04-23,Philadelphia,commercial,COM-A,135,2,,
KH-CLM-001417,KB0001456,2026-04-23,Philadelphia,commercial,COM-C,95,2,,timely filing
KH-CLM-001418,KB0001457,2026-04-23,Philadelphia,commercial,COM-A,165,4,,
KH-CLM-001419,KB0001458,2026-04-24,Dallas,Medicare,MEDICARE,65,1,,
KH-CLM-001420,KB0001459,2026-04-24,Dallas,commercial,COM-B,299,1,,
KH-CLM-001421,KB0001460,2026-04-24,Dallas,commercial,COM-B,299,1,,
KH-CLM-001422,KB0001461,2026-04-24,Dallas,Medicaid,MEDICAID-TX,299,1,,
KH-CLM-001423,KB0001462,2026-04-24,Dallas,commercial,COM-A,299,1,,
KH-CLM-001424,KB0001463,2026-04-24,Dallas,commercial,COM-C,320,4,,
KH-CLM-001425,KB0001464,2026-04-24,Dallas,Medicare,MEDICARE,250,3,,
KH-CLM-001426,KB0001465,2026-04-24,Dallas,Medicare,MEDICARE,299,1,,
KH-CLM-001427,KB0001466,2026-04-24,Dallas,commercial,COM-C,299,1,,
KH-CLM-001428,KB0001467,2026-04-24,Dallas,commercial,COM-A,160,3,,missing or invalid information
KH-CLM-001429,KB0001468,2026-04-24,Dallas,commercial,COM-B,160,3,,
KH-CLM-001430,KB0001469,2026-04-24,Dallas,commercial,COM-B,100,2,,
KH-CLM-001431,KB0001470,2026-04-24,Dallas,Medicare,MEDICARE,135,3,,
KH-CLM-001432,KB0001471,2026-04-24,Dallas,Medicare,MEDICARE,30,1,,
KH-CLM-001433,KB0001472,2026-04-24,Dallas,commercial,COM-A,45,1,,
KH-CLM-001434,KB0001473,2026-04-24,Phoenix,Medicaid,MEDICAID-AZ,30,1,,
KH-CLM-001435,KB0001474,2026-04-24,Phoenix,Medicaid,MEDICAID-AZ,149,1,,
KH-CLM-001436,KB0001475,2026-04-24,Phoenix,Medicare,MEDICARE,299,1,,
KH-CLM-001437,KB0001476,2026-04-24,Phoenix,commercial,COM-B,190,3,,
KH-CLM-001438,KB0001477,2026-04-24,Phoenix,commercial,COM-B,149,1,,
KH-CLM-001439,KB0001478,2026-04-24,Phoenix,commercial,COM-C,150,1,,
KH-CLM-001440,KB0001479,2026-04-24,Phoenix,Medicaid,MEDICAID-AZ,30,1,,
KH-CLM-001441,KB0001480,2026-04-24,Phoenix,commercial,COM-C,65,1,,
KH-CLM-001442,KB0001481,2026-04-24,Phoenix,commercial,COM-B,65,1,,
KH-CLM-001443,KB0001482,2026-04-24,Phoenix,commercial,COM-C,25,1,,
KH-CLM-001444,KB0001483,2026-04-24,Phoenix,commercial,COM-C,30,1,,
KH-CLM-001445,KB0001485,2026-04-24,New York,commercial,COM-B,310,3,,
KH-CLM-001446,KB0001486,2026-04-24,New York,self-pay,SELF,150,3,,
KH-CLM-001447,KB0001487,2026-04-24,New York,commercial,COM-A,170,3,,
KH-CLM-001448,KB0001488,2026-04-24,New York,commercial,COM-A,95,2,,
KH-CLM-001449,KB0001489,2026-04-24,New York,commercial,COM-A,315,4,,
KH-CLM-001450,KB0001490,2026-04-24,New York,commercial,COM-B,390,4,,
KH-CLM-001451,KB0001491,2026-04-24,New York,self-pay,SELF,30,1,,
KH-CLM-001452,KB0001492,2026-04-24,New York,Medicare,MEDICARE,299,1,,non-covered service
KH-CLM-001453,KB0001493,2026-04-24,New York,commercial,COM-C,55,2,,
KH-CLM-001454,KB0001494,2026-04-24,Chicago,Medicare,MEDICARE,130,3,,
KH-CLM-001455,KB0001495,2026-04-24,Chicago,commercial,COM-B,149,1,,
KH-CLM-001456,KB0001496,2026-04-24,Chicago,Medicaid,MEDICAID-IL,240,4,,
KH-CLM-001457,KB0001497,2026-04-24,Chicago,commercial,COM-A,165,2,,
KH-CLM-001458,KB0001498,2026-04-24,Chicago,commercial,COM-B,95,2,,non-covered service
KH-CLM-001459,KB0001499,2026-04-24,Chicago,commercial,COM-C,295,4,,
KH-CLM-001460,KB0001500,2026-04-24,Atlanta,Medicaid,MEDICAID-GA,299,1,,
KH-CLM-001461,KB0001501,2026-04-24,Atlanta,Medicare,MEDICARE,155,3,,
KH-CLM-001462,KB0001502,2026-04-24,Atlanta,commercial,COM-C,170,2,,non-covered service
KH-CLM-001463,KB0001503,2026-04-24,Atlanta,Medicaid,MEDICAID-GA,95,1,,
KH-CLM-001464,KB0001504,2026-04-24,Atlanta,Medicare,MEDICARE,125,2,,
KH-CLM-001465,KB0001505,2026-04-24,Atlanta,Medicaid,MEDICAID-GA,180,4,,
KH-CLM-001466,KB0001507,2026-04-24,Atlanta,commercial,COM-C,169,2,,eligibility or coverage
KH-CLM-001467,KB0001508,2026-04-24,Atlanta,Medicare,MEDICARE,235,2,,
KH-CLM-001468,KB0001509,2026-04-24,Atlanta,commercial,COM-C,235,2,,missing or invalid information
KH-CLM-001469,KB0001510,2026-04-24,Philadelphia,commercial,COM-A,325,4,,
KH-CLM-001470,KB0001511,2026-04-24,Philadelphia,Medicaid,MEDICAID-PA,299,1,,non-covered service
KH-CLM-001471,KB0001512,2026-04-24,Philadelphia,commercial,COM-A,319,2,,
KH-CLM-001472,KB0001513,2026-04-24,Philadelphia,Medicaid,MEDICAID-PA,160,4,,
KH-CLM-001473,KB0001514,2026-04-24,Philadelphia,self-pay,SELF,365,5,,
KH-CLM-001474,KB0001515,2026-04-24,Philadelphia,self-pay,SELF,115,2,,
KH-CLM-001475,KB0001516,2026-04-25,Dallas,commercial,COM-C,65,1,,
KH-CLM-001476,KB0001517,2026-04-25,Dallas,Medicaid,MEDICAID-TX,340,4,,
KH-CLM-001477,KB0001518,2026-04-25,Dallas,Medicaid,MEDICAID-TX,299,1,,
KH-CLM-001478,KB0001519,2026-04-25,Dallas,commercial,COM-C,149,1,,non-covered service
KH-CLM-001479,KB0001520,2026-04-25,Dallas,Medicaid,MEDICAID-TX,169,2,,
KH-CLM-001480,KB0001521,2026-04-25,Dallas,Medicare,MEDICARE,299,1,,
KH-CLM-001481,KB0001522,2026-04-25,Dallas,commercial,COM-B,125,2,,
KH-CLM-001482,KB0001523,2026-04-25,Dallas,Medicare,MEDICARE,55,1,,
KH-CLM-001483,KB0001524,2026-04-25,Dallas,Medicare,MEDICARE,$85.00,2,,
KH-CLM-001484,KB0001525,2026-04-25,Phoenix,commercial,COM-A,340,5,,
KH-CLM-001485,KB0001526,2026-04-25,Phoenix,Medicare,MEDICARE,170,3,,
KH-CLM-001486,KB0001527,2026-04-25,Phoenix,Medicare,MEDICARE,299,1,,
KH-CLM-001487,KB0001528,2026-04-25,Phoenix,commercial,COM-C,150,2,,missing or invalid information
KH-CLM-001488,KB0001529,2026-04-25,Phoenix,Medicare,MEDICARE,299,1,,eligibility or coverage
KH-CLM-001489,KB0001530,2026-04-25,Phoenix,Medicaid,MEDICAID-AZ,60,1,,
KH-CLM-001490,KB0001531,2026-04-25,Phoenix,Medicare,MEDICARE,95,1,,
KH-CLM-001491,KB0001532,2026-04-25,Phoenix,commercial,COM-C,299,1,,
KH-CLM-001492,KB0001533,2026-04-25,Phoenix,Medicare,MEDICARE,299,1,,
KH-CLM-001493,KB0001534,2026-04-25,Phoenix,commercial,COM-B,255,4,,
KH-CLM-001494,KB0001535,2026-04-25,Phoenix,commercial,COM-B,245,4,,
KH-CLM-001495,KB0001536,2026-04-25,Phoenix,commercial,COM-C,80,2,,
KH-CLM-001496,KB0001537,2026-04-25,Phoenix,commercial,COM-B,335,4,,
KH-CLM-001497,KB0001538,2026-04-25,Phoenix,commercial,COM-C,160,4,,
KH-CLM-001498,KB0001539,2026-04-25,Phoenix,self-pay,SELF,260,5,,
KH-CLM-001499,KB0001540,2026-04-25,Phoenix,Medicare,MEDICARE,149,1,,
KH-CLM-001500,KB0001541,2026-04-25,Phoenix,Medicare,MEDICARE,149,1,,
KH-CLM-001501,KB0001542,2026-04-25,New York,Medicare,MEDICARE,70,1,,
KH-CLM-001502,KB0001543,2026-04-25,New York,commercial,COM-C,190,4,,prior authorization
KH-CLM-001503,KB0001544,2026-04-25,New York,commercial,COM-C,349,1,,non-covered service
KH-CLM-001504,KB0001545,2026-04-25,New York,Medicaid,MEDICAID-NY,95,1,,
KH-CLM-001505,KB0001546,2026-04-25,New York,Medicare,MEDICARE,285,3,,
KH-CLM-001506,KB0001547,2026-04-25,New York,commercial,COM-C,235,3,,
KH-CLM-001507,KB0001548,2026-04-25,New York,commercial,COM-A,319,2,,
KH-CLM-001508,KB0001549,2026-04-25,New York,Medicare,MEDICARE,265,4,,
KH-CLM-001509,KB0001550,2026-04-25,New York,Medicare,MEDICARE,180,2,,
KH-CLM-001510,KB0001551,2026-04-25,New York,self-pay,SELF,299,1,,
KH-CLM-001511,KB0001552,2026-04-25,New York,commercial,COM-C,260,4,,
KH-CLM-001512,KB0001553,2026-04-25,New York,self-pay,SELF,65,1,,
KH-CLM-001513,KB0001554,2026-04-25,New York,commercial,COM-A,70,1,,
KH-CLM-001514,KB0001555,2026-04-25,New York,Medicaid,MEDICAID-NY,185,3,,
KH-CLM-001515,KB0001556,2026-04-25,New York,Medicare,MEDICARE,165,3,,
KH-CLM-001516,KB0001557,2026-04-25,Chicago,commercial,COM-B,125,2,,
KH-CLM-001517,KB0001558,2026-04-25,Chicago,commercial,COM-C,60,1,,
KH-CLM-001518,KB0001559,2026-04-25,Chicago,commercial,COM-A,215,2,,
KH-CLM-001519,KB0001560,2026-04-25,Chicago,Medicare,MEDICARE,25,1,,non-covered service
KH-CLM-001520,KB0001561,2026-04-25,Chicago,Medicaid,MEDICAID-IL,105,2,,non-covered service
KH-CLM-001521,KB0001562,2026-04-25,Atlanta,Medicaid,MEDICAID-GA,95,2,,
KH-CLM-001522,KB0001563,2026-04-25,Atlanta,self-pay,SELF,295,3,,
KH-CLM-001523,KB0001564,2026-04-25,Atlanta,Medicaid,MEDICAID-GA,349,1,,
KH-CLM-001524,KB0001565,2026-04-25,Atlanta,commercial,COM-C,149,1,,
KH-CLM-001525,KB0001566,2026-04-25,Atlanta,self-pay,SELF,75,2,,
KH-CLM-001526,KB0001567,2026-04-25,Atlanta,Medicare,MEDICARE,299,1,,
KH-CLM-001527,KB0001568,2026-04-25,Atlanta,commercial,COM-C,105,2,,
KH-CLM-001528,KB0001569,2026-04-25,Philadelphia,self-pay,SELF,85,1,,
KH-CLM-001529,KB0001570,2026-04-25,Philadelphia,self-pay,SELF,275,4,,
KH-CLM-001530,KB0001572,2026-04-25,Philadelphia,commercial,COM-A,299,1,,
KH-CLM-001531,KB0001573,2026-04-25,Philadelphia,commercial,COM-B,70,1,,
KH-CLM-001532,KB0001574,2026-04-26,Dallas,commercial,COM-B,85,1,,
KH-CLM-001533,KB0001575,2026-04-26,Dallas,commercial,COM-A,299,1,,
KH-CLM-001534,KB0001576,2026-04-26,Dallas,Medicaid,MEDICAID-TX,230,3,,
KH-CLM-001535,KB0001577,2026-04-26,Dallas,Medicare,MEDICARE,30,1,,
KH-CLM-001536,KB0001578,2026-04-26,Dallas,commercial,COM-C,45,1,,
KH-CLM-001537,KB0001579,2026-04-26,Dallas,commercial,COM-C,30,1,,
KH-CLM-001538,KB0001580,2026-04-26,Dallas,commercial,COM-C,205,2,,
KH-CLM-001539,KB0001581,2026-04-26,Dallas,commercial,COM-A,299,1,,eligibility or coverage
KH-CLM-001540,KB0001582,2026-04-26,Dallas,Medicaid,MEDICAID-TX,160,2,,
KH-CLM-001541,KB0001583,2026-04-26,Dallas,commercial,COM-B,349,1,,missing or invalid information
KH-CLM-001542,KB0001584,2026-04-26,Dallas,Medicare,MEDICARE,95,1,,
KH-CLM-001543,KB0001585,2026-04-26,Dallas,Medicare,MEDICARE,149,1,,
KH-CLM-001544,KB0001586,2026-04-26,Phoenix,commercial,COM-C,30,1,,
KH-CLM-001545,KB0001587,2026-04-26,Phoenix,self-pay,SELF,115,2,,
KH-CLM-001546,KB0001588,2026-04-26,Phoenix,commercial,COM-C,150,2,,
KH-CLM-001547,KB0001589,2026-04-26,Phoenix,Medicare,MEDICARE,299,1,,
KH-CLM-001548,KB0001590,2026-04-26,Phoenix,self-pay,SELF,195,4,,
KH-CLM-001549,KB0001591,2026-04-26,Phoenix,commercial,COM-B,299,1,,
KH-CLM-001550,KB0001592,2026-04-26,Phoenix,commercial,COM-C,149,1,,duplicate claim
KH-CLM-001551,KB0001593,2026-04-26,Phoenix,Medicare,MEDICARE,320,3,,
KH-CLM-001552,KB0001594,2026-04-26,Phoenix,commercial,COM-C,190,3,,
KH-CLM-001553,KB0001595,2026-04-26,New York,commercial,COM-A,299,1,,
KH-CLM-001554,KB0001596,2026-04-26,New York,Medicare,MEDICARE,149,1,,missing or invalid information
KH-CLM-001555,KB0001597,2026-04-26,New York,commercial,COM-B,299,1,,
KH-CLM-001556,KB0001598,2026-04-26,New York,commercial,COM-A,260,4,,
KH-CLM-001557,KB0001599,2026-04-26,New York,commercial,COM-A,349,1,,
KH-CLM-001558,KB0001600,2026-04-26,New York,Medicare,MEDICARE,169,2,,
KH-CLM-001559,KB0001601,2026-04-26,New York,Medicare,MEDICARE,$149.00,1,,non-covered service
KH-CLM-001560,KB0001602,2026-04-26,New York,Medicaid,MEDICAID-NY,225,3,,
KH-CLM-001561,KB0001603,2026-04-26,Chicago,Medicare,MEDICARE,299,1,,
KH-CLM-001562,KB0001604,2026-04-26,Chicago,Medicare,MEDICARE,55,1,,
KH-CLM-001563,KB0001605,2026-04-26,Chicago,commercial,COM-B,240,3,,
KH-CLM-001564,KB0001606,2026-04-26,Chicago,commercial,COM-C,150,3,,
KH-CLM-001565,KB0001607,2026-04-26,Chicago,commercial,COM-B,85,2,,eligibility or coverage
KH-CLM-001566,KB0001608,2026-04-26,Chicago,commercial,COM-A,105,2,,eligibility or coverage
KH-CLM-001567,KB0001609,2026-04-26,Chicago,commercial,COM-C,105,2,,
KH-CLM-001568,KB0001610,2026-04-26,Atlanta,commercial,COM-B,110,2,,
KH-CLM-001569,KB0001611,2026-04-26,Atlanta,commercial,COM-A,85,1,,
KH-CLM-001570,KB0001612,2026-04-26,Atlanta,Medicare,MEDICARE,299,1,,
KH-CLM-001571,KB0001613,2026-04-26,Atlanta,commercial,COM-A,149,1,,
KH-CLM-001572,KB0001614,2026-04-26,Atlanta,commercial,COM-C,130,2,,
KH-CLM-001573,KB0001615,2026-04-26,Philadelphia,Medicare,MEDICARE,140,3,,
KH-CLM-001574,KB0001616,2026-04-26,Philadelphia,Medicaid,MEDICAID-PA,95,1,,
KH-CLM-001575,KB0001617,2026-04-26,Philadelphia,self-pay,SELF,299,1,,
KH-CLM-001576,KB0001618,2026-04-26,Philadelphia,Medicare,MEDICARE,340,4,,
KH-CLM-001577,KB0001619,2026-04-26,Philadelphia,commercial,COM-C,70,1,,
KH-CLM-001578,KB0001620,2026-04-26,Philadelphia,Medicare,MEDICARE,205,2,,
KH-CLM-001579,KB0001621,2026-04-26,Philadelphia,Medicare,MEDICARE,210,3,,
KH-CLM-001580,KB0001622,2026-04-27,Dallas,self-pay,SELF,65,1,,
KH-CLM-001581,KB0001623,2026-04-27,Dallas,Medicare,MEDICARE,170,2,,
KH-CLM-001582,KB0001625,2026-04-27,Dallas,commercial,COM-B,299,1,,
KH-CLM-001583,KB0001626,2026-04-27,Dallas,Medicare,MEDICARE,120,2,,
KH-CLM-001584,KB0001627,2026-04-27,Dallas,Medicare,MEDICARE,235,4,,
KH-CLM-001585,KB0001628,2026-04-27,Dallas,Medicare,MEDICARE,115,2,,
KH-CLM-001586,KB0001629,2026-04-27,Dallas,commercial,COM-C,149,1,,
KH-CLM-001587,KB0001630,2026-04-27,Dallas,commercial,COM-A,349,1,,medical necessity
KH-CLM-001588,KB0001631,2026-04-27,Dallas,Medicare,MEDICARE,215,3,,
KH-CLM-001589,KB0001632,2026-04-27,Dallas,Medicaid,MEDICAID-TX,299,1,,
KH-CLM-001590,KB0001634,2026-04-27,Phoenix,commercial,COM-B,330,4,,
KH-CLM-001591,KB0001635,2026-04-27,Phoenix,commercial,COM-B,299,1,,
KH-CLM-001592,KB0001636,2026-04-27,Phoenix,Medicare,MEDICARE,80,2,,
KH-CLM-001593,KB0001637,2026-04-27,Phoenix,commercial,COM-B,299,1,,
KH-CLM-001594,KB0001638,2026-04-27,Phoenix,commercial,COM-A,299,1,,
KH-CLM-001595,KB0001639,2026-04-27,Phoenix,Medicare,MEDICARE,140,3,,medical necessity
KH-CLM-001596,KB0001640,2026-04-27,Phoenix,commercial,COM-A,95,2,,
KH-CLM-001597,KB0001641,2026-04-27,Phoenix,commercial,COM-C,175,4,,
KH-CLM-001598,KB0001642,2026-04-27,New York,commercial,COM-A,55,1,,
KH-CLM-001599,KB0001643,2026-04-27,New York,self-pay,SELF,240,3,,
KH-CLM-001600,KB0001644,2026-04-27,New York,commercial,COM-A,205,2,,
KH-CLM-001601,KB0001645,2026-04-27,New York,commercial,COM-C,349,1,,non-covered service
KH-CLM-001602,KB0001646,2026-04-27,New York,commercial,COM-C,205,2,,
KH-CLM-001603,KB0001647,2026-04-27,New York,commercial,COM-C,160,2,,
KH-CLM-001604,KB0001648,2026-04-27,New York,commercial,COM-A,140,2,,
KH-CLM-001605,KB0001649,2026-04-27,New York,Medicaid,MEDICAID-NY,149,1,,
KH-CLM-001606,KB0001650,2026-04-27,New York,commercial,COM-A,299,1,,
KH-CLM-001607,KB0001651,2026-04-27,New York,self-pay,SELF,355,4,,
KH-CLM-001608,KB0001652,2026-04-27,Chicago,commercial,COM-B,240,3,,
KH-CLM-001609,KB0001653,2026-04-27,Chicago,self-pay,SELF,180,3,,
KH-CLM-001610,KB0001654,2026-04-27,Chicago,commercial,COM-C,295,5,,
KH-CLM-001611,KB0001655,2026-04-27,Chicago,Medicare,MEDICARE,270,4,,
KH-CLM-001612,KB0001656,2026-04-27,Chicago,commercial,COM-B,205,3,,
KH-CLM-001613,KB0001657,2026-04-27,Chicago,commercial,COM-C,75,1,,
KH-CLM-001614,KB0001658,2026-04-27,Chicago,self-pay,SELF,270,4,,
KH-CLM-001615,KB0001659,2026-04-27,Atlanta,Medicaid,MEDICAID-GA,135,2,,
KH-CLM-001616,KB0001660,2026-04-27,Atlanta,self-pay,SELF,140,3,,
KH-CLM-001617,KB0001661,2026-04-27,Atlanta,Medicaid,MEDICAID-GA,160,4,,
KH-CLM-001618,KB0001662,2026-04-27,Atlanta,self-pay,SELF,200,4,,
KH-CLM-001619,KB0001663,2026-04-27,Atlanta,self-pay,SELF,135,2,,
KH-CLM-001620,KB0001664,2026-04-27,Atlanta,commercial,COM-C,30,1,,
KH-CLM-001621,KB0001665,2026-04-27,Atlanta,Medicaid,MEDICAID-GA,25,1,,
KH-CLM-001622,KB0001666,2026-04-27,Atlanta,Medicare,MEDICARE,149,1,,duplicate claim
KH-CLM-001623,KB0001667,2026-04-27,Atlanta,Medicare,MEDICARE,80,2,,
KH-CLM-001624,KB0001668,2026-04-27,Atlanta,commercial,COM-B,315,4,,
KH-CLM-001625,KB0001669,2026-04-27,Atlanta,self-pay,SELF,235,4,,
KH-CLM-001626,KB0001670,2026-04-27,Philadelphia,Medicare,MEDICARE,319,2,,
KH-CLM-001627,KB0001671,2026-04-27,Philadelphia,Medicare,MEDICARE,299,1,,
KH-CLM-001628,KB0001672,2026-04-27,Philadelphia,commercial,COM-A,185,3,,
KH-CLM-001629,KB0001673,2026-04-27,Philadelphia,commercial,COM-B,299,1,,eligibility or coverage
KH-CLM-001630,KB0001674,2026-04-27,Philadelphia,commercial,COM-B,225,2,,
KH-CLM-001631,KB0001675,2026-04-27,Philadelphia,Medicare,MEDICARE,299,1,,
KH-CLM-001632,KB0001676,2026-04-27,Philadelphia,commercial,COM-A,299,1,,
KH-CLM-001633,KB0001677,2026-04-27,Philadelphia,self-pay,SELF,125,2,,
KH-CLM-001634,KB0001678,2026-04-27,Philadelphia,commercial,COM-A,319,2,,duplicate claim
KH-CLM-001635,KB0001679,2026-04-27,Philadelphia,Medicaid,MEDICAID-PA,299,1,,
KH-CLM-001636,KB0001680,2026-04-27,Philadelphia,commercial,COM-A,85,2,,
KH-CLM-001637,KB0001681,2026-04-27,Philadelphia,commercial,COM-A,55,2,,
KH-CLM-001638,KB0001682,2026-04-28,Dallas,commercial,COM-A,165,4,,
KH-CLM-001639,KB0001683,2026-04-28,Dallas,self-pay,SELF,275,4,,
KH-CLM-001640,KB0001684,2026-04-28,Dallas,commercial,COM-A,95,2,,
KH-CLM-001641,KB0001685,2026-04-28,Dallas,commercial,COM-C,265,4,,
KH-CLM-001642,KB0001686,2026-04-28,Dallas,Medicare,MEDICARE,30,1,,
KH-CLM-001643,KB0001687,2026-04-28,Dallas,commercial,COM-C,220,4,,
KH-CLM-001644,KB0001688,2026-04-28,Dallas,commercial,COM-C,85,1,,
KH-CLM-001645,KB0001689,2026-04-28,Dallas,commercial,COM-A,95,3,,
KH-CLM-001646,KB0001690,2026-04-28,Dallas,commercial,COM-C,65,2,,
KH-CLM-001647,KB0001691,2026-04-28,Dallas,Medicaid,MEDICAID-TX,90,2,,
KH-CLM-001648,KB0001692,2026-04-28,Dallas,Medicare,MEDICARE,65,1,,
KH-CLM-001649,KB0001693,2026-04-28,Dallas,self-pay,SELF,75,2,,
KH-CLM-001650,KB0001694,2026-04-28,Dallas,commercial,COM-C,235,4,,
KH-CLM-001651,KB0001695,2026-04-28,Phoenix,Medicaid,MEDICAID-AZ,215,4,,prior authorization
KH-CLM-001652,KB0001697,2026-04-28,Phoenix,Medicare,MEDICARE,$125.00,2,,
KH-CLM-001653,KB0001698,2026-04-28,Phoenix,Medicare,MEDICARE,349,1,,
KH-CLM-001654,KB0001699,2026-04-28,Phoenix,commercial,COM-C,70,2,,
KH-CLM-001655,KB0001700,2026-04-28,Phoenix,Medicare,MEDICARE,315,5,,
KH-CLM-001656,KB0001701,2026-04-28,Phoenix,commercial,COM-A,135,2,,
KH-CLM-001657,KB0001702,2026-04-28,Phoenix,self-pay,SELF,50,2,,
KH-CLM-001658,KB0001703,2026-04-28,Phoenix,Medicare,MEDICARE,299,1,,
KH-CLM-001659,KB0001704,2026-04-28,Phoenix,commercial,COM-C,85,2,,
KH-CLM-001660,KB0001705,2026-04-28,Phoenix,commercial,COM-A,125,2,,
KH-CLM-001661,KB0001706,2026-04-28,Phoenix,commercial,COM-A,299,1,,
KH-CLM-001662,KB0001707,2026-04-28,Phoenix,commercial,COM-C,235,2,,
KH-CLM-001663,KB0001708,2026-04-28,Phoenix,Medicare,MEDICARE,240,4,,
KH-CLM-001664,KB0001710,2026-04-28,New York,Medicare,MEDICARE,299,1,,
KH-CLM-001665,KB0001711,2026-04-28,New York,commercial,COM-A,180,2,,
KH-CLM-001666,KB0001712,2026-04-28,New York,Medicaid,MEDICAID-NY,55,1,,
KH-CLM-001667,KB0001713,2026-04-28,New York,self-pay,SELF,150,1,,
KH-CLM-001668,KB0001714,2026-04-28,New York,Medicare,MEDICARE,225,3,,
KH-CLM-001669,KB0001715,2026-04-28,New York,commercial,COM-A,75,1,,
KH-CLM-001670,KB0001716,2026-04-28,New York,commercial,COM-C,85,1,,
KH-CLM-001671,KB0001717,2026-04-28,Chicago,commercial,COM-C,299,1,,
KH-CLM-001672,KB0001719,2026-04-28,Chicago,self-pay,SELF,30,1,,
KH-CLM-001673,KB0001720,2026-04-28,Chicago,commercial,COM-A,299,1,,
KH-CLM-001674,KB0001721,2026-04-28,Chicago,commercial,COM-B,95,1,,
KH-CLM-001675,KB0001722,2026-04-28,Chicago,self-pay,SELF,165,2,,
KH-CLM-001676,KB0001723,2026-04-28,Chicago,Medicare,MEDICARE,155,3,,
KH-CLM-001677,KB0001724,2026-04-28,Chicago,Medicare,MEDICARE,140,3,,
KH-CLM-001678,KB0001725,2026-04-28,Chicago,commercial,COM-C,299,1,,
KH-CLM-001679,KB0001726,2026-04-28,Chicago,commercial,COM-A,180,3,,
KH-CLM-001680,KB0001727,2026-04-28,Chicago,Medicare,MEDICARE,180,2,,
KH-CLM-001681,KB0001728,2026-04-28,Chicago,commercial,COM-B,245,2,,
KH-CLM-001682,KB0001729,2026-04-28,Atlanta,Medicare,MEDICARE,280,4,,
KH-CLM-001683,KB0001730,2026-04-28,Atlanta,commercial,COM-C,349,1,,
KH-CLM-001684,KB0001731,2026-04-28,Atlanta,Medicare,MEDICARE,85,2,,
KH-CLM-001685,KB0001732,2026-04-28,Atlanta,commercial,COM-B,150,2,,
KH-CLM-001686,KB0001733,2026-04-28,Atlanta,Medicare,MEDICARE,149,1,,
KH-CLM-001687,KB0001734,2026-04-28,Atlanta,commercial,COM-B,60,1,,
KH-CLM-001688,KB0001735,2026-04-28,Atlanta,Medicare,MEDICARE,325,4,,
KH-CLM-001689,KB0001736,2026-04-28,Philadelphia,Medicare,MEDICARE,140,3,,
KH-CLM-001690,KB0001737,2026-04-28,Philadelphia,Medicaid,MEDICAID-PA,75,1,,
KH-CLM-001691,KB0001738,2026-04-28,Philadelphia,commercial,COM-B,299,1,,eligibility or coverage
KH-CLM-001692,KB0001739,2026-04-28,Philadelphia,self-pay,SELF,85,2,,
KH-CLM-001693,KB0001740,2026-04-28,Philadelphia,commercial,COM-B,25,1,,
KH-CLM-001694,KB0001741,2026-04-28,Philadelphia,commercial,COM-A,$149.00,1,,
KH-CLM-001695,KB0001742,2026-04-29,Dallas,self-pay,SELF,230,3,,
KH-CLM-001696,KB0001743,2026-04-29,Dallas,commercial,COM-A,330,4,,
KH-CLM-001697,KB0001744,2026-04-29,Dallas,commercial,COM-B,180,3,,
KH-CLM-001698,KB0001745,2026-04-29,Dallas,Medicare,MEDICARE,225,3,,
KH-CLM-001699,KB0001746,2026-04-29,Dallas,commercial,COM-C,30,1,,
KH-CLM-001700,KB0001747,2026-04-29,Dallas,commercial,COM-B,55,2,,non-covered service
KH-CLM-001701,KB0001748,2026-04-29,Dallas,commercial,COM-B,160,2,,
KH-CLM-001702,KB0001749,2026-04-29,Dallas,Medicare,MEDICARE,299,1,,
KH-CLM-001703,KB0001750,2026-04-29,Dallas,commercial,COM-C,225,4,,
KH-CLM-001704,KB0001751,2026-04-29,Dallas,commercial,COM-C,60,1,,
KH-CLM-001705,KB0001752,2026-04-29,Dallas,commercial,COM-A,75,1,,
KH-CLM-001706,KB0001753,2026-04-29,Dallas,Medicaid,MEDICAID-TX,95,2,,
KH-CLM-001707,KB0001754,2026-04-29,Dallas,Medicare,MEDICARE,169,2,,missing or invalid information
KH-CLM-001708,KB0001755,2026-04-29,Dallas,Medicare,MEDICARE,299,1,,
KH-CLM-001709,KB0001756,2026-04-29,Dallas,commercial,COM-B,185,4,,
KH-CLM-001710,KB0001757,2026-04-29,Phoenix,Medicare,MEDICARE,149,1,,eligibility or coverage
KH-CLM-001711,KB0001758,2026-04-29,Phoenix,Medicare,MEDICARE,319,2,,
KH-CLM-001712,KB0001759,2026-04-29,Phoenix,Medicare,MEDICARE,149,1,,
KH-CLM-001713,KB0001761,2026-04-29,Phoenix,commercial,COM-C,55,1,,
KH-CLM-001714,KB0001762,2026-04-29,Phoenix,Medicare,MEDICARE,285,4,,medical necessity
KH-CLM-001715,KB0001763,2026-04-29,Phoenix,commercial,COM-A,100,2,,
KH-CLM-001716,KB0001764,2026-04-29,Phoenix,Medicare,MEDICARE,319,2,,
KH-CLM-001717,KB0001765,2026-04-29,Phoenix,commercial,COM-A,349,1,,eligibility or coverage
KH-CLM-001718,KB0001766,2026-04-29,Phoenix,commercial,COM-A,245,4,,
KH-CLM-001719,KB0001767,2026-04-29,Phoenix,commercial,COM-C,75,2,,
KH-CLM-001720,KB0001768,2026-04-29,New York,Medicare,MEDICARE,175,2,,
KH-CLM-001721,KB0001769,2026-04-29,New York,self-pay,SELF,290,4,,
KH-CLM-001722,KB0001770,2026-04-29,New York,commercial,COM-A,45,1,,
KH-CLM-001723,KB0001771,2026-04-29,New York,commercial,COM-B,95,2,,
KH-CLM-001724,KB0001773,2026-04-29,New York,Medicare,MEDICARE,210,2,,
KH-CLM-001725,KB0001774,2026-04-29,New York,Medicare,MEDICARE,55,2,,
KH-CLM-001726,KB0001775,2026-04-29,New York,Medicare,MEDICARE,149,1,,
KH-CLM-001727,KB0001776,2026-04-29,New York,commercial,COM-B,149,1,,non-covered service
KH-CLM-001728,KB0001777,2026-04-29,New York,self-pay,SELF,230,3,,
KH-CLM-001729,KB0001778,2026-04-29,New York,Medicaid,MEDICAID-NY,280,3,,
KH-CLM-001730,KB0001779,2026-04-29,New York,self-pay,SELF,55,1,,
KH-CLM-001731,KB0001780,2026-04-29,Chicago,commercial,COM-B,85,1,,
KH-CLM-001732,KB0001781,2026-04-29,Chicago,Medicare,MEDICARE,75,2,,medical necessity
KH-CLM-001733,KB0001782,2026-04-29,Chicago,commercial,COM-A,285,4,,
KH-CLM-001734,KB0001783,2026-04-29,Chicago,Medicaid,MEDICAID-IL,149,1,,
KH-CLM-001735,KB0001784,2026-04-29,Chicago,commercial,COM-B,$100.00,2,,medical necessity
KH-CLM-001736,KB0001785,2026-04-29,Chicago,commercial,COM-B,340,4,,
KH-CLM-001737,KB0001786,2026-04-29,Chicago,commercial,COM-B,75,1,,
KH-CLM-001738,KB0001787,2026-04-29,Atlanta,Medicare,MEDICARE,299,1,,
KH-CLM-001739,KB0001788,2026-04-29,Atlanta,Medicare,MEDICARE,120,2,,
KH-CLM-001740,KB0001789,2026-04-29,Atlanta,commercial,COM-A,175,2,,
KH-CLM-001741,KB0001790,2026-04-29,Atlanta,commercial,COM-B,135,3,,
KH-CLM-001742,KB0001791,2026-04-29,Atlanta,commercial,COM-C,125,2,,eligibility or coverage
KH-CLM-001743,KB0001792,2026-04-29,Atlanta,self-pay,SELF,369,2,,
KH-CLM-001744,KB0001793,2026-04-29,Atlanta,Medicaid,MEDICAID-GA,165,2,,
KH-CLM-001745,KB0001794,2026-04-29,Atlanta,commercial,COM-C,145,2,,
KH-CLM-001746,KB0001795,2026-04-29,Atlanta,commercial,COM-A,140,2,,
KH-CLM-001747,KB0001796,2026-04-29,Atlanta,Medicare,MEDICARE,299,1,,
KH-CLM-001748,KB0001797,2026-04-29,Philadelphia,commercial,COM-A,260,4,,
KH-CLM-001749,KB0001798,2026-04-29,Philadelphia,self-pay,SELF,105,2,,
KH-CLM-001750,KB0001799,2026-04-29,Philadelphia,self-pay,SELF,299,1,,
KH-CLM-001751,KB0001801,2026-04-29,Philadelphia,self-pay,SELF,95,1,,
KH-CLM-001752,KB0001802,2026-04-29,Philadelphia,Medicaid,MEDICAID-PA,90,2,,
KH-CLM-001753,KB0001803,2026-04-29,Philadelphia,commercial,COM-B,155,4,,
KH-CLM-001754,KB0001804,2026-04-29,Philadelphia,Medicare,MEDICARE,299,1,,
KH-CLM-001755,KB0001805,2026-04-29,Philadelphia,commercial,COM-C,195,2,,
KH-CLM-001756,KB0001806,2026-04-30,Dallas,commercial,COM-A,299,1,,non-covered service
KH-CLM-001757,KB0001807,2026-04-30,Dallas,Medicare,MEDICARE,299,1,,
KH-CLM-001758,KB0001808,2026-04-30,Dallas,Medicaid,MEDICAID-TX,45,1,,
KH-CLM-001759,KB0001809,2026-04-30,Dallas,Medicaid,MEDICAID-TX,30,1,,
KH-CLM-001760,KB0001810,2026-04-30,Dallas,commercial,COM-B,70,1,,
KH-CLM-001761,KB0001811,2026-04-30,Dallas,Medicare,MEDICARE,200,3,,
KH-CLM-001762,KB0001812,2026-04-30,Dallas,commercial,COM-A,30,1,,missing or invalid information
KH-CLM-001763,KB0001813,2026-04-30,Dallas,commercial,COM-A,149,1,,timely filing
KH-CLM-001764,KB0001814,2026-04-30,Dallas,Medicare,MEDICARE,100,2,,
KH-CLM-001765,KB0001815,2026-04-30,Dallas,commercial,COM-A,145,2,,
KH-CLM-001766,KB0001816,2026-04-30,Dallas,commercial,COM-C,125,2,,
KH-CLM-001767,KB0001817,2026-04-30,Dallas,Medicare,MEDICARE,95,2,,
KH-CLM-001768,KB0001818,2026-04-30,Dallas,Medicaid,MEDICAID-TX,349,1,,duplicate claim
KH-CLM-001769,KB0001819,2026-04-30,Dallas,self-pay,SELF,200,4,,
KH-CLM-001770,KB0001820,2026-04-30,Dallas,Medicaid,MEDICAID-TX,30,1,,
KH-CLM-001771,KB0001821,2026-04-30,Dallas,Medicare,MEDICARE,299,1,,
KH-CLM-001772,KB0001822,2026-04-30,Phoenix,Medicaid,MEDICAID-AZ,115,3,,
KH-CLM-001773,KB0001823,2026-04-30,Phoenix,Medicare,MEDICARE,150,1,,
KH-CLM-001774,KB0001824,2026-04-30,Phoenix,commercial,COM-B,149,1,,
KH-CLM-001775,KB0001825,2026-04-30,Phoenix,commercial,COM-B,299,1,,
KH-CLM-001776,KB0001827,2026-04-30,Phoenix,Medicaid,MEDICAID-AZ,149,1,,eligibility or coverage
KH-CLM-001777,KB0001828,2026-04-30,Phoenix,self-pay,SELF,355,4,,
KH-CLM-001778,KB0001829,2026-04-30,Phoenix,Medicare,MEDICARE,149,1,,
KH-CLM-001779,KB0001830,2026-04-30,Phoenix,self-pay,SELF,349,1,,
KH-CLM-001780,KB0001831,2026-04-30,Phoenix,commercial,COM-B,150,1,,
KH-CLM-001781,KB0001832,2026-04-30,New York,Medicare,MEDICARE,299,1,,missing or invalid information
KH-CLM-001782,KB0001833,2026-04-30,New York,Medicare,MEDICARE,325,4,,
KH-CLM-001783,KB0001834,2026-04-30,New York,Medicaid,MEDICAID-NY,149,1,,
KH-CLM-001784,KB0001835,2026-04-30,New York,Medicare,MEDICARE,349,1,,
KH-CLM-001785,KB0001836,2026-04-30,New York,commercial,COM-B,149,1,,
KH-CLM-001786,KB0001837,2026-04-30,New York,commercial,COM-B,349,1,,
KH-CLM-001787,KB0001838,2026-04-30,New York,Medicaid,MEDICAID-NY,240,4,,
KH-CLM-001788,KB0001839,2026-04-30,New York,commercial,COM-B,$60.00,2,,
KH-CLM-001789,KB0001840,2026-04-30,New York,commercial,COM-A,130,3,,
KH-CLM-001790,KB0001841,2026-04-30,New York,self-pay,SELF,390,4,,
KH-CLM-001791,KB0001842,2026-04-30,Chicago,Medicare,MEDICARE,235,2,,
KH-CLM-001792,KB0001843,2026-04-30,Chicago,commercial,COM-B,85,1,,
KH-CLM-001793,KB0001844,2026-04-30,Chicago,Medicaid,MEDICAID-IL,160,3,,
KH-CLM-001794,KB0001845,2026-04-30,Chicago,Medicare,MEDICARE,149,1,,
KH-CLM-001795,KB0001846,2026-04-30,Chicago,Medicare,MEDICARE,349,1,,
KH-CLM-001796,KB0001847,2026-04-30,Chicago,Medicare,MEDICARE,85,2,,
KH-CLM-001797,KB0001848,2026-04-30,Chicago,self-pay,SELF,55,1,,
KH-CLM-001798,KB0001849,2026-04-30,Chicago,commercial,COM-B,240,3,,
KH-CLM-001799,KB0001850,2026-04-30,Chicago,self-pay,SELF,169,2,,
KH-CLM-001800,KB0001851,2026-04-30,Chicago,commercial,COM-B,65,1,,
KH-CLM-001801,KB0001852,2026-04-30,Chicago,commercial,COM-A,125,2,,
KH-CLM-001802,KB0001853,2026-04-30,Atlanta,Medicare,MEDICARE,120,2,,
KH-CLM-001803,KB0001854,2026-04-30,Atlanta,Medicare,MEDICARE,299,1,,
KH-CLM-001804,KB0001855,2026-04-30,Atlanta,Medicare,MEDICARE,315,3,,
KH-CLM-001805,KB0001856,2026-04-30,Atlanta,commercial,COM-A,350,4,,
KH-CLM-001806,KB0001857,2026-04-30,Philadelphia,commercial,COM-C,125,2,,
KH-CLM-001807,KB0001858,2026-04-30,Philadelphia,Medicare,MEDICARE,299,1,,
KH-CLM-001808,KB0001859,2026-04-30,Philadelphia,Medicare,MEDICARE,115,2,,
KH-CLM-001809,KB0001860,2026-04-30,Philadelphia,Medicare,MEDICARE,170,3,,
KH-CLM-001810,KB0001861,2026-04-30,Philadelphia,commercial,COM-A,30,1,,
KH-CLM-001811,KB0001862,2026-04-30,Philadelphia,commercial,COM-C,125,2,,
KH-CLM-001812,KB0001863,2026-04-30,Philadelphia,commercial,COM-B,299,1,,
KH-CLM-001813,KB0001864,2026-04-30,Philadelphia,commercial,COM-B,349,1,,non-covered service
KH-CLM-001814,KB0001865,2026-05-01,Dallas,Medicare,MEDICARE,75,1,,
KH-CLM-001815,KB0001866,2026-05-01,Dallas,self-pay,SELF,299,1,,
KH-CLM-001816,KB0001867,2026-05-01,Dallas,commercial,COM-C,349,1,,non-covered service
KH-CLM-001817,KB0001868,2026-05-01,Dallas,Medicaid,MEDICAID-TX,200,3,,
KH-CLM-001818,KB0001869,2026-05-01,Dallas,self-pay,SELF,115,2,,
KH-CLM-001819,KB0001870,2026-05-01,Dallas,commercial,COM-A,319,2,,
KH-CLM-001820,KB0001871,2026-05-01,Dallas,commercial,COM-A,255,4,,
KH-CLM-001821,KB0001872,2026-05-01,Dallas,Medicaid,MEDICAID-TX,149,1,,
KH-CLM-001822,KB0001873,2026-05-01,Dallas,commercial,COM-B,225,3,,
KH-CLM-001823,KB0001874,2026-05-01,Dallas,commercial,COM-C,25,1,,
KH-CLM-001824,KB0001875,2026-05-01,Dallas,Medicaid,MEDICAID-TX,135,2,,
KH-CLM-001825,KB0001876,2026-05-01,Dallas,commercial,COM-A,45,1,,
KH-CLM-001826,KB0001877,2026-05-01,Dallas,commercial,COM-A,299,1,,
KH-CLM-001827,KB0001878,2026-05-01,Dallas,commercial,COM-C,299,1,,
KH-CLM-001828,KB0001879,2026-05-01,Dallas,commercial,COM-C,150,1,,
KH-CLM-001829,KB0001881,2026-05-01,Phoenix,Medicare,MEDICARE,75,2,,
KH-CLM-001830,KB0001882,2026-05-01,Phoenix,commercial,COM-A,90,2,,
KH-CLM-001831,KB0001883,2026-05-01,Phoenix,commercial,COM-C,55,2,,
KH-CLM-001832,KB0001884,2026-05-01,Phoenix,Medicaid,MEDICAID-AZ,30,1,,prior authorization
KH-CLM-001833,KB0001885,2026-05-01,Phoenix,commercial,COM-A,115,2,,
KH-CLM-001834,KB0001886,2026-05-01,Phoenix,commercial,COM-A,149,1,,
KH-CLM-001835,KB0001887,2026-05-01,Phoenix,commercial,COM-B,30,1,,
KH-CLM-001836,KB0001888,2026-05-01,Phoenix,commercial,COM-B,180,3,,
KH-CLM-001837,KB0001889,2026-05-01,Phoenix,Medicare,MEDICARE,105,2,,
KH-CLM-001838,KB0001890,2026-05-01,Phoenix,commercial,COM-C,210,4,,
KH-CLM-001839,KB0001891,2026-05-01,Phoenix,Medicare,MEDICARE,349,1,,
KH-CLM-001840,KB0001892,2026-05-01,New York,commercial,COM-B,299,1,,
KH-CLM-001841,KB0001893,2026-05-01,New York,Medicare,MEDICARE,299,1,,non-covered service
KH-CLM-001842,KB0001894,2026-05-01,New York,Medicare,MEDICARE,290,3,,missing or invalid information
KH-CLM-001843,KB0001895,2026-05-01,New York,Medicare,MEDICARE,95,2,,
KH-CLM-001844,KB0001896,2026-05-01,New York,Medicare,MEDICARE,95,1,,
KH-CLM-001845,KB0001897,2026-05-01,New York,Medicaid,MEDICAID-NY,299,1,,
KH-CLM-001846,KB0001898,2026-05-01,New York,commercial,COM-A,340,4,,
KH-CLM-001847,KB0001899,2026-05-01,New York,self-pay,SELF,390,4,,
KH-CLM-001848,KB0001900,2026-05-01,New York,commercial,COM-C,45,1,,
KH-CLM-001849,KB0001901,2026-05-01,New York,Medicare,MEDICARE,100,2,,
KH-CLM-001850,KB0001902,2026-05-01,Chicago,commercial,COM-B,260,4,,
KH-CLM-001851,KB0001904,2026-05-01,Chicago,Medicaid,MEDICAID-IL,255,4,,
KH-CLM-001852,KB0001905,2026-05-01,Chicago,Medicare,MEDICARE,149,1,,
KH-CLM-001853,KB0001906,2026-05-01,Chicago,Medicare,MEDICARE,299,1,,
KH-CLM-001854,KB0001907,2026-05-01,Chicago,Medicaid,MEDICAID-IL,149,1,,
KH-CLM-001855,KB0001908,2026-05-01,Chicago,Medicaid,MEDICAID-IL,90,2,,eligibility or coverage
KH-CLM-001856,KB0001909,2026-05-01,Chicago,commercial,COM-B,275,4,,
KH-CLM-001857,KB0001910,2026-05-01,Chicago,Medicare,MEDICARE,75,2,,
KH-CLM-001858,KB0001911,2026-05-01,Chicago,commercial,COM-B,95,2,,
KH-CLM-001859,KB0001912,2026-05-01,Chicago,Medicaid,MEDICAID-IL,295,5,,
KH-CLM-001860,KB0001913,2026-05-01,Atlanta,Medicare,MEDICARE,299,1,,
KH-CLM-001861,KB0001914,2026-05-01,Atlanta,commercial,COM-B,350,4,,
KH-CLM-001862,KB0001915,2026-05-01,Atlanta,Medicare,MEDICARE,225,4,,
KH-CLM-001863,KB0001916,2026-05-01,Atlanta,Medicaid,MEDICAID-GA,250,4,,
KH-CLM-001864,KB0001917,2026-05-01,Atlanta,commercial,COM-C,270,4,,
KH-CLM-001865,KB0001920,2026-05-01,Philadelphia,self-pay,SELF,215,4,,
KH-CLM-001866,KB0001921,2026-05-01,Philadelphia,commercial,COM-A,250,4,,
KH-CLM-001867,KB0001922,2026-05-01,Philadelphia,Medicare,MEDICARE,75,3,,
KH-CLM-001868,KB0001923,2026-05-01,Philadelphia,Medicaid,MEDICAID-PA,65,1,,
KH-CLM-001869,KB0001924,2026-05-01,Philadelphia,Medicaid,MEDICAID-PA,275,3,,
KH-CLM-001870,KB0001925,2026-05-01,Philadelphia,commercial,COM-B,265,4,,
KH-CLM-001871,KB0001926,2026-05-01,Philadelphia,commercial,COM-B,115,2,,
KH-CLM-001872,KB0001927,2026-05-02,Dallas,commercial,COM-B,299,1,,
KH-CLM-001873,KB0001928,2026-05-02,Dallas,Medicare,MEDICARE,$155.00,2,,
KH-CLM-001874,KB0001930,2026-05-02,Dallas,Medicare,MEDICARE,85,1,,
KH-CLM-001875,KB0001931,2026-05-02,Dallas,Medicaid,MEDICAID-TX,349,1,,
KH-CLM-001876,KB0001932,2026-05-02,Dallas,Medicare,MEDICARE,299,1,,missing or invalid information
KH-CLM-001877,KB0001933,2026-05-02,Dallas,Medicare,MEDICARE,299,1,,
KH-CLM-001878,KB0001934,2026-05-02,Dallas,Medicare,MEDICARE,150,2,,
KH-CLM-001879,KB0001935,2026-05-02,Dallas,commercial,COM-B,135,2,,
KH-CLM-001880,KB0001936,2026-05-02,Dallas,Medicare,MEDICARE,205,4,,
KH-CLM-001881,KB0001937,2026-05-02,Dallas,self-pay,SELF,150,3,,
KH-CLM-001882,KB0001938,2026-05-02,Dallas,Medicaid,MEDICAID-TX,149,1,,
KH-CLM-001883,KB0001939,2026-05-02,Dallas,Medicare,MEDICARE,230,4,,
KH-CLM-001884,KB0001940,2026-05-02,Dallas,Medicare,MEDICARE,80,2,,eligibility or coverage
KH-CLM-001885,KB0001941,2026-05-02,Dallas,Medicare,MEDICARE,299,1,,
KH-CLM-001886,KB0001942,2026-05-02,Dallas,self-pay,SELF,170,2,,
KH-CLM-001887,KB0001943,2026-05-02,Dallas,commercial,COM-A,149,1,,
KH-CLM-001888,KB0001944,2026-05-02,Phoenix,Medicare,MEDICARE,149,1,,duplicate claim
KH-CLM-001889,KB0001946,2026-05-02,Phoenix,commercial,COM-C,150,1,,
KH-CLM-001890,KB0001947,2026-05-02,Phoenix,commercial,COM-A,149,1,,
KH-CLM-001891,KB0001948,2026-05-02,Phoenix,commercial,COM-B,145,2,,
KH-CLM-001892,KB0001949,2026-05-02,Phoenix,Medicare,MEDICARE,150,2,,
KH-CLM-001893,KB0001950,2026-05-02,Phoenix,commercial,COM-C,285,4,,
KH-CLM-001894,KB0001951,2026-05-02,Phoenix,Medicare,MEDICARE,130,2,,
KH-CLM-001895,KB0001952,2026-05-02,Phoenix,Medicare,MEDICARE,45,1,,
KH-CLM-001896,KB0001953,2026-05-02,Phoenix,commercial,COM-C,60,1,,
KH-CLM-001897,KB0001954,2026-05-02,Phoenix,commercial,COM-B,75,1,,
KH-CLM-001898,KB0001955,2026-05-02,Phoenix,commercial,COM-C,110,3,,
KH-CLM-001899,KB0001956,2026-05-02,Phoenix,Medicare,MEDICARE,100,2,,
KH-CLM-001900,KB0001957,2026-05-02,Phoenix,commercial,COM-A,175,3,,
KH-CLM-001901,KB0001958,2026-05-02,New York,Medicare,MEDICARE,85,2,,
KH-CLM-001902,KB0001959,2026-05-02,New York,Medicaid,MEDICAID-NY,55,1,,
KH-CLM-001903,KB0001960,2026-05-02,New York,Medicaid,MEDICAID-NY,299,1,,
KH-CLM-001904,KB0001962,2026-05-02,New York,Medicare,MEDICARE,105,2,,
KH-CLM-001905,KB0001963,2026-05-02,New York,commercial,COM-A,275,4,,
KH-CLM-001906,KB0001964,2026-05-02,New York,commercial,COM-B,75,2,,missing or invalid information
KH-CLM-001907,KB0001965,2026-05-02,New York,Medicare,MEDICARE,55,1,,
KH-CLM-001908,KB0001966,2026-05-02,New York,commercial,COM-A,45,2,,
KH-CLM-001909,KB0001967,2026-05-02,New York,self-pay,SELF,115,2,,
KH-CLM-001910,KB0001968,2026-05-02,New York,Medicare,MEDICARE,240,3,,
KH-CLM-001911,KB0001969,2026-05-02,Chicago,self-pay,SELF,299,1,,
KH-CLM-001912,KB0001970,2026-05-02,Chicago,Medicare,MEDICARE,60,1,,
KH-CLM-001913,KB0001971,2026-05-02,Chicago,commercial,COM-C,149,1,,
KH-CLM-001914,KB0001972,2026-05-02,Chicago,commercial,COM-C,240,4,,
KH-CLM-001915,KB0001973,2026-05-02,Chicago,commercial,COM-C,200,4,,prior authorization
KH-CLM-001916,KB0001974,2026-05-02,Chicago,commercial,COM-B,299,1,,
KH-CLM-001917,KB0001975,2026-05-02,Chicago,Medicaid,MEDICAID-IL,170,4,,
KH-CLM-001918,KB0001976,2026-05-02,Chicago,self-pay,SELF,220,2,,
KH-CLM-001919,KB0001977,2026-05-02,Chicago,commercial,COM-B,299,1,,
KH-CLM-001920,KB0001978,2026-05-02,Chicago,commercial,COM-B,115,3,,
KH-CLM-001921,KB0001979,2026-05-02,Chicago,commercial,COM-C,250,5,,
KH-CLM-001922,KB0001980,2026-05-02,Atlanta,Medicare,MEDICARE,95,1,,
KH-CLM-001923,KB0001981,2026-05-02,Atlanta,Medicare,MEDICARE,335,4,,
KH-CLM-001924,KB0001982,2026-05-02,Atlanta,Medicare,MEDICARE,299,1,,
KH-CLM-001925,KB0001983,2026-05-02,Atlanta,commercial,COM-B,150,1,,
KH-CLM-001926,KB0001984,2026-05-02,Atlanta,Medicaid,MEDICAID-GA,260,5,,
KH-CLM-001927,KB0001985,2026-05-02,Atlanta,Medicaid,MEDICAID-GA,30,1,,eligibility or coverage
KH-CLM-001928,KB0001986,2026-05-02,Atlanta,commercial,COM-B,120,2,,
KH-CLM-001929,KB0001987,2026-05-02,Atlanta,commercial,COM-B,180,2,,timely filing
KH-CLM-001930,KB0001988,2026-05-02,Atlanta,commercial,COM-B,149,1,,missing or invalid information
KH-CLM-001931,KB0001989,2026-05-02,Atlanta,commercial,COM-A,369,2,,
KH-CLM-001932,KB0001990,2026-05-02,Atlanta,commercial,COM-C,130,2,,
KH-CLM-001933,KB0001991,2026-05-02,Atlanta,Medicaid,MEDICAID-GA,300,3,,eligibility or coverage
KH-CLM-001934,KB0001992,2026-05-02,Philadelphia,Medicare,MEDICARE,165,3,,
KH-CLM-001935,KB0001993,2026-05-02,Philadelphia,commercial,COM-C,100,2,,
KH-CLM-001936,KB0001994,2026-05-02,Philadelphia,Medicare,MEDICARE,220,4,,
KH-CLM-001937,KB0001995,2026-05-02,Philadelphia,commercial,COM-C,45,1,,
KH-CLM-001938,KB0001996,2026-05-02,Philadelphia,commercial,COM-B,405,4,,
KH-CLM-001939,KB0001997,2026-05-02,Philadelphia,self-pay,SELF,180,2,,
KH-CLM-001940,KB0001998,2026-05-02,Philadelphia,commercial,COM-C,235,3,,
KH-CLM-001941,KB0001999,2026-05-02,Philadelphia,commercial,COM-A,$299.00,1,,
KH-CLM-001942,KB0002000,2026-05-02,Philadelphia,self-pay,SELF,60,1,,
KH-CLM-001943,KB0002001,2026-05-02,Philadelphia,Medicare,MEDICARE,135,2,,non-covered service
KH-CLM-001944,KB0002002,2026-05-03,Dallas,commercial,COM-B,100,2,,
KH-CLM-001945,KB0002003,2026-05-03,Dallas,commercial,COM-C,130,2,,
KH-CLM-001946,KB0002004,2026-05-03,Dallas,commercial,COM-C,25,1,,
KH-CLM-001947,KB0002005,2026-05-03,Dallas,Medicaid,MEDICAID-TX,75,1,,
KH-CLM-001948,KB0002006,2026-05-03,Dallas,commercial,COM-A,235,2,,
KH-CLM-001949,KB0002007,2026-05-03,Dallas,Medicaid,MEDICAID-TX,105,2,,
KH-CLM-001950,KB0002008,2026-05-03,Dallas,commercial,COM-C,100,2,,
KH-CLM-001951,KB0002009,2026-05-03,Dallas,Medicare,MEDICARE,70,1,,
KH-CLM-001952,KB0002010,2026-05-03,Dallas,Medicare,MEDICARE,90,2,,medical necessity
KH-CLM-001953,KB0002011,2026-05-03,Dallas,commercial,COM-C,299,1,,
KH-CLM-001954,KB0002012,2026-05-03,Dallas,commercial,COM-B,75,1,,
KH-CLM-001955,KB0002013,2026-05-03,Dallas,commercial,COM-C,300,4,,
KH-CLM-001956,KB0002014,2026-05-03,Phoenix,commercial,COM-B,225,2,,medical necessity
KH-CLM-001957,KB0002015,2026-05-03,Phoenix,commercial,COM-A,149,1,,
KH-CLM-001958,KB0002016,2026-05-03,Phoenix,commercial,COM-B,175,2,,
KH-CLM-001959,KB0002017,2026-05-03,Phoenix,Medicare,MEDICARE,30,1,,
KH-CLM-001960,KB0002018,2026-05-03,Phoenix,Medicare,MEDICARE,95,2,,
KH-CLM-001961,KB0002019,2026-05-03,Phoenix,Medicaid,MEDICAID-AZ,319,2,,
KH-CLM-001962,KB0002020,2026-05-03,Phoenix,commercial,COM-A,195,3,,
KH-CLM-001963,KB0002022,2026-05-03,New York,commercial,COM-A,45,1,,
KH-CLM-001964,KB0002023,2026-05-03,New York,Medicare,MEDICARE,149,1,,
KH-CLM-001965,KB0002024,2026-05-03,New York,commercial,COM-B,65,1,,
KH-CLM-001966,KB0002025,2026-05-03,New York,Medicare,MEDICARE,270,4,,
KH-CLM-001967,KB0002026,2026-05-03,New York,Medicaid,MEDICAID-NY,299,1,,
KH-CLM-001968,KB0002027,2026-05-03,New York,commercial,COM-C,149,1,,
KH-CLM-001969,KB0002028,2026-05-03,New York,self-pay,SELF,$140.00,4,,
KH-CLM-001970,KB0002030,2026-05-03,New York,Medicaid,MEDICAID-NY,299,1,,
KH-CLM-001971,KB0002031,2026-05-03,Chicago,Medicare,MEDICARE,75,1,,
KH-CLM-001972,KB0002032,2026-05-03,Chicago,commercial,COM-B,250,3,,
KH-CLM-001973,KB0002033,2026-05-03,Chicago,self-pay,SELF,165,2,,
KH-CLM-001974,KB0002034,2026-05-03,Chicago,Medicare,MEDICARE,125,2,,
KH-CLM-001975,KB0002035,2026-05-03,Chicago,commercial,COM-A,55,1,,
KH-CLM-001976,KB0002037,2026-05-03,Chicago,commercial,COM-A,70,1,,missing or invalid information
KH-CLM-001977,KB0002038,2026-05-03,Chicago,commercial,COM-C,299,1,,
KH-CLM-001978,KB0002039,2026-05-03,Chicago,self-pay,SELF,120,2,,
KH-CLM-001979,KB0002040,2026-05-03,Chicago,commercial,COM-B,180,3,,
KH-CLM-001980,KB0002041,2026-05-03,Atlanta,Medicare,MEDICARE,75,2,,missing or invalid information
KH-CLM-001981,KB0002042,2026-05-03,Atlanta,Medicaid,MEDICAID-GA,205,4,,
KH-CLM-001982,KB0002043,2026-05-03,Atlanta,commercial,COM-A,280,3,,
KH-CLM-001983,KB0002044,2026-05-03,Atlanta,Medicaid,MEDICAID-GA,150,2,,
KH-CLM-001984,KB0002045,2026-05-03,Atlanta,commercial,COM-C,149,1,,
KH-CLM-001985,KB0002046,2026-05-03,Atlanta,commercial,COM-A,330,4,,
KH-CLM-001986,KB0002047,2026-05-03,Atlanta,commercial,COM-A,180,3,,
KH-CLM-001987,KB0002048,2026-05-03,Atlanta,Medicare,MEDICARE,55,2,,
KH-CLM-001988,KB0002049,2026-05-03,Atlanta,commercial,COM-A,105,2,,
KH-CLM-001989,KB0002050,2026-05-03,Atlanta,commercial,COM-C,95,3,,
KH-CLM-001990,KB0002051,2026-05-03,Atlanta,commercial,COM-A,299,1,,
KH-CLM-001991,KB0002052,2026-05-03,Philadelphia,commercial,COM-C,149,1,,non-covered service
KH-CLM-001992,KB0002053,2026-05-03,Philadelphia,commercial,COM-B,30,1,,
KH-CLM-001993,KB0002054,2026-05-03,Philadelphia,Medicare,MEDICARE,245,2,,
KH-CLM-001994,KB0002055,2026-05-03,Philadelphia,self-pay,SELF,115,2,,
KH-CLM-001995,KB0002056,2026-05-03,Philadelphia,Medicaid,MEDICAID-PA,45,1,,
KH-CLM-001996,KB0002057,2026-05-03,Philadelphia,commercial,COM-C,135,3,,non-covered service
KH-CLM-001997,KB0002058,2026-05-03,Philadelphia,Medicare,MEDICARE,299,1,,
KH-CLM-001998,KB0002059,2026-05-04,Dallas,Medicaid,MEDICAID-TX,349,1,,eligibility or coverage
KH-CLM-001999,KB0002060,2026-05-04,Dallas,commercial,COM-B,70,1,,
KH-CLM-002000,KB0002062,2026-05-04,Dallas,commercial,COM-A,299,1,,
KH-CLM-002001,KB0002063,2026-05-04,Dallas,Medicaid,MEDICAID-TX,80,2,,
KH-CLM-002002,KB0002064,2026-05-04,Dallas,Medicare,MEDICARE,299,1,,
KH-CLM-002003,KB0002065,2026-05-04,Dallas,commercial,COM-C,349,1,,non-covered service
KH-CLM-002004,KB0002066,2026-05-04,Dallas,Medicare,MEDICARE,299,1,,
KH-CLM-002005,KB0002067,2026-05-04,Dallas,commercial,COM-B,299,1,,
KH-CLM-002006,KB0002068,2026-05-04,Dallas,Medicare,MEDICARE,245,4,,
KH-CLM-002007,KB0002069,2026-05-04,Dallas,commercial,COM-B,130,2,,
KH-CLM-002008,KB0002070,2026-05-04,Dallas,commercial,COM-C,45,1,,
KH-CLM-002009,KB0002071,2026-05-04,Dallas,commercial,COM-B,185,3,,
KH-CLM-002010,KB0002072,2026-05-04,Dallas,commercial,COM-C,145,2,,
KH-CLM-002011,KB0002073,2026-05-04,Dallas,Medicare,MEDICARE,45,1,,
KH-CLM-002012,KB0002074,2026-05-04,Phoenix,commercial,COM-C,299,1,,duplicate claim
KH-CLM-002013,KB0002075,2026-05-04,Phoenix,commercial,COM-A,70,1,,
KH-CLM-002014,KB0002076,2026-05-04,Phoenix,commercial,COM-B,30,1,,timely filing
KH-CLM-002015,KB0002077,2026-05-04,Phoenix,Medicare,MEDICARE,60,1,,
KH-CLM-002016,KB0002078,2026-05-04,Phoenix,commercial,COM-C,250,3,,
KH-CLM-002017,KB0002079,2026-05-04,Phoenix,commercial,COM-A,170,3,,
KH-CLM-002018,KB0002080,2026-05-04,Phoenix,commercial,COM-B,105,2,,
KH-CLM-002019,KB0002081,2026-05-04,Phoenix,commercial,COM-C,115,2,,
KH-CLM-002020,KB0002082,2026-05-04,Phoenix,Medicare,MEDICARE,55,1,,
KH-CLM-002021,KB0002083,2026-05-04,Phoenix,commercial,COM-C,75,2,,
KH-CLM-002022,KB0002084,2026-05-04,Phoenix,Medicaid,MEDICAID-AZ,149,1,,
KH-CLM-002023,KB0002085,2026-05-04,Phoenix,commercial,COM-A,245,3,,
KH-CLM-002024,KB0002086,2026-05-04,Phoenix,commercial,COM-A,225,4,,
KH-CLM-002025,KB0002087,2026-05-04,Phoenix,commercial,COM-A,299,1,,
KH-CLM-002026,KB0002088,2026-05-04,Phoenix,Medicare,MEDICARE,299,1,,
KH-CLM-002027,KB0002089,2026-05-04,Phoenix,Medicare,MEDICARE,225,3,,
KH-CLM-002028,KB0002090,2026-05-04,Phoenix,commercial,COM-B,240,4,,
KH-CLM-002029,KB0002091,2026-05-04,Phoenix,Medicare,MEDICARE,205,4,,
KH-CLM-002030,KB0002092,2026-05-04,Phoenix,Medicaid,MEDICAID-AZ,299,1,,
KH-CLM-002031,KB0002093,2026-05-04,New York,commercial,COM-A,275,4,,
KH-CLM-002032,KB0002094,2026-05-04,New York,Medicare,MEDICARE,215,4,,
KH-CLM-002033,KB0002095,2026-05-04,New York,self-pay,SELF,299,1,,
KH-CLM-002034,KB0002096,2026-05-04,New York,commercial,COM-B,180,2,,
KH-CLM-002035,KB0002097,2026-05-04,New York,Medicare,MEDICARE,360,4,,
KH-CLM-002036,KB0002098,2026-05-04,New York,Medicare,MEDICARE,225,4,,
KH-CLM-002037,KB0002099,2026-05-04,New York,Medicare,MEDICARE,140,4,,
KH-CLM-002038,KB0002100,2026-05-04,New York,commercial,COM-B,55,1,,
KH-CLM-002039,KB0002101,2026-05-04,New York,commercial,COM-C,305,3,,eligibility or coverage
KH-CLM-002040,KB0002102,2026-05-04,Chicago,commercial,COM-A,45,1,,
KH-CLM-002041,KB0002103,2026-05-04,Chicago,commercial,COM-A,175,4,,
KH-CLM-002042,KB0002104,2026-05-04,Chicago,commercial,COM-B,90,2,,
KH-CLM-002043,KB0002105,2026-05-04,Chicago,Medicare,MEDICARE,145,2,,
KH-CLM-002044,KB0002106,2026-05-04,Chicago,commercial,COM-C,349,1,,
KH-CLM-002045,KB0002107,2026-05-04,Chicago,commercial,COM-C,165,4,,
KH-CLM-002046,KB0002108,2026-05-04,Chicago,commercial,COM-B,149,1,,missing or invalid information
KH-CLM-002047,KB0002109,2026-05-04,Chicago,commercial,COM-B,55,1,,
KH-CLM-002048,KB0002110,2026-05-04,Chicago,self-pay,SELF,319,2,,
KH-CLM-002049,KB0002111,2026-05-04,Chicago,Medicaid,MEDICAID-IL,349,1,,
KH-CLM-002050,KB0002112,2026-05-04,Chicago,commercial,COM-A,195,2,,
KH-CLM-002051,KB0002113,2026-05-04,Chicago,Medicare,MEDICARE,30,1,,
KH-CLM-002052,KB0002114,2026-05-04,Atlanta,Medicaid,MEDICAID-GA,299,1,,
KH-CLM-002053,KB0002115,2026-05-04,Atlanta,Medicare,MEDICARE,100,2,,
KH-CLM-002054,KB0002116,2026-05-04,Atlanta,Medicare,MEDICARE,160,4,,eligibility or coverage
KH-CLM-002055,KB0002117,2026-05-04,Atlanta,commercial,COM-A,95,2,,medical necessity
KH-CLM-002056,KB0002118,2026-05-04,Atlanta,Medicare,MEDICARE,75,1,,
KH-CLM-002057,KB0002119,2026-05-04,Atlanta,self-pay,SELF,165,3,,
KH-CLM-002058,KB0002120,2026-05-04,Atlanta,commercial,COM-C,200,4,,
KH-CLM-002059,KB0002121,2026-05-04,Philadelphia,commercial,COM-B,149,1,,
KH-CLM-002060,KB0002122,2026-05-04,Philadelphia,commercial,COM-B,265,3,,
KH-CLM-002061,KB0002123,2026-05-04,Philadelphia,commercial,COM-C,230,3,,
KH-CLM-002062,KB0002124,2026-05-04,Philadelphia,commercial,COM-B,220,3,,
KH-CLM-002063,KB0002125,2026-05-04,Philadelphia,self-pay,SELF,319,2,,
KH-CLM-002064,KB0002126,2026-05-04,Philadelphia,commercial,COM-A,70,1,,
KH-CLM-002065,KB0002127,2026-05-04,Philadelphia,Medicare,MEDICARE,170,2,,
KH-CLM-002066,KB0002128,2026-05-04,Philadelphia,self-pay,SELF,299,1,,
KH-CLM-002067,KB0002129,2026-05-04,Philadelphia,Medicare,MEDICARE,115,2,,
KH-CLM-002068,KB0002130,2026-05-05,Dallas,Medicaid,MEDICAID-TX,149,1,,
KH-CLM-002069,KB0002131,2026-05-05,Dallas,commercial,COM-A,299,1,,
KH-CLM-002070,KB0002132,2026-05-05,Dallas,commercial,COM-C,220,3,,
KH-CLM-002071,KB0002133,2026-05-05,Dallas,commercial,COM-A,115,3,,
KH-CLM-002072,KB0002134,2026-05-05,Dallas,commercial,COM-C,90,2,,
KH-CLM-002073,KB0002135,2026-05-05,Dallas,Medicaid,MEDICAID-TX,149,1,,
KH-CLM-002074,KB0002137,2026-05-05,Dallas,Medicare,MEDICARE,149,1,,
KH-CLM-002075,KB0002138,2026-05-05,Dallas,Medicare,MEDICARE,145,3,,
KH-CLM-002076,KB0002139,2026-05-05,Dallas,commercial,COM-A,330,4,,
KH-CLM-002077,KB0002140,2026-05-05,Dallas,self-pay,SELF,349,1,,
KH-CLM-002078,KB0002141,2026-05-05,Dallas,commercial,COM-C,75,1,,
KH-CLM-002079,KB0002142,2026-05-05,Dallas,self-pay,SELF,349,1,,
KH-CLM-002080,KB0002143,2026-05-05,Dallas,commercial,COM-C,220,3,,
KH-CLM-002081,KB0002144,2026-05-05,Dallas,Medicare,MEDICARE,240,3,,
KH-CLM-002082,KB0002145,2026-05-05,Dallas,Medicaid,MEDICAID-TX,180,4,,
KH-CLM-002083,KB0002146,2026-05-05,Dallas,commercial,COM-A,149,1,,
KH-CLM-002084,KB0002147,2026-05-05,Phoenix,commercial,COM-C,355,4,,
KH-CLM-002085,KB0002148,2026-05-05,Phoenix,Medicare,MEDICARE,120,3,,
KH-CLM-002086,KB0002149,2026-05-05,Phoenix,commercial,COM-A,299,1,,
KH-CLM-002087,KB0002150,2026-05-05,Phoenix,commercial,COM-A,85,1,,
KH-CLM-002088,KB0002151,2026-05-05,Phoenix,commercial,COM-A,245,4,,
KH-CLM-002089,KB0002152,2026-05-05,Phoenix,commercial,COM-A,299,1,,
KH-CLM-002090,KB0002153,2026-05-05,Phoenix,Medicare,MEDICARE,60,1,,
KH-CLM-002091,KB0002154,2026-05-05,Phoenix,Medicaid,MEDICAID-AZ,70,1,,
KH-CLM-002092,KB0002155,2026-05-05,Phoenix,commercial,COM-A,65,1,,
KH-CLM-002093,KB0002156,2026-05-05,Phoenix,commercial,COM-C,85,1,,
KH-CLM-002094,KB0002157,2026-05-05,Phoenix,Medicaid,MEDICAID-AZ,75,1,,timely filing
KH-CLM-002095,KB0002158,2026-05-05,Phoenix,Medicaid,MEDICAID-AZ,280,4,,
KH-CLM-002096,KB0002159,2026-05-05,Phoenix,commercial,COM-B,169,2,,missing or invalid information
KH-CLM-002097,KB0002160,2026-05-05,Phoenix,commercial,COM-A,149,1,,
KH-CLM-002098,KB0002161,2026-05-05,Phoenix,Medicare,MEDICARE,170,2,,
KH-CLM-002099,KB0002162,2026-05-05,Phoenix,commercial,COM-A,349,1,,
KH-CLM-002100,KB0002163,2026-05-05,Phoenix,commercial,COM-C,95,1,,
KH-CLM-002101,KB0002164,2026-05-05,Phoenix,Medicare,MEDICARE,299,1,,
KH-CLM-002102,KB0002165,2026-05-05,New York,commercial,COM-B,85,1,,prior authorization
KH-CLM-002103,KB0002166,2026-05-05,New York,commercial,COM-A,169,2,,
KH-CLM-002104,KB0002167,2026-05-05,New York,self-pay,SELF,60,2,,
KH-CLM-002105,KB0002168,2026-05-05,New York,commercial,COM-B,95,1,,
KH-CLM-002106,KB0002169,2026-05-05,New York,commercial,COM-B,110,2,,
KH-CLM-002107,KB0002170,2026-05-05,New York,Medicare,MEDICARE,299,1,,
KH-CLM-002108,KB0002171,2026-05-05,New York,Medicare,MEDICARE,70,1,,
KH-CLM-002109,KB0002172,2026-05-05,New York,Medicaid,MEDICAID-NY,90,2,,
KH-CLM-002110,KB0002173,2026-05-05,New York,commercial,COM-B,25,1,,eligibility or coverage
KH-CLM-002111,KB0002174,2026-05-05,New York,self-pay,SELF,235,2,,
KH-CLM-002112,KB0002175,2026-05-05,New York,Medicare,MEDICARE,85,1,,
KH-CLM-002113,KB0002176,2026-05-05,New York,commercial,COM-A,65,1,,
KH-CLM-002114,KB0002177,2026-05-05,New York,commercial,COM-B,150,2,,
KH-CLM-002115,KB0002178,2026-05-05,New York,commercial,COM-A,299,1,,missing or invalid information
KH-CLM-002116,KB0002179,2026-05-05,Chicago,commercial,COM-C,275,4,,
KH-CLM-002117,KB0002180,2026-05-05,Chicago,commercial,COM-A,335,4,,
KH-CLM-002118,KB0002181,2026-05-05,Chicago,commercial,COM-A,55,2,,
KH-CLM-002119,KB0002182,2026-05-05,Chicago,commercial,COM-A,349,1,,
KH-CLM-002120,KB0002183,2026-05-05,Chicago,commercial,COM-B,205,3,,medical necessity
KH-CLM-002121,KB0002184,2026-05-05,Chicago,Medicare,MEDICARE,349,1,,medical necessity
KH-CLM-002122,KB0002185,2026-05-05,Chicago,commercial,COM-B,95,2,,
KH-CLM-002123,KB0002186,2026-05-05,Atlanta,commercial,COM-A,299,1,,
KH-CLM-002124,KB0002187,2026-05-05,Atlanta,Medicare,MEDICARE,75,1,,
KH-CLM-002125,KB0002188,2026-05-05,Atlanta,Medicare,MEDICARE,299,1,,
KH-CLM-002126,KB0002189,2026-05-05,Atlanta,Medicaid,MEDICAID-GA,265,3,,
KH-CLM-002127,KB0002190,2026-05-05,Atlanta,commercial,COM-A,299,1,,
KH-CLM-002128,KB0002191,2026-05-05,Atlanta,Medicare,MEDICARE,95,1,,
KH-CLM-002129,KB0002192,2026-05-05,Atlanta,Medicaid,MEDICAID-GA,349,1,,
KH-CLM-002130,KB0002193,2026-05-05,Philadelphia,commercial,COM-C,310,4,,
KH-CLM-002131,KB0002194,2026-05-05,Philadelphia,self-pay,SELF,319,2,,
KH-CLM-002132,KB0002195,2026-05-05,Philadelphia,commercial,COM-C,299,1,,
KH-CLM-002133,KB0002196,2026-05-05,Philadelphia,Medicare,MEDICARE,255,4,,
KH-CLM-002134,KB0002197,2026-05-05,Philadelphia,commercial,COM-A,120,2,,
KH-CLM-002135,KB0002198,2026-05-05,Philadelphia,commercial,COM-C,155,3,,
KH-CLM-002136,KB0002199,2026-05-05,Philadelphia,Medicaid,MEDICAID-PA,149,1,,eligibility or coverage
KH-CLM-002137,KB0002200,2026-05-05,Philadelphia,Medicare,MEDICARE,100,2,,
KH-CLM-002138,KB0002201,2026-05-06,Dallas,commercial,COM-B,299,1,,
KH-CLM-002139,KB0002202,2026-05-06,Dallas,commercial,COM-A,185,4,,
KH-CLM-002140,KB0002203,2026-05-06,Dallas,Medicare,MEDICARE,70,1,,
KH-CLM-002141,KB0002204,2026-05-06,Dallas,commercial,COM-C,125,2,,
KH-CLM-002142,KB0002205,2026-05-06,Dallas,Medicare,MEDICARE,220,2,,
KH-CLM-002143,KB0002206,2026-05-06,Dallas,Medicaid,MEDICAID-TX,80,2,,
KH-CLM-002144,KB0002207,2026-05-06,Dallas,commercial,COM-A,115,2,,
KH-CLM-002145,KB0002208,2026-05-06,Dallas,Medicare,MEDICARE,85,1,,
KH-CLM-002146,KB0002209,2026-05-06,Dallas,commercial,COM-C,85,1,,
KH-CLM-002147,KB0002210,2026-05-06,Dallas,commercial,COM-A,149,1,,medical necessity
KH-CLM-002148,KB0002211,2026-05-06,Dallas,Medicare,MEDICARE,250,4,,
KH-CLM-002149,KB0002212,2026-05-06,Dallas,Medicare,MEDICARE,360,4,,
KH-CLM-002150,KB0002213,2026-05-06,Phoenix,Medicare,MEDICARE,349,1,,
KH-CLM-002151,KB0002214,2026-05-06,Phoenix,commercial,COM-A,60,1,,
KH-CLM-002152,KB0002215,2026-05-06,Phoenix,commercial,COM-A,369,2,,
KH-CLM-002153,KB0002217,2026-05-06,Phoenix,commercial,COM-C,299,1,,eligibility or coverage
KH-CLM-002154,KB0002218,2026-05-06,Phoenix,commercial,COM-C,155,3,,
KH-CLM-002155,KB0002219,2026-05-06,Phoenix,Medicare,MEDICARE,195,3,,
KH-CLM-002156,KB0002220,2026-05-06,Phoenix,commercial,COM-C,30,1,,
KH-CLM-002157,KB0002221,2026-05-06,Phoenix,Medicare,MEDICARE,110,2,,
KH-CLM-002158,KB0002222,2026-05-06,Phoenix,Medicare,MEDICARE,149,1,,
KH-CLM-002159,KB0002223,2026-05-06,Phoenix,Medicare,MEDICARE,30,1,,
KH-CLM-002160,KB0002224,2026-05-06,Phoenix,commercial,COM-B,265,4,,
KH-CLM-002161,KB0002225,2026-05-06,New York,Medicare,MEDICARE,319,2,,
KH-CLM-002162,KB0002227,2026-05-06,New York,Medicare,MEDICARE,95,2,,
KH-CLM-002163,KB0002228,2026-05-06,New York,commercial,COM-A,30,1,,
KH-CLM-002164,KB0002229,2026-05-06,New York,Medicaid,MEDICAID-NY,160,2,,prior authorization
KH-CLM-002165,KB0002230,2026-05-06,New York,Medicare,MEDICARE,260,3,,
KH-CLM-002166,KB0002231,2026-05-06,New York,Medicaid,MEDICAID-NY,260,5,,
KH-CLM-002167,KB0002232,2026-05-06,New York,Medicaid,MEDICAID-NY,70,1,,
KH-CLM-002168,KB0002233,2026-05-06,Chicago,commercial,COM-C,85,1,,
KH-CLM-002169,KB0002234,2026-05-06,Chicago,commercial,COM-B,349,1,,missing or invalid information
KH-CLM-002170,KB0002235,2026-05-06,Chicago,Medicare,MEDICARE,205,4,,
KH-CLM-002171,KB0002236,2026-05-06,Chicago,Medicare,MEDICARE,299,1,,eligibility or coverage
KH-CLM-002172,KB0002237,2026-05-06,Chicago,commercial,COM-B,265,3,,
KH-CLM-002173,KB0002238,2026-05-06,Chicago,Medicare,MEDICARE,395,4,,
KH-CLM-002174,KB0002239,2026-05-06,Chicago,commercial,COM-A,149,1,,non-covered service
KH-CLM-002175,KB0002240,2026-05-06,Atlanta,Medicare,MEDICARE,320,4,,
KH-CLM-002176,KB0002241,2026-05-06,Atlanta,Medicare,MEDICARE,149,1,,
KH-CLM-002177,KB0002242,2026-05-06,Atlanta,commercial,COM-A,125,2,,
KH-CLM-002178,KB0002244,2026-05-06,Philadelphia,Medicare,MEDICARE,110,2,,
KH-CLM-002179,KB0002245,2026-05-06,Philadelphia,commercial,COM-B,75,1,,
KH-CLM-002180,KB0002246,2026-05-06,Philadelphia,commercial,COM-C,25,1,,
KH-CLM-002181,KB0002247,2026-05-06,Philadelphia,Medicaid,MEDICAID-PA,255,4,,
KH-CLM-002182,KB0002248,2026-05-06,Philadelphia,commercial,COM-A,150,3,,
KH-CLM-002183,KB0002249,2026-05-06,Philadelphia,commercial,COM-B,319,2,,
KH-CLM-002184,KB0002250,2026-05-06,Philadelphia,Medicare,MEDICARE,349,1,,
KH-CLM-002185,KB0002251,2026-05-06,Philadelphia,commercial,COM-C,140,2,,timely filing
KH-CLM-002186,KB0002252,2026-05-06,Philadelphia,commercial,COM-B,315,4,,
KH-CLM-002187,KB0002253,2026-05-06,Philadelphia,commercial,COM-A,135,3,,
KH-CLM-002188,KB0002254,2026-05-07,Dallas,Medicare,MEDICARE,210,2,,
KH-CLM-002189,KB0002255,2026-05-07,Dallas,Medicare,MEDICARE,70,1,,
KH-CLM-002190,KB0002256,2026-05-07,Dallas,Medicare,MEDICARE,349,1,,
KH-CLM-002191,KB0002257,2026-05-07,Dallas,commercial,COM-C,55,1,,
KH-CLM-002192,KB0002258,2026-05-07,Dallas,Medicare,MEDICARE,135,2,,
KH-CLM-002193,KB0002259,2026-05-07,Dallas,Medicare,MEDICARE,349,1,,
KH-CLM-002194,KB0002260,2026-05-07,Dallas,commercial,COM-A,299,1,,
KH-CLM-002195,KB0002261,2026-05-07,Dallas,self-pay,SELF,299,1,,
KH-CLM-002196,KB0002262,2026-05-07,Dallas,Medicare,MEDICARE,90,2,,
KH-CLM-002197,KB0002263,2026-05-07,Phoenix,commercial,COM-C,215,2,,
KH-CLM-002198,KB0002264,2026-05-07,Phoenix,commercial,COM-C,215,4,,eligibility or coverage
KH-CLM-002199,KB0002265,2026-05-07,Phoenix,Medicare,MEDICARE,140,3,,
KH-CLM-002200,KB0002266,2026-05-07,Phoenix,commercial,COM-A,170,2,,
KH-CLM-002201,KB0002267,2026-05-07,Phoenix,commercial,COM-C,60,1,,
KH-CLM-002202,KB0002268,2026-05-07,Phoenix,commercial,COM-B,190,3,,
KH-CLM-002203,KB0002269,2026-05-07,Phoenix,commercial,COM-C,185,3,,
KH-CLM-002204,KB0002270,2026-05-07,Phoenix,commercial,COM-B,60,2,,
KH-CLM-002205,KB0002271,2026-05-07,Phoenix,commercial,COM-C,175,3,,
KH-CLM-002206,KB0002272,2026-05-07,Phoenix,commercial,COM-A,299,1,,
KH-CLM-002207,KB0002273,2026-05-07,Phoenix,commercial,COM-C,305,4,,
KH-CLM-002208,KB0002274,2026-05-07,Phoenix,Medicaid,MEDICAID-AZ,280,4,,
KH-CLM-002209,KB0002275,2026-05-07,Phoenix,commercial,COM-C,100,2,,
KH-CLM-002210,KB0002276,2026-05-07,Phoenix,commercial,COM-B,215,2,,missing or invalid information
KH-CLM-002211,KB0002277,2026-05-07,Phoenix,commercial,COM-C,80,3,,
KH-CLM-002212,KB0002278,2026-05-07,New York,commercial,COM-B,299,1,,
KH-CLM-002213,KB0002279,2026-05-07,New York,Medicare,MEDICARE,30,1,,
KH-CLM-002214,KB0002280,2026-05-07,New York,Medicare,MEDICARE,299,1,,
KH-CLM-002215,KB0002281,2026-05-07,New York,commercial,COM-C,25,1,,
KH-CLM-002216,KB0002282,2026-05-07,New York,commercial,COM-A,299,1,,
KH-CLM-002217,KB0002283,2026-05-07,New York,Medicare,MEDICARE,150,1,,
KH-CLM-002218,KB0002284,2026-05-07,New York,commercial,COM-A,149,1,,
KH-CLM-002219,KB0002285,2026-05-07,New York,commercial,COM-A,299,1,,
KH-CLM-002220,KB0002286,2026-05-07,New York,commercial,COM-B,95,2,,
KH-CLM-002221,KB0002287,2026-05-07,New York,Medicaid,MEDICAID-NY,80,2,,
KH-CLM-002222,KB0002288,2026-05-07,New York,commercial,COM-B,375,4,,
KH-CLM-002223,KB0002289,2026-05-07,New York,commercial,COM-B,220,2,,
KH-CLM-002224,KB0002291,2026-05-07,Chicago,commercial,COM-A,245,2,,
KH-CLM-002225,KB0002292,2026-05-07,Chicago,Medicare,MEDICARE,80,2,,
KH-CLM-002226,KB0002293,2026-05-07,Chicago,commercial,COM-A,155,2,,
KH-CLM-002227,KB0002294,2026-05-07,Chicago,commercial,COM-B,149,1,,
KH-CLM-002228,KB0002295,2026-05-07,Chicago,Medicare,MEDICARE,205,4,,
KH-CLM-002229,KB0002296,2026-05-07,Chicago,Medicare,MEDICARE,85,1,,
KH-CLM-002230,KB0002297,2026-05-07,Chicago,Medicaid,MEDICAID-IL,149,1,,
KH-CLM-002231,KB0002298,2026-05-07,Chicago,Medicaid,MEDICAID-IL,25,1,,
KH-CLM-002232,KB0002299,2026-05-07,Chicago,commercial,COM-B,299,1,,
KH-CLM-002233,KB0002300,2026-05-07,Chicago,commercial,COM-A,95,1,,
KH-CLM-002234,KB0002301,2026-05-07,Atlanta,commercial,COM-A,240,4,,
KH-CLM-002235,KB0002302,2026-05-07,Atlanta,commercial,COM-C,195,3,,
KH-CLM-002236,KB0002303,2026-05-07,Atlanta,self-pay,SELF,55,1,,
KH-CLM-002237,KB0002304,2026-05-07,Atlanta,commercial,COM-C,70,1,,
KH-CLM-002238,KB0002305,2026-05-07,Atlanta,commercial,COM-A,80,2,,
KH-CLM-002239,KB0002306,2026-05-07,Atlanta,self-pay,SELF,150,2,,
KH-CLM-002240,KB0002307,2026-05-07,Atlanta,commercial,COM-A,95,1,,
KH-CLM-002241,KB0002308,2026-05-07,Philadelphia,commercial,COM-A,140,2,,eligibility or coverage
KH-CLM-002242,KB0002309,2026-05-07,Philadelphia,Medicare,MEDICARE,25,1,,
KH-CLM-002243,KB0002311,2026-05-07,Philadelphia,Medicaid,MEDICAID-PA,299,1,,
KH-CLM-002244,KB0002312,2026-05-07,Philadelphia,commercial,COM-B,299,1,,
KH-CLM-002245,KB0002313,2026-05-07,Philadelphia,Medicaid,MEDICAID-PA,105,2,,
KH-CLM-002246,KB0002314,2026-05-07,Philadelphia,commercial,COM-A,149,1,,
KH-CLM-002247,KB0002315,2026-05-07,Philadelphia,self-pay,SELF,195,2,,
KH-CLM-002248,KB0002316,2026-05-07,Philadelphia,self-pay,SELF,375,4,,
KH-CLM-002249,KB0002317,2026-05-07,Philadelphia,Medicaid,MEDICAID-PA,75,2,,missing or invalid information
KH-CLM-002250,KB0002318,2026-05-07,Philadelphia,Medicare,MEDICARE,299,1,,
KH-CLM-002251,KB0002319,2026-05-07,Philadelphia,Medicaid,MEDICAID-PA,175,2,,eligibility or coverage
KH-CLM-002252,KB0002320,2026-05-08,Dallas,self-pay,SELF,85,2,,
KH-CLM-002253,KB0002321,2026-05-08,Dallas,Medicaid,MEDICAID-TX,149,1,,
KH-CLM-002254,KB0002322,2026-05-08,Dallas,Medicare,MEDICARE,299,1,,non-covered service
KH-CLM-002255,KB0002323,2026-05-08,Dallas,commercial,COM-C,120,2,,
KH-CLM-002256,KB0002324,2026-05-08,Dallas,commercial,COM-B,149,1,,
KH-CLM-002257,KB0002325,2026-05-08,Dallas,Medicare,MEDICARE,115,2,,
KH-CLM-002258,KB0002326,2026-05-08,Dallas,Medicaid,MEDICAID-TX,349,1,,
KH-CLM-002259,KB0002327,2026-05-08,Dallas,commercial,COM-C,150,1,,missing or invalid information
KH-CLM-002260,KB0002328,2026-05-08,Dallas,Medicare,MEDICARE,149,1,,
KH-CLM-002261,KB0002329,2026-05-08,Dallas,commercial,COM-A,225,4,,
KH-CLM-002262,KB0002330,2026-05-08,Dallas,Medicaid,MEDICAID-TX,299,1,,
KH-CLM-002263,KB0002331,2026-05-08,Dallas,commercial,COM-A,70,1,,
KH-CLM-002264,KB0002332,2026-05-08,Phoenix,commercial,COM-B,100,2,,
KH-CLM-002265,KB0002333,2026-05-08,Phoenix,commercial,COM-C,149,1,,non-covered service
KH-CLM-002266,KB0002334,2026-05-08,Phoenix,commercial,COM-A,60,1,,
KH-CLM-002267,KB0002335,2026-05-08,Phoenix,Medicare,MEDICARE,45,1,,medical necessity
KH-CLM-002268,KB0002336,2026-05-08,Phoenix,Medicaid,MEDICAID-AZ,75,2,,
KH-CLM-002269,KB0002337,2026-05-08,Phoenix,commercial,COM-B,90,2,,
KH-CLM-002270,KB0002338,2026-05-08,Phoenix,commercial,COM-B,275,3,,
KH-CLM-002271,KB0002339,2026-05-08,Phoenix,commercial,COM-C,45,1,,
KH-CLM-002272,KB0002340,2026-05-08,Phoenix,self-pay,SELF,220,2,,
KH-CLM-002273,KB0002341,2026-05-08,Phoenix,Medicare,MEDICARE,25,1,,
KH-CLM-002274,KB0002342,2026-05-08,Phoenix,Medicare,MEDICARE,160,2,,
KH-CLM-002275,KB0002343,2026-05-08,Phoenix,Medicare,MEDICARE,175,3,,
KH-CLM-002276,KB0002344,2026-05-08,New York,Medicaid,MEDICAID-NY,55,1,,
KH-CLM-002277,KB0002345,2026-05-08,New York,Medicare,MEDICARE,149,1,,
KH-CLM-002278,KB0002346,2026-05-08,New York,Medicaid,MEDICAID-NY,95,1,,eligibility or coverage
KH-CLM-002279,KB0002347,2026-05-08,New York,commercial,COM-B,299,1,,
KH-CLM-002280,KB0002348,2026-05-08,New York,Medicare,MEDICARE,225,4,,
KH-CLM-002281,KB0002349,2026-05-08,New York,Medicaid,MEDICAID-NY,50,2,,
KH-CLM-002282,KB0002350,2026-05-08,New York,Medicaid,MEDICAID-NY,150,1,,
KH-CLM-002283,KB0002352,2026-05-08,New York,commercial,COM-C,100,2,,
KH-CLM-002284,KB0002354,2026-05-08,New York,commercial,COM-B,125,3,,prior authorization
KH-CLM-002285,KB0002355,2026-05-08,New York,commercial,COM-C,145,3,,
KH-CLM-002286,KB0002356,2026-05-08,New York,Medicare,MEDICARE,105,2,,
KH-CLM-002287,KB0002357,2026-05-08,New York,commercial,COM-B,149,1,,
KH-CLM-002288,KB0002358,2026-05-08,Chicago,commercial,COM-C,75,2,,
KH-CLM-002289,KB0002359,2026-05-08,Chicago,Medicare,MEDICARE,310,3,,
KH-CLM-002290,KB0002360,2026-05-08,Chicago,commercial,COM-A,85,1,,
KH-CLM-002291,KB0002361,2026-05-08,Chicago,commercial,COM-C,70,1,,
KH-CLM-002292,KB0002362,2026-05-08,Chicago,self-pay,SELF,115,2,,
KH-CLM-002293,KB0002364,2026-05-08,Chicago,commercial,COM-B,275,4,,
KH-CLM-002294,KB0002365,2026-05-08,Chicago,commercial,COM-A,60,1,,
KH-CLM-002295,KB0002366,2026-05-08,Chicago,commercial,COM-B,355,4,,
KH-CLM-002296,KB0002367,2026-05-08,Chicago,Medicaid,MEDICAID-IL,95,1,,missing or invalid information
KH-CLM-002297,KB0002368,2026-05-08,Chicago,commercial,COM-C,170,2,,
KH-CLM-002298,KB0002369,2026-05-08,Atlanta,Medicare,MEDICARE,180,2,,
KH-CLM-002299,KB0002370,2026-05-08,Atlanta,Medicaid,MEDICAID-GA,275,3,,
KH-CLM-002300,KB0002371,2026-05-08,Atlanta,commercial,COM-A,95,3,,
KH-CLM-002301,KB0002372,2026-05-08,Atlanta,Medicare,MEDICARE,299,1,,
KH-CLM-002302,KB0002373,2026-05-08,Atlanta,commercial,COM-A,299,1,,
KH-CLM-002303,KB0002374,2026-05-08,Atlanta,commercial,COM-B,120,2,,
KH-CLM-002304,KB0002375,2026-05-08,Atlanta,commercial,COM-C,330,4,,
KH-CLM-002305,KB0002376,2026-05-08,Atlanta,self-pay,SELF,60,1,,
KH-CLM-002306,KB0002377,2026-05-08,Philadelphia,Medicaid,MEDICAID-PA,75,2,,
KH-CLM-002307,KB0002378,2026-05-08,Philadelphia,commercial,COM-C,$55.00,2,,medical necessity
KH-CLM-002308,KB0002379,2026-05-08,Philadelphia,Medicaid,MEDICAID-PA,299,1,,
KH-CLM-002309,KB0002380,2026-05-08,Philadelphia,commercial,COM-A,100,2,,
KH-CLM-002310,KB0002381,2026-05-08,Philadelphia,Medicare,MEDICARE,349,1,,
KH-CLM-002311,KB0002382,2026-05-08,Philadelphia,self-pay,SELF,140,2,,
KH-CLM-002312,KB0002383,2026-05-09,Dallas,Medicare,MEDICARE,65,1,,
KH-CLM-002313,KB0002384,2026-05-09,Dallas,commercial,COM-A,105,2,,
KH-CLM-002314,KB0002385,2026-05-09,Dallas,commercial,COM-C,25,1,,
KH-CLM-002315,KB0002386,2026-05-09,Dallas,commercial,COM-C,155,2,,
KH-CLM-002316,KB0002387,2026-05-09,Dallas,Medicare,MEDICARE,299,1,,
KH-CLM-002317,KB0002388,2026-05-09,Dallas,Medicare,MEDICARE,195,2,,
KH-CLM-002318,KB0002389,2026-05-09,Dallas,Medicaid,MEDICAID-TX,150,2,,
KH-CLM-002319,KB0002390,2026-05-09,Dallas,commercial,COM-C,169,2,,
KH-CLM-002320,KB0002391,2026-05-09,Dallas,Medicaid,MEDICAID-TX,349,1,,
KH-CLM-002321,KB0002392,2026-05-09,Dallas,commercial,COM-C,125,2,,
KH-CLM-002322,KB0002393,2026-05-09,Dallas,commercial,COM-B,85,1,,
KH-CLM-002323,KB0002394,2026-05-09,Dallas,Medicare,MEDICARE,149,1,,
KH-CLM-002324,KB0002395,2026-05-09,Phoenix,Medicare,MEDICARE,149,1,,
KH-CLM-002325,KB0002396,2026-05-09,Phoenix,commercial,COM-B,145,2,,non-covered service
KH-CLM-002326,KB0002397,2026-05-09,Phoenix,self-pay,SELF,100,2,,
KH-CLM-002327,KB0002398,2026-05-09,Phoenix,commercial,COM-A,349,1,,
KH-CLM-002328,KB0002399,2026-05-09,Phoenix,Medicare,MEDICARE,195,3,,
KH-CLM-002329,KB0002400,2026-05-09,Phoenix,Medicare,MEDICARE,170,3,,
KH-CLM-002330,KB0002401,2026-05-09,Phoenix,commercial,COM-B,170,2,,
KH-CLM-002331,KB0002402,2026-05-09,Phoenix,commercial,COM-B,299,1,,
KH-CLM-002332,KB0002403,2026-05-09,Phoenix,commercial,COM-A,205,2,,
KH-CLM-002333,KB0002404,2026-05-09,Phoenix,commercial,COM-A,349,1,,
KH-CLM-002334,KB0002405,2026-05-09,Phoenix,Medicaid,MEDICAID-AZ,195,4,,
KH-CLM-002335,KB0002406,2026-05-09,Phoenix,Medicare,MEDICARE,195,2,,
KH-CLM-002336,KB0002407,2026-05-09,New York,Medicare,MEDICARE,299,1,,
KH-CLM-002337,KB0002408,2026-05-09,New York,Medicaid,MEDICAID-NY,210,3,,
KH-CLM-002338,KB0002409,2026-05-09,New York,commercial,COM-C,45,2,,
KH-CLM-002339,KB0002410,2026-05-09,New York,commercial,COM-A,115,2,,
KH-CLM-002340,KB0002411,2026-05-09,New York,commercial,COM-A,265,4,,
KH-CLM-002341,KB0002412,2026-05-09,New York,commercial,COM-B,60,1,,
KH-CLM-002342,KB0002413,2026-05-09,New York,Medicare,MEDICARE,255,4,,missing or invalid information
KH-CLM-002343,KB0002414,2026-05-09,New York,Medicare,MEDICARE,225,3,,
KH-CLM-002344,KB0002415,2026-05-09,New York,Medicare,MEDICARE,149,1,,
KH-CLM-002345,KB0002416,2026-05-09,New York,commercial,COM-A,349,1,,
KH-CLM-002346,KB0002417,2026-05-09,New York,commercial,COM-C,230,3,,
KH-CLM-002347,KB0002418,2026-05-09,New York,commercial,COM-A,310,4,,prior authorization
KH-CLM-002348,KB0002419,2026-05-09,New York,Medicare,MEDICARE,250,4,,
KH-CLM-002349,KB0002421,2026-05-09,Chicago,self-pay,SELF,90,2,,
KH-CLM-002350,KB0002422,2026-05-09,Chicago,Medicare,MEDICARE,290,4,,
KH-CLM-002351,KB0002423,2026-05-09,Chicago,commercial,COM-C,149,1,,
KH-CLM-002352,KB0002424,2026-05-09,Chicago,Medicare,MEDICARE,190,3,,
KH-CLM-002353,KB0002425,2026-05-09,Chicago,self-pay,SELF,210,4,,
KH-CLM-002354,KB0002426,2026-05-09,Chicago,commercial,COM-A,349,1,,
KH-CLM-002355,KB0002427,2026-05-09,Chicago,commercial,COM-B,70,1,,
KH-CLM-002356,KB0002428,2026-05-09,Chicago,commercial,COM-B,90,2,,
KH-CLM-002357,KB0002429,2026-05-09,Atlanta,Medicaid,MEDICAID-GA,149,1,,
KH-CLM-002358,KB0002430,2026-05-09,Atlanta,commercial,COM-C,149,1,,
KH-CLM-002359,KB0002431,2026-05-09,Atlanta,commercial,COM-A,120,2,,
KH-CLM-002360,KB0002433,2026-05-09,Atlanta,commercial,COM-C,30,1,,
KH-CLM-002361,KB0002434,2026-05-09,Atlanta,commercial,COM-A,115,2,,
KH-CLM-002362,KB0002435,2026-05-09,Atlanta,commercial,COM-C,90,2,,
KH-CLM-002363,KB0002436,2026-05-09,Atlanta,commercial,COM-B,60,2,,
KH-CLM-002364,KB0002437,2026-05-09,Philadelphia,commercial,COM-C,160,2,,missing or invalid information
KH-CLM-002365,KB0002438,2026-05-09,Philadelphia,Medicare,MEDICARE,100,2,,medical necessity
KH-CLM-002366,KB0002439,2026-05-09,Philadelphia,Medicare,MEDICARE,90,2,,
KH-CLM-002367,KB0002440,2026-05-09,Philadelphia,Medicaid,MEDICAID-PA,90,2,,missing or invalid information
KH-CLM-002368,KB0002441,2026-05-09,Philadelphia,commercial,COM-B,349,1,,
KH-CLM-002369,KB0002442,2026-05-09,Philadelphia,Medicare,MEDICARE,30,1,,
KH-CLM-002370,KB0002443,2026-05-09,Philadelphia,Medicare,MEDICARE,299,1,,
KH-CLM-002371,KB0002444,2026-05-09,Philadelphia,self-pay,SELF,30,1,,
KH-CLM-002372,KB0002445,2026-05-09,Philadelphia,commercial,COM-C,299,1,,
KH-CLM-002373,KB0002446,2026-05-09,Philadelphia,Medicare,MEDICARE,225,3,,
KH-CLM-002374,KB0002447,2026-05-10,Dallas,Medicaid,MEDICAID-TX,299,1,,
KH-CLM-002375,KB0002449,2026-05-10,Dallas,commercial,COM-C,70,1,,
KH-CLM-002376,KB0002450,2026-05-10,Dallas,commercial,COM-B,70,1,,
KH-CLM-002377,KB0002451,2026-05-10,Dallas,commercial,COM-A,149,1,,
KH-CLM-002378,KB0002452,2026-05-10,Dallas,commercial,COM-B,315,5,,
KH-CLM-002379,KB0002453,2026-05-10,Dallas,commercial,COM-B,30,1,,
KH-CLM-002380,KB0002454,2026-05-10,Dallas,Medicaid,MEDICAID-TX,60,2,,
KH-CLM-002381,KB0002455,2026-05-10,Dallas,commercial,COM-C,369,2,,
KH-CLM-002382,KB0002456,2026-05-10,Dallas,Medicaid,MEDICAID-TX,200,4,,
KH-CLM-002383,KB0002458,2026-05-10,Dallas,commercial,COM-C,240,4,,
KH-CLM-002384,KB0002459,2026-05-10,Dallas,commercial,COM-B,140,2,,
KH-CLM-002385,KB0002460,2026-05-10,Phoenix,Medicare,MEDICARE,225,3,,
KH-CLM-002386,KB0002461,2026-05-10,Phoenix,self-pay,SELF,240,4,,
KH-CLM-002387,KB0002462,2026-05-10,Phoenix,commercial,COM-A,60,1,,
KH-CLM-002388,KB0002463,2026-05-10,Phoenix,Medicaid,MEDICAID-AZ,130,2,,
KH-CLM-002389,KB0002464,2026-05-10,Phoenix,commercial,COM-A,160,3,,
KH-CLM-002390,KB0002465,2026-05-10,Phoenix,commercial,COM-B,295,4,,
KH-CLM-002391,KB0002466,2026-05-10,Phoenix,commercial,COM-C,105,3,,
KH-CLM-002392,KB0002467,2026-05-10,Phoenix,commercial,COM-A,30,1,,
KH-CLM-002393,KB0002468,2026-05-10,Phoenix,commercial,COM-B,299,1,,
KH-CLM-002394,KB0002469,2026-05-10,Phoenix,Medicaid,MEDICAID-AZ,180,3,,
KH-CLM-002395,KB0002470,2026-05-10,Phoenix,Medicaid,MEDICAID-AZ,100,2,,
KH-CLM-002396,KB0002471,2026-05-10,Phoenix,commercial,COM-C,260,4,,
KH-CLM-002397,KB0002472,2026-05-10,New York,Medicare,MEDICARE,299,1,,
KH-CLM-002398,KB0002473,2026-05-10,New York,commercial,COM-B,210,3,,
KH-CLM-002399,KB0002474,2026-05-10,New York,Medicare,MEDICARE,210,2,,medical necessity
KH-CLM-002400,KB0002475,2026-05-10,New York,Medicare,MEDICARE,270,4,,
KH-CLM-002401,KB0002476,2026-05-10,New York,commercial,COM-B,299,1,,eligibility or coverage
KH-CLM-002402,KB0002477,2026-05-10,New York,commercial,COM-C,100,2,,
KH-CLM-002403,KB0002478,2026-05-10,Chicago,Medicare,MEDICARE,115,2,,
KH-CLM-002404,KB0002479,2026-05-10,Chicago,Medicare,MEDICARE,95,2,,
KH-CLM-002405,KB0002480,2026-05-10,Chicago,commercial,COM-A,120,2,,
KH-CLM-002406,KB0002481,2026-05-10,Chicago,commercial,COM-A,120,2,,
KH-CLM-002407,KB0002482,2026-05-10,Chicago,Medicare,MEDICARE,30,1,,
KH-CLM-002408,KB0002483,2026-05-10,Atlanta,commercial,COM-B,30,1,,
KH-CLM-002409,KB0002484,2026-05-10,Atlanta,Medicaid,MEDICAID-GA,120,2,,
KH-CLM-002410,KB0002485,2026-05-10,Atlanta,self-pay,SELF,210,2,,
KH-CLM-002411,KB0002486,2026-05-10,Atlanta,Medicare,MEDICARE,150,2,,
KH-CLM-002412,KB0002487,2026-05-10,Atlanta,commercial,COM-B,260,3,,
KH-CLM-002413,KB0002488,2026-05-10,Atlanta,Medicaid,MEDICAID-GA,95,1,,
KH-CLM-002414,KB0002489,2026-05-10,Atlanta,Medicaid,MEDICAID-GA,195,3,,
KH-CLM-002415,KB0002490,2026-05-10,Atlanta,Medicare,MEDICARE,299,1,,
KH-CLM-002416,KB0002491,2026-05-10,Atlanta,commercial,COM-A,299,1,,missing or invalid information
KH-CLM-002417,KB0002492,2026-05-10,Atlanta,commercial,COM-B,270,4,,
KH-CLM-002418,KB0002493,2026-05-10,Philadelphia,Medicaid,MEDICAID-PA,145,2,,
KH-CLM-002419,KB0002494,2026-05-10,Philadelphia,self-pay,SELF,85,2,,
KH-CLM-002420,KB0002495,2026-05-10,Philadelphia,Medicaid,MEDICAID-PA,205,3,,
KH-CLM-002421,KB0002496,2026-05-10,Philadelphia,Medicare,MEDICARE,85,1,,
KH-CLM-002422,KB0002497,2026-05-10,Philadelphia,self-pay,SELF,175,4,,
KH-CLM-002423,KB0002498,2026-05-10,Philadelphia,commercial,COM-A,299,1,,
KH-CLM-002424,KB0002499,2026-05-11,Dallas,commercial,COM-C,25,1,,
KH-CLM-002425,KB0002500,2026-05-11,Dallas,Medicare,MEDICARE,299,1,,medical necessity
KH-CLM-002426,KB0002501,2026-05-11,Dallas,self-pay,SELF,349,1,,
KH-CLM-002427,KB0002503,2026-05-11,Dallas,Medicare,MEDICARE,149,1,,duplicate claim
KH-CLM-002428,KB0002504,2026-05-11,Dallas,commercial,COM-A,299,1,,
KH-CLM-002429,KB0002506,2026-05-11,Dallas,Medicare,MEDICARE,245,5,,
KH-CLM-002430,KB0002507,2026-05-11,Dallas,self-pay,SELF,100,2,,
KH-CLM-002431,KB0002508,2026-05-11,Dallas,commercial,COM-B,150,2,,
KH-CLM-002432,KB0002509,2026-05-11,Dallas,Medicaid,MEDICAID-TX,250,4,,
KH-CLM-002433,KB0002510,2026-05-11,Dallas,commercial,COM-B,280,4,,
KH-CLM-002434,KB0002512,2026-05-11,Phoenix,Medicaid,MEDICAID-AZ,149,1,,missing or invalid information
KH-CLM-002435,KB0002513,2026-05-11,Phoenix,Medicare,MEDICARE,115,2,,
KH-CLM-002436,KB0002514,2026-05-11,Phoenix,Medicaid,MEDICAID-AZ,100,2,,
KH-CLM-002437,KB0002515,2026-05-11,Phoenix,commercial,COM-A,185,3,,
KH-CLM-002438,KB0002516,2026-05-11,Phoenix,Medicaid,MEDICAID-AZ,160,3,,
KH-CLM-002439,KB0002517,2026-05-11,Phoenix,commercial,COM-B,30,1,,
KH-CLM-002440,KB0002518,2026-05-11,Phoenix,Medicare,MEDICARE,130,2,,
KH-CLM-002441,KB0002519,2026-05-11,Phoenix,Medicare,MEDICARE,140,3,,
KH-CLM-002442,KB0002520,2026-05-11,Phoenix,Medicaid,MEDICAID-AZ,30,1,,
KH-CLM-002443,KB0002521,2026-05-11,Phoenix,commercial,COM-C,60,1,,
KH-CLM-002444,KB0002522,2026-05-11,Phoenix,commercial,COM-C,30,1,,
KH-CLM-002445,KB0002523,2026-05-11,Phoenix,Medicaid,MEDICAID-AZ,305,5,,
KH-CLM-002446,KB0002524,2026-05-11,Phoenix,Medicare,MEDICARE,355,4,,
KH-CLM-002447,KB0002525,2026-05-11,Phoenix,Medicaid,MEDICAID-AZ,55,1,,
KH-CLM-002448,KB0002526,2026-05-11,New York,commercial,COM-B,299,1,,
KH-CLM-002449,KB0002527,2026-05-11,New York,commercial,COM-C,299,1,,
KH-CLM-002450,KB0002528,2026-05-11,New York,commercial,COM-A,299,1,,
KH-CLM-002451,KB0002529,2026-05-11,New York,commercial,COM-A,369,2,,non-covered service
KH-CLM-002452,KB0002530,2026-05-11,New York,Medicaid,MEDICAID-NY,169,2,,
KH-CLM-002453,KB0002531,2026-05-11,New York,commercial,COM-A,255,4,,
KH-CLM-002454,KB0002532,2026-05-11,New York,self-pay,SELF,240,3,,
KH-CLM-002455,KB0002534,2026-05-11,New York,commercial,COM-B,365,4,,
KH-CLM-002456,KB0002535,2026-05-11,New York,Medicare,MEDICARE,349,1,,
KH-CLM-002457,KB0002536,2026-05-11,New York,Medicaid,MEDICAID-NY,85,2,,
KH-CLM-002458,KB0002537,2026-05-11,New York,Medicaid,MEDICAID-NY,349,1,,
KH-CLM-002459,KB0002538,2026-05-11,New York,self-pay,SELF,55,1,,
KH-CLM-002460,KB0002539,2026-05-11,New York,commercial,COM-C,280,4,,eligibility or coverage
KH-CLM-002461,KB0002540,2026-05-11,Chicago,Medicaid,MEDICAID-IL,240,4,,
KH-CLM-002462,KB0002541,2026-05-11,Chicago,Medicaid,MEDICAID-IL,130,3,,
KH-CLM-002463,KB0002542,2026-05-11,Chicago,Medicare,MEDICARE,299,1,,
KH-CLM-002464,KB0002543,2026-05-11,Chicago,commercial,COM-A,165,2,,
KH-CLM-002465,KB0002544,2026-05-11,Chicago,Medicare,MEDICARE,85,1,,
KH-CLM-002466,KB0002545,2026-05-11,Chicago,commercial,COM-C,170,4,,
KH-CLM-002467,KB0002546,2026-05-11,Chicago,commercial,COM-B,55,1,,
KH-CLM-002468,KB0002547,2026-05-11,Atlanta,Medicare,MEDICARE,95,1,,
KH-CLM-002469,KB0002548,2026-05-11,Atlanta,commercial,COM-B,299,1,,eligibility or coverage
KH-CLM-002470,KB0002549,2026-05-11,Atlanta,commercial,COM-C,349,1,,eligibility or coverage
KH-CLM-002471,KB0002550,2026-05-11,Atlanta,commercial,COM-A,235,3,,
KH-CLM-002472,KB0002551,2026-05-11,Atlanta,commercial,COM-C,30,1,,
KH-CLM-002473,KB0002552,2026-05-11,Atlanta,commercial,COM-B,115,3,,missing or invalid information
KH-CLM-002474,KB0002553,2026-05-11,Atlanta,Medicare,MEDICARE,149,1,,medical necessity
KH-CLM-002475,KB0002554,2026-05-11,Atlanta,commercial,COM-A,85,1,,
KH-CLM-002476,KB0002555,2026-05-11,Philadelphia,Medicare,MEDICARE,299,1,,
KH-CLM-002477,KB0002556,2026-05-11,Philadelphia,commercial,COM-C,230,4,,
KH-CLM-002478,KB0002557,2026-05-11,Philadelphia,Medicare,MEDICARE,85,2,,
KH-CLM-002479,KB0002558,2026-05-11,Philadelphia,Medicare,MEDICARE,149,1,,
KH-CLM-002480,KB0002559,2026-05-11,Philadelphia,Medicaid,MEDICAID-PA,150,1,,
KH-CLM-002481,KB0002560,2026-05-11,Philadelphia,Medicare,MEDICARE,299,1,,
KH-CLM-002482,KB0002561,2026-05-12,Dallas,commercial,COM-C,375,4,,
KH-CLM-002483,KB0002562,2026-05-12,Dallas,commercial,COM-A,190,3,,
KH-CLM-002484,KB0002563,2026-05-12,Dallas,self-pay,SELF,305,5,,
KH-CLM-002485,KB0002564,2026-05-12,Dallas,commercial,COM-B,25,1,,
KH-CLM-002486,KB0002565,2026-05-12,Dallas,commercial,COM-C,255,4,,
KH-CLM-002487,KB0002566,2026-05-12,Dallas,Medicare,MEDICARE,149,1,,
KH-CLM-002488,KB0002567,2026-05-12,Dallas,Medicare,MEDICARE,180,2,,
KH-CLM-002489,KB0002568,2026-05-12,Dallas,commercial,COM-B,200,3,,
KH-CLM-002490,KB0002569,2026-05-12,Dallas,Medicaid,MEDICAID-TX,299,1,,
KH-CLM-002491,KB0002570,2026-05-12,Dallas,Medicare,MEDICARE,110,3,,
KH-CLM-002492,KB0002571,2026-05-12,Dallas,commercial,COM-B,299,1,,
KH-CLM-002493,KB0002572,2026-05-12,Dallas,self-pay,SELF,30,1,,
KH-CLM-002494,KB0002573,2026-05-12,Dallas,commercial,COM-B,140,2,,
KH-CLM-002495,KB0002574,2026-05-12,Dallas,commercial,COM-B,319,2,,
KH-CLM-002496,KB0002575,2026-05-12,Dallas,commercial,COM-B,299,1,,
KH-CLM-002497,KB0002576,2026-05-12,Phoenix,commercial,COM-C,$30.00,1,,
KH-CLM-002498,KB0002578,2026-05-12,Phoenix,commercial,COM-C,299,1,,
KH-CLM-002499,KB0002579,2026-05-12,Phoenix,self-pay,SELF,120,3,,
KH-CLM-002500,KB0002580,2026-05-12,Phoenix,Medicare,MEDICARE,$60.00,1,,
KH-CLM-002501,KB0002581,2026-05-12,Phoenix,commercial,COM-C,45,1,,
KH-CLM-002502,KB0002582,2026-05-12,Phoenix,commercial,COM-B,125,2,,
KH-CLM-002503,KB0002583,2026-05-12,Phoenix,Medicaid,MEDICAID-AZ,30,1,,
KH-CLM-002504,KB0002584,2026-05-12,Phoenix,commercial,COM-C,65,1,,
KH-CLM-002505,KB0002585,2026-05-12,Phoenix,Medicare,MEDICARE,290,3,,
KH-CLM-002506,KB0002586,2026-05-12,Phoenix,commercial,COM-B,135,2,,
KH-CLM-002507,KB0002587,2026-05-12,New York,commercial,COM-B,175,2,,
KH-CLM-002508,KB0002588,2026-05-12,New York,commercial,COM-A,349,1,,
KH-CLM-002509,KB0002589,2026-05-12,New York,commercial,COM-A,299,1,,
KH-CLM-002510,KB0002590,2026-05-12,New York,commercial,COM-C,60,1,,
KH-CLM-002511,KB0002591,2026-05-12,New York,commercial,COM-B,299,1,,
KH-CLM-002512,KB0002592,2026-05-12,New York,commercial,COM-C,25,1,,
KH-CLM-002513,KB0002593,2026-05-12,New York,commercial,COM-C,299,1,,
KH-CLM-002514,KB0002594,2026-05-12,New York,commercial,COM-C,190,4,,
KH-CLM-002515,KB0002595,2026-05-12,New York,commercial,COM-C,85,1,,prior authorization
KH-CLM-002516,KB0002596,2026-05-12,New York,commercial,COM-C,325,4,,
KH-CLM-002517,KB0002597,2026-05-12,New York,commercial,COM-A,165,3,,
KH-CLM-002518,KB0002598,2026-05-12,New York,Medicare,MEDICARE,85,1,,
KH-CLM-002519,KB0002599,2026-05-12,New York,commercial,COM-C,299,1,,
KH-CLM-002520,KB0002600,2026-05-12,New York,Medicaid,MEDICAID-NY,149,1,,
KH-CLM-002521,KB0002601,2026-05-12,New York,commercial,COM-C,299,1,,
KH-CLM-002522,KB0002603,2026-05-12,Chicago,commercial,COM-B,205,2,,
KH-CLM-002523,KB0002604,2026-05-12,Chicago,Medicare,MEDICARE,30,1,,
KH-CLM-002524,KB0002605,2026-05-12,Chicago,commercial,COM-A,95,1,,
KH-CLM-002525,KB0002606,2026-05-12,Chicago,Medicaid,MEDICAID-IL,85,2,,eligibility or coverage
KH-CLM-002526,KB0002607,2026-05-12,Chicago,commercial,COM-C,85,1,,
KH-CLM-002527,KB0002608,2026-05-12,Chicago,Medicare,MEDICARE,55,1,,
KH-CLM-002528,KB0002609,2026-05-12,Atlanta,commercial,COM-C,215,4,,
KH-CLM-002529,KB0002610,2026-05-12,Atlanta,Medicare,MEDICARE,65,1,,
KH-CLM-002530,KB0002611,2026-05-12,Atlanta,Medicaid,MEDICAID-GA,299,1,,
KH-CLM-002531,KB0002612,2026-05-12,Atlanta,Medicaid,MEDICAID-GA,30,1,,
KH-CLM-002532,KB0002613,2026-05-12,Atlanta,commercial,COM-B,30,1,,
KH-CLM-002533,KB0002614,2026-05-12,Atlanta,Medicare,MEDICARE,100,3,,
KH-CLM-002534,KB0002615,2026-05-12,Atlanta,commercial,COM-C,60,1,,
KH-CLM-002535,KB0002616,2026-05-12,Philadelphia,commercial,COM-B,60,1,,
KH-CLM-002536,KB0002617,2026-05-12,Philadelphia,commercial,COM-A,55,1,,
KH-CLM-002537,KB0002618,2026-05-12,Philadelphia,commercial,COM-C,155,3,,
KH-CLM-002538,KB0002619,2026-05-12,Philadelphia,commercial,COM-C,65,1,,
KH-CLM-002539,KB0002620,2026-05-13,Dallas,Medicare,MEDICARE,175,3,,missing or invalid information
KH-CLM-002540,KB0002621,2026-05-13,Dallas,self-pay,SELF,299,1,,
KH-CLM-002541,KB0002622,2026-05-13,Dallas,Medicare,MEDICARE,149,1,,
KH-CLM-002542,KB0002623,2026-05-13,Dallas,commercial,COM-A,95,1,,
KH-CLM-002543,KB0002625,2026-05-13,Dallas,commercial,COM-B,215,2,,
KH-CLM-002544,KB0002626,2026-05-13,Dallas,Medicare,MEDICARE,349,1,,
KH-CLM-002545,KB0002627,2026-05-13,Dallas,commercial,COM-B,305,4,,
KH-CLM-002546,KB0002628,2026-05-13,Dallas,Medicare,MEDICARE,100,2,,
KH-CLM-002547,KB0002629,2026-05-13,Dallas,commercial,COM-A,369,2,,
KH-CLM-002548,KB0002630,2026-05-13,Dallas,commercial,COM-B,149,1,,
KH-CLM-002549,KB0002631,2026-05-13,Dallas,Medicare,MEDICARE,149,1,,
KH-CLM-002550,KB0002632,2026-05-13,Dallas,commercial,COM-C,120,2,,
KH-CLM-002551,KB0002633,2026-05-13,Phoenix,commercial,COM-B,230,4,,
KH-CLM-002552,KB0002634,2026-05-13,Phoenix,commercial,COM-B,315,4,,
KH-CLM-002553,KB0002635,2026-05-13,Phoenix,commercial,COM-B,130,2,,
KH-CLM-002554,KB0002636,2026-05-13,Phoenix,commercial,COM-A,205,4,,
KH-CLM-002555,KB0002637,2026-05-13,Phoenix,commercial,COM-A,149,1,,
KH-CLM-002556,KB0002638,2026-05-13,Phoenix,Medicaid,MEDICAID-AZ,295,4,,timely filing
KH-CLM-002557,KB0002639,2026-05-13,Phoenix,commercial,COM-A,149,1,,
KH-CLM-002558,KB0002641,2026-05-13,Phoenix,Medicaid,MEDICAID-AZ,150,1,,
KH-CLM-002559,KB0002642,2026-05-13,Phoenix,Medicare,MEDICARE,120,2,,
KH-CLM-002560,KB0002643,2026-05-13,Phoenix,commercial,COM-C,149,1,,
KH-CLM-002561,KB0002644,2026-05-13,Phoenix,commercial,COM-C,230,4,,
KH-CLM-002562,KB0002645,2026-05-13,Phoenix,commercial,COM-B,299,1,,
KH-CLM-002563,KB0002646,2026-05-13,Phoenix,Medicaid,MEDICAID-AZ,149,1,,
KH-CLM-002564,KB0002647,2026-05-13,Phoenix,self-pay,SELF,190,3,,
KH-CLM-002565,KB0002648,2026-05-13,New York,Medicare,MEDICARE,60,2,,
KH-CLM-002566,KB0002650,2026-05-13,New York,commercial,COM-B,95,2,,
KH-CLM-002567,KB0002651,2026-05-13,New York,commercial,COM-B,100,2,,
KH-CLM-002568,KB0002652,2026-05-13,New York,commercial,COM-A,30,1,,
KH-CLM-002569,KB0002653,2026-05-13,New York,commercial,COM-A,299,1,,
KH-CLM-002570,KB0002654,2026-05-13,New York,Medicaid,MEDICAID-NY,299,1,,
KH-CLM-002571,KB0002655,2026-05-13,New York,commercial,COM-B,180,3,,
KH-CLM-002572,KB0002656,2026-05-13,New York,self-pay,SELF,240,5,,
KH-CLM-002573,KB0002657,2026-05-13,New York,self-pay,SELF,265,5,,
KH-CLM-002574,KB0002658,2026-05-13,Chicago,commercial,COM-B,210,2,,
KH-CLM-002575,KB0002659,2026-05-13,Chicago,Medicare,MEDICARE,85,1,,
KH-CLM-002576,KB0002660,2026-05-13,Chicago,Medicare,MEDICARE,240,4,,
KH-CLM-002577,KB0002661,2026-05-13,Chicago,Medicare,MEDICARE,45,2,,
KH-CLM-002578,KB0002662,2026-05-13,Atlanta,Medicare,MEDICARE,299,1,,
KH-CLM-002579,KB0002664,2026-05-13,Atlanta,Medicare,MEDICARE,105,2,,duplicate claim
KH-CLM-002580,KB0002666,2026-05-13,Atlanta,commercial,COM-B,25,1,,
KH-CLM-002581,KB0002667,2026-05-13,Atlanta,commercial,COM-B,165,2,,
KH-CLM-002582,KB0002668,2026-05-13,Atlanta,Medicaid,MEDICAID-GA,299,1,,
KH-CLM-002583,KB0002669,2026-05-13,Atlanta,Medicare,MEDICARE,55,1,,
KH-CLM-002584,KB0002670,2026-05-13,Atlanta,Medicare,MEDICARE,65,1,,
KH-CLM-002585,KB0002671,2026-05-13,Atlanta,commercial,COM-C,105,2,,
KH-CLM-002586,KB0002672,2026-05-13,Atlanta,commercial,COM-C,299,1,,eligibility or coverage
KH-CLM-002587,KB0002673,2026-05-13,Atlanta,Medicaid,MEDICAID-GA,165,3,,
KH-CLM-002588,KB0002674,2026-05-13,Atlanta,commercial,COM-C,115,2,,
KH-CLM-002589,KB0002675,2026-05-13,Atlanta,Medicare,MEDICARE,180,2,,
KH-CLM-002590,KB0002676,2026-05-13,Philadelphia,Medicare,MEDICARE,100,2,,
KH-CLM-002591,KB0002677,2026-05-13,Philadelphia,Medicare,MEDICARE,299,1,,
KH-CLM-002592,KB0002678,2026-05-13,Philadelphia,commercial,COM-B,310,4,,
KH-CLM-002593,KB0002679,2026-05-13,Philadelphia,commercial,COM-C,125,2,,
KH-CLM-002594,KB0002681,2026-05-13,Philadelphia,Medicaid,MEDICAID-PA,140,2,,
KH-CLM-002595,KB0002682,2026-05-13,Philadelphia,commercial,COM-A,299,1,,missing or invalid information
KH-CLM-002596,KB0002683,2026-05-14,Dallas,self-pay,SELF,190,3,,
KH-CLM-002597,KB0002684,2026-05-14,Dallas,Medicare,MEDICARE,200,4,,
KH-CLM-002598,KB0002685,2026-05-14,Dallas,Medicare,MEDICARE,380,4,,
KH-CLM-002599,KB0002686,2026-05-14,Dallas,Medicaid,MEDICAID-TX,90,2,,
KH-CLM-002600,KB0002687,2026-05-14,Dallas,Medicare,MEDICARE,115,2,,
KH-CLM-002601,KB0002688,2026-05-14,Dallas,commercial,COM-B,265,3,,
KH-CLM-002602,KB0002689,2026-05-14,Dallas,commercial,COM-B,45,1,,
KH-CLM-002603,KB0002690,2026-05-14,Dallas,commercial,COM-B,85,1,,
KH-CLM-002604,KB0002691,2026-05-14,Dallas,commercial,COM-A,25,1,,
KH-CLM-002605,KB0002692,2026-05-14,Dallas,commercial,COM-B,320,4,,
KH-CLM-002606,KB0002693,2026-05-14,Dallas,Medicare,MEDICARE,149,1,,
KH-CLM-002607,KB0002694,2026-05-14,Dallas,Medicaid,MEDICAID-TX,149,1,,
KH-CLM-002608,KB0002695,2026-05-14,Dallas,commercial,COM-C,45,1,,
KH-CLM-002609,KB0002696,2026-05-14,Dallas,commercial,COM-C,165,3,,
KH-CLM-002610,KB0002697,2026-05-14,Dallas,commercial,COM-B,160,3,,
KH-CLM-002611,KB0002698,2026-05-14,Dallas,Medicaid,MEDICAID-TX,255,3,,
KH-CLM-002612,KB0002699,2026-05-14,Phoenix,commercial,COM-A,319,2,,
KH-CLM-002613,KB0002700,2026-05-14,Phoenix,commercial,COM-B,85,1,,
KH-CLM-002614,KB0002701,2026-05-14,Phoenix,self-pay,SELF,365,4,,
KH-CLM-002615,KB0002702,2026-05-14,Phoenix,commercial,COM-A,299,1,,
KH-CLM-002616,KB0002703,2026-05-14,Phoenix,commercial,COM-C,55,1,,non-covered service
KH-CLM-002617,KB0002704,2026-05-14,Phoenix,commercial,COM-C,220,4,,non-covered service
KH-CLM-002618,KB0002705,2026-05-14,Phoenix,commercial,COM-C,55,1,,missing or invalid information
KH-CLM-002619,KB0002706,2026-05-14,Phoenix,Medicare,MEDICARE,169,2,,
KH-CLM-002620,KB0002708,2026-05-14,Phoenix,Medicare,MEDICARE,225,3,,
KH-CLM-002621,KB0002709,2026-05-14,Phoenix,Medicare,MEDICARE,95,2,,
KH-CLM-002622,KB0002710,2026-05-14,Phoenix,commercial,COM-A,125,2,,
KH-CLM-002623,KB0002711,2026-05-14,Phoenix,Medicare,MEDICARE,149,1,,
KH-CLM-002624,KB0002712,2026-05-14,New York,Medicare,MEDICARE,100,2,,
KH-CLM-002625,KB0002713,2026-05-14,New York,Medicaid,MEDICAID-NY,90,2,,
KH-CLM-002626,KB0002714,2026-05-14,New York,Medicare,MEDICARE,95,2,,
KH-CLM-002627,KB0002715,2026-05-14,New York,commercial,COM-B,349,1,,
KH-CLM-002628,KB0002716,2026-05-14,New York,Medicare,MEDICARE,225,4,,
KH-CLM-002629,KB0002717,2026-05-14,New York,Medicare,MEDICARE,169,2,,
KH-CLM-002630,KB0002718,2026-05-14,New York,commercial,COM-A,80,2,,
KH-CLM-002631,KB0002719,2026-05-14,New York,Medicaid,MEDICAID-NY,145,3,,
KH-CLM-002632,KB0002720,2026-05-14,New York,Medicare,MEDICARE,349,1,,
KH-CLM-002633,KB0002721,2026-05-14,New York,Medicare,MEDICARE,130,3,,
KH-CLM-002634,KB0002722,2026-05-14,New York,commercial,COM-C,149,1,,
KH-CLM-002635,KB0002723,2026-05-14,New York,Medicare,MEDICARE,70,1,,
KH-CLM-002636,KB0002724,2026-05-14,Chicago,self-pay,SELF,130,2,,
KH-CLM-002637,KB0002725,2026-05-14,Chicago,Medicaid,MEDICAID-IL,185,4,,
KH-CLM-002638,KB0002726,2026-05-14,Chicago,Medicaid,MEDICAID-IL,180,2,,
KH-CLM-002639,KB0002727,2026-05-14,Chicago,Medicare,MEDICARE,299,1,,
KH-CLM-002640,KB0002728,2026-05-14,Chicago,commercial,COM-A,50,2,,
KH-CLM-002641,KB0002729,2026-05-14,Chicago,Medicare,MEDICARE,299,1,,
KH-CLM-002642,KB0002730,2026-05-14,Chicago,self-pay,SELF,75,1,,
KH-CLM-002643,KB0002731,2026-05-14,Atlanta,Medicaid,MEDICAID-GA,325,4,,missing or invalid information
KH-CLM-002644,KB0002732,2026-05-14,Atlanta,commercial,COM-A,265,3,,
KH-CLM-002645,KB0002733,2026-05-14,Atlanta,commercial,COM-A,30,1,,
KH-CLM-002646,KB0002734,2026-05-14,Atlanta,Medicaid,MEDICAID-GA,140,3,,
KH-CLM-002647,KB0002735,2026-05-14,Atlanta,self-pay,SELF,30,1,,
KH-CLM-002648,KB0002736,2026-05-14,Atlanta,Medicare,MEDICARE,265,4,,
KH-CLM-002649,KB0002737,2026-05-14,Atlanta,Medicaid,MEDICAID-GA,150,1,,prior authorization
KH-CLM-002650,KB0002738,2026-05-14,Atlanta,Medicaid,MEDICAID-GA,295,3,,
KH-CLM-002651,KB0002739,2026-05-14,Atlanta,commercial,COM-B,85,2,,
KH-CLM-002652,KB0002740,2026-05-14,Philadelphia,commercial,COM-B,150,1,,
KH-CLM-002653,KB0002741,2026-05-14,Philadelphia,Medicaid,MEDICAID-PA,235,4,,
KH-CLM-002654,KB0002742,2026-05-14,Philadelphia,self-pay,SELF,299,1,,
KH-CLM-002655,KB0002743,2026-05-14,Philadelphia,commercial,COM-B,95,1,,
KH-CLM-002656,KB0002744,2026-05-14,Philadelphia,Medicare,MEDICARE,125,2,,
KH-CLM-002657,KB0002745,2026-05-14,Philadelphia,commercial,COM-B,245,3,,
KH-CLM-002658,KB0002746,2026-05-14,Philadelphia,commercial,COM-A,205,2,,
KH-CLM-002659,KB0002747,2026-05-14,Philadelphia,commercial,COM-A,349,1,,
KH-CLM-002660,KB0002748,2026-05-15,Dallas,Medicare,MEDICARE,165,4,,
KH-CLM-002661,KB0002749,2026-05-15,Dallas,self-pay,SELF,95,1,,
KH-CLM-002662,KB0002750,2026-05-15,Dallas,commercial,COM-B,60,1,,
KH-CLM-002663,KB0002751,2026-05-15,Dallas,commercial,COM-C,45,1,,medical necessity
KH-CLM-002664,KB0002752,2026-05-15,Dallas,Medicaid,MEDICAID-TX,149,1,,eligibility or coverage
KH-CLM-002665,KB0002753,2026-05-15,Dallas,commercial,COM-A,299,1,,non-covered service
KH-CLM-002666,KB0002754,2026-05-15,Dallas,Medicare,MEDICARE,310,4,,non-covered service
KH-CLM-002667,KB0002755,2026-05-15,Dallas,self-pay,SELF,25,1,,
KH-CLM-002668,KB0002756,2026-05-15,Dallas,Medicaid,MEDICAID-TX,149,1,,
KH-CLM-002669,KB0002757,2026-05-15,Dallas,commercial,COM-B,105,2,,missing or invalid information
KH-CLM-002670,KB0002758,2026-05-15,Dallas,commercial,COM-A,150,1,,
KH-CLM-002671,KB0002759,2026-05-15,Dallas,Medicaid,MEDICAID-TX,265,4,,
KH-CLM-002672,KB0002760,2026-05-15,Dallas,self-pay,SELF,299,1,,
KH-CLM-002673,KB0002761,2026-05-15,Dallas,commercial,COM-A,145,2,,
KH-CLM-002674,KB0002762,2026-05-15,Dallas,commercial,COM-C,149,1,,
KH-CLM-002675,KB0002763,2026-05-15,Dallas,Medicare,MEDICARE,149,1,,
KH-CLM-002676,KB0002764,2026-05-15,Dallas,commercial,COM-A,299,1,,
KH-CLM-002677,KB0002765,2026-05-15,Phoenix,commercial,COM-C,319,2,,
KH-CLM-002678,KB0002766,2026-05-15,Phoenix,Medicare,MEDICARE,95,1,,
KH-CLM-002679,KB0002767,2026-05-15,Phoenix,Medicare,MEDICARE,75,1,,
KH-CLM-002680,KB0002768,2026-05-15,Phoenix,self-pay,SELF,225,2,,
KH-CLM-002681,KB0002769,2026-05-15,Phoenix,commercial,COM-A,65,1,,
KH-CLM-002682,KB0002770,2026-05-15,Phoenix,Medicare,MEDICARE,299,1,,
KH-CLM-002683,KB0002771,2026-05-15,Phoenix,Medicaid,MEDICAID-AZ,45,1,,
KH-CLM-002684,KB0002772,2026-05-15,Phoenix,commercial,COM-A,349,1,,
KH-CLM-002685,KB0002773,2026-05-15,Phoenix,Medicare,MEDICARE,45,1,,medical necessity
KH-CLM-002686,KB0002774,2026-05-15,Phoenix,self-pay,SELF,349,1,,
KH-CLM-002687,KB0002775,2026-05-15,Phoenix,commercial,COM-C,200,3,,
KH-CLM-002688,KB0002776,2026-05-15,Phoenix,commercial,COM-B,225,2,,
KH-CLM-002689,KB0002777,2026-05-15,Phoenix,commercial,COM-C,100,2,,
KH-CLM-002690,KB0002778,2026-05-15,Phoenix,commercial,COM-A,115,2,,
KH-CLM-002691,KB0002779,2026-05-15,Phoenix,commercial,COM-C,245,4,,eligibility or coverage
KH-CLM-002692,KB0002780,2026-05-15,Phoenix,commercial,COM-A,80,2,,
KH-CLM-002693,KB0002781,2026-05-15,Phoenix,commercial,COM-A,299,1,,
KH-CLM-002694,KB0002782,2026-05-15,Phoenix,Medicaid,MEDICAID-AZ,149,1,,
KH-CLM-002695,KB0002784,2026-05-15,New York,self-pay,SELF,95,1,,
KH-CLM-002696,KB0002785,2026-05-15,New York,Medicare,MEDICARE,149,1,,
KH-CLM-002697,KB0002786,2026-05-15,New York,Medicare,MEDICARE,299,1,,
KH-CLM-002698,KB0002787,2026-05-15,New York,self-pay,SELF,240,4,,
KH-CLM-002699,KB0002788,2026-05-15,New York,Medicare,MEDICARE,90,2,,
KH-CLM-002700,KB0002789,2026-05-15,New York,commercial,COM-B,90,2,,
KH-CLM-002701,KB0002790,2026-05-15,New York,commercial,COM-A,140,3,,non-covered service
KH-CLM-002702,KB0002791,2026-05-15,New York,commercial,COM-C,195,2,,
KH-CLM-002703,KB0002792,2026-05-15,New York,Medicare,MEDICARE,60,1,,
KH-CLM-002704,KB0002793,2026-05-15,Chicago,self-pay,SELF,75,2,,
KH-CLM-002705,KB0002794,2026-05-15,Chicago,Medicare,MEDICARE,95,1,,
KH-CLM-002706,KB0002795,2026-05-15,Chicago,Medicare,MEDICARE,45,1,,
KH-CLM-002707,KB0002796,2026-05-15,Chicago,commercial,COM-A,150,1,,
KH-CLM-002708,KB0002797,2026-05-15,Chicago,Medicare,MEDICARE,225,2,,medical necessity
KH-CLM-002709,KB0002798,2026-05-15,Chicago,commercial,COM-B,55,2,,
KH-CLM-002710,KB0002799,2026-05-15,Atlanta,commercial,COM-C,149,1,,
KH-CLM-002711,KB0002800,2026-05-15,Atlanta,commercial,COM-A,160,2,,
KH-CLM-002712,KB0002801,2026-05-15,Atlanta,self-pay,SELF,90,2,,
KH-CLM-002713,KB0002802,2026-05-15,Atlanta,commercial,COM-A,299,1,,
KH-CLM-002714,KB0002803,2026-05-15,Atlanta,Medicaid,MEDICAID-GA,235,2,,
KH-CLM-002715,KB0002804,2026-05-15,Atlanta,Medicaid,MEDICAID-GA,369,2,,
KH-CLM-002716,KB0002805,2026-05-15,Atlanta,commercial,COM-B,205,3,,
KH-CLM-002717,KB0002806,2026-05-15,Atlanta,commercial,COM-A,75,1,,
KH-CLM-002718,KB0002807,2026-05-15,Atlanta,commercial,COM-B,60,1,,
KH-CLM-002719,KB0002808,2026-05-15,Atlanta,commercial,COM-C,149,1,,non-covered service
KH-CLM-002720,KB0002809,2026-05-15,Atlanta,Medicaid,MEDICAID-GA,70,2,,eligibility or coverage
KH-CLM-002721,KB0002810,2026-05-15,Philadelphia,commercial,COM-B,45,1,,
KH-CLM-002722,KB0002811,2026-05-15,Philadelphia,Medicare,MEDICARE,280,5,,
KH-CLM-002723,KB0002812,2026-05-15,Philadelphia,self-pay,SELF,50,2,,
KH-CLM-002724,KB0002813,2026-05-15,Philadelphia,Medicaid,MEDICAID-PA,70,1,,
KH-CLM-002725,KB0002814,2026-05-15,Philadelphia,commercial,COM-A,235,4,,
KH-CLM-002726,KB0002816,2026-05-15,Philadelphia,commercial,COM-A,210,3,,
KH-CLM-002727,KB0002817,2026-05-16,Dallas,Medicaid,MEDICAID-TX,299,1,,eligibility or coverage
KH-CLM-002728,KB0002818,2026-05-16,Dallas,self-pay,SELF,245,4,,
KH-CLM-002729,KB0002819,2026-05-16,Dallas,commercial,COM-C,140,2,,
KH-CLM-002730,KB0002820,2026-05-16,Dallas,Medicare,MEDICARE,50,2,,
KH-CLM-002731,KB0002821,2026-05-16,Dallas,Medicare,MEDICARE,170,3,,
KH-CLM-002732,KB0002822,2026-05-16,Dallas,Medicaid,MEDICAID-TX,130,3,,
KH-CLM-002733,KB0002823,2026-05-16,Dallas,Medicaid,MEDICAID-TX,45,1,,
KH-CLM-002734,KB0002824,2026-05-16,Dallas,Medicaid,MEDICAID-TX,125,2,,
KH-CLM-002735,KB0002825,2026-05-16,Dallas,commercial,COM-B,95,2,,
KH-CLM-002736,KB0002826,2026-05-16,Dallas,commercial,COM-B,30,1,,
KH-CLM-002737,KB0002827,2026-05-16,Dallas,commercial,COM-A,120,2,,
KH-CLM-002738,KB0002829,2026-05-16,Dallas,Medicare,MEDICARE,349,1,,
KH-CLM-002739,KB0002830,2026-05-16,Dallas,Medicaid,MEDICAID-TX,85,2,,
KH-CLM-002740,KB0002831,2026-05-16,Dallas,commercial,COM-A,375,4,,
KH-CLM-002741,KB0002832,2026-05-16,Dallas,Medicare,MEDICARE,210,4,,
KH-CLM-002742,KB0002833,2026-05-16,Dallas,Medicaid,MEDICAID-TX,205,3,,
KH-CLM-002743,KB0002834,2026-05-16,Dallas,commercial,COM-B,255,3,,prior authorization
KH-CLM-002744,KB0002835,2026-05-16,Phoenix,commercial,COM-A,125,2,,
KH-CLM-002745,KB0002836,2026-05-16,Phoenix,Medicaid,MEDICAID-AZ,95,2,,
KH-CLM-002746,KB0002837,2026-05-16,Phoenix,Medicaid,MEDICAID-AZ,149,1,,
KH-CLM-002747,KB0002838,2026-05-16,Phoenix,self-pay,SELF,115,2,,
KH-CLM-002748,KB0002839,2026-05-16,Phoenix,commercial,COM-C,380,4,,
KH-CLM-002749,KB0002841,2026-05-16,Phoenix,commercial,COM-A,245,4,,
KH-CLM-002750,KB0002842,2026-05-16,Phoenix,Medicaid,MEDICAID-AZ,125,3,,
KH-CLM-002751,KB0002843,2026-05-16,Phoenix,Medicare,MEDICARE,85,2,,
KH-CLM-002752,KB0002844,2026-05-16,Phoenix,commercial,COM-B,149,1,,
KH-CLM-002753,KB0002845,2026-05-16,Phoenix,Medicare,MEDICARE,30,1,,
KH-CLM-002754,KB0002846,2026-05-16,Phoenix,Medicare,MEDICARE,95,1,,
KH-CLM-002755,KB0002847,2026-05-16,Phoenix,commercial,COM-A,95,1,,
KH-CLM-002756,KB0002848,2026-05-16,Phoenix,self-pay,SELF,299,1,,
KH-CLM-002757,KB0002849,2026-05-16,New York,Medicare,MEDICARE,145,3,,
KH-CLM-002758,KB0002850,2026-05-16,New York,commercial,COM-C,45,1,,
KH-CLM-002759,KB0002851,2026-05-16,New York,Medicare,MEDICARE,95,1,,missing or invalid information
KH-CLM-002760,KB0002852,2026-05-16,New York,commercial,COM-C,245,4,,
KH-CLM-002761,KB0002853,2026-05-16,New York,commercial,COM-B,310,3,,
KH-CLM-002762,KB0002854,2026-05-16,New York,commercial,COM-A,115,2,,
KH-CLM-002763,KB0002855,2026-05-16,New York,commercial,COM-B,245,2,,
KH-CLM-002764,KB0002856,2026-05-16,New York,commercial,COM-B,125,2,,
KH-CLM-002765,KB0002857,2026-05-16,New York,commercial,COM-B,70,1,,
KH-CLM-002766,KB0002858,2026-05-16,New York,commercial,COM-C,299,1,,
KH-CLM-002767,KB0002859,2026-05-16,New York,Medicaid,MEDICAID-NY,319,2,,
KH-CLM-002768,KB0002860,2026-05-16,New York,commercial,COM-A,149,1,,
KH-CLM-002769,KB0002861,2026-05-16,Chicago,Medicare,MEDICARE,105,2,,
KH-CLM-002770,KB0002862,2026-05-16,Chicago,Medicare,MEDICARE,130,2,,
KH-CLM-002771,KB0002863,2026-05-16,Chicago,commercial,COM-A,155,3,,
KH-CLM-002772,KB0002864,2026-05-16,Chicago,commercial,COM-A,355,4,,
KH-CLM-002773,KB0002865,2026-05-16,Chicago,self-pay,SELF,195,2,,
KH-CLM-002774,KB0002867,2026-05-16,Chicago,commercial,COM-B,349,1,,
KH-CLM-002775,KB0002868,2026-05-16,Chicago,commercial,COM-B,240,3,,
KH-CLM-002776,KB0002869,2026-05-16,Atlanta,commercial,COM-B,70,1,,
KH-CLM-002777,KB0002870,2026-05-16,Atlanta,Medicaid,MEDICAID-GA,85,1,,eligibility or coverage
KH-CLM-002778,KB0002871,2026-05-16,Atlanta,Medicare,MEDICARE,85,1,,
KH-CLM-002779,KB0002872,2026-05-16,Atlanta,commercial,COM-A,149,1,,eligibility or coverage
KH-CLM-002780,KB0002873,2026-05-16,Atlanta,commercial,COM-C,45,1,,
KH-CLM-002781,KB0002874,2026-05-16,Atlanta,Medicare,MEDICARE,150,1,,
KH-CLM-002782,KB0002875,2026-05-16,Atlanta,commercial,COM-C,140,2,,
KH-CLM-002783,KB0002876,2026-05-16,Atlanta,commercial,COM-B,245,2,,
KH-CLM-002784,KB0002877,2026-05-16,Atlanta,Medicare,MEDICARE,170,2,,
KH-CLM-002785,KB0002878,2026-05-16,Philadelphia,self-pay,SELF,155,3,,
KH-CLM-002786,KB0002879,2026-05-16,Philadelphia,commercial,COM-B,349,1,,
KH-CLM-002787,KB0002880,2026-05-16,Philadelphia,commercial,COM-A,210,3,,medical necessity
KH-CLM-002788,KB0002881,2026-05-16,Philadelphia,Medicaid,MEDICAID-PA,$30.00,1,,
KH-CLM-002789,KB0002882,2026-05-16,Philadelphia,commercial,COM-A,150,1,,
KH-CLM-002790,KB0002883,2026-05-16,Philadelphia,Medicaid,MEDICAID-PA,240,4,,
KH-CLM-002791,KB0002884,2026-05-16,Philadelphia,Medicaid,MEDICAID-PA,50,2,,
KH-CLM-002792,KB0002885,2026-05-16,Philadelphia,commercial,COM-C,169,2,,
KH-CLM-002793,KB0002886,2026-05-17,Dallas,self-pay,SELF,299,1,,
KH-CLM-002794,KB0002887,2026-05-17,Dallas,commercial,COM-B,90,2,,
KH-CLM-002795,KB0002888,2026-05-17,Dallas,commercial,COM-A,245,4,,
KH-CLM-002796,KB0002889,2026-05-17,Dallas,Medicare,MEDICARE,299,1,,
KH-CLM-002797,KB0002890,2026-05-17,Dallas,commercial,COM-C,349,1,,
KH-CLM-002798,KB0002891,2026-05-17,Dallas,commercial,COM-C,140,2,,
KH-CLM-002799,KB0002892,2026-05-17,Dallas,commercial,COM-C,150,3,,
KH-CLM-002800,KB0002893,2026-05-17,Dallas,commercial,COM-C,205,3,,
KH-CLM-002801,KB0002895,2026-05-17,Phoenix,Medicare,MEDICARE,30,1,,
KH-CLM-002802,KB0002896,2026-05-17,Phoenix,self-pay,SELF,140,2,,
KH-CLM-002803,KB0002897,2026-05-17,Phoenix,commercial,COM-B,130,2,,
KH-CLM-002804,KB0002898,2026-05-17,Phoenix,self-pay,SELF,299,1,,
KH-CLM-002805,KB0002899,2026-05-17,Phoenix,Medicaid,MEDICAID-AZ,310,3,,
KH-CLM-002806,KB0002901,2026-05-17,Phoenix,commercial,COM-B,85,1,,
KH-CLM-002807,KB0002902,2026-05-17,Phoenix,Medicaid,MEDICAID-AZ,195,4,,missing or invalid information
KH-CLM-002808,KB0002903,2026-05-17,Phoenix,Medicaid,MEDICAID-AZ,349,1,,
KH-CLM-002809,KB0002904,2026-05-17,Phoenix,commercial,COM-B,175,3,,
KH-CLM-002810,KB0002905,2026-05-17,New York,commercial,COM-B,90,2,,
KH-CLM-002811,KB0002906,2026-05-17,New York,Medicare,MEDICARE,365,4,,
KH-CLM-002812,KB0002907,2026-05-17,New York,commercial,COM-A,30,1,,
KH-CLM-002813,KB0002908,2026-05-17,New York,self-pay,SELF,340,4,,
KH-CLM-002814,KB0002909,2026-05-17,New York,Medicare,MEDICARE,260,4,,
KH-CLM-002815,KB0002910,2026-05-17,New York,commercial,COM-C,299,1,,
KH-CLM-002816,KB0002911,2026-05-17,New York,Medicare,MEDICARE,90,2,,
KH-CLM-002817,KB0002912,2026-05-17,New York,Medicare,MEDICARE,149,1,,
KH-CLM-002818,KB0002913,2026-05-17,New York,Medicare,MEDICARE,30,1,,
KH-CLM-002819,KB0002914,2026-05-17,New York,Medicare,MEDICARE,75,1,,
KH-CLM-002820,KB0002915,2026-05-17,Chicago,self-pay,SELF,299,1,,
KH-CLM-002821,KB0002916,2026-05-17,Chicago,commercial,COM-B,180,2,,
KH-CLM-002822,KB0002917,2026-05-17,Chicago,commercial,COM-B,319,2,,
KH-CLM-002823,KB0002918,2026-05-17,Atlanta,Medicare,MEDICARE,349,1,,non-covered service
KH-CLM-002824,KB0002919,2026-05-17,Atlanta,commercial,COM-B,55,1,,
KH-CLM-002825,KB0002920,2026-05-17,Atlanta,commercial,COM-A,149,1,,
KH-CLM-002826,KB0002921,2026-05-17,Atlanta,commercial,COM-B,149,1,,
KH-CLM-002827,KB0002922,2026-05-17,Atlanta,Medicaid,MEDICAID-GA,85,1,,
KH-CLM-002828,KB0002923,2026-05-17,Atlanta,commercial,COM-A,45,1,,
KH-CLM-002829,KB0002924,2026-05-17,Philadelphia,commercial,COM-C,55,2,,
KH-CLM-002830,KB0002925,2026-05-17,Philadelphia,commercial,COM-B,90,2,,
KH-CLM-002831,KB0002926,2026-05-17,Philadelphia,Medicare,MEDICARE,180,2,,
KH-CLM-002832,KB0002927,2026-05-17,Philadelphia,commercial,COM-C,95,2,,
KH-CLM-002833,KB0002928,2026-05-17,Philadelphia,commercial,COM-A,299,1,,
KH-CLM-002834,KB0002929,2026-05-17,Philadelphia,Medicaid,MEDICAID-PA,210,4,,
KH-CLM-002835,KB0002930,2026-05-17,Philadelphia,self-pay,SELF,149,1,,
KH-CLM-002836,KB0002931,2026-05-17,Philadelphia,commercial,COM-C,299,1,,
KH-CLM-002837,KB0002932,2026-05-18,Dallas,Medicare,MEDICARE,175,3,,
KH-CLM-002838,KB0002933,2026-05-18,Dallas,commercial,COM-A,299,1,,
KH-CLM-002839,KB0002934,2026-05-18,Dallas,commercial,COM-C,100,2,,
KH-CLM-002840,KB0002936,2026-05-18,Dallas,Medicaid,MEDICAID-TX,160,2,,
KH-CLM-002841,KB0002937,2026-05-18,Dallas,Medicare,MEDICARE,299,1,,
KH-CLM-002842,KB0002938,2026-05-18,Dallas,commercial,COM-A,349,1,,
KH-CLM-002843,KB0002939,2026-05-18,Dallas,commercial,COM-C,145,3,,
KH-CLM-002844,KB0002940,2026-05-18,Dallas,Medicaid,MEDICAID-TX,215,3,,
KH-CLM-002845,KB0002941,2026-05-18,Dallas,Medicaid,MEDICAID-TX,265,4,,
KH-CLM-002846,KB0002942,2026-05-18,Dallas,commercial,COM-B,225,4,,
KH-CLM-002847,KB0002943,2026-05-18,Dallas,commercial,COM-C,149,1,,missing or invalid information
KH-CLM-002848,KB0002944,2026-05-18,Dallas,commercial,COM-A,85,2,,
KH-CLM-002849,KB0002945,2026-05-18,Dallas,commercial,COM-C,155,3,,
KH-CLM-002850,KB0002946,2026-05-18,Dallas,Medicaid,MEDICAID-TX,150,1,,
KH-CLM-002851,KB0002947,2026-05-18,Dallas,self-pay,SELF,299,1,,
KH-CLM-002852,KB0002948,2026-05-18,Dallas,commercial,COM-B,30,1,,
KH-CLM-002853,KB0002949,2026-05-18,Phoenix,commercial,COM-A,335,4,,missing or invalid information
KH-CLM-002854,KB0002950,2026-05-18,Phoenix,commercial,COM-C,95,2,,
KH-CLM-002855,KB0002951,2026-05-18,Phoenix,self-pay,SELF,155,3,,
KH-CLM-002856,KB0002952,2026-05-18,Phoenix,commercial,COM-B,150,1,,
KH-CLM-002857,KB0002953,2026-05-18,Phoenix,Medicaid,MEDICAID-AZ,55,2,,
KH-CLM-002858,KB0002954,2026-05-18,Phoenix,Medicaid,MEDICAID-AZ,25,1,,
KH-CLM-002859,KB0002955,2026-05-18,Phoenix,commercial,COM-B,299,1,,
KH-CLM-002860,KB0002956,2026-05-18,Phoenix,self-pay,SELF,70,1,,
KH-CLM-002861,KB0002957,2026-05-18,Phoenix,Medicare,MEDICARE,299,1,,
KH-CLM-002862,KB0002958,2026-05-18,Phoenix,Medicaid,MEDICAID-AZ,299,1,,
KH-CLM-002863,KB0002959,2026-05-18,Phoenix,commercial,COM-A,130,2,,
KH-CLM-002864,KB0002960,2026-05-18,Phoenix,Medicare,MEDICARE,210,2,,
KH-CLM-002865,KB0002961,2026-05-18,Phoenix,Medicaid,MEDICAID-AZ,299,1,,timely filing
KH-CLM-002866,KB0002962,2026-05-18,Phoenix,commercial,COM-C,299,1,,
KH-CLM-002867,KB0002963,2026-05-18,Phoenix,commercial,COM-A,349,1,,
KH-CLM-002868,KB0002964,2026-05-18,Phoenix,commercial,COM-A,345,4,,
KH-CLM-002869,KB0002965,2026-05-18,Phoenix,self-pay,SELF,349,1,,
KH-CLM-002870,KB0002966,2026-05-18,New York,Medicaid,MEDICAID-NY,255,3,,
KH-CLM-002871,KB0002967,2026-05-18,New York,commercial,COM-A,170,3,,
KH-CLM-002872,KB0002968,2026-05-18,New York,Medicare,MEDICARE,349,1,,
KH-CLM-002873,KB0002969,2026-05-18,New York,commercial,COM-C,55,1,,missing or invalid information
KH-CLM-002874,KB0002970,2026-05-18,New York,self-pay,SELF,349,1,,
KH-CLM-002875,KB0002971,2026-05-18,New York,Medicare,MEDICARE,349,1,,
KH-CLM-002876,KB0002972,2026-05-18,New York,commercial,COM-C,105,3,,
KH-CLM-002877,KB0002973,2026-05-18,New York,commercial,COM-B,169,2,,
KH-CLM-002878,KB0002974,2026-05-18,New York,Medicare,MEDICARE,265,4,,
KH-CLM-002879,KB0002975,2026-05-18,Chicago,commercial,COM-C,55,1,,
KH-CLM-002880,KB0002976,2026-05-18,Chicago,commercial,COM-A,110,3,,
KH-CLM-002881,KB0002977,2026-05-18,Chicago,Medicaid,MEDICAID-IL,205,2,,
KH-CLM-002882,KB0002978,2026-05-18,Chicago,commercial,COM-A,349,1,,
KH-CLM-002883,KB0002979,2026-05-18,Chicago,commercial,COM-A,110,2,,
KH-CLM-002884,KB0002980,2026-05-18,Chicago,commercial,COM-C,149,1,,
KH-CLM-002885,KB0002981,2026-05-18,Chicago,commercial,COM-B,299,1,,missing or invalid information
KH-CLM-002886,KB0002982,2026-05-18,Chicago,Medicaid,MEDICAID-IL,75,1,,
KH-CLM-002887,KB0002983,2026-05-18,Atlanta,commercial,COM-C,265,3,,
KH-CLM-002888,KB0002984,2026-05-18,Atlanta,commercial,COM-A,149,1,,medical necessity
KH-CLM-002889,KB0002985,2026-05-18,Atlanta,Medicare,MEDICARE,270,4,,
KH-CLM-002890,KB0002986,2026-05-18,Atlanta,commercial,COM-C,320,5,,
KH-CLM-002891,KB0002987,2026-05-18,Atlanta,commercial,COM-C,30,1,,
KH-CLM-002892,KB0002988,2026-05-18,Atlanta,Medicare,MEDICARE,225,4,,
KH-CLM-002893,KB0002989,2026-05-18,Atlanta,self-pay,SELF,270,4,,
KH-CLM-002894,KB0002990,2026-05-18,Atlanta,Medicare,MEDICARE,75,1,,
KH-CLM-002895,KB0002991,2026-05-18,Atlanta,commercial,COM-A,240,3,,
KH-CLM-002896,KB0002992,2026-05-18,Atlanta,Medicare,MEDICARE,70,1,,non-covered service
KH-CLM-002897,KB0002994,2026-05-18,Philadelphia,Medicaid,MEDICAID-PA,299,1,,
KH-CLM-002898,KB0002995,2026-05-18,Philadelphia,commercial,COM-B,255,4,,
KH-CLM-002899,KB0002996,2026-05-18,Philadelphia,commercial,COM-A,330,4,,
KH-CLM-002900,KB0002997,2026-05-18,Philadelphia,Medicare,MEDICARE,240,3,,
KH-CLM-002901,KB0002998,2026-05-18,Philadelphia,Medicare,MEDICARE,125,2,,
KH-CLM-002902,KB0002999,2026-05-18,Philadelphia,Medicare,MEDICARE,55,1,,
KH-CLM-002903,KB0003000,2026-05-19,Dallas,commercial,COM-C,149,1,,
KH-CLM-002904,KB0003001,2026-05-19,Dallas,commercial,COM-A,245,3,,
KH-CLM-002905,KB0003002,2026-05-19,Dallas,commercial,COM-A,125,2,,
KH-CLM-002906,KB0003003,2026-05-19,Dallas,Medicare,MEDICARE,100,2,,
KH-CLM-002907,KB0003004,2026-05-19,Dallas,Medicare,MEDICARE,75,1,,
KH-CLM-002908,KB0003005,2026-05-19,Dallas,commercial,COM-B,205,2,,
KH-CLM-002909,KB0003006,2026-05-19,Dallas,Medicare,MEDICARE,30,1,,
KH-CLM-002910,KB0003007,2026-05-19,Dallas,commercial,COM-B,180,2,,
KH-CLM-002911,KB0003008,2026-05-19,Dallas,commercial,COM-C,195,4,,
KH-CLM-002912,KB0003009,2026-05-19,Dallas,commercial,COM-C,135,3,,
KH-CLM-002913,KB0003010,2026-05-19,Dallas,Medicare,MEDICARE,45,1,,
KH-CLM-002914,KB0003011,2026-05-19,Dallas,Medicaid,MEDICAID-TX,299,1,,
KH-CLM-002915,KB0003012,2026-05-19,Phoenix,self-pay,SELF,70,1,,
KH-CLM-002916,KB0003013,2026-05-19,Phoenix,commercial,COM-C,145,2,,
KH-CLM-002917,KB0003014,2026-05-19,Phoenix,commercial,COM-B,135,3,,
KH-CLM-002918,KB0003015,2026-05-19,Phoenix,commercial,COM-A,149,1,,
KH-CLM-002919,KB0003016,2026-05-19,Phoenix,Medicare,MEDICARE,245,2,,
KH-CLM-002920,KB0003017,2026-05-19,Phoenix,Medicaid,MEDICAID-AZ,210,2,,timely filing
KH-CLM-002921,KB0003018,2026-05-19,Phoenix,commercial,COM-B,299,1,,
KH-CLM-002922,KB0003019,2026-05-19,Phoenix,commercial,COM-A,120,3,,
KH-CLM-002923,KB0003020,2026-05-19,Phoenix,commercial,COM-B,160,2,,eligibility or coverage
KH-CLM-002924,KB0003021,2026-05-19,Phoenix,Medicare,MEDICARE,30,1,,
KH-CLM-002925,KB0003022,2026-05-19,Phoenix,commercial,COM-A,250,4,,
KH-CLM-002926,KB0003023,2026-05-19,Phoenix,commercial,COM-A,75,1,,
KH-CLM-002927,KB0003024,2026-05-19,Phoenix,commercial,COM-A,60,2,,
KH-CLM-002928,KB0003025,2026-05-19,Phoenix,commercial,COM-B,149,1,,eligibility or coverage
KH-CLM-002929,KB0003026,2026-05-19,Phoenix,commercial,COM-A,$30.00,1,,
KH-CLM-002930,KB0003027,2026-05-19,New York,Medicaid,MEDICAID-NY,30,1,,
KH-CLM-002931,KB0003028,2026-05-19,New York,Medicaid,MEDICAID-NY,299,1,,duplicate claim
KH-CLM-002932,KB0003029,2026-05-19,New York,Medicare,MEDICARE,299,1,,
KH-CLM-002933,KB0003030,2026-05-19,New York,commercial,COM-A,160,3,,
KH-CLM-002934,KB0003031,2026-05-19,New York,commercial,COM-C,195,2,,
KH-CLM-002935,KB0003032,2026-05-19,New York,Medicare,MEDICARE,299,1,,
KH-CLM-002936,KB0003033,2026-05-19,New York,Medicare,MEDICARE,120,3,,
KH-CLM-002937,KB0003034,2026-05-19,Chicago,Medicare,MEDICARE,175,3,,
KH-CLM-002938,KB0003035,2026-05-19,Chicago,commercial,COM-A,299,1,,
KH-CLM-002939,KB0003036,2026-05-19,Chicago,commercial,COM-B,149,1,,
KH-CLM-002940,KB0003037,2026-05-19,Chicago,commercial,COM-C,100,2,,
KH-CLM-002941,KB0003038,2026-05-19,Chicago,Medicaid,MEDICAID-IL,149,1,,
KH-CLM-002942,KB0003039,2026-05-19,Chicago,commercial,COM-A,165,2,,missing or invalid information
KH-CLM-002943,KB0003040,2026-05-19,Chicago,Medicaid,MEDICAID-IL,320,4,,
KH-CLM-002944,KB0003041,2026-05-19,Atlanta,Medicaid,MEDICAID-GA,125,2,,
KH-CLM-002945,KB0003042,2026-05-19,Atlanta,commercial,COM-A,299,1,,
KH-CLM-002946,KB0003043,2026-05-19,Atlanta,Medicare,MEDICARE,120,3,,
KH-CLM-002947,KB0003044,2026-05-19,Atlanta,Medicare,MEDICARE,169,2,,
KH-CLM-002948,KB0003045,2026-05-19,Atlanta,Medicare,MEDICARE,349,1,,medical necessity
KH-CLM-002949,KB0003046,2026-05-19,Atlanta,Medicaid,MEDICAID-GA,85,1,,
KH-CLM-002950,KB0003047,2026-05-19,Atlanta,Medicare,MEDICARE,210,2,,
KH-CLM-002951,KB0003048,2026-05-19,Atlanta,commercial,COM-A,299,1,,
KH-CLM-002952,KB0003049,2026-05-19,Philadelphia,self-pay,SELF,85,1,,
KH-CLM-002953,KB0003050,2026-05-19,Philadelphia,Medicare,MEDICARE,149,1,,
KH-CLM-002954,KB0003051,2026-05-19,Philadelphia,commercial,COM-A,70,1,,
KH-CLM-002955,KB0003052,2026-05-19,Philadelphia,commercial,COM-B,45,2,,
KH-CLM-002956,KB0003053,2026-05-19,Philadelphia,commercial,COM-A,105,2,,
KH-CLM-002957,KB0003054,2026-05-19,Philadelphia,commercial,COM-A,95,1,,
KH-CLM-002958,KB0003055,2026-05-19,Philadelphia,commercial,COM-C,299,1,,
KH-CLM-002959,KB0003056,2026-05-20,Dallas,commercial,COM-B,55,1,,
KH-CLM-002960,KB0003057,2026-05-20,Dallas,commercial,COM-C,115,2,,
KH-CLM-002961,KB0003058,2026-05-20,Dallas,Medicare,MEDICARE,290,4,,eligibility or coverage
KH-CLM-002962,KB0003059,2026-05-20,Dallas,Medicaid,MEDICAID-TX,60,1,,
KH-CLM-002963,KB0003060,2026-05-20,Dallas,Medicaid,MEDICAID-TX,95,2,,
KH-CLM-002964,KB0003061,2026-05-20,Dallas,Medicare,MEDICARE,115,2,,
KH-CLM-002965,KB0003062,2026-05-20,Dallas,commercial,COM-C,95,2,,
KH-CLM-002966,KB0003063,2026-05-20,Dallas,commercial,COM-C,180,4,,
KH-CLM-002967,KB0003064,2026-05-20,Dallas,commercial,COM-C,320,5,,
KH-CLM-002968,KB0003065,2026-05-20,Dallas,commercial,COM-A,150,2,,eligibility or coverage
KH-CLM-002969,KB0003066,2026-05-20,Dallas,Medicare,MEDICARE,299,1,,non-covered service
KH-CLM-002970,KB0003067,2026-05-20,Dallas,self-pay,SELF,235,2,,
KH-CLM-002971,KB0003068,2026-05-20,Dallas,Medicaid,MEDICAID-TX,180,3,,
KH-CLM-002972,KB0003069,2026-05-20,Dallas,commercial,COM-B,25,1,,
KH-CLM-002973,KB0003070,2026-05-20,Dallas,Medicare,MEDICARE,140,2,,
KH-CLM-002974,KB0003071,2026-05-20,Dallas,Medicare,MEDICARE,100,2,,
KH-CLM-002975,KB0003072,2026-05-20,Dallas,Medicaid,MEDICAID-TX,149,1,,
KH-CLM-002976,KB0003073,2026-05-20,Phoenix,Medicare,MEDICARE,349,1,,
KH-CLM-002977,KB0003074,2026-05-20,Phoenix,commercial,COM-B,85,2,,
KH-CLM-002978,KB0003075,2026-05-20,Phoenix,commercial,COM-C,299,1,,
KH-CLM-002979,KB0003076,2026-05-20,Phoenix,commercial,COM-C,349,1,,
KH-CLM-002980,KB0003077,2026-05-20,Phoenix,commercial,COM-B,75,1,,
KH-CLM-002981,KB0003078,2026-05-20,Phoenix,commercial,COM-B,275,5,,medical necessity
KH-CLM-002982,KB0003079,2026-05-20,Phoenix,commercial,COM-A,299,1,,
KH-CLM-002983,KB0003080,2026-05-20,Phoenix,commercial,COM-B,299,1,,
KH-CLM-002984,KB0003081,2026-05-20,Phoenix,commercial,COM-B,349,1,,eligibility or coverage
KH-CLM-002985,KB0003082,2026-05-20,Phoenix,Medicare,MEDICARE,349,1,,
KH-CLM-002986,KB0003083,2026-05-20,Phoenix,commercial,COM-C,25,1,,
KH-CLM-002987,KB0003084,2026-05-20,Phoenix,commercial,COM-A,205,2,,
KH-CLM-002988,KB0003085,2026-05-20,Phoenix,commercial,COM-A,299,1,,
KH-CLM-002989,KB0003086,2026-05-20,Phoenix,commercial,COM-A,120,2,,eligibility or coverage
KH-CLM-002990,KB0003087,2026-05-20,New York,Medicare,MEDICARE,55,1,,
KH-CLM-002991,KB0003088,2026-05-20,New York,commercial,COM-C,299,1,,medical necessity
KH-CLM-002992,KB0003089,2026-05-20,New York,commercial,COM-C,215,4,,
KH-CLM-002993,KB0003090,2026-05-20,New York,Medicaid,MEDICAID-NY,160,3,,
KH-CLM-002994,KB0003091,2026-05-20,New York,Medicare,MEDICARE,30,1,,
KH-CLM-002995,KB0003092,2026-05-20,New York,Medicare,MEDICARE,140,3,,
KH-CLM-002996,KB0003093,2026-05-20,New York,commercial,COM-B,60,1,,
KH-CLM-002997,KB0003094,2026-05-20,New York,commercial,COM-C,245,4,,
KH-CLM-002998,KB0003095,2026-05-20,New York,commercial,COM-A,255,4,,
KH-CLM-002999,KB0003096,2026-05-20,Chicago,commercial,COM-B,150,3,,missing or invalid information
KH-CLM-003000,KB0003097,2026-05-20,Chicago,Medicaid,MEDICAID-IL,105,2,,
KH-CLM-003001,KB0003098,2026-05-20,Chicago,commercial,COM-A,200,3,,
KH-CLM-003002,KB0003099,2026-05-20,Chicago,commercial,COM-A,349,1,,
KH-CLM-003003,KB0003100,2026-05-20,Chicago,commercial,COM-C,270,4,,
KH-CLM-003004,KB0003101,2026-05-20,Chicago,commercial,COM-B,250,3,,
KH-CLM-003005,KB0003102,2026-05-20,Atlanta,commercial,COM-B,299,1,,
KH-CLM-003006,KB0003103,2026-05-20,Atlanta,commercial,COM-A,299,1,,
KH-CLM-003007,KB0003104,2026-05-20,Atlanta,Medicare,MEDICARE,250,4,,
KH-CLM-003008,KB0003105,2026-05-20,Atlanta,commercial,COM-A,349,1,,
KH-CLM-003009,KB0003108,2026-05-20,Atlanta,self-pay,SELF,180,2,,
KH-CLM-003010,KB0003109,2026-05-20,Atlanta,commercial,COM-C,149,1,,
KH-CLM-003011,KB0003110,2026-05-20,Atlanta,Medicare,MEDICARE,215,2,,
KH-CLM-003012,KB0003111,2026-05-20,Philadelphia,commercial,COM-B,225,3,,
KH-CLM-003013,KB0003112,2026-05-20,Philadelphia,commercial,COM-B,190,3,,
KH-CLM-003014,KB0003113,2026-05-20,Philadelphia,Medicare,MEDICARE,70,1,,
KH-CLM-003015,KB0003114,2026-05-20,Philadelphia,commercial,COM-C,370,4,,
KH-CLM-003016,KB0003115,2026-05-20,Philadelphia,commercial,COM-A,115,2,,
KH-CLM-003017,KB0003116,2026-05-20,Philadelphia,Medicare,MEDICARE,299,1,,non-covered service
KH-CLM-003018,KB0003117,2026-05-20,Philadelphia,commercial,COM-B,85,1,,
KH-CLM-003019,KB0003118,2026-05-20,Philadelphia,commercial,COM-C,299,1,,
KH-CLM-003020,KB0003119,2026-05-21,Dallas,commercial,COM-C,225,4,,
KH-CLM-003021,KB0003120,2026-05-21,Dallas,Medicare,MEDICARE,70,1,,
KH-CLM-003022,KB0003121,2026-05-21,Dallas,commercial,COM-B,299,1,,
KH-CLM-003023,KB0003122,2026-05-21,Dallas,commercial,COM-A,140,2,,
KH-CLM-003024,KB0003124,2026-05-21,Dallas,Medicaid,MEDICAID-TX,45,1,,
KH-CLM-003025,KB0003125,2026-05-21,Dallas,Medicare,MEDICARE,140,2,,
KH-CLM-003026,KB0003126,2026-05-21,Dallas,self-pay,SELF,215,5,,
KH-CLM-003027,KB0003127,2026-05-21,Dallas,self-pay,SELF,50,2,,
KH-CLM-003028,KB0003128,2026-05-21,Dallas,commercial,COM-C,75,1,,
KH-CLM-003029,KB0003129,2026-05-21,Dallas,Medicaid,MEDICAID-TX,130,2,,
KH-CLM-003030,KB0003130,2026-05-21,Dallas,Medicare,MEDICARE,180,2,,
KH-CLM-003031,KB0003131,2026-05-21,Dallas,self-pay,SELF,95,2,,
KH-CLM-003032,KB0003132,2026-05-21,Phoenix,Medicare,MEDICARE,335,4,,
KH-CLM-003033,KB0003133,2026-05-21,Phoenix,Medicare,MEDICARE,160,3,,medical necessity
KH-CLM-003034,KB0003134,2026-05-21,Phoenix,Medicaid,MEDICAID-AZ,70,1,,
KH-CLM-003035,KB0003135,2026-05-21,Phoenix,Medicare,MEDICARE,60,1,,
KH-CLM-003036,KB0003136,2026-05-21,Phoenix,self-pay,SELF,100,2,,
KH-CLM-003037,KB0003137,2026-05-21,Phoenix,Medicare,MEDICARE,175,2,,
KH-CLM-003038,KB0003138,2026-05-21,Phoenix,Medicare,MEDICARE,149,1,,
KH-CLM-003039,KB0003139,2026-05-21,Phoenix,commercial,COM-A,319,2,,non-covered service
KH-CLM-003040,KB0003140,2026-05-21,Phoenix,commercial,COM-A,55,1,,
KH-CLM-003041,KB0003141,2026-05-21,Phoenix,Medicaid,MEDICAID-AZ,25,1,,
KH-CLM-003042,KB0003142,2026-05-21,Phoenix,commercial,COM-C,30,1,,
KH-CLM-003043,KB0003143,2026-05-21,New York,commercial,COM-B,140,2,,
KH-CLM-003044,KB0003144,2026-05-21,New York,self-pay,SELF,85,1,,
KH-CLM-003045,KB0003145,2026-05-21,New York,commercial,COM-B,349,1,,non-covered service
KH-CLM-003046,KB0003146,2026-05-21,New York,Medicare,MEDICARE,235,3,,
KH-CLM-003047,KB0003147,2026-05-21,New York,Medicaid,MEDICAID-NY,210,4,,
KH-CLM-003048,KB0003148,2026-05-21,New York,commercial,COM-B,299,1,,prior authorization
KH-CLM-003049,KB0003149,2026-05-21,New York,self-pay,SELF,25,1,,
KH-CLM-003050,KB0003150,2026-05-21,New York,self-pay,SELF,75,1,,
KH-CLM-003051,KB0003151,2026-05-21,New York,commercial,COM-B,205,2,,
KH-CLM-003052,KB0003152,2026-05-21,New York,commercial,COM-A,150,3,,
KH-CLM-003053,KB0003153,2026-05-21,Chicago,Medicaid,MEDICAID-IL,105,3,,
KH-CLM-003054,KB0003154,2026-05-21,Chicago,commercial,COM-B,220,2,,
KH-CLM-003055,KB0003155,2026-05-21,Chicago,self-pay,SELF,319,2,,
KH-CLM-003056,KB0003156,2026-05-21,Chicago,commercial,COM-B,60,1,,
KH-CLM-003057,KB0003157,2026-05-21,Chicago,commercial,COM-C,299,1,,
KH-CLM-003058,KB0003158,2026-05-21,Chicago,Medicare,MEDICARE,369,2,,
KH-CLM-003059,KB0003159,2026-05-21,Chicago,commercial,COM-B,125,3,,
KH-CLM-003060,KB0003160,2026-05-21,Chicago,commercial,COM-A,299,1,,medical necessity
KH-CLM-003061,KB0003161,2026-05-21,Chicago,Medicare,MEDICARE,90,2,,
KH-CLM-003062,KB0003163,2026-05-21,Atlanta,commercial,COM-B,299,1,,
KH-CLM-003063,KB0003164,2026-05-21,Atlanta,commercial,COM-A,70,1,,
KH-CLM-003064,KB0003165,2026-05-21,Atlanta,Medicaid,MEDICAID-GA,155,3,,
KH-CLM-003065,KB0003166,2026-05-21,Atlanta,Medicaid,MEDICAID-GA,205,4,,
KH-CLM-003066,KB0003167,2026-05-21,Atlanta,self-pay,SELF,85,1,,
KH-CLM-003067,KB0003168,2026-05-21,Atlanta,Medicare,MEDICARE,180,3,,
KH-CLM-003068,KB0003169,2026-05-21,Atlanta,Medicaid,MEDICAID-GA,149,1,,
KH-CLM-003069,KB0003170,2026-05-21,Atlanta,commercial,COM-A,330,4,,
KH-CLM-003070,KB0003171,2026-05-21,Philadelphia,commercial,COM-A,75,1,,
KH-CLM-003071,KB0003172,2026-05-21,Philadelphia,commercial,COM-C,299,1,,
KH-CLM-003072,KB0003173,2026-05-21,Philadelphia,commercial,COM-A,150,1,,
KH-CLM-003073,KB0003174,2026-05-21,Philadelphia,Medicaid,MEDICAID-PA,305,4,,
KH-CLM-003074,KB0003175,2026-05-21,Philadelphia,commercial,COM-B,295,4,,
KH-CLM-003075,KB0003176,2026-05-22,Dallas,Medicare,MEDICARE,319,2,,
KH-CLM-003076,KB0003177,2026-05-22,Dallas,self-pay,SELF,65,1,,
KH-CLM-003077,KB0003178,2026-05-22,Dallas,Medicare,MEDICARE,235,4,,
KH-CLM-003078,KB0003179,2026-05-22,Dallas,commercial,COM-C,150,3,,
KH-CLM-003079,KB0003180,2026-05-22,Dallas,commercial,COM-C,25,1,,
KH-CLM-003080,KB0003181,2026-05-22,Dallas,commercial,COM-B,125,2,,non-covered service
KH-CLM-003081,KB0003182,2026-05-22,Dallas,self-pay,SELF,135,3,,
KH-CLM-003082,KB0003183,2026-05-22,Dallas,self-pay,SELF,349,1,,
KH-CLM-003083,KB0003184,2026-05-22,Dallas,commercial,COM-B,299,1,,
KH-CLM-003084,KB0003185,2026-05-22,Dallas,Medicare,MEDICARE,210,2,,
KH-CLM-003085,KB0003187,2026-05-22,Dallas,Medicare,MEDICARE,130,2,,non-covered service
KH-CLM-003086,KB0003188,2026-05-22,Dallas,Medicare,MEDICARE,95,1,,
KH-CLM-003087,KB0003189,2026-05-22,Dallas,Medicaid,MEDICAID-TX,195,2,,
KH-CLM-003088,KB0003190,2026-05-22,Dallas,Medicaid,MEDICAID-TX,349,1,,
KH-CLM-003089,KB0003191,2026-05-22,Dallas,Medicaid,MEDICAID-TX,225,2,,
KH-CLM-003090,KB0003192,2026-05-22,Dallas,commercial,COM-C,360,4,,
KH-CLM-003091,KB0003193,2026-05-22,Dallas,commercial,COM-C,150,1,,
KH-CLM-003092,KB0003194,2026-05-22,Dallas,Medicare,MEDICARE,295,3,,
KH-CLM-003093,KB0003195,2026-05-22,Phoenix,Medicare,MEDICARE,149,1,,
KH-CLM-003094,KB0003196,2026-05-22,Phoenix,commercial,COM-C,170,4,,
KH-CLM-003095,KB0003197,2026-05-22,Phoenix,self-pay,SELF,185,3,,
KH-CLM-003096,KB0003198,2026-05-22,Phoenix,Medicare,MEDICARE,195,3,,
KH-CLM-003097,KB0003199,2026-05-22,Phoenix,Medicare,MEDICARE,299,1,,
KH-CLM-003098,KB0003200,2026-05-22,Phoenix,commercial,COM-A,149,1,,
KH-CLM-003099,KB0003201,2026-05-22,Phoenix,commercial,COM-B,205,4,,
KH-CLM-003100,KB0003202,2026-05-22,Phoenix,Medicaid,MEDICAID-AZ,85,2,,
KH-CLM-003101,KB0003203,2026-05-22,Phoenix,self-pay,SELF,250,4,,
KH-CLM-003102,KB0003204,2026-05-22,Phoenix,self-pay,SELF,299,1,,
KH-CLM-003103,KB0003205,2026-05-22,Phoenix,commercial,COM-B,30,1,,
KH-CLM-003104,KB0003206,2026-05-22,Phoenix,Medicare,MEDICARE,310,4,,medical necessity
KH-CLM-003105,KB0003207,2026-05-22,Phoenix,commercial,COM-C,85,1,,missing or invalid information
KH-CLM-003106,KB0003208,2026-05-22,New York,commercial,COM-A,55,1,,
KH-CLM-003107,KB0003209,2026-05-22,New York,Medicare,MEDICARE,140,2,,
KH-CLM-003108,KB0003210,2026-05-22,New York,Medicare,MEDICARE,125,2,,
KH-CLM-003109,KB0003212,2026-05-22,New York,Medicare,MEDICARE,319,2,,non-covered service
KH-CLM-003110,KB0003213,2026-05-22,New York,Medicaid,MEDICAID-NY,130,3,,
KH-CLM-003111,KB0003214,2026-05-22,New York,Medicaid,MEDICAID-NY,320,4,,
KH-CLM-003112,KB0003215,2026-05-22,New York,commercial,COM-B,95,2,,
KH-CLM-003113,KB0003216,2026-05-22,New York,Medicare,MEDICARE,85,1,,
KH-CLM-003114,KB0003217,2026-05-22,New York,self-pay,SELF,240,4,,
KH-CLM-003115,KB0003218,2026-05-22,Chicago,commercial,COM-C,299,1,,eligibility or coverage
KH-CLM-003116,KB0003219,2026-05-22,Chicago,Medicare,MEDICARE,180,2,,
KH-CLM-003117,KB0003220,2026-05-22,Chicago,Medicare,MEDICARE,95,2,,
KH-CLM-003118,KB0003221,2026-05-22,Chicago,Medicare,MEDICARE,149,1,,
KH-CLM-003119,KB0003222,2026-05-22,Chicago,commercial,COM-A,145,2,,
KH-CLM-003120,KB0003223,2026-05-22,Chicago,commercial,COM-C,299,1,,
KH-CLM-003121,KB0003224,2026-05-22,Chicago,commercial,COM-A,149,1,,
KH-CLM-003122,KB0003225,2026-05-22,Chicago,Medicare,MEDICARE,349,1,,
KH-CLM-003123,KB0003226,2026-05-22,Chicago,commercial,COM-B,265,4,,
KH-CLM-003124,KB0003227,2026-05-22,Atlanta,commercial,COM-B,149,1,,
KH-CLM-003125,KB0003228,2026-05-22,Atlanta,commercial,COM-A,235,4,,
KH-CLM-003126,KB0003229,2026-05-22,Atlanta,commercial,COM-A,245,4,,
KH-CLM-003127,KB0003230,2026-05-22,Atlanta,self-pay,SELF,30,1,,
KH-CLM-003128,KB0003231,2026-05-22,Atlanta,Medicare,MEDICARE,320,5,,
KH-CLM-003129,KB0003232,2026-05-22,Atlanta,Medicare,MEDICARE,245,2,,
KH-CLM-003130,KB0003233,2026-05-22,Atlanta,self-pay,SELF,135,2,,
KH-CLM-003131,KB0003234,2026-05-22,Atlanta,commercial,COM-B,75,2,,
KH-CLM-003132,KB0003235,2026-05-22,Philadelphia,commercial,COM-C,349,1,,
KH-CLM-003133,KB0003236,2026-05-22,Philadelphia,commercial,COM-A,235,2,,
KH-CLM-003134,KB0003237,2026-05-22,Philadelphia,Medicare,MEDICARE,65,1,,
KH-CLM-003135,KB0003238,2026-05-22,Philadelphia,Medicaid,MEDICAID-PA,195,3,,
KH-CLM-003136,KB0003239,2026-05-22,Philadelphia,self-pay,SELF,299,1,,
KH-CLM-003137,KB0003240,2026-05-22,Philadelphia,commercial,COM-C,145,4,,
KH-CLM-003138,KB0003241,2026-05-23,Dallas,commercial,COM-A,85,2,,
KH-CLM-003139,KB0003242,2026-05-23,Dallas,Medicare,MEDICARE,349,1,,
KH-CLM-003140,KB0003243,2026-05-23,Dallas,commercial,COM-A,299,1,,
KH-CLM-003141,KB0003244,2026-05-23,Dallas,Medicaid,MEDICAID-TX,230,3,,
KH-CLM-003142,KB0003245,2026-05-23,Dallas,Medicare,MEDICARE,225,2,,
KH-CLM-003143,KB0003246,2026-05-23,Dallas,Medicaid,MEDICAID-TX,115,2,,
KH-CLM-003144,KB0003247,2026-05-23,Dallas,Medicaid,MEDICAID-TX,130,4,,
KH-CLM-003145,KB0003248,2026-05-23,Dallas,commercial,COM-C,319,2,,
KH-CLM-003146,KB0003249,2026-05-23,Dallas,Medicare,MEDICARE,90,2,,
KH-CLM-003147,KB0003250,2026-05-23,Dallas,commercial,COM-B,299,1,,non-covered service
KH-CLM-003148,KB0003251,2026-05-23,Dallas,Medicaid,MEDICAID-TX,205,4,,
KH-CLM-003149,KB0003252,2026-05-23,Dallas,commercial,COM-B,75,1,,
KH-CLM-003150,KB0003253,2026-05-23,Dallas,commercial,COM-C,299,1,,
KH-CLM-003151,KB0003254,2026-05-23,Phoenix,self-pay,SELF,149,1,,
KH-CLM-003152,KB0003255,2026-05-23,Phoenix,commercial,COM-A,85,2,,
KH-CLM-003153,KB0003256,2026-05-23,Phoenix,commercial,COM-C,299,1,,
KH-CLM-003154,KB0003257,2026-05-23,Phoenix,commercial,COM-B,305,4,,
KH-CLM-003155,KB0003258,2026-05-23,Phoenix,commercial,COM-B,149,1,,
KH-CLM-003156,KB0003259,2026-05-23,Phoenix,commercial,COM-C,90,2,,
KH-CLM-003157,KB0003260,2026-05-23,Phoenix,commercial,COM-C,299,1,,
KH-CLM-003158,KB0003261,2026-05-23,Phoenix,commercial,COM-C,225,4,,non-covered service
KH-CLM-003159,KB0003262,2026-05-23,Phoenix,commercial,COM-B,349,1,,
KH-CLM-003160,KB0003263,2026-05-23,Phoenix,Medicare,MEDICARE,80,2,,
KH-CLM-003161,KB0003264,2026-05-23,Phoenix,Medicare,MEDICARE,85,1,,
KH-CLM-003162,KB0003265,2026-05-23,Phoenix,Medicare,MEDICARE,125,3,,
KH-CLM-003163,KB0003266,2026-05-23,Phoenix,commercial,COM-C,180,2,,
KH-CLM-003164,KB0003268,2026-05-23,Phoenix,Medicare,MEDICARE,65,1,,
KH-CLM-003165,KB0003270,2026-05-23,New York,commercial,COM-A,155,2,,
KH-CLM-003166,KB0003271,2026-05-23,New York,commercial,COM-A,85,1,,
KH-CLM-003167,KB0003272,2026-05-23,New York,Medicaid,MEDICAID-NY,85,2,,
KH-CLM-003168,KB0003273,2026-05-23,New York,Medicare,MEDICARE,240,3,,
KH-CLM-003169,KB0003274,2026-05-23,New York,Medicare,MEDICARE,120,2,,
KH-CLM-003170,KB0003275,2026-05-23,New York,Medicaid,MEDICAID-NY,145,3,,
KH-CLM-003171,KB0003276,2026-05-23,New York,commercial,COM-A,190,3,,
KH-CLM-003172,KB0003277,2026-05-23,Chicago,commercial,COM-B,299,1,,
KH-CLM-003173,KB0003278,2026-05-23,Chicago,Medicare,MEDICARE,195,3,,
KH-CLM-003174,KB0003279,2026-05-23,Chicago,commercial,COM-C,149,1,,
KH-CLM-003175,KB0003280,2026-05-23,Chicago,Medicare,MEDICARE,290,4,,
KH-CLM-003176,KB0003281,2026-05-23,Chicago,self-pay,SELF,85,2,,
KH-CLM-003177,KB0003282,2026-05-23,Chicago,commercial,COM-B,180,4,,
KH-CLM-003178,KB0003283,2026-05-23,Chicago,Medicare,MEDICARE,299,1,,
KH-CLM-003179,KB0003284,2026-05-23,Chicago,commercial,COM-C,149,1,,
KH-CLM-003180,KB0003285,2026-05-23,Chicago,commercial,COM-C,250,4,,
KH-CLM-003181,KB0003286,2026-05-23,Chicago,Medicaid,MEDICAID-IL,95,1,,
KH-CLM-003182,KB0003287,2026-05-23,Chicago,commercial,COM-C,275,4,,
KH-CLM-003183,KB0003288,2026-05-23,Chicago,commercial,COM-A,319,2,,
KH-CLM-003184,KB0003289,2026-05-23,Atlanta,commercial,COM-C,149,1,,
KH-CLM-003185,KB0003290,2026-05-23,Atlanta,self-pay,SELF,299,1,,
KH-CLM-003186,KB0003291,2026-05-23,Atlanta,Medicaid,MEDICAID-GA,30,1,,
KH-CLM-003187,KB0003292,2026-05-23,Atlanta,commercial,COM-A,75,1,,
KH-CLM-003188,KB0003293,2026-05-23,Atlanta,Medicare,MEDICARE,299,1,,
KH-CLM-003189,KB0003294,2026-05-23,Atlanta,Medicaid,MEDICAID-GA,210,4,,
KH-CLM-003190,KB0003295,2026-05-23,Atlanta,self-pay,SELF,349,1,,
KH-CLM-003191,KB0003296,2026-05-23,Atlanta,Medicare,MEDICARE,299,1,,
KH-CLM-003192,KB0003297,2026-05-23,Atlanta,commercial,COM-A,140,3,,
KH-CLM-003193,KB0003298,2026-05-23,Atlanta,Medicaid,MEDICAID-GA,195,4,,
KH-CLM-003194,KB0003299,2026-05-23,Atlanta,Medicaid,MEDICAID-GA,299,1,,
KH-CLM-003195,KB0003300,2026-05-23,Atlanta,commercial,COM-A,30,1,,
KH-CLM-003196,KB0003301,2026-05-23,Atlanta,Medicare,MEDICARE,265,4,,
KH-CLM-003197,KB0003302,2026-05-23,Atlanta,Medicare,MEDICARE,170,3,,
KH-CLM-003198,KB0003303,2026-05-23,Atlanta,commercial,COM-B,45,1,,
KH-CLM-003199,KB0003304,2026-05-23,Philadelphia,self-pay,SELF,190,3,,
KH-CLM-003200,KB0003305,2026-05-23,Philadelphia,commercial,COM-B,319,2,,
KH-CLM-003201,KB0003306,2026-05-23,Philadelphia,commercial,COM-A,299,1,,eligibility or coverage
KH-CLM-003202,KB0003309,2026-05-23,Philadelphia,commercial,COM-A,250,3,,
KH-CLM-003203,KB0003310,2026-05-23,Philadelphia,commercial,COM-A,369,2,,
KH-CLM-003204,KB0003311,2026-05-23,Philadelphia,self-pay,SELF,135,2,,
KH-CLM-003205,KB0003312,2026-05-23,Philadelphia,commercial,COM-C,299,1,,
KH-CLM-003206,KB0003313,2026-05-24,Dallas,commercial,COM-B,90,2,,
KH-CLM-003207,KB0003314,2026-05-24,Dallas,commercial,COM-C,105,2,,
KH-CLM-003208,KB0003315,2026-05-24,Dallas,Medicaid,MEDICAID-TX,299,1,,
KH-CLM-003209,KB0003316,2026-05-24,Dallas,commercial,COM-A,150,1,,
KH-CLM-003210,KB0003317,2026-05-24,Dallas,Medicare,MEDICARE,160,3,,
KH-CLM-003211,KB0003318,2026-05-24,Dallas,self-pay,SELF,60,1,,
KH-CLM-003212,KB0003319,2026-05-24,Dallas,Medicare,MEDICARE,149,1,,
KH-CLM-003213,KB0003320,2026-05-24,Dallas,commercial,COM-A,115,2,,
KH-CLM-003214,KB0003321,2026-05-24,Phoenix,commercial,COM-A,90,2,,
KH-CLM-003215,KB0003322,2026-05-24,Phoenix,commercial,COM-A,100,2,,
KH-CLM-003216,KB0003323,2026-05-24,Phoenix,Medicare,MEDICARE,169,2,,
KH-CLM-003217,KB0003324,2026-05-24,Phoenix,commercial,COM-C,290,3,,
KH-CLM-003218,KB0003325,2026-05-24,Phoenix,Medicare,MEDICARE,45,1,,
KH-CLM-003219,KB0003326,2026-05-24,Phoenix,commercial,COM-C,299,1,,
KH-CLM-003220,KB0003327,2026-05-24,Phoenix,Medicaid,MEDICAID-AZ,100,2,,
KH-CLM-003221,KB0003328,2026-05-24,New York,commercial,COM-B,145,3,,
KH-CLM-003222,KB0003329,2026-05-24,New York,commercial,COM-C,319,2,,eligibility or coverage
KH-CLM-003223,KB0003330,2026-05-24,New York,commercial,COM-A,200,3,,
KH-CLM-003224,KB0003331,2026-05-24,New York,commercial,COM-C,149,1,,
KH-CLM-003225,KB0003332,2026-05-24,New York,Medicare,MEDICARE,60,1,,
KH-CLM-003226,KB0003333,2026-05-24,New York,Medicare,MEDICARE,155,2,,
KH-CLM-003227,KB0003334,2026-05-24,New York,commercial,COM-C,185,3,,
KH-CLM-003228,KB0003335,2026-05-24,New York,Medicare,MEDICARE,165,2,,
KH-CLM-003229,KB0003336,2026-05-24,New York,Medicare,MEDICARE,245,2,,
KH-CLM-003230,KB0003337,2026-05-24,Chicago,commercial,COM-B,90,2,,
KH-CLM-003231,KB0003338,2026-05-24,Chicago,Medicaid,MEDICAID-IL,115,2,,
KH-CLM-003232,KB0003339,2026-05-24,Chicago,commercial,COM-A,195,2,,
KH-CLM-003233,KB0003340,2026-05-24,Chicago,Medicare,MEDICARE,90,2,,
KH-CLM-003234,KB0003341,2026-05-24,Chicago,commercial,COM-C,149,1,,
KH-CLM-003235,KB0003342,2026-05-24,Chicago,commercial,COM-A,30,1,,
KH-CLM-003236,KB0003343,2026-05-24,Atlanta,Medicaid,MEDICAID-GA,135,3,,
KH-CLM-003237,KB0003344,2026-05-24,Atlanta,Medicare,MEDICARE,150,3,,
KH-CLM-003238,KB0003345,2026-05-24,Atlanta,Medicare,MEDICARE,170,4,,
KH-CLM-003239,KB0003346,2026-05-24,Atlanta,Medicare,MEDICARE,140,2,,
KH-CLM-003240,KB0003347,2026-05-24,Atlanta,commercial,COM-A,260,3,,
KH-CLM-003241,KB0003348,2026-05-24,Atlanta,Medicaid,MEDICAID-GA,149,1,,
KH-CLM-003242,KB0003349,2026-05-24,Atlanta,commercial,COM-A,349,1,,
KH-CLM-003243,KB0003350,2026-05-24,Philadelphia,Medicaid,MEDICAID-PA,190,4,,
KH-CLM-003244,KB0003351,2026-05-24,Philadelphia,commercial,COM-B,185,3,,
KH-CLM-003245,KB0003352,2026-05-24,Philadelphia,Medicare,MEDICARE,120,2,,
KH-CLM-003246,KB0003353,2026-05-24,Philadelphia,Medicare,MEDICARE,95,2,,
KH-CLM-003247,KB0003354,2026-05-24,Philadelphia,Medicaid,MEDICAID-PA,299,1,,
KH-CLM-003248,KB0003355,2026-05-24,Philadelphia,commercial,COM-A,255,4,,
KH-CLM-003249,KB0003356,2026-05-24,Philadelphia,Medicaid,MEDICAID-PA,75,1,,non-covered service
KH-CLM-003250,KB0003357,2026-05-24,Philadelphia,commercial,COM-B,190,4,,
KH-CLM-003251,KB0003358,2026-05-25,Dallas,Medicare,MEDICARE,195,3,,
KH-CLM-003252,KB0003359,2026-05-25,Dallas,Medicaid,MEDICAID-TX,349,1,,
KH-CLM-003253,KB0003360,2026-05-25,Dallas,commercial,COM-C,149,1,,
KH-CLM-003254,KB0003362,2026-05-25,Dallas,Medicaid,MEDICAID-TX,150,3,,
KH-CLM-003255,KB0003363,2026-05-25,Dallas,Medicaid,MEDICAID-TX,220,3,,
KH-CLM-003256,KB0003364,2026-05-25,Dallas,Medicare,MEDICARE,299,1,,
KH-CLM-003257,KB0003365,2026-05-25,Dallas,commercial,COM-A,255,3,,
KH-CLM-003258,KB0003366,2026-05-25,Dallas,commercial,COM-A,60,1,,
KH-CLM-003259,KB0003367,2026-05-25,Dallas,self-pay,SELF,165,3,,
KH-CLM-003260,KB0003368,2026-05-25,Dallas,commercial,COM-C,149,1,,
KH-CLM-003261,KB0003369,2026-05-25,Phoenix,Medicare,MEDICARE,175,2,,eligibility or coverage
KH-CLM-003262,KB0003370,2026-05-25,Phoenix,commercial,COM-C,225,2,,
KH-CLM-003263,KB0003371,2026-05-25,Phoenix,self-pay,SELF,165,3,,
KH-CLM-003264,KB0003372,2026-05-25,Phoenix,commercial,COM-A,60,2,,
KH-CLM-003265,KB0003373,2026-05-25,Phoenix,Medicare,MEDICARE,30,1,,
KH-CLM-003266,KB0003374,2026-05-25,Phoenix,Medicaid,MEDICAID-AZ,180,2,,
KH-CLM-003267,KB0003375,2026-05-25,Phoenix,commercial,COM-C,335,4,,
KH-CLM-003268,KB0003376,2026-05-25,Phoenix,self-pay,SELF,149,1,,
KH-CLM-003269,KB0003377,2026-05-25,Phoenix,commercial,COM-B,55,1,,
KH-CLM-003270,KB0003378,2026-05-25,Phoenix,Medicaid,MEDICAID-AZ,95,2,,
KH-CLM-003271,KB0003379,2026-05-25,Phoenix,commercial,COM-B,225,2,,
KH-CLM-003272,KB0003380,2026-05-25,Phoenix,commercial,COM-C,299,1,,
KH-CLM-003273,KB0003381,2026-05-25,New York,commercial,COM-C,115,3,,
KH-CLM-003274,KB0003382,2026-05-25,New York,Medicaid,MEDICAID-NY,149,1,,
KH-CLM-003275,KB0003383,2026-05-25,New York,commercial,COM-A,30,1,,
KH-CLM-003276,KB0003384,2026-05-25,New York,Medicaid,MEDICAID-NY,299,1,,
KH-CLM-003277,KB0003385,2026-05-25,New York,commercial,COM-B,115,2,,
KH-CLM-003278,KB0003386,2026-05-25,New York,Medicaid,MEDICAID-NY,95,2,,
KH-CLM-003279,KB0003387,2026-05-25,New York,Medicare,MEDICARE,165,2,,
KH-CLM-003280,KB0003388,2026-05-25,New York,commercial,COM-A,55,1,,
KH-CLM-003281,KB0003389,2026-05-25,New York,Medicaid,MEDICAID-NY,45,1,,
KH-CLM-003282,KB0003390,2026-05-25,Chicago,commercial,COM-C,65,1,,
KH-CLM-003283,KB0003391,2026-05-25,Chicago,commercial,COM-A,299,1,,
KH-CLM-003284,KB0003392,2026-05-25,Chicago,commercial,COM-C,25,1,,non-covered service
KH-CLM-003285,KB0003393,2026-05-25,Chicago,commercial,COM-A,30,1,,
KH-CLM-003286,KB0003394,2026-05-25,Chicago,Medicare,MEDICARE,25,1,,
KH-CLM-003287,KB0003395,2026-05-25,Chicago,self-pay,SELF,299,1,,
KH-CLM-003288,KB0003396,2026-05-25,Chicago,commercial,COM-A,205,3,,
KH-CLM-003289,KB0003397,2026-05-25,Chicago,Medicare,MEDICARE,299,1,,
KH-CLM-003290,KB0003398,2026-05-25,Chicago,Medicaid,MEDICAID-IL,170,3,,
KH-CLM-003291,KB0003399,2026-05-25,Atlanta,commercial,COM-B,75,1,,
KH-CLM-003292,KB0003400,2026-05-25,Atlanta,commercial,COM-A,230,3,,
KH-CLM-003293,KB0003401,2026-05-25,Atlanta,self-pay,SELF,149,1,,
KH-CLM-003294,KB0003402,2026-05-25,Atlanta,self-pay,SELF,30,1,,
KH-CLM-003295,KB0003403,2026-05-25,Atlanta,commercial,COM-C,235,2,,
KH-CLM-003296,KB0003404,2026-05-25,Atlanta,Medicaid,MEDICAID-GA,75,1,,
KH-CLM-003297,KB0003406,2026-05-25,Atlanta,commercial,COM-A,65,2,,
KH-CLM-003298,KB0003407,2026-05-25,Atlanta,Medicare,MEDICARE,135,2,,
KH-CLM-003299,KB0003408,2026-05-25,Atlanta,Medicare,MEDICARE,75,1,,
KH-CLM-003300,KB0003409,2026-05-25,Atlanta,commercial,COM-C,85,2,,
KH-CLM-003301,KB0003410,2026-05-25,Philadelphia,commercial,COM-B,180,4,,
KH-CLM-003302,KB0003411,2026-05-25,Philadelphia,commercial,COM-C,110,2,,
KH-CLM-003303,KB0003412,2026-05-25,Philadelphia,Medicaid,MEDICAID-PA,75,1,,
KH-CLM-003304,KB0003413,2026-05-25,Philadelphia,commercial,COM-C,299,1,,
KH-CLM-003305,KB0003414,2026-05-25,Philadelphia,commercial,COM-B,299,1,,non-covered service
KH-CLM-003306,KB0003415,2026-05-25,Philadelphia,Medicare,MEDICARE,220,2,,
KH-CLM-003307,KB0003416,2026-05-25,Philadelphia,commercial,COM-C,70,1,,
KH-CLM-003308,KB0003417,2026-05-25,Philadelphia,commercial,COM-B,155,3,,
KH-CLM-003309,KB0003418,2026-05-26,Dallas,commercial,COM-C,60,1,,
KH-CLM-003310,KB0003419,2026-05-26,Dallas,commercial,COM-B,195,4,,
KH-CLM-003311,KB0003420,2026-05-26,Dallas,commercial,COM-A,350,4,,
KH-CLM-003312,KB0003421,2026-05-26,Dallas,Medicaid,MEDICAID-TX,355,4,,
KH-CLM-003313,KB0003422,2026-05-26,Dallas,commercial,COM-A,65,1,,
KH-CLM-003314,KB0003423,2026-05-26,Dallas,Medicare,MEDICARE,160,3,,
KH-CLM-003315,KB0003424,2026-05-26,Dallas,commercial,COM-A,125,2,,
KH-CLM-003316,KB0003425,2026-05-26,Dallas,commercial,COM-A,30,1,,
KH-CLM-003317,KB0003426,2026-05-26,Dallas,Medicare,MEDICARE,125,2,,
KH-CLM-003318,KB0003427,2026-05-26,Dallas,self-pay,SELF,125,2,,
KH-CLM-003319,KB0003428,2026-05-26,Dallas,self-pay,SELF,45,1,,
KH-CLM-003320,KB0003429,2026-05-26,Dallas,commercial,COM-B,230,4,,
KH-CLM-003321,KB0003430,2026-05-26,Dallas,Medicare,MEDICARE,25,1,,missing or invalid information
KH-CLM-003322,KB0003431,2026-05-26,Phoenix,Medicaid,MEDICAID-AZ,169,2,,
KH-CLM-003323,KB0003432,2026-05-26,Phoenix,self-pay,SELF,105,3,,
KH-CLM-003324,KB0003433,2026-05-26,Phoenix,commercial,COM-B,165,3,,
KH-CLM-003325,KB0003434,2026-05-26,Phoenix,commercial,COM-B,240,3,,
KH-CLM-003326,KB0003435,2026-05-26,Phoenix,self-pay,SELF,165,3,,
KH-CLM-003327,KB0003436,2026-05-26,Phoenix,commercial,COM-A,95,1,,
KH-CLM-003328,KB0003437,2026-05-26,Phoenix,commercial,COM-A,170,3,,
KH-CLM-003329,KB0003438,2026-05-26,Phoenix,commercial,COM-C,240,4,,
KH-CLM-003330,KB0003439,2026-05-26,Phoenix,commercial,COM-C,180,2,,
KH-CLM-003331,KB0003440,2026-05-26,Phoenix,Medicare,MEDICARE,155,3,,
KH-CLM-003332,KB0003441,2026-05-26,Phoenix,commercial,COM-C,299,1,,
KH-CLM-003333,KB0003442,2026-05-26,Phoenix,commercial,COM-A,299,1,,
KH-CLM-003334,KB0003443,2026-05-26,Phoenix,Medicaid,MEDICAID-AZ,195,3,,
KH-CLM-003335,KB0003444,2026-05-26,Phoenix,Medicaid,MEDICAID-AZ,299,1,,eligibility or coverage
KH-CLM-003336,KB0003445,2026-05-26,New York,commercial,COM-C,340,4,,
KH-CLM-003337,KB0003446,2026-05-26,New York,Medicare,MEDICARE,55,1,,
KH-CLM-003338,KB0003447,2026-05-26,New York,Medicare,MEDICARE,30,1,,
KH-CLM-003339,KB0003448,2026-05-26,New York,commercial,COM-C,190,4,,
KH-CLM-003340,KB0003449,2026-05-26,New York,commercial,COM-C,25,1,,
KH-CLM-003341,KB0003450,2026-05-26,New York,Medicaid,MEDICAID-NY,130,2,,
KH-CLM-003342,KB0003451,2026-05-26,New York,Medicare,MEDICARE,299,1,,
KH-CLM-003343,KB0003452,2026-05-26,New York,commercial,COM-B,349,1,,
KH-CLM-003344,KB0003453,2026-05-26,New York,Medicare,MEDICARE,100,2,,
KH-CLM-003345,KB0003454,2026-05-26,New York,Medicare,MEDICARE,299,1,,
KH-CLM-003346,KB0003455,2026-05-26,New York,Medicare,MEDICARE,115,2,,
KH-CLM-003347,KB0003456,2026-05-26,Chicago,commercial,COM-B,45,1,,
KH-CLM-003348,KB0003457,2026-05-26,Chicago,commercial,COM-B,110,2,,
KH-CLM-003349,KB0003458,2026-05-26,Chicago,Medicare,MEDICARE,299,1,,non-covered service
KH-CLM-003350,KB0003459,2026-05-26,Chicago,commercial,COM-B,30,1,,
KH-CLM-003351,KB0003460,2026-05-26,Chicago,commercial,COM-B,325,5,,
KH-CLM-003352,KB0003461,2026-05-26,Chicago,Medicaid,MEDICAID-IL,349,1,,missing or invalid information
KH-CLM-003353,KB0003462,2026-05-26,Atlanta,Medicare,MEDICARE,149,1,,
KH-CLM-003354,KB0003463,2026-05-26,Atlanta,commercial,COM-C,299,1,,
KH-CLM-003355,KB0003464,2026-05-26,Atlanta,Medicaid,MEDICAID-GA,299,1,,eligibility or coverage
KH-CLM-003356,KB0003465,2026-05-26,Atlanta,commercial,COM-C,315,4,,
KH-CLM-003357,KB0003466,2026-05-26,Atlanta,commercial,COM-B,30,1,,
KH-CLM-003358,KB0003467,2026-05-26,Atlanta,Medicare,MEDICARE,349,1,,
KH-CLM-003359,KB0003468,2026-05-26,Atlanta,commercial,COM-A,265,4,,
KH-CLM-003360,KB0003469,2026-05-26,Atlanta,commercial,COM-B,319,2,,
KH-CLM-003361,KB0003470,2026-05-26,Atlanta,Medicare,MEDICARE,305,4,,
KH-CLM-003362,KB0003471,2026-05-26,Atlanta,Medicare,MEDICARE,85,1,,
KH-CLM-003363,KB0003472,2026-05-26,Atlanta,commercial,COM-C,110,2,,
KH-CLM-003364,KB0003473,2026-05-26,Atlanta,commercial,COM-B,300,4,,
KH-CLM-003365,KB0003474,2026-05-26,Atlanta,commercial,COM-C,220,2,,prior authorization
KH-CLM-003366,KB0003476,2026-05-26,Philadelphia,commercial,COM-A,60,1,,
KH-CLM-003367,KB0003477,2026-05-26,Philadelphia,commercial,COM-A,85,2,,
KH-CLM-003368,KB0003478,2026-05-26,Philadelphia,commercial,COM-C,245,2,,
KH-CLM-003369,KB0003479,2026-05-26,Philadelphia,commercial,COM-C,140,2,,
KH-CLM-003370,KB0003480,2026-05-26,Philadelphia,commercial,COM-A,299,1,,
KH-CLM-003371,KB0003481,2026-05-27,Dallas,self-pay,SELF,30,1,,
KH-CLM-003372,KB0003482,2026-05-27,Dallas,commercial,COM-C,105,2,,
KH-CLM-003373,KB0003483,2026-05-27,Dallas,commercial,COM-B,30,1,,
KH-CLM-003374,KB0003484,2026-05-27,Dallas,commercial,COM-A,180,3,,
KH-CLM-003375,KB0003485,2026-05-27,Dallas,commercial,COM-C,55,1,,
KH-CLM-003376,KB0003486,2026-05-27,Dallas,commercial,COM-B,365,4,,
KH-CLM-003377,KB0003487,2026-05-27,Dallas,commercial,COM-B,299,1,,
KH-CLM-003378,KB0003488,2026-05-27,Dallas,commercial,COM-A,300,4,,
KH-CLM-003379,KB0003489,2026-05-27,Dallas,commercial,COM-C,349,1,,non-covered service
KH-CLM-003380,KB0003490,2026-05-27,Dallas,commercial,COM-B,75,2,,
KH-CLM-003381,KB0003491,2026-05-27,Dallas,Medicare,MEDICARE,315,3,,
KH-CLM-003382,KB0003492,2026-05-27,Dallas,Medicaid,MEDICAID-TX,150,2,,eligibility or coverage
KH-CLM-003383,KB0003493,2026-05-27,Dallas,Medicaid,MEDICAID-TX,319,2,,
KH-CLM-003384,KB0003494,2026-05-27,Dallas,commercial,COM-B,45,1,,
KH-CLM-003385,KB0003495,2026-05-27,Phoenix,self-pay,SELF,149,1,,
KH-CLM-003386,KB0003496,2026-05-27,Phoenix,Medicare,MEDICARE,105,2,,
KH-CLM-003387,KB0003497,2026-05-27,Phoenix,commercial,COM-B,30,1,,eligibility or coverage
KH-CLM-003388,KB0003498,2026-05-27,Phoenix,commercial,COM-C,30,1,,missing or invalid information
KH-CLM-003389,KB0003499,2026-05-27,Phoenix,Medicare,MEDICARE,299,1,,
KH-CLM-003390,KB0003500,2026-05-27,Phoenix,self-pay,SELF,95,2,,
KH-CLM-003391,KB0003501,2026-05-27,Phoenix,commercial,COM-B,45,1,,
KH-CLM-003392,KB0003502,2026-05-27,Phoenix,commercial,COM-A,299,1,,
KH-CLM-003393,KB0003503,2026-05-27,Phoenix,Medicaid,MEDICAID-AZ,90,2,,medical necessity
KH-CLM-003394,KB0003504,2026-05-27,Phoenix,Medicare,MEDICARE,210,2,,
KH-CLM-003395,KB0003505,2026-05-27,Phoenix,Medicaid,MEDICAID-AZ,70,1,,
KH-CLM-003396,KB0003506,2026-05-27,Phoenix,commercial,COM-C,130,2,,
KH-CLM-003397,KB0003507,2026-05-27,Phoenix,Medicaid,MEDICAID-AZ,95,1,,
KH-CLM-003398,KB0003508,2026-05-27,Phoenix,Medicare,MEDICARE,105,2,,
KH-CLM-003399,KB0003509,2026-05-27,Phoenix,commercial,COM-A,169,2,,
KH-CLM-003400,KB0003510,2026-05-27,New York,commercial,COM-C,299,1,,
KH-CLM-003401,KB0003511,2026-05-27,New York,commercial,COM-B,95,1,,
KH-CLM-003402,KB0003512,2026-05-27,New York,Medicaid,MEDICAID-NY,70,1,,
KH-CLM-003403,KB0003513,2026-05-27,New York,commercial,COM-C,299,1,,
KH-CLM-003404,KB0003514,2026-05-27,New York,commercial,COM-C,235,4,,
KH-CLM-003405,KB0003515,2026-05-27,New York,self-pay,SELF,45,1,,
KH-CLM-003406,KB0003516,2026-05-27,New York,commercial,COM-B,30,1,,
KH-CLM-003407,KB0003517,2026-05-27,New York,Medicare,MEDICARE,210,2,,
KH-CLM-003408,KB0003518,2026-05-27,New York,Medicare,MEDICARE,85,1,,
KH-CLM-003409,KB0003519,2026-05-27,New York,Medicare,MEDICARE,270,4,,
KH-CLM-003410,KB0003520,2026-05-27,New York,commercial,COM-C,150,2,,missing or invalid information
KH-CLM-003411,KB0003521,2026-05-27,New York,Medicaid,MEDICAID-NY,30,1,,
KH-CLM-003412,KB0003522,2026-05-27,New York,commercial,COM-B,205,2,,
KH-CLM-003413,KB0003523,2026-05-27,New York,Medicaid,MEDICAID-NY,349,1,,prior authorization
KH-CLM-003414,KB0003524,2026-05-27,New York,self-pay,SELF,55,1,,
KH-CLM-003415,KB0003525,2026-05-27,New York,commercial,COM-A,299,1,,
KH-CLM-003416,KB0003526,2026-05-27,Chicago,commercial,COM-B,75,1,,
KH-CLM-003417,KB0003527,2026-05-27,Chicago,Medicaid,MEDICAID-IL,110,3,,
KH-CLM-003418,KB0003528,2026-05-27,Chicago,Medicare,MEDICARE,145,2,,
KH-CLM-003419,KB0003529,2026-05-27,Chicago,commercial,COM-A,150,3,,
KH-CLM-003420,KB0003530,2026-05-27,Chicago,commercial,COM-A,90,2,,
KH-CLM-003421,KB0003531,2026-05-27,Chicago,commercial,COM-B,299,1,,
KH-CLM-003422,KB0003532,2026-05-27,Chicago,commercial,COM-C,130,2,,
KH-CLM-003423,KB0003533,2026-05-27,Atlanta,commercial,COM-A,285,4,,
KH-CLM-003424,KB0003534,2026-05-27,Atlanta,self-pay,SELF,330,4,,
KH-CLM-003425,KB0003535,2026-05-27,Atlanta,commercial,COM-A,120,2,,
KH-CLM-003426,KB0003536,2026-05-27,Atlanta,Medicare,MEDICARE,60,1,,
KH-CLM-003427,KB0003537,2026-05-27,Atlanta,Medicare,MEDICARE,155,2,,
KH-CLM-003428,KB0003538,2026-05-27,Atlanta,self-pay,SELF,299,1,,
KH-CLM-003429,KB0003539,2026-05-27,Atlanta,commercial,COM-B,149,1,,
KH-CLM-003430,KB0003540,2026-05-27,Atlanta,commercial,COM-C,185,3,,
KH-CLM-003431,KB0003542,2026-05-27,Atlanta,commercial,COM-C,65,1,,
KH-CLM-003432,KB0003543,2026-05-27,Philadelphia,commercial,COM-C,65,1,,
KH-CLM-003433,KB0003544,2026-05-27,Philadelphia,Medicaid,MEDICAID-PA,299,1,,
KH-CLM-003434,KB0003545,2026-05-27,Philadelphia,commercial,COM-A,149,1,,
KH-CLM-003435,KB0003546,2026-05-27,Philadelphia,commercial,COM-C,125,2,,
KH-CLM-003436,KB0003547,2026-05-28,Dallas,Medicare,MEDICARE,25,1,,
KH-CLM-003437,KB0003548,2026-05-28,Dallas,commercial,COM-B,299,1,,
KH-CLM-003438,KB0003549,2026-05-28,Dallas,commercial,COM-C,150,3,,eligibility or coverage
KH-CLM-003439,KB0003550,2026-05-28,Dallas,commercial,COM-C,169,2,,
KH-CLM-003440,KB0003551,2026-05-28,Dallas,Medicare,MEDICARE,145,2,,
KH-CLM-003441,KB0003552,2026-05-28,Dallas,Medicare,MEDICARE,200,3,,
KH-CLM-003442,KB0003553,2026-05-28,Dallas,Medicare,MEDICARE,250,3,,
KH-CLM-003443,KB0003554,2026-05-28,Dallas,commercial,COM-B,299,1,,
KH-CLM-003444,KB0003555,2026-05-28,Dallas,commercial,COM-C,65,1,,
KH-CLM-003445,KB0003556,2026-05-28,Dallas,Medicaid,MEDICAID-TX,65,1,,
KH-CLM-003446,KB0003557,2026-05-28,Dallas,commercial,COM-A,245,3,,
KH-CLM-003447,KB0003558,2026-05-28,Dallas,self-pay,SELF,100,2,,
KH-CLM-003448,KB0003560,2026-05-28,Dallas,Medicaid,MEDICAID-TX,210,2,,
KH-CLM-003449,KB0003561,2026-05-28,Dallas,Medicare,MEDICARE,149,1,,
KH-CLM-003450,KB0003562,2026-05-28,Dallas,commercial,COM-B,299,1,,
KH-CLM-003451,KB0003563,2026-05-28,Dallas,Medicare,MEDICARE,345,4,,
KH-CLM-003452,KB0003564,2026-05-28,Phoenix,self-pay,SELF,270,4,,
KH-CLM-003453,KB0003565,2026-05-28,Phoenix,commercial,COM-B,235,2,,
KH-CLM-003454,KB0003566,2026-05-28,Phoenix,commercial,COM-C,120,2,,
KH-CLM-003455,KB0003567,2026-05-28,Phoenix,Medicare,MEDICARE,149,1,,
KH-CLM-003456,KB0003568,2026-05-28,Phoenix,commercial,COM-C,299,1,,
KH-CLM-003457,KB0003569,2026-05-28,Phoenix,commercial,COM-B,30,1,,
KH-CLM-003458,KB0003570,2026-05-28,Phoenix,commercial,COM-A,149,1,,
KH-CLM-003459,KB0003571,2026-05-28,Phoenix,commercial,COM-A,360,4,,
KH-CLM-003460,KB0003572,2026-05-28,Phoenix,commercial,COM-B,140,2,,
KH-CLM-003461,KB0003573,2026-05-28,Phoenix,Medicare,MEDICARE,299,1,,
KH-CLM-003462,KB0003574,2026-05-28,Phoenix,commercial,COM-C,299,1,,
KH-CLM-003463,KB0003575,2026-05-28,Phoenix,commercial,COM-B,55,1,,
KH-CLM-003464,KB0003576,2026-05-28,Phoenix,commercial,COM-B,230,4,,
KH-CLM-003465,KB0003577,2026-05-28,Phoenix,Medicare,MEDICARE,105,2,,
KH-CLM-003466,KB0003579,2026-05-28,New York,Medicaid,MEDICAID-NY,220,3,,
KH-CLM-003467,KB0003580,2026-05-28,New York,commercial,COM-B,115,3,,
KH-CLM-003468,KB0003581,2026-05-28,New York,commercial,COM-B,200,3,,
KH-CLM-003469,KB0003582,2026-05-28,New York,Medicare,MEDICARE,290,4,,
KH-CLM-003470,KB0003583,2026-05-28,New York,Medicaid,MEDICAID-NY,375,4,,
KH-CLM-003471,KB0003584,2026-05-28,New York,Medicare,MEDICARE,299,1,,
KH-CLM-003472,KB0003585,2026-05-28,New York,commercial,COM-A,155,3,,
KH-CLM-003473,KB0003586,2026-05-28,New York,Medicaid,MEDICAID-NY,349,1,,
KH-CLM-003474,KB0003587,2026-05-28,New York,self-pay,SELF,250,4,,
KH-CLM-003475,KB0003588,2026-05-28,New York,commercial,COM-B,299,1,,
KH-CLM-003476,KB0003589,2026-05-28,New York,commercial,COM-B,299,1,,
KH-CLM-003477,KB0003590,2026-05-28,New York,Medicaid,MEDICAID-NY,240,3,,
KH-CLM-003478,KB0003591,2026-05-28,New York,self-pay,SELF,149,1,,
KH-CLM-003479,KB0003592,2026-05-28,New York,commercial,COM-B,55,2,,
KH-CLM-003480,KB0003593,2026-05-28,Chicago,Medicaid,MEDICAID-IL,235,3,,
KH-CLM-003481,KB0003594,2026-05-28,Chicago,commercial,COM-C,149,1,,
KH-CLM-003482,KB0003595,2026-05-28,Chicago,commercial,COM-C,135,2,,
KH-CLM-003483,KB0003596,2026-05-28,Chicago,self-pay,SELF,150,3,,
KH-CLM-003484,KB0003597,2026-05-28,Chicago,commercial,COM-B,190,3,,
KH-CLM-003485,KB0003598,2026-05-28,Chicago,commercial,COM-A,299,1,,duplicate claim
KH-CLM-003486,KB0003599,2026-05-28,Chicago,Medicaid,MEDICAID-IL,275,5,,
KH-CLM-003487,KB0003600,2026-05-28,Chicago,commercial,COM-B,55,1,,
KH-CLM-003488,KB0003601,2026-05-28,Chicago,Medicare,MEDICARE,235,2,,
KH-CLM-003489,KB0003602,2026-05-28,Atlanta,Medicare,MEDICARE,319,2,,
KH-CLM-003490,KB0003603,2026-05-28,Atlanta,commercial,COM-C,180,4,,
KH-CLM-003491,KB0003604,2026-05-28,Atlanta,Medicare,MEDICARE,349,1,,
KH-CLM-003492,KB0003605,2026-05-28,Atlanta,commercial,COM-C,85,1,,
KH-CLM-003493,KB0003606,2026-05-28,Atlanta,commercial,COM-A,349,1,,non-covered service
KH-CLM-003494,KB0003607,2026-05-28,Atlanta,commercial,COM-A,30,1,,
KH-CLM-003495,KB0003608,2026-05-28,Atlanta,commercial,COM-B,105,2,,
KH-CLM-003496,KB0003609,2026-05-28,Atlanta,commercial,COM-C,299,1,,non-covered service
KH-CLM-003497,KB0003610,2026-05-28,Atlanta,commercial,COM-A,125,2,,
KH-CLM-003498,KB0003611,2026-05-28,Atlanta,Medicare,MEDICARE,365,4,,
KH-CLM-003499,KB0003612,2026-05-28,Atlanta,commercial,COM-C,195,4,,
KH-CLM-003500,KB0003613,2026-05-28,Atlanta,Medicaid,MEDICAID-GA,299,1,,
KH-CLM-003501,KB0003614,2026-05-28,Atlanta,Medicaid,MEDICAID-GA,275,4,,medical necessity
KH-CLM-003502,KB0003615,2026-05-28,Philadelphia,Medicaid,MEDICAID-PA,299,1,,eligibility or coverage
KH-CLM-003503,KB0003616,2026-05-28,Philadelphia,commercial,COM-A,85,1,,
KH-CLM-003504,KB0003617,2026-05-28,Philadelphia,Medicaid,MEDICAID-PA,95,2,,
KH-CLM-003505,KB0003618,2026-05-28,Philadelphia,commercial,COM-C,65,1,,
KH-CLM-003506,KB0003619,2026-05-28,Philadelphia,self-pay,SELF,55,1,,
KH-CLM-003507,KB0003620,2026-05-28,Philadelphia,commercial,COM-B,275,4,,
KH-CLM-003508,KB0003621,2026-05-28,Philadelphia,commercial,COM-C,45,1,,
KH-CLM-003509,KB0003622,2026-05-28,Philadelphia,self-pay,SELF,30,1,,
KH-CLM-003510,KB0003623,2026-05-28,Philadelphia,commercial,COM-A,70,1,,
KH-CLM-003511,KB0003624,2026-05-28,Philadelphia,Medicaid,MEDICAID-PA,30,1,,
KH-CLM-003512,KB0003625,2026-05-29,Dallas,Medicare,MEDICARE,55,1,,
KH-CLM-003513,KB0003626,2026-05-29,Dallas,Medicare,MEDICARE,65,1,,
KH-CLM-003514,KB0003627,2026-05-29,Dallas,Medicaid,MEDICAID-TX,25,1,,eligibility or coverage
KH-CLM-003515,KB0003628,2026-05-29,Dallas,Medicare,MEDICARE,175,2,,
KH-CLM-003516,KB0003629,2026-05-29,Dallas,Medicare,MEDICARE,319,2,,
KH-CLM-003517,KB0003630,2026-05-29,Dallas,commercial,COM-C,299,1,,
KH-CLM-003518,KB0003631,2026-05-29,Dallas,commercial,COM-B,95,2,,
KH-CLM-003519,KB0003632,2026-05-29,Dallas,Medicare,MEDICARE,75,1,,
KH-CLM-003520,KB0003633,2026-05-29,Dallas,commercial,COM-B,95,1,,
KH-CLM-003521,KB0003634,2026-05-29,Dallas,commercial,COM-C,315,4,,
KH-CLM-003522,KB0003635,2026-05-29,Dallas,Medicaid,MEDICAID-TX,95,2,,
KH-CLM-003523,KB0003637,2026-05-29,Dallas,commercial,COM-A,180,2,,
KH-CLM-003524,KB0003638,2026-05-29,Dallas,commercial,COM-B,60,1,,
KH-CLM-003525,KB0003639,2026-05-29,Dallas,Medicaid,MEDICAID-TX,155,2,,non-covered service
KH-CLM-003526,KB0003640,2026-05-29,Phoenix,Medicaid,MEDICAID-AZ,70,1,,
KH-CLM-003527,KB0003641,2026-05-29,Phoenix,commercial,COM-B,155,2,,
KH-CLM-003528,KB0003642,2026-05-29,Phoenix,Medicare,MEDICARE,300,4,,
KH-CLM-003529,KB0003643,2026-05-29,Phoenix,self-pay,SELF,299,1,,
KH-CLM-003530,KB0003644,2026-05-29,Phoenix,commercial,COM-B,295,3,,
KH-CLM-003531,KB0003645,2026-05-29,Phoenix,commercial,COM-B,$299.00,1,,
KH-CLM-003532,KB0003646,2026-05-29,Phoenix,commercial,COM-C,315,4,,
KH-CLM-003533,KB0003647,2026-05-29,Phoenix,self-pay,SELF,80,2,,
KH-CLM-003534,KB0003648,2026-05-29,Phoenix,commercial,COM-B,299,1,,
KH-CLM-003535,KB0003649,2026-05-29,Phoenix,commercial,COM-B,149,1,,missing or invalid information
KH-CLM-003536,KB0003650,2026-05-29,Phoenix,commercial,COM-C,70,1,,
KH-CLM-003537,KB0003651,2026-05-29,New York,Medicaid,MEDICAID-NY,299,1,,
KH-CLM-003538,KB0003652,2026-05-29,New York,commercial,COM-A,149,1,,
KH-CLM-003539,KB0003654,2026-05-29,New York,commercial,COM-A,149,1,,
KH-CLM-003540,KB0003655,2026-05-29,New York,commercial,COM-C,265,3,,
KH-CLM-003541,KB0003656,2026-05-29,New York,commercial,COM-C,60,1,,
KH-CLM-003542,KB0003657,2026-05-29,New York,commercial,COM-A,299,1,,
KH-CLM-003543,KB0003658,2026-05-29,New York,self-pay,SELF,85,1,,
KH-CLM-003544,KB0003659,2026-05-29,New York,Medicare,MEDICARE,105,3,,
KH-CLM-003545,KB0003660,2026-05-29,Chicago,commercial,COM-B,80,2,,
KH-CLM-003546,KB0003661,2026-05-29,Chicago,commercial,COM-C,149,1,,
KH-CLM-003547,KB0003662,2026-05-29,Chicago,commercial,COM-B,175,3,,
KH-CLM-003548,KB0003663,2026-05-29,Chicago,commercial,COM-B,299,1,,missing or invalid information
KH-CLM-003549,KB0003664,2026-05-29,Chicago,commercial,COM-A,160,3,,
KH-CLM-003550,KB0003665,2026-05-29,Chicago,self-pay,SELF,85,1,,
KH-CLM-003551,KB0003666,2026-05-29,Chicago,Medicare,MEDICARE,100,2,,
KH-CLM-003552,KB0003667,2026-05-29,Atlanta,Medicaid,MEDICAID-GA,60,1,,
KH-CLM-003553,KB0003668,2026-05-29,Atlanta,Medicaid,MEDICAID-GA,175,3,,
KH-CLM-003554,KB0003669,2026-05-29,Atlanta,Medicare,MEDICARE,55,2,,
KH-CLM-003555,KB0003670,2026-05-29,Atlanta,Medicare,MEDICARE,299,1,,
KH-CLM-003556,KB0003671,2026-05-29,Atlanta,Medicare,MEDICARE,130,2,,
KH-CLM-003557,KB0003672,2026-05-29,Atlanta,Medicare,MEDICARE,299,1,,
KH-CLM-003558,KB0003673,2026-05-29,Atlanta,self-pay,SELF,150,1,,
KH-CLM-003559,KB0003674,2026-05-29,Atlanta,Medicare,MEDICARE,145,3,,
KH-CLM-003560,KB0003675,2026-05-29,Philadelphia,commercial,COM-B,349,1,,
KH-CLM-003561,KB0003677,2026-05-29,Philadelphia,Medicare,MEDICARE,349,1,,eligibility or coverage
KH-CLM-003562,KB0003678,2026-05-29,Philadelphia,Medicaid,MEDICAID-PA,115,2,,
KH-CLM-003563,KB0003679,2026-05-29,Philadelphia,commercial,COM-A,95,1,,
KH-CLM-003564,KB0003680,2026-05-29,Philadelphia,commercial,COM-A,299,1,,
KH-CLM-003565,KB0003681,2026-05-29,Philadelphia,commercial,COM-C,120,3,,
KH-CLM-003566,KB0003682,2026-05-29,Philadelphia,Medicaid,MEDICAID-PA,75,1,,
KH-CLM-003567,KB0003683,2026-05-29,Philadelphia,commercial,COM-A,75,1,,
KH-CLM-003568,KB0003684,2026-05-29,Philadelphia,commercial,COM-B,299,1,,
KH-CLM-003569,KB0003685,2026-05-29,Philadelphia,commercial,COM-B,90,2,,
KH-CLM-003570,KB0003686,2026-05-30,Dallas,commercial,COM-A,240,4,,
KH-CLM-003571,KB0003687,2026-05-30,Dallas,commercial,COM-C,210,3,,
KH-CLM-003572,KB0003688,2026-05-30,Dallas,Medicare,MEDICARE,105,2,,
KH-CLM-003573,KB0003689,2026-05-30,Dallas,commercial,COM-B,115,2,,
KH-CLM-003574,KB0003690,2026-05-30,Dallas,self-pay,SELF,170,2,,
KH-CLM-003575,KB0003691,2026-05-30,Dallas,Medicare,MEDICARE,299,1,,
KH-CLM-003576,KB0003692,2026-05-30,Dallas,commercial,COM-B,100,2,,
KH-CLM-003577,KB0003693,2026-05-30,Dallas,Medicare,MEDICARE,210,4,,missing or invalid information
KH-CLM-003578,KB0003694,2026-05-30,Dallas,Medicare,MEDICARE,299,1,,
KH-CLM-003579,KB0003695,2026-05-30,Dallas,self-pay,SELF,265,5,,
KH-CLM-003580,KB0003696,2026-05-30,Dallas,Medicare,MEDICARE,349,1,,
KH-CLM-003581,KB0003697,2026-05-30,Dallas,commercial,COM-C,225,4,,
KH-CLM-003582,KB0003698,2026-05-30,Dallas,commercial,COM-A,55,1,,
KH-CLM-003583,KB0003699,2026-05-30,Dallas,commercial,COM-C,225,2,,
KH-CLM-003584,KB0003700,2026-05-30,Dallas,commercial,COM-A,340,4,,
KH-CLM-003585,KB0003701,2026-05-30,Dallas,commercial,COM-B,110,3,,
KH-CLM-003586,KB0003702,2026-05-30,Phoenix,Medicaid,MEDICAID-AZ,170,3,,
KH-CLM-003587,KB0003703,2026-05-30,Phoenix,Medicare,MEDICARE,25,1,,
KH-CLM-003588,KB0003704,2026-05-30,Phoenix,commercial,COM-C,125,2,,prior authorization
KH-CLM-003589,KB0003705,2026-05-30,Phoenix,Medicaid,MEDICAID-AZ,30,1,,
KH-CLM-003590,KB0003706,2026-05-30,Phoenix,Medicaid,MEDICAID-AZ,25,1,,
KH-CLM-003591,KB0003707,2026-05-30,Phoenix,commercial,COM-C,265,4,,
KH-CLM-003592,KB0003708,2026-05-30,Phoenix,commercial,COM-A,149,1,,
KH-CLM-003593,KB0003709,2026-05-30,Phoenix,Medicare,MEDICARE,65,1,,
KH-CLM-003594,KB0003710,2026-05-30,Phoenix,Medicare,MEDICARE,75,1,,
KH-CLM-003595,KB0003711,2026-05-30,Phoenix,commercial,COM-A,55,2,,eligibility or coverage
KH-CLM-003596,KB0003712,2026-05-30,Phoenix,self-pay,SELF,230,5,,
KH-CLM-003597,KB0003713,2026-05-30,Phoenix,commercial,COM-C,299,1,,
KH-CLM-003598,KB0003714,2026-05-30,New York,Medicaid,MEDICAID-NY,349,1,,
KH-CLM-003599,KB0003715,2026-05-30,New York,commercial,COM-A,290,4,,
KH-CLM-003600,KB0003716,2026-05-30,New York,commercial,COM-A,$149.00,1,,
KH-CLM-003601,KB0003717,2026-05-30,New York,Medicaid,MEDICAID-NY,265,4,,
KH-CLM-003602,KB0003718,2026-05-30,New York,commercial,COM-C,105,2,,
KH-CLM-003603,KB0003719,2026-05-30,New York,Medicare,MEDICARE,340,4,,
KH-CLM-003604,KB0003721,2026-05-30,New York,commercial,COM-A,30,1,,
KH-CLM-003605,KB0003722,2026-05-30,New York,commercial,COM-B,85,2,,
KH-CLM-003606,KB0003723,2026-05-30,New York,commercial,COM-C,349,1,,prior authorization
KH-CLM-003607,KB0003724,2026-05-30,New York,Medicaid,MEDICAID-NY,299,1,,
KH-CLM-003608,KB0003725,2026-05-30,New York,Medicare,MEDICARE,100,2,,
KH-CLM-003609,KB0003726,2026-05-30,Chicago,commercial,COM-A,299,1,,
KH-CLM-003610,KB0003727,2026-05-30,Chicago,commercial,COM-A,75,1,,
KH-CLM-003611,KB0003728,2026-05-30,Chicago,commercial,COM-A,149,1,,
KH-CLM-003612,KB0003729,2026-05-30,Chicago,commercial,COM-B,165,2,,
KH-CLM-003613,KB0003730,2026-05-30,Chicago,Medicare,MEDICARE,180,2,,
KH-CLM-003614,KB0003731,2026-05-30,Chicago,Medicare,MEDICARE,260,3,,
KH-CLM-003615,KB0003732,2026-05-30,Chicago,commercial,COM-C,149,1,,
KH-CLM-003616,KB0003733,2026-05-30,Chicago,commercial,COM-B,180,2,,
KH-CLM-003617,KB0003734,2026-05-30,Chicago,commercial,COM-B,65,1,,
KH-CLM-003618,KB0003735,2026-05-30,Atlanta,commercial,COM-B,95,2,,non-covered service
KH-CLM-003619,KB0003736,2026-05-30,Atlanta,commercial,COM-A,70,1,,
KH-CLM-003620,KB0003737,2026-05-30,Atlanta,Medicare,MEDICARE,299,1,,
KH-CLM-003621,KB0003738,2026-05-30,Atlanta,commercial,COM-C,220,3,,
KH-CLM-003622,KB0003739,2026-05-30,Atlanta,Medicare,MEDICARE,140,2,,
KH-CLM-003623,KB0003740,2026-05-30,Atlanta,commercial,COM-A,299,1,,
KH-CLM-003624,KB0003741,2026-05-30,Atlanta,commercial,COM-C,60,1,,
KH-CLM-003625,KB0003742,2026-05-30,Philadelphia,Medicaid,MEDICAID-PA,305,3,,
KH-CLM-003626,KB0003743,2026-05-30,Philadelphia,commercial,COM-A,70,2,,
KH-CLM-003627,KB0003744,2026-05-30,Philadelphia,self-pay,SELF,299,1,,
KH-CLM-003628,KB0003745,2026-05-30,Philadelphia,commercial,COM-C,155,2,,
KH-CLM-003629,KB0003746,2026-05-31,Dallas,commercial,COM-B,45,1,,
KH-CLM-003630,KB0003747,2026-05-31,Dallas,Medicare,MEDICARE,149,1,,medical necessity
KH-CLM-003631,KB0003748,2026-05-31,Dallas,commercial,COM-C,299,1,,
KH-CLM-003632,KB0003750,2026-05-31,Dallas,commercial,COM-C,255,4,,
KH-CLM-003633,KB0003751,2026-05-31,Dallas,commercial,COM-A,349,1,,non-covered service
KH-CLM-003634,KB0003752,2026-05-31,Dallas,Medicaid,MEDICAID-TX,65,1,,
KH-CLM-003635,KB0003753,2026-05-31,Dallas,Medicare,MEDICARE,200,4,,
KH-CLM-003636,KB0003754,2026-05-31,Dallas,Medicaid,MEDICAID-TX,225,4,,
KH-CLM-003637,KB0003755,2026-05-31,Dallas,commercial,COM-B,180,2,,
KH-CLM-003638,KB0003756,2026-05-31,Dallas,commercial,COM-B,270,4,,
KH-CLM-003639,KB0003757,2026-05-31,Dallas,commercial,COM-B,145,2,,
KH-CLM-003640,KB0003759,2026-05-31,Phoenix,commercial,COM-B,60,1,,
KH-CLM-003641,KB0003760,2026-05-31,Phoenix,Medicaid,MEDICAID-AZ,149,1,,eligibility or coverage
KH-CLM-003642,KB0003761,2026-05-31,Phoenix,self-pay,SELF,149,1,,
KH-CLM-003643,KB0003762,2026-05-31,Phoenix,commercial,COM-C,255,4,,
KH-CLM-003644,KB0003763,2026-05-31,Phoenix,commercial,COM-B,75,1,,
KH-CLM-003645,KB0003764,2026-05-31,Phoenix,commercial,COM-A,149,1,,eligibility or coverage
KH-CLM-003646,KB0003765,2026-05-31,Phoenix,Medicaid,MEDICAID-AZ,30,1,,
KH-CLM-003647,KB0003766,2026-05-31,Phoenix,commercial,COM-C,60,1,,
KH-CLM-003648,KB0003767,2026-05-31,Phoenix,commercial,COM-B,299,1,,
KH-CLM-003649,KB0003768,2026-05-31,New York,commercial,COM-A,145,2,,non-covered service
KH-CLM-003650,KB0003769,2026-05-31,New York,commercial,COM-B,95,1,,
KH-CLM-003651,KB0003770,2026-05-31,New York,commercial,COM-A,145,3,,
KH-CLM-003652,KB0003771,2026-05-31,New York,commercial,COM-A,349,1,,
KH-CLM-003653,KB0003772,2026-05-31,New York,commercial,COM-C,95,1,,duplicate claim
KH-CLM-003654,KB0003773,2026-05-31,New York,commercial,COM-A,265,4,,
KH-CLM-003655,KB0003774,2026-05-31,New York,commercial,COM-A,255,4,,
KH-CLM-003656,KB0003775,2026-05-31,New York,self-pay,SELF,60,1,,
KH-CLM-003657,KB0003777,2026-05-31,Chicago,Medicaid,MEDICAID-IL,299,1,,
KH-CLM-003658,KB0003778,2026-05-31,Chicago,commercial,COM-A,395,4,,
KH-CLM-003659,KB0003779,2026-05-31,Chicago,self-pay,SELF,149,1,,
KH-CLM-003660,KB0003780,2026-05-31,Chicago,Medicare,MEDICARE,149,1,,
KH-CLM-003661,KB0003781,2026-05-31,Chicago,Medicaid,MEDICAID-IL,169,2,,eligibility or coverage
KH-CLM-003662,KB0003782,2026-05-31,Atlanta,commercial,COM-C,75,1,,
KH-CLM-003663,KB0003783,2026-05-31,Atlanta,self-pay,SELF,349,1,,
KH-CLM-003664,KB0003784,2026-05-31,Atlanta,commercial,COM-A,220,4,,
KH-CLM-003665,KB0003785,2026-05-31,Atlanta,commercial,COM-B,299,1,,
KH-CLM-003666,KB0003786,2026-05-31,Atlanta,commercial,COM-A,149,1,,
KH-CLM-003667,KB0003787,2026-05-31,Philadelphia,commercial,COM-A,299,1,,
KH-CLM-003668,KB0003788,2026-05-31,Philadelphia,self-pay,SELF,149,1,,
KH-CLM-003669,KB0003789,2026-05-31,Philadelphia,Medicaid,MEDICAID-PA,30,1,,
KH-CLM-003670,KB0003790,2026-05-31,Philadelphia,self-pay,SELF,180,4,,
KH-CLM-003671,KB0003791,2026-05-31,Philadelphia,commercial,COM-C,149,1,,
KH-CLM-003672,KB0003792,2026-05-31,Philadelphia,commercial,COM-B,299,1,,
KH-CLM-003673,KB0003793,2026-06-01,Dallas,commercial,COM-B,190,3,,
KH-CLM-003674,KB0003794,2026-06-01,Dallas,Medicaid,MEDICAID-TX,120,4,,
KH-CLM-003675,KB0003795,2026-06-01,Dallas,commercial,COM-B,265,3,,
KH-CLM-003676,KB0003796,2026-06-01,Dallas,commercial,COM-A,75,1,,
KH-CLM-003677,KB0003797,2026-06-01,Dallas,commercial,COM-C,165,3,,
KH-CLM-003678,KB0003798,2026-06-01,Dallas,Medicare,MEDICARE,75,1,,
KH-CLM-003679,KB0003799,2026-06-01,Dallas,commercial,COM-B,180,3,,
KH-CLM-003680,KB0003800,2026-06-01,Dallas,commercial,COM-B,299,1,,non-covered service
KH-CLM-003681,KB0003801,2026-06-01,Dallas,commercial,COM-B,175,5,,
KH-CLM-003682,KB0003802,2026-06-01,Dallas,commercial,COM-C,349,1,,
KH-CLM-003683,KB0003803,2026-06-01,Dallas,Medicaid,MEDICAID-TX,300,4,,
KH-CLM-003684,KB0003804,2026-06-01,Dallas,Medicaid,MEDICAID-TX,195,2,,
KH-CLM-003685,KB0003805,2026-06-01,Dallas,Medicare,MEDICARE,155,4,,non-covered service
KH-CLM-003686,KB0003806,2026-06-01,Dallas,self-pay,SELF,120,2,,
KH-CLM-003687,KB0003807,2026-06-01,Dallas,Medicaid,MEDICAID-TX,299,1,,
KH-CLM-003688,KB0003809,2026-06-01,Dallas,commercial,COM-C,195,4,,
KH-CLM-003689,KB0003810,2026-06-01,Dallas,Medicare,MEDICARE,145,3,,
KH-CLM-003690,KB0003811,2026-06-01,Phoenix,Medicaid,MEDICAID-AZ,120,2,,
KH-CLM-003691,KB0003812,2026-06-01,Phoenix,Medicare,MEDICARE,299,1,,
KH-CLM-003692,KB0003813,2026-06-01,Phoenix,Medicare,MEDICARE,299,1,,
KH-CLM-003693,KB0003814,2026-06-01,Phoenix,commercial,COM-C,299,1,,
KH-CLM-003694,KB0003815,2026-06-01,Phoenix,commercial,COM-A,310,4,,
KH-CLM-003695,KB0003816,2026-06-01,Phoenix,Medicare,MEDICARE,145,2,,
KH-CLM-003696,KB0003817,2026-06-01,Phoenix,commercial,COM-A,299,1,,
KH-CLM-003697,KB0003818,2026-06-01,Phoenix,commercial,COM-C,95,1,,
KH-CLM-003698,KB0003819,2026-06-01,Phoenix,Medicaid,MEDICAID-AZ,80,2,,
KH-CLM-003699,KB0003820,2026-06-01,Phoenix,Medicaid,MEDICAID-AZ,100,2,,
KH-CLM-003700,KB0003821,2026-06-01,Phoenix,Medicare,MEDICARE,85,1,,
KH-CLM-003701,KB0003822,2026-06-01,Phoenix,commercial,COM-A,349,1,,
KH-CLM-003702,KB0003823,2026-06-01,Phoenix,Medicaid,MEDICAID-AZ,149,1,,prior authorization
KH-CLM-003703,KB0003824,2026-06-01,Phoenix,Medicare,MEDICARE,70,1,,
KH-CLM-003704,KB0003825,2026-06-01,Phoenix,Medicaid,MEDICAID-AZ,105,2,,
KH-CLM-003705,KB0003826,2026-06-01,New York,commercial,COM-A,60,1,,
KH-CLM-003706,KB0003827,2026-06-01,New York,Medicare,MEDICARE,149,1,,
KH-CLM-003707,KB0003828,2026-06-01,New York,Medicare,MEDICARE,149,1,,
KH-CLM-003708,KB0003829,2026-06-01,New York,Medicare,MEDICARE,85,1,,
KH-CLM-003709,KB0003830,2026-06-01,New York,commercial,COM-A,275,3,,
KH-CLM-003710,KB0003831,2026-06-01,New York,commercial,COM-B,185,3,,
KH-CLM-003711,KB0003833,2026-06-01,New York,Medicare,MEDICARE,225,4,,
KH-CLM-003712,KB0003834,2026-06-01,New York,commercial,COM-C,149,1,,
KH-CLM-003713,KB0003835,2026-06-01,New York,Medicare,MEDICARE,335,4,,
KH-CLM-003714,KB0003836,2026-06-01,Chicago,commercial,COM-B,45,1,,
KH-CLM-003715,KB0003837,2026-06-01,Chicago,Medicaid,MEDICAID-IL,125,2,,
KH-CLM-003716,KB0003838,2026-06-01,Chicago,Medicaid,MEDICAID-IL,125,2,,
KH-CLM-003717,KB0003839,2026-06-01,Chicago,Medicare,MEDICARE,30,1,,
KH-CLM-003718,KB0003840,2026-06-01,Chicago,self-pay,SELF,215,2,,
KH-CLM-003719,KB0003841,2026-06-01,Chicago,commercial,COM-A,330,4,,missing or invalid information
KH-CLM-003720,KB0003842,2026-06-01,Chicago,Medicaid,MEDICAID-IL,60,2,,
KH-CLM-003721,KB0003843,2026-06-01,Chicago,commercial,COM-A,280,3,,eligibility or coverage
KH-CLM-003722,KB0003844,2026-06-01,Chicago,commercial,COM-C,25,1,,
KH-CLM-003723,KB0003845,2026-06-01,Chicago,commercial,COM-A,95,1,,
KH-CLM-003724,KB0003846,2026-06-01,Chicago,commercial,COM-B,115,2,,missing or invalid information
KH-CLM-003725,KB0003848,2026-06-01,Atlanta,Medicaid,MEDICAID-GA,299,1,,
KH-CLM-003726,KB0003849,2026-06-01,Atlanta,self-pay,SELF,195,4,,
KH-CLM-003727,KB0003850,2026-06-01,Atlanta,Medicare,MEDICARE,45,2,,
KH-CLM-003728,KB0003851,2026-06-01,Atlanta,commercial,COM-B,115,2,,
KH-CLM-003729,KB0003852,2026-06-01,Atlanta,commercial,COM-B,25,1,,
KH-CLM-003730,KB0003853,2026-06-01,Atlanta,Medicaid,MEDICAID-GA,120,2,,
KH-CLM-003731,KB0003854,2026-06-01,Atlanta,Medicare,MEDICARE,170,3,,
KH-CLM-003732,KB0003855,2026-06-01,Atlanta,Medicare,MEDICARE,150,3,,
KH-CLM-003733,KB0003856,2026-06-01,Atlanta,Medicaid,MEDICAID-GA,299,1,,
KH-CLM-003734,KB0003857,2026-06-01,Atlanta,Medicare,MEDICARE,55,1,,
KH-CLM-003735,KB0003858,2026-06-01,Atlanta,Medicaid,MEDICAID-GA,85,1,,
KH-CLM-003736,KB0003859,2026-06-01,Philadelphia,Medicaid,MEDICAID-PA,299,1,,medical necessity
KH-CLM-003737,KB0003860,2026-06-01,Philadelphia,Medicare,MEDICARE,235,5,,
KH-CLM-003738,KB0003861,2026-06-01,Philadelphia,commercial,COM-A,100,2,,
KH-CLM-003739,KB0003863,2026-06-01,Philadelphia,self-pay,SELF,330,5,,
KH-CLM-003740,KB0003864,2026-06-01,Philadelphia,commercial,COM-C,190,4,,
KH-CLM-003741,KB0003865,2026-06-02,Dallas,Medicare,MEDICARE,95,1,,
KH-CLM-003742,KB0003866,2026-06-02,Dallas,self-pay,SELF,320,4,,
KH-CLM-003743,KB0003868,2026-06-02,Dallas,commercial,COM-B,180,3,,
KH-CLM-003744,KB0003869,2026-06-02,Dallas,Medicaid,MEDICAID-TX,180,2,,medical necessity
KH-CLM-003745,KB0003870,2026-06-02,Dallas,Medicaid,MEDICAID-TX,95,1,,
KH-CLM-003746,KB0003871,2026-06-02,Dallas,commercial,COM-B,55,1,,
KH-CLM-003747,KB0003872,2026-06-02,Dallas,Medicaid,MEDICAID-TX,170,2,,
KH-CLM-003748,KB0003873,2026-06-02,Dallas,commercial,COM-B,30,1,,
KH-CLM-003749,KB0003874,2026-06-02,Dallas,Medicare,MEDICARE,115,2,,
KH-CLM-003750,KB0003875,2026-06-02,Dallas,commercial,COM-A,349,1,,
KH-CLM-003751,KB0003876,2026-06-02,Dallas,commercial,COM-A,299,1,,
KH-CLM-003752,KB0003877,2026-06-02,Dallas,Medicaid,MEDICAID-TX,255,4,,
KH-CLM-003753,KB0003878,2026-06-02,Dallas,commercial,COM-C,299,1,,eligibility or coverage
KH-CLM-003754,KB0003879,2026-06-02,Dallas,self-pay,SELF,299,1,,
KH-CLM-003755,KB0003880,2026-06-02,Dallas,Medicare,MEDICARE,250,3,,
KH-CLM-003756,KB0003881,2026-06-02,Phoenix,commercial,COM-A,145,4,,
KH-CLM-003757,KB0003882,2026-06-02,Phoenix,Medicare,MEDICARE,369,2,,
KH-CLM-003758,KB0003883,2026-06-02,Phoenix,Medicaid,MEDICAID-AZ,235,4,,duplicate claim
KH-CLM-003759,KB0003884,2026-06-02,Phoenix,commercial,COM-B,149,1,,
KH-CLM-003760,KB0003885,2026-06-02,Phoenix,Medicare,MEDICARE,95,1,,
KH-CLM-003761,KB0003886,2026-06-02,Phoenix,Medicare,MEDICARE,150,2,,
KH-CLM-003762,KB0003887,2026-06-02,Phoenix,Medicare,MEDICARE,45,1,,
KH-CLM-003763,KB0003888,2026-06-02,Phoenix,commercial,COM-A,349,1,,
KH-CLM-003764,KB0003889,2026-06-02,Phoenix,commercial,COM-B,230,3,,
KH-CLM-003765,KB0003890,2026-06-02,Phoenix,self-pay,SELF,180,2,,
KH-CLM-003766,KB0003891,2026-06-02,Phoenix,commercial,COM-A,285,4,,
KH-CLM-003767,KB0003893,2026-06-02,Phoenix,self-pay,SELF,349,1,,
KH-CLM-003768,KB0003894,2026-06-02,New York,Medicare,MEDICARE,145,3,,
KH-CLM-003769,KB0003895,2026-06-02,New York,Medicare,MEDICARE,45,1,,
KH-CLM-003770,KB0003896,2026-06-02,New York,Medicare,MEDICARE,55,1,,
KH-CLM-003771,KB0003897,2026-06-02,New York,Medicaid,MEDICAID-NY,299,1,,
KH-CLM-003772,KB0003898,2026-06-02,New York,self-pay,SELF,319,2,,
KH-CLM-003773,KB0003899,2026-06-02,New York,commercial,COM-A,149,1,,missing or invalid information
KH-CLM-003774,KB0003900,2026-06-02,New York,Medicare,MEDICARE,60,2,,
KH-CLM-003775,KB0003902,2026-06-02,New York,commercial,COM-A,145,3,,
KH-CLM-003776,KB0003903,2026-06-02,New York,commercial,COM-B,349,1,,
KH-CLM-003777,KB0003904,2026-06-02,New York,commercial,COM-B,45,1,,
KH-CLM-003778,KB0003905,2026-06-02,New York,commercial,COM-A,149,1,,
KH-CLM-003779,KB0003906,2026-06-02,New York,commercial,COM-B,60,1,,
KH-CLM-003780,KB0003907,2026-06-02,Chicago,commercial,COM-A,60,2,,missing or invalid information
KH-CLM-003781,KB0003908,2026-06-02,Chicago,commercial,COM-A,310,4,,
KH-CLM-003782,KB0003909,2026-06-02,Chicago,commercial,COM-A,55,1,,
KH-CLM-003783,KB0003910,2026-06-02,Chicago,commercial,COM-C,30,1,,
KH-CLM-003784,KB0003911,2026-06-02,Chicago,Medicare,MEDICARE,110,2,,
KH-CLM-003785,KB0003912,2026-06-02,Chicago,commercial,COM-B,210,4,,
KH-CLM-003786,KB0003913,2026-06-02,Chicago,self-pay,SELF,85,1,,
KH-CLM-003787,KB0003914,2026-06-02,Atlanta,commercial,COM-B,105,2,,
KH-CLM-003788,KB0003915,2026-06-02,Atlanta,self-pay,SELF,70,2,,
KH-CLM-003789,KB0003916,2026-06-02,Atlanta,commercial,COM-C,299,1,,
KH-CLM-003790,KB0003917,2026-06-02,Atlanta,Medicaid,MEDICAID-GA,95,1,,missing or invalid information
KH-CLM-003791,KB0003918,2026-06-02,Atlanta,Medicaid,MEDICAID-GA,50,2,,eligibility or coverage
KH-CLM-003792,KB0003919,2026-06-02,Atlanta,commercial,COM-C,30,1,,
KH-CLM-003793,KB0003920,2026-06-02,Atlanta,Medicare,MEDICARE,30,1,,
KH-CLM-003794,KB0003921,2026-06-02,Atlanta,Medicare,MEDICARE,215,4,,
KH-CLM-003795,KB0003922,2026-06-02,Atlanta,self-pay,SELF,280,4,,
KH-CLM-003796,KB0003923,2026-06-02,Philadelphia,self-pay,SELF,319,2,,
KH-CLM-003797,KB0003924,2026-06-02,Philadelphia,commercial,COM-C,375,4,,
KH-CLM-003798,KB0003925,2026-06-02,Philadelphia,Medicare,MEDICARE,115,2,,
KH-CLM-003799,KB0003926,2026-06-02,Philadelphia,self-pay,SELF,299,1,,
KH-CLM-003800,KB0003927,2026-06-02,Philadelphia,Medicaid,MEDICAID-PA,60,2,,
KH-CLM-003801,KB0003928,2026-06-02,Philadelphia,Medicaid,MEDICAID-PA,349,1,,
KH-CLM-003802,KB0003929,2026-06-02,Philadelphia,Medicaid,MEDICAID-PA,299,1,,
KH-CLM-003803,KB0003931,2026-06-02,Philadelphia,commercial,COM-A,100,2,,
KH-CLM-003804,KB0003932,2026-06-02,Philadelphia,Medicare,MEDICARE,55,1,,
KH-CLM-003805,KB0003933,2026-06-02,Philadelphia,Medicare,MEDICARE,90,2,,
KH-CLM-003806,KB0003934,2026-06-03,Dallas,Medicare,MEDICARE,299,1,,
KH-CLM-003807,KB0003935,2026-06-03,Dallas,commercial,COM-A,299,1,,
KH-CLM-003808,KB0003936,2026-06-03,Dallas,commercial,COM-B,299,1,,
KH-CLM-003809,KB0003937,2026-06-03,Dallas,commercial,COM-A,95,2,,
KH-CLM-003810,KB0003938,2026-06-03,Dallas,commercial,COM-A,149,1,,
KH-CLM-003811,KB0003939,2026-06-03,Dallas,commercial,COM-A,230,4,,
KH-CLM-003812,KB0003940,2026-06-03,Dallas,commercial,COM-B,169,2,,
KH-CLM-003813,KB0003941,2026-06-03,Dallas,Medicaid,MEDICAID-TX,65,1,,
KH-CLM-003814,KB0003942,2026-06-03,Dallas,commercial,COM-B,205,3,,
KH-CLM-003815,KB0003943,2026-06-03,Dallas,commercial,COM-C,149,1,,
KH-CLM-003816,KB0003944,2026-06-03,Dallas,commercial,COM-A,170,2,,eligibility or coverage
KH-CLM-003817,KB0003945,2026-06-03,Dallas,Medicare,MEDICARE,245,3,,
KH-CLM-003818,KB0003946,2026-06-03,Dallas,Medicare,MEDICARE,149,1,,
KH-CLM-003819,KB0003947,2026-06-03,Dallas,Medicare,MEDICARE,65,1,,missing or invalid information
KH-CLM-003820,KB0003948,2026-06-03,Dallas,commercial,COM-B,50,2,,
KH-CLM-003821,KB0003949,2026-06-03,Dallas,Medicare,MEDICARE,$170.00,2,,
KH-CLM-003822,KB0003950,2026-06-03,Phoenix,commercial,COM-A,55,1,,
KH-CLM-003823,KB0003951,2026-06-03,Phoenix,commercial,COM-B,330,3,,
KH-CLM-003824,KB0003952,2026-06-03,Phoenix,commercial,COM-A,140,2,,
KH-CLM-003825,KB0003953,2026-06-03,Phoenix,commercial,COM-A,299,1,,
KH-CLM-003826,KB0003954,2026-06-03,Phoenix,commercial,COM-B,60,1,,prior authorization
KH-CLM-003827,KB0003955,2026-06-03,Phoenix,Medicare,MEDICARE,299,1,,
KH-CLM-003828,KB0003956,2026-06-03,Phoenix,Medicare,MEDICARE,349,1,,
KH-CLM-003829,KB0003957,2026-06-03,Phoenix,Medicaid,MEDICAID-AZ,245,3,,
KH-CLM-003830,KB0003958,2026-06-03,Phoenix,Medicaid,MEDICAID-AZ,205,2,,
KH-CLM-003831,KB0003959,2026-06-03,Phoenix,Medicare,MEDICARE,70,1,,
KH-CLM-003832,KB0003960,2026-06-03,Phoenix,commercial,COM-B,230,4,,
KH-CLM-003833,KB0003961,2026-06-03,Phoenix,Medicaid,MEDICAID-AZ,55,1,,
KH-CLM-003834,KB0003962,2026-06-03,Phoenix,Medicaid,MEDICAID-AZ,30,1,,
KH-CLM-003835,KB0003963,2026-06-03,Phoenix,commercial,COM-B,95,2,,
KH-CLM-003836,KB0003964,2026-06-03,Phoenix,Medicaid,MEDICAID-AZ,45,1,,
KH-CLM-003837,KB0003965,2026-06-03,New York,self-pay,SELF,349,1,,
KH-CLM-003838,KB0003966,2026-06-03,New York,Medicare,MEDICARE,299,1,,
KH-CLM-003839,KB0003967,2026-06-03,New York,commercial,COM-C,85,1,,
KH-CLM-003840,KB0003968,2026-06-03,New York,commercial,COM-A,299,1,,non-covered service
KH-CLM-003841,KB0003969,2026-06-03,New York,Medicaid,MEDICAID-NY,150,1,,
KH-CLM-003842,KB0003970,2026-06-03,New York,self-pay,SELF,319,2,,
KH-CLM-003843,KB0003971,2026-06-03,New York,commercial,COM-A,149,1,,
KH-CLM-003844,KB0003972,2026-06-03,New York,commercial,COM-B,65,1,,
KH-CLM-003845,KB0003973,2026-06-03,New York,Medicaid,MEDICAID-NY,140,2,,missing or invalid information
KH-CLM-003846,KB0003974,2026-06-03,New York,commercial,COM-C,135,3,,
KH-CLM-003847,KB0003975,2026-06-03,Chicago,self-pay,SELF,149,1,,
KH-CLM-003848,KB0003976,2026-06-03,Chicago,Medicare,MEDICARE,305,4,,
KH-CLM-003849,KB0003977,2026-06-03,Chicago,commercial,COM-B,149,1,,
KH-CLM-003850,KB0003978,2026-06-03,Chicago,commercial,COM-C,310,4,,
KH-CLM-003851,KB0003979,2026-06-03,Chicago,Medicaid,MEDICAID-IL,145,3,,
KH-CLM-003852,KB0003980,2026-06-03,Chicago,self-pay,SELF,115,2,,
KH-CLM-003853,KB0003981,2026-06-03,Chicago,Medicare,MEDICARE,30,1,,
KH-CLM-003854,KB0003982,2026-06-03,Chicago,Medicaid,MEDICAID-IL,70,1,,
KH-CLM-003855,KB0003983,2026-06-03,Chicago,commercial,COM-B,30,1,,
KH-CLM-003856,KB0003984,2026-06-03,Chicago,commercial,COM-B,349,1,,
KH-CLM-003857,KB0003985,2026-06-03,Chicago,commercial,COM-C,100,2,,
KH-CLM-003858,KB0003986,2026-06-03,Chicago,Medicare,MEDICARE,105,2,,missing or invalid information
KH-CLM-003859,KB0003987,2026-06-03,Atlanta,Medicare,MEDICARE,210,2,,
KH-CLM-003860,KB0003988,2026-06-03,Atlanta,commercial,COM-B,60,1,,
KH-CLM-003861,KB0003989,2026-06-03,Atlanta,Medicaid,MEDICAID-GA,200,5,,non-covered service
KH-CLM-003862,KB0003990,2026-06-03,Atlanta,commercial,COM-A,70,2,,
KH-CLM-003863,KB0003991,2026-06-03,Atlanta,commercial,COM-C,100,2,,
KH-CLM-003864,KB0003992,2026-06-03,Atlanta,commercial,COM-A,349,1,,
KH-CLM-003865,KB0003993,2026-06-03,Atlanta,Medicare,MEDICARE,275,5,,
KH-CLM-003866,KB0003994,2026-06-03,Atlanta,commercial,COM-C,30,1,,
KH-CLM-003867,KB0003995,2026-06-03,Atlanta,Medicare,MEDICARE,235,4,,
KH-CLM-003868,KB0003996,2026-06-03,Philadelphia,Medicaid,MEDICAID-PA,319,2,,
KH-CLM-003869,KB0003997,2026-06-03,Philadelphia,commercial,COM-B,85,1,,
KH-CLM-003870,KB0003998,2026-06-03,Philadelphia,Medicaid,MEDICAID-PA,65,2,,timely filing
KH-CLM-003871,KB0003999,2026-06-03,Philadelphia,commercial,COM-A,75,2,,
KH-CLM-003872,KB0004000,2026-06-03,Philadelphia,self-pay,SELF,50,2,,
KH-CLM-003873,KB0004001,2026-06-03,Philadelphia,commercial,COM-A,349,1,,
KH-CLM-003874,KB0004002,2026-06-03,Philadelphia,commercial,COM-C,169,2,,
KH-CLM-003875,KB0004003,2026-06-03,Philadelphia,commercial,COM-C,25,1,,
KH-CLM-003876,KB0004004,2026-06-03,Philadelphia,Medicare,MEDICARE,105,2,,
KH-CLM-003877,KB0004005,2026-06-04,Dallas,commercial,COM-A,300,4,,
KH-CLM-003878,KB0004006,2026-06-04,Dallas,commercial,COM-C,149,1,,non-covered service
KH-CLM-003879,KB0004007,2026-06-04,Dallas,Medicaid,MEDICAID-TX,230,4,,
KH-CLM-003880,KB0004008,2026-06-04,Dallas,Medicare,MEDICARE,110,2,,
KH-CLM-003881,KB0004009,2026-06-04,Dallas,Medicare,MEDICARE,30,1,,
KH-CLM-003882,KB0004010,2026-06-04,Dallas,commercial,COM-A,165,3,,
KH-CLM-003883,KB0004011,2026-06-04,Dallas,commercial,COM-B,220,4,,
KH-CLM-003884,KB0004012,2026-06-04,Dallas,self-pay,SELF,149,1,,
KH-CLM-003885,KB0004013,2026-06-04,Dallas,Medicaid,MEDICAID-TX,30,1,,
KH-CLM-003886,KB0004014,2026-06-04,Dallas,Medicare,MEDICARE,299,1,,
KH-CLM-003887,KB0004015,2026-06-04,Dallas,commercial,COM-A,205,3,,
KH-CLM-003888,KB0004016,2026-06-04,Dallas,Medicare,MEDICARE,115,2,,
KH-CLM-003889,KB0004017,2026-06-04,Phoenix,Medicare,MEDICARE,349,1,,
KH-CLM-003890,KB0004018,2026-06-04,Phoenix,self-pay,SELF,149,1,,
KH-CLM-003891,KB0004019,2026-06-04,Phoenix,Medicaid,MEDICAID-AZ,100,2,,eligibility or coverage
KH-CLM-003892,KB0004020,2026-06-04,Phoenix,Medicare,MEDICARE,45,1,,
KH-CLM-003893,KB0004021,2026-06-04,Phoenix,commercial,COM-C,310,4,,
KH-CLM-003894,KB0004022,2026-06-04,Phoenix,commercial,COM-C,55,2,,
KH-CLM-003895,KB0004023,2026-06-04,Phoenix,commercial,COM-B,245,3,,
KH-CLM-003896,KB0004024,2026-06-04,Phoenix,commercial,COM-A,149,1,,
KH-CLM-003897,KB0004025,2026-06-04,Phoenix,commercial,COM-C,299,1,,
KH-CLM-003898,KB0004026,2026-06-04,Phoenix,commercial,COM-A,299,1,,non-covered service
KH-CLM-003899,KB0004027,2026-06-04,Phoenix,commercial,COM-A,45,1,,
KH-CLM-003900,KB0004028,2026-06-04,Phoenix,Medicare,MEDICARE,25,1,,
KH-CLM-003901,KB0004029,2026-06-04,New York,Medicare,MEDICARE,299,1,,
KH-CLM-003902,KB0004030,2026-06-04,New York,Medicare,MEDICARE,175,2,,
KH-CLM-003903,KB0004031,2026-06-04,New York,commercial,COM-B,205,4,,non-covered service
KH-CLM-003904,KB0004032,2026-06-04,New York,Medicare,MEDICARE,75,1,,
KH-CLM-003905,KB0004033,2026-06-04,New York,commercial,COM-B,95,1,,
KH-CLM-003906,KB0004034,2026-06-04,New York,commercial,COM-A,60,1,,
KH-CLM-003907,KB0004035,2026-06-04,New York,commercial,COM-C,65,1,,
KH-CLM-003908,KB0004036,2026-06-04,New York,Medicare,MEDICARE,319,2,,
KH-CLM-003909,KB0004037,2026-06-04,New York,self-pay,SELF,170,3,,
KH-CLM-003910,KB0004038,2026-06-04,New York,commercial,COM-A,85,1,,
KH-CLM-003911,KB0004039,2026-06-04,New York,commercial,COM-B,65,1,,
KH-CLM-003912,KB0004040,2026-06-04,New York,commercial,COM-A,170,2,,
KH-CLM-003913,KB0004041,2026-06-04,Chicago,commercial,COM-B,85,2,,
KH-CLM-003914,KB0004042,2026-06-04,Chicago,self-pay,SELF,299,1,,
KH-CLM-003915,KB0004043,2026-06-04,Chicago,commercial,COM-B,25,1,,
KH-CLM-003916,KB0004044,2026-06-04,Chicago,commercial,COM-C,75,3,,
KH-CLM-003917,KB0004045,2026-06-04,Chicago,commercial,COM-A,149,1,,
KH-CLM-003918,KB0004046,2026-06-04,Chicago,Medicare,MEDICARE,85,2,,
KH-CLM-003919,KB0004047,2026-06-04,Chicago,commercial,COM-B,145,3,,
KH-CLM-003920,KB0004048,2026-06-04,Chicago,self-pay,SELF,75,1,,
KH-CLM-003921,KB0004049,2026-06-04,Atlanta,commercial,COM-B,95,1,,
KH-CLM-003922,KB0004050,2026-06-04,Atlanta,Medicaid,MEDICAID-GA,155,4,,
KH-CLM-003923,KB0004051,2026-06-04,Atlanta,commercial,COM-C,115,2,,
KH-CLM-003924,KB0004052,2026-06-04,Atlanta,Medicare,MEDICARE,265,4,,
KH-CLM-003925,KB0004053,2026-06-04,Atlanta,commercial,COM-A,299,1,,eligibility or coverage
KH-CLM-003926,KB0004054,2026-06-04,Atlanta,Medicare,MEDICARE,299,1,,
KH-CLM-003927,KB0004055,2026-06-04,Atlanta,Medicare,MEDICARE,175,4,,
KH-CLM-003928,KB0004056,2026-06-04,Atlanta,Medicaid,MEDICAID-GA,70,1,,
KH-CLM-003929,KB0004057,2026-06-04,Philadelphia,commercial,COM-B,105,2,,
KH-CLM-003930,KB0004058,2026-06-04,Philadelphia,commercial,COM-C,330,3,,
KH-CLM-003931,KB0004059,2026-06-04,Philadelphia,self-pay,SELF,90,2,,
KH-CLM-003932,KB0004060,2026-06-04,Philadelphia,commercial,COM-A,30,1,,
KH-CLM-003933,KB0004061,2026-06-04,Philadelphia,commercial,COM-C,215,4,,medical necessity
KH-CLM-003934,KB0004062,2026-06-04,Philadelphia,commercial,COM-B,110,2,,
KH-CLM-003935,KB0004063,2026-06-04,Philadelphia,Medicare,MEDICARE,70,1,,
KH-CLM-003936,KB0004064,2026-06-05,Dallas,commercial,COM-C,55,1,,medical necessity
KH-CLM-003937,KB0004065,2026-06-05,Dallas,commercial,COM-A,150,1,,eligibility or coverage
KH-CLM-003938,KB0004066,2026-06-05,Dallas,commercial,COM-A,220,3,,
KH-CLM-003939,KB0004067,2026-06-05,Dallas,Medicare,MEDICARE,180,3,,
KH-CLM-003940,KB0004068,2026-06-05,Dallas,commercial,COM-A,195,4,,
KH-CLM-003941,KB0004069,2026-06-05,Dallas,Medicare,MEDICARE,30,1,,
KH-CLM-003942,KB0004070,2026-06-05,Dallas,Medicaid,MEDICAID-TX,175,3,,eligibility or coverage
KH-CLM-003943,KB0004071,2026-06-05,Dallas,Medicare,MEDICARE,55,1,,
KH-CLM-003944,KB0004072,2026-06-05,Dallas,Medicare,MEDICARE,70,1,,
KH-CLM-003945,KB0004073,2026-06-05,Dallas,Medicaid,MEDICAID-TX,235,4,,
KH-CLM-003946,KB0004075,2026-06-05,Dallas,Medicaid,MEDICAID-TX,70,1,,
KH-CLM-003947,KB0004076,2026-06-05,Dallas,Medicare,MEDICARE,160,3,,
KH-CLM-003948,KB0004077,2026-06-05,Dallas,Medicare,MEDICARE,30,1,,
KH-CLM-003949,KB0004078,2026-06-05,Dallas,self-pay,SELF,95,1,,
KH-CLM-003950,KB0004079,2026-06-05,Dallas,commercial,COM-B,70,1,,
KH-CLM-003951,KB0004080,2026-06-05,Dallas,commercial,COM-A,100,2,,
KH-CLM-003952,KB0004081,2026-06-05,Phoenix,Medicare,MEDICARE,85,1,,
KH-CLM-003953,KB0004082,2026-06-05,Phoenix,Medicare,MEDICARE,85,2,,
KH-CLM-003954,KB0004083,2026-06-05,Phoenix,commercial,COM-C,75,2,,
KH-CLM-003955,KB0004084,2026-06-05,Phoenix,commercial,COM-A,115,2,,
KH-CLM-003956,KB0004085,2026-06-05,Phoenix,Medicare,MEDICARE,170,2,,
KH-CLM-003957,KB0004086,2026-06-05,Phoenix,commercial,COM-B,200,4,,
KH-CLM-003958,KB0004087,2026-06-05,Phoenix,commercial,COM-C,280,4,,
KH-CLM-003959,KB0004088,2026-06-05,Phoenix,commercial,COM-C,70,1,,
KH-CLM-003960,KB0004089,2026-06-05,Phoenix,commercial,COM-B,100,3,,
KH-CLM-003961,KB0004090,2026-06-05,Phoenix,Medicaid,MEDICAID-AZ,349,1,,
KH-CLM-003962,KB0004091,2026-06-05,Phoenix,commercial,COM-B,75,1,,
KH-CLM-003963,KB0004092,2026-06-05,Phoenix,commercial,COM-A,299,1,,
KH-CLM-003964,KB0004093,2026-06-05,Phoenix,Medicare,MEDICARE,30,1,,
KH-CLM-003965,KB0004094,2026-06-05,New York,commercial,COM-B,55,1,,
KH-CLM-003966,KB0004095,2026-06-05,New York,Medicare,MEDICARE,185,3,,
KH-CLM-003967,KB0004096,2026-06-05,New York,commercial,COM-C,95,2,,
KH-CLM-003968,KB0004097,2026-06-05,New York,commercial,COM-A,299,1,,
KH-CLM-003969,KB0004098,2026-06-05,New York,commercial,COM-A,120,2,,
KH-CLM-003970,KB0004099,2026-06-05,New York,Medicaid,MEDICAID-NY,319,2,,
KH-CLM-003971,KB0004100,2026-06-05,New York,Medicare,MEDICARE,85,1,,
KH-CLM-003972,KB0004101,2026-06-05,New York,Medicare,MEDICARE,175,3,,
KH-CLM-003973,KB0004102,2026-06-05,New York,Medicare,MEDICARE,110,2,,
KH-CLM-003974,KB0004103,2026-06-05,New York,Medicare,MEDICARE,150,1,,
KH-CLM-003975,KB0004104,2026-06-05,New York,commercial,COM-A,299,1,,
KH-CLM-003976,KB0004105,2026-06-05,New York,Medicare,MEDICARE,165,2,,
KH-CLM-003977,KB0004106,2026-06-05,New York,Medicare,MEDICARE,95,2,,
KH-CLM-003978,KB0004107,2026-06-05,New York,commercial,COM-C,319,2,,
KH-CLM-003979,KB0004108,2026-06-05,New York,commercial,COM-A,149,1,,
KH-CLM-003980,KB0004109,2026-06-05,Chicago,Medicare,MEDICARE,65,1,,medical necessity
KH-CLM-003981,KB0004110,2026-06-05,Chicago,self-pay,SELF,285,4,,
KH-CLM-003982,KB0004111,2026-06-05,Chicago,Medicare,MEDICARE,65,1,,
KH-CLM-003983,KB0004112,2026-06-05,Chicago,commercial,COM-C,299,1,,eligibility or coverage
KH-CLM-003984,KB0004113,2026-06-05,Chicago,commercial,COM-B,185,3,,
KH-CLM-003985,KB0004114,2026-06-05,Chicago,Medicaid,MEDICAID-IL,215,4,,
KH-CLM-003986,KB0004115,2026-06-05,Chicago,commercial,COM-B,170,3,,
KH-CLM-003987,KB0004116,2026-06-05,Chicago,commercial,COM-A,105,2,,
KH-CLM-003988,KB0004117,2026-06-05,Chicago,Medicaid,MEDICAID-IL,195,3,,
KH-CLM-003989,KB0004118,2026-06-05,Atlanta,Medicare,MEDICARE,60,1,,
KH-CLM-003990,KB0004119,2026-06-05,Atlanta,Medicare,MEDICARE,149,1,,
KH-CLM-003991,KB0004120,2026-06-05,Atlanta,Medicare,MEDICARE,235,3,,
KH-CLM-003992,KB0004121,2026-06-05,Atlanta,commercial,COM-C,299,1,,
KH-CLM-003993,KB0004122,2026-06-05,Atlanta,self-pay,SELF,299,1,,
KH-CLM-003994,KB0004123,2026-06-05,Atlanta,commercial,COM-B,299,1,,
KH-CLM-003995,KB0004124,2026-06-05,Atlanta,commercial,COM-B,45,2,,
KH-CLM-003996,KB0004126,2026-06-05,Atlanta,Medicare,MEDICARE,195,2,,
KH-CLM-003997,KB0004127,2026-06-05,Atlanta,commercial,COM-B,250,3,,
KH-CLM-003998,KB0004128,2026-06-05,Atlanta,commercial,COM-A,260,5,,
KH-CLM-003999,KB0004129,2026-06-05,Philadelphia,commercial,COM-C,105,2,,eligibility or coverage
KH-CLM-004000,KB0004130,2026-06-05,Philadelphia,Medicare,MEDICARE,55,1,,
KH-CLM-004001,KB0004131,2026-06-05,Philadelphia,commercial,COM-C,140,2,,
KH-CLM-004002,KB0004132,2026-06-05,Philadelphia,Medicare,MEDICARE,90,2,,missing or invalid information
KH-CLM-004003,KB0004133,2026-06-05,Philadelphia,commercial,COM-A,140,3,,
KH-CLM-004004,KB0004134,2026-06-05,Philadelphia,commercial,COM-A,150,1,,
KH-CLM-004005,KB0004135,2026-06-05,Philadelphia,commercial,COM-B,299,1,,
KH-CLM-004006,KB0004136,2026-06-06,Dallas,Medicaid,MEDICAID-TX,169,2,,medical necessity
KH-CLM-004007,KB0004137,2026-06-06,Dallas,Medicare,MEDICARE,149,1,,
KH-CLM-004008,KB0004138,2026-06-06,Dallas,commercial,COM-C,149,1,,
KH-CLM-004009,KB0004139,2026-06-06,Dallas,Medicaid,MEDICAID-TX,230,5,,
KH-CLM-004010,KB0004140,2026-06-06,Dallas,commercial,COM-A,145,2,,
KH-CLM-004011,KB0004141,2026-06-06,Dallas,commercial,COM-C,195,2,,medical necessity
KH-CLM-004012,KB0004142,2026-06-06,Dallas,Medicare,MEDICARE,275,3,,
KH-CLM-004013,KB0004143,2026-06-06,Dallas,commercial,COM-A,50,2,,
KH-CLM-004014,KB0004144,2026-06-06,Dallas,Medicaid,MEDICAID-TX,275,4,,
KH-CLM-004015,KB0004145,2026-06-06,Dallas,commercial,COM-A,135,2,,
KH-CLM-004016,KB0004146,2026-06-06,Dallas,commercial,COM-C,349,1,,
KH-CLM-004017,KB0004147,2026-06-06,Phoenix,Medicare,MEDICARE,280,4,,
KH-CLM-004018,KB0004148,2026-06-06,Phoenix,commercial,COM-B,95,1,,
KH-CLM-004019,KB0004150,2026-06-06,Phoenix,commercial,COM-A,299,1,,
KH-CLM-004020,KB0004151,2026-06-06,Phoenix,commercial,COM-B,205,2,,
KH-CLM-004021,KB0004152,2026-06-06,Phoenix,self-pay,SELF,319,2,,
KH-CLM-004022,KB0004153,2026-06-06,Phoenix,commercial,COM-B,60,1,,
KH-CLM-004023,KB0004154,2026-06-06,Phoenix,commercial,COM-B,45,1,,
KH-CLM-004024,KB0004155,2026-06-06,Phoenix,Medicare,MEDICARE,349,1,,
KH-CLM-004025,KB0004156,2026-06-06,New York,commercial,COM-B,160,3,,
KH-CLM-004026,KB0004157,2026-06-06,New York,self-pay,SELF,299,1,,
KH-CLM-004027,KB0004158,2026-06-06,New York,Medicaid,MEDICAID-NY,210,4,,
KH-CLM-004028,KB0004159,2026-06-06,New York,commercial,COM-A,160,3,,
KH-CLM-004029,KB0004160,2026-06-06,New York,commercial,COM-A,180,2,,
KH-CLM-004030,KB0004161,2026-06-06,New York,commercial,COM-A,299,1,,
KH-CLM-004031,KB0004162,2026-06-06,New York,self-pay,SELF,85,1,,
KH-CLM-004032,KB0004163,2026-06-06,New York,Medicare,MEDICARE,45,1,,
KH-CLM-004033,KB0004164,2026-06-06,New York,commercial,COM-B,105,2,,
KH-CLM-004034,KB0004165,2026-06-06,New York,Medicaid,MEDICAID-NY,300,4,,medical necessity
KH-CLM-004035,KB0004167,2026-06-06,New York,Medicare,MEDICARE,150,1,,
KH-CLM-004036,KB0004168,2026-06-06,New York,Medicare,MEDICARE,149,1,,
KH-CLM-004037,KB0004170,2026-06-06,Chicago,Medicare,MEDICARE,380,5,,
KH-CLM-004038,KB0004171,2026-06-06,Chicago,commercial,COM-A,155,2,,
KH-CLM-004039,KB0004172,2026-06-06,Chicago,commercial,COM-B,170,3,,
KH-CLM-004040,KB0004173,2026-06-06,Chicago,commercial,COM-A,95,1,,
KH-CLM-004041,KB0004174,2026-06-06,Chicago,Medicare,MEDICARE,299,1,,medical necessity
KH-CLM-004042,KB0004175,2026-06-06,Chicago,commercial,COM-A,75,2,,
KH-CLM-004043,KB0004176,2026-06-06,Chicago,Medicare,MEDICARE,190,3,,
KH-CLM-004044,KB0004177,2026-06-06,Atlanta,Medicaid,MEDICAID-GA,165,3,,
KH-CLM-004045,KB0004178,2026-06-06,Atlanta,commercial,COM-C,149,1,,
KH-CLM-004046,KB0004179,2026-06-06,Atlanta,commercial,COM-A,125,2,,
KH-CLM-004047,KB0004180,2026-06-06,Atlanta,commercial,COM-A,200,4,,
KH-CLM-004048,KB0004181,2026-06-06,Atlanta,commercial,COM-B,319,2,,eligibility or coverage
KH-CLM-004049,KB0004182,2026-06-06,Atlanta,commercial,COM-A,65,1,,
KH-CLM-004050,KB0004183,2026-06-06,Atlanta,Medicare,MEDICARE,299,1,,
KH-CLM-004051,KB0004184,2026-06-06,Atlanta,Medicaid,MEDICAID-GA,135,2,,
KH-CLM-004052,KB0004185,2026-06-06,Atlanta,commercial,COM-C,149,1,,
KH-CLM-004053,KB0004186,2026-06-06,Philadelphia,Medicare,MEDICARE,110,2,,
KH-CLM-004054,KB0004187,2026-06-06,Philadelphia,commercial,COM-C,150,3,,timely filing
KH-CLM-004055,KB0004188,2026-06-06,Philadelphia,commercial,COM-C,265,4,,
KH-CLM-004056,KB0004189,2026-06-06,Philadelphia,Medicare,MEDICARE,319,2,,
KH-CLM-004057,KB0004190,2026-06-06,Philadelphia,Medicaid,MEDICAID-PA,195,3,,
KH-CLM-004058,KB0004191,2026-06-06,Philadelphia,Medicaid,MEDICAID-PA,149,1,,
KH-CLM-004059,KB0004192,2026-06-06,Philadelphia,Medicaid,MEDICAID-PA,125,2,,eligibility or coverage
KH-CLM-004060,KB0004193,2026-06-07,Dallas,Medicare,MEDICARE,75,1,,
KH-CLM-004061,KB0004194,2026-06-07,Dallas,commercial,COM-A,350,4,,
KH-CLM-004062,KB0004195,2026-06-07,Dallas,commercial,COM-B,125,2,,
KH-CLM-004063,KB0004196,2026-06-07,Dallas,Medicare,MEDICARE,200,3,,medical necessity
KH-CLM-004064,KB0004197,2026-06-07,Dallas,commercial,COM-A,30,1,,
KH-CLM-004065,KB0004198,2026-06-07,Dallas,commercial,COM-A,165,2,,
KH-CLM-004066,KB0004199,2026-06-07,Dallas,Medicare,MEDICARE,300,4,,
KH-CLM-004067,KB0004200,2026-06-07,Dallas,commercial,COM-B,235,3,,
KH-CLM-004068,KB0004201,2026-06-07,Dallas,commercial,COM-B,220,4,,
KH-CLM-004069,KB0004202,2026-06-07,Dallas,commercial,COM-A,299,1,,
KH-CLM-004070,KB0004203,2026-06-07,Phoenix,commercial,COM-C,310,4,,
KH-CLM-004071,KB0004204,2026-06-07,Phoenix,commercial,COM-A,149,1,,
KH-CLM-004072,KB0004205,2026-06-07,Phoenix,commercial,COM-B,285,3,,
KH-CLM-004073,KB0004206,2026-06-07,Phoenix,commercial,COM-A,149,1,,
KH-CLM-004074,KB0004207,2026-06-07,Phoenix,Medicare,MEDICARE,319,2,,
KH-CLM-004075,KB0004208,2026-06-07,Phoenix,commercial,COM-A,160,2,,
KH-CLM-004076,KB0004209,2026-06-07,Phoenix,Medicare,MEDICARE,75,3,,
KH-CLM-004077,KB0004210,2026-06-07,Phoenix,commercial,COM-B,155,2,,
KH-CLM-004078,KB0004211,2026-06-07,Phoenix,Medicare,MEDICARE,75,1,,
KH-CLM-004079,KB0004212,2026-06-07,Phoenix,commercial,COM-C,25,1,,
KH-CLM-004080,KB0004213,2026-06-07,Phoenix,Medicare,MEDICARE,130,2,,
KH-CLM-004081,KB0004214,2026-06-07,Phoenix,commercial,COM-C,299,1,,
KH-CLM-004082,KB0004215,2026-06-07,New York,self-pay,SELF,335,4,,
KH-CLM-004083,KB0004216,2026-06-07,New York,self-pay,SELF,240,4,,
KH-CLM-004084,KB0004217,2026-06-07,New York,commercial,COM-B,155,4,,
KH-CLM-004085,KB0004218,2026-06-07,New York,Medicaid,MEDICAID-NY,299,1,,
KH-CLM-004086,KB0004219,2026-06-07,New York,commercial,COM-B,185,3,,
KH-CLM-004087,KB0004220,2026-06-07,New York,Medicaid,MEDICAID-NY,70,1,,
KH-CLM-004088,KB0004221,2026-06-07,New York,commercial,COM-A,75,1,,
KH-CLM-004089,KB0004222,2026-06-07,Chicago,self-pay,SELF,275,4,,
KH-CLM-004090,KB0004223,2026-06-07,Chicago,commercial,COM-C,100,2,,
KH-CLM-004091,KB0004224,2026-06-07,Chicago,Medicare,MEDICARE,70,2,,
KH-CLM-004092,KB0004225,2026-06-07,Chicago,commercial,COM-B,299,1,,
KH-CLM-004093,KB0004226,2026-06-07,Chicago,commercial,COM-B,55,1,,
KH-CLM-004094,KB0004227,2026-06-07,Atlanta,commercial,COM-A,25,1,,
KH-CLM-004095,KB0004228,2026-06-07,Atlanta,commercial,COM-B,65,1,,
KH-CLM-004096,KB0004229,2026-06-07,Atlanta,commercial,COM-B,95,1,,
KH-CLM-004097,KB0004230,2026-06-07,Atlanta,Medicaid,MEDICAID-GA,90,2,,
KH-CLM-004098,KB0004232,2026-06-07,Philadelphia,commercial,COM-B,210,3,,
KH-CLM-004099,KB0004233,2026-06-07,Philadelphia,Medicaid,MEDICAID-PA,30,1,,
KH-CLM-004100,KB0004234,2026-06-07,Philadelphia,commercial,COM-A,149,1,,missing or invalid information
KH-CLM-004101,KB0004235,2026-06-08,Dallas,Medicaid,MEDICAID-TX,60,2,,
KH-CLM-004102,KB0004236,2026-06-08,Dallas,commercial,COM-B,185,4,,
KH-CLM-004103,KB0004237,2026-06-08,Dallas,commercial,COM-B,30,1,,
KH-CLM-004104,KB0004238,2026-06-08,Dallas,Medicare,MEDICARE,149,1,,
KH-CLM-004105,KB0004239,2026-06-08,Dallas,commercial,COM-C,225,2,,
KH-CLM-004106,KB0004240,2026-06-08,Dallas,commercial,COM-C,299,1,,non-covered service
KH-CLM-004107,KB0004241,2026-06-08,Dallas,commercial,COM-B,240,4,,
KH-CLM-004108,KB0004242,2026-06-08,Dallas,Medicaid,MEDICAID-TX,170,2,,
KH-CLM-004109,KB0004243,2026-06-08,Dallas,Medicaid,MEDICAID-TX,45,1,,
KH-CLM-004110,KB0004244,2026-06-08,Dallas,commercial,COM-B,210,3,,
KH-CLM-004111,KB0004245,2026-06-08,Dallas,Medicare,MEDICARE,70,1,,
KH-CLM-004112,KB0004246,2026-06-08,Dallas,self-pay,SELF,319,2,,
KH-CLM-004113,KB0004247,2026-06-08,Dallas,self-pay,SELF,149,1,,
KH-CLM-004114,KB0004248,2026-06-08,Dallas,Medicaid,MEDICAID-TX,30,1,,
KH-CLM-004115,KB0004249,2026-06-08,Dallas,commercial,COM-B,130,3,,
KH-CLM-004116,KB0004250,2026-06-08,Dallas,self-pay,SELF,230,3,,
KH-CLM-004117,KB0004251,2026-06-08,Dallas,commercial,COM-A,60,1,,
KH-CLM-004118,KB0004252,2026-06-08,Phoenix,Medicare,MEDICARE,149,1,,
KH-CLM-004119,KB0004253,2026-06-08,Phoenix,commercial,COM-C,45,1,,
KH-CLM-004120,KB0004254,2026-06-08,Phoenix,Medicaid,MEDICAID-AZ,349,1,,missing or invalid information
KH-CLM-004121,KB0004255,2026-06-08,Phoenix,commercial,COM-C,270,4,,
KH-CLM-004122,KB0004256,2026-06-08,Phoenix,commercial,COM-B,30,1,,
KH-CLM-004123,KB0004257,2026-06-08,Phoenix,Medicaid,MEDICAID-AZ,95,1,,
KH-CLM-004124,KB0004258,2026-06-08,Phoenix,commercial,COM-A,180,2,,
KH-CLM-004125,KB0004259,2026-06-08,Phoenix,self-pay,SELF,149,1,,
KH-CLM-004126,KB0004260,2026-06-08,Phoenix,commercial,COM-C,215,2,,
KH-CLM-004127,KB0004261,2026-06-08,Phoenix,Medicaid,MEDICAID-AZ,360,4,,
KH-CLM-004128,KB0004262,2026-06-08,Phoenix,commercial,COM-B,175,2,,missing or invalid information
KH-CLM-004129,KB0004263,2026-06-08,Phoenix,commercial,COM-B,120,3,,
KH-CLM-004130,KB0004264,2026-06-08,Phoenix,commercial,COM-C,160,2,,
KH-CLM-004131,KB0004265,2026-06-08,Phoenix,Medicare,MEDICARE,110,2,,
KH-CLM-004132,KB0004266,2026-06-08,Phoenix,Medicare,MEDICARE,149,1,,
KH-CLM-004133,KB0004267,2026-06-08,Phoenix,Medicare,MEDICARE,349,1,,
KH-CLM-004134,KB0004269,2026-06-08,Phoenix,commercial,COM-A,299,1,,
KH-CLM-004135,KB0004270,2026-06-08,Phoenix,commercial,COM-A,75,1,,
KH-CLM-004136,KB0004271,2026-06-08,New York,Medicare,MEDICARE,220,4,,
KH-CLM-004137,KB0004272,2026-06-08,New York,Medicaid,MEDICAID-NY,190,3,,
KH-CLM-004138,KB0004273,2026-06-08,New York,Medicare,MEDICARE,45,2,,
KH-CLM-004139,KB0004274,2026-06-08,New York,Medicare,MEDICARE,195,3,,
KH-CLM-004140,KB0004275,2026-06-08,New York,commercial,COM-C,140,2,,
KH-CLM-004141,KB0004276,2026-06-08,New York,Medicaid,MEDICAID-NY,149,1,,
KH-CLM-004142,KB0004277,2026-06-08,New York,commercial,COM-C,349,1,,
KH-CLM-004143,KB0004278,2026-06-08,New York,commercial,COM-C,299,1,,
KH-CLM-004144,KB0004279,2026-06-08,New York,commercial,COM-A,169,2,,
KH-CLM-004145,KB0004280,2026-06-08,New York,Medicaid,MEDICAID-NY,319,2,,
KH-CLM-004146,KB0004281,2026-06-08,Chicago,Medicare,MEDICARE,149,1,,
KH-CLM-004147,KB0004282,2026-06-08,Chicago,self-pay,SELF,245,2,,
KH-CLM-004148,KB0004283,2026-06-08,Chicago,commercial,COM-B,149,1,,
KH-CLM-004149,KB0004284,2026-06-08,Chicago,Medicare,MEDICARE,$300.00,3,,
KH-CLM-004150,KB0004285,2026-06-08,Chicago,Medicare,MEDICARE,185,3,,
KH-CLM-004151,KB0004286,2026-06-08,Chicago,Medicaid,MEDICAID-IL,25,1,,
KH-CLM-004152,KB0004287,2026-06-08,Chicago,Medicare,MEDICARE,299,1,,
KH-CLM-004153,KB0004288,2026-06-08,Chicago,commercial,COM-B,299,1,,
KH-CLM-004154,KB0004289,2026-06-08,Chicago,commercial,COM-A,75,1,,
KH-CLM-004155,KB0004290,2026-06-08,Atlanta,commercial,COM-C,125,3,,missing or invalid information
KH-CLM-004156,KB0004291,2026-06-08,Atlanta,Medicare,MEDICARE,95,1,,
KH-CLM-004157,KB0004292,2026-06-08,Atlanta,commercial,COM-B,150,5,,
KH-CLM-004158,KB0004293,2026-06-08,Atlanta,commercial,COM-A,185,3,,
KH-CLM-004159,KB0004294,2026-06-08,Atlanta,self-pay,SELF,75,1,,
KH-CLM-004160,KB0004295,2026-06-08,Atlanta,commercial,COM-B,165,2,,
KH-CLM-004161,KB0004296,2026-06-08,Philadelphia,self-pay,SELF,220,2,,
KH-CLM-004162,KB0004297,2026-06-08,Philadelphia,commercial,COM-B,195,3,,
KH-CLM-004163,KB0004298,2026-06-08,Philadelphia,Medicaid,MEDICAID-PA,45,1,,
KH-CLM-004164,KB0004299,2026-06-08,Philadelphia,commercial,COM-C,149,1,,
KH-CLM-004165,KB0004300,2026-06-08,Philadelphia,Medicaid,MEDICAID-PA,90,2,,eligibility or coverage
KH-CLM-004166,KB0004301,2026-06-08,Philadelphia,commercial,COM-C,299,1,,
KH-CLM-004167,KB0004302,2026-06-09,Dallas,commercial,COM-B,295,4,,
KH-CLM-004168,KB0004303,2026-06-09,Dallas,commercial,COM-C,150,2,,
KH-CLM-004169,KB0004304,2026-06-09,Dallas,commercial,COM-A,290,4,,
KH-CLM-004170,KB0004305,2026-06-09,Dallas,Medicare,MEDICARE,200,3,,
KH-CLM-004171,KB0004306,2026-06-09,Dallas,Medicaid,MEDICAID-TX,150,3,,
KH-CLM-004172,KB0004307,2026-06-09,Dallas,commercial,COM-A,270,3,,
KH-CLM-004173,KB0004308,2026-06-09,Dallas,self-pay,SELF,85,2,,
KH-CLM-004174,KB0004309,2026-06-09,Dallas,self-pay,SELF,85,2,,
KH-CLM-004175,KB0004310,2026-06-09,Dallas,commercial,COM-B,95,2,,
KH-CLM-004176,KB0004311,2026-06-09,Dallas,commercial,COM-C,255,4,,
KH-CLM-004177,KB0004312,2026-06-09,Dallas,commercial,COM-A,150,1,,
KH-CLM-004178,KB0004313,2026-06-09,Dallas,Medicare,MEDICARE,185,3,,
KH-CLM-004179,KB0004314,2026-06-09,Dallas,Medicare,MEDICARE,55,1,,
KH-CLM-004180,KB0004315,2026-06-09,Dallas,self-pay,SELF,245,2,,
KH-CLM-004181,KB0004316,2026-06-09,Dallas,Medicare,MEDICARE,165,2,,
KH-CLM-004182,KB0004317,2026-06-09,Dallas,Medicaid,MEDICAID-TX,299,1,,
KH-CLM-004183,KB0004318,2026-06-09,Phoenix,commercial,COM-A,299,1,,
KH-CLM-004184,KB0004319,2026-06-09,Phoenix,Medicaid,MEDICAID-AZ,205,4,,
KH-CLM-004185,KB0004320,2026-06-09,Phoenix,commercial,COM-C,80,2,,
KH-CLM-004186,KB0004321,2026-06-09,Phoenix,commercial,COM-B,299,1,,
KH-CLM-004187,KB0004322,2026-06-09,Phoenix,commercial,COM-B,299,1,,
KH-CLM-004188,KB0004323,2026-06-09,Phoenix,Medicare,MEDICARE,65,1,,
KH-CLM-004189,KB0004324,2026-06-09,Phoenix,commercial,COM-C,65,1,,
KH-CLM-004190,KB0004325,2026-06-09,Phoenix,commercial,COM-C,55,2,,
KH-CLM-004191,KB0004326,2026-06-09,Phoenix,Medicaid,MEDICAID-AZ,299,1,,
KH-CLM-004192,KB0004327,2026-06-09,Phoenix,commercial,COM-A,299,1,,missing or invalid information
KH-CLM-004193,KB0004328,2026-06-09,Phoenix,Medicaid,MEDICAID-AZ,95,1,,
KH-CLM-004194,KB0004329,2026-06-09,Phoenix,commercial,COM-A,125,2,,
KH-CLM-004195,KB0004330,2026-06-09,Phoenix,commercial,COM-C,100,2,,
KH-CLM-004196,KB0004331,2026-06-09,New York,commercial,COM-B,95,1,,
KH-CLM-004197,KB0004332,2026-06-09,New York,Medicare,MEDICARE,215,2,,
KH-CLM-004198,KB0004333,2026-06-09,New York,self-pay,SELF,85,2,,
KH-CLM-004199,KB0004334,2026-06-09,New York,Medicaid,MEDICAID-NY,149,1,,
KH-CLM-004200,KB0004335,2026-06-09,New York,commercial,COM-B,65,1,,
KH-CLM-004201,KB0004336,2026-06-09,New York,commercial,COM-A,55,1,,
KH-CLM-004202,KB0004337,2026-06-09,New York,commercial,COM-B,85,1,,
KH-CLM-004203,KB0004338,2026-06-09,New York,commercial,COM-C,60,1,,
KH-CLM-004204,KB0004339,2026-06-09,New York,commercial,COM-B,200,4,,
KH-CLM-004205,KB0004340,2026-06-09,New York,commercial,COM-B,60,1,,
KH-CLM-004206,KB0004341,2026-06-09,New York,Medicare,MEDICARE,299,1,,medical necessity
KH-CLM-004207,KB0004342,2026-06-09,New York,commercial,COM-B,30,1,,
KH-CLM-004208,KB0004343,2026-06-09,New York,Medicare,MEDICARE,125,3,,
KH-CLM-004209,KB0004344,2026-06-09,Chicago,commercial,COM-A,60,1,,
KH-CLM-004210,KB0004345,2026-06-09,Chicago,self-pay,SELF,349,1,,
KH-CLM-004211,KB0004346,2026-06-09,Chicago,commercial,COM-C,130,2,,
KH-CLM-004212,KB0004347,2026-06-09,Chicago,commercial,COM-B,349,1,,
KH-CLM-004213,KB0004348,2026-06-09,Chicago,self-pay,SELF,85,2,,
KH-CLM-004214,KB0004349,2026-06-09,Chicago,commercial,COM-C,299,1,,missing or invalid information
KH-CLM-004215,KB0004350,2026-06-09,Chicago,commercial,COM-B,75,1,,
KH-CLM-004216,KB0004351,2026-06-09,Chicago,commercial,COM-A,60,1,,
KH-CLM-004217,KB0004352,2026-06-09,Chicago,commercial,COM-B,280,4,,
KH-CLM-004218,KB0004353,2026-06-09,Chicago,commercial,COM-C,220,4,,
KH-CLM-004219,KB0004354,2026-06-09,Chicago,commercial,COM-A,149,1,,
KH-CLM-004220,KB0004355,2026-06-09,Atlanta,Medicare,MEDICARE,95,1,,
KH-CLM-004221,KB0004356,2026-06-09,Atlanta,Medicaid,MEDICAID-GA,349,1,,
KH-CLM-004222,KB0004357,2026-06-09,Atlanta,Medicaid,MEDICAID-GA,130,3,,
KH-CLM-004223,KB0004358,2026-06-09,Atlanta,commercial,COM-A,150,1,,
KH-CLM-004224,KB0004359,2026-06-09,Atlanta,commercial,COM-C,260,4,,
KH-CLM-004225,KB0004360,2026-06-09,Atlanta,Medicaid,MEDICAID-GA,55,2,,
KH-CLM-004226,KB0004361,2026-06-09,Atlanta,Medicare,MEDICARE,125,2,,
KH-CLM-004227,KB0004362,2026-06-09,Atlanta,commercial,COM-C,149,1,,
KH-CLM-004228,KB0004363,2026-06-09,Atlanta,Medicaid,MEDICAID-GA,160,3,,
KH-CLM-004229,KB0004364,2026-06-09,Atlanta,commercial,COM-C,149,1,,
KH-CLM-004230,KB0004365,2026-06-09,Atlanta,commercial,COM-C,255,3,,
KH-CLM-004231,KB0004366,2026-06-09,Philadelphia,Medicare,MEDICARE,75,2,,
KH-CLM-004232,KB0004367,2026-06-09,Philadelphia,Medicare,MEDICARE,250,4,,
KH-CLM-004233,KB0004368,2026-06-09,Philadelphia,commercial,COM-C,200,4,,
KH-CLM-004234,KB0004370,2026-06-09,Philadelphia,Medicaid,MEDICAID-PA,395,4,,
KH-CLM-004235,KB0004371,2026-06-10,Dallas,commercial,COM-A,55,2,,
KH-CLM-004236,KB0004372,2026-06-10,Dallas,Medicaid,MEDICAID-TX,30,1,,
KH-CLM-004237,KB0004373,2026-06-10,Dallas,Medicare,MEDICARE,55,1,,
KH-CLM-004238,KB0004374,2026-06-10,Dallas,Medicare,MEDICARE,320,4,,
KH-CLM-004239,KB0004375,2026-06-10,Dallas,Medicare,MEDICARE,230,4,,
KH-CLM-004240,KB0004376,2026-06-10,Dallas,commercial,COM-B,30,1,,
KH-CLM-004241,KB0004377,2026-06-10,Dallas,Medicare,MEDICARE,295,4,,
KH-CLM-004242,KB0004378,2026-06-10,Dallas,commercial,COM-B,95,1,,
KH-CLM-004243,KB0004379,2026-06-10,Dallas,Medicare,MEDICARE,149,1,,
KH-CLM-004244,KB0004380,2026-06-10,Dallas,Medicare,MEDICARE,60,1,,
KH-CLM-004245,KB0004381,2026-06-10,Dallas,Medicaid,MEDICAID-TX,220,2,,
KH-CLM-004246,KB0004382,2026-06-10,Dallas,self-pay,SELF,$70.00,1,,
KH-CLM-004247,KB0004383,2026-06-10,Dallas,commercial,COM-A,130,2,,
KH-CLM-004248,KB0004384,2026-06-10,Dallas,Medicaid,MEDICAID-TX,369,2,,
KH-CLM-004249,KB0004385,2026-06-10,Dallas,commercial,COM-B,299,1,,
KH-CLM-004250,KB0004386,2026-06-10,Phoenix,commercial,COM-C,299,1,,non-covered service
KH-CLM-004251,KB0004387,2026-06-10,Phoenix,commercial,COM-A,265,4,,
KH-CLM-004252,KB0004388,2026-06-10,Phoenix,Medicare,MEDICARE,149,1,,
KH-CLM-004253,KB0004389,2026-06-10,Phoenix,Medicaid,MEDICAID-AZ,30,1,,
KH-CLM-004254,KB0004390,2026-06-10,Phoenix,commercial,COM-A,95,1,,
KH-CLM-004255,KB0004391,2026-06-10,Phoenix,commercial,COM-B,200,4,,
KH-CLM-004256,KB0004392,2026-06-10,Phoenix,commercial,COM-B,149,1,,
KH-CLM-004257,KB0004393,2026-06-10,Phoenix,commercial,COM-A,210,4,,
KH-CLM-004258,KB0004394,2026-06-10,Phoenix,Medicare,MEDICARE,105,2,,
KH-CLM-004259,KB0004395,2026-06-10,Phoenix,commercial,COM-B,349,1,,
KH-CLM-004260,KB0004396,2026-06-10,Phoenix,Medicaid,MEDICAID-AZ,299,1,,
KH-CLM-004261,KB0004397,2026-06-10,Phoenix,commercial,COM-A,299,1,,
KH-CLM-004262,KB0004398,2026-06-10,Phoenix,commercial,COM-C,149,1,,
KH-CLM-004263,KB0004399,2026-06-10,New York,Medicare,MEDICARE,265,3,,
KH-CLM-004264,KB0004400,2026-06-10,New York,commercial,COM-A,90,2,,
KH-CLM-004265,KB0004401,2026-06-10,New York,Medicare,MEDICARE,299,1,,
KH-CLM-004266,KB0004402,2026-06-10,New York,commercial,COM-B,349,1,,
KH-CLM-004267,KB0004403,2026-06-10,New York,Medicaid,MEDICAID-NY,299,1,,
KH-CLM-004268,KB0004404,2026-06-10,New York,self-pay,SELF,299,1,,
KH-CLM-004269,KB0004405,2026-06-10,New York,commercial,COM-B,299,1,,
KH-CLM-004270,KB0004406,2026-06-10,New York,commercial,COM-B,180,2,,
KH-CLM-004271,KB0004407,2026-06-10,New York,Medicaid,MEDICAID-NY,65,1,,
KH-CLM-004272,KB0004408,2026-06-10,New York,Medicare,MEDICARE,225,5,,
KH-CLM-004273,KB0004409,2026-06-10,New York,commercial,COM-C,25,1,,
KH-CLM-004274,KB0004411,2026-06-10,Chicago,Medicaid,MEDICAID-IL,75,1,,
KH-CLM-004275,KB0004412,2026-06-10,Chicago,commercial,COM-A,60,1,,
KH-CLM-004276,KB0004413,2026-06-10,Chicago,self-pay,SELF,75,1,,
KH-CLM-004277,KB0004414,2026-06-10,Chicago,commercial,COM-A,100,2,,
KH-CLM-004278,KB0004415,2026-06-10,Chicago,commercial,COM-C,149,1,,
KH-CLM-004279,KB0004416,2026-06-10,Chicago,commercial,COM-A,125,2,,
KH-CLM-004280,KB0004417,2026-06-10,Chicago,commercial,COM-A,299,1,,
KH-CLM-004281,KB0004418,2026-06-10,Chicago,commercial,COM-C,70,2,,
KH-CLM-004282,KB0004419,2026-06-10,Atlanta,commercial,COM-A,100,2,,
KH-CLM-004283,KB0004420,2026-06-10,Atlanta,commercial,COM-A,310,4,,
KH-CLM-004284,KB0004421,2026-06-10,Atlanta,Medicaid,MEDICAID-GA,265,4,,
KH-CLM-004285,KB0004422,2026-06-10,Atlanta,Medicaid,MEDICAID-GA,75,2,,missing or invalid information
KH-CLM-004286,KB0004423,2026-06-10,Atlanta,commercial,COM-A,155,3,,
KH-CLM-004287,KB0004424,2026-06-10,Atlanta,commercial,COM-B,85,2,,
KH-CLM-004288,KB0004425,2026-06-10,Atlanta,Medicare,MEDICARE,100,2,,
KH-CLM-004289,KB0004426,2026-06-10,Atlanta,commercial,COM-B,60,1,,
KH-CLM-004290,KB0004427,2026-06-10,Atlanta,commercial,COM-A,210,4,,
KH-CLM-004291,KB0004428,2026-06-10,Philadelphia,Medicare,MEDICARE,149,1,,
KH-CLM-004292,KB0004429,2026-06-10,Philadelphia,commercial,COM-C,305,4,,
KH-CLM-004293,KB0004430,2026-06-10,Philadelphia,Medicare,MEDICARE,115,2,,
KH-CLM-004294,KB0004431,2026-06-10,Philadelphia,Medicaid,MEDICAID-PA,105,2,,
KH-CLM-004295,KB0004432,2026-06-10,Philadelphia,Medicare,MEDICARE,370,4,,
KH-CLM-004296,KB0004433,2026-06-10,Philadelphia,commercial,COM-B,150,1,,
KH-CLM-004297,KB0004434,2026-06-10,Philadelphia,commercial,COM-B,299,1,,
KH-CLM-004298,KB0004435,2026-06-10,Philadelphia,commercial,COM-C,149,1,,
KH-CLM-004299,KB0004436,2026-06-10,Philadelphia,Medicaid,MEDICAID-PA,60,1,,
KH-CLM-004300,KB0004437,2026-06-11,Dallas,Medicaid,MEDICAID-TX,315,4,,
KH-CLM-004301,KB0004438,2026-06-11,Dallas,Medicaid,MEDICAID-TX,60,1,,
KH-CLM-004302,KB0004439,2026-06-11,Dallas,Medicaid,MEDICAID-TX,30,1,,prior authorization
KH-CLM-004303,KB0004440,2026-06-11,Dallas,Medicare,MEDICARE,195,3,,
KH-CLM-004304,KB0004441,2026-06-11,Dallas,commercial,COM-A,295,4,,
KH-CLM-004305,KB0004442,2026-06-11,Dallas,commercial,COM-C,195,2,,
KH-CLM-004306,KB0004443,2026-06-11,Dallas,commercial,COM-B,340,4,,
KH-CLM-004307,KB0004444,2026-06-11,Dallas,Medicaid,MEDICAID-TX,240,4,,
KH-CLM-004308,KB0004445,2026-06-11,Dallas,commercial,COM-C,140,3,,
KH-CLM-004309,KB0004446,2026-06-11,Dallas,commercial,COM-B,260,4,,
KH-CLM-004310,KB0004447,2026-06-11,Dallas,commercial,COM-B,85,2,,
KH-CLM-004311,KB0004448,2026-06-11,Dallas,commercial,COM-C,230,4,,
KH-CLM-004312,KB0004449,2026-06-11,Dallas,commercial,COM-A,105,2,,
KH-CLM-004313,KB0004450,2026-06-11,Dallas,commercial,COM-C,299,1,,
KH-CLM-004314,KB0004451,2026-06-11,Dallas,commercial,COM-C,75,1,,
KH-CLM-004315,KB0004452,2026-06-11,Dallas,commercial,COM-A,149,1,,
KH-CLM-004316,KB0004453,2026-06-11,Dallas,Medicare,MEDICARE,149,1,,
KH-CLM-004317,KB0004454,2026-06-11,Phoenix,commercial,COM-C,165,2,,
KH-CLM-004318,KB0004455,2026-06-11,Phoenix,Medicare,MEDICARE,140,2,,
KH-CLM-004319,KB0004456,2026-06-11,Phoenix,commercial,COM-A,45,1,,
KH-CLM-004320,KB0004457,2026-06-11,Phoenix,commercial,COM-C,305,4,,
KH-CLM-004321,KB0004458,2026-06-11,Phoenix,commercial,COM-A,299,1,,
KH-CLM-004322,KB0004459,2026-06-11,Phoenix,commercial,COM-B,149,1,,
KH-CLM-004323,KB0004460,2026-06-11,Phoenix,commercial,COM-A,285,4,,
KH-CLM-004324,KB0004461,2026-06-11,Phoenix,Medicaid,MEDICAID-AZ,145,2,,
KH-CLM-004325,KB0004462,2026-06-11,Phoenix,self-pay,SELF,299,1,,
KH-CLM-004326,KB0004463,2026-06-11,Phoenix,Medicare,MEDICARE,120,2,,
KH-CLM-004327,KB0004464,2026-06-11,Phoenix,Medicare,MEDICARE,115,3,,
KH-CLM-004328,KB0004465,2026-06-11,Phoenix,self-pay,SELF,369,2,,
KH-CLM-004329,KB0004466,2026-06-11,Phoenix,commercial,COM-B,130,2,,
KH-CLM-004330,KB0004467,2026-06-11,Phoenix,self-pay,SELF,149,1,,
KH-CLM-004331,KB0004468,2026-06-11,Phoenix,commercial,COM-A,299,1,,
KH-CLM-004332,KB0004469,2026-06-11,Phoenix,commercial,COM-C,299,1,,
KH-CLM-004333,KB0004470,2026-06-11,Phoenix,self-pay,SELF,65,1,,
KH-CLM-004334,KB0004471,2026-06-11,New York,Medicare,MEDICARE,240,4,,
KH-CLM-004335,KB0004472,2026-06-11,New York,commercial,COM-C,149,1,,
KH-CLM-004336,KB0004473,2026-06-11,New York,commercial,COM-A,130,2,,
KH-CLM-004337,KB0004474,2026-06-11,New York,Medicare,MEDICARE,295,4,,
KH-CLM-004338,KB0004475,2026-06-11,New York,Medicare,MEDICARE,220,4,,
KH-CLM-004339,KB0004476,2026-06-11,New York,Medicaid,MEDICAID-NY,175,4,,
KH-CLM-004340,KB0004477,2026-06-11,New York,commercial,COM-A,299,1,,
KH-CLM-004341,KB0004478,2026-06-11,New York,Medicare,MEDICARE,299,1,,
KH-CLM-004342,KB0004479,2026-06-11,New York,commercial,COM-B,25,1,,
KH-CLM-004343,KB0004480,2026-06-11,New York,Medicaid,MEDICAID-NY,299,1,,
KH-CLM-004344,KB0004481,2026-06-11,New York,commercial,COM-C,135,3,,
KH-CLM-004345,KB0004483,2026-06-11,Chicago,Medicare,MEDICARE,299,1,,
KH-CLM-004346,KB0004484,2026-06-11,Chicago,commercial,COM-C,25,1,,
KH-CLM-004347,KB0004485,2026-06-11,Chicago,Medicare,MEDICARE,349,1,,
KH-CLM-004348,KB0004486,2026-06-11,Chicago,commercial,COM-B,150,1,,
KH-CLM-004349,KB0004487,2026-06-11,Chicago,self-pay,SELF,160,3,,
KH-CLM-004350,KB0004488,2026-06-11,Chicago,Medicaid,MEDICAID-IL,100,2,,
KH-CLM-004351,KB0004489,2026-06-11,Atlanta,Medicare,MEDICARE,200,3,,
KH-CLM-004352,KB0004490,2026-06-11,Atlanta,Medicaid,MEDICAID-GA,70,1,,
KH-CLM-004353,KB0004491,2026-06-11,Atlanta,commercial,COM-A,149,1,,
KH-CLM-004354,KB0004492,2026-06-11,Atlanta,Medicare,MEDICARE,299,1,,
KH-CLM-004355,KB0004493,2026-06-11,Atlanta,Medicaid,MEDICAID-GA,100,2,,
KH-CLM-004356,KB0004494,2026-06-11,Atlanta,Medicaid,MEDICAID-GA,75,2,,
KH-CLM-004357,KB0004495,2026-06-11,Atlanta,self-pay,SELF,75,2,,
KH-CLM-004358,KB0004496,2026-06-11,Atlanta,commercial,COM-B,175,3,,
KH-CLM-004359,KB0004497,2026-06-11,Atlanta,commercial,COM-A,349,1,,non-covered service
KH-CLM-004360,KB0004498,2026-06-11,Philadelphia,commercial,COM-C,75,3,,missing or invalid information
KH-CLM-004361,KB0004499,2026-06-11,Philadelphia,commercial,COM-B,235,2,,
KH-CLM-004362,KB0004500,2026-06-11,Philadelphia,Medicare,MEDICARE,349,1,,
KH-CLM-004363,KB0004501,2026-06-11,Philadelphia,Medicaid,MEDICAID-PA,65,1,,
KH-CLM-004364,KB0004502,2026-06-11,Philadelphia,Medicare,MEDICARE,149,1,,
KH-CLM-004365,KB0004503,2026-06-11,Philadelphia,Medicare,MEDICARE,85,1,,
KH-CLM-004366,KB0004504,2026-06-12,Dallas,commercial,COM-B,235,3,,
KH-CLM-004367,KB0004505,2026-06-12,Dallas,self-pay,SELF,210,2,,
KH-CLM-004368,KB0004506,2026-06-12,Dallas,commercial,COM-B,330,4,,
KH-CLM-004369,KB0004507,2026-06-12,Dallas,commercial,COM-C,200,3,,duplicate claim
KH-CLM-004370,KB0004508,2026-06-12,Dallas,commercial,COM-B,390,4,,
KH-CLM-004371,KB0004509,2026-06-12,Dallas,commercial,COM-B,95,1,,missing or invalid information
KH-CLM-004372,KB0004510,2026-06-12,Dallas,commercial,COM-B,130,2,,
KH-CLM-004373,KB0004511,2026-06-12,Dallas,commercial,COM-B,260,4,,
KH-CLM-004374,KB0004512,2026-06-12,Dallas,Medicaid,MEDICAID-TX,299,1,,missing or invalid information
KH-CLM-004375,KB0004513,2026-06-12,Dallas,Medicare,MEDICARE,145,3,,
KH-CLM-004376,KB0004514,2026-06-12,Dallas,commercial,COM-B,75,2,,
KH-CLM-004377,KB0004515,2026-06-12,Dallas,commercial,COM-A,90,2,,
KH-CLM-004378,KB0004516,2026-06-12,Dallas,commercial,COM-B,210,4,,
KH-CLM-004379,KB0004517,2026-06-12,Dallas,commercial,COM-B,125,2,,
KH-CLM-004380,KB0004518,2026-06-12,Dallas,Medicaid,MEDICAID-TX,95,1,,
KH-CLM-004381,KB0004519,2026-06-12,Dallas,Medicare,MEDICARE,235,3,,
KH-CLM-004382,KB0004520,2026-06-12,Phoenix,commercial,COM-B,95,1,,
KH-CLM-004383,KB0004521,2026-06-12,Phoenix,self-pay,SELF,160,2,,
KH-CLM-004384,KB0004522,2026-06-12,Phoenix,Medicaid,MEDICAID-AZ,299,1,,missing or invalid information
KH-CLM-004385,KB0004523,2026-06-12,Phoenix,commercial,COM-A,75,2,,
KH-CLM-004386,KB0004524,2026-06-12,Phoenix,Medicare,MEDICARE,30,1,,
KH-CLM-004387,KB0004525,2026-06-12,Phoenix,commercial,COM-A,299,1,,
KH-CLM-004388,KB0004526,2026-06-12,Phoenix,Medicaid,MEDICAID-AZ,319,2,,
KH-CLM-004389,KB0004527,2026-06-12,Phoenix,commercial,COM-C,130,2,,
KH-CLM-004390,KB0004528,2026-06-12,Phoenix,commercial,COM-A,149,1,,timely filing
KH-CLM-004391,KB0004529,2026-06-12,Phoenix,commercial,COM-A,175,2,,
KH-CLM-004392,KB0004531,2026-06-12,Phoenix,commercial,COM-A,149,1,,
KH-CLM-004393,KB0004532,2026-06-12,Phoenix,commercial,COM-A,149,1,,
KH-CLM-004394,KB0004533,2026-06-12,Phoenix,Medicare,MEDICARE,25,1,,
KH-CLM-004395,KB0004534,2026-06-12,Phoenix,commercial,COM-C,30,1,,
KH-CLM-004396,KB0004535,2026-06-12,New York,self-pay,SELF,149,1,,
KH-CLM-004397,KB0004536,2026-06-12,New York,commercial,COM-B,369,2,,
KH-CLM-004398,KB0004537,2026-06-12,New York,Medicare,MEDICARE,299,1,,
KH-CLM-004399,KB0004538,2026-06-12,New York,commercial,COM-A,299,1,,missing or invalid information
KH-CLM-004400,KB0004539,2026-06-12,New York,Medicare,MEDICARE,100,2,,
KH-CLM-004401,KB0004540,2026-06-12,New York,Medicare,MEDICARE,210,3,,
KH-CLM-004402,KB0004541,2026-06-12,New York,Medicare,MEDICARE,349,1,,non-covered service
KH-CLM-004403,KB0004542,2026-06-12,New York,Medicare,MEDICARE,130,2,,
KH-CLM-004404,KB0004543,2026-06-12,New York,commercial,COM-C,299,1,,non-covered service
KH-CLM-004405,KB0004544,2026-06-12,New York,commercial,COM-A,165,4,,
KH-CLM-004406,KB0004545,2026-06-12,New York,Medicare,MEDICARE,299,1,,
KH-CLM-004407,KB0004546,2026-06-12,New York,Medicare,MEDICARE,149,1,,
KH-CLM-004408,KB0004547,2026-06-12,New York,Medicare,MEDICARE,149,1,,
KH-CLM-004409,KB0004548,2026-06-12,New York,Medicare,MEDICARE,85,1,,
KH-CLM-004410,KB0004549,2026-06-12,New York,commercial,COM-A,149,1,,
KH-CLM-004411,KB0004550,2026-06-12,New York,commercial,COM-A,95,2,,
KH-CLM-004412,KB0004551,2026-06-12,Chicago,commercial,COM-B,149,1,,missing or invalid information
KH-CLM-004413,KB0004552,2026-06-12,Chicago,Medicaid,MEDICAID-IL,149,1,,
KH-CLM-004414,KB0004553,2026-06-12,Chicago,commercial,COM-B,299,1,,
KH-CLM-004415,KB0004554,2026-06-12,Atlanta,commercial,COM-C,205,2,,
KH-CLM-004416,KB0004555,2026-06-12,Atlanta,commercial,COM-B,120,2,,
KH-CLM-004417,KB0004556,2026-06-12,Atlanta,commercial,COM-B,85,2,,missing or invalid information
KH-CLM-004418,KB0004557,2026-06-12,Atlanta,commercial,COM-B,95,2,,
KH-CLM-004419,KB0004558,2026-06-12,Atlanta,commercial,COM-A,100,2,,
KH-CLM-004420,KB0004559,2026-06-12,Atlanta,commercial,COM-C,120,2,,
KH-CLM-004421,KB0004560,2026-06-12,Atlanta,Medicare,MEDICARE,115,3,,
KH-CLM-004422,KB0004561,2026-06-12,Atlanta,commercial,COM-A,230,3,,
KH-CLM-004423,KB0004562,2026-06-12,Atlanta,Medicare,MEDICARE,190,3,,
KH-CLM-004424,KB0004563,2026-06-12,Atlanta,commercial,COM-C,120,3,,
KH-CLM-004425,KB0004564,2026-06-12,Atlanta,Medicaid,MEDICAID-GA,85,1,,
KH-CLM-004426,KB0004565,2026-06-12,Atlanta,Medicare,MEDICARE,85,2,,
KH-CLM-004427,KB0004566,2026-06-12,Philadelphia,Medicare,MEDICARE,95,1,,
KH-CLM-004428,KB0004568,2026-06-12,Philadelphia,commercial,COM-B,299,1,,
KH-CLM-004429,KB0004569,2026-06-12,Philadelphia,Medicare,MEDICARE,175,2,,
KH-CLM-004430,KB0004570,2026-06-12,Philadelphia,commercial,COM-C,125,2,,
KH-CLM-004431,KB0004571,2026-06-12,Philadelphia,commercial,COM-C,299,1,,
KH-CLM-004432,KB0004572,2026-06-12,Philadelphia,Medicare,MEDICARE,150,1,,
KH-CLM-004433,KB0004573,2026-06-12,Philadelphia,commercial,COM-A,180,2,,
KH-CLM-004434,KB0004574,2026-06-12,Philadelphia,Medicare,MEDICARE,205,3,,
KH-CLM-004435,KB0004575,2026-06-13,Dallas,commercial,COM-A,349,1,,
KH-CLM-004436,KB0004576,2026-06-13,Dallas,commercial,COM-A,30,1,,
KH-CLM-004437,KB0004577,2026-06-13,Dallas,commercial,COM-A,140,3,,
KH-CLM-004438,KB0004578,2026-06-13,Dallas,commercial,COM-A,220,4,,
KH-CLM-004439,KB0004579,2026-06-13,Dallas,commercial,COM-C,95,1,,
KH-CLM-004440,KB0004581,2026-06-13,Dallas,commercial,COM-A,330,4,,
KH-CLM-004441,KB0004582,2026-06-13,Dallas,self-pay,SELF,220,2,,
KH-CLM-004442,KB0004583,2026-06-13,Dallas,self-pay,SELF,105,3,,
KH-CLM-004443,KB0004584,2026-06-13,Dallas,commercial,COM-B,299,1,,non-covered service
KH-CLM-004444,KB0004585,2026-06-13,Dallas,commercial,COM-C,180,2,,eligibility or coverage
KH-CLM-004445,KB0004586,2026-06-13,Dallas,Medicaid,MEDICAID-TX,349,1,,
KH-CLM-004446,KB0004587,2026-06-13,Dallas,commercial,COM-C,299,1,,non-covered service
KH-CLM-004447,KB0004588,2026-06-13,Dallas,commercial,COM-C,349,1,,
KH-CLM-004448,KB0004589,2026-06-13,Dallas,commercial,COM-B,145,3,,
KH-CLM-004449,KB0004590,2026-06-13,Dallas,commercial,COM-B,25,1,,
KH-CLM-004450,KB0004591,2026-06-13,Dallas,self-pay,SELF,215,4,,
KH-CLM-004451,KB0004592,2026-06-13,Dallas,Medicare,MEDICARE,140,2,,
KH-CLM-004452,KB0004593,2026-06-13,Dallas,Medicaid,MEDICAID-TX,155,2,,
KH-CLM-004453,KB0004594,2026-06-13,Phoenix,Medicaid,MEDICAID-AZ,70,1,,
KH-CLM-004454,KB0004595,2026-06-13,Phoenix,commercial,COM-B,299,1,,
KH-CLM-004455,KB0004596,2026-06-13,Phoenix,Medicaid,MEDICAID-AZ,235,3,,
KH-CLM-004456,KB0004597,2026-06-13,Phoenix,self-pay,SELF,260,4,,
KH-CLM-004457,KB0004598,2026-06-13,Phoenix,Medicaid,MEDICAID-AZ,180,2,,
KH-CLM-004458,KB0004599,2026-06-13,Phoenix,Medicare,MEDICARE,75,1,,
KH-CLM-004459,KB0004601,2026-06-13,Phoenix,Medicare,MEDICARE,220,2,,
KH-CLM-004460,KB0004602,2026-06-13,Phoenix,self-pay,SELF,299,1,,
KH-CLM-004461,KB0004603,2026-06-13,Phoenix,Medicaid,MEDICAID-AZ,75,1,,
KH-CLM-004462,KB0004604,2026-06-13,Phoenix,Medicaid,MEDICAID-AZ,140,2,,
KH-CLM-004463,KB0004605,2026-06-13,Phoenix,commercial,COM-B,230,4,,
KH-CLM-004464,KB0004606,2026-06-13,Phoenix,commercial,COM-A,235,4,,
KH-CLM-004465,KB0004607,2026-06-13,Phoenix,commercial,COM-A,140,3,,
KH-CLM-004466,KB0004608,2026-06-13,Phoenix,commercial,COM-A,235,2,,eligibility or coverage
KH-CLM-004467,KB0004609,2026-06-13,New York,Medicaid,MEDICAID-NY,65,1,,
KH-CLM-004468,KB0004610,2026-06-13,New York,commercial,COM-A,85,1,,
KH-CLM-004469,KB0004611,2026-06-13,New York,commercial,COM-B,105,2,,missing or invalid information
KH-CLM-004470,KB0004612,2026-06-13,New York,commercial,COM-C,235,2,,
KH-CLM-004471,KB0004613,2026-06-13,New York,Medicaid,MEDICAID-NY,95,1,,
KH-CLM-004472,KB0004614,2026-06-13,New York,commercial,COM-C,240,4,,
KH-CLM-004473,KB0004615,2026-06-13,New York,commercial,COM-A,45,1,,
KH-CLM-004474,KB0004617,2026-06-13,New York,Medicaid,MEDICAID-NY,25,1,,
KH-CLM-004475,KB0004619,2026-06-13,New York,commercial,COM-A,165,4,,
KH-CLM-004476,KB0004620,2026-06-13,Chicago,self-pay,SELF,65,2,,
KH-CLM-004477,KB0004621,2026-06-13,Chicago,Medicare,MEDICARE,65,1,,
KH-CLM-004478,KB0004622,2026-06-13,Chicago,commercial,COM-B,145,3,,non-covered service
KH-CLM-004479,KB0004623,2026-06-13,Chicago,commercial,COM-B,299,1,,
KH-CLM-004480,KB0004624,2026-06-13,Chicago,commercial,COM-A,205,4,,
KH-CLM-004481,KB0004625,2026-06-13,Chicago,commercial,COM-C,149,1,,
KH-CLM-004482,KB0004626,2026-06-13,Chicago,commercial,COM-A,70,2,,
KH-CLM-004483,KB0004627,2026-06-13,Chicago,Medicare,MEDICARE,150,1,,
KH-CLM-004484,KB0004628,2026-06-13,Atlanta,self-pay,SELF,130,3,,
KH-CLM-004485,KB0004629,2026-06-13,Atlanta,Medicaid,MEDICAID-GA,185,4,,
KH-CLM-004486,KB0004630,2026-06-13,Atlanta,commercial,COM-B,349,1,,
KH-CLM-004487,KB0004631,2026-06-13,Atlanta,commercial,COM-B,149,1,,
KH-CLM-004488,KB0004632,2026-06-13,Atlanta,Medicare,MEDICARE,215,3,,
KH-CLM-004489,KB0004633,2026-06-13,Atlanta,self-pay,SELF,299,1,,
KH-CLM-004490,KB0004634,2026-06-13,Atlanta,Medicare,MEDICARE,299,1,,
KH-CLM-004491,KB0004635,2026-06-13,Atlanta,Medicaid,MEDICAID-GA,149,1,,
KH-CLM-004492,KB0004636,2026-06-13,Atlanta,Medicare,MEDICARE,130,2,,
KH-CLM-004493,KB0004637,2026-06-13,Philadelphia,commercial,COM-B,60,1,,
KH-CLM-004494,KB0004638,2026-06-13,Philadelphia,commercial,COM-C,45,1,,
KH-CLM-004495,KB0004639,2026-06-13,Philadelphia,commercial,COM-C,149,1,,
KH-CLM-004496,KB0004640,2026-06-13,Philadelphia,self-pay,SELF,45,1,,
KH-CLM-004497,KB0004641,2026-06-13,Philadelphia,self-pay,SELF,280,4,,
KH-CLM-004498,KB0004642,2026-06-13,Philadelphia,Medicare,MEDICARE,285,4,,
KH-CLM-004499,KB0004643,2026-06-13,Philadelphia,commercial,COM-A,85,2,,
KH-CLM-004500,KB0004644,2026-06-14,Dallas,self-pay,SELF,160,2,,
KH-CLM-004501,KB0004645,2026-06-14,Dallas,commercial,COM-C,145,2,,
KH-CLM-004502,KB0004646,2026-06-14,Dallas,commercial,COM-B,180,2,,
KH-CLM-004503,KB0004647,2026-06-14,Dallas,Medicare,MEDICARE,299,1,,
KH-CLM-004504,KB0004649,2026-06-14,Dallas,commercial,COM-B,149,1,,
KH-CLM-004505,KB0004650,2026-06-14,Dallas,Medicare,MEDICARE,75,1,,
KH-CLM-004506,KB0004651,2026-06-14,Dallas,commercial,COM-B,299,1,,
KH-CLM-004507,KB0004652,2026-06-14,Dallas,commercial,COM-B,65,1,,
KH-CLM-004508,KB0004653,2026-06-14,Dallas,commercial,COM-C,225,3,,timely filing
KH-CLM-004509,KB0004654,2026-06-14,Dallas,commercial,COM-B,149,1,,
KH-CLM-004510,KB0004655,2026-06-14,Dallas,commercial,COM-A,185,3,,
KH-CLM-004511,KB0004656,2026-06-14,Phoenix,self-pay,SELF,180,2,,
KH-CLM-004512,KB0004657,2026-06-14,Phoenix,Medicaid,MEDICAID-AZ,60,1,,
KH-CLM-004513,KB0004658,2026-06-14,Phoenix,Medicaid,MEDICAID-AZ,149,1,,eligibility or coverage
KH-CLM-004514,KB0004659,2026-06-14,Phoenix,Medicare,MEDICARE,185,3,,
KH-CLM-004515,KB0004660,2026-06-14,Phoenix,Medicare,MEDICARE,60,1,,
KH-CLM-004516,KB0004661,2026-06-14,Phoenix,Medicaid,MEDICAID-AZ,195,2,,
KH-CLM-004517,KB0004662,2026-06-14,Phoenix,Medicare,MEDICARE,95,2,,
KH-CLM-004518,KB0004663,2026-06-14,New York,self-pay,SELF,349,1,,
KH-CLM-004519,KB0004664,2026-06-14,New York,Medicare,MEDICARE,70,1,,
KH-CLM-004520,KB0004665,2026-06-14,New York,commercial,COM-A,165,3,,
KH-CLM-004521,KB0004666,2026-06-14,New York,self-pay,SELF,85,1,,
KH-CLM-004522,KB0004667,2026-06-14,New York,commercial,COM-C,30,1,,
KH-CLM-004523,KB0004668,2026-06-14,Chicago,commercial,COM-A,170,3,,
KH-CLM-004524,KB0004669,2026-06-14,Chicago,commercial,COM-A,45,1,,
KH-CLM-004525,KB0004670,2026-06-14,Chicago,commercial,COM-A,75,1,,
KH-CLM-004526,KB0004672,2026-06-14,Chicago,commercial,COM-C,299,1,,
KH-CLM-004527,KB0004673,2026-06-14,Atlanta,Medicaid,MEDICAID-GA,130,2,,
KH-CLM-004528,KB0004674,2026-06-14,Atlanta,commercial,COM-A,85,1,,
KH-CLM-004529,KB0004675,2026-06-14,Atlanta,commercial,COM-B,95,2,,
KH-CLM-004530,KB0004676,2026-06-14,Atlanta,Medicare,MEDICARE,149,1,,
KH-CLM-004531,KB0004677,2026-06-14,Atlanta,commercial,COM-B,169,2,,prior authorization
KH-CLM-004532,KB0004678,2026-06-14,Atlanta,commercial,COM-A,150,3,,
KH-CLM-004533,KB0004679,2026-06-14,Atlanta,Medicaid,MEDICAID-GA,45,1,,
KH-CLM-004534,KB0004680,2026-06-14,Atlanta,commercial,COM-B,120,2,,
KH-CLM-004535,KB0004681,2026-06-14,Philadelphia,commercial,COM-C,125,3,,
KH-CLM-004536,KB0004682,2026-06-14,Philadelphia,commercial,COM-A,85,1,,
KH-CLM-004537,KB0004683,2026-06-14,Philadelphia,commercial,COM-B,369,2,,eligibility or coverage
KH-CLM-004538,KB0004684,2026-06-14,Philadelphia,Medicare,MEDICARE,299,1,,medical necessity
KH-CLM-004539,KB0004685,2026-06-14,Philadelphia,Medicare,MEDICARE,45,1,,
KH-CLM-004540,KB0004686,2026-06-15,Dallas,Medicare,MEDICARE,299,1,,
KH-CLM-004541,KB0004687,2026-06-15,Dallas,Medicare,MEDICARE,155,2,,
KH-CLM-004542,KB0004688,2026-06-15,Dallas,Medicare,MEDICARE,349,1,,
KH-CLM-004543,KB0004689,2026-06-15,Dallas,commercial,COM-A,80,2,,
KH-CLM-004544,KB0004690,2026-06-15,Dallas,Medicare,MEDICARE,149,1,,
KH-CLM-004545,KB0004691,2026-06-15,Dallas,Medicaid,MEDICAID-TX,149,1,,
KH-CLM-004546,KB0004692,2026-06-15,Dallas,Medicaid,MEDICAID-TX,75,2,,missing or invalid information
KH-CLM-004547,KB0004693,2026-06-15,Dallas,Medicare,MEDICARE,299,1,,
KH-CLM-004548,KB0004694,2026-06-15,Dallas,commercial,COM-C,255,4,,
KH-CLM-004549,KB0004695,2026-06-15,Dallas,Medicare,MEDICARE,275,4,,
KH-CLM-004550,KB0004696,2026-06-15,Dallas,commercial,COM-A,210,2,,
KH-CLM-004551,KB0004697,2026-06-15,Dallas,commercial,COM-C,300,4,,
KH-CLM-004552,KB0004698,2026-06-15,Phoenix,commercial,COM-B,60,1,,
KH-CLM-004553,KB0004700,2026-06-15,Phoenix,commercial,COM-B,225,4,,
KH-CLM-004554,KB0004701,2026-06-15,Phoenix,commercial,COM-B,165,3,,
KH-CLM-004555,KB0004702,2026-06-15,Phoenix,commercial,COM-A,30,1,,missing or invalid information
KH-CLM-004556,KB0004703,2026-06-15,Phoenix,commercial,COM-B,60,1,,
KH-CLM-004557,KB0004704,2026-06-15,Phoenix,commercial,COM-B,149,1,,
KH-CLM-004558,KB0004705,2026-06-15,New York,commercial,COM-C,120,2,,
KH-CLM-004559,KB0004706,2026-06-15,New York,Medicaid,MEDICAID-NY,299,1,,
KH-CLM-004560,KB0004708,2026-06-15,New York,commercial,COM-A,45,1,,
KH-CLM-004561,KB0004709,2026-06-15,New York,commercial,COM-C,240,4,,
KH-CLM-004562,KB0004710,2026-06-15,New York,Medicare,MEDICARE,299,1,,
KH-CLM-004563,KB0004711,2026-06-15,New York,commercial,COM-B,299,1,,timely filing
KH-CLM-004564,KB0004712,2026-06-15,New York,Medicare,MEDICARE,349,1,,
KH-CLM-004565,KB0004713,2026-06-15,New York,Medicaid,MEDICAID-NY,299,1,,
KH-CLM-004566,KB0004714,2026-06-15,New York,commercial,COM-C,150,2,,
KH-CLM-004567,KB0004715,2026-06-15,New York,Medicaid,MEDICAID-NY,30,1,,
KH-CLM-004568,KB0004716,2026-06-15,New York,Medicare,MEDICARE,320,4,,
KH-CLM-004569,KB0004717,2026-06-15,New York,commercial,COM-A,320,4,,
KH-CLM-004570,KB0004718,2026-06-15,New York,commercial,COM-A,195,3,,duplicate claim
KH-CLM-004571,KB0004719,2026-06-15,New York,commercial,COM-C,115,2,,
KH-CLM-004572,KB0004720,2026-06-15,New York,Medicare,MEDICARE,75,2,,
KH-CLM-004573,KB0004721,2026-06-15,Chicago,commercial,COM-C,70,1,,
KH-CLM-004574,KB0004722,2026-06-15,Chicago,commercial,COM-A,220,2,,
KH-CLM-004575,KB0004723,2026-06-15,Chicago,Medicaid,MEDICAID-IL,155,2,,
KH-CLM-004576,KB0004724,2026-06-15,Chicago,commercial,COM-C,149,1,,non-covered service
KH-CLM-004577,KB0004725,2026-06-15,Chicago,Medicare,MEDICARE,235,4,,
KH-CLM-004578,KB0004726,2026-06-15,Chicago,commercial,COM-A,145,3,,
KH-CLM-004579,KB0004727,2026-06-15,Chicago,commercial,COM-C,190,4,,
KH-CLM-004580,KB0004728,2026-06-15,Chicago,commercial,COM-B,100,2,,
KH-CLM-004581,KB0004729,2026-06-15,Chicago,Medicaid,MEDICAID-IL,180,2,,
KH-CLM-004582,KB0004731,2026-06-15,Chicago,commercial,COM-B,30,1,,missing or invalid information
KH-CLM-004583,KB0004732,2026-06-15,Atlanta,Medicare,MEDICARE,169,2,,non-covered service
KH-CLM-004584,KB0004734,2026-06-15,Atlanta,commercial,COM-B,$299.00,1,,
KH-CLM-004585,KB0004735,2026-06-15,Atlanta,commercial,COM-A,295,4,,
KH-CLM-004586,KB0004736,2026-06-15,Atlanta,Medicare,MEDICARE,170,4,,
KH-CLM-004587,KB0004737,2026-06-15,Atlanta,commercial,COM-C,215,4,,
KH-CLM-004588,KB0004738,2026-06-15,Atlanta,commercial,COM-B,30,1,,
KH-CLM-004589,KB0004739,2026-06-15,Atlanta,commercial,COM-A,135,2,,
KH-CLM-004590,KB0004740,2026-06-15,Atlanta,commercial,COM-A,349,1,,
KH-CLM-004591,KB0004741,2026-06-15,Philadelphia,commercial,COM-B,95,1,,
KH-CLM-004592,KB0004742,2026-06-15,Philadelphia,Medicaid,MEDICAID-PA,255,3,,
KH-CLM-004593,KB0004743,2026-06-15,Philadelphia,commercial,COM-A,170,4,,
KH-CLM-004594,KB0004744,2026-06-15,Philadelphia,commercial,COM-C,149,1,,
KH-CLM-004595,KB0004745,2026-06-15,Philadelphia,commercial,COM-A,25,1,,
KH-CLM-004596,KB0004746,2026-06-15,Philadelphia,self-pay,SELF,25,1,,
KH-CLM-004597,KB0004747,2026-06-15,Philadelphia,Medicare,MEDICARE,325,4,,
KH-CLM-004598,KB0004748,2026-06-15,Philadelphia,Medicare,MEDICARE,349,1,,
KH-CLM-004599,KB0004749,2026-06-16,Dallas,commercial,COM-B,75,2,,
KH-CLM-004600,KB0004750,2026-06-16,Dallas,Medicare,MEDICARE,145,3,,
KH-CLM-004601,KB0004751,2026-06-16,Dallas,commercial,COM-A,299,1,,
KH-CLM-004602,KB0004752,2026-06-16,Dallas,commercial,COM-C,250,3,,
KH-CLM-004603,KB0004753,2026-06-16,Dallas,commercial,COM-C,299,1,,
KH-CLM-004604,KB0004754,2026-06-16,Dallas,commercial,COM-C,95,1,,
KH-CLM-004605,KB0004755,2026-06-16,Dallas,Medicare,MEDICARE,85,2,,
KH-CLM-004606,KB0004756,2026-06-16,Dallas,commercial,COM-B,145,3,,
KH-CLM-004607,KB0004757,2026-06-16,Dallas,Medicaid,MEDICAID-TX,149,1,,
KH-CLM-004608,KB0004758,2026-06-16,Dallas,commercial,COM-A,100,2,,non-covered service
KH-CLM-004609,KB0004759,2026-06-16,Dallas,commercial,COM-B,120,2,,
KH-CLM-004610,KB0004761,2026-06-16,Dallas,commercial,COM-A,149,1,,
KH-CLM-004611,KB0004762,2026-06-16,Dallas,Medicaid,MEDICAID-TX,349,1,,
KH-CLM-004612,KB0004763,2026-06-16,Dallas,Medicaid,MEDICAID-TX,205,2,,
KH-CLM-004613,KB0004764,2026-06-16,Dallas,commercial,COM-B,85,1,,
KH-CLM-004614,KB0004765,2026-06-16,Dallas,commercial,COM-C,215,2,,
KH-CLM-004615,KB0004766,2026-06-16,Dallas,commercial,COM-B,30,1,,
KH-CLM-004616,KB0004767,2026-06-16,Phoenix,commercial,COM-C,205,3,,
KH-CLM-004617,KB0004768,2026-06-16,Phoenix,Medicare,MEDICARE,60,2,,medical necessity
KH-CLM-004618,KB0004769,2026-06-16,Phoenix,commercial,COM-A,349,1,,non-covered service
KH-CLM-004619,KB0004770,2026-06-16,Phoenix,commercial,COM-A,169,2,,
KH-CLM-004620,KB0004771,2026-06-16,Phoenix,commercial,COM-A,90,2,,
KH-CLM-004621,KB0004772,2026-06-16,Phoenix,Medicaid,MEDICAID-AZ,195,3,,
KH-CLM-004622,KB0004773,2026-06-16,Phoenix,commercial,COM-A,305,4,,
KH-CLM-004623,KB0004774,2026-06-16,Phoenix,Medicaid,MEDICAID-AZ,115,2,,
KH-CLM-004624,KB0004775,2026-06-16,Phoenix,commercial,COM-A,150,1,,missing or invalid information
KH-CLM-004625,KB0004776,2026-06-16,Phoenix,Medicaid,MEDICAID-AZ,85,1,,
KH-CLM-004626,KB0004777,2026-06-16,Phoenix,Medicare,MEDICARE,215,4,,
KH-CLM-004627,KB0004778,2026-06-16,Phoenix,commercial,COM-C,125,2,,
KH-CLM-004628,KB0004779,2026-06-16,Phoenix,Medicare,MEDICARE,75,1,,
KH-CLM-004629,KB0004780,2026-06-16,Phoenix,Medicare,MEDICARE,299,1,,
KH-CLM-004630,KB0004781,2026-06-16,Phoenix,commercial,COM-C,25,1,,
KH-CLM-004631,KB0004782,2026-06-16,New York,Medicare,MEDICARE,175,4,,
KH-CLM-004632,KB0004783,2026-06-16,New York,commercial,COM-C,145,2,,
KH-CLM-004633,KB0004784,2026-06-16,New York,commercial,COM-C,25,1,,
KH-CLM-004634,KB0004785,2026-06-16,New York,Medicare,MEDICARE,90,2,,
KH-CLM-004635,KB0004786,2026-06-16,New York,commercial,COM-C,305,3,,
KH-CLM-004636,KB0004787,2026-06-16,New York,Medicaid,MEDICAID-NY,320,5,,missing or invalid information
KH-CLM-004637,KB0004788,2026-06-16,New York,Medicare,MEDICARE,30,1,,
KH-CLM-004638,KB0004789,2026-06-16,New York,Medicare,MEDICARE,240,3,,
KH-CLM-004639,KB0004790,2026-06-16,New York,Medicare,MEDICARE,105,2,,
KH-CLM-004640,KB0004791,2026-06-16,New York,commercial,COM-B,299,1,,
KH-CLM-004641,KB0004792,2026-06-16,New York,commercial,COM-A,115,2,,missing or invalid information
KH-CLM-004642,KB0004793,2026-06-16,New York,Medicare,MEDICARE,299,1,,
KH-CLM-004643,KB0004794,2026-06-16,New York,Medicare,MEDICARE,195,4,,non-covered service
KH-CLM-004644,KB0004795,2026-06-16,New York,commercial,COM-B,25,1,,
KH-CLM-004645,KB0004796,2026-06-16,New York,Medicare,MEDICARE,305,4,,non-covered service
KH-CLM-004646,KB0004797,2026-06-16,Chicago,commercial,COM-C,75,2,,
KH-CLM-004647,KB0004798,2026-06-16,Chicago,commercial,COM-C,175,4,,
KH-CLM-004648,KB0004799,2026-06-16,Chicago,Medicaid,MEDICAID-IL,155,3,,
KH-CLM-004649,KB0004800,2026-06-16,Chicago,self-pay,SELF,95,1,,
KH-CLM-004650,KB0004801,2026-06-16,Chicago,commercial,COM-B,315,4,,
KH-CLM-004651,KB0004802,2026-06-16,Chicago,commercial,COM-A,220,4,,
KH-CLM-004652,KB0004803,2026-06-16,Chicago,commercial,COM-B,195,3,,
KH-CLM-004653,KB0004804,2026-06-16,Atlanta,commercial,COM-A,149,1,,
KH-CLM-004654,KB0004805,2026-06-16,Atlanta,commercial,COM-C,50,2,,
KH-CLM-004655,KB0004806,2026-06-16,Atlanta,commercial,COM-A,360,5,,
KH-CLM-004656,KB0004807,2026-06-16,Atlanta,commercial,COM-C,210,3,,
KH-CLM-004657,KB0004808,2026-06-16,Atlanta,commercial,COM-C,320,4,,
KH-CLM-004658,KB0004809,2026-06-16,Atlanta,Medicare,MEDICARE,250,3,,
KH-CLM-004659,KB0004810,2026-06-16,Atlanta,commercial,COM-C,70,1,,
KH-CLM-004660,KB0004811,2026-06-16,Atlanta,commercial,COM-B,299,1,,
KH-CLM-004661,KB0004812,2026-06-16,Atlanta,commercial,COM-C,149,1,,
KH-CLM-004662,KB0004813,2026-06-16,Atlanta,commercial,COM-B,100,2,,
KH-CLM-004663,KB0004814,2026-06-16,Philadelphia,commercial,COM-A,299,1,,
KH-CLM-004664,KB0004815,2026-06-16,Philadelphia,commercial,COM-B,299,1,,
KH-CLM-004665,KB0004816,2026-06-16,Philadelphia,self-pay,SELF,120,2,,
KH-CLM-004666,KB0004817,2026-06-16,Philadelphia,Medicare,MEDICARE,220,2,,
KH-CLM-004667,KB0004818,2026-06-16,Philadelphia,commercial,COM-C,75,1,,
KH-CLM-004668,KB0004819,2026-06-17,Dallas,commercial,COM-C,170,4,,
KH-CLM-004669,KB0004820,2026-06-17,Dallas,commercial,COM-B,150,1,,
KH-CLM-004670,KB0004821,2026-06-17,Dallas,commercial,COM-C,245,2,,
KH-CLM-004671,KB0004822,2026-06-17,Dallas,commercial,COM-B,70,1,,
KH-CLM-004672,KB0004823,2026-06-17,Dallas,commercial,COM-A,319,2,,
KH-CLM-004673,KB0004824,2026-06-17,Dallas,commercial,COM-B,299,1,,
KH-CLM-004674,KB0004825,2026-06-17,Dallas,self-pay,SELF,299,1,,
KH-CLM-004675,KB0004826,2026-06-17,Dallas,commercial,COM-A,320,4,,
KH-CLM-004676,KB0004827,2026-06-17,Dallas,self-pay,SELF,75,2,,
KH-CLM-004677,KB0004828,2026-06-17,Dallas,commercial,COM-B,130,2,,
KH-CLM-004678,KB0004829,2026-06-17,Dallas,commercial,COM-A,145,2,,
KH-CLM-004679,KB0004830,2026-06-17,Dallas,commercial,COM-B,330,3,,
KH-CLM-004680,KB0004831,2026-06-17,Dallas,commercial,COM-A,45,1,,
KH-CLM-004681,KB0004832,2026-06-17,Dallas,Medicaid,MEDICAID-TX,299,1,,
KH-CLM-004682,KB0004833,2026-06-17,Dallas,commercial,COM-B,140,3,,
KH-CLM-004683,KB0004834,2026-06-17,Dallas,Medicare,MEDICARE,299,1,,non-covered service
KH-CLM-004684,KB0004835,2026-06-17,Dallas,Medicare,MEDICARE,195,4,,
KH-CLM-004685,KB0004836,2026-06-17,Dallas,commercial,COM-B,70,1,,timely filing
KH-CLM-004686,KB0004837,2026-06-17,Dallas,commercial,COM-B,265,3,,
KH-CLM-004687,KB0004838,2026-06-17,Phoenix,Medicaid,MEDICAID-AZ,95,2,,
KH-CLM-004688,KB0004839,2026-06-17,Phoenix,commercial,COM-C,85,1,,
KH-CLM-004689,KB0004840,2026-06-17,Phoenix,self-pay,SELF,120,2,,
KH-CLM-004690,KB0004841,2026-06-17,Phoenix,commercial,COM-A,25,1,,
KH-CLM-004691,KB0004842,2026-06-17,Phoenix,commercial,COM-C,65,1,,
KH-CLM-004692,KB0004843,2026-06-17,Phoenix,Medicaid,MEDICAID-AZ,149,1,,
KH-CLM-004693,KB0004844,2026-06-17,Phoenix,Medicare,MEDICARE,150,1,,non-covered service
KH-CLM-004694,KB0004845,2026-06-17,Phoenix,Medicare,MEDICARE,30,1,,
KH-CLM-004695,KB0004846,2026-06-17,Phoenix,commercial,COM-C,155,3,,
KH-CLM-004696,KB0004847,2026-06-17,Phoenix,commercial,COM-C,30,1,,
KH-CLM-004697,KB0004848,2026-06-17,Phoenix,Medicaid,MEDICAID-AZ,205,2,,
KH-CLM-004698,KB0004849,2026-06-17,Phoenix,commercial,COM-A,180,4,,
KH-CLM-004699,KB0004850,2026-06-17,Phoenix,commercial,COM-C,155,3,,
KH-CLM-004700,KB0004851,2026-06-17,New York,Medicare,MEDICARE,65,1,,eligibility or coverage
KH-CLM-004701,KB0004852,2026-06-17,New York,commercial,COM-A,349,1,,
KH-CLM-004702,KB0004853,2026-06-17,New York,commercial,COM-C,75,1,,eligibility or coverage
KH-CLM-004703,KB0004854,2026-06-17,New York,Medicare,MEDICARE,160,4,,
KH-CLM-004704,KB0004855,2026-06-17,New York,self-pay,SELF,149,1,,
KH-CLM-004705,KB0004856,2026-06-17,New York,Medicare,MEDICARE,215,4,,
KH-CLM-004706,KB0004857,2026-06-17,New York,Medicaid,MEDICAID-NY,105,2,,prior authorization
KH-CLM-004707,KB0004858,2026-06-17,New York,Medicare,MEDICARE,115,2,,
KH-CLM-004708,KB0004859,2026-06-17,New York,commercial,COM-B,169,2,,
KH-CLM-004709,KB0004860,2026-06-17,Chicago,Medicare,MEDICARE,299,1,,
KH-CLM-004710,KB0004861,2026-06-17,Chicago,commercial,COM-B,149,1,,
KH-CLM-004711,KB0004862,2026-06-17,Chicago,commercial,COM-B,125,2,,
KH-CLM-004712,KB0004863,2026-06-17,Chicago,commercial,COM-C,55,1,,
KH-CLM-004713,KB0004864,2026-06-17,Chicago,commercial,COM-B,30,1,,
KH-CLM-004714,KB0004865,2026-06-17,Chicago,self-pay,SELF,30,1,,
KH-CLM-004715,KB0004867,2026-06-17,Chicago,Medicare,MEDICARE,135,2,,
KH-CLM-004716,KB0004868,2026-06-17,Chicago,Medicare,MEDICARE,299,1,,
KH-CLM-004717,KB0004869,2026-06-17,Chicago,commercial,COM-B,95,2,,
KH-CLM-004718,KB0004870,2026-06-17,Chicago,commercial,COM-A,60,2,,
KH-CLM-004719,KB0004871,2026-06-17,Chicago,commercial,COM-B,299,1,,
KH-CLM-004720,KB0004872,2026-06-17,Atlanta,commercial,COM-C,299,1,,
KH-CLM-004721,KB0004873,2026-06-17,Atlanta,Medicaid,MEDICAID-GA,205,3,,
KH-CLM-004722,KB0004874,2026-06-17,Atlanta,Medicare,MEDICARE,180,4,,
KH-CLM-004723,KB0004875,2026-06-17,Atlanta,commercial,COM-A,100,2,,
KH-CLM-004724,KB0004876,2026-06-17,Atlanta,commercial,COM-C,25,1,,
KH-CLM-004725,KB0004877,2026-06-17,Atlanta,Medicaid,MEDICAID-GA,190,3,,
KH-CLM-004726,KB0004878,2026-06-17,Atlanta,Medicare,MEDICARE,295,4,,
KH-CLM-004727,KB0004879,2026-06-17,Atlanta,Medicare,MEDICARE,299,1,,non-covered service
KH-CLM-004728,KB0004880,2026-06-17,Atlanta,Medicare,MEDICARE,75,1,,
KH-CLM-004729,KB0004881,2026-06-17,Philadelphia,commercial,COM-A,215,4,,non-covered service
KH-CLM-004730,KB0004882,2026-06-17,Philadelphia,self-pay,SELF,149,1,,
KH-CLM-004731,KB0004883,2026-06-17,Philadelphia,self-pay,SELF,25,1,,
KH-CLM-004732,KB0004884,2026-06-18,Dallas,Medicare,MEDICARE,75,1,,
KH-CLM-004733,KB0004885,2026-06-18,Dallas,commercial,COM-C,75,1,,
KH-CLM-004734,KB0004886,2026-06-18,Dallas,Medicare,MEDICARE,55,2,,
KH-CLM-004735,KB0004888,2026-06-18,Dallas,Medicare,MEDICARE,225,3,,medical necessity
KH-CLM-004736,KB0004889,2026-06-18,Dallas,self-pay,SELF,350,4,,
KH-CLM-004737,KB0004890,2026-06-18,Dallas,Medicare,MEDICARE,80,2,,
KH-CLM-004738,KB0004892,2026-06-18,Dallas,commercial,COM-A,299,1,,
KH-CLM-004739,KB0004894,2026-06-18,Dallas,commercial,COM-B,80,2,,
KH-CLM-004740,KB0004895,2026-06-18,Dallas,commercial,COM-C,90,2,,
KH-CLM-004741,KB0004896,2026-06-18,Dallas,commercial,COM-C,295,3,,
KH-CLM-004742,KB0004897,2026-06-18,Dallas,Medicaid,MEDICAID-TX,270,5,,
KH-CLM-004743,KB0004898,2026-06-18,Dallas,commercial,COM-A,299,1,,
KH-CLM-004744,KB0004899,2026-06-18,Dallas,Medicaid,MEDICAID-TX,70,1,,duplicate claim
KH-CLM-004745,KB0004900,2026-06-18,Phoenix,commercial,COM-A,115,2,,
KH-CLM-004746,KB0004901,2026-06-18,Phoenix,Medicare,MEDICARE,299,1,,
KH-CLM-004747,KB0004902,2026-06-18,Phoenix,self-pay,SELF,120,3,,
KH-CLM-004748,KB0004903,2026-06-18,Phoenix,commercial,COM-C,150,3,,
KH-CLM-004749,KB0004904,2026-06-18,Phoenix,commercial,COM-B,149,1,,
KH-CLM-004750,KB0004905,2026-06-18,Phoenix,commercial,COM-B,150,1,,
KH-CLM-004751,KB0004906,2026-06-18,Phoenix,commercial,COM-C,120,3,,
KH-CLM-004752,KB0004907,2026-06-18,Phoenix,commercial,COM-B,349,1,,
KH-CLM-004753,KB0004909,2026-06-18,Phoenix,commercial,COM-C,290,4,,
KH-CLM-004754,KB0004910,2026-06-18,Phoenix,commercial,COM-B,225,4,,
KH-CLM-004755,KB0004911,2026-06-18,Phoenix,commercial,COM-B,319,2,,
KH-CLM-004756,KB0004912,2026-06-18,Phoenix,commercial,COM-C,160,4,,
KH-CLM-004757,KB0004913,2026-06-18,New York,commercial,COM-A,169,2,,
KH-CLM-004758,KB0004914,2026-06-18,New York,commercial,COM-B,149,1,,
KH-CLM-004759,KB0004915,2026-06-18,New York,commercial,COM-A,135,2,,
KH-CLM-004760,KB0004916,2026-06-18,New York,Medicare,MEDICARE,85,1,,
KH-CLM-004761,KB0004917,2026-06-18,New York,Medicare,MEDICARE,149,1,,
KH-CLM-004762,KB0004918,2026-06-18,New York,Medicare,MEDICARE,95,1,,non-covered service
KH-CLM-004763,KB0004919,2026-06-18,New York,Medicare,MEDICARE,210,3,,
KH-CLM-004764,KB0004920,2026-06-18,New York,self-pay,SELF,160,2,,
KH-CLM-004765,KB0004921,2026-06-18,New York,commercial,COM-C,225,3,,
KH-CLM-004766,KB0004922,2026-06-18,New York,Medicare,MEDICARE,125,2,,
KH-CLM-004767,KB0004923,2026-06-18,New York,Medicaid,MEDICAID-NY,149,1,,
KH-CLM-004768,KB0004924,2026-06-18,Chicago,Medicare,MEDICARE,65,1,,
KH-CLM-004769,KB0004925,2026-06-18,Chicago,commercial,COM-A,149,1,,
KH-CLM-004770,KB0004926,2026-06-18,Chicago,commercial,COM-A,149,1,,
KH-CLM-004771,KB0004927,2026-06-18,Chicago,commercial,COM-C,205,3,,
KH-CLM-004772,KB0004928,2026-06-18,Chicago,Medicare,MEDICARE,55,1,,
KH-CLM-004773,KB0004929,2026-06-18,Chicago,Medicaid,MEDICAID-IL,180,2,,
KH-CLM-004774,KB0004930,2026-06-18,Chicago,Medicaid,MEDICAID-IL,165,2,,
KH-CLM-004775,KB0004931,2026-06-18,Chicago,Medicaid,MEDICAID-IL,149,1,,
KH-CLM-004776,KB0004932,2026-06-18,Chicago,commercial,COM-B,180,2,,
KH-CLM-004777,KB0004933,2026-06-18,Atlanta,Medicaid,MEDICAID-GA,65,1,,
KH-CLM-004778,KB0004934,2026-06-18,Atlanta,commercial,COM-A,149,1,,
KH-CLM-004779,KB0004935,2026-06-18,Atlanta,commercial,COM-A,265,4,,
KH-CLM-004780,KB0004936,2026-06-18,Atlanta,Medicaid,MEDICAID-GA,299,1,,duplicate claim
KH-CLM-004781,KB0004937,2026-06-18,Atlanta,commercial,COM-B,70,2,,
KH-CLM-004782,KB0004938,2026-06-18,Atlanta,Medicare,MEDICARE,25,1,,medical necessity
KH-CLM-004783,KB0004939,2026-06-18,Atlanta,Medicare,MEDICARE,149,1,,
KH-CLM-004784,KB0004940,2026-06-18,Atlanta,Medicaid,MEDICAID-GA,275,3,,
KH-CLM-004785,KB0004941,2026-06-18,Atlanta,commercial,COM-B,165,3,,
KH-CLM-004786,KB0004942,2026-06-18,Philadelphia,Medicaid,MEDICAID-PA,275,3,,
KH-CLM-004787,KB0004943,2026-06-18,Philadelphia,Medicare,MEDICARE,349,1,,
KH-CLM-004788,KB0004944,2026-06-18,Philadelphia,commercial,COM-C,165,2,,
KH-CLM-004789,KB0004945,2026-06-18,Philadelphia,commercial,COM-C,45,1,,
KH-CLM-004790,KB0004946,2026-06-18,Philadelphia,Medicaid,MEDICAID-PA,175,4,,
KH-CLM-004791,KB0004947,2026-06-18,Philadelphia,commercial,COM-B,215,3,,
KH-CLM-004792,KB0004948,2026-06-18,Philadelphia,commercial,COM-B,215,2,,
KH-CLM-004793,KB0004949,2026-06-19,Dallas,commercial,COM-C,215,4,,
KH-CLM-004794,KB0004950,2026-06-19,Dallas,Medicare,MEDICARE,155,2,,
KH-CLM-004795,KB0004951,2026-06-19,Dallas,self-pay,SELF,130,3,,
KH-CLM-004796,KB0004952,2026-06-19,Dallas,commercial,COM-A,220,4,,
KH-CLM-004797,KB0004953,2026-06-19,Dallas,commercial,COM-A,299,1,,missing or invalid information
KH-CLM-004798,KB0004954,2026-06-19,Dallas,Medicare,MEDICARE,85,1,,
KH-CLM-004799,KB0004955,2026-06-19,Dallas,commercial,COM-B,150,1,,
KH-CLM-004800,KB0004956,2026-06-19,Dallas,self-pay,SELF,200,3,,
KH-CLM-004801,KB0004957,2026-06-19,Dallas,Medicare,MEDICARE,349,1,,
KH-CLM-004802,KB0004959,2026-06-19,Dallas,commercial,COM-C,105,2,,
KH-CLM-004803,KB0004960,2026-06-19,Dallas,commercial,COM-B,125,2,,
KH-CLM-004804,KB0004961,2026-06-19,Dallas,commercial,COM-A,70,1,,
KH-CLM-004805,KB0004962,2026-06-19,Dallas,Medicaid,MEDICAID-TX,145,2,,eligibility or coverage
KH-CLM-004806,KB0004963,2026-06-19,Dallas,Medicare,MEDICARE,70,1,,
KH-CLM-004807,KB0004964,2026-06-19,Dallas,commercial,COM-B,145,2,,
KH-CLM-004808,KB0004965,2026-06-19,Dallas,Medicare,MEDICARE,225,4,,
KH-CLM-004809,KB0004966,2026-06-19,Phoenix,self-pay,SELF,169,2,,
KH-CLM-004810,KB0004967,2026-06-19,Phoenix,commercial,COM-B,349,1,,
KH-CLM-004811,KB0004968,2026-06-19,Phoenix,commercial,COM-A,255,5,,
KH-CLM-004812,KB0004969,2026-06-19,Phoenix,self-pay,SELF,55,1,,
KH-CLM-004813,KB0004971,2026-06-19,Phoenix,commercial,COM-B,220,3,,
KH-CLM-004814,KB0004972,2026-06-19,Phoenix,commercial,COM-B,170,2,,
KH-CLM-004815,KB0004973,2026-06-19,Phoenix,commercial,COM-A,299,1,,
KH-CLM-004816,KB0004974,2026-06-19,Phoenix,Medicare,MEDICARE,255,4,,
KH-CLM-004817,KB0004975,2026-06-19,Phoenix,commercial,COM-A,175,3,,
KH-CLM-004818,KB0004976,2026-06-19,Phoenix,commercial,COM-B,180,2,,
KH-CLM-004819,KB0004977,2026-06-19,Phoenix,Medicaid,MEDICAID-AZ,260,4,,eligibility or coverage
KH-CLM-004820,KB0004978,2026-06-19,New York,Medicare,MEDICARE,55,1,,
KH-CLM-004821,KB0004979,2026-06-19,New York,Medicare,MEDICARE,245,2,,
KH-CLM-004822,KB0004980,2026-06-19,New York,commercial,COM-A,55,2,,
KH-CLM-004823,KB0004981,2026-06-19,New York,commercial,COM-B,175,3,,
KH-CLM-004824,KB0004982,2026-06-19,New York,Medicare,MEDICARE,299,1,,
KH-CLM-004825,KB0004984,2026-06-19,New York,self-pay,SELF,235,3,,
KH-CLM-004826,KB0004985,2026-06-19,New York,Medicaid,MEDICAID-NY,299,1,,
KH-CLM-004827,KB0004986,2026-06-19,New York,Medicare,MEDICARE,50,2,,
KH-CLM-004828,KB0004987,2026-06-19,New York,commercial,COM-A,149,1,,
KH-CLM-004829,KB0004988,2026-06-19,New York,commercial,COM-A,60,1,,
KH-CLM-004830,KB0004989,2026-06-19,Chicago,commercial,COM-C,85,2,,
KH-CLM-004831,KB0004990,2026-06-19,Chicago,commercial,COM-C,25,1,,
KH-CLM-004832,KB0004991,2026-06-19,Chicago,commercial,COM-A,215,2,,
KH-CLM-004833,KB0004992,2026-06-19,Chicago,Medicare,MEDICARE,230,3,,
KH-CLM-004834,KB0004993,2026-06-19,Chicago,Medicare,MEDICARE,95,2,,
KH-CLM-004835,KB0004994,2026-06-19,Chicago,commercial,COM-B,95,1,,
KH-CLM-004836,KB0004995,2026-06-19,Chicago,commercial,COM-B,299,1,,
KH-CLM-004837,KB0004996,2026-06-19,Chicago,commercial,COM-C,225,4,,
KH-CLM-004838,KB0004997,2026-06-19,Chicago,commercial,COM-A,60,1,,
KH-CLM-004839,KB0004998,2026-06-19,Atlanta,Medicare,MEDICARE,70,1,,
KH-CLM-004840,KB0004999,2026-06-19,Atlanta,commercial,COM-B,105,2,,
KH-CLM-004841,KB0005000,2026-06-19,Atlanta,Medicare,MEDICARE,149,1,,
KH-CLM-004842,KB0005001,2026-06-19,Atlanta,Medicaid,MEDICAID-GA,150,3,,
KH-CLM-004843,KB0005002,2026-06-19,Atlanta,Medicare,MEDICARE,90,2,,
KH-CLM-004844,KB0005003,2026-06-19,Atlanta,commercial,COM-C,120,2,,
KH-CLM-004845,KB0005004,2026-06-19,Atlanta,Medicaid,MEDICAID-GA,149,1,,
KH-CLM-004846,KB0005005,2026-06-19,Atlanta,commercial,COM-C,185,3,,
KH-CLM-004847,KB0005006,2026-06-19,Atlanta,commercial,COM-C,210,4,,
KH-CLM-004848,KB0005007,2026-06-19,Philadelphia,self-pay,SELF,125,2,,
KH-CLM-004849,KB0005008,2026-06-19,Philadelphia,commercial,COM-B,110,3,,
KH-CLM-004850,KB0005009,2026-06-19,Philadelphia,self-pay,SELF,369,2,,
KH-CLM-004851,KB0005010,2026-06-19,Philadelphia,Medicare,MEDICARE,100,2,,
KH-CLM-004852,KB0005011,2026-06-19,Philadelphia,commercial,COM-B,95,2,,
KH-CLM-004853,KB0005012,2026-06-19,Philadelphia,Medicaid,MEDICAID-PA,150,2,,
KH-CLM-004854,KB0005013,2026-06-19,Philadelphia,commercial,COM-A,30,1,,
KH-CLM-004855,KB0005014,2026-06-20,Dallas,commercial,COM-C,90,2,,
KH-CLM-004856,KB0005015,2026-06-20,Dallas,commercial,COM-B,45,1,,
KH-CLM-004857,KB0005016,2026-06-20,Dallas,commercial,COM-A,205,2,,
KH-CLM-004858,KB0005017,2026-06-20,Dallas,commercial,COM-C,160,3,,
KH-CLM-004859,KB0005018,2026-06-20,Dallas,Medicaid,MEDICAID-TX,195,4,,
KH-CLM-004860,KB0005019,2026-06-20,Dallas,commercial,COM-B,230,4,,
KH-CLM-004861,KB0005020,2026-06-20,Dallas,self-pay,SELF,160,3,,
KH-CLM-004862,KB0005021,2026-06-20,Dallas,commercial,COM-B,135,2,,
KH-CLM-004863,KB0005022,2026-06-20,Dallas,commercial,COM-A,210,3,,
KH-CLM-004864,KB0005023,2026-06-20,Dallas,commercial,COM-A,130,2,,
KH-CLM-004865,KB0005024,2026-06-20,Dallas,commercial,COM-A,215,2,,
KH-CLM-004866,KB0005025,2026-06-20,Dallas,commercial,COM-A,195,3,,
KH-CLM-004867,KB0005026,2026-06-20,Dallas,self-pay,SELF,265,4,,
KH-CLM-004868,KB0005027,2026-06-20,Dallas,commercial,COM-A,150,2,,
KH-CLM-004869,KB0005028,2026-06-20,Dallas,commercial,COM-C,85,1,,
KH-CLM-004870,KB0005029,2026-06-20,Dallas,commercial,COM-B,25,1,,
KH-CLM-004871,KB0005030,2026-06-20,Dallas,commercial,COM-C,95,1,,
KH-CLM-004872,KB0005031,2026-06-20,Dallas,commercial,COM-A,70,1,,
KH-CLM-004873,KB0005032,2026-06-20,Dallas,commercial,COM-C,120,2,,
KH-CLM-004874,KB0005033,2026-06-20,Dallas,Medicare,MEDICARE,95,1,,
KH-CLM-004875,KB0005035,2026-06-20,Phoenix,Medicare,MEDICARE,140,2,,
KH-CLM-004876,KB0005036,2026-06-20,Phoenix,Medicare,MEDICARE,25,1,,
KH-CLM-004877,KB0005037,2026-06-20,Phoenix,commercial,COM-A,95,1,,
KH-CLM-004878,KB0005038,2026-06-20,Phoenix,Medicare,MEDICARE,210,3,,
KH-CLM-004879,KB0005039,2026-06-20,Phoenix,commercial,COM-A,299,1,,missing or invalid information
KH-CLM-004880,KB0005040,2026-06-20,Phoenix,commercial,COM-C,200,4,,
KH-CLM-004881,KB0005041,2026-06-20,Phoenix,Medicare,MEDICARE,225,4,,
KH-CLM-004882,KB0005043,2026-06-20,Phoenix,commercial,COM-C,220,4,,
KH-CLM-004883,KB0005044,2026-06-20,New York,commercial,COM-A,60,1,,
KH-CLM-004884,KB0005045,2026-06-20,New York,commercial,COM-A,25,1,,
KH-CLM-004885,KB0005046,2026-06-20,New York,Medicare,MEDICARE,275,4,,
KH-CLM-004886,KB0005047,2026-06-20,New York,Medicare,MEDICARE,175,2,,
KH-CLM-004887,KB0005048,2026-06-20,New York,Medicaid,MEDICAID-NY,115,2,,
KH-CLM-004888,KB0005049,2026-06-20,New York,commercial,COM-A,30,1,,
KH-CLM-004889,KB0005050,2026-06-20,New York,Medicaid,MEDICAID-NY,70,1,,
KH-CLM-004890,KB0005051,2026-06-20,New York,Medicare,MEDICARE,349,1,,
KH-CLM-004891,KB0005052,2026-06-20,New York,commercial,COM-B,220,2,,
KH-CLM-004892,KB0005053,2026-06-20,Chicago,self-pay,SELF,175,2,,
KH-CLM-004893,KB0005054,2026-06-20,Chicago,commercial,COM-B,265,3,,
KH-CLM-004894,KB0005056,2026-06-20,Chicago,Medicare,MEDICARE,105,2,,
KH-CLM-004895,KB0005057,2026-06-20,Chicago,commercial,COM-B,265,3,,
KH-CLM-004896,KB0005058,2026-06-20,Chicago,commercial,COM-C,70,1,,
KH-CLM-004897,KB0005059,2026-06-20,Atlanta,commercial,COM-C,325,4,,
KH-CLM-004898,KB0005060,2026-06-20,Atlanta,commercial,COM-B,349,1,,prior authorization
KH-CLM-004899,KB0005061,2026-06-20,Atlanta,commercial,COM-B,205,2,,
KH-CLM-004900,KB0005062,2026-06-20,Atlanta,commercial,COM-A,149,1,,
KH-CLM-004901,KB0005063,2026-06-20,Atlanta,commercial,COM-A,70,1,,
KH-CLM-004902,KB0005064,2026-06-20,Atlanta,Medicare,MEDICARE,30,1,,
KH-CLM-004903,KB0005065,2026-06-20,Atlanta,commercial,COM-C,149,1,,
KH-CLM-004904,KB0005066,2026-06-20,Atlanta,Medicaid,MEDICAID-GA,30,1,,eligibility or coverage
KH-CLM-004905,KB0005067,2026-06-20,Atlanta,commercial,COM-C,299,1,,
KH-CLM-004906,KB0005068,2026-06-20,Atlanta,commercial,COM-B,299,1,,
KH-CLM-004907,KB0005069,2026-06-20,Atlanta,commercial,COM-B,25,1,,
KH-CLM-004908,KB0005070,2026-06-20,Atlanta,commercial,COM-A,160,3,,
KH-CLM-004909,KB0005071,2026-06-20,Atlanta,self-pay,SELF,85,1,,
KH-CLM-004910,KB0005072,2026-06-20,Atlanta,commercial,COM-A,30,1,,
KH-CLM-004911,KB0005073,2026-06-20,Philadelphia,Medicare,MEDICARE,299,1,,
KH-CLM-004912,KB0005074,2026-06-20,Philadelphia,Medicare,MEDICARE,299,1,,
KH-CLM-004913,KB0005075,2026-06-20,Philadelphia,Medicare,MEDICARE,175,3,,
KH-CLM-004914,KB0005076,2026-06-20,Philadelphia,commercial,COM-B,30,1,,
KH-CLM-004915,KB0005077,2026-06-20,Philadelphia,commercial,COM-C,149,1,,
KH-CLM-004916,KB0005078,2026-06-20,Philadelphia,Medicaid,MEDICAID-PA,365,5,,
KH-CLM-004917,KB0005079,2026-06-20,Philadelphia,Medicare,MEDICARE,299,1,,
KH-CLM-004918,KB0005080,2026-06-20,Philadelphia,Medicare,MEDICARE,149,1,,
KH-CLM-004919,KB0005081,2026-06-20,Philadelphia,commercial,COM-B,175,2,,
KH-CLM-004920,KB0005082,2026-06-20,Philadelphia,commercial,COM-C,140,3,,
KH-CLM-004921,KB0005083,2026-06-21,Dallas,Medicare,MEDICARE,75,1,,
KH-CLM-004922,KB0005084,2026-06-21,Dallas,commercial,COM-C,150,1,,
KH-CLM-004923,KB0005085,2026-06-21,Dallas,commercial,COM-B,30,1,,
KH-CLM-004924,KB0005086,2026-06-21,Dallas,Medicaid,MEDICAID-TX,55,1,,
KH-CLM-004925,KB0005087,2026-06-21,Dallas,Medicaid,MEDICAID-TX,180,3,,
KH-CLM-004926,KB0005088,2026-06-21,Dallas,Medicare,MEDICARE,25,1,,
KH-CLM-004927,KB0005089,2026-06-21,Dallas,Medicare,MEDICARE,299,1,,
KH-CLM-004928,KB0005091,2026-06-21,Dallas,commercial,COM-B,50,2,,
KH-CLM-004929,KB0005092,2026-06-21,Dallas,commercial,COM-B,275,4,,
KH-CLM-004930,KB0005093,2026-06-21,Dallas,commercial,COM-A,169,2,,
KH-CLM-004931,KB0005094,2026-06-21,Dallas,commercial,COM-A,60,1,,
KH-CLM-004932,KB0005095,2026-06-21,Phoenix,Medicare,MEDICARE,70,1,,
KH-CLM-004933,KB0005096,2026-06-21,Phoenix,commercial,COM-C,115,3,,
KH-CLM-004934,KB0005097,2026-06-21,Phoenix,commercial,COM-C,150,3,,
KH-CLM-004935,KB0005098,2026-06-21,Phoenix,self-pay,SELF,115,2,,
KH-CLM-004936,KB0005099,2026-06-21,Phoenix,Medicare,MEDICARE,30,1,,
KH-CLM-004937,KB0005100,2026-06-21,Phoenix,commercial,COM-A,245,3,,
KH-CLM-004938,KB0005101,2026-06-21,Phoenix,Medicaid,MEDICAID-AZ,55,1,,
KH-CLM-004939,KB0005102,2026-06-21,Phoenix,commercial,COM-A,175,3,,
KH-CLM-004940,KB0005103,2026-06-21,Phoenix,commercial,COM-B,149,1,,
KH-CLM-004941,KB0005104,2026-06-21,Phoenix,Medicaid,MEDICAID-AZ,100,2,,
KH-CLM-004942,KB0005105,2026-06-21,Phoenix,Medicare,MEDICARE,299,1,,
KH-CLM-004943,KB0005106,2026-06-21,Phoenix,Medicaid,MEDICAID-AZ,365,5,,missing or invalid information
KH-CLM-004944,KB0005107,2026-06-21,New York,commercial,COM-B,160,3,,eligibility or coverage
KH-CLM-004945,KB0005108,2026-06-21,New York,Medicare,MEDICARE,349,1,,
KH-CLM-004946,KB0005109,2026-06-21,New York,commercial,COM-C,200,4,,eligibility or coverage
KH-CLM-004947,KB0005110,2026-06-21,New York,Medicaid,MEDICAID-NY,200,3,,missing or invalid information
KH-CLM-004948,KB0005111,2026-06-21,New York,commercial,COM-B,220,4,,
KH-CLM-004949,KB0005112,2026-06-21,New York,commercial,COM-A,299,1,,missing or invalid information
KH-CLM-004950,KB0005113,2026-06-21,Chicago,commercial,COM-A,169,2,,non-covered service
KH-CLM-004951,KB0005114,2026-06-21,Chicago,commercial,COM-A,30,1,,
KH-CLM-004952,KB0005115,2026-06-21,Chicago,commercial,COM-B,210,4,,
KH-CLM-004953,KB0005116,2026-06-21,Chicago,commercial,COM-B,145,3,,
KH-CLM-004954,KB0005117,2026-06-21,Chicago,commercial,COM-C,115,2,,
KH-CLM-004955,KB0005118,2026-06-21,Chicago,self-pay,SELF,245,3,,
KH-CLM-004956,KB0005119,2026-06-21,Chicago,Medicaid,MEDICAID-IL,230,4,,
KH-CLM-004957,KB0005120,2026-06-21,Chicago,commercial,COM-A,299,1,,
KH-CLM-004958,KB0005121,2026-06-21,Chicago,self-pay,SELF,140,2,,
KH-CLM-004959,KB0005122,2026-06-21,Chicago,commercial,COM-B,60,1,,
KH-CLM-004960,KB0005123,2026-06-21,Atlanta,commercial,COM-A,65,1,,
KH-CLM-004961,KB0005124,2026-06-21,Atlanta,Medicare,MEDICARE,150,1,,
KH-CLM-004962,KB0005125,2026-06-21,Atlanta,Medicare,MEDICARE,230,4,,
KH-CLM-004963,KB0005126,2026-06-21,Atlanta,Medicare,MEDICARE,335,4,,
KH-CLM-004964,KB0005127,2026-06-21,Atlanta,commercial,COM-B,65,1,,timely filing
KH-CLM-004965,KB0005128,2026-06-21,Philadelphia,commercial,COM-B,210,3,,
KH-CLM-004966,KB0005129,2026-06-21,Philadelphia,Medicaid,MEDICAID-PA,$85.00,2,,
KH-CLM-004967,KB0005130,2026-06-21,Philadelphia,Medicare,MEDICARE,319,2,,
KH-CLM-004968,KB0005131,2026-06-22,Dallas,commercial,COM-B,299,1,,
KH-CLM-004969,KB0005132,2026-06-22,Dallas,commercial,COM-A,145,2,,
KH-CLM-004970,KB0005133,2026-06-22,Dallas,commercial,COM-A,299,1,,
KH-CLM-004971,KB0005134,2026-06-22,Dallas,Medicare,MEDICARE,299,1,,
KH-CLM-004972,KB0005135,2026-06-22,Dallas,commercial,COM-A,149,1,,
KH-CLM-004973,KB0005136,2026-06-22,Dallas,Medicaid,MEDICAID-TX,149,1,,
KH-CLM-004974,KB0005137,2026-06-22,Dallas,Medicare,MEDICARE,349,1,,medical necessity
KH-CLM-004975,KB0005138,2026-06-22,Dallas,commercial,COM-C,140,2,,
KH-CLM-004976,KB0005139,2026-06-22,Dallas,commercial,COM-A,165,3,,
KH-CLM-004977,KB0005140,2026-06-22,Dallas,self-pay,SELF,299,1,,
KH-CLM-004978,KB0005141,2026-06-22,Dallas,commercial,COM-A,149,1,,
KH-CLM-004979,KB0005142,2026-06-22,Dallas,commercial,COM-B,70,1,,
KH-CLM-004980,KB0005143,2026-06-22,Dallas,commercial,COM-C,299,1,,
KH-CLM-004981,KB0005144,2026-06-22,Dallas,Medicare,MEDICARE,180,2,,
KH-CLM-004982,KB0005145,2026-06-22,Phoenix,Medicare,MEDICARE,349,1,,
KH-CLM-004983,KB0005146,2026-06-22,Phoenix,self-pay,SELF,175,3,,
KH-CLM-004984,KB0005147,2026-06-22,Phoenix,self-pay,SELF,149,1,,
KH-CLM-004985,KB0005148,2026-06-22,Phoenix,commercial,COM-A,70,2,,
KH-CLM-004986,KB0005149,2026-06-22,Phoenix,Medicaid,MEDICAID-AZ,299,1,,
KH-CLM-004987,KB0005150,2026-06-22,Phoenix,commercial,COM-A,75,2,,
KH-CLM-004988,KB0005151,2026-06-22,Phoenix,self-pay,SELF,145,2,,
KH-CLM-004989,KB0005152,2026-06-22,Phoenix,commercial,COM-C,349,1,,
KH-CLM-004990,KB0005153,2026-06-22,Phoenix,Medicaid,MEDICAID-AZ,300,4,,
KH-CLM-004991,KB0005154,2026-06-22,Phoenix,Medicare,MEDICARE,70,1,,
KH-CLM-004992,KB0005155,2026-06-22,Phoenix,commercial,COM-C,250,3,,
KH-CLM-004993,KB0005156,2026-06-22,Phoenix,commercial,COM-A,70,1,,
KH-CLM-004994,KB0005157,2026-06-22,Phoenix,commercial,COM-A,220,4,,
KH-CLM-004995,KB0005158,2026-06-22,Phoenix,commercial,COM-A,125,3,,
KH-CLM-004996,KB0005159,2026-06-22,Phoenix,commercial,COM-C,70,1,,
KH-CLM-004997,KB0005161,2026-06-22,Phoenix,commercial,COM-C,110,2,,
KH-CLM-004998,KB0005162,2026-06-22,Phoenix,Medicare,MEDICARE,200,3,,
KH-CLM-004999,KB0005163,2026-06-22,New York,commercial,COM-A,149,1,,non-covered service
KH-CLM-005000,KB0005164,2026-06-22,New York,commercial,COM-B,349,1,,
KH-CLM-005001,KB0005165,2026-06-22,New York,Medicare,MEDICARE,149,1,,
KH-CLM-005002,KB0005166,2026-06-22,New York,Medicare,MEDICARE,220,4,,
KH-CLM-005003,KB0005168,2026-06-22,New York,Medicaid,MEDICAID-NY,140,3,,
KH-CLM-005004,KB0005169,2026-06-22,New York,Medicare,MEDICARE,299,1,,
KH-CLM-005005,KB0005171,2026-06-22,New York,Medicaid,MEDICAID-NY,25,1,,prior authorization
KH-CLM-005006,KB0005172,2026-06-22,New York,Medicaid,MEDICAID-NY,55,1,,
KH-CLM-005007,KB0005173,2026-06-22,Chicago,Medicare,MEDICARE,149,1,,
KH-CLM-005008,KB0005174,2026-06-22,Chicago,Medicare,MEDICARE,319,2,,non-covered service
KH-CLM-005009,KB0005175,2026-06-22,Chicago,Medicare,MEDICARE,349,1,,
KH-CLM-005010,KB0005176,2026-06-22,Chicago,Medicare,MEDICARE,299,1,,non-covered service
KH-CLM-005011,KB0005177,2026-06-22,Chicago,commercial,COM-B,299,1,,
KH-CLM-005012,KB0005178,2026-06-22,Chicago,commercial,COM-B,95,2,,
KH-CLM-005013,KB0005179,2026-06-22,Chicago,commercial,COM-C,175,2,,
KH-CLM-005014,KB0005181,2026-06-22,Atlanta,commercial,COM-A,299,1,,
KH-CLM-005015,KB0005182,2026-06-22,Atlanta,Medicare,MEDICARE,295,5,,
KH-CLM-005016,KB0005183,2026-06-22,Atlanta,Medicare,MEDICARE,299,1,,medical necessity
KH-CLM-005017,KB0005184,2026-06-22,Atlanta,commercial,COM-B,60,1,,
KH-CLM-005018,KB0005185,2026-06-22,Atlanta,commercial,COM-B,130,2,,
KH-CLM-005019,KB0005186,2026-06-22,Atlanta,Medicaid,MEDICAID-GA,95,2,,
KH-CLM-005020,KB0005187,2026-06-22,Atlanta,commercial,COM-B,30,1,,
KH-CLM-005021,KB0005188,2026-06-22,Atlanta,Medicare,MEDICARE,160,4,,
KH-CLM-005022,KB0005189,2026-06-22,Atlanta,commercial,COM-C,30,1,,
KH-CLM-005023,KB0005190,2026-06-22,Philadelphia,commercial,COM-B,299,1,,
KH-CLM-005024,KB0005191,2026-06-22,Philadelphia,commercial,COM-A,65,1,,
KH-CLM-005025,KB0005192,2026-06-22,Philadelphia,self-pay,SELF,349,1,,
KH-CLM-005026,KB0005193,2026-06-22,Philadelphia,commercial,COM-B,95,2,,
KH-CLM-005027,KB0005194,2026-06-22,Philadelphia,commercial,COM-C,150,1,,
KH-CLM-005028,KB0005195,2026-06-22,Philadelphia,commercial,COM-A,70,2,,
KH-CLM-005029,KB0005196,2026-06-23,Dallas,self-pay,SELF,270,4,,
KH-CLM-005030,KB0005197,2026-06-23,Dallas,commercial,COM-A,299,1,,
KH-CLM-005031,KB0005198,2026-06-23,Dallas,commercial,COM-C,349,1,,
KH-CLM-005032,KB0005199,2026-06-23,Dallas,Medicaid,MEDICAID-TX,80,2,,
KH-CLM-005033,KB0005200,2026-06-23,Dallas,Medicaid,MEDICAID-TX,70,1,,
KH-CLM-005034,KB0005201,2026-06-23,Dallas,commercial,COM-C,349,1,,
KH-CLM-005035,KB0005202,2026-06-23,Dallas,commercial,COM-A,30,1,,
KH-CLM-005036,KB0005203,2026-06-23,Dallas,Medicaid,MEDICAID-TX,349,1,,
KH-CLM-005037,KB0005204,2026-06-23,Dallas,commercial,COM-B,130,2,,
KH-CLM-005038,KB0005205,2026-06-23,Dallas,Medicaid,MEDICAID-TX,319,2,,
KH-CLM-005039,KB0005206,2026-06-23,Dallas,Medicaid,MEDICAID-TX,95,2,,eligibility or coverage
KH-CLM-005040,KB0005207,2026-06-23,Dallas,commercial,COM-B,25,1,,
KH-CLM-005041,KB0005208,2026-06-23,Dallas,commercial,COM-A,149,1,,
KH-CLM-005042,KB0005209,2026-06-23,Dallas,commercial,COM-C,130,2,,
KH-CLM-005043,KB0005210,2026-06-23,Dallas,Medicare,MEDICARE,25,1,,
KH-CLM-005044,KB0005212,2026-06-23,Phoenix,Medicare,MEDICARE,299,1,,medical necessity
KH-CLM-005045,KB0005213,2026-06-23,Phoenix,Medicaid,MEDICAID-AZ,299,1,,missing or invalid information
KH-CLM-005046,KB0005215,2026-06-23,Phoenix,Medicare,MEDICARE,135,3,,
KH-CLM-005047,KB0005216,2026-06-23,Phoenix,Medicaid,MEDICAID-AZ,120,2,,
KH-CLM-005048,KB0005217,2026-06-23,Phoenix,commercial,COM-B,140,2,,
KH-CLM-005049,KB0005218,2026-06-23,Phoenix,commercial,COM-A,$299.00,1,,
KH-CLM-005050,KB0005219,2026-06-23,Phoenix,Medicaid,MEDICAID-AZ,300,5,,
KH-CLM-005051,KB0005220,2026-06-23,Phoenix,commercial,COM-A,45,1,,
KH-CLM-005052,KB0005221,2026-06-23,Phoenix,commercial,COM-A,30,1,,missing or invalid information
KH-CLM-005053,KB0005222,2026-06-23,Phoenix,commercial,COM-C,25,1,,
KH-CLM-005054,KB0005223,2026-06-23,New York,commercial,COM-A,175,4,,
KH-CLM-005055,KB0005224,2026-06-23,New York,commercial,COM-C,149,1,,
KH-CLM-005056,KB0005225,2026-06-23,New York,commercial,COM-A,299,1,,
KH-CLM-005057,KB0005226,2026-06-23,New York,commercial,COM-A,330,4,,
KH-CLM-005058,KB0005227,2026-06-23,New York,commercial,COM-A,299,1,,
KH-CLM-005059,KB0005228,2026-06-23,New York,commercial,COM-B,299,1,,
KH-CLM-005060,KB0005229,2026-06-23,New York,commercial,COM-C,85,1,,
KH-CLM-005061,KB0005230,2026-06-23,New York,Medicaid,MEDICAID-NY,180,2,,
KH-CLM-005062,KB0005232,2026-06-23,New York,commercial,COM-A,149,1,,
KH-CLM-005063,KB0005233,2026-06-23,New York,commercial,COM-B,260,3,,
KH-CLM-005064,KB0005234,2026-06-23,New York,commercial,COM-C,319,2,,
KH-CLM-005065,KB0005235,2026-06-23,Chicago,commercial,COM-C,90,2,,
KH-CLM-005066,KB0005236,2026-06-23,Chicago,commercial,COM-B,175,3,,
KH-CLM-005067,KB0005237,2026-06-23,Chicago,commercial,COM-C,325,4,,
KH-CLM-005068,KB0005238,2026-06-23,Chicago,commercial,COM-A,130,2,,
KH-CLM-005069,KB0005239,2026-06-23,Chicago,commercial,COM-B,299,1,,
KH-CLM-005070,KB0005240,2026-06-23,Chicago,Medicare,MEDICARE,60,1,,
KH-CLM-005071,KB0005241,2026-06-23,Chicago,commercial,COM-C,140,3,,
KH-CLM-005072,KB0005242,2026-06-23,Chicago,commercial,COM-C,185,3,,
KH-CLM-005073,KB0005243,2026-06-23,Chicago,commercial,COM-B,85,2,,
KH-CLM-005074,KB0005244,2026-06-23,Chicago,Medicare,MEDICARE,299,1,,medical necessity
KH-CLM-005075,KB0005245,2026-06-23,Chicago,commercial,COM-A,115,2,,
KH-CLM-005076,KB0005246,2026-06-23,Chicago,commercial,COM-B,150,1,,
KH-CLM-005077,KB0005247,2026-06-23,Atlanta,Medicare,MEDICARE,90,2,,
KH-CLM-005078,KB0005248,2026-06-23,Atlanta,Medicaid,MEDICAID-GA,130,3,,
KH-CLM-005079,KB0005249,2026-06-23,Atlanta,Medicare,MEDICARE,299,1,,
KH-CLM-005080,KB0005250,2026-06-23,Atlanta,Medicare,MEDICARE,299,1,,
KH-CLM-005081,KB0005251,2026-06-23,Atlanta,commercial,COM-B,120,2,,
KH-CLM-005082,KB0005252,2026-06-23,Atlanta,Medicaid,MEDICAID-GA,105,2,,
KH-CLM-005083,KB0005253,2026-06-23,Atlanta,Medicare,MEDICARE,285,4,,
KH-CLM-005084,KB0005254,2026-06-23,Atlanta,commercial,COM-C,95,1,,missing or invalid information
KH-CLM-005085,KB0005255,2026-06-23,Philadelphia,commercial,COM-A,299,1,,
KH-CLM-005086,KB0005256,2026-06-23,Philadelphia,Medicare,MEDICARE,349,1,,
KH-CLM-005087,KB0005257,2026-06-23,Philadelphia,commercial,COM-C,299,1,,
KH-CLM-005088,KB0005258,2026-06-23,Philadelphia,Medicaid,MEDICAID-PA,149,1,,eligibility or coverage
KH-CLM-005089,KB0005259,2026-06-23,Philadelphia,commercial,COM-B,255,4,,
KH-CLM-005090,KB0005260,2026-06-23,Philadelphia,commercial,COM-B,30,1,,
KH-CLM-005091,KB0005261,2026-06-23,Philadelphia,commercial,COM-C,85,1,,prior authorization
KH-CLM-005092,KB0005262,2026-06-24,Dallas,Medicaid,MEDICAID-TX,149,1,,
KH-CLM-005093,KB0005263,2026-06-24,Dallas,commercial,COM-A,25,1,,
KH-CLM-005094,KB0005264,2026-06-24,Dallas,Medicare,MEDICARE,319,2,,
KH-CLM-005095,KB0005265,2026-06-24,Dallas,Medicare,MEDICARE,130,2,,
KH-CLM-005096,KB0005266,2026-06-24,Dallas,commercial,COM-B,299,1,,
KH-CLM-005097,KB0005267,2026-06-24,Dallas,commercial,COM-B,155,4,,
KH-CLM-005098,KB0005268,2026-06-24,Dallas,commercial,COM-A,90,2,,
KH-CLM-005099,KB0005269,2026-06-24,Dallas,commercial,COM-C,299,1,,missing or invalid information
KH-CLM-005100,KB0005270,2026-06-24,Dallas,commercial,COM-A,335,4,,
KH-CLM-005101,KB0005271,2026-06-24,Phoenix,Medicare,MEDICARE,150,1,,
KH-CLM-005102,KB0005272,2026-06-24,Phoenix,Medicaid,MEDICAID-AZ,65,2,,
KH-CLM-005103,KB0005273,2026-06-24,Phoenix,self-pay,SELF,60,1,,
KH-CLM-005104,KB0005274,2026-06-24,Phoenix,Medicare,MEDICARE,300,4,,
KH-CLM-005105,KB0005276,2026-06-24,Phoenix,commercial,COM-C,95,1,,
KH-CLM-005106,KB0005277,2026-06-24,Phoenix,Medicaid,MEDICAID-AZ,225,4,,
KH-CLM-005107,KB0005278,2026-06-24,Phoenix,commercial,COM-C,210,3,,
KH-CLM-005108,KB0005279,2026-06-24,Phoenix,Medicare,MEDICARE,235,2,,
KH-CLM-005109,KB0005280,2026-06-24,Phoenix,Medicare,MEDICARE,149,1,,
KH-CLM-005110,KB0005281,2026-06-24,Phoenix,commercial,COM-A,300,3,,
KH-CLM-005111,KB0005282,2026-06-24,Phoenix,commercial,COM-A,105,2,,non-covered service
KH-CLM-005112,KB0005283,2026-06-24,Phoenix,Medicare,MEDICARE,149,1,,
KH-CLM-005113,KB0005284,2026-06-24,Phoenix,self-pay,SELF,115,2,,
KH-CLM-005114,KB0005285,2026-06-24,New York,Medicaid,MEDICAID-NY,175,2,,
KH-CLM-005115,KB0005286,2026-06-24,New York,Medicaid,MEDICAID-NY,85,2,,
KH-CLM-005116,KB0005287,2026-06-24,New York,commercial,COM-B,55,2,,
KH-CLM-005117,KB0005288,2026-06-24,New York,commercial,COM-C,100,2,,
KH-CLM-005118,KB0005289,2026-06-24,New York,commercial,COM-A,85,1,,
KH-CLM-005119,KB0005290,2026-06-24,New York,commercial,COM-B,320,4,,
KH-CLM-005120,KB0005291,2026-06-24,New York,self-pay,SELF,85,1,,
KH-CLM-005121,KB0005292,2026-06-24,New York,commercial,COM-B,299,1,,
KH-CLM-005122,KB0005293,2026-06-24,New York,commercial,COM-A,60,1,,medical necessity
KH-CLM-005123,KB0005294,2026-06-24,New York,Medicare,MEDICARE,130,2,,non-covered service
KH-CLM-005124,KB0005295,2026-06-24,New York,commercial,COM-A,195,2,,
KH-CLM-005125,KB0005296,2026-06-24,New York,Medicaid,MEDICAID-NY,335,4,,
KH-CLM-005126,KB0005297,2026-06-24,Chicago,commercial,COM-B,75,1,,
KH-CLM-005127,KB0005298,2026-06-24,Chicago,commercial,COM-A,55,1,,
KH-CLM-005128,KB0005299,2026-06-24,Chicago,commercial,COM-A,349,1,,
KH-CLM-005129,KB0005300,2026-06-24,Chicago,commercial,COM-A,75,2,,eligibility or coverage
KH-CLM-005130,KB0005301,2026-06-24,Chicago,commercial,COM-C,60,1,,
KH-CLM-005131,KB0005302,2026-06-24,Chicago,commercial,COM-A,200,3,,
KH-CLM-005132,KB0005303,2026-06-24,Chicago,commercial,COM-A,149,1,,
KH-CLM-005133,KB0005304,2026-06-24,Chicago,commercial,COM-B,299,1,,
KH-CLM-005134,KB0005305,2026-06-24,Atlanta,commercial,COM-A,299,1,,
KH-CLM-005135,KB0005306,2026-06-24,Atlanta,commercial,COM-C,299,1,,
KH-CLM-005136,KB0005307,2026-06-24,Atlanta,self-pay,SELF,349,1,,
KH-CLM-005137,KB0005308,2026-06-24,Atlanta,Medicaid,MEDICAID-GA,400,4,,
KH-CLM-005138,KB0005309,2026-06-24,Atlanta,commercial,COM-A,349,1,,
KH-CLM-005139,KB0005310,2026-06-24,Atlanta,commercial,COM-B,130,3,,
KH-CLM-005140,KB0005311,2026-06-24,Atlanta,commercial,COM-C,70,1,,
KH-CLM-005141,KB0005313,2026-06-24,Philadelphia,Medicare,MEDICARE,30,1,,
KH-CLM-005142,KB0005314,2026-06-24,Philadelphia,Medicare,MEDICARE,95,2,,
KH-CLM-005143,KB0005315,2026-06-24,Philadelphia,commercial,COM-A,55,1,,
KH-CLM-005144,KB0005317,2026-06-24,Philadelphia,commercial,COM-A,150,2,,
KH-CLM-005145,KB0005318,2026-06-24,Philadelphia,commercial,COM-B,70,1,,
KH-CLM-005146,KB0005319,2026-06-25,Dallas,Medicaid,MEDICAID-TX,299,1,,non-covered service
KH-CLM-005147,KB0005320,2026-06-25,Dallas,commercial,COM-A,$125.00,3,,
KH-CLM-005148,KB0005321,2026-06-25,Dallas,commercial,COM-B,299,1,,
KH-CLM-005149,KB0005322,2026-06-25,Dallas,Medicare,MEDICARE,30,1,,
KH-CLM-005150,KB0005323,2026-06-25,Dallas,commercial,COM-C,299,1,,
KH-CLM-005151,KB0005324,2026-06-25,Dallas,commercial,COM-A,149,1,,
KH-CLM-005152,KB0005325,2026-06-25,Dallas,Medicaid,MEDICAID-TX,30,1,,
KH-CLM-005153,KB0005326,2026-06-25,Dallas,commercial,COM-C,299,1,,
KH-CLM-005154,KB0005327,2026-06-25,Dallas,self-pay,SELF,205,3,,
KH-CLM-005155,KB0005328,2026-06-25,Dallas,commercial,COM-C,160,3,,
KH-CLM-005156,KB0005329,2026-06-25,Dallas,Medicare,MEDICARE,45,1,,medical necessity
KH-CLM-005157,KB0005330,2026-06-25,Dallas,self-pay,SELF,299,1,,
KH-CLM-005158,KB0005331,2026-06-25,Dallas,commercial,COM-A,95,1,,
KH-CLM-005159,KB0005332,2026-06-25,Dallas,self-pay,SELF,200,4,,
KH-CLM-005160,KB0005333,2026-06-25,Dallas,Medicaid,MEDICAID-TX,149,1,,eligibility or coverage
KH-CLM-005161,KB0005334,2026-06-25,Dallas,commercial,COM-B,100,2,,
KH-CLM-005162,KB0005335,2026-06-25,Dallas,Medicare,MEDICARE,60,1,,
KH-CLM-005163,KB0005336,2026-06-25,Phoenix,commercial,COM-A,90,2,,
KH-CLM-005164,KB0005337,2026-06-25,Phoenix,Medicaid,MEDICAID-AZ,30,1,,
KH-CLM-005165,KB0005338,2026-06-25,Phoenix,commercial,COM-C,260,4,,
KH-CLM-005166,KB0005339,2026-06-25,Phoenix,Medicare,MEDICARE,175,3,,
KH-CLM-005167,KB0005340,2026-06-25,Phoenix,Medicare,MEDICARE,45,1,,
KH-CLM-005168,KB0005341,2026-06-25,Phoenix,commercial,COM-A,210,2,,
KH-CLM-005169,KB0005342,2026-06-25,Phoenix,commercial,COM-A,85,1,,
KH-CLM-005170,KB0005343,2026-06-25,Phoenix,commercial,COM-C,250,3,,
KH-CLM-005171,KB0005344,2026-06-25,Phoenix,commercial,COM-C,220,4,,
KH-CLM-005172,KB0005345,2026-06-25,Phoenix,commercial,COM-B,265,5,,
KH-CLM-005173,KB0005346,2026-06-25,Phoenix,commercial,COM-C,149,1,,
KH-CLM-005174,KB0005347,2026-06-25,Phoenix,commercial,COM-A,220,2,,eligibility or coverage
KH-CLM-005175,KB0005348,2026-06-25,Phoenix,commercial,COM-B,165,2,,
KH-CLM-005176,KB0005349,2026-06-25,Phoenix,commercial,COM-B,45,1,,
KH-CLM-005177,KB0005350,2026-06-25,New York,Medicare,MEDICARE,60,1,,
KH-CLM-005178,KB0005351,2026-06-25,New York,Medicare,MEDICARE,140,3,,
KH-CLM-005179,KB0005352,2026-06-25,New York,Medicare,MEDICARE,255,4,,
KH-CLM-005180,KB0005353,2026-06-25,New York,commercial,COM-B,110,3,,
KH-CLM-005181,KB0005354,2026-06-25,New York,Medicare,MEDICARE,299,1,,
KH-CLM-005182,KB0005355,2026-06-25,New York,self-pay,SELF,349,1,,
KH-CLM-005183,KB0005356,2026-06-25,New York,commercial,COM-C,80,2,,
KH-CLM-005184,KB0005357,2026-06-25,New York,commercial,COM-A,149,1,,
KH-CLM-005185,KB0005358,2026-06-25,New York,commercial,COM-B,220,4,,
KH-CLM-005186,KB0005360,2026-06-25,New York,commercial,COM-A,160,3,,
KH-CLM-005187,KB0005361,2026-06-25,New York,Medicare,MEDICARE,260,4,,
KH-CLM-005188,KB0005362,2026-06-25,Chicago,self-pay,SELF,90,3,,
KH-CLM-005189,KB0005363,2026-06-25,Chicago,commercial,COM-A,55,1,,
KH-CLM-005190,KB0005364,2026-06-25,Chicago,Medicare,MEDICARE,149,1,,missing or invalid information
KH-CLM-005191,KB0005366,2026-06-25,Chicago,commercial,COM-B,349,1,,
KH-CLM-005192,KB0005367,2026-06-25,Chicago,commercial,COM-C,335,4,,
KH-CLM-005193,KB0005368,2026-06-25,Chicago,Medicare,MEDICARE,149,1,,
KH-CLM-005194,KB0005369,2026-06-25,Chicago,commercial,COM-B,55,1,,
KH-CLM-005195,KB0005370,2026-06-25,Atlanta,Medicare,MEDICARE,30,1,,
KH-CLM-005196,KB0005371,2026-06-25,Atlanta,Medicare,MEDICARE,85,1,,
KH-CLM-005197,KB0005372,2026-06-25,Atlanta,commercial,COM-B,95,2,,
KH-CLM-005198,KB0005373,2026-06-25,Atlanta,self-pay,SELF,115,2,,
KH-CLM-005199,KB0005374,2026-06-25,Atlanta,Medicaid,MEDICAID-GA,240,3,,
KH-CLM-005200,KB0005376,2026-06-25,Atlanta,Medicaid,MEDICAID-GA,180,2,,
KH-CLM-005201,KB0005377,2026-06-25,Atlanta,Medicaid,MEDICAID-GA,95,1,,
KH-CLM-005202,KB0005378,2026-06-25,Atlanta,Medicare,MEDICARE,349,1,,
KH-CLM-005203,KB0005379,2026-06-25,Atlanta,commercial,COM-C,299,1,,
KH-CLM-005204,KB0005380,2026-06-25,Atlanta,Medicare,MEDICARE,319,2,,
KH-CLM-005205,KB0005381,2026-06-25,Atlanta,Medicaid,MEDICAID-GA,340,4,,
KH-CLM-005206,KB0005382,2026-06-25,Philadelphia,Medicare,MEDICARE,70,1,,
KH-CLM-005207,KB0005383,2026-06-25,Philadelphia,Medicare,MEDICARE,260,4,,
KH-CLM-005208,KB0005384,2026-06-25,Philadelphia,commercial,COM-A,299,1,,
KH-CLM-005209,KB0005385,2026-06-25,Philadelphia,Medicaid,MEDICAID-PA,95,2,,
KH-CLM-005210,KB0005386,2026-06-25,Philadelphia,Medicare,MEDICARE,299,1,,
KH-CLM-005211,KB0005388,2026-06-26,Dallas,commercial,COM-A,30,1,,
KH-CLM-005212,KB0005389,2026-06-26,Dallas,Medicare,MEDICARE,349,1,,
KH-CLM-005213,KB0005390,2026-06-26,Dallas,commercial,COM-C,195,4,,
KH-CLM-005214,KB0005391,2026-06-26,Dallas,commercial,COM-B,150,3,,
KH-CLM-005215,KB0005392,2026-06-26,Dallas,commercial,COM-B,170,3,,
KH-CLM-005216,KB0005393,2026-06-26,Dallas,Medicare,MEDICARE,315,4,,
KH-CLM-005217,KB0005394,2026-06-26,Dallas,Medicaid,MEDICAID-TX,90,2,,
KH-CLM-005218,KB0005395,2026-06-26,Dallas,Medicaid,MEDICAID-TX,135,2,,medical necessity
KH-CLM-005219,KB0005396,2026-06-26,Dallas,self-pay,SELF,75,2,,
KH-CLM-005220,KB0005397,2026-06-26,Dallas,self-pay,SELF,115,3,,
KH-CLM-005221,KB0005398,2026-06-26,Dallas,commercial,COM-C,150,3,,
KH-CLM-005222,KB0005399,2026-06-26,Dallas,commercial,COM-C,310,4,,
KH-CLM-005223,KB0005400,2026-06-26,Dallas,commercial,COM-C,75,2,,
KH-CLM-005224,KB0005401,2026-06-26,Dallas,Medicare,MEDICARE,319,2,,
KH-CLM-005225,KB0005402,2026-06-26,Phoenix,commercial,COM-B,299,1,,
KH-CLM-005226,KB0005403,2026-06-26,Phoenix,Medicare,MEDICARE,260,4,,
KH-CLM-005227,KB0005404,2026-06-26,Phoenix,commercial,COM-A,225,2,,
KH-CLM-005228,KB0005405,2026-06-26,Phoenix,Medicaid,MEDICAID-AZ,149,1,,eligibility or coverage
KH-CLM-005229,KB0005406,2026-06-26,Phoenix,Medicare,MEDICARE,150,3,,timely filing
KH-CLM-005230,KB0005407,2026-06-26,Phoenix,commercial,COM-C,85,2,,
KH-CLM-005231,KB0005408,2026-06-26,Phoenix,Medicare,MEDICARE,299,1,,
KH-CLM-005232,KB0005409,2026-06-26,Phoenix,commercial,COM-A,140,3,,
KH-CLM-005233,KB0005410,2026-06-26,Phoenix,Medicaid,MEDICAID-AZ,149,1,,
KH-CLM-005234,KB0005411,2026-06-26,Phoenix,commercial,COM-A,110,2,,
KH-CLM-005235,KB0005412,2026-06-26,Phoenix,commercial,COM-C,55,1,,
KH-CLM-005236,KB0005413,2026-06-26,Phoenix,commercial,COM-C,70,2,,
KH-CLM-005237,KB0005414,2026-06-26,Phoenix,Medicaid,MEDICAID-AZ,280,4,,
KH-CLM-005238,KB0005415,2026-06-26,New York,Medicare,MEDICARE,165,3,,missing or invalid information
KH-CLM-005239,KB0005417,2026-06-26,New York,Medicare,MEDICARE,299,1,,
KH-CLM-005240,KB0005418,2026-06-26,New York,commercial,COM-B,90,2,,
KH-CLM-005241,KB0005419,2026-06-26,New York,Medicaid,MEDICAID-NY,85,1,,medical necessity
KH-CLM-005242,KB0005420,2026-06-26,New York,commercial,COM-A,60,1,,
KH-CLM-005243,KB0005421,2026-06-26,New York,commercial,COM-A,300,4,,
KH-CLM-005244,KB0005422,2026-06-26,New York,Medicare,MEDICARE,319,2,,
KH-CLM-005245,KB0005424,2026-06-26,New York,commercial,COM-A,299,1,,
KH-CLM-005246,KB0005425,2026-06-26,New York,commercial,COM-C,250,4,,
KH-CLM-005247,KB0005426,2026-06-26,New York,self-pay,SELF,30,1,,
KH-CLM-005248,KB0005427,2026-06-26,Chicago,commercial,COM-B,149,1,,
KH-CLM-005249,KB0005428,2026-06-26,Chicago,Medicare,MEDICARE,175,3,,
KH-CLM-005250,KB0005429,2026-06-26,Chicago,commercial,COM-C,55,1,,
KH-CLM-005251,KB0005430,2026-06-26,Chicago,self-pay,SELF,150,1,,
KH-CLM-005252,KB0005431,2026-06-26,Chicago,commercial,COM-B,149,1,,
KH-CLM-005253,KB0005432,2026-06-26,Chicago,commercial,COM-B,85,1,,
KH-CLM-005254,KB0005433,2026-06-26,Chicago,commercial,COM-A,149,1,,
KH-CLM-005255,KB0005434,2026-06-26,Chicago,commercial,COM-B,299,1,,missing or invalid information
KH-CLM-005256,KB0005435,2026-06-26,Chicago,commercial,COM-B,250,3,,
KH-CLM-005257,KB0005436,2026-06-26,Atlanta,commercial,COM-A,95,1,,
KH-CLM-005258,KB0005437,2026-06-26,Atlanta,commercial,COM-C,299,1,,
KH-CLM-005259,KB0005438,2026-06-26,Atlanta,Medicare,MEDICARE,320,4,,
KH-CLM-005260,KB0005439,2026-06-26,Atlanta,commercial,COM-C,299,1,,
KH-CLM-005261,KB0005440,2026-06-26,Atlanta,commercial,COM-B,75,2,,
KH-CLM-005262,KB0005441,2026-06-26,Atlanta,commercial,COM-A,60,1,,
KH-CLM-005263,KB0005442,2026-06-26,Atlanta,commercial,COM-C,250,3,,
KH-CLM-005264,KB0005443,2026-06-26,Atlanta,commercial,COM-A,299,1,,
KH-CLM-005265,KB0005444,2026-06-26,Philadelphia,commercial,COM-B,160,3,,
KH-CLM-005266,KB0005445,2026-06-26,Philadelphia,Medicaid,MEDICAID-PA,85,2,,
KH-CLM-005267,KB0005446,2026-06-26,Philadelphia,commercial,COM-C,299,1,,
KH-CLM-005268,KB0005447,2026-06-26,Philadelphia,commercial,COM-A,349,1,,
KH-CLM-005269,KB0005448,2026-06-26,Philadelphia,Medicaid,MEDICAID-PA,299,1,,
KH-CLM-005270,KB0005449,2026-06-26,Philadelphia,self-pay,SELF,85,1,,
KH-CLM-005271,KB0005450,2026-06-27,Dallas,commercial,COM-A,319,2,,missing or invalid information
KH-CLM-005272,KB0005451,2026-06-27,Dallas,Medicaid,MEDICAID-TX,120,3,,
KH-CLM-005273,KB0005452,2026-06-27,Dallas,commercial,COM-C,349,1,,
KH-CLM-005274,KB0005453,2026-06-27,Dallas,Medicare,MEDICARE,349,1,,
KH-CLM-005275,KB0005454,2026-06-27,Dallas,Medicare,MEDICARE,55,2,,
KH-CLM-005276,KB0005455,2026-06-27,Dallas,commercial,COM-C,220,2,,
KH-CLM-005277,KB0005456,2026-06-27,Dallas,commercial,COM-B,299,1,,
KH-CLM-005278,KB0005457,2026-06-27,Dallas,self-pay,SELF,115,2,,
KH-CLM-005279,KB0005458,2026-06-27,Dallas,commercial,COM-B,190,3,,
KH-CLM-005280,KB0005459,2026-06-27,Dallas,commercial,COM-B,160,2,,
KH-CLM-005281,KB0005460,2026-06-27,Dallas,commercial,COM-A,149,1,,
KH-CLM-005282,KB0005461,2026-06-27,Phoenix,Medicaid,MEDICAID-AZ,85,1,,
KH-CLM-005283,KB0005462,2026-06-27,Phoenix,commercial,COM-C,180,2,,
KH-CLM-005284,KB0005463,2026-06-27,Phoenix,commercial,COM-A,90,2,,
KH-CLM-005285,KB0005465,2026-06-27,Phoenix,commercial,COM-A,250,3,,
KH-CLM-005286,KB0005466,2026-06-27,Phoenix,commercial,COM-A,215,4,,
KH-CLM-005287,KB0005467,2026-06-27,Phoenix,commercial,COM-C,299,1,,
KH-CLM-005288,KB0005468,2026-06-27,Phoenix,commercial,COM-C,149,1,,
KH-CLM-005289,KB0005469,2026-06-27,Phoenix,commercial,COM-A,180,2,,medical necessity
KH-CLM-005290,KB0005470,2026-06-27,Phoenix,Medicare,MEDICARE,319,2,,
KH-CLM-005291,KB0005471,2026-06-27,Phoenix,Medicare,MEDICARE,299,1,,
KH-CLM-005292,KB0005472,2026-06-27,Phoenix,commercial,COM-A,60,1,,
KH-CLM-005293,KB0005473,2026-06-27,Phoenix,commercial,COM-C,299,1,,
KH-CLM-005294,KB0005474,2026-06-27,Phoenix,commercial,COM-C,205,4,,
KH-CLM-005295,KB0005475,2026-06-27,Phoenix,commercial,COM-C,125,2,,
KH-CLM-005296,KB0005476,2026-06-27,Phoenix,commercial,COM-A,299,1,,medical necessity
KH-CLM-005297,KB0005477,2026-06-27,New York,Medicare,MEDICARE,149,1,,
KH-CLM-005298,KB0005478,2026-06-27,New York,Medicare,MEDICARE,95,2,,
KH-CLM-005299,KB0005479,2026-06-27,New York,commercial,COM-C,125,3,,
KH-CLM-005300,KB0005480,2026-06-27,New York,self-pay,SELF,320,4,,
KH-CLM-005301,KB0005481,2026-06-27,New York,commercial,COM-B,299,1,,
KH-CLM-005302,KB0005482,2026-06-27,New York,commercial,COM-A,55,1,,
KH-CLM-005303,KB0005483,2026-06-27,New York,Medicare,MEDICARE,95,1,,
KH-CLM-005304,KB0005484,2026-06-27,New York,Medicare,MEDICARE,115,2,,
KH-CLM-005305,KB0005485,2026-06-27,New York,Medicaid,MEDICAID-NY,145,3,,
KH-CLM-005306,KB0005486,2026-06-27,New York,Medicaid,MEDICAID-NY,95,1,,
KH-CLM-005307,KB0005487,2026-06-27,New York,Medicare,MEDICARE,165,3,,
KH-CLM-005308,KB0005488,2026-06-27,New York,self-pay,SELF,319,2,,
KH-CLM-005309,KB0005489,2026-06-27,New York,commercial,COM-A,150,2,,
KH-CLM-005310,KB0005490,2026-06-27,Chicago,commercial,COM-A,30,1,,
KH-CLM-005311,KB0005491,2026-06-27,Chicago,commercial,COM-A,215,4,,
KH-CLM-005312,KB0005492,2026-06-27,Chicago,commercial,COM-B,75,1,,
KH-CLM-005313,KB0005493,2026-06-27,Chicago,self-pay,SELF,349,1,,
KH-CLM-005314,KB0005494,2026-06-27,Atlanta,Medicare,MEDICARE,210,3,,
KH-CLM-005315,KB0005495,2026-06-27,Atlanta,self-pay,SELF,245,4,,
KH-CLM-005316,KB0005496,2026-06-27,Atlanta,self-pay,SELF,115,2,,
KH-CLM-005317,KB0005497,2026-06-27,Atlanta,commercial,COM-B,100,2,,
KH-CLM-005318,KB0005498,2026-06-27,Atlanta,commercial,COM-B,299,1,,
KH-CLM-005319,KB0005499,2026-06-27,Atlanta,Medicaid,MEDICAID-GA,149,1,,
KH-CLM-005320,KB0005500,2026-06-27,Atlanta,commercial,COM-B,85,2,,
KH-CLM-005321,KB0005501,2026-06-27,Atlanta,Medicare,MEDICARE,70,1,,
KH-CLM-005322,KB0005502,2026-06-27,Philadelphia,commercial,COM-C,85,1,,
KH-CLM-005323,KB0005503,2026-06-27,Philadelphia,commercial,COM-C,95,2,,
KH-CLM-005324,KB0005504,2026-06-27,Philadelphia,commercial,COM-C,299,1,,
KH-CLM-005325,KB0005505,2026-06-27,Philadelphia,commercial,COM-A,245,2,,non-covered service
KH-CLM-005326,KB0005506,2026-06-27,Philadelphia,Medicaid,MEDICAID-PA,220,2,,missing or invalid information
KH-CLM-005327,KB0005507,2026-06-27,Philadelphia,commercial,COM-C,55,1,,
KH-CLM-005328,KB0005508,2026-06-27,Philadelphia,commercial,COM-A,25,1,,
KH-CLM-005329,KB0005509,2026-06-27,Philadelphia,Medicare,MEDICARE,165,2,,
KH-CLM-005330,KB0005510,2026-06-27,Philadelphia,Medicaid,MEDICAID-PA,319,2,,
KH-CLM-005331,KB0005511,2026-06-28,Dallas,commercial,COM-A,70,1,,
KH-CLM-005332,KB0005512,2026-06-28,Dallas,Medicaid,MEDICAID-TX,180,4,,
KH-CLM-005333,KB0005513,2026-06-28,Dallas,commercial,COM-C,180,3,,
KH-CLM-005334,KB0005514,2026-06-28,Dallas,Medicaid,MEDICAID-TX,125,2,,
KH-CLM-005335,KB0005515,2026-06-28,Dallas,commercial,COM-C,155,2,,
KH-CLM-005336,KB0005516,2026-06-28,Dallas,commercial,COM-A,205,3,,
KH-CLM-005337,KB0005517,2026-06-28,Dallas,commercial,COM-A,299,1,,
KH-CLM-005338,KB0005518,2026-06-28,Dallas,commercial,COM-B,150,1,,
KH-CLM-005339,KB0005519,2026-06-28,Dallas,Medicare,MEDICARE,55,1,,
KH-CLM-005340,KB0005520,2026-06-28,Dallas,self-pay,SELF,310,4,,
KH-CLM-005341,KB0005521,2026-06-28,Dallas,commercial,COM-A,180,2,,
KH-CLM-005342,KB0005522,2026-06-28,Phoenix,commercial,COM-B,299,1,,
KH-CLM-005343,KB0005523,2026-06-28,Phoenix,Medicare,MEDICARE,150,3,,
KH-CLM-005344,KB0005524,2026-06-28,Phoenix,Medicare,MEDICARE,225,4,,
KH-CLM-005345,KB0005525,2026-06-28,Phoenix,Medicare,MEDICARE,60,1,,
KH-CLM-005346,KB0005526,2026-06-28,Phoenix,commercial,COM-B,65,1,,
KH-CLM-005347,KB0005527,2026-06-28,Phoenix,commercial,COM-B,180,2,,
KH-CLM-005348,KB0005528,2026-06-28,Phoenix,commercial,COM-A,195,4,,
KH-CLM-005349,KB0005529,2026-06-28,Phoenix,Medicare,MEDICARE,149,1,,
KH-CLM-005350,KB0005530,2026-06-28,Phoenix,Medicaid,MEDICAID-AZ,150,1,,
KH-CLM-005351,KB0005531,2026-06-28,Phoenix,commercial,COM-A,160,2,,
KH-CLM-005352,KB0005532,2026-06-28,Phoenix,Medicare,MEDICARE,299,1,,
KH-CLM-005353,KB0005533,2026-06-28,New York,Medicare,MEDICARE,235,2,,
KH-CLM-005354,KB0005534,2026-06-28,New York,commercial,COM-A,200,3,,
KH-CLM-005355,KB0005535,2026-06-28,New York,commercial,COM-A,130,2,,
KH-CLM-005356,KB0005536,2026-06-28,New York,commercial,COM-B,135,3,,
KH-CLM-005357,KB0005537,2026-06-28,New York,commercial,COM-B,265,3,,
KH-CLM-005358,KB0005538,2026-06-28,New York,Medicare,MEDICARE,125,2,,
KH-CLM-005359,KB0005539,2026-06-28,New York,Medicare,MEDICARE,299,1,,
KH-CLM-005360,KB0005540,2026-06-28,New York,Medicaid,MEDICAID-NY,115,2,,missing or invalid information
KH-CLM-005361,KB0005541,2026-06-28,New York,commercial,COM-A,160,2,,
KH-CLM-005362,KB0005542,2026-06-28,Chicago,commercial,COM-C,299,1,,
KH-CLM-005363,KB0005543,2026-06-28,Chicago,commercial,COM-A,299,1,,
KH-CLM-005364,KB0005544,2026-06-28,Chicago,Medicare,MEDICARE,155,3,,
KH-CLM-005365,KB0005545,2026-06-28,Chicago,commercial,COM-B,195,2,,
KH-CLM-005366,KB0005546,2026-06-28,Chicago,commercial,COM-B,30,1,,
KH-CLM-005367,KB0005547,2026-06-28,Chicago,self-pay,SELF,145,2,,
KH-CLM-005368,KB0005548,2026-06-28,Atlanta,Medicare,MEDICARE,335,4,,
KH-CLM-005369,KB0005549,2026-06-28,Atlanta,Medicare,MEDICARE,299,1,,
KH-CLM-005370,KB0005550,2026-06-28,Atlanta,commercial,COM-A,349,1,,
KH-CLM-005371,KB0005551,2026-06-28,Atlanta,Medicare,MEDICARE,299,1,,duplicate claim
KH-CLM-005372,KB0005552,2026-06-28,Atlanta,Medicaid,MEDICAID-GA,305,3,,
KH-CLM-005373,KB0005553,2026-06-28,Atlanta,Medicaid,MEDICAID-GA,105,3,,
KH-CLM-005374,KB0005554,2026-06-28,Atlanta,self-pay,SELF,30,1,,
KH-CLM-005375,KB0005555,2026-06-28,Atlanta,commercial,COM-B,299,1,,missing or invalid information
KH-CLM-005376,KB0005556,2026-06-28,Atlanta,Medicaid,MEDICAID-GA,55,1,,
KH-CLM-005377,KB0005557,2026-06-28,Philadelphia,Medicare,MEDICARE,70,1,,
KH-CLM-005378,KB0005558,2026-06-28,Philadelphia,Medicare,MEDICARE,149,1,,
KH-CLM-005379,KB0005559,2026-06-28,Philadelphia,commercial,COM-A,149,1,,
KH-CLM-005380,KB0005560,2026-06-28,Philadelphia,Medicaid,MEDICAID-PA,140,2,,missing or invalid information
KH-CLM-005381,KB0005561,2026-06-28,Philadelphia,commercial,COM-C,45,1,,
KH-CLM-005382,KB0005562,2026-06-28,Philadelphia,Medicaid,MEDICAID-PA,90,2,,eligibility or coverage
KH-CLM-005383,KB0005563,2026-06-29,Dallas,commercial,COM-C,225,4,,
KH-CLM-005384,KB0005564,2026-06-29,Dallas,Medicare,MEDICARE,100,2,,
KH-CLM-005385,KB0005565,2026-06-29,Dallas,commercial,COM-C,299,1,,
KH-CLM-005386,KB0005566,2026-06-29,Dallas,commercial,COM-C,150,1,,
KH-CLM-005387,KB0005567,2026-06-29,Dallas,Medicare,MEDICARE,319,2,,
KH-CLM-005388,KB0005568,2026-06-29,Dallas,commercial,COM-A,250,3,,
KH-CLM-005389,KB0005569,2026-06-29,Dallas,Medicare,MEDICARE,70,2,,non-covered service
KH-CLM-005390,KB0005570,2026-06-29,Dallas,commercial,COM-B,30,1,,
KH-CLM-005391,KB0005571,2026-06-29,Dallas,self-pay,SELF,149,1,,
KH-CLM-005392,KB0005572,2026-06-29,Dallas,Medicaid,MEDICAID-TX,250,4,,
KH-CLM-005393,KB0005573,2026-06-29,Dallas,commercial,COM-A,140,3,,
KH-CLM-005394,KB0005574,2026-06-29,Dallas,commercial,COM-C,120,2,,
KH-CLM-005395,KB0005575,2026-06-29,Dallas,commercial,COM-B,110,2,,
KH-CLM-005396,KB0005576,2026-06-29,Dallas,commercial,COM-A,200,3,,
KH-CLM-005397,KB0005577,2026-06-29,Dallas,commercial,COM-B,225,3,,
KH-CLM-005398,KB0005578,2026-06-29,Dallas,commercial,COM-A,115,2,,
KH-CLM-005399,KB0005579,2026-06-29,Dallas,Medicaid,MEDICAID-TX,120,3,,
KH-CLM-005400,KB0005580,2026-06-29,Dallas,commercial,COM-B,100,2,,
KH-CLM-005401,KB0005581,2026-06-29,Phoenix,Medicaid,MEDICAID-AZ,140,2,,
KH-CLM-005402,KB0005582,2026-06-29,Phoenix,commercial,COM-A,299,1,,
KH-CLM-005403,KB0005583,2026-06-29,Phoenix,commercial,COM-A,299,1,,
KH-CLM-005404,KB0005584,2026-06-29,Phoenix,Medicare,MEDICARE,200,3,,
KH-CLM-005405,KB0005585,2026-06-29,Phoenix,commercial,COM-A,235,2,,
KH-CLM-005406,KB0005586,2026-06-29,Phoenix,commercial,COM-B,149,1,,
KH-CLM-005407,KB0005587,2026-06-29,Phoenix,Medicaid,MEDICAID-AZ,155,2,,
KH-CLM-005408,KB0005588,2026-06-29,Phoenix,commercial,COM-C,170,2,,
KH-CLM-005409,KB0005589,2026-06-29,Phoenix,commercial,COM-C,299,1,,non-covered service
KH-CLM-005410,KB0005590,2026-06-29,Phoenix,commercial,COM-B,70,1,,
KH-CLM-005411,KB0005591,2026-06-29,Phoenix,commercial,COM-B,75,1,,
KH-CLM-005412,KB0005592,2026-06-29,Phoenix,commercial,COM-A,349,1,,
KH-CLM-005413,KB0005593,2026-06-29,Phoenix,commercial,COM-A,190,4,,
KH-CLM-005414,KB0005594,2026-06-29,New York,commercial,COM-A,190,3,,eligibility or coverage
KH-CLM-005415,KB0005595,2026-06-29,New York,Medicaid,MEDICAID-NY,125,3,,
KH-CLM-005416,KB0005596,2026-06-29,New York,Medicare,MEDICARE,75,2,,
KH-CLM-005417,KB0005597,2026-06-29,New York,self-pay,SELF,230,4,,
KH-CLM-005418,KB0005598,2026-06-29,New York,Medicare,MEDICARE,255,3,,
KH-CLM-005419,KB0005599,2026-06-29,New York,commercial,COM-B,265,4,,
KH-CLM-005420,KB0005600,2026-06-29,New York,commercial,COM-B,349,1,,eligibility or coverage
KH-CLM-005421,KB0005601,2026-06-29,New York,commercial,COM-C,149,1,,
KH-CLM-005422,KB0005602,2026-06-29,New York,Medicare,MEDICARE,299,1,,
KH-CLM-005423,KB0005604,2026-06-29,New York,commercial,COM-A,95,1,,
KH-CLM-005424,KB0005605,2026-06-29,Chicago,commercial,COM-B,195,2,,
KH-CLM-005425,KB0005606,2026-06-29,Chicago,commercial,COM-C,250,5,,
KH-CLM-005426,KB0005607,2026-06-29,Chicago,Medicaid,MEDICAID-IL,75,1,,
KH-CLM-005427,KB0005608,2026-06-29,Chicago,Medicare,MEDICARE,30,1,,
KH-CLM-005428,KB0005609,2026-06-29,Chicago,commercial,COM-C,299,1,,
KH-CLM-005429,KB0005610,2026-06-29,Chicago,commercial,COM-B,319,2,,
KH-CLM-005430,KB0005611,2026-06-29,Chicago,commercial,COM-B,240,4,,
KH-CLM-005431,KB0005612,2026-06-29,Chicago,commercial,COM-B,150,1,,prior authorization
KH-CLM-005432,KB0005613,2026-06-29,Atlanta,commercial,COM-B,175,2,,
KH-CLM-005433,KB0005614,2026-06-29,Atlanta,Medicare,MEDICARE,85,2,,
KH-CLM-005434,KB0005615,2026-06-29,Atlanta,Medicare,MEDICARE,299,1,,
KH-CLM-005435,KB0005616,2026-06-29,Atlanta,commercial,COM-A,349,1,,missing or invalid information
KH-CLM-005436,KB0005617,2026-06-29,Atlanta,Medicare,MEDICARE,65,1,,
KH-CLM-005437,KB0005618,2026-06-29,Atlanta,Medicaid,MEDICAID-GA,70,1,,
KH-CLM-005438,KB0005619,2026-06-29,Atlanta,commercial,COM-B,150,3,,
KH-CLM-005439,KB0005620,2026-06-29,Atlanta,Medicaid,MEDICAID-GA,95,2,,
KH-CLM-005440,KB0005621,2026-06-29,Philadelphia,commercial,COM-C,299,1,,
KH-CLM-005441,KB0005622,2026-06-29,Philadelphia,commercial,COM-C,169,2,,
KH-CLM-005442,KB0005623,2026-06-29,Philadelphia,Medicare,MEDICARE,105,2,,
KH-CLM-005443,KB0005624,2026-06-29,Philadelphia,commercial,COM-A,149,1,,
KH-CLM-005444,KB0005625,2026-06-29,Philadelphia,commercial,COM-C,190,4,,
KH-CLM-005445,KB0005626,2026-06-29,Philadelphia,Medicare,MEDICARE,120,2,,
KH-CLM-005446,KB0005627,2026-06-29,Philadelphia,commercial,COM-C,75,1,,
KH-CLM-005447,KB0005628,2026-06-29,Philadelphia,Medicare,MEDICARE,149,1,,
KH-CLM-005448,KB0005629,2026-06-29,Philadelphia,self-pay,SELF,299,1,,
KH-CLM-005449,KB0005630,2026-06-29,Philadelphia,self-pay,SELF,349,1,,
KH-CLM-005450,KB0005631,2026-06-30,Dallas,Medicaid,MEDICAID-TX,149,1,,
KH-CLM-005451,KB0005632,2026-06-30,Dallas,Medicaid,MEDICAID-TX,255,3,,
KH-CLM-005452,KB0005633,2026-06-30,Dallas,self-pay,SELF,299,1,,
KH-CLM-005453,KB0005634,2026-06-30,Dallas,commercial,COM-A,125,2,,duplicate claim
KH-CLM-005454,KB0005635,2026-06-30,Dallas,commercial,COM-B,149,1,,
KH-CLM-005455,KB0005637,2026-06-30,Dallas,Medicare,MEDICARE,30,1,,
KH-CLM-005456,KB0005638,2026-06-30,Dallas,Medicaid,MEDICAID-TX,60,1,,
KH-CLM-005457,KB0005639,2026-06-30,Dallas,self-pay,SELF,335,4,,
KH-CLM-005458,KB0005640,2026-06-30,Dallas,commercial,COM-B,30,1,,
KH-CLM-005459,KB0005641,2026-06-30,Dallas,Medicaid,MEDICAID-TX,225,4,,
KH-CLM-005460,KB0005642,2026-06-30,Dallas,commercial,COM-C,180,2,,
KH-CLM-005461,KB0005643,2026-06-30,Phoenix,Medicaid,MEDICAID-AZ,299,1,,timely filing
KH-CLM-005462,KB0005644,2026-06-30,Phoenix,commercial,COM-A,145,2,,
KH-CLM-005463,KB0005645,2026-06-30,Phoenix,commercial,COM-A,215,2,,
KH-CLM-005464,KB0005646,2026-06-30,Phoenix,Medicare,MEDICARE,230,4,,
KH-CLM-005465,KB0005647,2026-06-30,Phoenix,Medicare,MEDICARE,70,1,,
KH-CLM-005466,KB0005648,2026-06-30,Phoenix,commercial,COM-A,55,1,,
KH-CLM-005467,KB0005649,2026-06-30,Phoenix,Medicaid,MEDICAID-AZ,390,4,,
KH-CLM-005468,KB0005650,2026-06-30,Phoenix,commercial,COM-C,340,4,,prior authorization
KH-CLM-005469,KB0005651,2026-06-30,Phoenix,Medicaid,MEDICAID-AZ,55,1,,
KH-CLM-005470,KB0005652,2026-06-30,Phoenix,Medicare,MEDICARE,105,2,,
KH-CLM-005471,KB0005653,2026-06-30,Phoenix,commercial,COM-A,180,3,,
KH-CLM-005472,KB0005654,2026-06-30,Phoenix,Medicare,MEDICARE,85,1,,
KH-CLM-005473,KB0005655,2026-06-30,Phoenix,commercial,COM-C,30,1,,
KH-CLM-005474,KB0005656,2026-06-30,Phoenix,Medicare,MEDICARE,105,2,,
KH-CLM-005475,KB0005657,2026-06-30,Phoenix,Medicare,MEDICARE,140,2,,
KH-CLM-005476,KB0005658,2026-06-30,Phoenix,commercial,COM-B,185,3,,
KH-CLM-005477,KB0005659,2026-06-30,New York,Medicaid,MEDICAID-NY,190,4,,
KH-CLM-005478,KB0005660,2026-06-30,New York,commercial,COM-C,299,1,,
KH-CLM-005479,KB0005661,2026-06-30,New York,commercial,COM-C,70,1,,
KH-CLM-005480,KB0005662,2026-06-30,New York,commercial,COM-A,150,3,,
KH-CLM-005481,KB0005663,2026-06-30,New York,commercial,COM-C,55,1,,
KH-CLM-005482,KB0005664,2026-06-30,New York,self-pay,SELF,349,1,,
KH-CLM-005483,KB0005665,2026-06-30,New York,Medicaid,MEDICAID-NY,50,2,,
KH-CLM-005484,KB0005666,2026-06-30,New York,Medicare,MEDICARE,225,3,,
KH-CLM-005485,KB0005667,2026-06-30,New York,Medicaid,MEDICAID-NY,149,1,,
KH-CLM-005486,KB0005668,2026-06-30,Chicago,Medicaid,MEDICAID-IL,30,1,,missing or invalid information
KH-CLM-005487,KB0005669,2026-06-30,Chicago,Medicare,MEDICARE,65,1,,
KH-CLM-005488,KB0005670,2026-06-30,Chicago,commercial,COM-C,235,2,,
KH-CLM-005489,KB0005671,2026-06-30,Chicago,self-pay,SELF,319,2,,
KH-CLM-005490,KB0005673,2026-06-30,Chicago,commercial,COM-B,149,1,,
KH-CLM-005491,KB0005674,2026-06-30,Chicago,commercial,COM-B,60,1,,missing or invalid information
KH-CLM-005492,KB0005675,2026-06-30,Chicago,Medicaid,MEDICAID-IL,215,4,,
KH-CLM-005493,KB0005676,2026-06-30,Chicago,commercial,COM-A,310,3,,
KH-CLM-005494,KB0005677,2026-06-30,Chicago,commercial,COM-B,25,1,,
KH-CLM-005495,KB0005678,2026-06-30,Atlanta,commercial,COM-C,65,1,,
KH-CLM-005496,KB0005679,2026-06-30,Atlanta,Medicare,MEDICARE,200,4,,
KH-CLM-005497,KB0005680,2026-06-30,Atlanta,self-pay,SELF,110,2,,
KH-CLM-005498,KB0005682,2026-06-30,Atlanta,Medicaid,MEDICAID-GA,95,1,,non-covered service
KH-CLM-005499,KB0005683,2026-06-30,Atlanta,Medicare,MEDICARE,55,1,,
KH-CLM-005500,KB0005684,2026-06-30,Atlanta,commercial,COM-A,149,1,,non-covered service
KH-CLM-005501,KB0005685,2026-06-30,Atlanta,commercial,COM-A,75,2,,
KH-CLM-005502,KB0005686,2026-06-30,Philadelphia,commercial,COM-C,95,1,,
KH-CLM-005503,KB0005687,2026-06-30,Philadelphia,Medicaid,MEDICAID-PA,130,3,,
KH-CLM-005504,KB0005688,2026-06-30,Philadelphia,commercial,COM-C,180,4,,
KH-CLM-005505,KB0005689,2026-06-30,Philadelphia,Medicare,MEDICARE,70,1,,
KH-CLM-005506,KB0005690,2026-06-30,Philadelphia,Medicaid,MEDICAID-PA,105,2,,eligibility or coverage
KH-CLM-005507,KB0005691,2026-06-30,Philadelphia,commercial,COM-A,70,1,,eligibility or coverage
KH-CLM-005508,KB0005692,2026-06-30,Philadelphia,commercial,COM-B,85,2,,
KH-CLM-005509,KB0005693,2026-07-01,Dallas,self-pay,SELF,65,1,,
KH-CLM-005510,KB0005694,2026-07-01,Dallas,commercial,COM-A,85,1,,
KH-CLM-005511,KB0005695,2026-07-01,Dallas,Medicare,MEDICARE,149,1,,
KH-CLM-005512,KB0005696,2026-07-01,Dallas,Medicaid,MEDICAID-TX,75,1,,
KH-CLM-005513,KB0005697,2026-07-01,Dallas,Medicaid,MEDICAID-TX,149,1,,
KH-CLM-005514,KB0005699,2026-07-01,Dallas,commercial,COM-B,169,2,,medical necessity
KH-CLM-005515,KB0005700,2026-07-01,Dallas,commercial,COM-A,149,1,,
KH-CLM-005516,KB0005701,2026-07-01,Dallas,commercial,COM-A,170,2,,
KH-CLM-005517,KB0005702,2026-07-01,Dallas,Medicare,MEDICARE,180,2,,
KH-CLM-005518,KB0005703,2026-07-01,Dallas,commercial,COM-C,95,1,,
KH-CLM-005519,KB0005704,2026-07-01,Dallas,self-pay,SELF,160,2,,
KH-CLM-005520,KB0005705,2026-07-01,Dallas,commercial,COM-C,349,1,,
KH-CLM-005521,KB0005706,2026-07-01,Dallas,Medicare,MEDICARE,349,1,,
KH-CLM-005522,KB0005707,2026-07-01,Dallas,Medicare,MEDICARE,200,3,,
KH-CLM-005523,KB0005708,2026-07-01,Phoenix,commercial,COM-B,180,2,,
KH-CLM-005524,KB0005709,2026-07-01,Phoenix,commercial,COM-C,210,4,,missing or invalid information
KH-CLM-005525,KB0005710,2026-07-01,Phoenix,Medicaid,MEDICAID-AZ,85,1,,
KH-CLM-005526,KB0005711,2026-07-01,Phoenix,commercial,COM-B,195,4,,prior authorization
KH-CLM-005527,KB0005712,2026-07-01,Phoenix,commercial,COM-C,85,1,,
KH-CLM-005528,KB0005713,2026-07-01,Phoenix,self-pay,SELF,30,1,,
KH-CLM-005529,KB0005714,2026-07-01,Phoenix,commercial,COM-B,310,4,,eligibility or coverage
KH-CLM-005530,KB0005715,2026-07-01,Phoenix,Medicaid,MEDICAID-AZ,165,3,,
KH-CLM-005531,KB0005716,2026-07-01,Phoenix,commercial,COM-B,85,1,,
KH-CLM-005532,KB0005717,2026-07-01,Phoenix,commercial,COM-B,90,2,,
KH-CLM-005533,KB0005718,2026-07-01,Phoenix,Medicare,MEDICARE,55,1,,duplicate claim
KH-CLM-005534,KB0005720,2026-07-01,New York,commercial,COM-A,349,1,,
KH-CLM-005535,KB0005721,2026-07-01,New York,commercial,COM-B,220,2,,
KH-CLM-005536,KB0005722,2026-07-01,New York,Medicare,MEDICARE,75,2,,
KH-CLM-005537,KB0005724,2026-07-01,New York,Medicare,MEDICARE,65,1,,
KH-CLM-005538,KB0005725,2026-07-01,New York,commercial,COM-A,95,2,,
KH-CLM-005539,KB0005726,2026-07-01,New York,Medicaid,MEDICAID-NY,180,2,,
KH-CLM-005540,KB0005727,2026-07-01,New York,commercial,COM-C,149,1,,
KH-CLM-005541,KB0005728,2026-07-01,New York,commercial,COM-B,125,2,,
KH-CLM-005542,KB0005729,2026-07-01,Chicago,Medicare,MEDICARE,95,1,,
KH-CLM-005543,KB0005730,2026-07-01,Chicago,commercial,COM-B,299,1,,non-covered service
KH-CLM-005544,KB0005731,2026-07-01,Chicago,commercial,COM-A,120,2,,
KH-CLM-005545,KB0005732,2026-07-01,Chicago,commercial,COM-C,110,2,,
KH-CLM-005546,KB0005733,2026-07-01,Chicago,self-pay,SELF,349,1,,
KH-CLM-005547,KB0005734,2026-07-01,Chicago,Medicare,MEDICARE,25,1,,
KH-CLM-005548,KB0005735,2026-07-01,Chicago,commercial,COM-B,160,3,,
KH-CLM-005549,KB0005736,2026-07-01,Chicago,Medicare,MEDICARE,140,2,,
KH-CLM-005550,KB0005737,2026-07-01,Chicago,Medicare,MEDICARE,210,3,,
KH-CLM-005551,KB0005738,2026-07-01,Chicago,Medicare,MEDICARE,45,1,,
KH-CLM-005552,KB0005739,2026-07-01,Chicago,commercial,COM-C,299,1,,
KH-CLM-005553,KB0005740,2026-07-01,Chicago,commercial,COM-C,299,1,,missing or invalid information
KH-CLM-005554,KB0005741,2026-07-01,Atlanta,Medicare,MEDICARE,149,1,,
KH-CLM-005555,KB0005742,2026-07-01,Atlanta,commercial,COM-A,125,2,,
KH-CLM-005556,KB0005743,2026-07-01,Atlanta,commercial,COM-A,299,1,,
KH-CLM-005557,KB0005744,2026-07-01,Atlanta,Medicare,MEDICARE,210,4,,
KH-CLM-005558,KB0005745,2026-07-01,Atlanta,commercial,COM-A,250,3,,
KH-CLM-005559,KB0005746,2026-07-01,Atlanta,commercial,COM-B,299,1,,
KH-CLM-005560,KB0005747,2026-07-01,Atlanta,commercial,COM-A,75,2,,
KH-CLM-005561,KB0005749,2026-07-01,Atlanta,commercial,COM-C,75,2,,
KH-CLM-005562,KB0005750,2026-07-01,Philadelphia,Medicare,MEDICARE,349,1,,
KH-CLM-005563,KB0005751,2026-07-01,Philadelphia,self-pay,SELF,295,4,,
KH-CLM-005564,KB0005752,2026-07-01,Philadelphia,commercial,COM-A,130,2,,
KH-CLM-005565,KB0005753,2026-07-01,Philadelphia,commercial,COM-A,150,1,,
KH-CLM-005566,KB0005754,2026-07-02,Dallas,Medicare,MEDICARE,195,2,,
KH-CLM-005567,KB0005755,2026-07-02,Dallas,commercial,COM-C,340,5,,
KH-CLM-005568,KB0005756,2026-07-02,Dallas,Medicare,MEDICARE,75,2,,
KH-CLM-005569,KB0005757,2026-07-02,Dallas,commercial,COM-A,319,2,,
KH-CLM-005570,KB0005758,2026-07-02,Dallas,commercial,COM-A,299,1,,eligibility or coverage
KH-CLM-005571,KB0005759,2026-07-02,Dallas,commercial,COM-B,319,2,,
KH-CLM-005572,KB0005760,2026-07-02,Dallas,commercial,COM-C,130,3,,
KH-CLM-005573,KB0005761,2026-07-02,Dallas,commercial,COM-A,299,1,,non-covered service
KH-CLM-005574,KB0005762,2026-07-02,Dallas,commercial,COM-A,149,1,,
KH-CLM-005575,KB0005763,2026-07-02,Dallas,commercial,COM-C,190,4,,
KH-CLM-005576,KB0005764,2026-07-02,Dallas,Medicare,MEDICARE,299,1,,
KH-CLM-005577,KB0005765,2026-07-02,Dallas,commercial,COM-B,349,1,,
KH-CLM-005578,KB0005766,2026-07-02,Phoenix,commercial,COM-A,85,1,,
KH-CLM-005579,KB0005767,2026-07-02,Phoenix,commercial,COM-A,185,3,,
KH-CLM-005580,KB0005768,2026-07-02,Phoenix,Medicare,MEDICARE,299,1,,
KH-CLM-005581,KB0005769,2026-07-02,Phoenix,commercial,COM-B,285,4,,
KH-CLM-005582,KB0005770,2026-07-02,Phoenix,commercial,COM-B,60,1,,missing or invalid information
KH-CLM-005583,KB0005772,2026-07-02,Phoenix,commercial,COM-A,160,2,,
KH-CLM-005584,KB0005773,2026-07-02,Phoenix,Medicare,MEDICARE,55,2,,
KH-CLM-005585,KB0005774,2026-07-02,Phoenix,commercial,COM-C,149,1,,
KH-CLM-005586,KB0005775,2026-07-02,Phoenix,Medicaid,MEDICAID-AZ,240,4,,prior authorization
KH-CLM-005587,KB0005776,2026-07-02,Phoenix,commercial,COM-C,155,2,,
KH-CLM-005588,KB0005777,2026-07-02,Phoenix,Medicaid,MEDICAID-AZ,299,1,,
KH-CLM-005589,KB0005778,2026-07-02,Phoenix,Medicare,MEDICARE,349,1,,
KH-CLM-005590,KB0005779,2026-07-02,Phoenix,Medicare,MEDICARE,125,2,,
KH-CLM-005591,KB0005780,2026-07-02,Phoenix,commercial,COM-A,215,3,,
KH-CLM-005592,KB0005781,2026-07-02,Phoenix,commercial,COM-A,260,4,,
KH-CLM-005593,KB0005782,2026-07-02,Phoenix,self-pay,SELF,120,2,,
KH-CLM-005594,KB0005783,2026-07-02,New York,commercial,COM-C,299,1,,
KH-CLM-005595,KB0005784,2026-07-02,New York,commercial,COM-B,165,3,,
KH-CLM-005596,KB0005785,2026-07-02,New York,Medicare,MEDICARE,75,1,,
KH-CLM-005597,KB0005786,2026-07-02,New York,Medicaid,MEDICAID-NY,299,1,,
KH-CLM-005598,KB0005787,2026-07-02,New York,commercial,COM-A,150,1,,
KH-CLM-005599,KB0005788,2026-07-02,New York,self-pay,SELF,195,3,,
KH-CLM-005600,KB0005789,2026-07-02,New York,Medicaid,MEDICAID-NY,225,2,,
KH-CLM-005601,KB0005790,2026-07-02,New York,commercial,COM-A,270,4,,
KH-CLM-005602,KB0005791,2026-07-02,New York,Medicare,MEDICARE,205,2,,
KH-CLM-005603,KB0005793,2026-07-02,New York,commercial,COM-B,149,1,,
KH-CLM-005604,KB0005794,2026-07-02,New York,Medicare,MEDICARE,115,2,,
KH-CLM-005605,KB0005795,2026-07-02,New York,Medicaid,MEDICAID-NY,170,3,,eligibility or coverage
KH-CLM-005606,KB0005796,2026-07-02,Chicago,commercial,COM-A,299,1,,prior authorization
KH-CLM-005607,KB0005797,2026-07-02,Chicago,Medicaid,MEDICAID-IL,115,2,,medical necessity
KH-CLM-005608,KB0005798,2026-07-02,Chicago,Medicare,MEDICARE,75,2,,
KH-CLM-005609,KB0005799,2026-07-02,Chicago,commercial,COM-A,180,2,,
KH-CLM-005610,KB0005800,2026-07-02,Chicago,commercial,COM-A,25,1,,
KH-CLM-005611,KB0005801,2026-07-02,Chicago,commercial,COM-B,150,1,,
KH-CLM-005612,KB0005802,2026-07-02,Chicago,commercial,COM-A,205,2,,
KH-CLM-005613,KB0005803,2026-07-02,Chicago,Medicare,MEDICARE,150,3,,
KH-CLM-005614,KB0005804,2026-07-02,Chicago,Medicare,MEDICARE,230,4,,
KH-CLM-005615,KB0005805,2026-07-02,Atlanta,Medicare,MEDICARE,280,3,,
KH-CLM-005616,KB0005806,2026-07-02,Atlanta,Medicaid,MEDICAID-GA,255,4,,
KH-CLM-005617,KB0005807,2026-07-02,Atlanta,Medicare,MEDICARE,295,4,,
KH-CLM-005618,KB0005808,2026-07-02,Atlanta,Medicare,MEDICARE,300,4,,
KH-CLM-005619,KB0005809,2026-07-02,Atlanta,self-pay,SELF,180,2,,
KH-CLM-005620,KB0005810,2026-07-02,Atlanta,Medicare,MEDICARE,65,1,,
KH-CLM-005621,KB0005811,2026-07-02,Atlanta,Medicare,MEDICARE,155,2,,
KH-CLM-005622,KB0005812,2026-07-02,Atlanta,commercial,COM-B,149,1,,
KH-CLM-005623,KB0005813,2026-07-02,Atlanta,self-pay,SELF,150,3,,
KH-CLM-005624,KB0005814,2026-07-02,Atlanta,commercial,COM-B,280,3,,
KH-CLM-005625,KB0005815,2026-07-02,Atlanta,commercial,COM-B,299,1,,
KH-CLM-005626,KB0005816,2026-07-02,Atlanta,commercial,COM-B,125,2,,
KH-CLM-005627,KB0005817,2026-07-02,Philadelphia,commercial,COM-C,299,1,,
KH-CLM-005628,KB0005818,2026-07-02,Philadelphia,self-pay,SELF,149,1,,
KH-CLM-005629,KB0005819,2026-07-02,Philadelphia,Medicare,MEDICARE,90,2,,
KH-CLM-005630,KB0005820,2026-07-02,Philadelphia,Medicare,MEDICARE,149,1,,duplicate claim
KH-CLM-005631,KB0005821,2026-07-02,Philadelphia,commercial,COM-C,210,4,,
KH-CLM-005632,KB0005822,2026-07-02,Philadelphia,commercial,COM-B,135,3,,
KH-CLM-005633,KB0005823,2026-07-02,Philadelphia,commercial,COM-C,149,1,,
KH-CLM-005634,KB0005824,2026-07-02,Philadelphia,Medicaid,MEDICAID-PA,250,4,,
KH-CLM-005635,KB0005825,2026-07-03,Dallas,Medicare,MEDICARE,105,2,,
KH-CLM-005636,KB0005826,2026-07-03,Dallas,Medicare,MEDICARE,210,4,,
KH-CLM-005637,KB0005827,2026-07-03,Dallas,commercial,COM-A,65,1,,
KH-CLM-005638,KB0005828,2026-07-03,Dallas,Medicaid,MEDICAID-TX,60,1,,
KH-CLM-005639,KB0005829,2026-07-03,Dallas,commercial,COM-C,355,4,,
KH-CLM-005640,KB0005830,2026-07-03,Dallas,commercial,COM-A,140,2,,
KH-CLM-005641,KB0005831,2026-07-03,Dallas,Medicare,MEDICARE,319,2,,
KH-CLM-005642,KB0005832,2026-07-03,Dallas,Medicaid,MEDICAID-TX,30,1,,
KH-CLM-005643,KB0005833,2026-07-03,Dallas,commercial,COM-C,90,2,,
KH-CLM-005644,KB0005834,2026-07-03,Dallas,self-pay,SELF,260,4,,
KH-CLM-005645,KB0005835,2026-07-03,Dallas,commercial,COM-A,135,2,,
KH-CLM-005646,KB0005836,2026-07-03,Phoenix,commercial,COM-A,255,4,,
KH-CLM-005647,KB0005837,2026-07-03,Phoenix,Medicare,MEDICARE,299,1,,
KH-CLM-005648,KB0005838,2026-07-03,Phoenix,commercial,COM-C,65,1,,
KH-CLM-005649,KB0005839,2026-07-03,Phoenix,Medicaid,MEDICAID-AZ,369,2,,
KH-CLM-005650,KB0005840,2026-07-03,Phoenix,commercial,COM-A,60,1,,
KH-CLM-005651,KB0005841,2026-07-03,Phoenix,Medicaid,MEDICAID-AZ,70,2,,
KH-CLM-005652,KB0005842,2026-07-03,Phoenix,Medicaid,MEDICAID-AZ,349,1,,eligibility or coverage
KH-CLM-005653,KB0005843,2026-07-03,Phoenix,Medicaid,MEDICAID-AZ,140,2,,
KH-CLM-005654,KB0005844,2026-07-03,Phoenix,Medicare,MEDICARE,265,4,,
KH-CLM-005655,KB0005845,2026-07-03,Phoenix,Medicaid,MEDICAID-AZ,180,2,,
KH-CLM-005656,KB0005846,2026-07-03,Phoenix,commercial,COM-A,25,1,,
KH-CLM-005657,KB0005847,2026-07-03,Phoenix,commercial,COM-C,280,3,,eligibility or coverage
KH-CLM-005658,KB0005848,2026-07-03,Phoenix,commercial,COM-A,30,1,,
KH-CLM-005659,KB0005849,2026-07-03,Phoenix,commercial,COM-C,125,2,,
KH-CLM-005660,KB0005850,2026-07-03,Phoenix,self-pay,SELF,149,1,,
KH-CLM-005661,KB0005851,2026-07-03,Phoenix,Medicare,MEDICARE,220,4,,
KH-CLM-005662,KB0005852,2026-07-03,New York,Medicaid,MEDICAID-NY,120,2,,
KH-CLM-005663,KB0005853,2026-07-03,New York,commercial,COM-B,115,2,,
KH-CLM-005664,KB0005854,2026-07-03,New York,commercial,COM-A,75,1,,
KH-CLM-005665,KB0005855,2026-07-03,New York,commercial,COM-B,95,2,,
KH-CLM-005666,KB0005856,2026-07-03,New York,Medicaid,MEDICAID-NY,75,1,,prior authorization
KH-CLM-005667,KB0005857,2026-07-03,New York,Medicare,MEDICARE,365,4,,
KH-CLM-005668,KB0005858,2026-07-03,New York,commercial,COM-C,85,1,,
KH-CLM-005669,KB0005859,2026-07-03,New York,self-pay,SELF,30,1,,
KH-CLM-005670,KB0005860,2026-07-03,New York,Medicare,MEDICARE,265,4,,
KH-CLM-005671,KB0005861,2026-07-03,New York,Medicare,MEDICARE,315,4,,
KH-CLM-005672,KB0005862,2026-07-03,New York,Medicaid,MEDICAID-NY,299,1,,eligibility or coverage
KH-CLM-005673,KB0005863,2026-07-03,New York,Medicare,MEDICARE,349,1,,
KH-CLM-005674,KB0005864,2026-07-03,Chicago,commercial,COM-C,169,2,,
KH-CLM-005675,KB0005865,2026-07-03,Chicago,Medicare,MEDICARE,295,4,,
KH-CLM-005676,KB0005866,2026-07-03,Chicago,commercial,COM-B,70,2,,
KH-CLM-005677,KB0005867,2026-07-03,Chicago,Medicare,MEDICARE,349,1,,
KH-CLM-005678,KB0005868,2026-07-03,Chicago,Medicare,MEDICARE,170,3,,
KH-CLM-005679,KB0005869,2026-07-03,Chicago,commercial,COM-A,55,1,,
KH-CLM-005680,KB0005870,2026-07-03,Chicago,Medicare,MEDICARE,75,2,,
KH-CLM-005681,KB0005871,2026-07-03,Chicago,commercial,COM-C,90,2,,
KH-CLM-005682,KB0005872,2026-07-03,Chicago,Medicare,MEDICARE,175,4,,
KH-CLM-005683,KB0005873,2026-07-03,Chicago,commercial,COM-B,349,1,,medical necessity
KH-CLM-005684,KB0005874,2026-07-03,Chicago,commercial,COM-C,105,2,,
KH-CLM-005685,KB0005875,2026-07-03,Chicago,commercial,COM-B,150,1,,
KH-CLM-005686,KB0005876,2026-07-03,Atlanta,commercial,COM-C,349,1,,non-covered service
KH-CLM-005687,KB0005877,2026-07-03,Atlanta,commercial,COM-B,225,3,,
KH-CLM-005688,KB0005878,2026-07-03,Atlanta,commercial,COM-C,130,3,,
KH-CLM-005689,KB0005879,2026-07-03,Atlanta,Medicare,MEDICARE,85,2,,
KH-CLM-005690,KB0005880,2026-07-03,Atlanta,Medicare,MEDICARE,299,1,,missing or invalid information
KH-CLM-005691,KB0005881,2026-07-03,Atlanta,commercial,COM-B,115,3,,
KH-CLM-005692,KB0005882,2026-07-03,Atlanta,Medicaid,MEDICAID-GA,285,4,,
KH-CLM-005693,KB0005883,2026-07-03,Atlanta,Medicare,MEDICARE,140,2,,
KH-CLM-005694,KB0005884,2026-07-03,Atlanta,Medicare,MEDICARE,90,2,,
KH-CLM-005695,KB0005885,2026-07-03,Philadelphia,Medicaid,MEDICAID-PA,170,4,,
KH-CLM-005696,KB0005886,2026-07-03,Philadelphia,commercial,COM-C,30,1,,
KH-CLM-005697,KB0005887,2026-07-03,Philadelphia,Medicare,MEDICARE,235,5,,
KH-CLM-005698,KB0005888,2026-07-03,Philadelphia,commercial,COM-B,299,1,,
KH-CLM-005699,KB0005889,2026-07-03,Philadelphia,commercial,COM-A,149,1,,
KH-CLM-005700,KB0005890,2026-07-03,Philadelphia,commercial,COM-B,125,3,,
KH-CLM-005701,KB0005891,2026-07-03,Philadelphia,self-pay,SELF,319,2,,
KH-CLM-005702,KB0005892,2026-07-03,Philadelphia,commercial,COM-A,299,1,,
KH-CLM-005703,KB0005893,2026-07-04,Dallas,Medicare,MEDICARE,190,3,,
KH-CLM-005704,KB0005894,2026-07-04,Dallas,Medicare,MEDICARE,55,1,,
KH-CLM-005705,KB0005895,2026-07-04,Dallas,self-pay,SELF,85,1,,
KH-CLM-005706,KB0005896,2026-07-04,Dallas,commercial,COM-B,115,2,,
KH-CLM-005707,KB0005897,2026-07-04,Dallas,commercial,COM-B,75,1,,
KH-CLM-005708,KB0005898,2026-07-04,Dallas,commercial,COM-A,75,2,,
KH-CLM-005709,KB0005899,2026-07-04,Dallas,Medicare,MEDICARE,305,4,,
KH-CLM-005710,KB0005900,2026-07-04,Dallas,commercial,COM-C,95,1,,
KH-CLM-005711,KB0005901,2026-07-04,Dallas,Medicare,MEDICARE,140,2,,non-covered service
KH-CLM-005712,KB0005902,2026-07-04,Dallas,commercial,COM-C,145,3,,
KH-CLM-005713,KB0005903,2026-07-04,Dallas,Medicaid,MEDICAID-TX,60,2,,
KH-CLM-005714,KB0005904,2026-07-04,Dallas,Medicaid,MEDICAID-TX,85,1,,
KH-CLM-005715,KB0005905,2026-07-04,Dallas,Medicare,MEDICARE,250,3,,
KH-CLM-005716,KB0005906,2026-07-04,Dallas,self-pay,SELF,345,4,,
KH-CLM-005717,KB0005907,2026-07-04,Dallas,commercial,COM-A,65,1,,
KH-CLM-005718,KB0005908,2026-07-04,Dallas,commercial,COM-A,140,3,,
KH-CLM-005719,KB0005909,2026-07-04,Phoenix,commercial,COM-B,375,4,,
KH-CLM-005720,KB0005910,2026-07-04,Phoenix,commercial,COM-B,60,2,,
KH-CLM-005721,KB0005911,2026-07-04,Phoenix,commercial,COM-A,175,3,,
KH-CLM-005722,KB0005912,2026-07-04,Phoenix,commercial,COM-C,170,2,,
KH-CLM-005723,KB0005913,2026-07-04,Phoenix,self-pay,SELF,160,2,,
KH-CLM-005724,KB0005914,2026-07-04,Phoenix,Medicare,MEDICARE,105,2,,
KH-CLM-005725,KB0005915,2026-07-04,Phoenix,commercial,COM-C,50,2,,
KH-CLM-005726,KB0005916,2026-07-04,Phoenix,commercial,COM-A,70,1,,
KH-CLM-005727,KB0005917,2026-07-04,Phoenix,commercial,COM-C,215,3,,missing or invalid information
KH-CLM-005728,KB0005918,2026-07-04,Phoenix,commercial,COM-C,349,1,,
KH-CLM-005729,KB0005919,2026-07-04,Phoenix,commercial,COM-B,180,4,,
KH-CLM-005730,KB0005920,2026-07-04,Phoenix,Medicare,MEDICARE,299,1,,non-covered service
KH-CLM-005731,KB0005921,2026-07-04,Phoenix,Medicaid,MEDICAID-AZ,299,1,,
KH-CLM-005732,KB0005922,2026-07-04,Phoenix,commercial,COM-B,250,3,,missing or invalid information
KH-CLM-005733,KB0005924,2026-07-04,Phoenix,Medicare,MEDICARE,215,4,,
KH-CLM-005734,KB0005925,2026-07-04,Phoenix,Medicare,MEDICARE,30,1,,
KH-CLM-005735,KB0005926,2026-07-04,New York,commercial,COM-A,95,2,,
KH-CLM-005736,KB0005927,2026-07-04,New York,commercial,COM-B,85,1,,
KH-CLM-005737,KB0005928,2026-07-04,New York,Medicare,MEDICARE,25,1,,non-covered service
KH-CLM-005738,KB0005929,2026-07-04,New York,Medicare,MEDICARE,180,2,,
KH-CLM-005739,KB0005930,2026-07-04,New York,commercial,COM-B,90,2,,
KH-CLM-005740,KB0005931,2026-07-04,New York,commercial,COM-C,45,1,,
KH-CLM-005741,KB0005932,2026-07-04,New York,commercial,COM-C,265,3,,
KH-CLM-005742,KB0005933,2026-07-04,New York,Medicare,MEDICARE,210,2,,
KH-CLM-005743,KB0005934,2026-07-04,Chicago,Medicaid,MEDICAID-IL,245,2,,
KH-CLM-005744,KB0005935,2026-07-04,Chicago,commercial,COM-C,299,1,,missing or invalid information
KH-CLM-005745,KB0005936,2026-07-04,Chicago,commercial,COM-A,75,1,,
KH-CLM-005746,KB0005937,2026-07-04,Chicago,self-pay,SELF,95,1,,
KH-CLM-005747,KB0005939,2026-07-04,Chicago,commercial,COM-A,60,1,,
KH-CLM-005748,KB0005940,2026-07-04,Chicago,commercial,COM-B,149,1,,
KH-CLM-005749,KB0005941,2026-07-04,Chicago,Medicare,MEDICARE,149,1,,
KH-CLM-005750,KB0005942,2026-07-04,Atlanta,commercial,COM-B,149,1,,
KH-CLM-005751,KB0005944,2026-07-04,Atlanta,commercial,COM-C,30,1,,
KH-CLM-005752,KB0005945,2026-07-04,Atlanta,Medicaid,MEDICAID-GA,170,2,,
KH-CLM-005753,KB0005946,2026-07-04,Atlanta,self-pay,SELF,210,2,,
KH-CLM-005754,KB0005947,2026-07-04,Atlanta,commercial,COM-B,299,1,,
KH-CLM-005755,KB0005948,2026-07-04,Philadelphia,commercial,COM-C,130,2,,
KH-CLM-005756,KB0005949,2026-07-04,Philadelphia,Medicaid,MEDICAID-PA,349,1,,
KH-CLM-005757,KB0005950,2026-07-04,Philadelphia,Medicare,MEDICARE,250,4,,
KH-CLM-005758,KB0005951,2026-07-04,Philadelphia,Medicaid,MEDICAID-PA,299,1,,
KH-CLM-005759,KB0005952,2026-07-04,Philadelphia,commercial,COM-B,100,2,,
KH-CLM-005760,KB0005954,2026-07-05,Dallas,Medicare,MEDICARE,395,4,,
KH-CLM-005761,KB0005956,2026-07-05,Dallas,commercial,COM-C,190,3,,
KH-CLM-005762,KB0005957,2026-07-05,Dallas,Medicare,MEDICARE,150,1,,
KH-CLM-005763,KB0005958,2026-07-05,Dallas,Medicare,MEDICARE,65,1,,
KH-CLM-005764,KB0005959,2026-07-05,Dallas,Medicare,MEDICARE,30,1,,
KH-CLM-005765,KB0005960,2026-07-05,Dallas,Medicaid,MEDICAID-TX,299,1,,
KH-CLM-005766,KB0005961,2026-07-05,Phoenix,commercial,COM-A,245,3,,
KH-CLM-005767,KB0005962,2026-07-05,Phoenix,commercial,COM-C,135,3,,
KH-CLM-005768,KB0005963,2026-07-05,Phoenix,commercial,COM-B,125,2,,
KH-CLM-005769,KB0005964,2026-07-05,Phoenix,commercial,COM-A,299,1,,
KH-CLM-005770,KB0005965,2026-07-05,Phoenix,Medicare,MEDICARE,195,2,,medical necessity
KH-CLM-005771,KB0005966,2026-07-05,New York,Medicare,MEDICARE,50,2,,
KH-CLM-005772,KB0005967,2026-07-05,New York,Medicare,MEDICARE,380,4,,non-covered service
KH-CLM-005773,KB0005968,2026-07-05,New York,Medicare,MEDICARE,235,4,,
KH-CLM-005774,KB0005969,2026-07-05,New York,self-pay,SELF,80,2,,
KH-CLM-005775,KB0005971,2026-07-05,New York,commercial,COM-B,150,3,,
KH-CLM-005776,KB0005972,2026-07-05,New York,Medicaid,MEDICAID-NY,130,2,,
KH-CLM-005777,KB0005973,2026-07-05,New York,commercial,COM-C,149,1,,
KH-CLM-005778,KB0005974,2026-07-05,New York,commercial,COM-A,149,1,,
KH-CLM-005779,KB0005975,2026-07-05,New York,commercial,COM-C,210,3,,
KH-CLM-005780,KB0005976,2026-07-05,Chicago,commercial,COM-A,299,1,,timely filing
KH-CLM-005781,KB0005977,2026-07-05,Chicago,self-pay,SELF,299,1,,
KH-CLM-005782,KB0005978,2026-07-05,Chicago,commercial,COM-B,299,1,,
KH-CLM-005783,KB0005979,2026-07-05,Chicago,self-pay,SELF,65,2,,
KH-CLM-005784,KB0005980,2026-07-05,Chicago,commercial,COM-C,149,1,,
KH-CLM-005785,KB0005981,2026-07-05,Chicago,Medicare,MEDICARE,299,1,,
KH-CLM-005786,KB0005982,2026-07-05,Atlanta,commercial,COM-C,70,1,,
KH-CLM-005787,KB0005983,2026-07-05,Atlanta,commercial,COM-A,170,2,,
KH-CLM-005788,KB0005984,2026-07-05,Atlanta,commercial,COM-B,65,1,,
KH-CLM-005789,KB0005986,2026-07-05,Atlanta,commercial,COM-B,330,3,,
KH-CLM-005790,KB0005987,2026-07-05,Atlanta,commercial,COM-A,310,4,,non-covered service
KH-CLM-005791,KB0005988,2026-07-05,Atlanta,Medicaid,MEDICAID-GA,225,4,,
KH-CLM-005792,KB0005989,2026-07-05,Atlanta,commercial,COM-A,30,1,,
KH-CLM-005793,KB0005990,2026-07-05,Atlanta,commercial,COM-A,330,3,,
KH-CLM-005794,KB0005991,2026-07-05,Philadelphia,commercial,COM-B,85,2,,
KH-CLM-005795,KB0005992,2026-07-05,Philadelphia,commercial,COM-A,149,1,,
KH-CLM-005796,KB0005993,2026-07-05,Philadelphia,self-pay,SELF,299,1,,
KH-CLM-005797,KB0005994,2026-07-05,Philadelphia,commercial,COM-A,255,5,,
KH-CLM-005798,KB0005995,2026-07-05,Philadelphia,commercial,COM-C,30,1,,
KH-CLM-005799,KB0005996,2026-07-05,Philadelphia,Medicare,MEDICARE,75,1,,
KH-CLM-005800,KB0005997,2026-07-05,Philadelphia,Medicare,MEDICARE,305,3,,
KH-CLM-005801,KB0005998,2026-07-05,Philadelphia,commercial,COM-A,135,2,,
KH-CLM-005802,KB0005999,2026-07-06,Dallas,Medicaid,MEDICAID-TX,310,4,,
KH-CLM-005803,KB0006000,2026-07-06,Dallas,commercial,COM-C,85,1,,
KH-CLM-005804,KB0006001,2026-07-06,Dallas,commercial,COM-B,349,1,,
KH-CLM-005805,KB0006002,2026-07-06,Dallas,commercial,COM-A,349,1,,
KH-CLM-005806,KB0006003,2026-07-06,Dallas,commercial,COM-A,235,4,,
KH-CLM-005807,KB0006004,2026-07-06,Dallas,Medicaid,MEDICAID-TX,75,1,,
KH-CLM-005808,KB0006005,2026-07-06,Dallas,Medicare,MEDICARE,110,3,,
KH-CLM-005809,KB0006006,2026-07-06,Dallas,Medicare,MEDICARE,105,2,,non-covered service
KH-CLM-005810,KB0006007,2026-07-06,Dallas,commercial,COM-A,149,1,,non-covered service
KH-CLM-005811,KB0006008,2026-07-06,Dallas,commercial,COM-C,45,1,,
KH-CLM-005812,KB0006009,2026-07-06,Dallas,commercial,COM-B,155,3,,
KH-CLM-005813,KB0006010,2026-07-06,Dallas,commercial,COM-A,270,3,,
KH-CLM-005814,KB0006011,2026-07-06,Dallas,commercial,COM-C,299,1,,
KH-CLM-005815,KB0006012,2026-07-06,Dallas,Medicaid,MEDICAID-TX,155,2,,
KH-CLM-005816,KB0006013,2026-07-06,Dallas,Medicare,MEDICARE,195,4,,missing or invalid information
KH-CLM-005817,KB0006014,2026-07-06,Phoenix,commercial,COM-B,299,1,,
KH-CLM-005818,KB0006015,2026-07-06,Phoenix,Medicare,MEDICARE,299,1,,
KH-CLM-005819,KB0006016,2026-07-06,Phoenix,commercial,COM-B,320,4,,
KH-CLM-005820,KB0006017,2026-07-06,Phoenix,commercial,COM-A,185,3,,
KH-CLM-005821,KB0006018,2026-07-06,Phoenix,commercial,COM-B,149,1,,
KH-CLM-005822,KB0006019,2026-07-06,Phoenix,Medicare,MEDICARE,230,4,,
KH-CLM-005823,KB0006020,2026-07-06,Phoenix,Medicare,MEDICARE,299,1,,medical necessity
KH-CLM-005824,KB0006021,2026-07-06,Phoenix,Medicare,MEDICARE,299,1,,
KH-CLM-005825,KB0006022,2026-07-06,Phoenix,commercial,COM-B,299,1,,
KH-CLM-005826,KB0006024,2026-07-06,Phoenix,self-pay,SELF,85,2,,
KH-CLM-005827,KB0006025,2026-07-06,Phoenix,commercial,COM-C,130,2,,
KH-CLM-005828,KB0006026,2026-07-06,Phoenix,Medicare,MEDICARE,55,1,,
KH-CLM-005829,KB0006027,2026-07-06,Phoenix,Medicaid,MEDICAID-AZ,130,2,,
KH-CLM-005830,KB0006028,2026-07-06,Phoenix,commercial,COM-A,149,1,,
KH-CLM-005831,KB0006029,2026-07-06,Phoenix,Medicare,MEDICARE,25,1,,
KH-CLM-005832,KB0006030,2026-07-06,Phoenix,Medicare,MEDICARE,299,1,,eligibility or coverage
KH-CLM-005833,KB0006031,2026-07-06,New York,Medicaid,MEDICAID-NY,75,3,,
KH-CLM-005834,KB0006032,2026-07-06,New York,Medicare,MEDICARE,130,2,,
KH-CLM-005835,KB0006033,2026-07-06,New York,self-pay,SELF,75,1,,
KH-CLM-005836,KB0006034,2026-07-06,New York,commercial,COM-A,60,1,,
KH-CLM-005837,KB0006035,2026-07-06,New York,commercial,COM-C,130,2,,missing or invalid information
KH-CLM-005838,KB0006036,2026-07-06,New York,commercial,COM-C,75,1,,
KH-CLM-005839,KB0006037,2026-07-06,New York,Medicaid,MEDICAID-NY,45,1,,
KH-CLM-005840,KB0006038,2026-07-06,New York,Medicare,MEDICARE,95,1,,
KH-CLM-005841,KB0006039,2026-07-06,New York,commercial,COM-C,299,1,,
KH-CLM-005842,KB0006040,2026-07-06,New York,self-pay,SELF,185,4,,
KH-CLM-005843,KB0006041,2026-07-06,New York,self-pay,SELF,299,1,,
KH-CLM-005844,KB0006042,2026-07-06,New York,Medicaid,MEDICAID-NY,95,1,,
KH-CLM-005845,KB0006043,2026-07-06,Chicago,commercial,COM-B,180,2,,
KH-CLM-005846,KB0006044,2026-07-06,Chicago,Medicare,MEDICARE,369,2,,
KH-CLM-005847,KB0006045,2026-07-06,Chicago,commercial,COM-A,295,4,,
KH-CLM-005848,KB0006046,2026-07-06,Chicago,self-pay,SELF,355,5,,
KH-CLM-005849,KB0006047,2026-07-06,Chicago,self-pay,SELF,299,1,,
KH-CLM-005850,KB0006048,2026-07-06,Chicago,commercial,COM-B,65,1,,
KH-CLM-005851,KB0006049,2026-07-06,Atlanta,Medicare,MEDICARE,55,1,,
KH-CLM-005852,KB0006050,2026-07-06,Atlanta,Medicare,MEDICARE,25,1,,
KH-CLM-005853,KB0006051,2026-07-06,Atlanta,Medicaid,MEDICAID-GA,380,5,,
KH-CLM-005854,KB0006052,2026-07-06,Atlanta,commercial,COM-B,299,1,,
KH-CLM-005855,KB0006053,2026-07-06,Atlanta,Medicare,MEDICARE,85,1,,
KH-CLM-005856,KB0006054,2026-07-06,Atlanta,commercial,COM-A,75,1,,
KH-CLM-005857,KB0006055,2026-07-06,Atlanta,Medicare,MEDICARE,45,1,,
KH-CLM-005858,KB0006056,2026-07-06,Atlanta,Medicare,MEDICARE,85,2,,
KH-CLM-005859,KB0006057,2026-07-06,Atlanta,commercial,COM-A,65,1,,
KH-CLM-005860,KB0006058,2026-07-06,Philadelphia,Medicare,MEDICARE,245,4,,
KH-CLM-005861,KB0006059,2026-07-06,Philadelphia,commercial,COM-C,145,2,,missing or invalid information
KH-CLM-005862,KB0006060,2026-07-06,Philadelphia,commercial,COM-B,115,3,,
KH-CLM-005863,KB0006061,2026-07-06,Philadelphia,commercial,COM-A,60,1,,
KH-CLM-005864,KB0006062,2026-07-06,Philadelphia,self-pay,SELF,$85.00,1,,
KH-CLM-005865,KB0006063,2026-07-06,Philadelphia,commercial,COM-C,75,1,,
KH-CLM-005866,KB0006064,2026-07-06,Philadelphia,Medicaid,MEDICAID-PA,149,1,,
KH-CLM-005867,KB0006065,2026-07-07,Dallas,Medicare,MEDICARE,245,2,,
KH-CLM-005868,KB0006066,2026-07-07,Dallas,commercial,COM-A,310,4,,
KH-CLM-005869,KB0006067,2026-07-07,Dallas,commercial,COM-C,319,2,,
KH-CLM-005870,KB0006068,2026-07-07,Dallas,Medicaid,MEDICAID-TX,149,1,,medical necessity
KH-CLM-005871,KB0006069,2026-07-07,Dallas,commercial,COM-B,340,4,,
KH-CLM-005872,KB0006070,2026-07-07,Dallas,Medicaid,MEDICAID-TX,30,1,,
KH-CLM-005873,KB0006071,2026-07-07,Dallas,commercial,COM-C,149,1,,
KH-CLM-005874,KB0006072,2026-07-07,Dallas,Medicaid,MEDICAID-TX,45,1,,
KH-CLM-005875,KB0006074,2026-07-07,Dallas,commercial,COM-B,250,3,,
KH-CLM-005876,KB0006075,2026-07-07,Dallas,commercial,COM-C,75,1,,eligibility or coverage
KH-CLM-005877,KB0006076,2026-07-07,Dallas,Medicaid,MEDICAID-TX,175,3,,eligibility or coverage
KH-CLM-005878,KB0006077,2026-07-07,Dallas,self-pay,SELF,149,1,,
KH-CLM-005879,KB0006078,2026-07-07,Dallas,commercial,COM-A,125,2,,
KH-CLM-005880,KB0006079,2026-07-07,Dallas,self-pay,SELF,145,3,,
KH-CLM-005881,KB0006080,2026-07-07,Dallas,commercial,COM-C,130,3,,
KH-CLM-005882,KB0006081,2026-07-07,Dallas,commercial,COM-B,160,3,,
KH-CLM-005883,KB0006082,2026-07-07,Dallas,commercial,COM-A,235,2,,
KH-CLM-005884,KB0006083,2026-07-07,Phoenix,Medicaid,MEDICAID-AZ,160,2,,
KH-CLM-005885,KB0006084,2026-07-07,Phoenix,commercial,COM-A,149,1,,
KH-CLM-005886,KB0006085,2026-07-07,Phoenix,commercial,COM-C,299,1,,
KH-CLM-005887,KB0006086,2026-07-07,Phoenix,commercial,COM-B,195,4,,
KH-CLM-005888,KB0006087,2026-07-07,Phoenix,commercial,COM-A,299,1,,
KH-CLM-005889,KB0006088,2026-07-07,Phoenix,commercial,COM-A,150,2,,
KH-CLM-005890,KB0006089,2026-07-07,Phoenix,commercial,COM-C,299,1,,
KH-CLM-005891,KB0006090,2026-07-07,Phoenix,commercial,COM-B,349,1,,
KH-CLM-005892,KB0006091,2026-07-07,Phoenix,Medicare,MEDICARE,349,1,,
KH-CLM-005893,KB0006092,2026-07-07,Phoenix,Medicaid,MEDICAID-AZ,149,1,,missing or invalid information
KH-CLM-005894,KB0006093,2026-07-07,Phoenix,Medicare,MEDICARE,245,2,,
KH-CLM-005895,KB0006094,2026-07-07,Phoenix,commercial,COM-A,220,4,,
KH-CLM-005896,KB0006095,2026-07-07,Phoenix,commercial,COM-A,45,2,,
KH-CLM-005897,KB0006096,2026-07-07,Phoenix,commercial,COM-A,150,2,,
KH-CLM-005898,KB0006097,2026-07-07,Phoenix,commercial,COM-B,255,4,,
KH-CLM-005899,KB0006098,2026-07-07,Phoenix,Medicaid,MEDICAID-AZ,190,4,,
KH-CLM-005900,KB0006099,2026-07-07,Phoenix,self-pay,SELF,85,1,,
KH-CLM-005901,KB0006100,2026-07-07,New York,commercial,COM-A,85,1,,
KH-CLM-005902,KB0006101,2026-07-07,New York,Medicare,MEDICARE,319,2,,non-covered service
KH-CLM-005903,KB0006102,2026-07-07,New York,commercial,COM-C,95,1,,
KH-CLM-005904,KB0006103,2026-07-07,New York,commercial,COM-A,30,1,,
KH-CLM-005905,KB0006104,2026-07-07,New York,Medicaid,MEDICAID-NY,230,3,,
KH-CLM-005906,KB0006105,2026-07-07,New York,self-pay,SELF,75,1,,
KH-CLM-005907,KB0006106,2026-07-07,New York,commercial,COM-C,299,1,,
KH-CLM-005908,KB0006107,2026-07-07,New York,Medicare,MEDICARE,110,3,,
KH-CLM-005909,KB0006108,2026-07-07,New York,commercial,COM-C,215,2,,
KH-CLM-005910,KB0006109,2026-07-07,New York,Medicaid,MEDICAID-NY,60,1,,
KH-CLM-005911,KB0006110,2026-07-07,New York,Medicare,MEDICARE,350,4,,
KH-CLM-005912,KB0006111,2026-07-07,New York,Medicare,MEDICARE,95,1,,
KH-CLM-005913,KB0006112,2026-07-07,New York,commercial,COM-B,55,1,,
KH-CLM-005914,KB0006113,2026-07-07,Chicago,commercial,COM-C,299,1,,
KH-CLM-005915,KB0006114,2026-07-07,Chicago,Medicaid,MEDICAID-IL,320,4,,
KH-CLM-005916,KB0006115,2026-07-07,Chicago,commercial,COM-A,275,3,,
KH-CLM-005917,KB0006116,2026-07-07,Chicago,commercial,COM-B,160,4,,
KH-CLM-005918,KB0006117,2026-07-07,Chicago,commercial,COM-B,149,1,,
KH-CLM-005919,KB0006118,2026-07-07,Chicago,Medicare,MEDICARE,160,2,,
KH-CLM-005920,KB0006119,2026-07-07,Chicago,commercial,COM-C,349,1,,
KH-CLM-005921,KB0006120,2026-07-07,Atlanta,Medicare,MEDICARE,195,2,,
KH-CLM-005922,KB0006121,2026-07-07,Atlanta,commercial,COM-B,180,3,,timely filing
KH-CLM-005923,KB0006122,2026-07-07,Atlanta,Medicaid,MEDICAID-GA,299,1,,
KH-CLM-005924,KB0006123,2026-07-07,Atlanta,Medicare,MEDICARE,299,1,,
KH-CLM-005925,KB0006124,2026-07-07,Atlanta,commercial,COM-B,90,2,,
KH-CLM-005926,KB0006125,2026-07-07,Atlanta,commercial,COM-A,45,1,,
KH-CLM-005927,KB0006126,2026-07-07,Atlanta,commercial,COM-B,30,1,,
KH-CLM-005928,KB0006127,2026-07-07,Atlanta,Medicaid,MEDICAID-GA,299,1,,
KH-CLM-005929,KB0006128,2026-07-07,Philadelphia,Medicare,MEDICARE,165,3,,
KH-CLM-005930,KB0006129,2026-07-08,Dallas,Medicare,MEDICARE,235,4,,
KH-CLM-005931,KB0006130,2026-07-08,Dallas,commercial,COM-B,340,5,,
KH-CLM-005932,KB0006131,2026-07-08,Dallas,commercial,COM-C,299,1,,non-covered service
KH-CLM-005933,KB0006132,2026-07-08,Dallas,commercial,COM-A,110,2,,
KH-CLM-005934,KB0006133,2026-07-08,Dallas,commercial,COM-C,135,3,,eligibility or coverage
KH-CLM-005935,KB0006134,2026-07-08,Dallas,commercial,COM-B,170,3,,
KH-CLM-005936,KB0006135,2026-07-08,Dallas,Medicaid,MEDICAID-TX,299,1,,eligibility or coverage
KH-CLM-005937,KB0006136,2026-07-08,Dallas,commercial,COM-A,45,1,,
KH-CLM-005938,KB0006137,2026-07-08,Dallas,self-pay,SELF,70,1,,
KH-CLM-005939,KB0006138,2026-07-08,Dallas,commercial,COM-A,45,1,,
KH-CLM-005940,KB0006139,2026-07-08,Dallas,Medicaid,MEDICAID-TX,200,3,,
KH-CLM-005941,KB0006140,2026-07-08,Dallas,commercial,COM-B,320,4,,
KH-CLM-005942,KB0006141,2026-07-08,Dallas,commercial,COM-A,149,1,,
KH-CLM-005943,KB0006142,2026-07-08,Dallas,Medicare,MEDICARE,125,2,,
KH-CLM-005944,KB0006143,2026-07-08,Dallas,commercial,COM-B,100,2,,
KH-CLM-005945,KB0006144,2026-07-08,Phoenix,commercial,COM-A,355,4,,
KH-CLM-005946,KB0006145,2026-07-08,Phoenix,Medicare,MEDICARE,215,4,,
KH-CLM-005947,KB0006146,2026-07-08,Phoenix,commercial,COM-B,299,1,,
KH-CLM-005948,KB0006147,2026-07-08,Phoenix,commercial,COM-A,55,1,,
KH-CLM-005949,KB0006148,2026-07-08,Phoenix,Medicare,MEDICARE,299,1,,medical necessity
KH-CLM-005950,KB0006149,2026-07-08,Phoenix,Medicare,MEDICARE,75,2,,
KH-CLM-005951,KB0006150,2026-07-08,Phoenix,commercial,COM-A,299,1,,missing or invalid information
KH-CLM-005952,KB0006151,2026-07-08,Phoenix,self-pay,SELF,165,3,,
KH-CLM-005953,KB0006152,2026-07-08,Phoenix,Medicaid,MEDICAID-AZ,60,1,,
KH-CLM-005954,KB0006153,2026-07-08,Phoenix,Medicare,MEDICARE,240,4,,medical necessity
KH-CLM-005955,KB0006154,2026-07-08,Phoenix,commercial,COM-A,149,1,,
KH-CLM-005956,KB0006155,2026-07-08,Phoenix,Medicare,MEDICARE,169,2,,
KH-CLM-005957,KB0006156,2026-07-08,Phoenix,self-pay,SELF,180,3,,
KH-CLM-005958,KB0006157,2026-07-08,Phoenix,commercial,COM-A,349,1,,
KH-CLM-005959,KB0006158,2026-07-08,Phoenix,Medicare,MEDICARE,149,1,,
KH-CLM-005960,KB0006159,2026-07-08,Phoenix,Medicare,MEDICARE,125,2,,
KH-CLM-005961,KB0006160,2026-07-08,Phoenix,commercial,COM-B,299,1,,prior authorization
KH-CLM-005962,KB0006161,2026-07-08,Phoenix,self-pay,SELF,110,3,,
KH-CLM-005963,KB0006162,2026-07-08,Phoenix,Medicaid,MEDICAID-AZ,350,4,,
KH-CLM-005964,KB0006163,2026-07-08,New York,commercial,COM-A,130,3,,non-covered service
KH-CLM-005965,KB0006164,2026-07-08,New York,self-pay,SELF,85,1,,
KH-CLM-005966,KB0006165,2026-07-08,New York,Medicare,MEDICARE,30,1,,
KH-CLM-005967,KB0006166,2026-07-08,New York,commercial,COM-A,140,2,,
KH-CLM-005968,KB0006167,2026-07-08,New York,Medicaid,MEDICAID-NY,299,1,,
KH-CLM-005969,KB0006168,2026-07-08,New York,commercial,COM-B,205,2,,
KH-CLM-005970,KB0006169,2026-07-08,New York,Medicaid,MEDICAID-NY,150,1,,eligibility or coverage
KH-CLM-005971,KB0006170,2026-07-08,New York,commercial,COM-A,60,1,,
KH-CLM-005972,KB0006171,2026-07-08,New York,self-pay,SELF,299,1,,
KH-CLM-005973,KB0006172,2026-07-08,New York,self-pay,SELF,299,1,,
KH-CLM-005974,KB0006173,2026-07-08,New York,Medicaid,MEDICAID-NY,149,1,,
KH-CLM-005975,KB0006174,2026-07-08,New York,Medicare,MEDICARE,60,1,,
KH-CLM-005976,KB0006175,2026-07-08,New York,Medicare,MEDICARE,180,2,,
KH-CLM-005977,KB0006176,2026-07-08,New York,Medicaid,MEDICAID-NY,100,2,,
KH-CLM-005978,KB0006177,2026-07-08,Chicago,commercial,COM-C,365,4,,
KH-CLM-005979,KB0006178,2026-07-08,Chicago,commercial,COM-C,85,1,,
KH-CLM-005980,KB0006179,2026-07-08,Chicago,commercial,COM-C,299,1,,non-covered service
KH-CLM-005981,KB0006180,2026-07-08,Chicago,Medicare,MEDICARE,70,1,,
KH-CLM-005982,KB0006181,2026-07-08,Chicago,Medicare,MEDICARE,120,2,,
KH-CLM-005983,KB0006182,2026-07-08,Chicago,Medicaid,MEDICAID-IL,100,2,,
KH-CLM-005984,KB0006183,2026-07-08,Chicago,commercial,COM-A,149,1,,
KH-CLM-005985,KB0006184,2026-07-08,Chicago,Medicaid,MEDICAID-IL,255,4,,missing or invalid information
KH-CLM-005986,KB0006185,2026-07-08,Chicago,Medicare,MEDICARE,85,1,,
KH-CLM-005987,KB0006186,2026-07-08,Chicago,commercial,COM-B,319,2,,eligibility or coverage
KH-CLM-005988,KB0006187,2026-07-08,Chicago,commercial,COM-A,145,3,,
KH-CLM-005989,KB0006188,2026-07-08,Atlanta,Medicaid,MEDICAID-GA,149,1,,
KH-CLM-005990,KB0006189,2026-07-08,Atlanta,Medicare,MEDICARE,280,4,,
KH-CLM-005991,KB0006190,2026-07-08,Atlanta,commercial,COM-C,85,2,,
KH-CLM-005992,KB0006191,2026-07-08,Atlanta,commercial,COM-B,350,5,,
KH-CLM-005993,KB0006192,2026-07-08,Atlanta,commercial,COM-C,65,1,,
KH-CLM-005994,KB0006193,2026-07-08,Atlanta,commercial,COM-A,149,1,,eligibility or coverage
KH-CLM-005995,KB0006195,2026-07-08,Atlanta,self-pay,SELF,299,1,,
KH-CLM-005996,KB0006196,2026-07-08,Atlanta,commercial,COM-C,250,4,,
KH-CLM-005997,KB0006197,2026-07-08,Atlanta,Medicaid,MEDICAID-GA,75,2,,
KH-CLM-005998,KB0006198,2026-07-08,Atlanta,commercial,COM-C,320,4,,
KH-CLM-005999,KB0006199,2026-07-08,Philadelphia,commercial,COM-C,$180.00,2,,eligibility or coverage
KH-CLM-006000,KB0006200,2026-07-08,Philadelphia,Medicare,MEDICARE,299,1,,
KH-CLM-006001,KB0006201,2026-07-08,Philadelphia,Medicaid,MEDICAID-PA,95,2,,missing or invalid information
KH-CLM-006002,KB0006202,2026-07-08,Philadelphia,Medicaid,MEDICAID-PA,265,4,,
KH-CLM-006003,KB0006203,2026-07-08,Philadelphia,Medicare,MEDICARE,299,1,,
KH-CLM-006004,KB0006204,2026-07-08,Philadelphia,Medicaid,MEDICAID-PA,149,1,,
KH-CLM-006005,KB0006205,2026-07-08,Philadelphia,commercial,COM-A,55,2,,
KH-CLM-006006,KB0006206,2026-07-09,Dallas,commercial,COM-A,299,1,,non-covered service
KH-CLM-006007,KB0006207,2026-07-09,Dallas,commercial,COM-A,225,4,,
KH-CLM-006008,KB0006208,2026-07-09,Dallas,commercial,COM-A,170,3,,
KH-CLM-006009,KB0006209,2026-07-09,Dallas,Medicare,MEDICARE,140,2,,non-covered service
KH-CLM-006010,KB0006210,2026-07-09,Dallas,commercial,COM-A,270,3,,
KH-CLM-006011,KB0006211,2026-07-09,Dallas,self-pay,SELF,185,3,,
KH-CLM-006012,KB0006212,2026-07-09,Dallas,Medicare,MEDICARE,115,2,,
KH-CLM-006013,KB0006213,2026-07-09,Dallas,Medicaid,MEDICAID-TX,45,1,,
KH-CLM-006014,KB0006214,2026-07-09,Dallas,commercial,COM-A,30,1,,
KH-CLM-006015,KB0006215,2026-07-09,Dallas,commercial,COM-C,70,1,,
KH-CLM-006016,KB0006216,2026-07-09,Dallas,commercial,COM-C,100,2,,
KH-CLM-006017,KB0006217,2026-07-09,Dallas,commercial,COM-B,149,1,,
KH-CLM-006018,KB0006218,2026-07-09,Dallas,Medicaid,MEDICAID-TX,115,3,,
KH-CLM-006019,KB0006219,2026-07-09,Dallas,commercial,COM-A,235,4,,
KH-CLM-006020,KB0006220,2026-07-09,Dallas,commercial,COM-B,130,2,,
KH-CLM-006021,KB0006221,2026-07-09,Dallas,commercial,COM-B,55,2,,
KH-CLM-006022,KB0006222,2026-07-09,Dallas,commercial,COM-A,349,1,,missing or invalid information
KH-CLM-006023,KB0006223,2026-07-09,Phoenix,Medicare,MEDICARE,149,1,,
KH-CLM-006024,KB0006224,2026-07-09,Phoenix,commercial,COM-A,299,1,,
KH-CLM-006025,KB0006225,2026-07-09,Phoenix,commercial,COM-A,169,2,,medical necessity
KH-CLM-006026,KB0006226,2026-07-09,Phoenix,commercial,COM-B,245,4,,
KH-CLM-006027,KB0006227,2026-07-09,Phoenix,Medicare,MEDICARE,235,4,,
KH-CLM-006028,KB0006228,2026-07-09,Phoenix,Medicare,MEDICARE,349,1,,
KH-CLM-006029,KB0006229,2026-07-09,Phoenix,commercial,COM-C,160,3,,eligibility or coverage
KH-CLM-006030,KB0006230,2026-07-09,Phoenix,commercial,COM-A,299,1,,
KH-CLM-006031,KB0006231,2026-07-09,Phoenix,Medicaid,MEDICAID-AZ,349,1,,
KH-CLM-006032,KB0006232,2026-07-09,Phoenix,commercial,COM-B,299,1,,
KH-CLM-006033,KB0006233,2026-07-09,Phoenix,commercial,COM-C,115,2,,missing or invalid information
KH-CLM-006034,KB0006234,2026-07-09,Phoenix,commercial,COM-A,130,3,,
KH-CLM-006035,KB0006235,2026-07-09,Phoenix,commercial,COM-B,180,4,,
KH-CLM-006036,KB0006236,2026-07-09,New York,commercial,COM-C,130,2,,
KH-CLM-006037,KB0006237,2026-07-09,New York,commercial,COM-C,225,4,,
KH-CLM-006038,KB0006238,2026-07-09,New York,self-pay,SELF,105,3,,
KH-CLM-006039,KB0006239,2026-07-09,New York,Medicare,MEDICARE,65,1,,
KH-CLM-006040,KB0006240,2026-07-09,New York,commercial,COM-A,299,1,,
KH-CLM-006041,KB0006241,2026-07-09,New York,Medicare,MEDICARE,170,2,,missing or invalid information
KH-CLM-006042,KB0006242,2026-07-09,New York,commercial,COM-A,130,2,,
KH-CLM-006043,KB0006243,2026-07-09,New York,commercial,COM-A,210,3,,
KH-CLM-006044,KB0006244,2026-07-09,New York,commercial,COM-C,345,4,,
KH-CLM-006045,KB0006245,2026-07-09,Chicago,commercial,COM-C,295,3,,
KH-CLM-006046,KB0006246,2026-07-09,Chicago,Medicare,MEDICARE,165,2,,
KH-CLM-006047,KB0006247,2026-07-09,Chicago,commercial,COM-B,349,1,,
KH-CLM-006048,KB0006248,2026-07-09,Chicago,commercial,COM-B,170,4,,
KH-CLM-006049,KB0006249,2026-07-09,Chicago,Medicaid,MEDICAID-IL,60,2,,
KH-CLM-006050,KB0006250,2026-07-09,Chicago,commercial,COM-A,125,2,,
KH-CLM-006051,KB0006251,2026-07-09,Chicago,Medicare,MEDICARE,255,3,,
KH-CLM-006052,KB0006252,2026-07-09,Chicago,commercial,COM-A,299,1,,
KH-CLM-006053,KB0006253,2026-07-09,Chicago,Medicaid,MEDICAID-IL,95,1,,
KH-CLM-006054,KB0006254,2026-07-09,Chicago,commercial,COM-B,60,1,,
KH-CLM-006055,KB0006255,2026-07-09,Chicago,commercial,COM-A,25,1,,
KH-CLM-006056,KB0006256,2026-07-09,Chicago,Medicaid,MEDICAID-IL,25,1,,
KH-CLM-006057,KB0006258,2026-07-09,Chicago,commercial,COM-A,225,4,,
KH-CLM-006058,KB0006259,2026-07-09,Atlanta,Medicaid,MEDICAID-GA,340,4,,
KH-CLM-006059,KB0006260,2026-07-09,Atlanta,Medicaid,MEDICAID-GA,295,4,,
KH-CLM-006060,KB0006261,2026-07-09,Atlanta,commercial,COM-A,215,2,,
KH-CLM-006061,KB0006262,2026-07-09,Atlanta,commercial,COM-B,190,3,,
KH-CLM-006062,KB0006263,2026-07-09,Atlanta,commercial,COM-B,270,5,,
KH-CLM-006063,KB0006264,2026-07-09,Atlanta,commercial,COM-A,170,2,,
KH-CLM-006064,KB0006265,2026-07-09,Atlanta,commercial,COM-A,220,4,,
KH-CLM-006065,KB0006266,2026-07-09,Atlanta,commercial,COM-C,299,1,,eligibility or coverage
KH-CLM-006066,KB0006267,2026-07-09,Atlanta,commercial,COM-C,305,4,,
KH-CLM-006067,KB0006268,2026-07-09,Philadelphia,commercial,COM-B,225,4,,medical necessity
KH-CLM-006068,KB0006269,2026-07-09,Philadelphia,commercial,COM-B,85,1,,
KH-CLM-006069,KB0006270,2026-07-09,Philadelphia,commercial,COM-A,299,1,,
KH-CLM-006070,KB0006271,2026-07-09,Philadelphia,commercial,COM-A,149,1,,prior authorization
KH-CLM-006071,KB0006272,2026-07-09,Philadelphia,Medicare,MEDICARE,180,2,,
KH-CLM-006072,KB0006273,2026-07-10,Dallas,commercial,COM-A,145,2,,
KH-CLM-006073,KB0006274,2026-07-10,Dallas,commercial,COM-C,140,2,,
KH-CLM-006074,KB0006275,2026-07-10,Dallas,Medicaid,MEDICAID-TX,205,2,,
KH-CLM-006075,KB0006276,2026-07-10,Dallas,self-pay,SELF,60,1,,
KH-CLM-006076,KB0006277,2026-07-10,Dallas,commercial,COM-B,215,4,,
KH-CLM-006077,KB0006278,2026-07-10,Dallas,Medicare,MEDICARE,170,3,,
KH-CLM-006078,KB0006279,2026-07-10,Dallas,Medicare,MEDICARE,255,4,,
KH-CLM-006079,KB0006280,2026-07-10,Dallas,commercial,COM-B,70,1,,
KH-CLM-006080,KB0006281,2026-07-10,Dallas,commercial,COM-B,285,3,,
KH-CLM-006081,KB0006283,2026-07-10,Dallas,self-pay,SELF,65,1,,
KH-CLM-006082,KB0006284,2026-07-10,Dallas,Medicare,MEDICARE,55,1,,
KH-CLM-006083,KB0006285,2026-07-10,Dallas,Medicare,MEDICARE,210,4,,
KH-CLM-006084,KB0006286,2026-07-10,Dallas,commercial,COM-A,70,1,,
KH-CLM-006085,KB0006287,2026-07-10,Dallas,Medicaid,MEDICAID-TX,135,2,,
KH-CLM-006086,KB0006288,2026-07-10,Dallas,commercial,COM-A,160,3,,
KH-CLM-006087,KB0006289,2026-07-10,Phoenix,commercial,COM-B,95,1,,
KH-CLM-006088,KB0006291,2026-07-10,Phoenix,Medicare,MEDICARE,75,1,,
KH-CLM-006089,KB0006292,2026-07-10,Phoenix,Medicaid,MEDICAID-AZ,75,1,,
KH-CLM-006090,KB0006293,2026-07-10,Phoenix,Medicare,MEDICARE,140,2,,
KH-CLM-006091,KB0006294,2026-07-10,Phoenix,commercial,COM-C,75,2,,
KH-CLM-006092,KB0006295,2026-07-10,Phoenix,commercial,COM-C,30,1,,
KH-CLM-006093,KB0006296,2026-07-10,Phoenix,commercial,COM-B,299,1,,
KH-CLM-006094,KB0006297,2026-07-10,Phoenix,Medicaid,MEDICAID-AZ,299,1,,
KH-CLM-006095,KB0006298,2026-07-10,Phoenix,commercial,COM-C,260,4,,medical necessity
KH-CLM-006096,KB0006299,2026-07-10,Phoenix,Medicare,MEDICARE,150,1,,
KH-CLM-006097,KB0006300,2026-07-10,Phoenix,Medicare,MEDICARE,75,2,,
KH-CLM-006098,KB0006301,2026-07-10,New York,Medicare,MEDICARE,175,3,,
KH-CLM-006099,KB0006302,2026-07-10,New York,commercial,COM-C,149,1,,
KH-CLM-006100,KB0006304,2026-07-10,New York,Medicare,MEDICARE,160,2,,
KH-CLM-006101,KB0006305,2026-07-10,New York,commercial,COM-A,160,2,,
KH-CLM-006102,KB0006306,2026-07-10,New York,Medicare,MEDICARE,290,3,,
KH-CLM-006103,KB0006307,2026-07-10,New York,commercial,COM-C,75,3,,
KH-CLM-006104,KB0006308,2026-07-10,New York,commercial,COM-A,149,1,,prior authorization
KH-CLM-006105,KB0006309,2026-07-10,New York,commercial,COM-B,115,2,,
KH-CLM-006106,KB0006310,2026-07-10,New York,commercial,COM-C,125,2,,
KH-CLM-006107,KB0006311,2026-07-10,New York,commercial,COM-A,190,3,,
KH-CLM-006108,KB0006312,2026-07-10,Chicago,commercial,COM-B,230,4,,
KH-CLM-006109,KB0006313,2026-07-10,Chicago,commercial,COM-B,250,4,,
KH-CLM-006110,KB0006314,2026-07-10,Chicago,self-pay,SELF,275,3,,
KH-CLM-006111,KB0006315,2026-07-10,Chicago,commercial,COM-A,349,1,,
KH-CLM-006112,KB0006316,2026-07-10,Chicago,commercial,COM-B,275,4,,
KH-CLM-006113,KB0006317,2026-07-10,Chicago,commercial,COM-C,60,2,,
KH-CLM-006114,KB0006318,2026-07-10,Chicago,commercial,COM-B,299,1,,
KH-CLM-006115,KB0006319,2026-07-10,Chicago,commercial,COM-B,155,3,,
KH-CLM-006116,KB0006320,2026-07-10,Chicago,commercial,COM-B,100,3,,
KH-CLM-006117,KB0006321,2026-07-10,Atlanta,commercial,COM-B,60,1,,
KH-CLM-006118,KB0006322,2026-07-10,Atlanta,commercial,COM-B,55,1,,
KH-CLM-006119,KB0006323,2026-07-10,Atlanta,commercial,COM-A,240,3,,
KH-CLM-006120,KB0006324,2026-07-10,Atlanta,commercial,COM-C,140,2,,
KH-CLM-006121,KB0006325,2026-07-10,Atlanta,Medicare,MEDICARE,265,4,,
KH-CLM-006122,KB0006326,2026-07-10,Atlanta,commercial,COM-A,65,1,,
KH-CLM-006123,KB0006327,2026-07-10,Atlanta,commercial,COM-B,155,2,,
KH-CLM-006124,KB0006328,2026-07-10,Atlanta,Medicare,MEDICARE,365,4,,
KH-CLM-006125,KB0006329,2026-07-10,Atlanta,self-pay,SELF,275,4,,
KH-CLM-006126,KB0006330,2026-07-10,Atlanta,Medicaid,MEDICAID-GA,155,3,,
KH-CLM-006127,KB0006331,2026-07-10,Philadelphia,Medicare,MEDICARE,95,1,,
KH-CLM-006128,KB0006332,2026-07-10,Philadelphia,Medicare,MEDICARE,135,2,,
KH-CLM-006129,KB0006333,2026-07-10,Philadelphia,commercial,COM-C,140,2,,
KH-CLM-006130,KB0006334,2026-07-10,Philadelphia,commercial,COM-B,95,2,,
KH-CLM-006131,KB0006335,2026-07-10,Philadelphia,commercial,COM-A,215,3,,
KH-CLM-006132,KB0006336,2026-07-10,Philadelphia,Medicare,MEDICARE,150,3,,
KH-CLM-006133,KB0006337,2026-07-10,Philadelphia,Medicare,MEDICARE,349,1,,
KH-CLM-006134,KB0006338,2026-07-11,Dallas,Medicaid,MEDICAID-TX,319,2,,
KH-CLM-006135,KB0006339,2026-07-11,Dallas,Medicare,MEDICARE,240,3,,
KH-CLM-006136,KB0006340,2026-07-11,Dallas,commercial,COM-A,180,2,,
KH-CLM-006137,KB0006341,2026-07-11,Dallas,Medicare,MEDICARE,299,1,,
KH-CLM-006138,KB0006342,2026-07-11,Dallas,Medicaid,MEDICAID-TX,305,4,,
KH-CLM-006139,KB0006343,2026-07-11,Dallas,Medicare,MEDICARE,180,3,,
KH-CLM-006140,KB0006344,2026-07-11,Dallas,Medicare,MEDICARE,135,2,,
KH-CLM-006141,KB0006345,2026-07-11,Dallas,commercial,COM-B,149,1,,
KH-CLM-006142,KB0006346,2026-07-11,Dallas,Medicare,MEDICARE,185,3,,
KH-CLM-006143,KB0006347,2026-07-11,Dallas,Medicare,MEDICARE,299,1,,
KH-CLM-006144,KB0006348,2026-07-11,Dallas,self-pay,SELF,149,1,,
KH-CLM-006145,KB0006349,2026-07-11,Dallas,commercial,COM-B,149,1,,
KH-CLM-006146,KB0006350,2026-07-11,Dallas,Medicare,MEDICARE,299,1,,
KH-CLM-006147,KB0006351,2026-07-11,Dallas,commercial,COM-B,330,4,,
KH-CLM-006148,KB0006352,2026-07-11,Dallas,commercial,COM-C,85,2,,
KH-CLM-006149,KB0006353,2026-07-11,Dallas,self-pay,SELF,140,2,,
KH-CLM-006150,KB0006354,2026-07-11,Phoenix,Medicare,MEDICARE,200,3,,
KH-CLM-006151,KB0006355,2026-07-11,Phoenix,commercial,COM-C,290,4,,
KH-CLM-006152,KB0006357,2026-07-11,Phoenix,commercial,COM-B,149,1,,missing or invalid information
KH-CLM-006153,KB0006358,2026-07-11,Phoenix,commercial,COM-B,299,1,,
KH-CLM-006154,KB0006359,2026-07-11,Phoenix,Medicaid,MEDICAID-AZ,75,1,,
KH-CLM-006155,KB0006360,2026-07-11,Phoenix,Medicare,MEDICARE,30,1,,
KH-CLM-006156,KB0006361,2026-07-11,Phoenix,commercial,COM-A,95,2,,
KH-CLM-006157,KB0006362,2026-07-11,Phoenix,Medicare,MEDICARE,55,1,,
KH-CLM-006158,KB0006363,2026-07-11,Phoenix,commercial,COM-C,349,1,,
KH-CLM-006159,KB0006364,2026-07-11,Phoenix,commercial,COM-A,330,4,,
KH-CLM-006160,KB0006365,2026-07-11,Phoenix,Medicaid,MEDICAID-AZ,170,4,,
KH-CLM-006161,KB0006366,2026-07-11,Phoenix,commercial,COM-A,299,1,,
KH-CLM-006162,KB0006367,2026-07-11,Phoenix,Medicare,MEDICARE,210,3,,
KH-CLM-006163,KB0006368,2026-07-11,New York,commercial,COM-A,75,1,,eligibility or coverage
KH-CLM-006164,KB0006369,2026-07-11,New York,commercial,COM-B,60,1,,
KH-CLM-006165,KB0006370,2026-07-11,New York,commercial,COM-A,45,1,,
KH-CLM-006166,KB0006371,2026-07-11,New York,Medicaid,MEDICAID-NY,225,4,,
KH-CLM-006167,KB0006372,2026-07-11,New York,commercial,COM-C,160,3,,
KH-CLM-006168,KB0006373,2026-07-11,New York,commercial,COM-B,130,2,,
KH-CLM-006169,KB0006374,2026-07-11,New York,commercial,COM-A,140,2,,
KH-CLM-006170,KB0006375,2026-07-11,New York,Medicaid,MEDICAID-NY,149,1,,
KH-CLM-006171,KB0006376,2026-07-11,New York,Medicare,MEDICARE,195,2,,
KH-CLM-006172,KB0006377,2026-07-11,New York,Medicare,MEDICARE,130,3,,
KH-CLM-006173,KB0006378,2026-07-11,New York,Medicare,MEDICARE,195,3,,
KH-CLM-006174,KB0006379,2026-07-11,New York,Medicare,MEDICARE,349,1,,
KH-CLM-006175,KB0006380,2026-07-11,New York,Medicare,MEDICARE,115,2,,medical necessity
KH-CLM-006176,KB0006381,2026-07-11,New York,Medicaid,MEDICAID-NY,165,4,,
KH-CLM-006177,KB0006382,2026-07-11,New York,Medicare,MEDICARE,85,2,,
KH-CLM-006178,KB0006383,2026-07-11,New York,Medicare,MEDICARE,299,1,,timely filing
KH-CLM-006179,KB0006384,2026-07-11,Chicago,commercial,COM-B,149,1,,prior authorization
KH-CLM-006180,KB0006385,2026-07-11,Chicago,commercial,COM-B,95,1,,
KH-CLM-006181,KB0006386,2026-07-11,Chicago,commercial,COM-B,149,1,,missing or invalid information
KH-CLM-006182,KB0006387,2026-07-11,Chicago,Medicare,MEDICARE,130,2,,
KH-CLM-006183,KB0006388,2026-07-11,Chicago,commercial,COM-B,150,2,,prior authorization
KH-CLM-006184,KB0006389,2026-07-11,Chicago,Medicaid,MEDICAID-IL,70,1,,
KH-CLM-006185,KB0006390,2026-07-11,Atlanta,Medicaid,MEDICAID-GA,345,4,,
KH-CLM-006186,KB0006391,2026-07-11,Atlanta,Medicare,MEDICARE,220,3,,
KH-CLM-006187,KB0006392,2026-07-11,Atlanta,commercial,COM-B,315,4,,
KH-CLM-006188,KB0006393,2026-07-11,Atlanta,Medicaid,MEDICAID-GA,265,3,,prior authorization
KH-CLM-006189,KB0006394,2026-07-11,Atlanta,commercial,COM-B,190,4,,non-covered service
KH-CLM-006190,KB0006395,2026-07-11,Atlanta,commercial,COM-C,349,1,,
KH-CLM-006191,KB0006396,2026-07-11,Atlanta,commercial,COM-A,235,4,,
KH-CLM-006192,KB0006397,2026-07-11,Atlanta,Medicare,MEDICARE,165,2,,
KH-CLM-006193,KB0006398,2026-07-11,Atlanta,Medicaid,MEDICAID-GA,299,1,,
KH-CLM-006194,KB0006399,2026-07-11,Philadelphia,commercial,COM-B,360,4,,
KH-CLM-006195,KB0006400,2026-07-11,Philadelphia,commercial,COM-C,50,2,,
KH-CLM-006196,KB0006401,2026-07-11,Philadelphia,commercial,COM-B,175,3,,missing or invalid information
KH-CLM-006197,KB0006402,2026-07-11,Philadelphia,commercial,COM-A,150,1,,
KH-CLM-006198,KB0006403,2026-07-11,Philadelphia,self-pay,SELF,299,1,,
KH-CLM-006199,KB0006404,2026-07-11,Philadelphia,commercial,COM-C,115,2,,prior authorization
KH-CLM-006200,KB0006405,2026-07-12,Dallas,commercial,COM-C,120,2,,
KH-CLM-006201,KB0006406,2026-07-12,Dallas,self-pay,SELF,235,4,,
KH-CLM-006202,KB0006407,2026-07-12,Dallas,commercial,COM-B,149,1,,
KH-CLM-006203,KB0006408,2026-07-12,Dallas,Medicare,MEDICARE,299,1,,
KH-CLM-006204,KB0006409,2026-07-12,Dallas,commercial,COM-C,160,3,,
KH-CLM-006205,KB0006410,2026-07-12,Dallas,Medicare,MEDICARE,45,2,,
KH-CLM-006206,KB0006411,2026-07-12,Dallas,commercial,COM-C,70,1,,
KH-CLM-006207,KB0006412,2026-07-12,Dallas,self-pay,SELF,349,1,,
KH-CLM-006208,KB0006413,2026-07-12,Dallas,commercial,COM-B,175,3,,
KH-CLM-006209,KB0006414,2026-07-12,Dallas,Medicaid,MEDICAID-TX,285,4,,
KH-CLM-006210,KB0006415,2026-07-12,Phoenix,commercial,COM-B,149,1,,non-covered service
KH-CLM-006211,KB0006416,2026-07-12,Phoenix,commercial,COM-A,145,3,,eligibility or coverage
KH-CLM-006212,KB0006417,2026-07-12,Phoenix,commercial,COM-C,310,4,,
KH-CLM-006213,KB0006418,2026-07-12,Phoenix,Medicare,MEDICARE,170,3,,
KH-CLM-006214,KB0006419,2026-07-12,Phoenix,commercial,COM-B,349,1,,prior authorization
KH-CLM-006215,KB0006420,2026-07-12,Phoenix,commercial,COM-C,75,1,,
KH-CLM-006216,KB0006421,2026-07-12,Phoenix,self-pay,SELF,299,1,,
KH-CLM-006217,KB0006422,2026-07-12,Phoenix,Medicare,MEDICARE,50,2,,
KH-CLM-006218,KB0006423,2026-07-12,Phoenix,commercial,COM-B,145,3,,
KH-CLM-006219,KB0006424,2026-07-12,New York,self-pay,SELF,299,1,,
KH-CLM-006220,KB0006425,2026-07-12,New York,commercial,COM-B,185,3,,
KH-CLM-006221,KB0006426,2026-07-12,New York,commercial,COM-C,60,1,,
KH-CLM-006222,KB0006427,2026-07-12,New York,commercial,COM-A,125,2,,
KH-CLM-006223,KB0006428,2026-07-12,New York,commercial,COM-A,45,1,,non-covered service
KH-CLM-006224,KB0006429,2026-07-12,New York,commercial,COM-B,155,3,,
KH-CLM-006225,KB0006430,2026-07-12,New York,commercial,COM-C,225,3,,
KH-CLM-006226,KB0006431,2026-07-12,New York,Medicaid,MEDICAID-NY,149,1,,
KH-CLM-006227,KB0006432,2026-07-12,New York,commercial,COM-A,165,2,,
KH-CLM-006228,KB0006433,2026-07-12,New York,commercial,COM-C,355,5,,
KH-CLM-006229,KB0006434,2026-07-12,Chicago,commercial,COM-C,30,1,,
KH-CLM-006230,KB0006435,2026-07-12,Chicago,self-pay,SELF,149,1,,
KH-CLM-006231,KB0006436,2026-07-12,Chicago,Medicare,MEDICARE,55,1,,
KH-CLM-006232,KB0006437,2026-07-12,Chicago,commercial,COM-B,299,1,,non-covered service
KH-CLM-006233,KB0006438,2026-07-12,Chicago,commercial,COM-B,220,4,,
KH-CLM-006234,KB0006439,2026-07-12,Atlanta,commercial,COM-C,300,4,,
KH-CLM-006235,KB0006440,2026-07-12,Atlanta,Medicare,MEDICARE,60,1,,
KH-CLM-006236,KB0006441,2026-07-12,Atlanta,Medicare,MEDICARE,310,4,,
KH-CLM-006237,KB0006442,2026-07-12,Philadelphia,commercial,COM-C,149,1,,
KH-CLM-006238,KB0006443,2026-07-12,Philadelphia,commercial,COM-B,169,2,,
KH-CLM-006239,KB0006444,2026-07-12,Philadelphia,commercial,COM-A,299,1,,
KH-CLM-006240,KB0006445,2026-07-12,Philadelphia,commercial,COM-C,105,3,,
KH-CLM-006241,KB0006446,2026-07-13,Dallas,self-pay,SELF,369,2,,
KH-CLM-006242,KB0006447,2026-07-13,Dallas,commercial,COM-B,265,3,,
KH-CLM-006243,KB0006448,2026-07-13,Dallas,Medicare,MEDICARE,319,2,,
KH-CLM-006244,KB0006449,2026-07-13,Dallas,commercial,COM-C,185,3,,
KH-CLM-006245,KB0006450,2026-07-13,Dallas,commercial,COM-C,175,3,,
KH-CLM-006246,KB0006451,2026-07-13,Dallas,Medicare,MEDICARE,$80.00,2,,
KH-CLM-006247,KB0006452,2026-07-13,Dallas,Medicare,MEDICARE,349,1,,
KH-CLM-006248,KB0006453,2026-07-13,Dallas,Medicaid,MEDICAID-TX,100,2,,
KH-CLM-006249,KB0006454,2026-07-13,Dallas,Medicare,MEDICARE,149,1,,
KH-CLM-006250,KB0006455,2026-07-13,Dallas,commercial,COM-A,349,1,,
KH-CLM-006251,KB0006456,2026-07-13,Dallas,commercial,COM-C,235,2,,
KH-CLM-006252,KB0006457,2026-07-13,Dallas,Medicaid,MEDICAID-TX,30,1,,
KH-CLM-006253,KB0006458,2026-07-13,Dallas,commercial,COM-A,299,1,,non-covered service
KH-CLM-006254,KB0006459,2026-07-13,Dallas,self-pay,SELF,75,1,,
KH-CLM-006255,KB0006460,2026-07-13,Phoenix,Medicaid,MEDICAID-AZ,349,1,,
KH-CLM-006256,KB0006461,2026-07-13,Phoenix,commercial,COM-C,349,1,,
KH-CLM-006257,KB0006462,2026-07-13,Phoenix,commercial,COM-A,110,2,,
KH-CLM-006258,KB0006463,2026-07-13,Phoenix,Medicaid,MEDICAID-AZ,90,2,,
KH-CLM-006259,KB0006464,2026-07-13,Phoenix,commercial,COM-B,150,2,,
KH-CLM-006260,KB0006465,2026-07-13,Phoenix,commercial,COM-B,340,4,,
KH-CLM-006261,KB0006466,2026-07-13,Phoenix,commercial,COM-C,255,3,,
KH-CLM-006262,KB0006467,2026-07-13,Phoenix,Medicaid,MEDICAID-AZ,299,1,,
KH-CLM-006263,KB0006468,2026-07-13,Phoenix,commercial,COM-C,30,1,,
KH-CLM-006264,KB0006469,2026-07-13,Phoenix,Medicaid,MEDICAID-AZ,285,4,,
KH-CLM-006265,KB0006470,2026-07-13,Phoenix,commercial,COM-B,155,2,,
KH-CLM-006266,KB0006471,2026-07-13,Phoenix,Medicaid,MEDICAID-AZ,75,2,,
KH-CLM-006267,KB0006472,2026-07-13,Phoenix,commercial,COM-C,155,2,,
KH-CLM-006268,KB0006473,2026-07-13,New York,commercial,COM-C,90,2,,
KH-CLM-006269,KB0006474,2026-07-13,New York,commercial,COM-A,255,4,,
KH-CLM-006270,KB0006475,2026-07-13,New York,Medicaid,MEDICAID-NY,75,1,,medical necessity
KH-CLM-006271,KB0006476,2026-07-13,New York,commercial,COM-A,80,2,,
KH-CLM-006272,KB0006477,2026-07-13,New York,Medicare,MEDICARE,240,4,,
KH-CLM-006273,KB0006478,2026-07-13,New York,commercial,COM-C,299,1,,
KH-CLM-006274,KB0006479,2026-07-13,New York,Medicare,MEDICARE,299,1,,non-covered service
KH-CLM-006275,KB0006480,2026-07-13,New York,Medicare,MEDICARE,60,1,,
KH-CLM-006276,KB0006481,2026-07-13,New York,commercial,COM-A,195,2,,
KH-CLM-006277,KB0006482,2026-07-13,New York,Medicare,MEDICARE,120,2,,
KH-CLM-006278,KB0006483,2026-07-13,New York,Medicare,MEDICARE,295,4,,
KH-CLM-006279,KB0006484,2026-07-13,New York,commercial,COM-A,130,2,,
KH-CLM-006280,KB0006485,2026-07-13,New York,commercial,COM-C,299,1,,
KH-CLM-006281,KB0006486,2026-07-13,New York,commercial,COM-C,85,2,,
KH-CLM-006282,KB0006487,2026-07-13,New York,commercial,COM-A,140,2,,
KH-CLM-006283,KB0006488,2026-07-13,New York,commercial,COM-A,180,4,,
KH-CLM-006284,KB0006489,2026-07-13,New York,commercial,COM-C,370,4,,
KH-CLM-006285,KB0006490,2026-07-13,Chicago,commercial,COM-A,65,1,,
KH-CLM-006286,KB0006491,2026-07-13,Chicago,commercial,COM-B,235,2,,
KH-CLM-006287,KB0006492,2026-07-13,Chicago,commercial,COM-C,235,2,,
KH-CLM-006288,KB0006493,2026-07-13,Chicago,commercial,COM-A,200,3,,
KH-CLM-006289,KB0006494,2026-07-13,Chicago,commercial,COM-B,30,1,,
KH-CLM-006290,KB0006495,2026-07-13,Chicago,Medicaid,MEDICAID-IL,275,3,,
KH-CLM-006291,KB0006496,2026-07-13,Chicago,commercial,COM-B,235,3,,
KH-CLM-006292,KB0006497,2026-07-13,Atlanta,self-pay,SELF,165,3,,
KH-CLM-006293,KB0006498,2026-07-13,Atlanta,self-pay,SELF,25,1,,
KH-CLM-006294,KB0006499,2026-07-13,Atlanta,Medicare,MEDICARE,85,1,,
KH-CLM-006295,KB0006500,2026-07-13,Atlanta,commercial,COM-C,149,1,,
KH-CLM-006296,KB0006501,2026-07-13,Atlanta,commercial,COM-A,65,1,,
KH-CLM-006297,KB0006502,2026-07-13,Atlanta,Medicare,MEDICARE,150,2,,
KH-CLM-006298,KB0006503,2026-07-13,Atlanta,commercial,COM-A,290,3,,
KH-CLM-006299,KB0006504,2026-07-13,Atlanta,Medicare,MEDICARE,299,1,,
KH-CLM-006300,KB0006505,2026-07-13,Philadelphia,Medicaid,MEDICAID-PA,169,2,,
KH-CLM-006301,KB0006506,2026-07-13,Philadelphia,commercial,COM-C,149,1,,
KH-CLM-006302,KB0006507,2026-07-13,Philadelphia,commercial,COM-C,185,3,,
KH-CLM-006303,KB0006508,2026-07-13,Philadelphia,Medicaid,MEDICAID-PA,175,4,,prior authorization
KH-CLM-006304,KB0006509,2026-07-13,Philadelphia,self-pay,SELF,105,2,,
KH-CLM-006305,KB0006510,2026-07-13,Philadelphia,Medicaid,MEDICAID-PA,95,1,,
KH-CLM-006306,KB0006511,2026-07-13,Philadelphia,commercial,COM-A,$349.00,1,,
KH-CLM-006307,KB0006512,2026-07-13,Philadelphia,commercial,COM-A,299,1,,non-covered service
KH-CLM-006308,KB0006513,2026-07-13,Philadelphia,commercial,COM-A,60,1,,
KH-CLM-006309,KB0006514,2026-07-13,Philadelphia,Medicaid,MEDICAID-PA,349,1,,
KH-CLM-006310,KB0006515,2026-07-14,Dallas,commercial,COM-A,45,1,,
KH-CLM-006311,KB0006516,2026-07-14,Dallas,commercial,COM-A,299,1,,prior authorization
KH-CLM-006312,KB0006517,2026-07-14,Dallas,Medicare,MEDICARE,250,3,,
KH-CLM-006313,KB0006518,2026-07-14,Dallas,Medicare,MEDICARE,95,2,,
KH-CLM-006314,KB0006519,2026-07-14,Dallas,commercial,COM-C,299,1,,
KH-CLM-006315,KB0006520,2026-07-14,Dallas,Medicare,MEDICARE,145,3,,
KH-CLM-006316,KB0006521,2026-07-14,Dallas,commercial,COM-B,299,1,,eligibility or coverage
KH-CLM-006317,KB0006522,2026-07-14,Dallas,self-pay,SELF,120,2,,
KH-CLM-006318,KB0006523,2026-07-14,Dallas,commercial,COM-B,299,1,,non-covered service
KH-CLM-006319,KB0006524,2026-07-14,Dallas,Medicaid,MEDICAID-TX,349,1,,
KH-CLM-006320,KB0006525,2026-07-14,Dallas,commercial,COM-A,149,1,,
KH-CLM-006321,KB0006526,2026-07-14,Dallas,commercial,COM-B,255,3,,
KH-CLM-006322,KB0006527,2026-07-14,Dallas,Medicare,MEDICARE,275,3,,
KH-CLM-006323,KB0006528,2026-07-14,Dallas,commercial,COM-A,299,1,,
KH-CLM-006324,KB0006529,2026-07-14,Dallas,commercial,COM-C,349,1,,
KH-CLM-006325,KB0006530,2026-07-14,Dallas,commercial,COM-A,115,2,,
KH-CLM-006326,KB0006531,2026-07-14,Phoenix,commercial,COM-B,299,1,,
KH-CLM-006327,KB0006532,2026-07-14,Phoenix,commercial,COM-B,149,1,,
KH-CLM-006328,KB0006533,2026-07-14,Phoenix,Medicare,MEDICARE,299,1,,
KH-CLM-006329,KB0006534,2026-07-14,Phoenix,self-pay,SELF,285,5,,
KH-CLM-006330,KB0006535,2026-07-14,Phoenix,commercial,COM-C,95,1,,
KH-CLM-006331,KB0006536,2026-07-14,Phoenix,self-pay,SELF,210,3,,
KH-CLM-006332,KB0006537,2026-07-14,Phoenix,commercial,COM-B,319,2,,
KH-CLM-006333,KB0006538,2026-07-14,Phoenix,commercial,COM-A,65,1,,
KH-CLM-006334,KB0006539,2026-07-14,Phoenix,commercial,COM-A,299,1,,
KH-CLM-006335,KB0006540,2026-07-14,Phoenix,commercial,COM-B,130,2,,
KH-CLM-006336,KB0006541,2026-07-14,Phoenix,commercial,COM-C,319,2,,eligibility or coverage
KH-CLM-006337,KB0006542,2026-07-14,Phoenix,commercial,COM-C,205,4,,eligibility or coverage
KH-CLM-006338,KB0006543,2026-07-14,Phoenix,commercial,COM-A,165,4,,
KH-CLM-006339,KB0006544,2026-07-14,Phoenix,commercial,COM-C,299,1,,non-covered service
KH-CLM-006340,KB0006545,2026-07-14,Phoenix,commercial,COM-C,149,1,,
KH-CLM-006341,KB0006546,2026-07-14,Phoenix,self-pay,SELF,55,2,,
KH-CLM-006342,KB0006547,2026-07-14,Phoenix,commercial,COM-C,149,1,,
KH-CLM-006343,KB0006548,2026-07-14,New York,Medicaid,MEDICAID-NY,170,4,,
KH-CLM-006344,KB0006549,2026-07-14,New York,commercial,COM-C,85,1,,
KH-CLM-006345,KB0006550,2026-07-14,New York,commercial,COM-A,170,4,,
KH-CLM-006346,KB0006551,2026-07-14,New York,commercial,COM-C,150,3,,
KH-CLM-006347,KB0006552,2026-07-14,New York,commercial,COM-C,149,1,,
KH-CLM-006348,KB0006553,2026-07-14,New York,commercial,COM-B,55,1,,
KH-CLM-006349,KB0006554,2026-07-14,New York,commercial,COM-C,299,1,,
KH-CLM-006350,KB0006555,2026-07-14,New York,commercial,COM-C,70,1,,
KH-CLM-006351,KB0006556,2026-07-14,New York,commercial,COM-A,150,1,,
KH-CLM-006352,KB0006557,2026-07-14,New York,Medicaid,MEDICAID-NY,60,1,,
KH-CLM-006353,KB0006558,2026-07-14,New York,commercial,COM-A,45,1,,
KH-CLM-006354,KB0006559,2026-07-14,New York,Medicaid,MEDICAID-NY,45,2,,
KH-CLM-006355,KB0006560,2026-07-14,New York,commercial,COM-B,195,2,,
KH-CLM-006356,KB0006561,2026-07-14,New York,Medicaid,MEDICAID-NY,210,3,,
KH-CLM-006357,KB0006562,2026-07-14,Chicago,commercial,COM-A,120,2,,
KH-CLM-006358,KB0006564,2026-07-14,Chicago,Medicare,MEDICARE,299,1,,
KH-CLM-006359,KB0006565,2026-07-14,Chicago,Medicare,MEDICARE,320,4,,
KH-CLM-006360,KB0006566,2026-07-14,Chicago,commercial,COM-C,349,1,,
KH-CLM-006361,KB0006567,2026-07-14,Chicago,commercial,COM-B,70,1,,
KH-CLM-006362,KB0006568,2026-07-14,Atlanta,self-pay,SELF,299,1,,
KH-CLM-006363,KB0006570,2026-07-14,Atlanta,commercial,COM-A,349,1,,prior authorization
KH-CLM-006364,KB0006571,2026-07-14,Atlanta,Medicare,MEDICARE,319,2,,
KH-CLM-006365,KB0006572,2026-07-14,Atlanta,commercial,COM-B,205,3,,
KH-CLM-006366,KB0006573,2026-07-14,Atlanta,commercial,COM-C,95,1,,
KH-CLM-006367,KB0006574,2026-07-14,Philadelphia,commercial,COM-A,349,1,,
KH-CLM-006368,KB0006575,2026-07-14,Philadelphia,self-pay,SELF,50,2,,
KH-CLM-006369,KB0006577,2026-07-14,Philadelphia,Medicaid,MEDICAID-PA,55,1,,
KH-CLM-006370,KB0006578,2026-07-14,Philadelphia,commercial,COM-B,349,1,,
KH-CLM-006371,KB0006579,2026-07-14,Philadelphia,commercial,COM-A,45,1,,
KH-CLM-006372,KB0006580,2026-07-14,Philadelphia,commercial,COM-C,65,2,,missing or invalid information
KH-CLM-006373,KB0006582,2026-07-14,Philadelphia,Medicaid,MEDICAID-PA,299,1,,
KH-CLM-006374,KB0006583,2026-07-15,Dallas,Medicaid,MEDICAID-TX,30,1,,
KH-CLM-006375,KB0006584,2026-07-15,Dallas,commercial,COM-B,85,1,,
KH-CLM-006376,KB0006585,2026-07-15,Dallas,Medicare,MEDICARE,149,1,,
KH-CLM-006377,KB0006586,2026-07-15,Dallas,commercial,COM-C,230,3,,
KH-CLM-006378,KB0006587,2026-07-15,Dallas,Medicaid,MEDICAID-TX,260,4,,eligibility or coverage
KH-CLM-006379,KB0006588,2026-07-15,Dallas,Medicare,MEDICARE,145,3,,
KH-CLM-006380,KB0006589,2026-07-15,Dallas,commercial,COM-A,235,2,,
KH-CLM-006381,KB0006590,2026-07-15,Dallas,commercial,COM-C,105,2,,
KH-CLM-006382,KB0006591,2026-07-15,Dallas,Medicare,MEDICARE,95,1,,
KH-CLM-006383,KB0006592,2026-07-15,Dallas,self-pay,SELF,299,1,,
KH-CLM-006384,KB0006593,2026-07-15,Dallas,Medicare,MEDICARE,150,1,,
KH-CLM-006385,KB0006594,2026-07-15,Dallas,commercial,COM-B,160,3,,
KH-CLM-006386,KB0006595,2026-07-15,Dallas,commercial,COM-A,100,2,,
KH-CLM-006387,KB0006596,2026-07-15,Dallas,Medicare,MEDICARE,75,1,,
KH-CLM-006388,KB0006597,2026-07-15,Dallas,Medicaid,MEDICAID-TX,195,2,,
KH-CLM-006389,KB0006598,2026-07-15,Dallas,Medicare,MEDICARE,30,1,,
KH-CLM-006390,KB0006599,2026-07-15,Phoenix,Medicare,MEDICARE,299,1,,missing or invalid information
KH-CLM-006391,KB0006600,2026-07-15,Phoenix,Medicaid,MEDICAID-AZ,299,1,,
KH-CLM-006392,KB0006601,2026-07-15,Phoenix,commercial,COM-C,225,2,,
KH-CLM-006393,KB0006602,2026-07-15,Phoenix,commercial,COM-B,369,2,,
KH-CLM-006394,KB0006603,2026-07-15,Phoenix,Medicaid,MEDICAID-AZ,230,5,,
KH-CLM-006395,KB0006604,2026-07-15,Phoenix,commercial,COM-B,180,2,,
KH-CLM-006396,KB0006605,2026-07-15,Phoenix,commercial,COM-C,115,2,,
KH-CLM-006397,KB0006606,2026-07-15,Phoenix,Medicare,MEDICARE,299,1,,
KH-CLM-006398,KB0006607,2026-07-15,Phoenix,commercial,COM-C,320,4,,
KH-CLM-006399,KB0006608,2026-07-15,Phoenix,commercial,COM-B,75,1,,
KH-CLM-006400,KB0006609,2026-07-15,Phoenix,Medicaid,MEDICAID-AZ,200,3,,
KH-CLM-006401,KB0006610,2026-07-15,Phoenix,commercial,COM-C,260,4,,
KH-CLM-006402,KB0006611,2026-07-15,Phoenix,Medicare,MEDICARE,30,1,,
KH-CLM-006403,KB0006612,2026-07-15,Phoenix,Medicare,MEDICARE,205,2,,
KH-CLM-006404,KB0006613,2026-07-15,Phoenix,self-pay,SELF,155,3,,
KH-CLM-006405,KB0006614,2026-07-15,Phoenix,self-pay,SELF,149,1,,
KH-CLM-006406,KB0006615,2026-07-15,Phoenix,commercial,COM-A,200,3,,
KH-CLM-006407,KB0006616,2026-07-15,Phoenix,commercial,COM-A,225,4,,
KH-CLM-006408,KB0006617,2026-07-15,New York,commercial,COM-A,55,1,,eligibility or coverage
KH-CLM-006409,KB0006618,2026-07-15,New York,Medicare,MEDICARE,75,1,,
KH-CLM-006410,KB0006619,2026-07-15,New York,commercial,COM-A,299,1,,
KH-CLM-006411,KB0006620,2026-07-15,New York,commercial,COM-A,240,3,,
KH-CLM-006412,KB0006621,2026-07-15,New York,Medicare,MEDICARE,125,2,,timely filing
KH-CLM-006413,KB0006622,2026-07-15,New York,self-pay,SELF,295,4,,
KH-CLM-006414,KB0006623,2026-07-15,New York,self-pay,SELF,195,2,,
KH-CLM-006415,KB0006624,2026-07-15,New York,Medicare,MEDICARE,135,3,,
KH-CLM-006416,KB0006625,2026-07-15,New York,Medicaid,MEDICAID-NY,220,4,,
KH-CLM-006417,KB0006626,2026-07-15,New York,Medicaid,MEDICAID-NY,170,4,,
KH-CLM-006418,KB0006627,2026-07-15,New York,commercial,COM-A,320,4,,
KH-CLM-006419,KB0006628,2026-07-15,Chicago,commercial,COM-C,250,4,,
KH-CLM-006420,KB0006629,2026-07-15,Chicago,commercial,COM-A,90,2,,
KH-CLM-006421,KB0006630,2026-07-15,Chicago,commercial,COM-C,130,2,,
KH-CLM-006422,KB0006631,2026-07-15,Chicago,Medicare,MEDICARE,60,1,,
KH-CLM-006423,KB0006632,2026-07-15,Chicago,commercial,COM-B,65,1,,
KH-CLM-006424,KB0006633,2026-07-15,Chicago,commercial,COM-B,45,1,,missing or invalid information
KH-CLM-006425,KB0006634,2026-07-15,Chicago,commercial,COM-B,235,4,,
KH-CLM-006426,KB0006635,2026-07-15,Chicago,Medicare,MEDICARE,299,1,,
KH-CLM-006427,KB0006636,2026-07-15,Chicago,commercial,COM-B,149,1,,
KH-CLM-006428,KB0006637,2026-07-15,Atlanta,commercial,COM-B,270,4,,
KH-CLM-006429,KB0006638,2026-07-15,Atlanta,Medicare,MEDICARE,300,4,,medical necessity
KH-CLM-006430,KB0006639,2026-07-15,Atlanta,commercial,COM-B,160,2,,
KH-CLM-006431,KB0006640,2026-07-15,Atlanta,Medicare,MEDICARE,245,4,,
KH-CLM-006432,KB0006641,2026-07-15,Atlanta,commercial,COM-C,299,1,,
KH-CLM-006433,KB0006642,2026-07-15,Atlanta,commercial,COM-A,65,1,,
KH-CLM-006434,KB0006643,2026-07-15,Atlanta,Medicare,MEDICARE,270,3,,
KH-CLM-006435,KB0006645,2026-07-15,Philadelphia,Medicaid,MEDICAID-PA,30,1,,
KH-CLM-006436,KB0006647,2026-07-15,Philadelphia,self-pay,SELF,95,2,,
KH-CLM-006437,KB0006648,2026-07-15,Philadelphia,commercial,COM-C,45,1,,
KH-CLM-006438,KB0006649,2026-07-15,Philadelphia,Medicare,MEDICARE,165,3,,
KH-CLM-006439,KB0006650,2026-07-15,Philadelphia,Medicare,MEDICARE,100,2,,non-covered service
KH-CLM-006440,KB0006651,2026-07-16,Dallas,commercial,COM-C,299,1,,
KH-CLM-006441,KB0006652,2026-07-16,Dallas,commercial,COM-B,210,2,,
KH-CLM-006442,KB0006653,2026-07-16,Dallas,commercial,COM-C,155,4,,
KH-CLM-006443,KB0006654,2026-07-16,Dallas,commercial,COM-C,280,4,,
KH-CLM-006444,KB0006655,2026-07-16,Dallas,commercial,COM-C,369,2,,
KH-CLM-006445,KB0006656,2026-07-16,Dallas,commercial,COM-B,235,3,,
KH-CLM-006446,KB0006657,2026-07-16,Dallas,commercial,COM-C,235,3,,
KH-CLM-006447,KB0006658,2026-07-16,Dallas,Medicare,MEDICARE,140,2,,
KH-CLM-006448,KB0006659,2026-07-16,Dallas,Medicare,MEDICARE,349,1,,
KH-CLM-006449,KB0006660,2026-07-16,Dallas,commercial,COM-A,85,2,,
KH-CLM-006450,KB0006661,2026-07-16,Dallas,Medicaid,MEDICAID-TX,105,2,,
KH-CLM-006451,KB0006662,2026-07-16,Dallas,Medicare,MEDICARE,60,1,,
KH-CLM-006452,KB0006663,2026-07-16,Dallas,commercial,COM-C,25,1,,
KH-CLM-006453,KB0006664,2026-07-16,Dallas,commercial,COM-B,349,1,,
KH-CLM-006454,KB0006665,2026-07-16,Dallas,Medicare,MEDICARE,110,2,,
KH-CLM-006455,KB0006666,2026-07-16,Dallas,commercial,COM-B,30,1,,
KH-CLM-006456,KB0006667,2026-07-16,Dallas,Medicaid,MEDICAID-TX,180,3,,
KH-CLM-006457,KB0006668,2026-07-16,Dallas,Medicare,MEDICARE,285,3,,
KH-CLM-006458,KB0006669,2026-07-16,Phoenix,Medicare,MEDICARE,130,3,,
KH-CLM-006459,KB0006670,2026-07-16,Phoenix,commercial,COM-A,299,1,,
KH-CLM-006460,KB0006671,2026-07-16,Phoenix,commercial,COM-B,45,1,,
KH-CLM-006461,KB0006673,2026-07-16,Phoenix,commercial,COM-A,170,3,,non-covered service
KH-CLM-006462,KB0006674,2026-07-16,Phoenix,commercial,COM-A,350,5,,
KH-CLM-006463,KB0006675,2026-07-16,Phoenix,commercial,COM-B,150,3,,
KH-CLM-006464,KB0006676,2026-07-16,Phoenix,Medicaid,MEDICAID-AZ,70,1,,
KH-CLM-006465,KB0006677,2026-07-16,Phoenix,commercial,COM-C,75,1,,
KH-CLM-006466,KB0006678,2026-07-16,Phoenix,commercial,COM-A,160,2,,
KH-CLM-006467,KB0006679,2026-07-16,Phoenix,Medicaid,MEDICAID-AZ,155,2,,
KH-CLM-006468,KB0006680,2026-07-16,Phoenix,commercial,COM-A,299,1,,
KH-CLM-006469,KB0006681,2026-07-16,Phoenix,Medicaid,MEDICAID-AZ,180,3,,
KH-CLM-006470,KB0006682,2026-07-16,New York,Medicare,MEDICARE,85,1,,
KH-CLM-006471,KB0006683,2026-07-16,New York,commercial,COM-A,70,1,,
KH-CLM-006472,KB0006684,2026-07-16,New York,self-pay,SELF,185,4,,
KH-CLM-006473,KB0006685,2026-07-16,New York,Medicare,MEDICARE,105,2,,
KH-CLM-006474,KB0006686,2026-07-16,New York,commercial,COM-B,30,1,,
KH-CLM-006475,KB0006687,2026-07-16,New York,commercial,COM-C,160,2,,
KH-CLM-006476,KB0006688,2026-07-16,New York,commercial,COM-A,150,1,,
KH-CLM-006477,KB0006689,2026-07-16,New York,commercial,COM-C,170,4,,
KH-CLM-006478,KB0006690,2026-07-16,New York,Medicare,MEDICARE,299,1,,eligibility or coverage
KH-CLM-006479,KB0006691,2026-07-16,New York,Medicare,MEDICARE,115,2,,
KH-CLM-006480,KB0006692,2026-07-16,New York,commercial,COM-A,400,4,,
KH-CLM-006481,KB0006693,2026-07-16,New York,commercial,COM-A,149,1,,
KH-CLM-006482,KB0006694,2026-07-16,New York,commercial,COM-C,115,2,,
KH-CLM-006483,KB0006695,2026-07-16,New York,Medicare,MEDICARE,349,1,,
KH-CLM-006484,KB0006696,2026-07-16,New York,commercial,COM-B,120,3,,
KH-CLM-006485,KB0006697,2026-07-16,New York,commercial,COM-B,235,2,,
KH-CLM-006486,KB0006698,2026-07-16,Chicago,commercial,COM-A,400,4,,
KH-CLM-006487,KB0006699,2026-07-16,Chicago,Medicare,MEDICARE,349,1,,
KH-CLM-006488,KB0006700,2026-07-16,Chicago,Medicare,MEDICARE,299,1,,
KH-CLM-006489,KB0006701,2026-07-16,Chicago,commercial,COM-C,25,1,,
KH-CLM-006490,KB0006702,2026-07-16,Chicago,Medicare,MEDICARE,115,2,,
KH-CLM-006491,KB0006703,2026-07-16,Chicago,Medicare,MEDICARE,240,4,,
KH-CLM-006492,KB0006704,2026-07-16,Atlanta,commercial,COM-B,255,5,,
KH-CLM-006493,KB0006705,2026-07-16,Atlanta,commercial,COM-B,65,1,,
KH-CLM-006494,KB0006706,2026-07-16,Atlanta,commercial,COM-B,135,2,,
KH-CLM-006495,KB0006707,2026-07-16,Atlanta,self-pay,SELF,245,2,,
KH-CLM-006496,KB0006708,2026-07-16,Atlanta,commercial,COM-C,$165.00,3,,
KH-CLM-006497,KB0006709,2026-07-16,Atlanta,Medicaid,MEDICAID-GA,100,2,,
KH-CLM-006498,KB0006710,2026-07-16,Atlanta,Medicaid,MEDICAID-GA,180,3,,
KH-CLM-006499,KB0006711,2026-07-16,Atlanta,Medicaid,MEDICAID-GA,130,2,,
KH-CLM-006500,KB0006713,2026-07-16,Atlanta,commercial,COM-B,195,3,,
KH-CLM-006501,KB0006714,2026-07-16,Philadelphia,Medicaid,MEDICAID-PA,65,1,,
KH-CLM-006502,KB0006715,2026-07-16,Philadelphia,Medicaid,MEDICAID-PA,95,2,,
KH-CLM-006503,KB0006716,2026-07-16,Philadelphia,commercial,COM-A,85,1,,
KH-CLM-006504,KB0006717,2026-07-16,Philadelphia,commercial,COM-B,145,2,,
KH-CLM-006505,KB0006718,2026-07-16,Philadelphia,commercial,COM-C,95,1,,
KH-CLM-006506,KB0006719,2026-07-16,Philadelphia,Medicaid,MEDICAID-PA,125,2,,
KH-CLM-006507,KB0006720,2026-07-16,Philadelphia,Medicaid,MEDICAID-PA,230,3,,
KH-CLM-006508,KB0006721,2026-07-17,Dallas,commercial,COM-B,349,1,,
KH-CLM-006509,KB0006722,2026-07-17,Dallas,self-pay,SELF,75,2,,
KH-CLM-006510,KB0006723,2026-07-17,Dallas,commercial,COM-C,149,1,,
KH-CLM-006511,KB0006724,2026-07-17,Dallas,Medicaid,MEDICAID-TX,105,3,,
KH-CLM-006512,KB0006725,2026-07-17,Dallas,Medicare,MEDICARE,349,1,,medical necessity
KH-CLM-006513,KB0006726,2026-07-17,Dallas,Medicaid,MEDICAID-TX,255,4,,
KH-CLM-006514,KB0006727,2026-07-17,Dallas,Medicare,MEDICARE,95,1,,
KH-CLM-006515,KB0006728,2026-07-17,Dallas,Medicaid,MEDICAID-TX,205,3,,
KH-CLM-006516,KB0006729,2026-07-17,Dallas,Medicare,MEDICARE,175,3,,
KH-CLM-006517,KB0006730,2026-07-17,Dallas,commercial,COM-B,165,5,,
KH-CLM-006518,KB0006731,2026-07-17,Dallas,self-pay,SELF,30,1,,
KH-CLM-006519,KB0006732,2026-07-17,Dallas,commercial,COM-C,30,1,,
KH-CLM-006520,KB0006733,2026-07-17,Phoenix,commercial,COM-C,85,1,,
KH-CLM-006521,KB0006734,2026-07-17,Phoenix,Medicaid,MEDICAID-AZ,145,2,,
KH-CLM-006522,KB0006735,2026-07-17,Phoenix,Medicare,MEDICARE,175,3,,
KH-CLM-006523,KB0006736,2026-07-17,Phoenix,self-pay,SELF,260,4,,
KH-CLM-006524,KB0006737,2026-07-17,Phoenix,Medicare,MEDICARE,345,4,,
KH-CLM-006525,KB0006738,2026-07-17,Phoenix,Medicaid,MEDICAID-AZ,85,2,,
KH-CLM-006526,KB0006739,2026-07-17,Phoenix,self-pay,SELF,70,1,,
KH-CLM-006527,KB0006740,2026-07-17,Phoenix,commercial,COM-A,299,1,,
KH-CLM-006528,KB0006742,2026-07-17,Phoenix,Medicaid,MEDICAID-AZ,149,1,,
KH-CLM-006529,KB0006743,2026-07-17,Phoenix,commercial,COM-A,295,4,,
KH-CLM-006530,KB0006744,2026-07-17,Phoenix,commercial,COM-C,75,1,,non-covered service
KH-CLM-006531,KB0006745,2026-07-17,Phoenix,Medicaid,MEDICAID-AZ,195,3,,
KH-CLM-006532,KB0006746,2026-07-17,Phoenix,Medicare,MEDICARE,210,3,,
KH-CLM-006533,KB0006748,2026-07-17,Phoenix,Medicare,MEDICARE,170,2,,
KH-CLM-006534,KB0006749,2026-07-17,Phoenix,commercial,COM-A,80,2,,
KH-CLM-006535,KB0006750,2026-07-17,Phoenix,commercial,COM-A,149,1,,
KH-CLM-006536,KB0006751,2026-07-17,Phoenix,Medicaid,MEDICAID-AZ,75,1,,
KH-CLM-006537,KB0006752,2026-07-17,Phoenix,commercial,COM-B,330,4,,
KH-CLM-006538,KB0006753,2026-07-17,Phoenix,commercial,COM-B,$215.00,5,,
KH-CLM-006539,KB0006754,2026-07-17,New York,Medicare,MEDICARE,299,1,,
KH-CLM-006540,KB0006755,2026-07-17,New York,Medicare,MEDICARE,255,4,,
KH-CLM-006541,KB0006756,2026-07-17,New York,commercial,COM-A,145,2,,
KH-CLM-006542,KB0006757,2026-07-17,New York,commercial,COM-C,150,1,,
KH-CLM-006543,KB0006758,2026-07-17,New York,commercial,COM-C,149,1,,
KH-CLM-006544,KB0006759,2026-07-17,New York,Medicare,MEDICARE,299,1,,
KH-CLM-006545,KB0006760,2026-07-17,New York,Medicare,MEDICARE,45,1,,
KH-CLM-006546,KB0006761,2026-07-17,New York,commercial,COM-B,165,2,,
KH-CLM-006547,KB0006763,2026-07-17,New York,commercial,COM-A,125,2,,
KH-CLM-006548,KB0006764,2026-07-17,New York,commercial,COM-A,150,1,,
KH-CLM-006549,KB0006765,2026-07-17,New York,Medicare,MEDICARE,55,1,,
KH-CLM-006550,KB0006766,2026-07-17,New York,commercial,COM-A,299,1,,
KH-CLM-006551,KB0006767,2026-07-17,New York,Medicare,MEDICARE,85,2,,
KH-CLM-006552,KB0006768,2026-07-17,Chicago,commercial,COM-B,319,2,,
KH-CLM-006553,KB0006769,2026-07-17,Chicago,commercial,COM-B,149,1,,
KH-CLM-006554,KB0006770,2026-07-17,Chicago,self-pay,SELF,299,1,,
KH-CLM-006555,KB0006771,2026-07-17,Chicago,commercial,COM-A,220,4,,
KH-CLM-006556,KB0006772,2026-07-17,Chicago,commercial,COM-B,30,1,,
KH-CLM-006557,KB0006773,2026-07-17,Chicago,Medicare,MEDICARE,299,1,,
KH-CLM-006558,KB0006774,2026-07-17,Chicago,Medicaid,MEDICAID-IL,65,1,,
KH-CLM-006559,KB0006775,2026-07-17,Chicago,commercial,COM-B,110,3,,
KH-CLM-006560,KB0006776,2026-07-17,Atlanta,commercial,COM-B,65,1,,
KH-CLM-006561,KB0006777,2026-07-17,Atlanta,Medicare,MEDICARE,25,1,,
KH-CLM-006562,KB0006778,2026-07-17,Atlanta,commercial,COM-C,150,1,,
KH-CLM-006563,KB0006779,2026-07-17,Atlanta,Medicare,MEDICARE,349,1,,
KH-CLM-006564,KB0006780,2026-07-17,Atlanta,commercial,COM-A,45,1,,
KH-CLM-006565,KB0006781,2026-07-17,Atlanta,commercial,COM-B,175,3,,
KH-CLM-006566,KB0006782,2026-07-17,Atlanta,commercial,COM-A,205,3,,
KH-CLM-006567,KB0006783,2026-07-17,Atlanta,Medicaid,MEDICAID-GA,235,3,,timely filing
KH-CLM-006568,KB0006784,2026-07-17,Atlanta,commercial,COM-A,155,3,,
KH-CLM-006569,KB0006785,2026-07-17,Atlanta,commercial,COM-B,180,2,,
KH-CLM-006570,KB0006786,2026-07-17,Atlanta,Medicare,MEDICARE,149,1,,
KH-CLM-006571,KB0006787,2026-07-17,Philadelphia,commercial,COM-B,275,4,,
KH-CLM-006572,KB0006788,2026-07-17,Philadelphia,commercial,COM-C,115,2,,
KH-CLM-006573,KB0006789,2026-07-17,Philadelphia,self-pay,SELF,349,1,,
KH-CLM-006574,KB0006790,2026-07-17,Philadelphia,Medicare,MEDICARE,60,1,,
KH-CLM-006575,KB0006791,2026-07-17,Philadelphia,Medicare,MEDICARE,349,1,,
KH-CLM-006576,KB0006792,2026-07-17,Philadelphia,commercial,COM-A,75,1,,
KH-CLM-006577,KB0006793,2026-07-18,Dallas,Medicare,MEDICARE,125,3,,
KH-CLM-006578,KB0006794,2026-07-18,Dallas,commercial,COM-B,70,1,,
KH-CLM-006579,KB0006795,2026-07-18,Dallas,commercial,COM-C,215,2,,
KH-CLM-006580,KB0006796,2026-07-18,Dallas,commercial,COM-A,149,1,,
KH-CLM-006581,KB0006797,2026-07-18,Dallas,commercial,COM-B,135,2,,
KH-CLM-006582,KB0006798,2026-07-18,Dallas,commercial,COM-C,270,5,,
KH-CLM-006583,KB0006799,2026-07-18,Dallas,Medicaid,MEDICAID-TX,300,4,,
KH-CLM-006584,KB0006800,2026-07-18,Dallas,commercial,COM-B,75,1,,
KH-CLM-006585,KB0006801,2026-07-18,Dallas,Medicare,MEDICARE,149,1,,
KH-CLM-006586,KB0006802,2026-07-18,Dallas,Medicaid,MEDICAID-TX,75,2,,
KH-CLM-006587,KB0006803,2026-07-18,Dallas,Medicare,MEDICARE,100,2,,
KH-CLM-006588,KB0006804,2026-07-18,Dallas,Medicaid,MEDICAID-TX,349,1,,
KH-CLM-006589,KB0006805,2026-07-18,Dallas,Medicaid,MEDICAID-TX,45,1,,
KH-CLM-006590,KB0006806,2026-07-18,Dallas,Medicare,MEDICARE,349,1,,
KH-CLM-006591,KB0006807,2026-07-18,Dallas,Medicaid,MEDICAID-TX,45,1,,
KH-CLM-006592,KB0006808,2026-07-18,Dallas,self-pay,SELF,125,2,,
KH-CLM-006593,KB0006809,2026-07-18,Phoenix,Medicaid,MEDICAID-AZ,380,4,,
KH-CLM-006594,KB0006810,2026-07-18,Phoenix,Medicare,MEDICARE,299,1,,
KH-CLM-006595,KB0006811,2026-07-18,Phoenix,Medicare,MEDICARE,319,2,,
KH-CLM-006596,KB0006812,2026-07-18,Phoenix,commercial,COM-B,349,1,,
KH-CLM-006597,KB0006814,2026-07-18,Phoenix,Medicaid,MEDICAID-AZ,349,1,,
KH-CLM-006598,KB0006816,2026-07-18,Phoenix,commercial,COM-A,30,1,,
KH-CLM-006599,KB0006817,2026-07-18,Phoenix,Medicaid,MEDICAID-AZ,319,2,,
KH-CLM-006600,KB0006818,2026-07-18,Phoenix,commercial,COM-C,90,2,,
KH-CLM-006601,KB0006819,2026-07-18,Phoenix,commercial,COM-B,149,1,,
KH-CLM-006602,KB0006820,2026-07-18,Phoenix,Medicaid,MEDICAID-AZ,30,1,,
KH-CLM-006603,KB0006821,2026-07-18,Phoenix,Medicare,MEDICARE,265,4,,
KH-CLM-006604,KB0006822,2026-07-18,Phoenix,commercial,COM-A,280,3,,
KH-CLM-006605,KB0006823,2026-07-18,Phoenix,Medicaid,MEDICAID-AZ,55,1,,
KH-CLM-006606,KB0006824,2026-07-18,Phoenix,commercial,COM-A,299,1,,
KH-CLM-006607,KB0006825,2026-07-18,New York,self-pay,SELF,150,2,,
KH-CLM-006608,KB0006826,2026-07-18,New York,commercial,COM-B,95,1,,non-covered service
KH-CLM-006609,KB0006827,2026-07-18,New York,commercial,COM-B,150,3,,
KH-CLM-006610,KB0006829,2026-07-18,New York,commercial,COM-A,149,1,,
KH-CLM-006611,KB0006830,2026-07-18,New York,commercial,COM-C,149,1,,non-covered service
KH-CLM-006612,KB0006831,2026-07-18,Chicago,commercial,COM-B,299,1,,
KH-CLM-006613,KB0006832,2026-07-18,Chicago,commercial,COM-B,149,1,,
KH-CLM-006614,KB0006833,2026-07-18,Chicago,commercial,COM-A,369,2,,
KH-CLM-006615,KB0006834,2026-07-18,Chicago,commercial,COM-B,349,1,,
KH-CLM-006616,KB0006835,2026-07-18,Chicago,Medicare,MEDICARE,185,3,,
KH-CLM-006617,KB0006836,2026-07-18,Chicago,self-pay,SELF,330,4,,
KH-CLM-006618,KB0006837,2026-07-18,Chicago,commercial,COM-A,299,1,,
KH-CLM-006619,KB0006838,2026-07-18,Atlanta,commercial,COM-A,105,2,,
KH-CLM-006620,KB0006839,2026-07-18,Atlanta,Medicare,MEDICARE,169,2,,
KH-CLM-006621,KB0006840,2026-07-18,Atlanta,Medicaid,MEDICAID-GA,165,3,,prior authorization
KH-CLM-006622,KB0006841,2026-07-18,Atlanta,commercial,COM-C,85,1,,
KH-CLM-006623,KB0006842,2026-07-18,Atlanta,commercial,COM-C,299,1,,prior authorization
KH-CLM-006624,KB0006843,2026-07-18,Atlanta,commercial,COM-B,299,1,,
KH-CLM-006625,KB0006844,2026-07-18,Atlanta,Medicare,MEDICARE,130,2,,
KH-CLM-006626,KB0006845,2026-07-18,Atlanta,Medicare,MEDICARE,$225.00,3,,
KH-CLM-006627,KB0006846,2026-07-18,Atlanta,commercial,COM-B,299,1,,medical necessity
KH-CLM-006628,KB0006847,2026-07-18,Philadelphia,commercial,COM-C,299,1,,
KH-CLM-006629,KB0006848,2026-07-18,Philadelphia,Medicaid,MEDICAID-PA,30,1,,
KH-CLM-006630,KB0006849,2026-07-18,Philadelphia,commercial,COM-C,349,1,,
KH-CLM-006631,KB0006850,2026-07-18,Philadelphia,Medicare,MEDICARE,275,5,,
KH-CLM-006632,KB0006851,2026-07-18,Philadelphia,commercial,COM-A,299,1,,
KH-CLM-006633,KB0006852,2026-07-18,Philadelphia,Medicaid,MEDICAID-PA,149,1,,
KH-CLM-006634,KB0006853,2026-07-18,Philadelphia,self-pay,SELF,290,4,,
KH-CLM-006635,KB0006854,2026-07-18,Philadelphia,commercial,COM-B,110,2,,
KH-CLM-006636,KB0006855,2026-07-19,Dallas,commercial,COM-A,145,3,,
KH-CLM-006637,KB0006856,2026-07-19,Dallas,commercial,COM-A,30,1,,
KH-CLM-006638,KB0006857,2026-07-19,Dallas,commercial,COM-C,355,4,,
KH-CLM-006639,KB0006858,2026-07-19,Dallas,commercial,COM-B,30,1,,
KH-CLM-006640,KB0006859,2026-07-19,Dallas,commercial,COM-B,299,1,,eligibility or coverage
KH-CLM-006641,KB0006861,2026-07-19,Dallas,commercial,COM-B,299,1,,
KH-CLM-006642,KB0006862,2026-07-19,Dallas,commercial,COM-B,299,1,,
KH-CLM-006643,KB0006863,2026-07-19,Dallas,commercial,COM-A,200,3,,
KH-CLM-006644,KB0006864,2026-07-19,Dallas,commercial,COM-A,225,3,,
KH-CLM-006645,KB0006865,2026-07-19,Dallas,Medicaid,MEDICAID-TX,150,1,,
KH-CLM-006646,KB0006866,2026-07-19,Dallas,Medicaid,MEDICAID-TX,85,2,,medical necessity
KH-CLM-006647,KB0006867,2026-07-19,Dallas,Medicare,MEDICARE,$105.00,2,,
KH-CLM-006648,KB0006868,2026-07-19,Dallas,commercial,COM-B,299,1,,
KH-CLM-006649,KB0006869,2026-07-19,Dallas,commercial,COM-B,349,1,,medical necessity
KH-CLM-006650,KB0006870,2026-07-19,Dallas,commercial,COM-A,125,2,,
KH-CLM-006651,KB0006871,2026-07-19,Phoenix,commercial,COM-B,240,4,,
KH-CLM-006652,KB0006872,2026-07-19,Phoenix,commercial,COM-C,75,1,,
KH-CLM-006653,KB0006873,2026-07-19,Phoenix,commercial,COM-B,299,1,,non-covered service
KH-CLM-006654,KB0006874,2026-07-19,Phoenix,commercial,COM-A,205,3,,
KH-CLM-006655,KB0006875,2026-07-19,Phoenix,Medicare,MEDICARE,65,1,,
KH-CLM-006656,KB0006876,2026-07-19,Phoenix,self-pay,SELF,180,2,,
KH-CLM-006657,KB0006877,2026-07-19,Phoenix,commercial,COM-A,120,2,,timely filing
KH-CLM-006658,KB0006878,2026-07-19,Phoenix,commercial,COM-A,25,1,,
KH-CLM-006659,KB0006879,2026-07-19,Phoenix,commercial,COM-B,145,2,,
KH-CLM-006660,KB0006880,2026-07-19,Phoenix,commercial,COM-A,150,2,,
KH-CLM-006661,KB0006881,2026-07-19,Phoenix,commercial,COM-B,240,4,,
KH-CLM-006662,KB0006882,2026-07-19,Phoenix,commercial,COM-B,70,1,,missing or invalid information
KH-CLM-006663,KB0006883,2026-07-19,Phoenix,commercial,COM-B,130,3,,
KH-CLM-006664,KB0006884,2026-07-19,New York,commercial,COM-B,145,2,,eligibility or coverage
KH-CLM-006665,KB0006885,2026-07-19,New York,commercial,COM-C,299,1,,
KH-CLM-006666,KB0006886,2026-07-19,New York,self-pay,SELF,155,3,,
KH-CLM-006667,KB0006887,2026-07-19,New York,Medicare,MEDICARE,90,2,,
KH-CLM-006668,KB0006888,2026-07-19,New York,self-pay,SELF,65,1,,
KH-CLM-006669,KB0006889,2026-07-19,New York,Medicaid,MEDICAID-NY,149,1,,
KH-CLM-006670,KB0006890,2026-07-19,New York,self-pay,SELF,190,4,,
KH-CLM-006671,KB0006891,2026-07-19,New York,self-pay,SELF,299,1,,
KH-CLM-006672,KB0006892,2026-07-19,New York,commercial,COM-B,299,1,,non-covered service
KH-CLM-006673,KB0006893,2026-07-19,New York,Medicaid,MEDICAID-NY,225,3,,
KH-CLM-006674,KB0006895,2026-07-19,Chicago,commercial,COM-B,349,1,,medical necessity
KH-CLM-006675,KB0006896,2026-07-19,Chicago,commercial,COM-A,130,2,,
KH-CLM-006676,KB0006897,2026-07-19,Chicago,Medicare,MEDICARE,299,1,,
KH-CLM-006677,KB0006898,2026-07-19,Chicago,self-pay,SELF,299,1,,
KH-CLM-006678,KB0006899,2026-07-19,Atlanta,commercial,COM-A,140,2,,missing or invalid information
KH-CLM-006679,KB0006900,2026-07-19,Atlanta,commercial,COM-A,125,2,,
KH-CLM-006680,KB0006901,2026-07-19,Atlanta,commercial,COM-A,240,3,,
KH-CLM-006681,KB0006902,2026-07-19,Atlanta,Medicare,MEDICARE,299,1,,
KH-CLM-006682,KB0006904,2026-07-19,Atlanta,commercial,COM-B,55,1,,
KH-CLM-006683,KB0006905,2026-07-19,Philadelphia,Medicaid,MEDICAID-PA,85,2,,
KH-CLM-006684,KB0006906,2026-07-19,Philadelphia,commercial,COM-A,149,1,,
KH-CLM-006685,KB0006907,2026-07-19,Philadelphia,commercial,COM-B,349,1,,
KH-CLM-006686,KB0006908,2026-07-19,Philadelphia,commercial,COM-A,149,1,,
KH-CLM-006687,KB0006909,2026-07-19,Philadelphia,commercial,COM-A,205,2,,
KH-CLM-006688,KB0006910,2026-07-19,Philadelphia,Medicare,MEDICARE,299,1,,
KH-CLM-006689,KB0006911,2026-07-19,Philadelphia,commercial,COM-C,149,1,,
KH-CLM-006690,KB0006912,2026-07-19,Philadelphia,Medicare,MEDICARE,65,1,,
KH-CLM-006691,KB0006913,2026-07-20,Dallas,commercial,COM-A,315,4,,
KH-CLM-006692,KB0006914,2026-07-20,Dallas,Medicare,MEDICARE,299,1,,
KH-CLM-006693,KB0006915,2026-07-20,Dallas,Medicare,MEDICARE,305,3,,
KH-CLM-006694,KB0006916,2026-07-20,Dallas,commercial,COM-C,$149.00,1,,
KH-CLM-006695,KB0006917,2026-07-20,Dallas,self-pay,SELF,349,1,,
KH-CLM-006696,KB0006918,2026-07-20,Dallas,commercial,COM-A,115,2,,
KH-CLM-006697,KB0006919,2026-07-20,Dallas,self-pay,SELF,150,1,,
KH-CLM-006698,KB0006920,2026-07-20,Dallas,commercial,COM-A,299,1,,
KH-CLM-006699,KB0006921,2026-07-20,Dallas,commercial,COM-C,149,1,,
KH-CLM-006700,KB0006922,2026-07-20,Dallas,commercial,COM-C,250,3,,
KH-CLM-006701,KB0006923,2026-07-20,Dallas,commercial,COM-A,110,2,,duplicate claim
KH-CLM-006702,KB0006924,2026-07-20,Dallas,commercial,COM-B,260,3,,
KH-CLM-006703,KB0006925,2026-07-20,Dallas,commercial,COM-C,60,1,,
KH-CLM-006704,KB0006926,2026-07-20,Dallas,commercial,COM-B,60,1,,
KH-CLM-006705,KB0006927,2026-07-20,Dallas,commercial,COM-C,105,2,,
KH-CLM-006706,KB0006928,2026-07-20,Dallas,commercial,COM-A,135,2,,
KH-CLM-006707,KB0006929,2026-07-20,Dallas,commercial,COM-B,149,1,,
KH-CLM-006708,KB0006930,2026-07-20,Phoenix,commercial,COM-C,210,4,,
KH-CLM-006709,KB0006931,2026-07-20,Phoenix,self-pay,SELF,65,1,,
KH-CLM-006710,KB0006932,2026-07-20,Phoenix,Medicaid,MEDICAID-AZ,149,1,,
KH-CLM-006711,KB0006933,2026-07-20,Phoenix,commercial,COM-A,115,3,,
KH-CLM-006712,KB0006934,2026-07-20,Phoenix,commercial,COM-B,349,1,,
KH-CLM-006713,KB0006935,2026-07-20,Phoenix,Medicaid,MEDICAID-AZ,319,2,,
KH-CLM-006714,KB0006936,2026-07-20,Phoenix,commercial,COM-B,130,2,,
KH-CLM-006715,KB0006937,2026-07-20,Phoenix,commercial,COM-A,349,1,,eligibility or coverage
KH-CLM-006716,KB0006938,2026-07-20,Phoenix,Medicaid,MEDICAID-AZ,150,2,,
KH-CLM-006717,KB0006939,2026-07-20,Phoenix,self-pay,SELF,349,1,,
KH-CLM-006718,KB0006940,2026-07-20,Phoenix,Medicare,MEDICARE,135,2,,eligibility or coverage
KH-CLM-006719,KB0006941,2026-07-20,Phoenix,commercial,COM-C,220,4,,
KH-CLM-006720,KB0006942,2026-07-20,Phoenix,Medicare,MEDICARE,95,1,,
KH-CLM-006721,KB0006943,2026-07-20,Phoenix,Medicare,MEDICARE,299,1,,
KH-CLM-006722,KB0006944,2026-07-20,Phoenix,commercial,COM-B,140,2,,
KH-CLM-006723,KB0006945,2026-07-20,New York,commercial,COM-C,299,1,,
KH-CLM-006724,KB0006946,2026-07-20,New York,commercial,COM-B,95,2,,
KH-CLM-006725,KB0006947,2026-07-20,New York,commercial,COM-C,195,3,,
KH-CLM-006726,KB0006948,2026-07-20,New York,Medicare,MEDICARE,235,3,,
KH-CLM-006727,KB0006949,2026-07-20,New York,commercial,COM-B,180,2,,
KH-CLM-006728,KB0006950,2026-07-20,New York,commercial,COM-C,55,1,,
KH-CLM-006729,KB0006951,2026-07-20,New York,commercial,COM-C,75,1,,
KH-CLM-006730,KB0006952,2026-07-20,New York,commercial,COM-B,210,3,,
KH-CLM-006731,KB0006953,2026-07-20,New York,commercial,COM-C,225,4,,
KH-CLM-006732,KB0006954,2026-07-20,New York,commercial,COM-C,349,1,,
KH-CLM-006733,KB0006955,2026-07-20,New York,Medicaid,MEDICAID-NY,349,1,,timely filing
KH-CLM-006734,KB0006956,2026-07-20,Chicago,Medicare,MEDICARE,140,2,,non-covered service
KH-CLM-006735,KB0006957,2026-07-20,Chicago,Medicare,MEDICARE,150,1,,
KH-CLM-006736,KB0006958,2026-07-20,Chicago,commercial,COM-A,150,2,,
KH-CLM-006737,KB0006959,2026-07-20,Chicago,Medicare,MEDICARE,230,3,,medical necessity
KH-CLM-006738,KB0006960,2026-07-20,Chicago,commercial,COM-B,310,3,,non-covered service
KH-CLM-006739,KB0006961,2026-07-20,Chicago,commercial,COM-C,130,2,,
KH-CLM-006740,KB0006962,2026-07-20,Atlanta,commercial,COM-A,149,1,,prior authorization
KH-CLM-006741,KB0006963,2026-07-20,Atlanta,Medicaid,MEDICAID-GA,290,4,,
KH-CLM-006742,KB0006964,2026-07-20,Atlanta,self-pay,SELF,149,1,,
KH-CLM-006743,KB0006965,2026-07-20,Atlanta,Medicare,MEDICARE,245,3,,
KH-CLM-006744,KB0006966,2026-07-20,Atlanta,Medicaid,MEDICAID-GA,149,1,,
KH-CLM-006745,KB0006967,2026-07-20,Atlanta,self-pay,SELF,65,1,,
KH-CLM-006746,KB0006968,2026-07-20,Atlanta,commercial,COM-B,299,1,,
KH-CLM-006747,KB0006969,2026-07-20,Atlanta,commercial,COM-A,149,1,,
KH-CLM-006748,KB0006970,2026-07-20,Atlanta,commercial,COM-B,150,2,,
KH-CLM-006749,KB0006972,2026-07-20,Atlanta,Medicare,MEDICARE,105,3,,
KH-CLM-006750,KB0006973,2026-07-20,Philadelphia,commercial,COM-C,299,1,,
KH-CLM-006751,KB0006974,2026-07-20,Philadelphia,commercial,COM-C,115,2,,
KH-CLM-006752,KB0006975,2026-07-20,Philadelphia,Medicaid,MEDICAID-PA,299,1,,
KH-CLM-006753,KB0006976,2026-07-20,Philadelphia,commercial,COM-A,150,2,,
KH-CLM-006754,KB0006977,2026-07-20,Philadelphia,commercial,COM-C,230,3,,
KH-CLM-006755,KB0006978,2026-07-20,Philadelphia,commercial,COM-B,95,1,,
KH-CLM-006756,KB0006979,2026-07-20,Philadelphia,commercial,COM-B,145,2,,
KH-CLM-006757,KB0006980,2026-07-20,Philadelphia,Medicare,MEDICARE,150,1,,
KH-CLM-006758,KB0006981,2026-07-20,Philadelphia,Medicare,MEDICARE,295,3,,
KH-CLM-006759,KB0006982,2026-07-20,Philadelphia,Medicare,MEDICARE,120,2,,
KH-CLM-006760,KB0006983,2026-07-21,Dallas,commercial,COM-B,55,2,,
KH-CLM-006761,KB0006984,2026-07-21,Dallas,commercial,COM-C,250,4,,missing or invalid information
KH-CLM-006762,KB0006985,2026-07-21,Dallas,self-pay,SELF,149,1,,
KH-CLM-006763,KB0006986,2026-07-21,Dallas,commercial,COM-C,319,2,,
KH-CLM-006764,KB0006987,2026-07-21,Dallas,self-pay,SELF,349,1,,
KH-CLM-006765,KB0006988,2026-07-21,Dallas,commercial,COM-A,250,4,,medical necessity
KH-CLM-006766,KB0006989,2026-07-21,Dallas,Medicaid,MEDICAID-TX,120,2,,
KH-CLM-006767,KB0006990,2026-07-21,Dallas,commercial,COM-A,319,2,,
KH-CLM-006768,KB0006991,2026-07-21,Dallas,Medicaid,MEDICAID-TX,95,2,,
KH-CLM-006769,KB0006992,2026-07-21,Dallas,self-pay,SELF,140,3,,
KH-CLM-006770,KB0006993,2026-07-21,Dallas,commercial,COM-B,85,1,,
KH-CLM-006771,KB0006995,2026-07-21,Dallas,Medicare,MEDICARE,149,1,,
KH-CLM-006772,KB0006996,2026-07-21,Dallas,commercial,COM-C,65,1,,
KH-CLM-006773,KB0006997,2026-07-21,Phoenix,commercial,COM-C,149,1,,
KH-CLM-006774,KB0006998,2026-07-21,Phoenix,Medicaid,MEDICAID-AZ,299,1,,
KH-CLM-006775,KB0006999,2026-07-21,Phoenix,commercial,COM-C,95,1,,
KH-CLM-006776,KB0007000,2026-07-21,Phoenix,commercial,COM-B,149,1,,
KH-CLM-006777,KB0007001,2026-07-21,Phoenix,commercial,COM-A,365,4,,
KH-CLM-006778,KB0007003,2026-07-21,Phoenix,Medicare,MEDICARE,120,2,,
KH-CLM-006779,KB0007004,2026-07-21,Phoenix,commercial,COM-C,25,1,,
KH-CLM-006780,KB0007005,2026-07-21,Phoenix,commercial,COM-A,55,1,,
KH-CLM-006781,KB0007006,2026-07-21,Phoenix,self-pay,SELF,95,1,,
KH-CLM-006782,KB0007007,2026-07-21,Phoenix,self-pay,SELF,299,1,,
KH-CLM-006783,KB0007008,2026-07-21,Phoenix,Medicaid,MEDICAID-AZ,245,4,,
KH-CLM-006784,KB0007009,2026-07-21,Phoenix,Medicaid,MEDICAID-AZ,225,2,,
KH-CLM-006785,KB0007010,2026-07-21,New York,commercial,COM-C,145,3,,
KH-CLM-006786,KB0007011,2026-07-21,New York,Medicare,MEDICARE,170,3,,
KH-CLM-006787,KB0007012,2026-07-21,New York,self-pay,SELF,205,4,,
KH-CLM-006788,KB0007013,2026-07-21,New York,Medicare,MEDICARE,215,3,,
KH-CLM-006789,KB0007014,2026-07-21,New York,commercial,COM-A,85,1,,
KH-CLM-006790,KB0007015,2026-07-21,New York,commercial,COM-C,310,4,,
KH-CLM-006791,KB0007016,2026-07-21,New York,Medicare,MEDICARE,305,5,,
KH-CLM-006792,KB0007017,2026-07-21,New York,Medicaid,MEDICAID-NY,225,3,,
KH-CLM-006793,KB0007018,2026-07-21,New York,commercial,COM-B,149,1,,non-covered service
KH-CLM-006794,KB0007019,2026-07-21,New York,commercial,COM-A,299,1,,
KH-CLM-006795,KB0007020,2026-07-21,New York,commercial,COM-B,30,1,,prior authorization
KH-CLM-006796,KB0007021,2026-07-21,Chicago,Medicare,MEDICARE,299,1,,
KH-CLM-006797,KB0007022,2026-07-21,Chicago,commercial,COM-B,299,1,,
KH-CLM-006798,KB0007023,2026-07-21,Chicago,Medicare,MEDICARE,299,1,,medical necessity
KH-CLM-006799,KB0007024,2026-07-21,Chicago,commercial,COM-B,149,1,,
KH-CLM-006800,KB0007025,2026-07-21,Chicago,commercial,COM-C,65,1,,
KH-CLM-006801,KB0007026,2026-07-21,Chicago,commercial,COM-B,349,1,,
KH-CLM-006802,KB0007027,2026-07-21,Chicago,commercial,COM-C,60,1,,
KH-CLM-006803,KB0007028,2026-07-21,Chicago,commercial,COM-B,340,4,,
KH-CLM-006804,KB0007029,2026-07-21,Chicago,commercial,COM-A,75,2,,eligibility or coverage
KH-CLM-006805,KB0007030,2026-07-21,Chicago,commercial,COM-C,299,1,,
KH-CLM-006806,KB0007031,2026-07-21,Chicago,self-pay,SELF,315,5,,
KH-CLM-006807,KB0007032,2026-07-21,Atlanta,commercial,COM-A,299,1,,
KH-CLM-006808,KB0007033,2026-07-21,Atlanta,Medicaid,MEDICAID-GA,30,1,,
KH-CLM-006809,KB0007034,2026-07-21,Atlanta,Medicaid,MEDICAID-GA,85,2,,
KH-CLM-006810,KB0007035,2026-07-21,Atlanta,Medicare,MEDICARE,149,1,,
KH-CLM-006811,KB0007036,2026-07-21,Atlanta,Medicaid,MEDICAID-GA,85,1,,
KH-CLM-006812,KB0007037,2026-07-21,Atlanta,commercial,COM-C,349,1,,
KH-CLM-006813,KB0007038,2026-07-21,Atlanta,Medicare,MEDICARE,135,2,,
KH-CLM-006814,KB0007039,2026-07-21,Atlanta,Medicaid,MEDICAID-GA,95,1,,
KH-CLM-006815,KB0007040,2026-07-21,Philadelphia,Medicaid,MEDICAID-PA,30,1,,
KH-CLM-006816,KB0007041,2026-07-21,Philadelphia,commercial,COM-A,95,2,,
KH-CLM-006817,KB0007042,2026-07-21,Philadelphia,Medicaid,MEDICAID-PA,100,2,,
KH-CLM-006818,KB0007043,2026-07-21,Philadelphia,self-pay,SELF,120,2,,
KH-CLM-006819,KB0007044,2026-07-21,Philadelphia,Medicaid,MEDICAID-PA,125,2,,eligibility or coverage
KH-CLM-006820,KB0007045,2026-07-21,Philadelphia,Medicare,MEDICARE,60,1,,timely filing
KH-CLM-006821,KB0007046,2026-07-21,Philadelphia,Medicaid,MEDICAID-PA,299,1,,
KH-CLM-006822,KB0007047,2026-07-22,Dallas,commercial,COM-C,130,2,,
KH-CLM-006823,KB0007048,2026-07-22,Dallas,Medicare,MEDICARE,299,1,,
KH-CLM-006824,KB0007049,2026-07-22,Dallas,Medicare,MEDICARE,110,2,,
KH-CLM-006825,KB0007050,2026-07-22,Dallas,Medicaid,MEDICAID-TX,349,1,,
KH-CLM-006826,KB0007051,2026-07-22,Dallas,commercial,COM-A,150,1,,timely filing
KH-CLM-006827,KB0007052,2026-07-22,Dallas,Medicare,MEDICARE,135,3,,
KH-CLM-006828,KB0007053,2026-07-22,Dallas,self-pay,SELF,225,4,,
KH-CLM-006829,KB0007054,2026-07-22,Dallas,self-pay,SELF,85,1,,
KH-CLM-006830,KB0007055,2026-07-22,Dallas,commercial,COM-B,75,2,,
KH-CLM-006831,KB0007056,2026-07-22,Dallas,commercial,COM-A,149,1,,timely filing
KH-CLM-006832,KB0007057,2026-07-22,Dallas,Medicaid,MEDICAID-TX,200,3,,
KH-CLM-006833,KB0007058,2026-07-22,Dallas,commercial,COM-B,250,3,,
KH-CLM-006834,KB0007059,2026-07-22,Dallas,Medicare,MEDICARE,70,1,,
KH-CLM-006835,KB0007060,2026-07-22,Dallas,commercial,COM-B,225,4,,
KH-CLM-006836,KB0007061,2026-07-22,Dallas,commercial,COM-C,75,2,,
KH-CLM-006837,KB0007062,2026-07-22,Dallas,self-pay,SELF,240,3,,
KH-CLM-006838,KB0007063,2026-07-22,Dallas,commercial,COM-A,149,1,,eligibility or coverage
KH-CLM-006839,KB0007064,2026-07-22,Phoenix,commercial,COM-A,140,3,,
KH-CLM-006840,KB0007065,2026-07-22,Phoenix,Medicare,MEDICARE,149,1,,
KH-CLM-006841,KB0007066,2026-07-22,Phoenix,Medicare,MEDICARE,75,1,,
KH-CLM-006842,KB0007067,2026-07-22,Phoenix,Medicaid,MEDICAID-AZ,95,1,,
KH-CLM-006843,KB0007068,2026-07-22,Phoenix,Medicaid,MEDICAID-AZ,215,2,,
KH-CLM-006844,KB0007069,2026-07-22,Phoenix,Medicaid,MEDICAID-AZ,25,1,,
KH-CLM-006845,KB0007070,2026-07-22,Phoenix,commercial,COM-B,299,1,,non-covered service
KH-CLM-006846,KB0007071,2026-07-22,Phoenix,commercial,COM-B,115,2,,eligibility or coverage
KH-CLM-006847,KB0007072,2026-07-22,Phoenix,commercial,COM-A,299,1,,
KH-CLM-006848,KB0007073,2026-07-22,Phoenix,Medicaid,MEDICAID-AZ,245,4,,
KH-CLM-006849,KB0007074,2026-07-22,Phoenix,Medicare,MEDICARE,149,1,,
KH-CLM-006850,KB0007075,2026-07-22,Phoenix,commercial,COM-C,299,1,,non-covered service
KH-CLM-006851,KB0007076,2026-07-22,Phoenix,commercial,COM-A,265,3,,
KH-CLM-006852,KB0007077,2026-07-22,Phoenix,Medicare,MEDICARE,210,2,,
KH-CLM-006853,KB0007078,2026-07-22,Phoenix,commercial,COM-C,310,3,,eligibility or coverage
KH-CLM-006854,KB0007079,2026-07-22,Phoenix,Medicare,MEDICARE,299,1,,missing or invalid information
KH-CLM-006855,KB0007080,2026-07-22,Phoenix,Medicaid,MEDICAID-AZ,299,1,,
KH-CLM-006856,KB0007081,2026-07-22,New York,commercial,COM-B,235,3,,
KH-CLM-006857,KB0007082,2026-07-22,New York,Medicare,MEDICARE,60,1,,
KH-CLM-006858,KB0007083,2026-07-22,New York,commercial,COM-A,75,2,,
KH-CLM-006859,KB0007084,2026-07-22,New York,commercial,COM-B,299,1,,
KH-CLM-006860,KB0007085,2026-07-22,New York,Medicaid,MEDICAID-NY,70,1,,
KH-CLM-006861,KB0007086,2026-07-22,New York,commercial,COM-B,299,1,,non-covered service
KH-CLM-006862,KB0007087,2026-07-22,New York,Medicaid,MEDICAID-NY,349,1,,
KH-CLM-006863,KB0007088,2026-07-22,New York,commercial,COM-B,85,1,,
KH-CLM-006864,KB0007089,2026-07-22,New York,commercial,COM-B,149,1,,missing or invalid information
KH-CLM-006865,KB0007090,2026-07-22,New York,commercial,COM-A,70,1,,
KH-CLM-006866,KB0007091,2026-07-22,New York,commercial,COM-A,299,1,,
KH-CLM-006867,KB0007092,2026-07-22,New York,commercial,COM-A,170,2,,
KH-CLM-006868,KB0007094,2026-07-22,Chicago,Medicaid,MEDICAID-IL,299,1,,
KH-CLM-006869,KB0007095,2026-07-22,Chicago,Medicare,MEDICARE,55,2,,
KH-CLM-006870,KB0007096,2026-07-22,Chicago,commercial,COM-B,140,2,,
KH-CLM-006871,KB0007097,2026-07-22,Chicago,Medicare,MEDICARE,299,1,,
KH-CLM-006872,KB0007098,2026-07-22,Chicago,Medicaid,MEDICAID-IL,170,3,,
KH-CLM-006873,KB0007099,2026-07-22,Atlanta,Medicare,MEDICARE,155,3,,
KH-CLM-006874,KB0007100,2026-07-22,Atlanta,commercial,COM-A,149,1,,prior authorization
KH-CLM-006875,KB0007101,2026-07-22,Atlanta,Medicaid,MEDICAID-GA,180,2,,
KH-CLM-006876,KB0007102,2026-07-22,Atlanta,commercial,COM-B,75,1,,duplicate claim
KH-CLM-006877,KB0007103,2026-07-22,Atlanta,commercial,COM-C,299,1,,prior authorization
KH-CLM-006878,KB0007104,2026-07-22,Atlanta,commercial,COM-A,270,3,,
KH-CLM-006879,KB0007105,2026-07-22,Atlanta,Medicare,MEDICARE,205,2,,
KH-CLM-006880,KB0007106,2026-07-22,Atlanta,commercial,COM-A,349,1,,prior authorization
KH-CLM-006881,KB0007107,2026-07-22,Atlanta,Medicare,MEDICARE,185,4,,
KH-CLM-006882,KB0007108,2026-07-22,Atlanta,Medicare,MEDICARE,55,1,,
KH-CLM-006883,KB0007109,2026-07-22,Atlanta,commercial,COM-C,55,1,,
KH-CLM-006884,KB0007110,2026-07-22,Atlanta,commercial,COM-B,60,1,,
KH-CLM-006885,KB0007112,2026-07-22,Philadelphia,Medicare,MEDICARE,230,4,,
KH-CLM-006886,KB0007113,2026-07-22,Philadelphia,Medicaid,MEDICAID-PA,85,1,,eligibility or coverage
KH-CLM-006887,KB0007114,2026-07-22,Philadelphia,commercial,COM-C,299,1,,
KH-CLM-006888,KB0007115,2026-07-22,Philadelphia,commercial,COM-C,70,2,,
KH-CLM-006889,KB0007116,2026-07-22,Philadelphia,commercial,COM-A,319,2,,
KH-CLM-006890,KB0007117,2026-07-22,Philadelphia,Medicaid,MEDICAID-PA,70,1,,
KH-CLM-006891,KB0007119,2026-07-23,Dallas,commercial,COM-A,95,2,,
KH-CLM-006892,KB0007120,2026-07-23,Dallas,self-pay,SELF,30,1,,
KH-CLM-006893,KB0007121,2026-07-23,Dallas,commercial,COM-C,130,2,,
KH-CLM-006894,KB0007122,2026-07-23,Dallas,Medicaid,MEDICAID-TX,30,1,,
KH-CLM-006895,KB0007123,2026-07-23,Dallas,commercial,COM-C,345,4,,
KH-CLM-006896,KB0007124,2026-07-23,Dallas,Medicare,MEDICARE,349,1,,
KH-CLM-006897,KB0007125,2026-07-23,Dallas,self-pay,SELF,245,4,,
KH-CLM-006898,KB0007126,2026-07-23,Dallas,Medicare,MEDICARE,80,2,,
KH-CLM-006899,KB0007127,2026-07-23,Dallas,Medicare,MEDICARE,95,1,,
KH-CLM-006900,KB0007128,2026-07-23,Dallas,commercial,COM-B,130,2,,eligibility or coverage
KH-CLM-006901,KB0007129,2026-07-23,Dallas,commercial,COM-C,95,1,,
KH-CLM-006902,KB0007130,2026-07-23,Dallas,Medicaid,MEDICAID-TX,30,1,,
KH-CLM-006903,KB0007131,2026-07-23,Dallas,self-pay,SELF,100,2,,
KH-CLM-006904,KB0007132,2026-07-23,Phoenix,Medicare,MEDICARE,149,1,,
KH-CLM-006905,KB0007133,2026-07-23,Phoenix,commercial,COM-B,149,1,,
KH-CLM-006906,KB0007134,2026-07-23,Phoenix,self-pay,SELF,149,1,,
KH-CLM-006907,KB0007135,2026-07-23,Phoenix,commercial,COM-C,75,1,,
KH-CLM-006908,KB0007136,2026-07-23,Phoenix,commercial,COM-B,25,1,,
KH-CLM-006909,KB0007137,2026-07-23,Phoenix,Medicare,MEDICARE,299,1,,
KH-CLM-006910,KB0007138,2026-07-23,Phoenix,Medicare,MEDICARE,85,2,,
KH-CLM-006911,KB0007139,2026-07-23,Phoenix,Medicaid,MEDICAID-AZ,149,1,,
KH-CLM-006912,KB0007140,2026-07-23,Phoenix,commercial,COM-C,299,1,,non-covered service
KH-CLM-006913,KB0007141,2026-07-23,Phoenix,commercial,COM-B,95,2,,
KH-CLM-006914,KB0007142,2026-07-23,Phoenix,commercial,COM-A,100,2,,
KH-CLM-006915,KB0007143,2026-07-23,Phoenix,commercial,COM-C,100,2,,
KH-CLM-006916,KB0007144,2026-07-23,Phoenix,commercial,COM-A,299,1,,
KH-CLM-006917,KB0007145,2026-07-23,Phoenix,Medicare,MEDICARE,195,3,,
KH-CLM-006918,KB0007146,2026-07-23,Phoenix,self-pay,SELF,200,4,,
KH-CLM-006919,KB0007147,2026-07-23,Phoenix,commercial,COM-B,299,1,,
KH-CLM-006920,KB0007148,2026-07-23,Phoenix,commercial,COM-C,70,1,,
KH-CLM-006921,KB0007149,2026-07-23,Phoenix,commercial,COM-B,299,1,,
KH-CLM-006922,KB0007150,2026-07-23,Phoenix,commercial,COM-A,190,4,,
KH-CLM-006923,KB0007151,2026-07-23,Phoenix,Medicare,MEDICARE,55,1,,
KH-CLM-006924,KB0007152,2026-07-23,Phoenix,commercial,COM-A,155,3,,
KH-CLM-006925,KB0007153,2026-07-23,New York,commercial,COM-C,149,1,,
KH-CLM-006926,KB0007154,2026-07-23,New York,Medicare,MEDICARE,30,1,,
KH-CLM-006927,KB0007155,2026-07-23,New York,commercial,COM-B,369,2,,
KH-CLM-006928,KB0007156,2026-07-23,New York,Medicare,MEDICARE,149,1,,
KH-CLM-006929,KB0007157,2026-07-23,New York,commercial,COM-B,100,2,,
KH-CLM-006930,KB0007158,2026-07-23,New York,commercial,COM-C,100,3,,non-covered service
KH-CLM-006931,KB0007159,2026-07-23,New York,commercial,COM-B,75,1,,
KH-CLM-006932,KB0007160,2026-07-23,New York,Medicare,MEDICARE,210,2,,
KH-CLM-006933,KB0007161,2026-07-23,New York,commercial,COM-B,225,4,,
KH-CLM-006934,KB0007162,2026-07-23,New York,commercial,COM-B,149,1,,
KH-CLM-006935,KB0007163,2026-07-23,New York,commercial,COM-B,65,2,,
KH-CLM-006936,KB0007164,2026-07-23,Chicago,commercial,COM-C,220,3,,
KH-CLM-006937,KB0007165,2026-07-23,Chicago,commercial,COM-C,310,4,,
KH-CLM-006938,KB0007166,2026-07-23,Chicago,commercial,COM-B,225,4,,missing or invalid information
KH-CLM-006939,KB0007167,2026-07-23,Chicago,commercial,COM-B,60,1,,
KH-CLM-006940,KB0007168,2026-07-23,Chicago,self-pay,SELF,60,1,,
KH-CLM-006941,KB0007169,2026-07-23,Chicago,Medicaid,MEDICAID-IL,299,1,,
KH-CLM-006942,KB0007170,2026-07-23,Chicago,commercial,COM-C,290,4,,
KH-CLM-006943,KB0007171,2026-07-23,Chicago,commercial,COM-B,215,2,,
KH-CLM-006944,KB0007172,2026-07-23,Chicago,Medicaid,MEDICAID-IL,75,1,,
KH-CLM-006945,KB0007173,2026-07-23,Chicago,commercial,COM-A,299,1,,
KH-CLM-006946,KB0007174,2026-07-23,Atlanta,Medicare,MEDICARE,299,1,,
KH-CLM-006947,KB0007175,2026-07-23,Atlanta,commercial,COM-A,245,3,,
KH-CLM-006948,KB0007176,2026-07-23,Atlanta,Medicaid,MEDICAID-GA,50,2,,
KH-CLM-006949,KB0007177,2026-07-23,Atlanta,commercial,COM-C,90,2,,
KH-CLM-006950,KB0007178,2026-07-23,Atlanta,Medicare,MEDICARE,149,1,,duplicate claim
KH-CLM-006951,KB0007179,2026-07-23,Atlanta,Medicare,MEDICARE,349,1,,
KH-CLM-006952,KB0007180,2026-07-23,Atlanta,Medicaid,MEDICAID-GA,310,3,,
KH-CLM-006953,KB0007181,2026-07-23,Atlanta,Medicare,MEDICARE,150,3,,
KH-CLM-006954,KB0007182,2026-07-23,Philadelphia,commercial,COM-C,349,1,,
KH-CLM-006955,KB0007183,2026-07-23,Philadelphia,commercial,COM-A,149,1,,
KH-CLM-006956,KB0007184,2026-07-23,Philadelphia,self-pay,SELF,299,1,,
KH-CLM-006957,KB0007185,2026-07-23,Philadelphia,Medicare,MEDICARE,50,2,,
KH-CLM-006958,KB0007186,2026-07-23,Philadelphia,commercial,COM-C,149,1,,
KH-CLM-006959,KB0007187,2026-07-23,Philadelphia,Medicare,MEDICARE,349,1,,medical necessity
KH-CLM-006960,KB0007188,2026-07-23,Philadelphia,Medicare,MEDICARE,149,1,,
KH-CLM-006961,KB0007189,2026-07-23,Philadelphia,commercial,COM-B,115,2,,
KH-CLM-006962,KB0007190,2026-07-23,Philadelphia,commercial,COM-C,299,1,,
KH-CLM-006963,KB0007191,2026-07-23,Philadelphia,Medicaid,MEDICAID-PA,349,1,,
KH-CLM-006964,KB0007192,2026-07-24,Dallas,Medicare,MEDICARE,299,1,,
KH-CLM-006965,KB0007193,2026-07-24,Dallas,self-pay,SELF,200,3,,
KH-CLM-006966,KB0007194,2026-07-24,Dallas,commercial,COM-A,290,3,,
KH-CLM-006967,KB0007195,2026-07-24,Dallas,commercial,COM-B,175,2,,
KH-CLM-006968,KB0007196,2026-07-24,Dallas,commercial,COM-A,70,1,,
KH-CLM-006969,KB0007197,2026-07-24,Dallas,commercial,COM-C,149,1,,
KH-CLM-006970,KB0007198,2026-07-24,Dallas,Medicare,MEDICARE,30,1,,
KH-CLM-006971,KB0007199,2026-07-24,Dallas,Medicaid,MEDICAID-TX,299,1,,
KH-CLM-006972,KB0007200,2026-07-24,Dallas,Medicaid,MEDICAID-TX,205,3,,
KH-CLM-006973,KB0007201,2026-07-24,Dallas,Medicare,MEDICARE,55,1,,
KH-CLM-006974,KB0007202,2026-07-24,Dallas,Medicare,MEDICARE,130,2,,
KH-CLM-006975,KB0007203,2026-07-24,Dallas,commercial,COM-A,299,1,,
KH-CLM-006976,KB0007204,2026-07-24,Dallas,commercial,COM-A,105,2,,
KH-CLM-006977,KB0007205,2026-07-24,Dallas,Medicaid,MEDICAID-TX,350,4,,eligibility or coverage
KH-CLM-006978,KB0007206,2026-07-24,Dallas,Medicare,MEDICARE,299,1,,
KH-CLM-006979,KB0007207,2026-07-24,Dallas,commercial,COM-A,150,3,,
KH-CLM-006980,KB0007208,2026-07-24,Dallas,commercial,COM-B,85,1,,
KH-CLM-006981,KB0007209,2026-07-24,Phoenix,commercial,COM-B,145,3,,
KH-CLM-006982,KB0007210,2026-07-24,Phoenix,commercial,COM-A,100,2,,missing or invalid information
KH-CLM-006983,KB0007211,2026-07-24,Phoenix,commercial,COM-A,225,5,,
KH-CLM-006984,KB0007212,2026-07-24,Phoenix,commercial,COM-B,200,4,,
KH-CLM-006985,KB0007213,2026-07-24,Phoenix,commercial,COM-C,290,4,,
KH-CLM-006986,KB0007214,2026-07-24,New York,Medicaid,MEDICAID-NY,55,1,,
KH-CLM-006987,KB0007215,2026-07-24,New York,Medicare,MEDICARE,85,2,,
KH-CLM-006988,KB0007216,2026-07-24,New York,Medicare,MEDICARE,235,2,,
KH-CLM-006989,KB0007217,2026-07-24,New York,Medicare,MEDICARE,170,2,,
KH-CLM-006990,KB0007218,2026-07-24,New York,Medicare,MEDICARE,70,1,,
KH-CLM-006991,KB0007219,2026-07-24,New York,Medicare,MEDICARE,200,3,,
KH-CLM-006992,KB0007220,2026-07-24,New York,self-pay,SELF,195,3,,
KH-CLM-006993,KB0007221,2026-07-24,New York,Medicaid,MEDICAID-NY,205,4,,
KH-CLM-006994,KB0007222,2026-07-24,New York,commercial,COM-A,299,1,,
KH-CLM-006995,KB0007223,2026-07-24,New York,commercial,COM-C,45,1,,
KH-CLM-006996,KB0007224,2026-07-24,New York,commercial,COM-C,135,2,,
KH-CLM-006997,KB0007225,2026-07-24,New York,commercial,COM-C,85,1,,
KH-CLM-006998,KB0007226,2026-07-24,New York,Medicaid,MEDICAID-NY,140,3,,
KH-CLM-006999,KB0007227,2026-07-24,New York,commercial,COM-C,100,2,,
KH-CLM-007000,KB0007228,2026-07-24,Chicago,commercial,COM-B,210,2,,
KH-CLM-007001,KB0007229,2026-07-24,Chicago,commercial,COM-C,195,2,,
KH-CLM-007002,KB0007230,2026-07-24,Chicago,self-pay,SELF,85,2,,
KH-CLM-007003,KB0007231,2026-07-24,Chicago,Medicare,MEDICARE,310,3,,
KH-CLM-007004,KB0007232,2026-07-24,Chicago,Medicaid,MEDICAID-IL,299,1,,medical necessity
KH-CLM-007005,KB0007233,2026-07-24,Chicago,Medicare,MEDICARE,155,2,,
KH-CLM-007006,KB0007234,2026-07-24,Chicago,Medicare,MEDICARE,149,1,,
KH-CLM-007007,KB0007236,2026-07-24,Chicago,Medicare,MEDICARE,65,1,,
KH-CLM-007008,KB0007237,2026-07-24,Atlanta,commercial,COM-A,85,2,,
KH-CLM-007009,KB0007238,2026-07-24,Atlanta,Medicare,MEDICARE,340,4,,
KH-CLM-007010,KB0007239,2026-07-24,Atlanta,commercial,COM-C,149,1,,
KH-CLM-007011,KB0007240,2026-07-24,Atlanta,Medicare,MEDICARE,75,1,,
KH-CLM-007012,KB0007241,2026-07-24,Atlanta,Medicare,MEDICARE,95,1,,
KH-CLM-007013,KB0007242,2026-07-24,Atlanta,commercial,COM-C,60,2,,
KH-CLM-007014,KB0007243,2026-07-24,Atlanta,Medicaid,MEDICAID-GA,150,1,,
KH-CLM-007015,KB0007244,2026-07-24,Atlanta,Medicare,MEDICARE,120,3,,
KH-CLM-007016,KB0007245,2026-07-24,Atlanta,Medicare,MEDICARE,235,4,,
KH-CLM-007017,KB0007246,2026-07-24,Philadelphia,commercial,COM-A,260,4,,
KH-CLM-007018,KB0007247,2026-07-24,Philadelphia,commercial,COM-B,335,4,,
KH-CLM-007019,KB0007248,2026-07-24,Philadelphia,commercial,COM-A,155,2,,
KH-CLM-007020,KB0007249,2026-07-24,Philadelphia,commercial,COM-A,240,5,,
KH-CLM-007021,KB0007250,2026-07-24,Philadelphia,commercial,COM-B,240,3,,
KH-CLM-007022,KB0007251,2026-07-24,Philadelphia,self-pay,SELF,30,1,,
KH-CLM-007023,KB0007252,2026-07-24,Philadelphia,self-pay,SELF,299,1,,
KH-CLM-007024,KB0007253,2026-07-24,Philadelphia,commercial,COM-B,95,1,,
KH-CLM-007025,KB0007254,2026-07-24,Philadelphia,commercial,COM-A,270,4,,
KH-CLM-007026,KB0007255,2026-07-24,Philadelphia,self-pay,SELF,30,1,,
KH-CLM-007027,KB0007256,2026-07-25,Dallas,commercial,COM-A,165,4,,
KH-CLM-007028,KB0007257,2026-07-25,Dallas,commercial,COM-B,235,4,,
KH-CLM-007029,KB0007258,2026-07-25,Dallas,commercial,COM-B,275,4,,
KH-CLM-007030,KB0007259,2026-07-25,Dallas,commercial,COM-B,200,3,,
KH-CLM-007031,KB0007260,2026-07-25,Dallas,commercial,COM-A,299,1,,missing or invalid information
KH-CLM-007032,KB0007261,2026-07-25,Dallas,commercial,COM-C,299,1,,
KH-CLM-007033,KB0007262,2026-07-25,Dallas,commercial,COM-C,75,1,,
KH-CLM-007034,KB0007263,2026-07-25,Dallas,Medicaid,MEDICAID-TX,50,2,,
KH-CLM-007035,KB0007264,2026-07-25,Dallas,Medicare,MEDICARE,160,4,,
KH-CLM-007036,KB0007265,2026-07-25,Dallas,Medicaid,MEDICAID-TX,180,2,,
KH-CLM-007037,KB0007266,2026-07-25,Dallas,commercial,COM-C,299,1,,
KH-CLM-007038,KB0007267,2026-07-25,Dallas,Medicare,MEDICARE,30,1,,
KH-CLM-007039,KB0007268,2026-07-25,Dallas,self-pay,SELF,140,3,,
KH-CLM-007040,KB0007269,2026-07-25,Dallas,Medicaid,MEDICAID-TX,299,1,,
KH-CLM-007041,KB0007271,2026-07-25,Phoenix,commercial,COM-C,125,2,,
KH-CLM-007042,KB0007272,2026-07-25,Phoenix,Medicare,MEDICARE,110,2,,
KH-CLM-007043,KB0007273,2026-07-25,Phoenix,commercial,COM-B,319,2,,
KH-CLM-007044,KB0007274,2026-07-25,Phoenix,commercial,COM-A,90,2,,
KH-CLM-007045,KB0007275,2026-07-25,Phoenix,commercial,COM-C,75,1,,
KH-CLM-007046,KB0007276,2026-07-25,Phoenix,Medicaid,MEDICAID-AZ,65,1,,
KH-CLM-007047,KB0007277,2026-07-25,Phoenix,commercial,COM-B,45,1,,timely filing
KH-CLM-007048,KB0007278,2026-07-25,Phoenix,commercial,COM-B,255,3,,
KH-CLM-007049,KB0007279,2026-07-25,Phoenix,commercial,COM-C,45,1,,
KH-CLM-007050,KB0007280,2026-07-25,Phoenix,Medicare,MEDICARE,180,4,,
KH-CLM-007051,KB0007281,2026-07-25,Phoenix,commercial,COM-A,25,1,,
KH-CLM-007052,KB0007282,2026-07-25,Phoenix,commercial,COM-B,295,4,,
KH-CLM-007053,KB0007283,2026-07-25,Phoenix,Medicare,MEDICARE,240,3,,
KH-CLM-007054,KB0007284,2026-07-25,Phoenix,Medicare,MEDICARE,149,1,,
KH-CLM-007055,KB0007285,2026-07-25,Phoenix,commercial,COM-A,65,1,,non-covered service
KH-CLM-007056,KB0007286,2026-07-25,New York,commercial,COM-A,185,3,,
KH-CLM-007057,KB0007287,2026-07-25,New York,Medicare,MEDICARE,285,4,,
KH-CLM-007058,KB0007288,2026-07-25,New York,commercial,COM-C,70,1,,
KH-CLM-007059,KB0007289,2026-07-25,New York,Medicare,MEDICARE,369,2,,
KH-CLM-007060,KB0007290,2026-07-25,New York,commercial,COM-A,265,5,,
KH-CLM-007061,KB0007291,2026-07-25,New York,Medicare,MEDICARE,299,1,,
KH-CLM-007062,KB0007292,2026-07-25,New York,commercial,COM-B,299,1,,
KH-CLM-007063,KB0007293,2026-07-25,New York,Medicaid,MEDICAID-NY,349,1,,
KH-CLM-007064,KB0007294,2026-07-25,New York,Medicare,MEDICARE,50,2,,
KH-CLM-007065,KB0007295,2026-07-25,Chicago,self-pay,SELF,299,1,,
KH-CLM-007066,KB0007296,2026-07-25,Chicago,Medicare,MEDICARE,55,1,,
KH-CLM-007067,KB0007297,2026-07-25,Chicago,commercial,COM-C,30,1,,
KH-CLM-007068,KB0007298,2026-07-25,Chicago,Medicaid,MEDICAID-IL,150,1,,
KH-CLM-007069,KB0007299,2026-07-25,Chicago,commercial,COM-B,319,2,,
KH-CLM-007070,KB0007300,2026-07-25,Chicago,Medicare,MEDICARE,80,2,,
KH-CLM-007071,KB0007301,2026-07-25,Chicago,commercial,COM-C,300,4,,
KH-CLM-007072,KB0007302,2026-07-25,Chicago,commercial,COM-C,50,2,,
KH-CLM-007073,KB0007303,2026-07-25,Atlanta,commercial,COM-C,299,1,,
KH-CLM-007074,KB0007304,2026-07-25,Atlanta,commercial,COM-A,299,1,,non-covered service
KH-CLM-007075,KB0007305,2026-07-25,Atlanta,Medicare,MEDICARE,149,1,,
KH-CLM-007076,KB0007306,2026-07-25,Atlanta,Medicare,MEDICARE,180,2,,
KH-CLM-007077,KB0007307,2026-07-25,Atlanta,commercial,COM-C,195,3,,
KH-CLM-007078,KB0007308,2026-07-25,Atlanta,commercial,COM-A,149,1,,non-covered service
KH-CLM-007079,KB0007309,2026-07-25,Atlanta,commercial,COM-A,55,1,,
KH-CLM-007080,KB0007310,2026-07-25,Atlanta,commercial,COM-B,30,1,,
KH-CLM-007081,KB0007311,2026-07-25,Atlanta,Medicare,MEDICARE,180,2,,missing or invalid information
KH-CLM-007082,KB0007312,2026-07-25,Philadelphia,commercial,COM-C,170,2,,eligibility or coverage
KH-CLM-007083,KB0007314,2026-07-25,Philadelphia,Medicare,MEDICARE,149,1,,medical necessity
KH-CLM-007084,KB0007315,2026-07-25,Philadelphia,commercial,COM-B,105,2,,
KH-CLM-007085,KB0007316,2026-07-25,Philadelphia,Medicare,MEDICARE,175,2,,
KH-CLM-007086,KB0007317,2026-07-25,Philadelphia,commercial,COM-C,240,3,,
KH-CLM-007087,KB0007318,2026-07-25,Philadelphia,Medicaid,MEDICAID-PA,320,4,,timely filing
KH-CLM-007088,KB0007319,2026-07-25,Philadelphia,Medicare,MEDICARE,95,1,,
KH-CLM-007089,KB0007320,2026-07-25,Philadelphia,commercial,COM-A,149,1,,
KH-CLM-007090,KB0007321,2026-07-26,Dallas,commercial,COM-C,280,3,,
KH-CLM-007091,KB0007322,2026-07-26,Dallas,commercial,COM-B,115,2,,
KH-CLM-007092,KB0007324,2026-07-26,Dallas,commercial,COM-C,25,1,,
KH-CLM-007093,KB0007325,2026-07-26,Dallas,Medicare,MEDICARE,120,2,,
KH-CLM-007094,KB0007326,2026-07-26,Dallas,Medicare,MEDICARE,299,1,,medical necessity
KH-CLM-007095,KB0007327,2026-07-26,Dallas,commercial,COM-A,100,2,,
KH-CLM-007096,KB0007328,2026-07-26,Dallas,commercial,COM-A,150,1,,
KH-CLM-007097,KB0007329,2026-07-26,Dallas,Medicaid,MEDICAID-TX,320,4,,
KH-CLM-007098,KB0007330,2026-07-26,Dallas,Medicaid,MEDICAID-TX,105,2,,medical necessity
KH-CLM-007099,KB0007331,2026-07-26,Dallas,commercial,COM-B,299,1,,
KH-CLM-007100,KB0007332,2026-07-26,Dallas,commercial,COM-C,299,1,,
KH-CLM-007101,KB0007333,2026-07-26,Dallas,commercial,COM-B,169,2,,
KH-CLM-007102,KB0007334,2026-07-26,Dallas,Medicare,MEDICARE,170,2,,
KH-CLM-007103,KB0007335,2026-07-26,Phoenix,commercial,COM-C,55,1,,
KH-CLM-007104,KB0007336,2026-07-26,Phoenix,commercial,COM-C,335,4,,
KH-CLM-007105,KB0007337,2026-07-26,Phoenix,commercial,COM-A,225,4,,
KH-CLM-007106,KB0007338,2026-07-26,Phoenix,Medicaid,MEDICAID-AZ,265,3,,
KH-CLM-007107,KB0007339,2026-07-26,Phoenix,commercial,COM-C,155,2,,
KH-CLM-007108,KB0007340,2026-07-26,Phoenix,commercial,COM-B,105,2,,
KH-CLM-007109,KB0007341,2026-07-26,Phoenix,self-pay,SELF,30,1,,
KH-CLM-007110,KB0007342,2026-07-26,Phoenix,Medicaid,MEDICAID-AZ,149,1,,
KH-CLM-007111,KB0007343,2026-07-26,Phoenix,commercial,COM-A,180,4,,
KH-CLM-007112,KB0007344,2026-07-26,Phoenix,Medicaid,MEDICAID-AZ,225,2,,
KH-CLM-007113,KB0007345,2026-07-26,New York,commercial,COM-C,210,2,,
KH-CLM-007114,KB0007346,2026-07-26,New York,Medicare,MEDICARE,215,3,,
KH-CLM-007115,KB0007347,2026-07-26,New York,Medicare,MEDICARE,349,1,,non-covered service
KH-CLM-007116,KB0007348,2026-07-26,Chicago,Medicare,MEDICARE,170,3,,
KH-CLM-007117,KB0007349,2026-07-26,Chicago,Medicare,MEDICARE,245,4,,
KH-CLM-007118,KB0007350,2026-07-26,Chicago,commercial,COM-A,190,3,,medical necessity
KH-CLM-007119,KB0007351,2026-07-26,Chicago,commercial,COM-B,225,4,,
KH-CLM-007120,KB0007352,2026-07-26,Chicago,Medicare,MEDICARE,150,1,,
KH-CLM-007121,KB0007353,2026-07-26,Atlanta,Medicare,MEDICARE,75,1,,missing or invalid information
KH-CLM-007122,KB0007354,2026-07-26,Atlanta,commercial,COM-B,155,3,,
KH-CLM-007123,KB0007355,2026-07-26,Atlanta,commercial,COM-C,220,4,,
KH-CLM-007124,KB0007356,2026-07-26,Atlanta,Medicare,MEDICARE,299,1,,
KH-CLM-007125,KB0007357,2026-07-26,Philadelphia,Medicare,MEDICARE,75,1,,
KH-CLM-007126,KB0007358,2026-07-26,Philadelphia,commercial,COM-C,170,2,,
KH-CLM-007127,KB0007359,2026-07-26,Philadelphia,Medicare,MEDICARE,240,4,,
KH-CLM-007128,KB0007360,2026-07-26,Philadelphia,commercial,COM-A,335,4,,
KH-CLM-007129,KB0007361,2026-07-26,Philadelphia,commercial,COM-A,130,2,,
KH-CLM-007130,KB0007362,2026-07-26,Philadelphia,commercial,COM-B,130,2,,
KH-CLM-007131,KB0007363,2026-07-26,Philadelphia,self-pay,SELF,299,1,,
KH-CLM-007132,KB0007364,2026-07-27,Dallas,Medicaid,MEDICAID-TX,95,1,,non-covered service
KH-CLM-007133,KB0007365,2026-07-27,Dallas,commercial,COM-A,140,3,,
KH-CLM-007134,KB0007366,2026-07-27,Dallas,commercial,COM-C,155,3,,
KH-CLM-007135,KB0007367,2026-07-27,Dallas,commercial,COM-C,149,1,,
KH-CLM-007136,KB0007368,2026-07-27,Dallas,commercial,COM-C,349,1,,missing or invalid information
KH-CLM-007137,KB0007369,2026-07-27,Dallas,commercial,COM-A,299,1,,
KH-CLM-007138,KB0007370,2026-07-27,Dallas,commercial,COM-B,90,2,,eligibility or coverage
KH-CLM-007139,KB0007371,2026-07-27,Dallas,self-pay,SELF,100,2,,
KH-CLM-007140,KB0007372,2026-07-27,Dallas,commercial,COM-C,360,4,,
KH-CLM-007141,KB0007373,2026-07-27,Dallas,Medicare,MEDICARE,299,1,,
KH-CLM-007142,KB0007374,2026-07-27,Dallas,commercial,COM-C,175,4,,
KH-CLM-007143,KB0007375,2026-07-27,Dallas,Medicaid,MEDICAID-TX,200,3,,
KH-CLM-007144,KB0007376,2026-07-27,Dallas,Medicaid,MEDICAID-TX,299,1,,
KH-CLM-007145,KB0007377,2026-07-27,Dallas,commercial,COM-B,299,1,,
KH-CLM-007146,KB0007378,2026-07-27,Dallas,commercial,COM-B,349,1,,
KH-CLM-007147,KB0007379,2026-07-27,Phoenix,commercial,COM-A,70,1,,
KH-CLM-007148,KB0007380,2026-07-27,Phoenix,commercial,COM-C,60,1,,
KH-CLM-007149,KB0007381,2026-07-27,Phoenix,commercial,COM-C,299,1,,
KH-CLM-007150,KB0007382,2026-07-27,Phoenix,self-pay,SELF,85,1,,
KH-CLM-007151,KB0007383,2026-07-27,Phoenix,Medicare,MEDICARE,85,1,,
KH-CLM-007152,KB0007384,2026-07-27,Phoenix,Medicare,MEDICARE,105,2,,
KH-CLM-007153,KB0007385,2026-07-27,Phoenix,self-pay,SELF,225,2,,
KH-CLM-007154,KB0007386,2026-07-27,Phoenix,commercial,COM-A,299,1,,
KH-CLM-007155,KB0007387,2026-07-27,Phoenix,Medicaid,MEDICAID-AZ,305,4,,
KH-CLM-007156,KB0007388,2026-07-27,Phoenix,commercial,COM-B,65,1,,
KH-CLM-007157,KB0007389,2026-07-27,Phoenix,commercial,COM-A,130,2,,
KH-CLM-007158,KB0007390,2026-07-27,New York,commercial,COM-B,145,2,,
KH-CLM-007159,KB0007391,2026-07-27,New York,Medicare,MEDICARE,95,2,,
KH-CLM-007160,KB0007393,2026-07-27,New York,self-pay,SELF,299,1,,
KH-CLM-007161,KB0007394,2026-07-27,New York,Medicaid,MEDICAID-NY,75,1,,
KH-CLM-007162,KB0007395,2026-07-27,New York,Medicaid,MEDICAID-NY,30,1,,
KH-CLM-007163,KB0007396,2026-07-27,New York,Medicaid,MEDICAID-NY,349,1,,
KH-CLM-007164,KB0007397,2026-07-27,New York,commercial,COM-A,299,1,,non-covered service
KH-CLM-007165,KB0007398,2026-07-27,New York,Medicare,MEDICARE,180,2,,
KH-CLM-007166,KB0007399,2026-07-27,New York,commercial,COM-B,60,1,,
KH-CLM-007167,KB0007400,2026-07-27,New York,Medicaid,MEDICAID-NY,299,1,,
KH-CLM-007168,KB0007401,2026-07-27,Chicago,Medicare,MEDICARE,95,2,,
KH-CLM-007169,KB0007402,2026-07-27,Chicago,commercial,COM-B,299,1,,
KH-CLM-007170,KB0007403,2026-07-27,Chicago,commercial,COM-B,149,1,,
KH-CLM-007171,KB0007404,2026-07-27,Chicago,commercial,COM-C,280,4,,
KH-CLM-007172,KB0007405,2026-07-27,Atlanta,commercial,COM-A,149,1,,
KH-CLM-007173,KB0007406,2026-07-27,Atlanta,Medicaid,MEDICAID-GA,299,1,,
KH-CLM-007174,KB0007407,2026-07-27,Atlanta,Medicare,MEDICARE,305,4,,
KH-CLM-007175,KB0007408,2026-07-27,Atlanta,Medicare,MEDICARE,65,2,,
KH-CLM-007176,KB0007409,2026-07-27,Atlanta,commercial,COM-C,300,3,,
KH-CLM-007177,KB0007410,2026-07-27,Atlanta,Medicare,MEDICARE,180,2,,
KH-CLM-007178,KB0007411,2026-07-27,Atlanta,Medicare,MEDICARE,140,2,,
KH-CLM-007179,KB0007412,2026-07-27,Atlanta,commercial,COM-B,70,1,,
KH-CLM-007180,KB0007413,2026-07-27,Atlanta,commercial,COM-B,100,2,,
KH-CLM-007181,KB0007414,2026-07-27,Atlanta,Medicare,MEDICARE,149,1,,
KH-CLM-007182,KB0007415,2026-07-27,Atlanta,Medicare,MEDICARE,149,1,,
KH-CLM-007183,KB0007416,2026-07-27,Atlanta,Medicare,MEDICARE,299,1,,missing or invalid information
KH-CLM-007184,KB0007418,2026-07-27,Philadelphia,Medicare,MEDICARE,130,3,,
KH-CLM-007185,KB0007419,2026-07-27,Philadelphia,commercial,COM-C,90,2,,missing or invalid information
KH-CLM-007186,KB0007420,2026-07-27,Philadelphia,commercial,COM-C,125,2,,
KH-CLM-007187,KB0007421,2026-07-27,Philadelphia,commercial,COM-A,30,1,,
KH-CLM-007188,KB0007422,2026-07-28,Dallas,Medicaid,MEDICAID-TX,299,1,,
KH-CLM-007189,KB0007423,2026-07-28,Dallas,commercial,COM-A,265,3,,
KH-CLM-007190,KB0007424,2026-07-28,Dallas,commercial,COM-B,75,2,,
KH-CLM-007191,KB0007425,2026-07-28,Dallas,self-pay,SELF,55,2,,
KH-CLM-007192,KB0007426,2026-07-28,Dallas,Medicaid,MEDICAID-TX,149,1,,
KH-CLM-007193,KB0007427,2026-07-28,Dallas,Medicare,MEDICARE,210,2,,
KH-CLM-007194,KB0007428,2026-07-28,Dallas,commercial,COM-A,30,1,,
KH-CLM-007195,KB0007429,2026-07-28,Dallas,commercial,COM-A,150,1,,
KH-CLM-007196,KB0007430,2026-07-28,Dallas,Medicaid,MEDICAID-TX,95,1,,
KH-CLM-007197,KB0007431,2026-07-28,Dallas,commercial,COM-B,85,1,,
KH-CLM-007198,KB0007432,2026-07-28,Dallas,commercial,COM-A,319,2,,
KH-CLM-007199,KB0007433,2026-07-28,Dallas,Medicare,MEDICARE,185,3,,medical necessity
KH-CLM-007200,KB0007434,2026-07-28,Dallas,commercial,COM-C,90,2,,
KH-CLM-007201,KB0007435,2026-07-28,Phoenix,commercial,COM-A,70,1,,medical necessity
KH-CLM-007202,KB0007436,2026-07-28,Phoenix,commercial,COM-C,149,1,,
KH-CLM-007203,KB0007437,2026-07-28,Phoenix,commercial,COM-B,60,1,,
KH-CLM-007204,KB0007438,2026-07-28,Phoenix,Medicare,MEDICARE,85,1,,
KH-CLM-007205,KB0007439,2026-07-28,Phoenix,commercial,COM-B,75,1,,
KH-CLM-007206,KB0007440,2026-07-28,Phoenix,commercial,COM-A,185,3,,
KH-CLM-007207,KB0007441,2026-07-28,Phoenix,commercial,COM-C,85,2,,
KH-CLM-007208,KB0007442,2026-07-28,Phoenix,commercial,COM-A,150,2,,
KH-CLM-007209,KB0007444,2026-07-28,Phoenix,Medicare,MEDICARE,255,3,,
KH-CLM-007210,KB0007445,2026-07-28,Phoenix,commercial,COM-C,370,4,,
KH-CLM-007211,KB0007446,2026-07-28,Phoenix,commercial,COM-C,225,3,,
KH-CLM-007212,KB0007447,2026-07-28,Phoenix,commercial,COM-A,150,2,,
KH-CLM-007213,KB0007448,2026-07-28,Phoenix,commercial,COM-B,299,1,,
KH-CLM-007214,KB0007449,2026-07-28,Phoenix,Medicare,MEDICARE,170,2,,
KH-CLM-007215,KB0007450,2026-07-28,Phoenix,commercial,COM-C,110,2,,
KH-CLM-007216,KB0007451,2026-07-28,Phoenix,Medicare,MEDICARE,299,1,,non-covered service
KH-CLM-007217,KB0007452,2026-07-28,Phoenix,Medicare,MEDICARE,80,2,,
KH-CLM-007218,KB0007453,2026-07-28,New York,Medicare,MEDICARE,165,3,,
KH-CLM-007219,KB0007454,2026-07-28,New York,commercial,COM-B,349,1,,
KH-CLM-007220,KB0007455,2026-07-28,New York,commercial,COM-C,30,1,,
KH-CLM-007221,KB0007456,2026-07-28,New York,commercial,COM-C,240,3,,
KH-CLM-007222,KB0007457,2026-07-28,New York,commercial,COM-B,25,1,,
KH-CLM-007223,KB0007458,2026-07-28,New York,commercial,COM-C,160,2,,
KH-CLM-007224,KB0007459,2026-07-28,New York,self-pay,SELF,349,1,,
KH-CLM-007225,KB0007460,2026-07-28,New York,commercial,COM-A,145,3,,
KH-CLM-007226,KB0007461,2026-07-28,New York,Medicaid,MEDICAID-NY,299,1,,
KH-CLM-007227,KB0007462,2026-07-28,New York,self-pay,SELF,180,3,,
KH-CLM-007228,KB0007463,2026-07-28,New York,commercial,COM-B,55,2,,
KH-CLM-007229,KB0007464,2026-07-28,Chicago,Medicaid,MEDICAID-IL,149,1,,
KH-CLM-007230,KB0007465,2026-07-28,Chicago,Medicare,MEDICARE,299,1,,
KH-CLM-007231,KB0007466,2026-07-28,Chicago,commercial,COM-A,95,1,,
KH-CLM-007232,KB0007467,2026-07-28,Chicago,Medicare,MEDICARE,180,2,,
KH-CLM-007233,KB0007468,2026-07-28,Chicago,commercial,COM-C,190,4,,
KH-CLM-007234,KB0007469,2026-07-28,Atlanta,commercial,COM-B,319,2,,
KH-CLM-007235,KB0007470,2026-07-28,Atlanta,Medicare,MEDICARE,95,1,,
KH-CLM-007236,KB0007471,2026-07-28,Atlanta,Medicaid,MEDICAID-GA,55,2,,eligibility or coverage
KH-CLM-007237,KB0007472,2026-07-28,Atlanta,commercial,COM-C,180,2,,
KH-CLM-007238,KB0007473,2026-07-28,Atlanta,commercial,COM-C,100,2,,
KH-CLM-007239,KB0007474,2026-07-28,Atlanta,Medicaid,MEDICAID-GA,285,4,,
KH-CLM-007240,KB0007475,2026-07-28,Atlanta,commercial,COM-A,299,1,,
KH-CLM-007241,KB0007476,2026-07-28,Atlanta,commercial,COM-C,225,4,,
KH-CLM-007242,KB0007477,2026-07-28,Atlanta,Medicare,MEDICARE,149,1,,
KH-CLM-007243,KB0007478,2026-07-28,Atlanta,commercial,COM-B,240,3,,
KH-CLM-007244,KB0007479,2026-07-28,Atlanta,Medicaid,MEDICAID-GA,150,1,,
KH-CLM-007245,KB0007480,2026-07-28,Atlanta,Medicare,MEDICARE,149,1,,
KH-CLM-007246,KB0007481,2026-07-28,Philadelphia,Medicare,MEDICARE,299,1,,
KH-CLM-007247,KB0007482,2026-07-28,Philadelphia,commercial,COM-B,299,1,,
KH-CLM-007248,KB0007483,2026-07-28,Philadelphia,commercial,COM-B,299,1,,
KH-CLM-007249,KB0007484,2026-07-28,Philadelphia,Medicare,MEDICARE,25,1,,
KH-CLM-007250,KB0007485,2026-07-28,Philadelphia,self-pay,SELF,225,3,,
KH-CLM-007251,KB0007486,2026-07-28,Philadelphia,Medicare,MEDICARE,299,1,,
KH-CLM-007252,KB0007487,2026-07-28,Philadelphia,commercial,COM-C,245,2,,
KH-CLM-007253,KB0007488,2026-07-29,Dallas,commercial,COM-C,120,3,,
KH-CLM-007254,KB0007489,2026-07-29,Dallas,Medicare,MEDICARE,235,2,,
KH-CLM-007255,KB0007490,2026-07-29,Dallas,commercial,COM-A,30,1,,eligibility or coverage
KH-CLM-007256,KB0007491,2026-07-29,Dallas,self-pay,SELF,260,4,,
KH-CLM-007257,KB0007492,2026-07-29,Dallas,commercial,COM-B,160,4,,
KH-CLM-007258,KB0007493,2026-07-29,Dallas,commercial,COM-A,195,3,,
KH-CLM-007259,KB0007494,2026-07-29,Dallas,commercial,COM-A,170,2,,
KH-CLM-007260,KB0007496,2026-07-29,Dallas,Medicare,MEDICARE,190,3,,
KH-CLM-007261,KB0007497,2026-07-29,Dallas,commercial,COM-C,299,1,,
KH-CLM-007262,KB0007498,2026-07-29,Dallas,commercial,COM-A,319,2,,
KH-CLM-007263,KB0007499,2026-07-29,Dallas,commercial,COM-B,200,4,,
KH-CLM-007264,KB0007500,2026-07-29,Dallas,commercial,COM-B,299,1,,medical necessity
KH-CLM-007265,KB0007501,2026-07-29,Dallas,Medicaid,MEDICAID-TX,120,3,,
KH-CLM-007266,KB0007502,2026-07-29,Dallas,commercial,COM-C,90,2,,
KH-CLM-007267,KB0007503,2026-07-29,Dallas,Medicare,MEDICARE,30,1,,
KH-CLM-007268,KB0007504,2026-07-29,Phoenix,commercial,COM-A,155,4,,
KH-CLM-007269,KB0007505,2026-07-29,Phoenix,Medicaid,MEDICAID-AZ,100,3,,
KH-CLM-007270,KB0007506,2026-07-29,Phoenix,self-pay,SELF,349,1,,
KH-CLM-007271,KB0007507,2026-07-29,Phoenix,commercial,COM-B,115,2,,
KH-CLM-007272,KB0007508,2026-07-29,Phoenix,commercial,COM-A,95,2,,
KH-CLM-007273,KB0007509,2026-07-29,Phoenix,Medicare,MEDICARE,275,5,,
KH-CLM-007274,KB0007510,2026-07-29,Phoenix,Medicaid,MEDICAID-AZ,55,2,,
KH-CLM-007275,KB0007511,2026-07-29,Phoenix,commercial,COM-B,45,1,,
KH-CLM-007276,KB0007512,2026-07-29,Phoenix,commercial,COM-A,60,1,,non-covered service
KH-CLM-007277,KB0007513,2026-07-29,Phoenix,commercial,COM-C,299,1,,
KH-CLM-007278,KB0007514,2026-07-29,Phoenix,commercial,COM-B,299,1,,
KH-CLM-007279,KB0007515,2026-07-29,Phoenix,commercial,COM-C,180,4,,
KH-CLM-007280,KB0007516,2026-07-29,Phoenix,commercial,COM-C,50,2,,
KH-CLM-007281,KB0007517,2026-07-29,Phoenix,Medicaid,MEDICAID-AZ,149,1,,
KH-CLM-007282,KB0007518,2026-07-29,New York,Medicaid,MEDICAID-NY,30,1,,
KH-CLM-007283,KB0007519,2026-07-29,New York,Medicaid,MEDICAID-NY,215,2,,missing or invalid information
KH-CLM-007284,KB0007520,2026-07-29,New York,self-pay,SELF,105,2,,
KH-CLM-007285,KB0007521,2026-07-29,New York,Medicaid,MEDICAID-NY,299,1,,
KH-CLM-007286,KB0007522,2026-07-29,New York,self-pay,SELF,30,1,,
KH-CLM-007287,KB0007523,2026-07-29,New York,commercial,COM-A,299,1,,eligibility or coverage
KH-CLM-007288,KB0007524,2026-07-29,New York,commercial,COM-B,120,3,,
KH-CLM-007289,KB0007525,2026-07-29,New York,commercial,COM-C,299,1,,
KH-CLM-007290,KB0007526,2026-07-29,New York,commercial,COM-B,160,3,,
KH-CLM-007291,KB0007527,2026-07-29,New York,Medicaid,MEDICAID-NY,299,1,,
KH-CLM-007292,KB0007528,2026-07-29,New York,Medicare,MEDICARE,105,2,,
KH-CLM-007293,KB0007529,2026-07-29,New York,Medicare,MEDICARE,299,1,,
KH-CLM-007294,KB0007530,2026-07-29,New York,Medicare,MEDICARE,60,1,,
KH-CLM-007295,KB0007531,2026-07-29,Chicago,Medicaid,MEDICAID-IL,140,3,,
KH-CLM-007296,KB0007532,2026-07-29,Chicago,self-pay,SELF,160,2,,
KH-CLM-007297,KB0007533,2026-07-29,Chicago,Medicaid,MEDICAID-IL,180,2,,
KH-CLM-007298,KB0007534,2026-07-29,Chicago,commercial,COM-B,295,4,,
KH-CLM-007299,KB0007535,2026-07-29,Chicago,Medicare,MEDICARE,169,2,,
KH-CLM-007300,KB0007536,2026-07-29,Chicago,Medicare,MEDICARE,170,4,,
KH-CLM-007301,KB0007537,2026-07-29,Chicago,commercial,COM-B,149,1,,
KH-CLM-007302,KB0007538,2026-07-29,Chicago,commercial,COM-C,299,1,,
KH-CLM-007303,KB0007539,2026-07-29,Atlanta,commercial,COM-C,65,1,,
KH-CLM-007304,KB0007540,2026-07-29,Atlanta,commercial,COM-C,299,1,,
KH-CLM-007305,KB0007541,2026-07-29,Atlanta,Medicare,MEDICARE,130,2,,
KH-CLM-007306,KB0007542,2026-07-29,Atlanta,commercial,COM-C,299,1,,
KH-CLM-007307,KB0007543,2026-07-29,Atlanta,commercial,COM-C,149,1,,
KH-CLM-007308,KB0007544,2026-07-29,Atlanta,commercial,COM-B,55,1,,
KH-CLM-007309,KB0007545,2026-07-29,Atlanta,Medicaid,MEDICAID-GA,140,2,,
KH-CLM-007310,KB0007546,2026-07-29,Atlanta,commercial,COM-C,145,3,,
KH-CLM-007311,KB0007547,2026-07-29,Philadelphia,self-pay,SELF,95,1,,
KH-CLM-007312,KB0007548,2026-07-29,Philadelphia,commercial,COM-C,115,3,,
KH-CLM-007313,KB0007549,2026-07-29,Philadelphia,commercial,COM-A,45,1,,
KH-CLM-007314,KB0007550,2026-07-29,Philadelphia,self-pay,SELF,220,2,,
KH-CLM-007315,KB0007551,2026-07-29,Philadelphia,self-pay,SELF,180,2,,
KH-CLM-007316,KB0007552,2026-07-29,Philadelphia,Medicare,MEDICARE,265,3,,
KH-CLM-007317,KB0007553,2026-07-30,Dallas,Medicare,MEDICARE,190,4,,
KH-CLM-007318,KB0007554,2026-07-30,Dallas,commercial,COM-B,100,2,,
KH-CLM-007319,KB0007555,2026-07-30,Dallas,Medicare,MEDICARE,149,1,,
KH-CLM-007320,KB0007556,2026-07-30,Dallas,commercial,COM-C,65,1,,
KH-CLM-007321,KB0007557,2026-07-30,Dallas,commercial,COM-A,149,1,,
KH-CLM-007322,KB0007558,2026-07-30,Dallas,Medicare,MEDICARE,215,2,,
KH-CLM-007323,KB0007559,2026-07-30,Dallas,commercial,COM-C,60,2,,
KH-CLM-007324,KB0007560,2026-07-30,Dallas,Medicare,MEDICARE,149,1,,
KH-CLM-007325,KB0007561,2026-07-30,Dallas,Medicare,MEDICARE,90,2,,
KH-CLM-007326,KB0007562,2026-07-30,Dallas,Medicare,MEDICARE,270,4,,
KH-CLM-007327,KB0007563,2026-07-30,Dallas,Medicaid,MEDICAID-TX,60,1,,
KH-CLM-007328,KB0007564,2026-07-30,Dallas,self-pay,SELF,349,1,,
KH-CLM-007329,KB0007565,2026-07-30,Dallas,commercial,COM-B,349,1,,missing or invalid information
KH-CLM-007330,KB0007566,2026-07-30,Phoenix,Medicare,MEDICARE,299,1,,
KH-CLM-007331,KB0007567,2026-07-30,Phoenix,commercial,COM-B,320,5,,
KH-CLM-007332,KB0007568,2026-07-30,Phoenix,commercial,COM-A,149,1,,
KH-CLM-007333,KB0007569,2026-07-30,Phoenix,Medicaid,MEDICAID-AZ,349,1,,medical necessity
KH-CLM-007334,KB0007570,2026-07-30,Phoenix,commercial,COM-C,185,3,,
KH-CLM-007335,KB0007571,2026-07-30,Phoenix,Medicaid,MEDICAID-AZ,299,1,,
KH-CLM-007336,KB0007572,2026-07-30,Phoenix,Medicaid,MEDICAID-AZ,149,1,,non-covered service
KH-CLM-007337,KB0007573,2026-07-30,Phoenix,commercial,COM-B,149,1,,
KH-CLM-007338,KB0007574,2026-07-30,Phoenix,commercial,COM-B,85,2,,
KH-CLM-007339,KB0007575,2026-07-30,Phoenix,Medicare,MEDICARE,30,1,,
KH-CLM-007340,KB0007576,2026-07-30,Phoenix,commercial,COM-C,349,1,,
KH-CLM-007341,KB0007577,2026-07-30,Phoenix,commercial,COM-A,349,1,,medical necessity
KH-CLM-007342,KB0007578,2026-07-30,Phoenix,commercial,COM-A,85,1,,
KH-CLM-007343,KB0007579,2026-07-30,Phoenix,Medicaid,MEDICAID-AZ,45,1,,medical necessity
KH-CLM-007344,KB0007580,2026-07-30,Phoenix,Medicare,MEDICARE,95,3,,eligibility or coverage
KH-CLM-007345,KB0007581,2026-07-30,Phoenix,Medicaid,MEDICAID-AZ,235,2,,missing or invalid information
KH-CLM-007346,KB0007582,2026-07-30,Phoenix,commercial,COM-A,180,2,,
KH-CLM-007347,KB0007583,2026-07-30,Phoenix,Medicaid,MEDICAID-AZ,45,2,,
KH-CLM-007348,KB0007584,2026-07-30,New York,Medicare,MEDICARE,149,1,,
KH-CLM-007349,KB0007585,2026-07-30,New York,commercial,COM-B,299,1,,
KH-CLM-007350,KB0007586,2026-07-30,New York,self-pay,SELF,50,2,,
KH-CLM-007351,KB0007587,2026-07-30,New York,Medicare,MEDICARE,300,4,,
KH-CLM-007352,KB0007588,2026-07-30,New York,Medicare,MEDICARE,230,4,,
KH-CLM-007353,KB0007589,2026-07-30,New York,commercial,COM-C,155,3,,
KH-CLM-007354,KB0007590,2026-07-30,New York,self-pay,SELF,55,1,,
KH-CLM-007355,KB0007591,2026-07-30,New York,commercial,COM-B,75,2,,
KH-CLM-007356,KB0007592,2026-07-30,New York,commercial,COM-C,169,2,,
KH-CLM-007357,KB0007593,2026-07-30,New York,commercial,COM-B,30,1,,
KH-CLM-007358,KB0007594,2026-07-30,New York,self-pay,SELF,30,1,,
KH-CLM-007359,KB0007595,2026-07-30,Chicago,commercial,COM-B,75,1,,
KH-CLM-007360,KB0007596,2026-07-30,Chicago,Medicare,MEDICARE,30,1,,
KH-CLM-007361,KB0007597,2026-07-30,Chicago,Medicare,MEDICARE,235,2,,
KH-CLM-007362,KB0007598,2026-07-30,Chicago,commercial,COM-B,85,2,,
KH-CLM-007363,KB0007599,2026-07-30,Chicago,commercial,COM-A,299,1,,medical necessity
KH-CLM-007364,KB0007600,2026-07-30,Chicago,commercial,COM-B,149,1,,
KH-CLM-007365,KB0007601,2026-07-30,Chicago,commercial,COM-C,349,1,,
KH-CLM-007366,KB0007602,2026-07-30,Chicago,commercial,COM-A,200,3,,
KH-CLM-007367,KB0007603,2026-07-30,Atlanta,self-pay,SELF,70,2,,
KH-CLM-007368,KB0007604,2026-07-30,Atlanta,commercial,COM-B,299,1,,missing or invalid information
KH-CLM-007369,KB0007605,2026-07-30,Atlanta,Medicare,MEDICARE,205,2,,
KH-CLM-007370,KB0007606,2026-07-30,Atlanta,commercial,COM-C,25,1,,
KH-CLM-007371,KB0007607,2026-07-30,Atlanta,Medicare,MEDICARE,130,2,,
KH-CLM-007372,KB0007608,2026-07-30,Atlanta,commercial,COM-B,85,2,,missing or invalid information
KH-CLM-007373,KB0007609,2026-07-30,Atlanta,commercial,COM-A,165,3,,
KH-CLM-007374,KB0007610,2026-07-30,Atlanta,Medicare,MEDICARE,299,1,,
KH-CLM-007375,KB0007611,2026-07-30,Atlanta,Medicare,MEDICARE,95,1,,
KH-CLM-007376,KB0007612,2026-07-30,Atlanta,Medicaid,MEDICAID-GA,149,1,,duplicate claim
KH-CLM-007377,KB0007613,2026-07-30,Atlanta,commercial,COM-A,225,5,,
KH-CLM-007378,KB0007614,2026-07-30,Philadelphia,commercial,COM-C,210,5,,
KH-CLM-007379,KB0007615,2026-07-30,Philadelphia,Medicaid,MEDICAID-PA,75,1,,
KH-CLM-007380,KB0007616,2026-07-30,Philadelphia,commercial,COM-A,95,1,,
KH-CLM-007381,KB0007617,2026-07-30,Philadelphia,commercial,COM-C,299,1,,
KH-CLM-007382,KB0007618,2026-07-30,Philadelphia,commercial,COM-A,299,1,,
KH-CLM-007383,KB0007619,2026-07-31,Dallas,commercial,COM-A,140,2,,
KH-CLM-007384,KB0007620,2026-07-31,Dallas,commercial,COM-C,299,1,,non-covered service
KH-CLM-007385,KB0007621,2026-07-31,Dallas,commercial,COM-C,105,2,,
KH-CLM-007386,KB0007622,2026-07-31,Dallas,Medicaid,MEDICAID-TX,280,4,,
KH-CLM-007387,KB0007623,2026-07-31,Dallas,self-pay,SELF,299,1,,
KH-CLM-007388,KB0007624,2026-07-31,Dallas,Medicaid,MEDICAID-TX,65,1,,
KH-CLM-007389,KB0007625,2026-07-31,Dallas,Medicare,MEDICARE,150,3,,
KH-CLM-007390,KB0007626,2026-07-31,Dallas,commercial,COM-A,45,2,,
KH-CLM-007391,KB0007627,2026-07-31,Dallas,commercial,COM-A,70,2,,
KH-CLM-007392,KB0007628,2026-07-31,Dallas,commercial,COM-B,349,1,,missing or invalid information
KH-CLM-007393,KB0007629,2026-07-31,Dallas,commercial,COM-A,230,3,,
KH-CLM-007394,KB0007630,2026-07-31,Phoenix,commercial,COM-B,75,2,,
KH-CLM-007395,KB0007631,2026-07-31,Phoenix,Medicare,MEDICARE,230,4,,
KH-CLM-007396,KB0007632,2026-07-31,Phoenix,Medicaid,MEDICAID-AZ,60,1,,
KH-CLM-007397,KB0007633,2026-07-31,Phoenix,self-pay,SELF,150,2,,
KH-CLM-007398,KB0007634,2026-07-31,Phoenix,Medicare,MEDICARE,299,1,,
KH-CLM-007399,KB0007636,2026-07-31,Phoenix,Medicare,MEDICARE,85,1,,medical necessity
KH-CLM-007400,KB0007637,2026-07-31,Phoenix,Medicare,MEDICARE,70,1,,
KH-CLM-007401,KB0007638,2026-07-31,Phoenix,commercial,COM-C,60,1,,
KH-CLM-007402,KB0007639,2026-07-31,Phoenix,Medicaid,MEDICAID-AZ,320,4,,
KH-CLM-007403,KB0007640,2026-07-31,Phoenix,self-pay,SELF,30,1,,
KH-CLM-007404,KB0007641,2026-07-31,Phoenix,Medicare,MEDICARE,220,2,,
KH-CLM-007405,KB0007642,2026-07-31,New York,self-pay,SELF,150,1,,
KH-CLM-007406,KB0007643,2026-07-31,New York,commercial,COM-A,149,1,,duplicate claim
KH-CLM-007407,KB0007644,2026-07-31,New York,commercial,COM-A,149,1,,
KH-CLM-007408,KB0007648,2026-07-31,New York,Medicare,MEDICARE,365,4,,
KH-CLM-007409,KB0007649,2026-07-31,New York,Medicaid,MEDICAID-NY,155,2,,
KH-CLM-007410,KB0007650,2026-07-31,New York,self-pay,SELF,295,4,,
KH-CLM-007411,KB0007651,2026-07-31,Chicago,Medicare,MEDICARE,149,1,,
KH-CLM-007412,KB0007652,2026-07-31,Chicago,self-pay,SELF,299,1,,
KH-CLM-007413,KB0007653,2026-07-31,Chicago,Medicare,MEDICARE,180,2,,
KH-CLM-007414,KB0007654,2026-07-31,Chicago,Medicare,MEDICARE,140,2,,
KH-CLM-007415,KB0007655,2026-07-31,Atlanta,commercial,COM-C,85,2,,
KH-CLM-007416,KB0007656,2026-07-31,Atlanta,Medicaid,MEDICAID-GA,349,1,,
KH-CLM-007417,KB0007657,2026-07-31,Atlanta,Medicare,MEDICARE,300,4,,
KH-CLM-007418,KB0007658,2026-07-31,Atlanta,commercial,COM-C,115,2,,
KH-CLM-007419,KB0007659,2026-07-31,Atlanta,commercial,COM-C,155,3,,
KH-CLM-007420,KB0007660,2026-07-31,Atlanta,commercial,COM-C,299,1,,
KH-CLM-007421,KB0007661,2026-07-31,Atlanta,Medicare,MEDICARE,200,3,,
KH-CLM-007422,KB0007662,2026-07-31,Atlanta,commercial,COM-C,65,2,,
KH-CLM-007423,KB0007663,2026-07-31,Atlanta,Medicare,MEDICARE,75,1,,
KH-CLM-007424,KB0007664,2026-07-31,Atlanta,Medicaid,MEDICAID-GA,149,1,,non-covered service
KH-CLM-007425,KB0007665,2026-07-31,Atlanta,Medicare,MEDICARE,30,1,,
KH-CLM-007426,KB0007666,2026-07-31,Atlanta,commercial,COM-B,150,3,,
KH-CLM-007427,KB0007667,2026-07-31,Atlanta,Medicare,MEDICARE,250,4,,
KH-CLM-007428,KB0007668,2026-07-31,Atlanta,commercial,COM-A,85,2,,
KH-CLM-007429,KB0007669,2026-07-31,Philadelphia,commercial,COM-A,75,2,,
KH-CLM-007430,KB0007670,2026-07-31,Philadelphia,commercial,COM-A,349,1,,missing or invalid information
KH-CLM-007431,KB0007671,2026-07-31,Philadelphia,Medicare,MEDICARE,325,4,,
KH-CLM-007432,KB0007672,2026-07-31,Philadelphia,Medicare,MEDICARE,265,4,,
KH-CLM-007433,KB0007673,2026-07-31,Philadelphia,commercial,COM-B,55,1,,
KH-CLM-007434,KB0007674,2026-07-31,Philadelphia,Medicare,MEDICARE,225,2,,
KH-CLM-007435,KB0007675,2026-07-31,Philadelphia,Medicaid,MEDICAID-PA,45,1,,
KH-CLM-007436,KB0007676,2026-07-31,Philadelphia,Medicare,MEDICARE,45,1,,
KH-CLM-007437,KB0007677,2026-08-01,Dallas,Medicaid,MEDICAID-TX,149,1,,
KH-CLM-007438,KB0007678,2026-08-01,Dallas,commercial,COM-B,225,2,,
KH-CLM-007439,KB0007679,2026-08-01,Dallas,Medicaid,MEDICAID-TX,210,3,,
KH-CLM-007440,KB0007680,2026-08-01,Dallas,commercial,COM-C,50,2,,eligibility or coverage
KH-CLM-007441,KB0007681,2026-08-01,Dallas,commercial,COM-B,149,1,,eligibility or coverage
KH-CLM-007442,KB0007682,2026-08-01,Dallas,commercial,COM-C,140,2,,
KH-CLM-007443,KB0007683,2026-08-01,Dallas,Medicare,MEDICARE,210,3,,
KH-CLM-007444,KB0007684,2026-08-01,Dallas,Medicaid,MEDICAID-TX,210,4,,
KH-CLM-007445,KB0007685,2026-08-01,Dallas,commercial,COM-C,149,1,,
KH-CLM-007446,KB0007686,2026-08-01,Dallas,commercial,COM-C,75,1,,
KH-CLM-007447,KB0007687,2026-08-01,Dallas,commercial,COM-A,150,3,,
KH-CLM-007448,KB0007688,2026-08-01,Dallas,commercial,COM-B,90,2,,
KH-CLM-007449,KB0007689,2026-08-01,Dallas,commercial,COM-A,180,2,,
KH-CLM-007450,KB0007690,2026-08-01,Dallas,commercial,COM-A,299,1,,
KH-CLM-007451,KB0007691,2026-08-01,Dallas,commercial,COM-A,299,1,,
KH-CLM-007452,KB0007692,2026-08-01,Dallas,commercial,COM-A,255,4,,
KH-CLM-007453,KB0007693,2026-08-01,Phoenix,Medicare,MEDICARE,235,2,,
KH-CLM-007454,KB0007694,2026-08-01,Phoenix,commercial,COM-B,135,2,,
KH-CLM-007455,KB0007695,2026-08-01,Phoenix,commercial,COM-C,110,2,,
KH-CLM-007456,KB0007696,2026-08-01,Phoenix,commercial,COM-C,155,2,,
KH-CLM-007457,KB0007697,2026-08-01,Phoenix,commercial,COM-A,270,3,,
KH-CLM-007458,KB0007698,2026-08-01,Phoenix,Medicare,MEDICARE,225,5,,
KH-CLM-007459,KB0007699,2026-08-01,Phoenix,commercial,COM-A,149,1,,
KH-CLM-007460,KB0007700,2026-08-01,Phoenix,Medicaid,MEDICAID-AZ,170,3,,
KH-CLM-007461,KB0007701,2026-08-01,Phoenix,Medicare,MEDICARE,85,1,,
KH-CLM-007462,KB0007702,2026-08-01,Phoenix,commercial,COM-A,85,3,,
KH-CLM-007463,KB0007703,2026-08-01,Phoenix,commercial,COM-A,105,3,,
KH-CLM-007464,KB0007704,2026-08-01,Phoenix,commercial,COM-A,110,2,,
KH-CLM-007465,KB0007705,2026-08-01,Phoenix,commercial,COM-A,115,2,,
KH-CLM-007466,KB0007706,2026-08-01,New York,commercial,COM-A,180,2,,
KH-CLM-007467,KB0007707,2026-08-01,New York,commercial,COM-B,45,1,,
KH-CLM-007468,KB0007708,2026-08-01,New York,commercial,COM-B,299,1,,
KH-CLM-007469,KB0007709,2026-08-01,New York,commercial,COM-C,335,5,,
KH-CLM-007470,KB0007710,2026-08-01,New York,self-pay,SELF,170,4,,
KH-CLM-007471,KB0007711,2026-08-01,New York,commercial,COM-B,175,3,,
KH-CLM-007472,KB0007712,2026-08-01,New York,commercial,COM-C,280,4,,
KH-CLM-007473,KB0007713,2026-08-01,New York,Medicare,MEDICARE,149,1,,
KH-CLM-007474,KB0007714,2026-08-01,New York,Medicaid,MEDICAID-NY,80,2,,
KH-CLM-007475,KB0007716,2026-08-01,New York,commercial,COM-B,130,3,,
KH-CLM-007476,KB0007717,2026-08-01,New York,commercial,COM-C,150,1,,
KH-CLM-007477,KB0007718,2026-08-01,Chicago,commercial,COM-C,299,1,,non-covered service
KH-CLM-007478,KB0007719,2026-08-01,Chicago,commercial,COM-A,149,1,,
KH-CLM-007479,KB0007720,2026-08-01,Chicago,self-pay,SELF,160,2,,
KH-CLM-007480,KB0007722,2026-08-01,Chicago,Medicare,MEDICARE,25,1,,
KH-CLM-007481,KB0007723,2026-08-01,Chicago,Medicare,MEDICARE,250,4,,medical necessity
KH-CLM-007482,KB0007724,2026-08-01,Chicago,commercial,COM-A,270,3,,
KH-CLM-007483,KB0007725,2026-08-01,Chicago,Medicaid,MEDICAID-IL,299,1,,medical necessity
KH-CLM-007484,KB0007727,2026-08-01,Chicago,Medicare,MEDICARE,115,3,,
KH-CLM-007485,KB0007728,2026-08-01,Atlanta,commercial,COM-A,299,1,,
KH-CLM-007486,KB0007729,2026-08-01,Atlanta,commercial,COM-B,45,1,,
KH-CLM-007487,KB0007730,2026-08-01,Atlanta,Medicare,MEDICARE,85,1,,
KH-CLM-007488,KB0007731,2026-08-01,Atlanta,Medicare,MEDICARE,290,5,,
KH-CLM-007489,KB0007732,2026-08-01,Atlanta,commercial,COM-B,205,3,,
KH-CLM-007490,KB0007733,2026-08-01,Atlanta,commercial,COM-B,180,2,,
KH-CLM-007491,KB0007734,2026-08-01,Atlanta,self-pay,SELF,170,3,,
KH-CLM-007492,KB0007735,2026-08-01,Atlanta,self-pay,SELF,90,2,,
KH-CLM-007493,KB0007736,2026-08-01,Atlanta,commercial,COM-C,299,1,,non-covered service
KH-CLM-007494,KB0007737,2026-08-01,Atlanta,commercial,COM-A,380,5,,
KH-CLM-007495,KB0007738,2026-08-01,Atlanta,commercial,COM-A,150,2,,
KH-CLM-007496,KB0007739,2026-08-01,Philadelphia,self-pay,SELF,95,1,,
KH-CLM-007497,KB0007740,2026-08-01,Philadelphia,commercial,COM-B,125,2,,
KH-CLM-007498,KB0007741,2026-08-01,Philadelphia,commercial,COM-A,149,1,,
KH-CLM-007499,KB0007742,2026-08-01,Philadelphia,commercial,COM-B,165,3,,
KH-CLM-007500,KB0007743,2026-08-01,Philadelphia,Medicare,MEDICARE,150,3,,
KH-CLM-007501,KB0007744,2026-08-01,Philadelphia,Medicare,MEDICARE,65,2,,
KH-CLM-007502,KB0007745,2026-08-01,Philadelphia,commercial,COM-B,149,1,,
KH-CLM-007503,KB0007746,2026-08-02,Dallas,commercial,COM-C,299,1,,
KH-CLM-007504,KB0007747,2026-08-02,Dallas,commercial,COM-A,75,2,,
KH-CLM-007505,KB0007748,2026-08-02,Dallas,commercial,COM-B,349,1,,
KH-CLM-007506,KB0007749,2026-08-02,Dallas,commercial,COM-A,50,2,,
KH-CLM-007507,KB0007750,2026-08-02,Dallas,Medicare,MEDICARE,230,4,,
KH-CLM-007508,KB0007751,2026-08-02,Dallas,Medicaid,MEDICAID-TX,225,2,,
KH-CLM-007509,KB0007752,2026-08-02,Dallas,Medicare,MEDICARE,149,1,,
KH-CLM-007510,KB0007753,2026-08-02,Dallas,Medicare,MEDICARE,299,1,,
KH-CLM-007511,KB0007754,2026-08-02,Dallas,commercial,COM-A,45,1,,
KH-CLM-007512,KB0007755,2026-08-02,Phoenix,Medicaid,MEDICAID-AZ,225,2,,
KH-CLM-007513,KB0007756,2026-08-02,Phoenix,commercial,COM-C,125,2,,
KH-CLM-007514,KB0007757,2026-08-02,Phoenix,Medicaid,MEDICAID-AZ,85,2,,
KH-CLM-007515,KB0007758,2026-08-02,Phoenix,Medicare,MEDICARE,135,2,,medical necessity
KH-CLM-007516,KB0007759,2026-08-02,Phoenix,commercial,COM-B,150,2,,
KH-CLM-007517,KB0007760,2026-08-02,Phoenix,commercial,COM-A,85,1,,
KH-CLM-007518,KB0007761,2026-08-02,Phoenix,commercial,COM-A,155,3,,
KH-CLM-007519,KB0007762,2026-08-02,Phoenix,commercial,COM-A,235,3,,
KH-CLM-007520,KB0007763,2026-08-02,Phoenix,Medicaid,MEDICAID-AZ,105,2,,
KH-CLM-007521,KB0007764,2026-08-02,Phoenix,Medicare,MEDICARE,60,2,,
KH-CLM-007522,KB0007765,2026-08-02,Phoenix,Medicare,MEDICARE,280,3,,
KH-CLM-007523,KB0007766,2026-08-02,Phoenix,Medicare,MEDICARE,305,4,,
KH-CLM-007524,KB0007767,2026-08-02,Phoenix,Medicare,MEDICARE,75,1,,
KH-CLM-007525,KB0007768,2026-08-02,Phoenix,Medicaid,MEDICAID-AZ,95,2,,
KH-CLM-007526,KB0007769,2026-08-02,Phoenix,commercial,COM-B,55,1,,
KH-CLM-007527,KB0007770,2026-08-02,New York,commercial,COM-C,200,4,,
KH-CLM-007528,KB0007771,2026-08-02,New York,commercial,COM-A,125,2,,
KH-CLM-007529,KB0007772,2026-08-02,New York,Medicare,MEDICARE,299,1,,
KH-CLM-007530,KB0007773,2026-08-02,New York,commercial,COM-A,299,1,,duplicate claim
KH-CLM-007531,KB0007774,2026-08-02,New York,commercial,COM-B,205,3,,medical necessity
KH-CLM-007532,KB0007775,2026-08-02,New York,Medicare,MEDICARE,170,3,,
KH-CLM-007533,KB0007776,2026-08-02,New York,commercial,COM-A,120,2,,duplicate claim
KH-CLM-007534,KB0007777,2026-08-02,New York,commercial,COM-C,200,3,,
KH-CLM-007535,KB0007778,2026-08-02,New York,Medicaid,MEDICAID-NY,180,2,,eligibility or coverage
KH-CLM-007536,KB0007779,2026-08-02,Chicago,self-pay,SELF,349,1,,
KH-CLM-007537,KB0007781,2026-08-02,Chicago,commercial,COM-B,55,1,,
KH-CLM-007538,KB0007782,2026-08-02,Chicago,commercial,COM-B,75,1,,
KH-CLM-007539,KB0007783,2026-08-02,Chicago,Medicare,MEDICARE,25,1,,
KH-CLM-007540,KB0007784,2026-08-02,Chicago,commercial,COM-B,255,4,,
KH-CLM-007541,KB0007785,2026-08-02,Atlanta,Medicare,MEDICARE,195,4,,
KH-CLM-007542,KB0007786,2026-08-02,Atlanta,commercial,COM-B,65,1,,
KH-CLM-007543,KB0007787,2026-08-02,Atlanta,commercial,COM-A,160,2,,
KH-CLM-007544,KB0007788,2026-08-02,Atlanta,Medicaid,MEDICAID-GA,150,1,,
KH-CLM-007545,KB0007789,2026-08-02,Atlanta,Medicare,MEDICARE,349,1,,
KH-CLM-007546,KB0007790,2026-08-02,Atlanta,Medicaid,MEDICAID-GA,235,2,,
KH-CLM-007547,KB0007791,2026-08-02,Atlanta,commercial,COM-C,349,1,,eligibility or coverage
KH-CLM-007548,KB0007792,2026-08-02,Atlanta,commercial,COM-C,145,3,,
KH-CLM-007549,KB0007793,2026-08-02,Atlanta,Medicare,MEDICARE,299,1,,
KH-CLM-007550,KB0007794,2026-08-02,Atlanta,commercial,COM-B,85,2,,
KH-CLM-007551,KB0007795,2026-08-02,Atlanta,Medicare,MEDICARE,149,1,,
KH-CLM-007552,KB0007796,2026-08-02,Philadelphia,Medicare,MEDICARE,299,1,,medical necessity
KH-CLM-007553,KB0007797,2026-08-02,Philadelphia,Medicare,MEDICARE,149,1,,
KH-CLM-007554,KB0007798,2026-08-02,Philadelphia,self-pay,SELF,$285.00,4,,
KH-CLM-007555,KB0007799,2026-08-02,Philadelphia,commercial,COM-C,255,3,,
KH-CLM-007556,KB0007800,2026-08-02,Philadelphia,commercial,COM-C,95,2,,
KH-CLM-007557,KB0007801,2026-08-02,Philadelphia,Medicaid,MEDICAID-PA,300,4,,
KH-CLM-007558,KB0007802,2026-08-03,Dallas,commercial,COM-A,299,1,,
KH-CLM-007559,KB0007803,2026-08-03,Dallas,Medicaid,MEDICAID-TX,150,1,,
KH-CLM-007560,KB0007804,2026-08-03,Dallas,commercial,COM-A,80,2,,
KH-CLM-007561,KB0007805,2026-08-03,Dallas,Medicaid,MEDICAID-TX,299,1,,
KH-CLM-007562,KB0007806,2026-08-03,Dallas,commercial,COM-C,149,1,,
KH-CLM-007563,KB0007807,2026-08-03,Dallas,commercial,COM-C,300,4,,
KH-CLM-007564,KB0007808,2026-08-03,Dallas,Medicare,MEDICARE,370,4,,
KH-CLM-007565,KB0007809,2026-08-03,Dallas,commercial,COM-A,$65.00,1,,
KH-CLM-007566,KB0007810,2026-08-03,Dallas,Medicare,MEDICARE,130,2,,
KH-CLM-007567,KB0007811,2026-08-03,Dallas,commercial,COM-B,299,1,,
KH-CLM-007568,KB0007813,2026-08-03,Dallas,commercial,COM-A,210,3,,
KH-CLM-007569,KB0007814,2026-08-03,Dallas,self-pay,SELF,299,1,,
KH-CLM-007570,KB0007815,2026-08-03,Phoenix,Medicare,MEDICARE,150,1,,
KH-CLM-007571,KB0007816,2026-08-03,Phoenix,Medicaid,MEDICAID-AZ,110,2,,eligibility or coverage
KH-CLM-007572,KB0007817,2026-08-03,Phoenix,commercial,COM-B,75,1,,
KH-CLM-007573,KB0007818,2026-08-03,Phoenix,self-pay,SELF,349,1,,
KH-CLM-007574,KB0007819,2026-08-03,Phoenix,commercial,COM-A,30,1,,
KH-CLM-007575,KB0007820,2026-08-03,Phoenix,commercial,COM-A,165,2,,
KH-CLM-007576,KB0007821,2026-08-03,Phoenix,Medicare,MEDICARE,299,1,,
KH-CLM-007577,KB0007822,2026-08-03,Phoenix,commercial,COM-C,149,1,,eligibility or coverage
KH-CLM-007578,KB0007823,2026-08-03,Phoenix,commercial,COM-C,25,1,,
KH-CLM-007579,KB0007824,2026-08-03,Phoenix,commercial,COM-B,80,2,,
KH-CLM-007580,KB0007825,2026-08-03,Phoenix,commercial,COM-C,225,4,,
KH-CLM-007581,KB0007826,2026-08-03,Phoenix,commercial,COM-A,205,4,,
KH-CLM-007582,KB0007828,2026-08-03,New York,Medicare,MEDICARE,299,1,,non-covered service
KH-CLM-007583,KB0007829,2026-08-03,New York,Medicaid,MEDICAID-NY,45,1,,
KH-CLM-007584,KB0007830,2026-08-03,New York,self-pay,SELF,369,2,,
KH-CLM-007585,KB0007831,2026-08-03,New York,commercial,COM-A,149,1,,
KH-CLM-007586,KB0007832,2026-08-03,New York,commercial,COM-B,299,1,,
KH-CLM-007587,KB0007833,2026-08-03,New York,Medicaid,MEDICAID-NY,149,1,,
KH-CLM-007588,KB0007834,2026-08-03,New York,Medicaid,MEDICAID-NY,299,1,,
KH-CLM-007589,KB0007835,2026-08-03,New York,Medicaid,MEDICAID-NY,149,1,,
KH-CLM-007590,KB0007836,2026-08-03,New York,self-pay,SELF,349,1,,
KH-CLM-007591,KB0007837,2026-08-03,New York,Medicare,MEDICARE,55,1,,
KH-CLM-007592,KB0007838,2026-08-03,Chicago,commercial,COM-B,149,1,,medical necessity
KH-CLM-007593,KB0007839,2026-08-03,Chicago,self-pay,SELF,65,2,,
KH-CLM-007594,KB0007840,2026-08-03,Chicago,commercial,COM-B,280,3,,
KH-CLM-007595,KB0007841,2026-08-03,Chicago,commercial,COM-B,175,3,,
KH-CLM-007596,KB0007842,2026-08-03,Chicago,commercial,COM-A,220,4,,
KH-CLM-007597,KB0007843,2026-08-03,Chicago,commercial,COM-C,145,2,,
KH-CLM-007598,KB0007844,2026-08-03,Atlanta,commercial,COM-B,90,2,,
KH-CLM-007599,KB0007845,2026-08-03,Atlanta,Medicare,MEDICARE,299,1,,
KH-CLM-007600,KB0007846,2026-08-03,Atlanta,commercial,COM-B,369,2,,missing or invalid information
KH-CLM-007601,KB0007847,2026-08-03,Atlanta,Medicare,MEDICARE,290,3,,
KH-CLM-007602,KB0007848,2026-08-03,Atlanta,Medicare,MEDICARE,160,3,,
KH-CLM-007603,KB0007849,2026-08-03,Atlanta,commercial,COM-A,125,2,,
KH-CLM-007604,KB0007850,2026-08-03,Atlanta,self-pay,SELF,150,1,,
KH-CLM-007605,KB0007851,2026-08-03,Atlanta,commercial,COM-A,349,1,,
KH-CLM-007606,KB0007852,2026-08-03,Atlanta,commercial,COM-B,299,1,,
KH-CLM-007607,KB0007853,2026-08-03,Atlanta,commercial,COM-A,105,3,,eligibility or coverage
KH-CLM-007608,KB0007854,2026-08-03,Atlanta,commercial,COM-B,225,4,,
KH-CLM-007609,KB0007855,2026-08-03,Philadelphia,commercial,COM-C,85,1,,
KH-CLM-007610,KB0007856,2026-08-03,Philadelphia,Medicare,MEDICARE,349,1,,
KH-CLM-007611,KB0007857,2026-08-03,Philadelphia,Medicare,MEDICARE,275,4,,
KH-CLM-007612,KB0007858,2026-08-03,Philadelphia,commercial,COM-C,245,2,,missing or invalid information
KH-CLM-007613,KB0007859,2026-08-03,Philadelphia,Medicaid,MEDICAID-PA,299,1,,
KH-CLM-007614,KB0007860,2026-08-04,Dallas,Medicaid,MEDICAID-TX,50,2,,
KH-CLM-007615,KB0007861,2026-08-04,Dallas,Medicare,MEDICARE,299,1,,
KH-CLM-007616,KB0007862,2026-08-04,Dallas,commercial,COM-A,210,2,,
KH-CLM-007617,KB0007863,2026-08-04,Dallas,Medicaid,MEDICAID-TX,280,4,,
KH-CLM-007618,KB0007864,2026-08-04,Dallas,commercial,COM-C,349,1,,
KH-CLM-007619,KB0007865,2026-08-04,Dallas,Medicaid,MEDICAID-TX,100,3,,
KH-CLM-007620,KB0007866,2026-08-04,Dallas,commercial,COM-B,300,3,,
KH-CLM-007621,KB0007867,2026-08-04,Dallas,self-pay,SELF,280,4,,
KH-CLM-007622,KB0007868,2026-08-04,Dallas,self-pay,SELF,349,1,,
KH-CLM-007623,KB0007869,2026-08-04,Dallas,Medicare,MEDICARE,299,1,,
KH-CLM-007624,KB0007870,2026-08-04,Dallas,self-pay,SELF,299,1,,
KH-CLM-007625,KB0007871,2026-08-04,Dallas,commercial,COM-A,299,1,,
KH-CLM-007626,KB0007872,2026-08-04,Dallas,commercial,COM-B,70,1,,
KH-CLM-007627,KB0007873,2026-08-04,Dallas,Medicaid,MEDICAID-TX,75,2,,
KH-CLM-007628,KB0007874,2026-08-04,Dallas,Medicare,MEDICARE,45,1,,
KH-CLM-007629,KB0007875,2026-08-04,Dallas,commercial,COM-C,145,3,,
KH-CLM-007630,KB0007876,2026-08-04,Phoenix,Medicaid,MEDICAID-AZ,45,1,,
KH-CLM-007631,KB0007877,2026-08-04,Phoenix,commercial,COM-A,175,2,,medical necessity
KH-CLM-007632,KB0007878,2026-08-04,Phoenix,commercial,COM-A,149,1,,
KH-CLM-007633,KB0007879,2026-08-04,Phoenix,commercial,COM-C,310,4,,
KH-CLM-007634,KB0007880,2026-08-04,Phoenix,commercial,COM-B,30,1,,
KH-CLM-007635,KB0007881,2026-08-04,Phoenix,Medicaid,MEDICAID-AZ,299,1,,eligibility or coverage
KH-CLM-007636,KB0007882,2026-08-04,Phoenix,commercial,COM-B,285,4,,
KH-CLM-007637,KB0007883,2026-08-04,Phoenix,commercial,COM-B,75,1,,
KH-CLM-007638,KB0007884,2026-08-04,Phoenix,commercial,COM-B,85,2,,
KH-CLM-007639,KB0007885,2026-08-04,Phoenix,commercial,COM-C,300,4,,
KH-CLM-007640,KB0007886,2026-08-04,Phoenix,Medicaid,MEDICAID-AZ,115,2,,
KH-CLM-007641,KB0007887,2026-08-04,Phoenix,commercial,COM-A,90,2,,missing or invalid information
KH-CLM-007642,KB0007888,2026-08-04,Phoenix,commercial,COM-B,149,1,,non-covered service
KH-CLM-007643,KB0007889,2026-08-04,Phoenix,Medicaid,MEDICAID-AZ,90,2,,
KH-CLM-007644,KB0007890,2026-08-04,Phoenix,Medicaid,MEDICAID-AZ,235,4,,
KH-CLM-007645,KB0007891,2026-08-04,Phoenix,commercial,COM-B,75,2,,
KH-CLM-007646,KB0007892,2026-08-04,New York,Medicare,MEDICARE,240,4,,
KH-CLM-007647,KB0007893,2026-08-04,New York,commercial,COM-B,215,3,,
KH-CLM-007648,KB0007894,2026-08-04,New York,commercial,COM-A,85,2,,
KH-CLM-007649,KB0007895,2026-08-04,New York,commercial,COM-A,55,2,,
KH-CLM-007650,KB0007896,2026-08-04,New York,self-pay,SELF,299,1,,
KH-CLM-007651,KB0007897,2026-08-04,New York,Medicaid,MEDICAID-NY,149,1,,
KH-CLM-007652,KB0007898,2026-08-04,New York,self-pay,SELF,125,3,,
KH-CLM-007653,KB0007899,2026-08-04,New York,Medicaid,MEDICAID-NY,299,1,,
KH-CLM-007654,KB0007900,2026-08-04,New York,commercial,COM-B,299,1,,
KH-CLM-007655,KB0007901,2026-08-04,New York,Medicare,MEDICARE,370,4,,
KH-CLM-007656,KB0007902,2026-08-04,New York,self-pay,SELF,30,1,,
KH-CLM-007657,KB0007903,2026-08-04,New York,commercial,COM-A,70,1,,eligibility or coverage
KH-CLM-007658,KB0007904,2026-08-04,New York,Medicare,MEDICARE,349,1,,medical necessity
KH-CLM-007659,KB0007905,2026-08-04,New York,Medicare,MEDICARE,145,3,,
KH-CLM-007660,KB0007906,2026-08-04,New York,Medicare,MEDICARE,105,2,,
KH-CLM-007661,KB0007907,2026-08-04,New York,commercial,COM-C,180,3,,
KH-CLM-007662,KB0007908,2026-08-04,Chicago,commercial,COM-B,149,1,,
KH-CLM-007663,KB0007909,2026-08-04,Chicago,commercial,COM-B,305,3,,
KH-CLM-007664,KB0007910,2026-08-04,Chicago,commercial,COM-C,349,1,,
KH-CLM-007665,KB0007911,2026-08-04,Chicago,Medicare,MEDICARE,275,4,,
KH-CLM-007666,KB0007912,2026-08-04,Chicago,Medicare,MEDICARE,30,1,,
KH-CLM-007667,KB0007913,2026-08-04,Chicago,commercial,COM-C,149,1,,prior authorization
KH-CLM-007668,KB0007914,2026-08-04,Chicago,commercial,COM-A,299,1,,
KH-CLM-007669,KB0007915,2026-08-04,Chicago,commercial,COM-B,60,1,,eligibility or coverage
KH-CLM-007670,KB0007916,2026-08-04,Chicago,commercial,COM-C,90,2,,
KH-CLM-007671,KB0007917,2026-08-04,Atlanta,commercial,COM-C,85,2,,
KH-CLM-007672,KB0007918,2026-08-04,Atlanta,Medicaid,MEDICAID-GA,299,1,,eligibility or coverage
KH-CLM-007673,KB0007919,2026-08-04,Atlanta,commercial,COM-A,190,3,,non-covered service
KH-CLM-007674,KB0007920,2026-08-04,Atlanta,self-pay,SELF,230,3,,
KH-CLM-007675,KB0007921,2026-08-04,Atlanta,Medicaid,MEDICAID-GA,85,1,,
KH-CLM-007676,KB0007922,2026-08-04,Atlanta,commercial,COM-B,85,1,,
KH-CLM-007677,KB0007923,2026-08-04,Atlanta,Medicare,MEDICARE,265,4,,
KH-CLM-007678,KB0007924,2026-08-04,Atlanta,Medicare,MEDICARE,255,4,,missing or invalid information
KH-CLM-007679,KB0007925,2026-08-04,Atlanta,Medicare,MEDICARE,215,2,,
KH-CLM-007680,KB0007926,2026-08-04,Atlanta,Medicare,MEDICARE,149,1,,
KH-CLM-007681,KB0007927,2026-08-04,Atlanta,Medicaid,MEDICAID-GA,299,1,,
KH-CLM-007682,KB0007928,2026-08-04,Atlanta,commercial,COM-A,349,1,,
KH-CLM-007683,KB0007929,2026-08-04,Atlanta,commercial,COM-B,75,2,,missing or invalid information
KH-CLM-007684,KB0007930,2026-08-04,Philadelphia,Medicaid,MEDICAID-PA,295,3,,
KH-CLM-007685,KB0007931,2026-08-04,Philadelphia,commercial,COM-B,140,2,,
KH-CLM-007686,KB0007932,2026-08-04,Philadelphia,self-pay,SELF,319,2,,
KH-CLM-007687,KB0007933,2026-08-04,Philadelphia,commercial,COM-C,149,1,,
KH-CLM-007688,KB0007934,2026-08-05,Dallas,commercial,COM-A,110,2,,
KH-CLM-007689,KB0007935,2026-08-05,Dallas,self-pay,SELF,149,1,,
KH-CLM-007690,KB0007936,2026-08-05,Dallas,commercial,COM-C,149,1,,
KH-CLM-007691,KB0007937,2026-08-05,Dallas,Medicaid,MEDICAID-TX,115,2,,
KH-CLM-007692,KB0007938,2026-08-05,Dallas,Medicare,MEDICARE,270,4,,
KH-CLM-007693,KB0007939,2026-08-05,Dallas,commercial,COM-A,85,2,,
KH-CLM-007694,KB0007940,2026-08-05,Dallas,Medicare,MEDICARE,299,1,,
KH-CLM-007695,KB0007941,2026-08-05,Dallas,self-pay,SELF,125,2,,
KH-CLM-007696,KB0007942,2026-08-05,Dallas,commercial,COM-C,55,1,,
KH-CLM-007697,KB0007943,2026-08-05,Dallas,commercial,COM-A,205,4,,
KH-CLM-007698,KB0007944,2026-08-05,Dallas,commercial,COM-C,149,1,,
KH-CLM-007699,KB0007945,2026-08-05,Dallas,commercial,COM-B,130,2,,
KH-CLM-007700,KB0007946,2026-08-05,Phoenix,commercial,COM-C,349,1,,
KH-CLM-007701,KB0007947,2026-08-05,Phoenix,Medicare,MEDICARE,299,1,,medical necessity
KH-CLM-007702,KB0007948,2026-08-05,Phoenix,commercial,COM-C,355,4,,
KH-CLM-007703,KB0007949,2026-08-05,Phoenix,commercial,COM-C,349,1,,
KH-CLM-007704,KB0007950,2026-08-05,Phoenix,commercial,COM-B,319,2,,
KH-CLM-007705,KB0007951,2026-08-05,Phoenix,commercial,COM-A,299,1,,
KH-CLM-007706,KB0007952,2026-08-05,Phoenix,Medicaid,MEDICAID-AZ,235,3,,
KH-CLM-007707,KB0007953,2026-08-05,Phoenix,commercial,COM-B,175,3,,
KH-CLM-007708,KB0007954,2026-08-05,Phoenix,commercial,COM-C,145,2,,
KH-CLM-007709,KB0007956,2026-08-05,New York,Medicare,MEDICARE,85,1,,
KH-CLM-007710,KB0007957,2026-08-05,New York,Medicaid,MEDICAID-NY,140,2,,
KH-CLM-007711,KB0007958,2026-08-05,New York,commercial,COM-C,105,2,,missing or invalid information
KH-CLM-007712,KB0007959,2026-08-05,New York,Medicare,MEDICARE,165,3,,
KH-CLM-007713,KB0007960,2026-08-05,New York,Medicaid,MEDICAID-NY,195,4,,
KH-CLM-007714,KB0007961,2026-08-05,New York,Medicare,MEDICARE,349,1,,
KH-CLM-007715,KB0007962,2026-08-05,New York,commercial,COM-B,30,1,,
KH-CLM-007716,KB0007963,2026-08-05,New York,Medicaid,MEDICAID-NY,145,2,,
KH-CLM-007717,KB0007964,2026-08-05,New York,commercial,COM-C,310,3,,
KH-CLM-007718,KB0007965,2026-08-05,New York,self-pay,SELF,225,3,,
KH-CLM-007719,KB0007966,2026-08-05,Chicago,Medicare,MEDICARE,170,2,,
KH-CLM-007720,KB0007967,2026-08-05,Chicago,self-pay,SELF,95,1,,
KH-CLM-007721,KB0007968,2026-08-05,Chicago,commercial,COM-A,265,4,,
KH-CLM-007722,KB0007969,2026-08-05,Chicago,Medicare,MEDICARE,330,4,,
KH-CLM-007723,KB0007970,2026-08-05,Chicago,Medicare,MEDICARE,30,1,,
KH-CLM-007724,KB0007971,2026-08-05,Chicago,Medicare,MEDICARE,299,1,,
KH-CLM-007725,KB0007972,2026-08-05,Chicago,commercial,COM-A,180,3,,
KH-CLM-007726,KB0007973,2026-08-05,Atlanta,Medicaid,MEDICAID-GA,75,1,,
KH-CLM-007727,KB0007974,2026-08-05,Atlanta,commercial,COM-B,85,2,,
KH-CLM-007728,KB0007975,2026-08-05,Atlanta,Medicaid,MEDICAID-GA,185,3,,
KH-CLM-007729,KB0007976,2026-08-05,Atlanta,commercial,COM-C,299,1,,
KH-CLM-007730,KB0007977,2026-08-05,Atlanta,Medicare,MEDICARE,100,2,,
KH-CLM-007731,KB0007978,2026-08-05,Atlanta,commercial,COM-A,140,2,,
KH-CLM-007732,KB0007979,2026-08-05,Atlanta,Medicare,MEDICARE,225,3,,
KH-CLM-007733,KB0007980,2026-08-05,Atlanta,commercial,COM-A,110,2,,
KH-CLM-007734,KB0007981,2026-08-05,Philadelphia,commercial,COM-B,349,1,,
KH-CLM-007735,KB0007982,2026-08-05,Philadelphia,Medicare,MEDICARE,50,2,,
KH-CLM-007736,KB0007983,2026-08-05,Philadelphia,commercial,COM-B,85,1,,
KH-CLM-007737,KB0007984,2026-08-05,Philadelphia,commercial,COM-C,140,2,,
KH-CLM-007738,KB0007985,2026-08-05,Philadelphia,commercial,COM-A,95,1,,
KH-CLM-007739,KB0007986,2026-08-05,Philadelphia,commercial,COM-B,299,1,,prior authorization
KH-CLM-007740,KB0007987,2026-08-05,Philadelphia,commercial,COM-C,349,1,,
KH-CLM-007741,KB0007989,2026-08-05,Philadelphia,commercial,COM-B,65,2,,
KH-CLM-007742,KB0007990,2026-08-05,Philadelphia,Medicaid,MEDICAID-PA,299,1,,
KH-CLM-007743,KB0007992,2026-08-06,Dallas,commercial,COM-A,369,2,,
KH-CLM-007744,KB0007993,2026-08-06,Dallas,commercial,COM-B,125,2,,
KH-CLM-007745,KB0007994,2026-08-06,Dallas,commercial,COM-C,190,4,,
KH-CLM-007746,KB0007995,2026-08-06,Dallas,commercial,COM-A,195,4,,
KH-CLM-007747,KB0007996,2026-08-06,Dallas,Medicaid,MEDICAID-TX,235,4,,missing or invalid information
KH-CLM-007748,KB0007997,2026-08-06,Dallas,Medicaid,MEDICAID-TX,70,2,,timely filing
KH-CLM-007749,KB0007998,2026-08-06,Dallas,Medicare,MEDICARE,349,1,,
KH-CLM-007750,KB0007999,2026-08-06,Dallas,commercial,COM-C,70,1,,
KH-CLM-007751,KB0008000,2026-08-06,Dallas,Medicare,MEDICARE,299,1,,missing or invalid information
KH-CLM-007752,KB0008002,2026-08-06,Dallas,self-pay,SELF,165,3,,
KH-CLM-007753,KB0008003,2026-08-06,Dallas,commercial,COM-B,325,4,,
KH-CLM-007754,KB0008004,2026-08-06,Dallas,commercial,COM-B,169,2,,
KH-CLM-007755,KB0008005,2026-08-06,Dallas,commercial,COM-A,95,1,,
KH-CLM-007756,KB0008006,2026-08-06,Phoenix,commercial,COM-B,235,2,,
KH-CLM-007757,KB0008007,2026-08-06,Phoenix,Medicare,MEDICARE,285,4,,
KH-CLM-007758,KB0008008,2026-08-06,Phoenix,commercial,COM-C,115,2,,eligibility or coverage
KH-CLM-007759,KB0008009,2026-08-06,Phoenix,commercial,COM-B,65,1,,
KH-CLM-007760,KB0008010,2026-08-06,Phoenix,commercial,COM-A,55,1,,
KH-CLM-007761,KB0008011,2026-08-06,Phoenix,commercial,COM-B,65,1,,
KH-CLM-007762,KB0008012,2026-08-06,Phoenix,commercial,COM-B,299,1,,
KH-CLM-007763,KB0008013,2026-08-06,Phoenix,self-pay,SELF,165,4,,
KH-CLM-007764,KB0008014,2026-08-06,Phoenix,Medicare,MEDICARE,105,2,,
KH-CLM-007765,KB0008015,2026-08-06,Phoenix,commercial,COM-B,299,1,,
KH-CLM-007766,KB0008016,2026-08-06,Phoenix,Medicare,MEDICARE,85,1,,medical necessity
KH-CLM-007767,KB0008017,2026-08-06,Phoenix,commercial,COM-A,75,1,,
KH-CLM-007768,KB0008018,2026-08-06,Phoenix,commercial,COM-A,60,1,,
KH-CLM-007769,KB0008019,2026-08-06,Phoenix,self-pay,SELF,299,1,,
KH-CLM-007770,KB0008020,2026-08-06,Phoenix,Medicaid,MEDICAID-AZ,150,2,,missing or invalid information
KH-CLM-007771,KB0008021,2026-08-06,Phoenix,Medicare,MEDICARE,299,1,,
KH-CLM-007772,KB0008022,2026-08-06,Phoenix,commercial,COM-A,180,4,,
KH-CLM-007773,KB0008023,2026-08-06,New York,commercial,COM-A,25,1,,
KH-CLM-007774,KB0008024,2026-08-06,New York,commercial,COM-A,149,1,,
KH-CLM-007775,KB0008025,2026-08-06,New York,Medicare,MEDICARE,85,1,,
KH-CLM-007776,KB0008026,2026-08-06,New York,Medicaid,MEDICAID-NY,235,4,,medical necessity
KH-CLM-007777,KB0008027,2026-08-06,New York,Medicare,MEDICARE,299,1,,
KH-CLM-007778,KB0008028,2026-08-06,New York,commercial,COM-B,240,4,,
KH-CLM-007779,KB0008029,2026-08-06,New York,Medicare,MEDICARE,30,1,,
KH-CLM-007780,KB0008030,2026-08-06,New York,Medicaid,MEDICAID-NY,70,1,,
KH-CLM-007781,KB0008031,2026-08-06,New York,Medicaid,MEDICAID-NY,85,1,,
KH-CLM-007782,KB0008034,2026-08-06,Chicago,commercial,COM-B,120,2,,
KH-CLM-007783,KB0008035,2026-08-06,Chicago,Medicaid,MEDICAID-IL,169,2,,
KH-CLM-007784,KB0008036,2026-08-06,Chicago,commercial,COM-B,299,1,,
KH-CLM-007785,KB0008037,2026-08-06,Chicago,commercial,COM-C,270,4,,
KH-CLM-007786,KB0008038,2026-08-06,Atlanta,commercial,COM-C,150,1,,
KH-CLM-007787,KB0008039,2026-08-06,Atlanta,commercial,COM-A,130,2,,
KH-CLM-007788,KB0008040,2026-08-06,Atlanta,commercial,COM-A,190,3,,
KH-CLM-007789,KB0008041,2026-08-06,Atlanta,commercial,COM-A,149,1,,medical necessity
KH-CLM-007790,KB0008042,2026-08-06,Atlanta,commercial,COM-A,75,1,,
KH-CLM-007791,KB0008043,2026-08-06,Atlanta,commercial,COM-B,105,2,,
KH-CLM-007792,KB0008044,2026-08-06,Atlanta,Medicare,MEDICARE,149,1,,
KH-CLM-007793,KB0008045,2026-08-06,Atlanta,commercial,COM-A,75,1,,
KH-CLM-007794,KB0008046,2026-08-06,Atlanta,commercial,COM-A,85,2,,missing or invalid information
KH-CLM-007795,KB0008047,2026-08-06,Philadelphia,self-pay,SELF,145,3,,
KH-CLM-007796,KB0008048,2026-08-06,Philadelphia,Medicaid,MEDICAID-PA,220,3,,
KH-CLM-007797,KB0008049,2026-08-06,Philadelphia,commercial,COM-C,95,1,,
KH-CLM-007798,KB0008050,2026-08-06,Philadelphia,commercial,COM-A,369,2,,prior authorization
KH-CLM-007799,KB0008051,2026-08-06,Philadelphia,Medicare,MEDICARE,299,1,,medical necessity
KH-CLM-007800,KB0008052,2026-08-06,Philadelphia,Medicare,MEDICARE,149,1,,medical necessity
KH-CLM-007801,KB0008053,2026-08-06,Philadelphia,Medicaid,MEDICAID-PA,30,1,,
KH-CLM-007802,KB0008054,2026-08-06,Dallas,employer,EMP-0007,180000,1,EMP-0007,
KH-CLM-007803,KB0008055,2026-08-07,Dallas,commercial,COM-C,85,1,,missing or invalid information
KH-CLM-007804,KB0008056,2026-08-07,Dallas,Medicaid,MEDICAID-TX,135,2,,
KH-CLM-007805,KB0008057,2026-08-07,Dallas,commercial,COM-A,175,3,,
KH-CLM-007806,KB0008058,2026-08-07,Dallas,commercial,COM-C,210,3,,
KH-CLM-007807,KB0008059,2026-08-07,Dallas,Medicaid,MEDICAID-TX,60,1,,
KH-CLM-007808,KB0008060,2026-08-07,Dallas,Medicare,MEDICARE,25,1,,
KH-CLM-007809,KB0008061,2026-08-07,Dallas,self-pay,SELF,75,1,,
KH-CLM-007810,KB0008062,2026-08-07,Dallas,commercial,COM-A,95,1,,
KH-CLM-007811,KB0008063,2026-08-07,Dallas,commercial,COM-C,299,1,,
KH-CLM-007812,KB0008064,2026-08-07,Dallas,Medicare,MEDICARE,100,2,,
KH-CLM-007813,KB0008065,2026-08-07,Dallas,Medicare,MEDICARE,390,4,,
KH-CLM-007814,KB0008066,2026-08-07,Dallas,Medicare,MEDICARE,300,4,,
KH-CLM-007815,KB0008067,2026-08-07,Dallas,Medicaid,MEDICAID-TX,150,3,,
KH-CLM-007816,KB0008068,2026-08-07,Dallas,commercial,COM-A,85,1,,
KH-CLM-007817,KB0008069,2026-08-07,Dallas,commercial,COM-C,185,3,,
KH-CLM-007818,KB0008070,2026-08-07,Dallas,commercial,COM-B,165,2,,
KH-CLM-007819,KB0008071,2026-08-07,Dallas,Medicaid,MEDICAID-TX,235,3,,eligibility or coverage
KH-CLM-007820,KB0008072,2026-08-07,Phoenix,Medicaid,MEDICAID-AZ,55,1,,
KH-CLM-007821,KB0008073,2026-08-07,Phoenix,commercial,COM-B,185,3,,
KH-CLM-007822,KB0008074,2026-08-07,Phoenix,Medicare,MEDICARE,95,1,,
KH-CLM-007823,KB0008075,2026-08-07,Phoenix,self-pay,SELF,60,1,,
KH-CLM-007824,KB0008076,2026-08-07,Phoenix,commercial,COM-B,149,1,,missing or invalid information
KH-CLM-007825,KB0008077,2026-08-07,Phoenix,commercial,COM-B,210,2,,
KH-CLM-007826,KB0008078,2026-08-07,Phoenix,Medicare,MEDICARE,149,1,,
KH-CLM-007827,KB0008079,2026-08-07,Phoenix,commercial,COM-B,75,1,,
KH-CLM-007828,KB0008080,2026-08-07,Phoenix,Medicare,MEDICARE,195,2,,medical necessity
KH-CLM-007829,KB0008081,2026-08-07,Phoenix,commercial,COM-B,170,2,,
KH-CLM-007830,KB0008082,2026-08-07,Phoenix,commercial,COM-C,90,2,,
KH-CLM-007831,KB0008083,2026-08-07,Phoenix,commercial,COM-A,235,4,,prior authorization
KH-CLM-007832,KB0008084,2026-08-07,Phoenix,commercial,COM-A,75,1,,
KH-CLM-007833,KB0008085,2026-08-07,Phoenix,Medicare,MEDICARE,45,1,,
KH-CLM-007834,KB0008086,2026-08-07,Phoenix,commercial,COM-B,70,1,,
KH-CLM-007835,KB0008087,2026-08-07,Phoenix,commercial,COM-B,235,3,,
KH-CLM-007836,KB0008088,2026-08-07,Phoenix,commercial,COM-A,299,1,,
KH-CLM-007837,KB0008089,2026-08-07,Phoenix,Medicare,MEDICARE,95,2,,
KH-CLM-007838,KB0008090,2026-08-07,Phoenix,commercial,COM-B,75,1,,
KH-CLM-007839,KB0008091,2026-08-07,New York,commercial,COM-A,95,1,,
KH-CLM-007840,KB0008092,2026-08-07,New York,Medicaid,MEDICAID-NY,125,2,,
KH-CLM-007841,KB0008093,2026-08-07,New York,self-pay,SELF,305,4,,
KH-CLM-007842,KB0008094,2026-08-07,New York,commercial,COM-B,70,1,,
KH-CLM-007843,KB0008095,2026-08-07,New York,Medicaid,MEDICAID-NY,110,2,,
KH-CLM-007844,KB0008096,2026-08-07,New York,commercial,COM-B,110,2,,
KH-CLM-007845,KB0008097,2026-08-07,New York,Medicaid,MEDICAID-NY,175,4,,
KH-CLM-007846,KB0008098,2026-08-07,New York,Medicare,MEDICARE,299,1,,
KH-CLM-007847,KB0008099,2026-08-07,New York,commercial,COM-C,299,1,,
KH-CLM-007848,KB0008100,2026-08-07,New York,commercial,COM-A,299,1,,
KH-CLM-007849,KB0008102,2026-08-07,New York,commercial,COM-C,180,3,,
KH-CLM-007850,KB0008103,2026-08-07,New York,Medicare,MEDICARE,310,4,,
KH-CLM-007851,KB0008104,2026-08-07,New York,Medicare,MEDICARE,299,1,,
KH-CLM-007852,KB0008105,2026-08-07,New York,commercial,COM-A,30,1,,
KH-CLM-007853,KB0008106,2026-08-07,New York,commercial,COM-A,349,1,,
KH-CLM-007854,KB0008107,2026-08-07,Chicago,self-pay,SELF,295,3,,
KH-CLM-007855,KB0008108,2026-08-07,Chicago,commercial,COM-C,260,3,,
KH-CLM-007856,KB0008109,2026-08-07,Chicago,commercial,COM-B,149,1,,
KH-CLM-007857,KB0008110,2026-08-07,Chicago,commercial,COM-B,125,2,,
KH-CLM-007858,KB0008111,2026-08-07,Chicago,commercial,COM-A,260,4,,
KH-CLM-007859,KB0008112,2026-08-07,Atlanta,commercial,COM-C,299,1,,
KH-CLM-007860,KB0008113,2026-08-07,Atlanta,commercial,COM-C,349,1,,
KH-CLM-007861,KB0008114,2026-08-07,Atlanta,Medicare,MEDICARE,240,3,,
KH-CLM-007862,KB0008115,2026-08-07,Atlanta,Medicare,MEDICARE,25,1,,
KH-CLM-007863,KB0008116,2026-08-07,Atlanta,Medicare,MEDICARE,115,2,,
KH-CLM-007864,KB0008117,2026-08-07,Atlanta,Medicaid,MEDICAID-GA,275,3,,
KH-CLM-007865,KB0008118,2026-08-07,Atlanta,commercial,COM-B,205,3,,
KH-CLM-007866,KB0008119,2026-08-07,Atlanta,commercial,COM-B,349,1,,non-covered service
KH-CLM-007867,KB0008120,2026-08-07,Atlanta,commercial,COM-C,115,2,,
KH-CLM-007868,KB0008121,2026-08-07,Atlanta,commercial,COM-B,245,3,,
KH-CLM-007869,KB0008122,2026-08-07,Atlanta,commercial,COM-A,320,4,,
KH-CLM-007870,KB0008123,2026-08-07,Atlanta,commercial,COM-A,95,1,,
KH-CLM-007871,KB0008124,2026-08-07,Philadelphia,self-pay,SELF,180,2,,
KH-CLM-007872,KB0008125,2026-08-07,Philadelphia,Medicaid,MEDICAID-PA,85,1,,
KH-CLM-007873,KB0008126,2026-08-07,Philadelphia,Medicare,MEDICARE,255,4,,
KH-CLM-007874,KB0008127,2026-08-07,Philadelphia,commercial,COM-C,149,1,,missing or invalid information
KH-CLM-007875,KB0008128,2026-08-07,Philadelphia,commercial,COM-B,140,2,,
KH-CLM-007876,KB0008129,2026-08-07,Philadelphia,Medicaid,MEDICAID-PA,25,1,,prior authorization
KH-CLM-007877,KB0008130,2026-08-07,Philadelphia,commercial,COM-C,275,4,,
KH-CLM-007878,KB0008131,2026-08-08,Dallas,commercial,COM-A,349,1,,
KH-CLM-007879,KB0008132,2026-08-08,Dallas,commercial,COM-B,45,1,,
KH-CLM-007880,KB0008133,2026-08-08,Dallas,Medicare,MEDICARE,349,1,,
KH-CLM-007881,KB0008134,2026-08-08,Dallas,commercial,COM-A,145,2,,
KH-CLM-007882,KB0008135,2026-08-08,Dallas,commercial,COM-C,185,3,,
KH-CLM-007883,KB0008136,2026-08-08,Dallas,commercial,COM-A,85,1,,
KH-CLM-007884,KB0008137,2026-08-08,Dallas,commercial,COM-A,299,1,,non-covered service
KH-CLM-007885,KB0008138,2026-08-08,Dallas,Medicare,MEDICARE,90,2,,
KH-CLM-007886,KB0008139,2026-08-08,Dallas,Medicare,MEDICARE,65,2,,
KH-CLM-007887,KB0008140,2026-08-08,Dallas,commercial,COM-B,160,2,,
KH-CLM-007888,KB0008141,2026-08-08,Dallas,commercial,COM-C,155,2,,
KH-CLM-007889,KB0008142,2026-08-08,Dallas,commercial,COM-B,90,2,,
KH-CLM-007890,KB0008143,2026-08-08,Dallas,commercial,COM-A,145,3,,
KH-CLM-007891,KB0008144,2026-08-08,Dallas,self-pay,SELF,85,1,,
KH-CLM-007892,KB0008145,2026-08-08,Dallas,commercial,COM-C,65,1,,
KH-CLM-007893,KB0008146,2026-08-08,Dallas,commercial,COM-B,245,4,,timely filing
KH-CLM-007894,KB0008147,2026-08-08,Phoenix,Medicare,MEDICARE,349,1,,
KH-CLM-007895,KB0008148,2026-08-08,Phoenix,Medicare,MEDICARE,$145.00,3,,
KH-CLM-007896,KB0008150,2026-08-08,Phoenix,commercial,COM-A,270,4,,
KH-CLM-007897,KB0008151,2026-08-08,Phoenix,commercial,COM-A,95,1,,
KH-CLM-007898,KB0008152,2026-08-08,Phoenix,self-pay,SELF,220,2,,
KH-CLM-007899,KB0008153,2026-08-08,New York,Medicare,MEDICARE,95,2,,
KH-CLM-007900,KB0008154,2026-08-08,New York,Medicare,MEDICARE,70,2,,
KH-CLM-007901,KB0008155,2026-08-08,New York,commercial,COM-C,299,1,,
KH-CLM-007902,KB0008156,2026-08-08,New York,commercial,COM-C,30,1,,missing or invalid information
KH-CLM-007903,KB0008157,2026-08-08,New York,commercial,COM-A,65,1,,
KH-CLM-007904,KB0008158,2026-08-08,New York,commercial,COM-A,349,1,,
KH-CLM-007905,KB0008159,2026-08-08,New York,Medicare,MEDICARE,65,1,,duplicate claim
KH-CLM-007906,KB0008160,2026-08-08,New York,commercial,COM-C,90,2,,
KH-CLM-007907,KB0008161,2026-08-08,New York,Medicaid,MEDICAID-NY,115,2,,
KH-CLM-007908,KB0008162,2026-08-08,Chicago,commercial,COM-A,149,1,,
KH-CLM-007909,KB0008164,2026-08-08,Chicago,Medicaid,MEDICAID-IL,115,2,,
KH-CLM-007910,KB0008165,2026-08-08,Chicago,Medicaid,MEDICAID-IL,349,1,,
KH-CLM-007911,KB0008166,2026-08-08,Chicago,Medicare,MEDICARE,220,3,,
KH-CLM-007912,KB0008167,2026-08-08,Chicago,commercial,COM-C,160,2,,
KH-CLM-007913,KB0008168,2026-08-08,Chicago,commercial,COM-A,85,2,,
KH-CLM-007914,KB0008169,2026-08-08,Chicago,Medicare,MEDICARE,299,1,,
KH-CLM-007915,KB0008170,2026-08-08,Chicago,Medicare,MEDICARE,325,4,,
KH-CLM-007916,KB0008171,2026-08-08,Atlanta,commercial,COM-C,149,1,,
KH-CLM-007917,KB0008172,2026-08-08,Atlanta,Medicaid,MEDICAID-GA,149,1,,
KH-CLM-007918,KB0008173,2026-08-08,Atlanta,Medicaid,MEDICAID-GA,319,2,,medical necessity
KH-CLM-007919,KB0008174,2026-08-08,Atlanta,commercial,COM-C,149,1,,medical necessity
KH-CLM-007920,KB0008175,2026-08-08,Atlanta,Medicare,MEDICARE,200,3,,
KH-CLM-007921,KB0008176,2026-08-08,Atlanta,commercial,COM-A,299,1,,
KH-CLM-007922,KB0008177,2026-08-08,Atlanta,self-pay,SELF,100,2,,
KH-CLM-007923,KB0008178,2026-08-08,Philadelphia,commercial,COM-C,270,3,,
KH-CLM-007924,KB0008179,2026-08-08,Philadelphia,commercial,COM-C,115,2,,prior authorization
KH-CLM-007925,KB0008180,2026-08-08,Philadelphia,commercial,COM-B,45,2,,
KH-CLM-007926,KB0008181,2026-08-08,Philadelphia,Medicaid,MEDICAID-PA,130,2,,medical necessity
KH-CLM-007927,KB0008182,2026-08-08,Philadelphia,self-pay,SELF,299,1,,
KH-CLM-007928,KB0008183,2026-08-09,Dallas,Medicare,MEDICARE,170,2,,
KH-CLM-007929,KB0008184,2026-08-09,Dallas,self-pay,SELF,149,1,,
KH-CLM-007930,KB0008185,2026-08-09,Dallas,commercial,COM-C,190,4,,
KH-CLM-007931,KB0008186,2026-08-09,Dallas,commercial,COM-C,55,2,,
KH-CLM-007932,KB0008187,2026-08-09,Dallas,commercial,COM-C,90,2,,
KH-CLM-007933,KB0008188,2026-08-09,Dallas,Medicaid,MEDICAID-TX,125,3,,
KH-CLM-007934,KB0008189,2026-08-09,Dallas,commercial,COM-C,299,1,,
KH-CLM-007935,KB0008190,2026-08-09,Dallas,Medicaid,MEDICAID-TX,299,1,,
KH-CLM-007936,KB0008191,2026-08-09,Dallas,Medicaid,MEDICAID-TX,70,1,,
KH-CLM-007937,KB0008192,2026-08-09,Dallas,commercial,COM-A,149,1,,
KH-CLM-007938,KB0008193,2026-08-09,Dallas,Medicaid,MEDICAID-TX,255,3,,
KH-CLM-007939,KB0008194,2026-08-09,Dallas,commercial,COM-B,95,2,,
KH-CLM-007940,KB0008195,2026-08-09,Dallas,commercial,COM-C,125,2,,
KH-CLM-007941,KB0008196,2026-08-09,Dallas,Medicare,MEDICARE,299,1,,
KH-CLM-007942,KB0008197,2026-08-09,Phoenix,commercial,COM-B,70,2,,
KH-CLM-007943,KB0008198,2026-08-09,Phoenix,commercial,COM-C,45,1,,
KH-CLM-007944,KB0008199,2026-08-09,Phoenix,Medicare,MEDICARE,185,4,,
KH-CLM-007945,KB0008200,2026-08-09,Phoenix,commercial,COM-A,275,4,,
KH-CLM-007946,KB0008201,2026-08-09,Phoenix,commercial,COM-A,299,1,,
KH-CLM-007947,KB0008202,2026-08-09,Phoenix,Medicare,MEDICARE,150,1,,
KH-CLM-007948,KB0008203,2026-08-09,Phoenix,self-pay,SELF,55,2,,
KH-CLM-007949,KB0008204,2026-08-09,Phoenix,commercial,COM-B,349,1,,
KH-CLM-007950,KB0008205,2026-08-09,Phoenix,commercial,COM-A,95,2,,
KH-CLM-007951,KB0008206,2026-08-09,Phoenix,commercial,COM-C,200,4,,eligibility or coverage
KH-CLM-007952,KB0008207,2026-08-09,Phoenix,commercial,COM-A,180,4,,
KH-CLM-007953,KB0008208,2026-08-09,Phoenix,Medicare,MEDICARE,105,2,,
KH-CLM-007954,KB0008209,2026-08-09,Phoenix,commercial,COM-C,85,2,,
KH-CLM-007955,KB0008210,2026-08-09,Phoenix,commercial,COM-B,149,1,,
KH-CLM-007956,KB0008211,2026-08-09,New York,commercial,COM-B,299,1,,
KH-CLM-007957,KB0008212,2026-08-09,New York,Medicare,MEDICARE,200,4,,
KH-CLM-007958,KB0008213,2026-08-09,New York,commercial,COM-A,110,2,,
KH-CLM-007959,KB0008214,2026-08-09,New York,commercial,COM-B,150,3,,
KH-CLM-007960,KB0008215,2026-08-09,New York,Medicare,MEDICARE,70,1,,
KH-CLM-007961,KB0008216,2026-08-09,New York,Medicare,MEDICARE,299,1,,non-covered service
KH-CLM-007962,KB0008217,2026-08-09,New York,self-pay,SELF,150,2,,
KH-CLM-007963,KB0008218,2026-08-09,New York,self-pay,SELF,45,1,,
KH-CLM-007964,KB0008219,2026-08-09,New York,commercial,COM-C,299,1,,
KH-CLM-007965,KB0008220,2026-08-09,New York,Medicare,MEDICARE,45,1,,
KH-CLM-007966,KB0008221,2026-08-09,New York,commercial,COM-B,55,2,,
KH-CLM-007967,KB0008222,2026-08-09,New York,self-pay,SELF,70,1,,
KH-CLM-007968,KB0008223,2026-08-09,Chicago,commercial,COM-B,235,4,,
KH-CLM-007969,KB0008224,2026-08-09,Chicago,self-pay,SELF,349,1,,
KH-CLM-007970,KB0008225,2026-08-09,Chicago,commercial,COM-C,349,1,,
KH-CLM-007971,KB0008226,2026-08-09,Chicago,commercial,COM-C,149,1,,
KH-CLM-007972,KB0008227,2026-08-09,Chicago,commercial,COM-C,349,1,,
KH-CLM-007973,KB0008228,2026-08-09,Chicago,commercial,COM-B,110,2,,
KH-CLM-007974,KB0008229,2026-08-09,Atlanta,Medicaid,MEDICAID-GA,180,2,,
KH-CLM-007975,KB0008230,2026-08-09,Atlanta,commercial,COM-A,135,3,,
KH-CLM-007976,KB0008231,2026-08-09,Atlanta,Medicaid,MEDICAID-GA,30,1,,
KH-CLM-007977,KB0008232,2026-08-09,Atlanta,commercial,COM-C,95,1,,missing or invalid information
KH-CLM-007978,KB0008233,2026-08-09,Atlanta,Medicare,MEDICARE,150,1,,
KH-CLM-007979,KB0008234,2026-08-09,Atlanta,Medicaid,MEDICAID-GA,310,4,,
KH-CLM-007980,KB0008235,2026-08-09,Atlanta,Medicare,MEDICARE,349,1,,
KH-CLM-007981,KB0008236,2026-08-09,Atlanta,commercial,COM-B,85,2,,
KH-CLM-007982,KB0008237,2026-08-09,Atlanta,Medicare,MEDICARE,299,1,,missing or invalid information
KH-CLM-007983,KB0008238,2026-08-09,Philadelphia,Medicare,MEDICARE,210,4,,
KH-CLM-007984,KB0008239,2026-08-09,Philadelphia,Medicare,MEDICARE,299,1,,
KH-CLM-007985,KB0008240,2026-08-09,Philadelphia,commercial,COM-C,70,1,,
KH-CLM-007986,KB0008241,2026-08-09,Philadelphia,Medicare,MEDICARE,200,3,,
KH-CLM-007987,KB0008242,2026-08-10,Dallas,Medicaid,MEDICAID-TX,345,4,,prior authorization
KH-CLM-007988,KB0008243,2026-08-10,Dallas,Medicaid,MEDICAID-TX,240,4,,
KH-CLM-007989,KB0008244,2026-08-10,Dallas,commercial,COM-C,75,1,,
KH-CLM-007990,KB0008245,2026-08-10,Dallas,self-pay,SELF,260,4,,
KH-CLM-007991,KB0008246,2026-08-10,Dallas,Medicaid,MEDICAID-TX,65,1,,
KH-CLM-007992,KB0008247,2026-08-10,Dallas,Medicaid,MEDICAID-TX,299,1,,
KH-CLM-007993,KB0008248,2026-08-10,Dallas,Medicaid,MEDICAID-TX,225,2,,
KH-CLM-007994,KB0008249,2026-08-10,Dallas,Medicaid,MEDICAID-TX,285,3,,
KH-CLM-007995,KB0008250,2026-08-10,Dallas,commercial,COM-A,130,4,,
KH-CLM-007996,KB0008251,2026-08-10,Dallas,Medicaid,MEDICAID-TX,349,1,,eligibility or coverage
KH-CLM-007997,KB0008252,2026-08-10,Dallas,Medicare,MEDICARE,95,2,,
KH-CLM-007998,KB0008253,2026-08-10,Dallas,Medicare,MEDICARE,95,1,,
KH-CLM-007999,KB0008254,2026-08-10,Dallas,Medicare,MEDICARE,299,1,,
KH-CLM-008000,KB0008255,2026-08-10,Dallas,commercial,COM-C,260,3,,
KH-CLM-008001,KB0008256,2026-08-10,Dallas,Medicaid,MEDICAID-TX,349,1,,
KH-CLM-008002,KB0008257,2026-08-10,Dallas,commercial,COM-B,149,1,,non-covered service
KH-CLM-008003,KB0008258,2026-08-10,Dallas,commercial,COM-B,149,1,,
KH-CLM-008004,KB0008259,2026-08-10,Phoenix,Medicare,MEDICARE,95,2,,
KH-CLM-008005,KB0008260,2026-08-10,Phoenix,commercial,COM-B,349,1,,
KH-CLM-008006,KB0008261,2026-08-10,Phoenix,commercial,COM-B,175,3,,
KH-CLM-008007,KB0008262,2026-08-10,Phoenix,commercial,COM-C,130,2,,
KH-CLM-008008,KB0008263,2026-08-10,Phoenix,commercial,COM-A,349,1,,
KH-CLM-008009,KB0008264,2026-08-10,Phoenix,commercial,COM-C,135,2,,
KH-CLM-008010,KB0008265,2026-08-10,Phoenix,commercial,COM-A,370,4,,
KH-CLM-008011,KB0008266,2026-08-10,Phoenix,Medicare,MEDICARE,65,2,,
KH-CLM-008012,KB0008267,2026-08-10,Phoenix,commercial,COM-B,320,4,,
KH-CLM-008013,KB0008268,2026-08-10,Phoenix,commercial,COM-B,100,2,,
KH-CLM-008014,KB0008269,2026-08-10,Phoenix,commercial,COM-B,299,1,,
KH-CLM-008015,KB0008270,2026-08-10,Phoenix,commercial,COM-A,185,4,,
KH-CLM-008016,KB0008271,2026-08-10,Phoenix,commercial,COM-B,30,1,,
KH-CLM-008017,KB0008272,2026-08-10,Phoenix,self-pay,SELF,25,1,,
KH-CLM-008018,KB0008273,2026-08-10,Phoenix,commercial,COM-A,180,3,,
KH-CLM-008019,KB0008274,2026-08-10,Phoenix,commercial,COM-C,25,1,,
KH-CLM-008020,KB0008276,2026-08-10,New York,Medicare,MEDICARE,299,1,,
KH-CLM-008021,KB0008277,2026-08-10,New York,Medicare,MEDICARE,100,2,,
KH-CLM-008022,KB0008278,2026-08-10,New York,commercial,COM-A,90,2,,eligibility or coverage
KH-CLM-008023,KB0008279,2026-08-10,New York,Medicaid,MEDICAID-NY,140,3,,
KH-CLM-008024,KB0008280,2026-08-10,New York,Medicare,MEDICARE,210,4,,
KH-CLM-008025,KB0008281,2026-08-10,New York,commercial,COM-B,125,2,,
KH-CLM-008026,KB0008282,2026-08-10,New York,commercial,COM-B,200,3,,
KH-CLM-008027,KB0008283,2026-08-10,New York,commercial,COM-B,225,3,,missing or invalid information
KH-CLM-008028,KB0008284,2026-08-10,New York,commercial,COM-A,135,2,,
KH-CLM-008029,KB0008285,2026-08-10,New York,commercial,COM-B,300,3,,eligibility or coverage
KH-CLM-008030,KB0008286,2026-08-10,New York,Medicare,MEDICARE,220,2,,
KH-CLM-008031,KB0008287,2026-08-10,New York,commercial,COM-A,45,1,,
KH-CLM-008032,KB0008288,2026-08-10,New York,Medicare,MEDICARE,299,1,,
KH-CLM-008033,KB0008289,2026-08-10,Chicago,commercial,COM-A,149,1,,missing or invalid information
KH-CLM-008034,KB0008290,2026-08-10,Chicago,self-pay,SELF,45,1,,
KH-CLM-008035,KB0008291,2026-08-10,Chicago,commercial,COM-B,299,1,,
KH-CLM-008036,KB0008292,2026-08-10,Chicago,commercial,COM-A,105,2,,non-covered service
KH-CLM-008037,KB0008293,2026-08-10,Chicago,Medicare,MEDICARE,90,2,,
KH-CLM-008038,KB0008294,2026-08-10,Chicago,commercial,COM-C,85,2,,
KH-CLM-008039,KB0008295,2026-08-10,Atlanta,commercial,COM-B,260,4,,
KH-CLM-008040,KB0008296,2026-08-10,Atlanta,commercial,COM-C,120,2,,
KH-CLM-008041,KB0008297,2026-08-10,Atlanta,Medicare,MEDICARE,245,3,,
KH-CLM-008042,KB0008298,2026-08-10,Atlanta,commercial,COM-A,145,3,,
KH-CLM-008043,KB0008299,2026-08-10,Atlanta,Medicaid,MEDICAID-GA,45,1,,
KH-CLM-008044,KB0008300,2026-08-10,Atlanta,Medicare,MEDICARE,135,3,,medical necessity
KH-CLM-008045,KB0008301,2026-08-10,Atlanta,commercial,COM-B,90,2,,
KH-CLM-008046,KB0008302,2026-08-10,Atlanta,commercial,COM-A,349,1,,non-covered service
KH-CLM-008047,KB0008303,2026-08-10,Atlanta,commercial,COM-C,225,4,,
KH-CLM-008048,KB0008304,2026-08-10,Atlanta,commercial,COM-B,325,5,,
KH-CLM-008049,KB0008305,2026-08-10,Atlanta,commercial,COM-A,140,2,,
KH-CLM-008050,KB0008306,2026-08-10,Atlanta,Medicaid,MEDICAID-GA,120,3,,
KH-CLM-008051,KB0008307,2026-08-10,Atlanta,Medicare,MEDICARE,90,2,,
KH-CLM-008052,KB0008308,2026-08-10,Philadelphia,Medicare,MEDICARE,30,1,,
KH-CLM-008053,KB0008309,2026-08-10,Philadelphia,Medicare,MEDICARE,95,2,,medical necessity
KH-CLM-008054,KB0008310,2026-08-10,Philadelphia,Medicaid,MEDICAID-PA,95,1,,eligibility or coverage
KH-CLM-008055,KB0008311,2026-08-10,Philadelphia,commercial,COM-A,205,4,,
KH-CLM-008056,KB0008312,2026-08-11,Dallas,commercial,COM-C,200,4,,
KH-CLM-008057,KB0008313,2026-08-11,Dallas,self-pay,SELF,100,2,,
KH-CLM-008058,KB0008314,2026-08-11,Dallas,commercial,COM-B,85,1,,
KH-CLM-008059,KB0008315,2026-08-11,Dallas,commercial,COM-A,235,4,,
KH-CLM-008060,KB0008316,2026-08-11,Dallas,commercial,COM-C,180,2,,
KH-CLM-008061,KB0008317,2026-08-11,Dallas,Medicare,MEDICARE,60,1,,
KH-CLM-008062,KB0008318,2026-08-11,Dallas,commercial,COM-C,60,1,,
KH-CLM-008063,KB0008319,2026-08-11,Dallas,commercial,COM-A,115,2,,
KH-CLM-008064,KB0008320,2026-08-11,Dallas,commercial,COM-A,299,1,,non-covered service
KH-CLM-008065,KB0008321,2026-08-11,Dallas,Medicare,MEDICARE,135,2,,
KH-CLM-008066,KB0008322,2026-08-11,Dallas,commercial,COM-C,60,1,,
KH-CLM-008067,KB0008323,2026-08-11,Dallas,commercial,COM-C,225,3,,duplicate claim
KH-CLM-008068,KB0008324,2026-08-11,Dallas,commercial,COM-A,349,1,,
KH-CLM-008069,KB0008325,2026-08-11,Dallas,self-pay,SELF,195,4,,
KH-CLM-008070,KB0008327,2026-08-11,Phoenix,commercial,COM-B,30,1,,
KH-CLM-008071,KB0008328,2026-08-11,Phoenix,commercial,COM-B,149,1,,
KH-CLM-008072,KB0008329,2026-08-11,Phoenix,Medicare,MEDICARE,195,3,,medical necessity
KH-CLM-008073,KB0008330,2026-08-11,Phoenix,Medicaid,MEDICAID-AZ,160,4,,
KH-CLM-008074,KB0008331,2026-08-11,Phoenix,commercial,COM-A,149,1,,
KH-CLM-008075,KB0008332,2026-08-11,Phoenix,commercial,COM-A,145,3,,
KH-CLM-008076,KB0008333,2026-08-11,Phoenix,Medicaid,MEDICAID-AZ,25,1,,
KH-CLM-008077,KB0008334,2026-08-11,Phoenix,commercial,COM-C,125,2,,
KH-CLM-008078,KB0008335,2026-08-11,Phoenix,self-pay,SELF,85,1,,
KH-CLM-008079,KB0008336,2026-08-11,Phoenix,Medicare,MEDICARE,125,2,,
KH-CLM-008080,KB0008337,2026-08-11,Phoenix,commercial,COM-B,150,1,,
KH-CLM-008081,KB0008338,2026-08-11,Phoenix,commercial,COM-C,120,2,,missing or invalid information
KH-CLM-008082,KB0008339,2026-08-11,Phoenix,commercial,COM-C,319,2,,non-covered service
KH-CLM-008083,KB0008340,2026-08-11,Phoenix,Medicare,MEDICARE,280,4,,
KH-CLM-008084,KB0008341,2026-08-11,New York,commercial,COM-C,90,2,,
KH-CLM-008085,KB0008342,2026-08-11,New York,commercial,COM-B,215,2,,
KH-CLM-008086,KB0008343,2026-08-11,New York,commercial,COM-C,220,2,,
KH-CLM-008087,KB0008344,2026-08-11,New York,Medicare,MEDICARE,45,1,,
KH-CLM-008088,KB0008345,2026-08-11,New York,Medicaid,MEDICAID-NY,210,2,,
KH-CLM-008089,KB0008346,2026-08-11,New York,Medicare,MEDICARE,349,1,,medical necessity
KH-CLM-008090,KB0008347,2026-08-11,New York,self-pay,SELF,349,1,,
KH-CLM-008091,KB0008348,2026-08-11,New York,commercial,COM-C,160,2,,
KH-CLM-008092,KB0008349,2026-08-11,New York,commercial,COM-A,149,1,,
KH-CLM-008093,KB0008350,2026-08-11,New York,commercial,COM-A,145,3,,
KH-CLM-008094,KB0008351,2026-08-11,New York,commercial,COM-A,349,1,,non-covered service
KH-CLM-008095,KB0008352,2026-08-11,New York,commercial,COM-B,85,1,,
KH-CLM-008096,KB0008353,2026-08-11,New York,Medicare,MEDICARE,255,4,,
KH-CLM-008097,KB0008354,2026-08-11,New York,Medicare,MEDICARE,85,1,,
KH-CLM-008098,KB0008355,2026-08-11,Chicago,commercial,COM-A,130,3,,
KH-CLM-008099,KB0008356,2026-08-11,Chicago,self-pay,SELF,85,2,,
KH-CLM-008100,KB0008357,2026-08-11,Chicago,commercial,COM-C,290,3,,
KH-CLM-008101,KB0008358,2026-08-11,Chicago,commercial,COM-A,60,1,,
KH-CLM-008102,KB0008359,2026-08-11,Chicago,Medicare,MEDICARE,170,3,,
KH-CLM-008103,KB0008360,2026-08-11,Chicago,commercial,COM-A,125,3,,
KH-CLM-008104,KB0008361,2026-08-11,Chicago,commercial,COM-C,185,3,,
KH-CLM-008105,KB0008362,2026-08-11,Atlanta,Medicare,MEDICARE,215,4,,
KH-CLM-008106,KB0008363,2026-08-11,Atlanta,Medicare,MEDICARE,30,1,,
KH-CLM-008107,KB0008364,2026-08-11,Atlanta,Medicaid,MEDICAID-GA,299,1,,
KH-CLM-008108,KB0008365,2026-08-11,Atlanta,commercial,COM-B,85,2,,
KH-CLM-008109,KB0008366,2026-08-11,Atlanta,commercial,COM-A,180,2,,
KH-CLM-008110,KB0008367,2026-08-11,Atlanta,Medicare,MEDICARE,85,1,,
KH-CLM-008111,KB0008368,2026-08-11,Atlanta,commercial,COM-A,45,1,,
KH-CLM-008112,KB0008369,2026-08-11,Atlanta,Medicare,MEDICARE,319,2,,
KH-CLM-008113,KB0008371,2026-08-11,Atlanta,commercial,COM-A,60,1,,
KH-CLM-008114,KB0008372,2026-08-11,Atlanta,commercial,COM-C,55,1,,
KH-CLM-008115,KB0008373,2026-08-11,Atlanta,Medicaid,MEDICAID-GA,299,1,,
KH-CLM-008116,KB0008374,2026-08-11,Atlanta,commercial,COM-A,299,1,,
KH-CLM-008117,KB0008375,2026-08-11,Philadelphia,commercial,COM-B,145,2,,
KH-CLM-008118,KB0008376,2026-08-11,Philadelphia,Medicare,MEDICARE,149,1,,
KH-CLM-008119,KB0008377,2026-08-11,Philadelphia,Medicare,MEDICARE,160,2,,
KH-CLM-008120,KB0008378,2026-08-12,Dallas,Medicaid,MEDICAID-TX,115,2,,eligibility or coverage
KH-CLM-008121,KB0008379,2026-08-12,Dallas,commercial,COM-C,315,4,,
KH-CLM-008122,KB0008380,2026-08-12,Dallas,commercial,COM-A,320,4,,
KH-CLM-008123,KB0008381,2026-08-12,Dallas,commercial,COM-A,299,1,,non-covered service
KH-CLM-008124,KB0008382,2026-08-12,Dallas,self-pay,SELF,120,2,,
KH-CLM-008125,KB0008383,2026-08-12,Dallas,commercial,COM-C,369,2,,eligibility or coverage
KH-CLM-008126,KB0008384,2026-08-12,Dallas,commercial,COM-A,299,1,,timely filing
KH-CLM-008127,KB0008385,2026-08-12,Dallas,commercial,COM-A,369,2,,missing or invalid information
KH-CLM-008128,KB0008386,2026-08-12,Dallas,commercial,COM-C,85,1,,
KH-CLM-008129,KB0008387,2026-08-12,Dallas,Medicare,MEDICARE,299,1,,
KH-CLM-008130,KB0008388,2026-08-12,Dallas,Medicaid,MEDICAID-TX,260,4,,
KH-CLM-008131,KB0008389,2026-08-12,Dallas,commercial,COM-B,70,1,,
KH-CLM-008132,KB0008390,2026-08-12,Dallas,Medicaid,MEDICAID-TX,299,1,,non-covered service
KH-CLM-008133,KB0008391,2026-08-12,Phoenix,Medicare,MEDICARE,319,2,,
KH-CLM-008134,KB0008392,2026-08-12,Phoenix,Medicaid,MEDICAID-AZ,225,2,,
KH-CLM-008135,KB0008393,2026-08-12,Phoenix,commercial,COM-B,140,2,,
KH-CLM-008136,KB0008394,2026-08-12,Phoenix,self-pay,SELF,349,1,,
KH-CLM-008137,KB0008395,2026-08-12,Phoenix,commercial,COM-B,195,3,,
KH-CLM-008138,KB0008396,2026-08-12,Phoenix,Medicare,MEDICARE,60,2,,
KH-CLM-008139,KB0008397,2026-08-12,Phoenix,Medicare,MEDICARE,149,1,,
KH-CLM-008140,KB0008398,2026-08-12,Phoenix,Medicare,MEDICARE,330,4,,
KH-CLM-008141,KB0008399,2026-08-12,Phoenix,commercial,COM-B,380,4,,
KH-CLM-008142,KB0008400,2026-08-12,Phoenix,commercial,COM-B,155,2,,
KH-CLM-008143,KB0008401,2026-08-12,Phoenix,commercial,COM-B,245,4,,
KH-CLM-008144,KB0008402,2026-08-12,Phoenix,Medicaid,MEDICAID-AZ,149,1,,
KH-CLM-008145,KB0008403,2026-08-12,Phoenix,commercial,COM-B,25,1,,
KH-CLM-008146,KB0008404,2026-08-12,Phoenix,commercial,COM-B,110,2,,
KH-CLM-008147,KB0008405,2026-08-12,Phoenix,commercial,COM-A,149,1,,prior authorization
KH-CLM-008148,KB0008406,2026-08-12,Phoenix,Medicaid,MEDICAID-AZ,75,1,,missing or invalid information
KH-CLM-008149,KB0008407,2026-08-12,New York,Medicare,MEDICARE,299,1,,
KH-CLM-008150,KB0008408,2026-08-12,New York,commercial,COM-C,30,1,,
KH-CLM-008151,KB0008409,2026-08-12,New York,commercial,COM-A,255,4,,
KH-CLM-008152,KB0008410,2026-08-12,New York,self-pay,SELF,85,1,,
KH-CLM-008153,KB0008411,2026-08-12,New York,commercial,COM-B,149,1,,
KH-CLM-008154,KB0008412,2026-08-12,New York,Medicaid,MEDICAID-NY,200,3,,
KH-CLM-008155,KB0008413,2026-08-12,New York,commercial,COM-C,299,1,,
KH-CLM-008156,KB0008414,2026-08-12,New York,commercial,COM-A,95,2,,
KH-CLM-008157,KB0008415,2026-08-12,New York,commercial,COM-A,45,1,,
KH-CLM-008158,KB0008416,2026-08-12,New York,Medicare,MEDICARE,75,3,,
KH-CLM-008159,KB0008417,2026-08-12,New York,Medicare,MEDICARE,200,4,,
KH-CLM-008160,KB0008418,2026-08-12,Chicago,self-pay,SELF,265,4,,
KH-CLM-008161,KB0008419,2026-08-12,Chicago,self-pay,SELF,30,1,,
KH-CLM-008162,KB0008420,2026-08-12,Chicago,Medicaid,MEDICAID-IL,45,1,,
KH-CLM-008163,KB0008421,2026-08-12,Chicago,commercial,COM-B,360,4,,
KH-CLM-008164,KB0008423,2026-08-12,Chicago,self-pay,SELF,160,2,,
KH-CLM-008165,KB0008424,2026-08-12,Chicago,commercial,COM-B,195,3,,timely filing
KH-CLM-008166,KB0008425,2026-08-12,Chicago,commercial,COM-B,149,1,,
KH-CLM-008167,KB0008426,2026-08-12,Atlanta,commercial,COM-A,105,2,,
KH-CLM-008168,KB0008427,2026-08-12,Atlanta,commercial,COM-C,299,1,,
KH-CLM-008169,KB0008429,2026-08-12,Atlanta,Medicare,MEDICARE,299,1,,non-covered service
KH-CLM-008170,KB0008430,2026-08-12,Atlanta,commercial,COM-A,349,1,,
KH-CLM-008171,KB0008431,2026-08-12,Atlanta,Medicare,MEDICARE,349,1,,
KH-CLM-008172,KB0008432,2026-08-12,Atlanta,commercial,COM-C,250,3,,
KH-CLM-008173,KB0008433,2026-08-12,Atlanta,self-pay,SELF,200,4,,
KH-CLM-008174,KB0008434,2026-08-12,Atlanta,commercial,COM-B,175,2,,
KH-CLM-008175,KB0008435,2026-08-12,Atlanta,commercial,COM-A,95,2,,
KH-CLM-008176,KB0008436,2026-08-12,Philadelphia,Medicaid,MEDICAID-PA,120,2,,
KH-CLM-008177,KB0008438,2026-08-12,Philadelphia,Medicare,MEDICARE,299,1,,
KH-CLM-008178,KB0008439,2026-08-13,Dallas,commercial,COM-B,299,1,,
KH-CLM-008179,KB0008440,2026-08-13,Dallas,commercial,COM-C,90,2,,
KH-CLM-008180,KB0008441,2026-08-13,Dallas,self-pay,SELF,225,3,,
KH-CLM-008181,KB0008442,2026-08-13,Dallas,commercial,COM-B,85,2,,
KH-CLM-008182,KB0008443,2026-08-13,Dallas,Medicare,MEDICARE,165,2,,
KH-CLM-008183,KB0008444,2026-08-13,Dallas,commercial,COM-B,55,2,,
KH-CLM-008184,KB0008445,2026-08-13,Dallas,commercial,COM-A,55,1,,
KH-CLM-008185,KB0008446,2026-08-13,Dallas,commercial,COM-A,95,1,,
KH-CLM-008186,KB0008447,2026-08-13,Dallas,Medicare,MEDICARE,149,1,,medical necessity
KH-CLM-008187,KB0008448,2026-08-13,Dallas,Medicare,MEDICARE,45,2,,
KH-CLM-008188,KB0008449,2026-08-13,Dallas,Medicaid,MEDICAID-TX,180,2,,
KH-CLM-008189,KB0008450,2026-08-13,Dallas,commercial,COM-B,110,2,,
KH-CLM-008190,KB0008451,2026-08-13,Dallas,commercial,COM-B,50,2,,
KH-CLM-008191,KB0008452,2026-08-13,Dallas,Medicare,MEDICARE,30,1,,
KH-CLM-008192,KB0008453,2026-08-13,Dallas,self-pay,SELF,299,1,,
KH-CLM-008193,KB0008454,2026-08-13,Dallas,commercial,COM-B,290,3,,
KH-CLM-008194,KB0008455,2026-08-13,Dallas,Medicare,MEDICARE,45,1,,
KH-CLM-008195,KB0008456,2026-08-13,Dallas,commercial,COM-B,299,1,,
KH-CLM-008196,KB0008457,2026-08-13,Phoenix,Medicare,MEDICARE,180,3,,
KH-CLM-008197,KB0008458,2026-08-13,Phoenix,Medicare,MEDICARE,95,1,,
KH-CLM-008198,KB0008459,2026-08-13,Phoenix,self-pay,SELF,290,5,,
KH-CLM-008199,KB0008460,2026-08-13,Phoenix,Medicare,MEDICARE,130,2,,
KH-CLM-008200,KB0008461,2026-08-13,Phoenix,Medicare,MEDICARE,299,1,,timely filing
KH-CLM-008201,KB0008462,2026-08-13,Phoenix,commercial,COM-C,105,2,,
KH-CLM-008202,KB0008463,2026-08-13,Phoenix,commercial,COM-C,105,2,,
KH-CLM-008203,KB0008464,2026-08-13,Phoenix,commercial,COM-B,205,3,,
KH-CLM-008204,KB0008465,2026-08-13,Phoenix,commercial,COM-C,150,3,,
KH-CLM-008205,KB0008466,2026-08-13,Phoenix,Medicare,MEDICARE,100,2,,
KH-CLM-008206,KB0008467,2026-08-13,Phoenix,Medicare,MEDICARE,149,1,,
KH-CLM-008207,KB0008468,2026-08-13,Phoenix,commercial,COM-C,70,1,,
KH-CLM-008208,KB0008469,2026-08-13,Phoenix,commercial,COM-A,30,1,,
KH-CLM-008209,KB0008470,2026-08-13,Phoenix,commercial,COM-A,100,2,,
KH-CLM-008210,KB0008471,2026-08-13,Phoenix,commercial,COM-C,130,2,,
KH-CLM-008211,KB0008472,2026-08-13,New York,Medicare,MEDICARE,170,3,,
KH-CLM-008212,KB0008473,2026-08-13,New York,Medicaid,MEDICAID-NY,45,1,,
KH-CLM-008213,KB0008474,2026-08-13,New York,Medicare,MEDICARE,85,1,,
KH-CLM-008214,KB0008475,2026-08-13,New York,commercial,COM-C,235,5,,
KH-CLM-008215,KB0008476,2026-08-13,New York,Medicare,MEDICARE,160,2,,
KH-CLM-008216,KB0008477,2026-08-13,New York,commercial,COM-A,95,1,,
KH-CLM-008217,KB0008478,2026-08-13,New York,commercial,COM-B,180,2,,
KH-CLM-008218,KB0008479,2026-08-13,New York,Medicare,MEDICARE,155,2,,
KH-CLM-008219,KB0008480,2026-08-13,New York,Medicaid,MEDICAID-NY,65,2,,
KH-CLM-008220,KB0008481,2026-08-13,New York,Medicare,MEDICARE,130,2,,
KH-CLM-008221,KB0008482,2026-08-13,New York,commercial,COM-B,150,1,,
KH-CLM-008222,KB0008483,2026-08-13,New York,commercial,COM-B,85,2,,
KH-CLM-008223,KB0008484,2026-08-13,Chicago,commercial,COM-B,200,3,,
KH-CLM-008224,KB0008485,2026-08-13,Chicago,commercial,COM-C,150,1,,
KH-CLM-008225,KB0008486,2026-08-13,Chicago,commercial,COM-B,380,5,,
KH-CLM-008226,KB0008487,2026-08-13,Chicago,commercial,COM-C,75,2,,
KH-CLM-008227,KB0008488,2026-08-13,Chicago,commercial,COM-A,70,1,,
KH-CLM-008228,KB0008489,2026-08-13,Chicago,commercial,COM-B,270,3,,missing or invalid information
KH-CLM-008229,KB0008490,2026-08-13,Chicago,commercial,COM-C,149,1,,
KH-CLM-008230,KB0008491,2026-08-13,Chicago,Medicaid,MEDICAID-IL,85,1,,prior authorization
KH-CLM-008231,KB0008492,2026-08-13,Chicago,commercial,COM-C,149,1,,
KH-CLM-008232,KB0008493,2026-08-13,Chicago,Medicare,MEDICARE,165,3,,
KH-CLM-008233,KB0008494,2026-08-13,Atlanta,commercial,COM-A,170,2,,
KH-CLM-008234,KB0008495,2026-08-13,Atlanta,commercial,COM-C,299,1,,
KH-CLM-008235,KB0008496,2026-08-13,Atlanta,commercial,COM-A,305,4,,
KH-CLM-008236,KB0008497,2026-08-13,Atlanta,Medicare,MEDICARE,299,1,,
KH-CLM-008237,KB0008498,2026-08-13,Atlanta,commercial,COM-A,349,1,,
KH-CLM-008238,KB0008499,2026-08-13,Atlanta,Medicaid,MEDICAID-GA,149,1,,
KH-CLM-008239,KB0008500,2026-08-13,Atlanta,commercial,COM-B,85,1,,non-covered service
KH-CLM-008240,KB0008501,2026-08-13,Atlanta,commercial,COM-C,245,2,,
KH-CLM-008241,KB0008502,2026-08-13,Atlanta,Medicare,MEDICARE,299,1,,non-covered service
KH-CLM-008242,KB0008503,2026-08-13,Philadelphia,commercial,COM-A,299,1,,duplicate claim
KH-CLM-008243,KB0008504,2026-08-13,Philadelphia,commercial,COM-A,299,1,,
KH-CLM-008244,KB0008505,2026-08-13,Philadelphia,commercial,COM-B,45,1,,medical necessity
KH-CLM-008245,KB0008506,2026-08-13,Philadelphia,commercial,COM-B,115,2,,
KH-CLM-008246,KB0008507,2026-08-13,Philadelphia,commercial,COM-B,190,4,,
KH-CLM-008247,KB0008508,2026-08-13,Philadelphia,commercial,COM-C,299,1,,missing or invalid information
KH-CLM-008248,KB0008509,2026-08-14,Dallas,commercial,COM-B,150,1,,
KH-CLM-008249,KB0008510,2026-08-14,Dallas,commercial,COM-C,150,2,,
KH-CLM-008250,KB0008511,2026-08-14,Dallas,commercial,COM-A,65,1,,
KH-CLM-008251,KB0008512,2026-08-14,Dallas,commercial,COM-A,30,1,,medical necessity
KH-CLM-008252,KB0008513,2026-08-14,Dallas,commercial,COM-A,180,3,,
KH-CLM-008253,KB0008514,2026-08-14,Dallas,commercial,COM-B,85,1,,
KH-CLM-008254,KB0008515,2026-08-14,Dallas,Medicaid,MEDICAID-TX,149,1,,
KH-CLM-008255,KB0008516,2026-08-14,Dallas,commercial,COM-B,115,2,,
KH-CLM-008256,KB0008517,2026-08-14,Dallas,commercial,COM-C,149,1,,
KH-CLM-008257,KB0008518,2026-08-14,Dallas,commercial,COM-B,349,1,,
KH-CLM-008258,KB0008519,2026-08-14,Dallas,Medicaid,MEDICAID-TX,55,1,,
KH-CLM-008259,KB0008520,2026-08-14,Dallas,commercial,COM-B,349,1,,non-covered service
KH-CLM-008260,KB0008521,2026-08-14,Dallas,commercial,COM-C,299,1,,
KH-CLM-008261,KB0008522,2026-08-14,Dallas,commercial,COM-B,150,2,,
KH-CLM-008262,KB0008523,2026-08-14,Dallas,commercial,COM-B,195,3,,
KH-CLM-008263,KB0008524,2026-08-14,Dallas,Medicare,MEDICARE,210,3,,
KH-CLM-008264,KB0008525,2026-08-14,Phoenix,commercial,COM-B,180,2,,missing or invalid information
KH-CLM-008265,KB0008526,2026-08-14,Phoenix,commercial,COM-B,299,1,,
KH-CLM-008266,KB0008527,2026-08-14,Phoenix,Medicaid,MEDICAID-AZ,100,2,,
KH-CLM-008267,KB0008528,2026-08-14,Phoenix,commercial,COM-C,255,3,,
KH-CLM-008268,KB0008529,2026-08-14,Phoenix,commercial,COM-C,155,3,,
KH-CLM-008269,KB0008530,2026-08-14,Phoenix,Medicare,MEDICARE,165,3,,
KH-CLM-008270,KB0008531,2026-08-14,Phoenix,Medicare,MEDICARE,30,1,,
KH-CLM-008271,KB0008532,2026-08-14,Phoenix,commercial,COM-B,200,4,,
KH-CLM-008272,KB0008533,2026-08-14,Phoenix,commercial,COM-C,60,1,,
KH-CLM-008273,KB0008534,2026-08-14,Phoenix,commercial,COM-A,205,2,,
KH-CLM-008274,KB0008535,2026-08-14,Phoenix,commercial,COM-B,145,2,,
KH-CLM-008275,KB0008536,2026-08-14,Phoenix,commercial,COM-A,25,1,,
KH-CLM-008276,KB0008537,2026-08-14,Phoenix,Medicare,MEDICARE,55,1,,
KH-CLM-008277,KB0008538,2026-08-14,Phoenix,self-pay,SELF,149,1,,
KH-CLM-008278,KB0008539,2026-08-14,Phoenix,commercial,COM-C,60,1,,
KH-CLM-008279,KB0008540,2026-08-14,Phoenix,Medicaid,MEDICAID-AZ,25,1,,
KH-CLM-008280,KB0008541,2026-08-14,New York,self-pay,SELF,149,1,,
KH-CLM-008281,KB0008542,2026-08-14,New York,self-pay,SELF,180,3,,
KH-CLM-008282,KB0008543,2026-08-14,New York,Medicaid,MEDICAID-NY,245,4,,missing or invalid information
KH-CLM-008283,KB0008544,2026-08-14,New York,commercial,COM-A,90,2,,
KH-CLM-008284,KB0008546,2026-08-14,New York,commercial,COM-A,299,1,,
KH-CLM-008285,KB0008547,2026-08-14,New York,Medicare,MEDICARE,299,1,,
KH-CLM-008286,KB0008548,2026-08-14,New York,Medicaid,MEDICAID-NY,60,1,,
KH-CLM-008287,KB0008549,2026-08-14,New York,commercial,COM-A,149,1,,timely filing
KH-CLM-008288,KB0008550,2026-08-14,New York,Medicare,MEDICARE,150,3,,
KH-CLM-008289,KB0008551,2026-08-14,New York,Medicare,MEDICARE,299,1,,
KH-CLM-008290,KB0008552,2026-08-14,New York,Medicare,MEDICARE,319,2,,
KH-CLM-008291,KB0008553,2026-08-14,Chicago,commercial,COM-A,160,3,,
KH-CLM-008292,KB0008554,2026-08-14,Chicago,commercial,COM-B,310,4,,
KH-CLM-008293,KB0008555,2026-08-14,Chicago,self-pay,SELF,85,1,,
KH-CLM-008294,KB0008556,2026-08-14,Chicago,Medicare,MEDICARE,210,2,,
KH-CLM-008295,KB0008557,2026-08-14,Chicago,commercial,COM-A,30,1,,
KH-CLM-008296,KB0008558,2026-08-14,Chicago,commercial,COM-B,30,1,,
KH-CLM-008297,KB0008559,2026-08-14,Chicago,Medicare,MEDICARE,25,1,,
KH-CLM-008298,KB0008560,2026-08-14,Chicago,commercial,COM-C,30,1,,
KH-CLM-008299,KB0008561,2026-08-14,Chicago,Medicare,MEDICARE,240,4,,
KH-CLM-008300,KB0008562,2026-08-14,Atlanta,commercial,COM-A,160,3,,prior authorization
KH-CLM-008301,KB0008563,2026-08-14,Atlanta,Medicaid,MEDICAID-GA,75,2,,
KH-CLM-008302,KB0008564,2026-08-14,Atlanta,Medicare,MEDICARE,349,1,,
KH-CLM-008303,KB0008565,2026-08-14,Atlanta,commercial,COM-B,125,2,,missing or invalid information
KH-CLM-008304,KB0008566,2026-08-14,Atlanta,commercial,COM-B,70,2,,
KH-CLM-008305,KB0008567,2026-08-14,Atlanta,self-pay,SELF,30,1,,
KH-CLM-008306,KB0008568,2026-08-14,Atlanta,self-pay,SELF,150,2,,
KH-CLM-008307,KB0008569,2026-08-14,Atlanta,commercial,COM-C,95,1,,
KH-CLM-008308,KB0008570,2026-08-14,Atlanta,Medicare,MEDICARE,149,1,,
KH-CLM-008309,KB0008571,2026-08-14,Atlanta,commercial,COM-A,299,1,,
KH-CLM-008310,KB0008572,2026-08-14,Philadelphia,Medicaid,MEDICAID-PA,125,2,,
KH-CLM-008311,KB0008573,2026-08-14,Philadelphia,Medicare,MEDICARE,115,2,,
KH-CLM-008312,KB0008574,2026-08-14,Philadelphia,commercial,COM-C,75,1,,
KH-CLM-008313,KB0008575,2026-08-14,Philadelphia,commercial,COM-A,30,1,,
KH-CLM-008314,KB0008576,2026-08-15,Dallas,Medicare,MEDICARE,210,4,,
KH-CLM-008315,KB0008577,2026-08-15,Dallas,Medicare,MEDICARE,95,1,,
KH-CLM-008316,KB0008578,2026-08-15,Dallas,Medicaid,MEDICAID-TX,195,2,,
KH-CLM-008317,KB0008579,2026-08-15,Dallas,self-pay,SELF,95,1,,
KH-CLM-008318,KB0008580,2026-08-15,Dallas,commercial,COM-B,150,1,,
KH-CLM-008319,KB0008581,2026-08-15,Dallas,Medicare,MEDICARE,349,1,,
KH-CLM-008320,KB0008582,2026-08-15,Dallas,Medicare,MEDICARE,115,2,,
KH-CLM-008321,KB0008583,2026-08-15,Dallas,Medicare,MEDICARE,169,2,,
KH-CLM-008322,KB0008584,2026-08-15,Dallas,commercial,COM-C,150,1,,
KH-CLM-008323,KB0008585,2026-08-15,Dallas,commercial,COM-B,75,1,,
KH-CLM-008324,KB0008586,2026-08-15,Dallas,commercial,COM-B,130,2,,
KH-CLM-008325,KB0008587,2026-08-15,Dallas,commercial,COM-A,325,4,,
KH-CLM-008326,KB0008588,2026-08-15,Dallas,commercial,COM-C,220,2,,
KH-CLM-008327,KB0008589,2026-08-15,Dallas,commercial,COM-A,299,1,,
KH-CLM-008328,KB0008591,2026-08-15,Dallas,commercial,COM-C,149,1,,
KH-CLM-008329,KB0008592,2026-08-15,Dallas,commercial,COM-A,299,1,,missing or invalid information
KH-CLM-008330,KB0008593,2026-08-15,Dallas,commercial,COM-A,299,1,,
KH-CLM-008331,KB0008594,2026-08-15,Dallas,self-pay,SELF,145,3,,
KH-CLM-008332,KB0008595,2026-08-15,Phoenix,commercial,COM-C,200,3,,
KH-CLM-008333,KB0008596,2026-08-15,Phoenix,commercial,COM-B,255,4,,
KH-CLM-008334,KB0008597,2026-08-15,Phoenix,Medicaid,MEDICAID-AZ,215,2,,
KH-CLM-008335,KB0008598,2026-08-15,Phoenix,commercial,COM-C,125,2,,
KH-CLM-008336,KB0008599,2026-08-15,Phoenix,commercial,COM-B,299,1,,
KH-CLM-008337,KB0008600,2026-08-15,Phoenix,Medicare,MEDICARE,149,1,,
KH-CLM-008338,KB0008601,2026-08-15,Phoenix,commercial,COM-C,349,1,,
KH-CLM-008339,KB0008602,2026-08-15,Phoenix,commercial,COM-B,299,1,,
KH-CLM-008340,KB0008603,2026-08-15,Phoenix,Medicare,MEDICARE,220,4,,
KH-CLM-008341,KB0008604,2026-08-15,Phoenix,commercial,COM-B,299,1,,
KH-CLM-008342,KB0008605,2026-08-15,Phoenix,commercial,COM-B,85,2,,
KH-CLM-008343,KB0008606,2026-08-15,Phoenix,Medicare,MEDICARE,30,1,,
KH-CLM-008344,KB0008607,2026-08-15,Phoenix,commercial,COM-C,125,2,,
KH-CLM-008345,KB0008608,2026-08-15,Phoenix,self-pay,SELF,299,1,,
KH-CLM-008346,KB0008609,2026-08-15,Phoenix,self-pay,SELF,175,2,,
KH-CLM-008347,KB0008610,2026-08-15,Phoenix,commercial,COM-A,135,3,,
KH-CLM-008348,KB0008611,2026-08-15,Phoenix,commercial,COM-A,220,4,,
KH-CLM-008349,KB0008612,2026-08-15,Phoenix,commercial,COM-A,75,2,,
KH-CLM-008350,KB0008613,2026-08-15,Phoenix,Medicare,MEDICARE,225,3,,
KH-CLM-008351,KB0008614,2026-08-15,New York,Medicare,MEDICARE,169,2,,
KH-CLM-008352,KB0008615,2026-08-15,New York,commercial,COM-B,105,2,,
KH-CLM-008353,KB0008616,2026-08-15,New York,commercial,COM-C,45,1,,
KH-CLM-008354,KB0008617,2026-08-15,New York,Medicaid,MEDICAID-NY,70,1,,
KH-CLM-008355,KB0008618,2026-08-15,New York,commercial,COM-C,255,3,,
KH-CLM-008356,KB0008619,2026-08-15,New York,commercial,COM-B,120,2,,
KH-CLM-008357,KB0008620,2026-08-15,New York,Medicare,MEDICARE,330,4,,
KH-CLM-008358,KB0008621,2026-08-15,New York,commercial,COM-A,150,1,,
KH-CLM-008359,KB0008622,2026-08-15,New York,Medicaid,MEDICAID-NY,180,2,,
KH-CLM-008360,KB0008623,2026-08-15,New York,self-pay,SELF,349,1,,
KH-CLM-008361,KB0008624,2026-08-15,New York,commercial,COM-A,70,1,,
KH-CLM-008362,KB0008625,2026-08-15,Chicago,Medicare,MEDICARE,105,2,,
KH-CLM-008363,KB0008626,2026-08-15,Chicago,commercial,COM-B,299,1,,
KH-CLM-008364,KB0008628,2026-08-15,Chicago,commercial,COM-A,299,1,,
KH-CLM-008365,KB0008629,2026-08-15,Chicago,commercial,COM-B,149,1,,non-covered service
KH-CLM-008366,KB0008630,2026-08-15,Chicago,commercial,COM-C,235,2,,
KH-CLM-008367,KB0008631,2026-08-15,Chicago,commercial,COM-A,60,1,,
KH-CLM-008368,KB0008632,2026-08-15,Chicago,commercial,COM-B,60,1,,
KH-CLM-008369,KB0008633,2026-08-15,Atlanta,Medicare,MEDICARE,290,3,,
KH-CLM-008370,KB0008634,2026-08-15,Atlanta,commercial,COM-C,55,1,,
KH-CLM-008371,KB0008635,2026-08-15,Atlanta,commercial,COM-A,55,1,,
KH-CLM-008372,KB0008637,2026-08-15,Atlanta,Medicare,MEDICARE,299,1,,
KH-CLM-008373,KB0008638,2026-08-15,Atlanta,commercial,COM-C,315,3,,
KH-CLM-008374,KB0008639,2026-08-15,Atlanta,commercial,COM-A,185,4,,
KH-CLM-008375,KB0008640,2026-08-15,Atlanta,Medicare,MEDICARE,349,1,,
KH-CLM-008376,KB0008641,2026-08-15,Atlanta,Medicare,MEDICARE,75,2,,
KH-CLM-008377,KB0008642,2026-08-15,Atlanta,Medicare,MEDICARE,169,2,,
KH-CLM-008378,KB0008643,2026-08-15,Atlanta,commercial,COM-B,155,3,,
KH-CLM-008379,KB0008644,2026-08-15,Atlanta,commercial,COM-B,95,1,,
KH-CLM-008380,KB0008645,2026-08-15,Philadelphia,self-pay,SELF,95,2,,
KH-CLM-008381,KB0008646,2026-08-15,Philadelphia,Medicare,MEDICARE,195,2,,
KH-CLM-008382,KB0008647,2026-08-15,Philadelphia,commercial,COM-C,120,2,,
KH-CLM-008383,KB0008648,2026-08-15,Philadelphia,Medicaid,MEDICAID-PA,70,1,,
KH-CLM-008384,KB0008649,2026-08-15,Philadelphia,self-pay,SELF,300,3,,
KH-CLM-008385,KB0008650,2026-08-16,Dallas,Medicare,MEDICARE,145,3,,
KH-CLM-008386,KB0008651,2026-08-16,Dallas,Medicare,MEDICARE,45,1,,
KH-CLM-008387,KB0008652,2026-08-16,Dallas,Medicaid,MEDICAID-TX,285,3,,
KH-CLM-008388,KB0008653,2026-08-16,Dallas,self-pay,SELF,319,2,,
KH-CLM-008389,KB0008654,2026-08-16,Dallas,commercial,COM-A,299,1,,
KH-CLM-008390,KB0008655,2026-08-16,Dallas,Medicare,MEDICARE,130,2,,
KH-CLM-008391,KB0008656,2026-08-16,Dallas,Medicare,MEDICARE,155,3,,
KH-CLM-008392,KB0008657,2026-08-16,Dallas,commercial,COM-A,299,1,,
KH-CLM-008393,KB0008658,2026-08-16,Dallas,Medicaid,MEDICAID-TX,65,1,,
KH-CLM-008394,KB0008659,2026-08-16,Dallas,Medicare,MEDICARE,299,1,,
KH-CLM-008395,KB0008660,2026-08-16,Phoenix,self-pay,SELF,195,4,,
KH-CLM-008396,KB0008661,2026-08-16,Phoenix,commercial,COM-A,285,4,,
KH-CLM-008397,KB0008662,2026-08-16,Phoenix,commercial,COM-A,70,1,,
KH-CLM-008398,KB0008663,2026-08-16,Phoenix,Medicare,MEDICARE,80,2,,
KH-CLM-008399,KB0008664,2026-08-16,Phoenix,commercial,COM-A,45,1,,
KH-CLM-008400,KB0008665,2026-08-16,Phoenix,Medicaid,MEDICAID-AZ,149,1,,timely filing
KH-CLM-008401,KB0008666,2026-08-16,Phoenix,commercial,COM-A,165,3,,
KH-CLM-008402,KB0008667,2026-08-16,Phoenix,Medicaid,MEDICAID-AZ,65,1,,
KH-CLM-008403,KB0008668,2026-08-16,New York,Medicare,MEDICARE,205,3,,
KH-CLM-008404,KB0008669,2026-08-16,New York,commercial,COM-B,330,3,,
KH-CLM-008405,KB0008670,2026-08-16,New York,Medicaid,MEDICAID-NY,70,1,,
KH-CLM-008406,KB0008671,2026-08-16,New York,commercial,COM-A,140,2,,
KH-CLM-008407,KB0008672,2026-08-16,New York,commercial,COM-A,80,2,,missing or invalid information
KH-CLM-008408,KB0008673,2026-08-16,New York,commercial,COM-C,80,2,,
KH-CLM-008409,KB0008674,2026-08-16,New York,commercial,COM-A,30,1,,
KH-CLM-008410,KB0008675,2026-08-16,New York,commercial,COM-B,315,4,,
KH-CLM-008411,KB0008676,2026-08-16,New York,commercial,COM-B,90,2,,
KH-CLM-008412,KB0008677,2026-08-16,Chicago,commercial,COM-A,149,1,,
KH-CLM-008413,KB0008678,2026-08-16,Chicago,commercial,COM-C,299,1,,
KH-CLM-008414,KB0008679,2026-08-16,Chicago,commercial,COM-B,299,1,,
KH-CLM-008415,KB0008681,2026-08-16,Chicago,Medicare,MEDICARE,155,2,,
KH-CLM-008416,KB0008682,2026-08-16,Atlanta,commercial,COM-B,200,3,,
KH-CLM-008417,KB0008683,2026-08-16,Atlanta,commercial,COM-B,95,1,,
KH-CLM-008418,KB0008684,2026-08-16,Atlanta,Medicare,MEDICARE,210,5,,
KH-CLM-008419,KB0008685,2026-08-16,Atlanta,commercial,COM-B,85,1,,
KH-CLM-008420,KB0008686,2026-08-16,Atlanta,commercial,COM-C,299,1,,
KH-CLM-008421,KB0008687,2026-08-16,Atlanta,Medicare,MEDICARE,299,1,,
KH-CLM-008422,KB0008688,2026-08-16,Atlanta,commercial,COM-B,120,3,,
KH-CLM-008423,KB0008689,2026-08-16,Atlanta,Medicaid,MEDICAID-GA,60,2,,missing or invalid information
KH-CLM-008424,KB0008690,2026-08-16,Atlanta,commercial,COM-B,299,1,,eligibility or coverage
KH-CLM-008425,KB0008691,2026-08-16,Atlanta,commercial,COM-B,299,1,,
KH-CLM-008426,KB0008692,2026-08-16,Philadelphia,Medicaid,MEDICAID-PA,300,4,,
KH-CLM-008427,KB0008693,2026-08-16,Philadelphia,commercial,COM-A,95,1,,
KH-CLM-008428,KB0008694,2026-08-16,Philadelphia,commercial,COM-B,125,2,,
KH-CLM-008429,KB0008695,2026-08-16,Philadelphia,Medicaid,MEDICAID-PA,349,1,,
KH-CLM-008430,KB0008696,2026-08-16,Philadelphia,Medicare,MEDICARE,160,2,,
KH-CLM-008431,KB0008697,2026-08-16,Philadelphia,commercial,COM-C,149,1,,
KH-CLM-008432,KB0008698,2026-08-17,Dallas,commercial,COM-B,90,2,,
KH-CLM-008433,KB0008699,2026-08-17,Dallas,commercial,COM-A,149,1,,
KH-CLM-008434,KB0008700,2026-08-17,Dallas,Medicare,MEDICARE,149,1,,
KH-CLM-008435,KB0008701,2026-08-17,Dallas,Medicaid,MEDICAID-TX,140,2,,
KH-CLM-008436,KB0008702,2026-08-17,Dallas,Medicaid,MEDICAID-TX,95,2,,
KH-CLM-008437,KB0008703,2026-08-17,Dallas,Medicare,MEDICARE,235,3,,eligibility or coverage
KH-CLM-008438,KB0008704,2026-08-17,Dallas,commercial,COM-B,90,2,,
KH-CLM-008439,KB0008705,2026-08-17,Dallas,commercial,COM-C,140,2,,
KH-CLM-008440,KB0008706,2026-08-17,Dallas,commercial,COM-C,299,1,,
KH-CLM-008441,KB0008707,2026-08-17,Dallas,commercial,COM-C,65,1,,
KH-CLM-008442,KB0008708,2026-08-17,Dallas,commercial,COM-B,149,1,,
KH-CLM-008443,KB0008709,2026-08-17,Dallas,commercial,COM-B,85,1,,
KH-CLM-008444,KB0008710,2026-08-17,Dallas,self-pay,SELF,95,2,,
KH-CLM-008445,KB0008711,2026-08-17,Dallas,commercial,COM-A,90,2,,
KH-CLM-008446,KB0008712,2026-08-17,Dallas,commercial,COM-C,349,1,,duplicate claim
KH-CLM-008447,KB0008713,2026-08-17,Phoenix,Medicaid,MEDICAID-AZ,369,2,,eligibility or coverage
KH-CLM-008448,KB0008714,2026-08-17,Phoenix,Medicare,MEDICARE,170,2,,
KH-CLM-008449,KB0008715,2026-08-17,Phoenix,commercial,COM-B,125,2,,
KH-CLM-008450,KB0008716,2026-08-17,Phoenix,commercial,COM-C,235,3,,
KH-CLM-008451,KB0008717,2026-08-17,Phoenix,commercial,COM-A,295,4,,
KH-CLM-008452,KB0008718,2026-08-17,Phoenix,commercial,COM-A,30,1,,
KH-CLM-008453,KB0008719,2026-08-17,Phoenix,Medicaid,MEDICAID-AZ,105,2,,
KH-CLM-008454,KB0008720,2026-08-17,Phoenix,Medicare,MEDICARE,125,2,,
KH-CLM-008455,KB0008721,2026-08-17,Phoenix,Medicaid,MEDICAID-AZ,85,2,,
KH-CLM-008456,KB0008722,2026-08-17,Phoenix,commercial,COM-C,299,1,,
KH-CLM-008457,KB0008723,2026-08-17,Phoenix,commercial,COM-B,299,1,,missing or invalid information
KH-CLM-008458,KB0008724,2026-08-17,Phoenix,Medicare,MEDICARE,255,4,,
KH-CLM-008459,KB0008725,2026-08-17,Phoenix,commercial,COM-C,299,1,,
KH-CLM-008460,KB0008726,2026-08-17,Phoenix,commercial,COM-A,150,1,,
KH-CLM-008461,KB0008727,2026-08-17,New York,Medicare,MEDICARE,149,1,,
KH-CLM-008462,KB0008728,2026-08-17,New York,self-pay,SELF,295,4,,
KH-CLM-008463,KB0008729,2026-08-17,New York,Medicare,MEDICARE,149,1,,
KH-CLM-008464,KB0008731,2026-08-17,New York,commercial,COM-A,240,4,,
KH-CLM-008465,KB0008732,2026-08-17,New York,commercial,COM-C,349,1,,
KH-CLM-008466,KB0008733,2026-08-17,New York,Medicare,MEDICARE,85,1,,
KH-CLM-008467,KB0008734,2026-08-17,New York,Medicare,MEDICARE,85,2,,
KH-CLM-008468,KB0008735,2026-08-17,New York,commercial,COM-A,299,1,,
KH-CLM-008469,KB0008737,2026-08-17,New York,Medicare,MEDICARE,55,1,,missing or invalid information
KH-CLM-008470,KB0008738,2026-08-17,New York,self-pay,SELF,200,3,,
KH-CLM-008471,KB0008739,2026-08-17,New York,commercial,COM-A,299,1,,
KH-CLM-008472,KB0008740,2026-08-17,New York,Medicare,MEDICARE,140,3,,
KH-CLM-008473,KB0008741,2026-08-17,Chicago,Medicare,MEDICARE,299,1,,
KH-CLM-008474,KB0008742,2026-08-17,Chicago,commercial,COM-A,65,1,,
KH-CLM-008475,KB0008743,2026-08-17,Chicago,commercial,COM-B,55,1,,
KH-CLM-008476,KB0008744,2026-08-17,Chicago,commercial,COM-A,55,2,,
KH-CLM-008477,KB0008745,2026-08-17,Chicago,commercial,COM-B,299,1,,non-covered service
KH-CLM-008478,KB0008746,2026-08-17,Chicago,Medicare,MEDICARE,220,3,,
KH-CLM-008479,KB0008747,2026-08-17,Chicago,Medicare,MEDICARE,299,1,,
KH-CLM-008480,KB0008748,2026-08-17,Chicago,commercial,COM-B,165,2,,
KH-CLM-008481,KB0008749,2026-08-17,Atlanta,commercial,COM-C,240,4,,eligibility or coverage
KH-CLM-008482,KB0008750,2026-08-17,Atlanta,commercial,COM-A,149,1,,
KH-CLM-008483,KB0008751,2026-08-17,Atlanta,Medicare,MEDICARE,85,1,,
KH-CLM-008484,KB0008752,2026-08-17,Atlanta,commercial,COM-A,299,1,,
KH-CLM-008485,KB0008753,2026-08-17,Atlanta,commercial,COM-A,165,4,,
KH-CLM-008486,KB0008754,2026-08-17,Atlanta,commercial,COM-B,299,1,,
KH-CLM-008487,KB0008755,2026-08-17,Atlanta,commercial,COM-C,95,2,,
KH-CLM-008488,KB0008756,2026-08-17,Atlanta,commercial,COM-C,70,1,,
KH-CLM-008489,KB0008758,2026-08-17,Atlanta,commercial,COM-C,149,1,,
KH-CLM-008490,KB0008759,2026-08-17,Atlanta,commercial,COM-A,299,1,,
KH-CLM-008491,KB0008760,2026-08-17,Philadelphia,commercial,COM-A,25,1,,
KH-CLM-008492,KB0008761,2026-08-17,Philadelphia,commercial,COM-A,150,1,,
KH-CLM-008493,KB0008762,2026-08-17,Philadelphia,Medicare,MEDICARE,260,4,,
KH-CLM-008494,KB0008763,2026-08-17,Philadelphia,commercial,COM-A,299,1,,
KH-CLM-008495,KB0008764,2026-08-17,Philadelphia,commercial,COM-B,135,2,,
KH-CLM-008496,KB0008765,2026-08-17,Philadelphia,Medicaid,MEDICAID-PA,55,2,,
KH-CLM-008497,KB0008766,2026-08-17,Philadelphia,commercial,COM-C,149,1,,medical necessity
KH-CLM-008498,KB0008767,2026-08-17,Philadelphia,Medicare,MEDICARE,349,1,,medical necessity
KH-CLM-008499,KB0008768,2026-08-18,Dallas,Medicare,MEDICARE,30,1,,
KH-CLM-008500,KB0008769,2026-08-18,Dallas,commercial,COM-C,349,1,,
KH-CLM-008501,KB0008770,2026-08-18,Dallas,commercial,COM-A,299,1,,
KH-CLM-008502,KB0008771,2026-08-18,Dallas,commercial,COM-A,70,1,,
KH-CLM-008503,KB0008773,2026-08-18,Dallas,commercial,COM-C,265,3,,
KH-CLM-008504,KB0008775,2026-08-18,Dallas,commercial,COM-A,349,1,,
KH-CLM-008505,KB0008776,2026-08-18,Dallas,commercial,COM-B,325,5,,
KH-CLM-008506,KB0008777,2026-08-18,Dallas,self-pay,SELF,369,2,,
KH-CLM-008507,KB0008778,2026-08-18,Dallas,commercial,COM-B,155,2,,
KH-CLM-008508,KB0008779,2026-08-18,Dallas,commercial,COM-B,85,2,,
KH-CLM-008509,KB0008780,2026-08-18,Dallas,commercial,COM-C,205,4,,
KH-CLM-008510,KB0008781,2026-08-18,Dallas,self-pay,SELF,85,1,,
KH-CLM-008511,KB0008782,2026-08-18,Dallas,Medicare,MEDICARE,245,4,,
KH-CLM-008512,KB0008783,2026-08-18,Phoenix,commercial,COM-A,205,2,,
KH-CLM-008513,KB0008784,2026-08-18,Phoenix,commercial,COM-A,235,4,,
KH-CLM-008514,KB0008785,2026-08-18,Phoenix,Medicare,MEDICARE,325,4,,
KH-CLM-008515,KB0008786,2026-08-18,Phoenix,commercial,COM-B,130,3,,
KH-CLM-008516,KB0008787,2026-08-18,Phoenix,commercial,COM-C,290,3,,
KH-CLM-008517,KB0008788,2026-08-18,Phoenix,Medicaid,MEDICAID-AZ,205,5,,
KH-CLM-008518,KB0008789,2026-08-18,Phoenix,Medicaid,MEDICAID-AZ,60,1,,
KH-CLM-008519,KB0008790,2026-08-18,Phoenix,commercial,COM-C,180,3,,
KH-CLM-008520,KB0008791,2026-08-18,Phoenix,commercial,COM-A,295,4,,
KH-CLM-008521,KB0008792,2026-08-18,Phoenix,Medicare,MEDICARE,45,1,,
KH-CLM-008522,KB0008793,2026-08-18,Phoenix,commercial,COM-B,65,1,,
KH-CLM-008523,KB0008794,2026-08-18,Phoenix,commercial,COM-A,200,3,,
KH-CLM-008524,KB0008795,2026-08-18,New York,Medicare,MEDICARE,299,1,,
KH-CLM-008525,KB0008796,2026-08-18,New York,Medicare,MEDICARE,125,2,,
KH-CLM-008526,KB0008797,2026-08-18,New York,commercial,COM-B,125,3,,
KH-CLM-008527,KB0008798,2026-08-18,New York,commercial,COM-C,75,2,,
KH-CLM-008528,KB0008799,2026-08-18,New York,commercial,COM-C,299,1,,
KH-CLM-008529,KB0008800,2026-08-18,New York,self-pay,SELF,150,1,,
KH-CLM-008530,KB0008801,2026-08-18,New York,commercial,COM-A,25,1,,
KH-CLM-008531,KB0008802,2026-08-18,New York,commercial,COM-B,60,2,,
KH-CLM-008532,KB0008803,2026-08-18,New York,Medicaid,MEDICAID-NY,55,1,,
KH-CLM-008533,KB0008804,2026-08-18,New York,commercial,COM-A,100,3,,
KH-CLM-008534,KB0008805,2026-08-18,New York,Medicare,MEDICARE,299,1,,
KH-CLM-008535,KB0008806,2026-08-18,New York,commercial,COM-B,280,3,,
KH-CLM-008536,KB0008807,2026-08-18,Chicago,commercial,COM-A,315,3,,
KH-CLM-008537,KB0008808,2026-08-18,Chicago,commercial,COM-B,160,3,,
KH-CLM-008538,KB0008809,2026-08-18,Chicago,self-pay,SELF,210,2,,
KH-CLM-008539,KB0008810,2026-08-18,Chicago,commercial,COM-B,140,3,,
KH-CLM-008540,KB0008811,2026-08-18,Chicago,commercial,COM-A,170,2,,medical necessity
KH-CLM-008541,KB0008812,2026-08-18,Chicago,self-pay,SELF,95,1,,
KH-CLM-008542,KB0008813,2026-08-18,Chicago,commercial,COM-B,200,3,,
KH-CLM-008543,KB0008814,2026-08-18,Chicago,Medicaid,MEDICAID-IL,300,4,,
KH-CLM-008544,KB0008815,2026-08-18,Atlanta,Medicare,MEDICARE,60,1,,
KH-CLM-008545,KB0008816,2026-08-18,Atlanta,self-pay,SELF,125,3,,
KH-CLM-008546,KB0008817,2026-08-18,Atlanta,Medicaid,MEDICAID-GA,160,2,,
KH-CLM-008547,KB0008818,2026-08-18,Atlanta,Medicaid,MEDICAID-GA,130,2,,
KH-CLM-008548,KB0008819,2026-08-18,Atlanta,Medicaid,MEDICAID-GA,55,2,,
KH-CLM-008549,KB0008820,2026-08-18,Atlanta,commercial,COM-A,149,1,,non-covered service
KH-CLM-008550,KB0008821,2026-08-18,Atlanta,commercial,COM-B,320,4,,
KH-CLM-008551,KB0008822,2026-08-18,Atlanta,Medicare,MEDICARE,115,3,,
KH-CLM-008552,KB0008823,2026-08-18,Atlanta,commercial,COM-C,75,1,,
KH-CLM-008553,KB0008825,2026-08-18,Atlanta,Medicaid,MEDICAID-GA,240,4,,
KH-CLM-008554,KB0008826,2026-08-18,Atlanta,Medicare,MEDICARE,299,1,,
KH-CLM-008555,KB0008827,2026-08-18,Atlanta,commercial,COM-A,30,1,,duplicate claim
KH-CLM-008556,KB0008828,2026-08-18,Atlanta,Medicare,MEDICARE,85,2,,
KH-CLM-008557,KB0008829,2026-08-18,Philadelphia,Medicare,MEDICARE,155,2,,non-covered service
KH-CLM-008558,KB0008830,2026-08-18,Philadelphia,Medicare,MEDICARE,369,2,,
KH-CLM-008559,KB0008831,2026-08-18,Philadelphia,Medicare,MEDICARE,65,1,,
KH-CLM-008560,KB0008832,2026-08-18,Philadelphia,Medicaid,MEDICAID-PA,95,1,,
KH-CLM-008561,KB0008833,2026-08-18,Philadelphia,commercial,COM-B,225,2,,
KH-CLM-008562,KB0008834,2026-08-18,Philadelphia,commercial,COM-A,299,1,,
KH-CLM-008563,KB0008836,2026-08-18,Philadelphia,Medicare,MEDICARE,60,1,,
KH-CLM-008564,KB0008837,2026-08-19,Dallas,commercial,COM-C,275,4,,missing or invalid information
KH-CLM-008565,KB0008838,2026-08-19,Dallas,commercial,COM-C,265,4,,
KH-CLM-008566,KB0008839,2026-08-19,Dallas,Medicare,MEDICARE,265,3,,
KH-CLM-008567,KB0008840,2026-08-19,Dallas,Medicaid,MEDICAID-TX,299,1,,eligibility or coverage
KH-CLM-008568,KB0008841,2026-08-19,Dallas,Medicare,MEDICARE,50,2,,
KH-CLM-008569,KB0008842,2026-08-19,Dallas,Medicare,MEDICARE,155,3,,
KH-CLM-008570,KB0008843,2026-08-19,Dallas,self-pay,SELF,265,3,,
KH-CLM-008571,KB0008844,2026-08-19,Dallas,commercial,COM-A,75,1,,
KH-CLM-008572,KB0008845,2026-08-19,Dallas,commercial,COM-C,299,1,,
KH-CLM-008573,KB0008846,2026-08-19,Dallas,Medicare,MEDICARE,149,1,,
KH-CLM-008574,KB0008847,2026-08-19,Dallas,Medicare,MEDICARE,145,2,,eligibility or coverage
KH-CLM-008575,KB0008848,2026-08-19,Dallas,commercial,COM-C,255,4,,
KH-CLM-008576,KB0008849,2026-08-19,Dallas,commercial,COM-C,135,2,,
KH-CLM-008577,KB0008850,2026-08-19,Dallas,Medicare,MEDICARE,190,3,,medical necessity
KH-CLM-008578,KB0008851,2026-08-19,Dallas,commercial,COM-A,75,1,,
KH-CLM-008579,KB0008852,2026-08-19,Dallas,self-pay,SELF,95,2,,
KH-CLM-008580,KB0008853,2026-08-19,Phoenix,Medicare,MEDICARE,170,4,,
KH-CLM-008581,KB0008855,2026-08-19,Phoenix,commercial,COM-B,125,2,,
KH-CLM-008582,KB0008856,2026-08-19,Phoenix,Medicaid,MEDICAID-AZ,149,1,,
KH-CLM-008583,KB0008857,2026-08-19,Phoenix,commercial,COM-C,95,1,,
KH-CLM-008584,KB0008858,2026-08-19,Phoenix,Medicare,MEDICARE,260,3,,
KH-CLM-008585,KB0008859,2026-08-19,Phoenix,commercial,COM-B,100,2,,
KH-CLM-008586,KB0008860,2026-08-19,Phoenix,commercial,COM-B,319,2,,eligibility or coverage
KH-CLM-008587,KB0008861,2026-08-19,Phoenix,Medicaid,MEDICAID-AZ,25,1,,
KH-CLM-008588,KB0008862,2026-08-19,Phoenix,commercial,COM-B,240,4,,
KH-CLM-008589,KB0008863,2026-08-19,Phoenix,commercial,COM-C,299,1,,non-covered service
KH-CLM-008590,KB0008864,2026-08-19,Phoenix,commercial,COM-C,85,1,,
KH-CLM-008591,KB0008865,2026-08-19,Phoenix,commercial,COM-B,200,3,,
KH-CLM-008592,KB0008866,2026-08-19,Phoenix,self-pay,SELF,145,3,,
KH-CLM-008593,KB0008867,2026-08-19,Phoenix,commercial,COM-A,299,1,,
KH-CLM-008594,KB0008868,2026-08-19,Phoenix,Medicaid,MEDICAID-AZ,299,1,,
KH-CLM-008595,KB0008869,2026-08-19,Phoenix,Medicare,MEDICARE,299,1,,
KH-CLM-008596,KB0008870,2026-08-19,Phoenix,commercial,COM-A,30,1,,
KH-CLM-008597,KB0008871,2026-08-19,New York,commercial,COM-A,125,2,,
KH-CLM-008598,KB0008872,2026-08-19,New York,commercial,COM-C,299,1,,
KH-CLM-008599,KB0008873,2026-08-19,New York,Medicare,MEDICARE,220,4,,
KH-CLM-008600,KB0008874,2026-08-19,New York,commercial,COM-A,75,2,,
KH-CLM-008601,KB0008875,2026-08-19,New York,commercial,COM-A,215,2,,
KH-CLM-008602,KB0008876,2026-08-19,New York,self-pay,SELF,225,4,,
KH-CLM-008603,KB0008877,2026-08-19,New York,Medicare,MEDICARE,100,2,,
KH-CLM-008604,KB0008878,2026-08-19,New York,Medicare,MEDICARE,70,1,,
KH-CLM-008605,KB0008879,2026-08-19,New York,commercial,COM-B,60,1,,
KH-CLM-008606,KB0008880,2026-08-19,New York,self-pay,SELF,140,2,,
KH-CLM-008607,KB0008881,2026-08-19,New York,commercial,COM-C,65,1,,
KH-CLM-008608,KB0008882,2026-08-19,New York,commercial,COM-C,125,3,,
KH-CLM-008609,KB0008883,2026-08-19,Chicago,commercial,COM-B,275,3,,
KH-CLM-008610,KB0008884,2026-08-19,Chicago,Medicare,MEDICARE,30,1,,
KH-CLM-008611,KB0008885,2026-08-19,Chicago,self-pay,SELF,60,1,,
KH-CLM-008612,KB0008886,2026-08-19,Chicago,commercial,COM-C,149,1,,
KH-CLM-008613,KB0008887,2026-08-19,Chicago,commercial,COM-B,100,2,,
KH-CLM-008614,KB0008889,2026-08-19,Chicago,Medicare,MEDICARE,110,2,,
KH-CLM-008615,KB0008890,2026-08-19,Atlanta,Medicare,MEDICARE,90,2,,
KH-CLM-008616,KB0008891,2026-08-19,Atlanta,Medicaid,MEDICAID-GA,90,2,,
KH-CLM-008617,KB0008892,2026-08-19,Atlanta,Medicaid,MEDICAID-GA,195,3,,
KH-CLM-008618,KB0008893,2026-08-19,Atlanta,Medicare,MEDICARE,25,1,,missing or invalid information
KH-CLM-008619,KB0008894,2026-08-19,Atlanta,commercial,COM-A,95,2,,
KH-CLM-008620,KB0008895,2026-08-19,Atlanta,Medicaid,MEDICAID-GA,155,2,,
KH-CLM-008621,KB0008896,2026-08-19,Atlanta,Medicare,MEDICARE,95,3,,
KH-CLM-008622,KB0008897,2026-08-19,Atlanta,commercial,COM-A,349,1,,
KH-CLM-008623,KB0008898,2026-08-19,Atlanta,Medicare,MEDICARE,150,2,,
KH-CLM-008624,KB0008899,2026-08-19,Atlanta,commercial,COM-B,149,1,,
KH-CLM-008625,KB0008900,2026-08-19,Philadelphia,commercial,COM-B,235,2,,
KH-CLM-008626,KB0008901,2026-08-19,Philadelphia,Medicaid,MEDICAID-PA,55,1,,
KH-CLM-008627,KB0008902,2026-08-19,Philadelphia,Medicaid,MEDICAID-PA,185,4,,
KH-CLM-008628,KB0008903,2026-08-19,Philadelphia,commercial,COM-C,50,2,,eligibility or coverage
KH-CLM-008629,KB0008904,2026-08-19,Philadelphia,self-pay,SELF,149,1,,
KH-CLM-008630,KB0008905,2026-08-19,Philadelphia,commercial,COM-A,295,3,,
KH-CLM-008631,KB0008906,2026-08-20,Dallas,Medicare,MEDICARE,220,3,,
KH-CLM-008632,KB0008907,2026-08-20,Dallas,Medicare,MEDICARE,149,1,,
KH-CLM-008633,KB0008908,2026-08-20,Dallas,commercial,COM-C,140,2,,non-covered service
KH-CLM-008634,KB0008909,2026-08-20,Dallas,commercial,COM-A,265,3,,non-covered service
KH-CLM-008635,KB0008910,2026-08-20,Dallas,self-pay,SELF,220,2,,
KH-CLM-008636,KB0008911,2026-08-20,Dallas,Medicaid,MEDICAID-TX,149,1,,eligibility or coverage
KH-CLM-008637,KB0008912,2026-08-20,Dallas,Medicaid,MEDICAID-TX,65,2,,
KH-CLM-008638,KB0008913,2026-08-20,Dallas,commercial,COM-B,299,1,,eligibility or coverage
KH-CLM-008639,KB0008914,2026-08-20,Dallas,commercial,COM-C,349,1,,
KH-CLM-008640,KB0008915,2026-08-20,Dallas,Medicare,MEDICARE,115,2,,
KH-CLM-008641,KB0008916,2026-08-20,Dallas,commercial,COM-A,100,2,,eligibility or coverage
KH-CLM-008642,KB0008917,2026-08-20,Dallas,commercial,COM-A,270,4,,
KH-CLM-008643,KB0008918,2026-08-20,Dallas,commercial,COM-A,295,5,,
KH-CLM-008644,KB0008919,2026-08-20,Dallas,commercial,COM-B,335,4,,
KH-CLM-008645,KB0008920,2026-08-20,Dallas,commercial,COM-A,169,2,,timely filing
KH-CLM-008646,KB0008921,2026-08-20,Dallas,commercial,COM-B,85,1,,
KH-CLM-008647,KB0008922,2026-08-20,Phoenix,commercial,COM-B,149,1,,
KH-CLM-008648,KB0008923,2026-08-20,Phoenix,commercial,COM-A,105,3,,medical necessity
KH-CLM-008649,KB0008924,2026-08-20,Phoenix,commercial,COM-B,125,2,,
KH-CLM-008650,KB0008925,2026-08-20,Phoenix,commercial,COM-B,149,1,,eligibility or coverage
KH-CLM-008651,KB0008926,2026-08-20,Phoenix,commercial,COM-B,169,2,,
KH-CLM-008652,KB0008927,2026-08-20,Phoenix,commercial,COM-C,149,1,,
KH-CLM-008653,KB0008928,2026-08-20,Phoenix,commercial,COM-C,25,1,,
KH-CLM-008654,KB0008929,2026-08-20,Phoenix,commercial,COM-A,195,4,,
KH-CLM-008655,KB0008930,2026-08-20,Phoenix,commercial,COM-B,205,2,,
KH-CLM-008656,KB0008931,2026-08-20,Phoenix,Medicare,MEDICARE,155,2,,
KH-CLM-008657,KB0008932,2026-08-20,Phoenix,commercial,COM-B,130,2,,
KH-CLM-008658,KB0008933,2026-08-20,Phoenix,commercial,COM-C,110,2,,
KH-CLM-008659,KB0008934,2026-08-20,Phoenix,Medicare,MEDICARE,340,4,,
KH-CLM-008660,KB0008935,2026-08-20,Phoenix,commercial,COM-C,325,4,,
KH-CLM-008661,KB0008936,2026-08-20,Phoenix,Medicaid,MEDICAID-AZ,120,2,,eligibility or coverage
KH-CLM-008662,KB0008937,2026-08-20,Phoenix,commercial,COM-C,$125.00,2,,
KH-CLM-008663,KB0008938,2026-08-20,New York,commercial,COM-B,220,3,,
KH-CLM-008664,KB0008939,2026-08-20,New York,commercial,COM-C,70,1,,
KH-CLM-008665,KB0008940,2026-08-20,New York,commercial,COM-A,200,4,,prior authorization
KH-CLM-008666,KB0008941,2026-08-20,New York,Medicaid,MEDICAID-NY,299,1,,
KH-CLM-008667,KB0008942,2026-08-20,New York,commercial,COM-C,299,1,,
KH-CLM-008668,KB0008943,2026-08-20,New York,commercial,COM-C,319,2,,
KH-CLM-008669,KB0008944,2026-08-20,New York,commercial,COM-C,299,1,,
KH-CLM-008670,KB0008945,2026-08-20,New York,self-pay,SELF,195,4,,
KH-CLM-008671,KB0008946,2026-08-20,New York,self-pay,SELF,299,1,,
KH-CLM-008672,KB0008947,2026-08-20,New York,commercial,COM-C,349,1,,eligibility or coverage
KH-CLM-008673,KB0008948,2026-08-20,New York,commercial,COM-C,145,2,,
KH-CLM-008674,KB0008949,2026-08-20,New York,commercial,COM-A,225,4,,
KH-CLM-008675,KB0008950,2026-08-20,New York,commercial,COM-C,75,1,,
KH-CLM-008676,KB0008952,2026-08-20,Chicago,commercial,COM-B,195,3,,
KH-CLM-008677,KB0008953,2026-08-20,Chicago,Medicare,MEDICARE,100,2,,
KH-CLM-008678,KB0008954,2026-08-20,Chicago,Medicaid,MEDICAID-IL,30,1,,
KH-CLM-008679,KB0008955,2026-08-20,Chicago,Medicaid,MEDICAID-IL,299,1,,
KH-CLM-008680,KB0008956,2026-08-20,Chicago,commercial,COM-B,149,1,,
KH-CLM-008681,KB0008957,2026-08-20,Chicago,Medicare,MEDICARE,105,2,,
KH-CLM-008682,KB0008958,2026-08-20,Chicago,commercial,COM-C,100,2,,eligibility or coverage
KH-CLM-008683,KB0008959,2026-08-20,Chicago,commercial,COM-A,299,1,,
KH-CLM-008684,KB0008960,2026-08-20,Chicago,commercial,COM-C,299,1,,missing or invalid information
KH-CLM-008685,KB0008961,2026-08-20,Atlanta,Medicare,MEDICARE,145,2,,
KH-CLM-008686,KB0008962,2026-08-20,Atlanta,Medicare,MEDICARE,140,2,,
KH-CLM-008687,KB0008963,2026-08-20,Atlanta,commercial,COM-B,120,3,,
KH-CLM-008688,KB0008964,2026-08-20,Atlanta,commercial,COM-C,30,1,,
KH-CLM-008689,KB0008965,2026-08-20,Atlanta,commercial,COM-C,349,1,,
KH-CLM-008690,KB0008966,2026-08-20,Atlanta,commercial,COM-A,310,4,,
KH-CLM-008691,KB0008967,2026-08-20,Atlanta,commercial,COM-B,145,2,,
KH-CLM-008692,KB0008968,2026-08-20,Atlanta,Medicare,MEDICARE,290,3,,
KH-CLM-008693,KB0008969,2026-08-20,Atlanta,Medicare,MEDICARE,30,1,,
KH-CLM-008694,KB0008970,2026-08-20,Atlanta,Medicare,MEDICARE,150,1,,medical necessity
KH-CLM-008695,KB0008971,2026-08-20,Atlanta,Medicare,MEDICARE,299,1,,
KH-CLM-008696,KB0008972,2026-08-20,Atlanta,commercial,COM-B,105,2,,
KH-CLM-008697,KB0008973,2026-08-20,Atlanta,commercial,COM-C,25,1,,
KH-CLM-008698,KB0008974,2026-08-20,Philadelphia,Medicare,MEDICARE,150,1,,
KH-CLM-008699,KB0008975,2026-08-20,Philadelphia,commercial,COM-A,299,1,,
KH-CLM-008700,KB0008976,2026-08-20,Philadelphia,Medicare,MEDICARE,55,2,,
KH-CLM-008701,KB0008977,2026-08-20,Philadelphia,commercial,COM-A,169,2,,
KH-CLM-008702,KB0008978,2026-08-20,Philadelphia,commercial,COM-B,349,1,,
KH-CLM-008703,KB0008979,2026-08-20,Philadelphia,Medicaid,MEDICAID-PA,30,1,,
KH-CLM-008704,KB0008980,2026-08-20,Philadelphia,commercial,COM-C,30,1,,
KH-CLM-008705,KB0008982,2026-08-20,Philadelphia,commercial,COM-A,110,3,,
KH-CLM-008706,KB0008983,2026-08-21,Dallas,Medicaid,MEDICAID-TX,299,1,,
KH-CLM-008707,KB0008984,2026-08-21,Dallas,Medicare,MEDICARE,240,3,,
KH-CLM-008708,KB0008985,2026-08-21,Dallas,Medicare,MEDICARE,30,1,,
KH-CLM-008709,KB0008986,2026-08-21,Dallas,commercial,COM-B,349,1,,
KH-CLM-008710,KB0008987,2026-08-21,Dallas,commercial,COM-A,70,1,,
KH-CLM-008711,KB0008988,2026-08-21,Dallas,Medicare,MEDICARE,30,1,,
KH-CLM-008712,KB0008989,2026-08-21,Dallas,commercial,COM-A,299,1,,
KH-CLM-008713,KB0008990,2026-08-21,Dallas,self-pay,SELF,30,1,,
KH-CLM-008714,KB0008991,2026-08-21,Dallas,Medicare,MEDICARE,90,2,,
KH-CLM-008715,KB0008992,2026-08-21,Dallas,commercial,COM-A,55,2,,
KH-CLM-008716,KB0008993,2026-08-21,Dallas,Medicare,MEDICARE,235,2,,
KH-CLM-008717,KB0008994,2026-08-21,Dallas,commercial,COM-A,299,1,,
KH-CLM-008718,KB0008995,2026-08-21,Dallas,commercial,COM-B,300,3,,
KH-CLM-008719,KB0008996,2026-08-21,Dallas,commercial,COM-B,150,2,,
KH-CLM-008720,KB0008998,2026-08-21,Dallas,commercial,COM-B,145,2,,
KH-CLM-008721,KB0008999,2026-08-21,Dallas,commercial,COM-A,299,1,,
KH-CLM-008722,KB0009000,2026-08-21,Dallas,commercial,COM-A,260,4,,
KH-CLM-008723,KB0009001,2026-08-21,Phoenix,Medicare,MEDICARE,150,1,,
KH-CLM-008724,KB0009002,2026-08-21,Phoenix,commercial,COM-B,75,1,,
KH-CLM-008725,KB0009003,2026-08-21,Phoenix,commercial,COM-B,45,1,,
KH-CLM-008726,KB0009004,2026-08-21,Phoenix,self-pay,SELF,30,1,,
KH-CLM-008727,KB0009005,2026-08-21,Phoenix,commercial,COM-A,285,4,,
KH-CLM-008728,KB0009006,2026-08-21,Phoenix,Medicare,MEDICARE,380,4,,
KH-CLM-008729,KB0009007,2026-08-21,Phoenix,Medicare,MEDICARE,100,2,,
KH-CLM-008730,KB0009008,2026-08-21,Phoenix,commercial,COM-C,299,1,,
KH-CLM-008731,KB0009009,2026-08-21,Phoenix,Medicaid,MEDICAID-AZ,220,2,,
KH-CLM-008732,KB0009010,2026-08-21,Phoenix,self-pay,SELF,180,2,,
KH-CLM-008733,KB0009011,2026-08-21,Phoenix,commercial,COM-A,360,4,,
KH-CLM-008734,KB0009012,2026-08-21,Phoenix,commercial,COM-B,149,1,,
KH-CLM-008735,KB0009013,2026-08-21,Phoenix,Medicare,MEDICARE,149,1,,
KH-CLM-008736,KB0009014,2026-08-21,Phoenix,commercial,COM-B,130,2,,
KH-CLM-008737,KB0009015,2026-08-21,Phoenix,Medicare,MEDICARE,149,1,,
KH-CLM-008738,KB0009016,2026-08-21,Phoenix,commercial,COM-C,130,2,,
KH-CLM-008739,KB0009017,2026-08-21,Phoenix,commercial,COM-A,299,1,,
KH-CLM-008740,KB0009018,2026-08-21,New York,commercial,COM-C,299,1,,
KH-CLM-008741,KB0009019,2026-08-21,New York,Medicare,MEDICARE,149,1,,
KH-CLM-008742,KB0009020,2026-08-21,New York,Medicaid,MEDICAID-NY,125,2,,
KH-CLM-008743,KB0009021,2026-08-21,New York,commercial,COM-A,80,2,,
KH-CLM-008744,KB0009022,2026-08-21,New York,commercial,COM-C,75,1,,
KH-CLM-008745,KB0009023,2026-08-21,New York,commercial,COM-C,65,1,,missing or invalid information
KH-CLM-008746,KB0009024,2026-08-21,New York,commercial,COM-B,319,2,,non-covered service
KH-CLM-008747,KB0009025,2026-08-21,Chicago,commercial,COM-A,299,1,,
KH-CLM-008748,KB0009026,2026-08-21,Chicago,commercial,COM-C,130,2,,
KH-CLM-008749,KB0009027,2026-08-21,Chicago,commercial,COM-C,205,4,,
KH-CLM-008750,KB0009028,2026-08-21,Chicago,commercial,COM-C,60,2,,
KH-CLM-008751,KB0009029,2026-08-21,Chicago,Medicare,MEDICARE,299,1,,
KH-CLM-008752,KB0009030,2026-08-21,Chicago,commercial,COM-B,60,1,,
KH-CLM-008753,KB0009031,2026-08-21,Chicago,Medicaid,MEDICAID-IL,360,5,,
KH-CLM-008754,KB0009032,2026-08-21,Chicago,commercial,COM-B,130,2,,duplicate claim
KH-CLM-008755,KB0009033,2026-08-21,Atlanta,commercial,COM-B,60,1,,
KH-CLM-008756,KB0009034,2026-08-21,Atlanta,commercial,COM-B,120,3,,
KH-CLM-008757,KB0009035,2026-08-21,Atlanta,commercial,COM-B,149,1,,
KH-CLM-008758,KB0009036,2026-08-21,Atlanta,Medicare,MEDICARE,130,3,,
KH-CLM-008759,KB0009037,2026-08-21,Atlanta,self-pay,SELF,125,2,,
KH-CLM-008760,KB0009038,2026-08-21,Atlanta,Medicare,MEDICARE,299,1,,
KH-CLM-008761,KB0009039,2026-08-21,Atlanta,Medicare,MEDICARE,85,2,,
KH-CLM-008762,KB0009040,2026-08-21,Atlanta,Medicare,MEDICARE,45,1,,
KH-CLM-008763,KB0009041,2026-08-21,Atlanta,commercial,COM-B,55,2,,
KH-CLM-008764,KB0009042,2026-08-21,Atlanta,Medicaid,MEDICAID-GA,180,2,,missing or invalid information
KH-CLM-008765,KB0009043,2026-08-21,Philadelphia,Medicaid,MEDICAID-PA,200,4,,
KH-CLM-008766,KB0009044,2026-08-21,Philadelphia,commercial,COM-A,145,2,,
KH-CLM-008767,KB0009045,2026-08-21,Philadelphia,Medicaid,MEDICAID-PA,349,1,,
KH-CLM-008768,KB0009046,2026-08-21,Philadelphia,commercial,COM-B,125,2,,
KH-CLM-008769,KB0009048,2026-08-21,Philadelphia,Medicaid,MEDICAID-PA,190,4,,
KH-CLM-008770,KB0009049,2026-08-21,Philadelphia,Medicare,MEDICARE,245,4,,
KH-CLM-008771,KB0009050,2026-08-22,Dallas,self-pay,SELF,55,1,,
KH-CLM-008772,KB0009051,2026-08-22,Dallas,Medicaid,MEDICAID-TX,115,2,,
KH-CLM-008773,KB0009052,2026-08-22,Dallas,commercial,COM-C,150,1,,
KH-CLM-008774,KB0009053,2026-08-22,Dallas,commercial,COM-C,180,4,,eligibility or coverage
KH-CLM-008775,KB0009054,2026-08-22,Dallas,commercial,COM-B,275,3,,
KH-CLM-008776,KB0009055,2026-08-22,Dallas,commercial,COM-C,55,2,,
KH-CLM-008777,KB0009056,2026-08-22,Dallas,Medicare,MEDICARE,349,1,,
KH-CLM-008778,KB0009057,2026-08-22,Dallas,commercial,COM-B,349,1,,
KH-CLM-008779,KB0009058,2026-08-22,Dallas,commercial,COM-A,60,1,,
KH-CLM-008780,KB0009059,2026-08-22,Dallas,commercial,COM-C,45,1,,missing or invalid information
KH-CLM-008781,KB0009060,2026-08-22,Dallas,commercial,COM-A,190,3,,
KH-CLM-008782,KB0009061,2026-08-22,Dallas,Medicare,MEDICARE,299,1,,
KH-CLM-008783,KB0009062,2026-08-22,Dallas,Medicaid,MEDICAID-TX,149,1,,
KH-CLM-008784,KB0009063,2026-08-22,Phoenix,commercial,COM-B,299,1,,
KH-CLM-008785,KB0009064,2026-08-22,Phoenix,self-pay,SELF,299,1,,
KH-CLM-008786,KB0009065,2026-08-22,Phoenix,commercial,COM-B,305,4,,
KH-CLM-008787,KB0009066,2026-08-22,Phoenix,Medicaid,MEDICAID-AZ,250,4,,
KH-CLM-008788,KB0009067,2026-08-22,Phoenix,commercial,COM-A,320,4,,
KH-CLM-008789,KB0009068,2026-08-22,Phoenix,Medicaid,MEDICAID-AZ,70,2,,
KH-CLM-008790,KB0009069,2026-08-22,Phoenix,commercial,COM-A,299,1,,
KH-CLM-008791,KB0009070,2026-08-22,Phoenix,commercial,COM-B,270,3,,
KH-CLM-008792,KB0009071,2026-08-22,Phoenix,commercial,COM-A,349,1,,
KH-CLM-008793,KB0009072,2026-08-22,Phoenix,Medicare,MEDICARE,215,4,,
KH-CLM-008794,KB0009073,2026-08-22,Phoenix,Medicaid,MEDICAID-AZ,315,3,,medical necessity
KH-CLM-008795,KB0009074,2026-08-22,Phoenix,Medicaid,MEDICAID-AZ,330,4,,
KH-CLM-008796,KB0009075,2026-08-22,New York,commercial,COM-A,50,2,,
KH-CLM-008797,KB0009076,2026-08-22,New York,Medicare,MEDICARE,155,3,,
KH-CLM-008798,KB0009077,2026-08-22,New York,commercial,COM-B,60,1,,
KH-CLM-008799,KB0009078,2026-08-22,New York,Medicare,MEDICARE,140,2,,
KH-CLM-008800,KB0009079,2026-08-22,New York,Medicaid,MEDICAID-NY,30,1,,
KH-CLM-008801,KB0009080,2026-08-22,New York,commercial,COM-B,299,1,,
KH-CLM-008802,KB0009081,2026-08-22,New York,commercial,COM-A,150,1,,
KH-CLM-008803,KB0009082,2026-08-22,New York,Medicare,MEDICARE,95,1,,
KH-CLM-008804,KB0009083,2026-08-22,New York,commercial,COM-A,299,1,,
KH-CLM-008805,KB0009084,2026-08-22,New York,commercial,COM-B,85,1,,
KH-CLM-008806,KB0009085,2026-08-22,New York,self-pay,SELF,120,2,,
KH-CLM-008807,KB0009086,2026-08-22,Chicago,Medicare,MEDICARE,330,4,,
KH-CLM-008808,KB0009087,2026-08-22,Chicago,commercial,COM-A,65,2,,
KH-CLM-008809,KB0009088,2026-08-22,Chicago,commercial,COM-A,150,3,,
KH-CLM-008810,KB0009089,2026-08-22,Chicago,commercial,COM-C,145,2,,medical necessity
KH-CLM-008811,KB0009090,2026-08-22,Chicago,commercial,COM-C,150,1,,
KH-CLM-008812,KB0009091,2026-08-22,Chicago,Medicare,MEDICARE,299,1,,
KH-CLM-008813,KB0009092,2026-08-22,Chicago,commercial,COM-C,210,3,,
KH-CLM-008814,KB0009093,2026-08-22,Chicago,Medicare,MEDICARE,299,1,,
KH-CLM-008815,KB0009094,2026-08-22,Chicago,Medicare,MEDICARE,250,5,,
KH-CLM-008816,KB0009095,2026-08-22,Chicago,commercial,COM-C,45,1,,
KH-CLM-008817,KB0009096,2026-08-22,Atlanta,commercial,COM-A,149,1,,
KH-CLM-008818,KB0009097,2026-08-22,Atlanta,commercial,COM-A,95,1,,
KH-CLM-008819,KB0009098,2026-08-22,Atlanta,Medicaid,MEDICAID-GA,349,1,,
KH-CLM-008820,KB0009099,2026-08-22,Atlanta,Medicare,MEDICARE,195,3,,
KH-CLM-008821,KB0009100,2026-08-22,Atlanta,Medicare,MEDICARE,105,2,,
KH-CLM-008822,KB0009101,2026-08-22,Atlanta,Medicaid,MEDICAID-GA,170,2,,
KH-CLM-008823,KB0009102,2026-08-22,Atlanta,commercial,COM-B,320,5,,
KH-CLM-008824,KB0009103,2026-08-22,Atlanta,commercial,COM-C,315,4,,
KH-CLM-008825,KB0009104,2026-08-22,Atlanta,Medicaid,MEDICAID-GA,365,4,,
KH-CLM-008826,KB0009105,2026-08-22,Philadelphia,commercial,COM-C,170,2,,
KH-CLM-008827,KB0009106,2026-08-22,Philadelphia,Medicaid,MEDICAID-PA,149,1,,medical necessity
KH-CLM-008828,KB0009107,2026-08-22,Philadelphia,Medicaid,MEDICAID-PA,220,3,,
KH-CLM-008829,KB0009108,2026-08-22,Philadelphia,commercial,COM-B,130,2,,
KH-CLM-008830,KB0009109,2026-08-22,Philadelphia,commercial,COM-A,149,1,,
KH-CLM-008831,KB0009110,2026-08-22,Philadelphia,Medicaid,MEDICAID-PA,45,1,,
KH-CLM-008832,KB0009111,2026-08-22,Philadelphia,Medicare,MEDICARE,210,2,,
KH-CLM-008833,KB0009112,2026-08-23,Dallas,commercial,COM-C,65,1,,
KH-CLM-008834,KB0009113,2026-08-23,Dallas,commercial,COM-C,140,3,,
KH-CLM-008835,KB0009114,2026-08-23,Dallas,commercial,COM-A,60,1,,
KH-CLM-008836,KB0009115,2026-08-23,Dallas,Medicaid,MEDICAID-TX,225,2,,
KH-CLM-008837,KB0009116,2026-08-23,Dallas,commercial,COM-C,125,2,,
KH-CLM-008838,KB0009117,2026-08-23,Dallas,commercial,COM-A,299,1,,
KH-CLM-008839,KB0009118,2026-08-23,Dallas,Medicare,MEDICARE,170,3,,
KH-CLM-008840,KB0009119,2026-08-23,Dallas,commercial,COM-C,125,2,,
KH-CLM-008841,KB0009120,2026-08-23,Dallas,commercial,COM-C,299,1,,
KH-CLM-008842,KB0009121,2026-08-23,Dallas,Medicaid,MEDICAID-TX,180,2,,
KH-CLM-008843,KB0009122,2026-08-23,Phoenix,Medicare,MEDICARE,55,2,,
KH-CLM-008844,KB0009123,2026-08-23,Phoenix,commercial,COM-B,149,1,,
KH-CLM-008845,KB0009124,2026-08-23,Phoenix,commercial,COM-A,299,1,,
KH-CLM-008846,KB0009125,2026-08-23,Phoenix,commercial,COM-B,30,1,,
KH-CLM-008847,KB0009126,2026-08-23,Phoenix,Medicaid,MEDICAID-AZ,349,1,,
KH-CLM-008848,KB0009127,2026-08-23,Phoenix,Medicare,MEDICARE,210,3,,
KH-CLM-008849,KB0009128,2026-08-23,Phoenix,Medicare,MEDICARE,299,1,,
KH-CLM-008850,KB0009129,2026-08-23,Phoenix,Medicare,MEDICARE,210,4,,
KH-CLM-008851,KB0009130,2026-08-23,Phoenix,commercial,COM-A,299,1,,
KH-CLM-008852,KB0009131,2026-08-23,Phoenix,Medicare,MEDICARE,299,1,,
KH-CLM-008853,KB0009132,2026-08-23,Phoenix,commercial,COM-C,349,1,,
KH-CLM-008854,KB0009133,2026-08-23,New York,commercial,COM-A,185,3,,
KH-CLM-008855,KB0009134,2026-08-23,New York,commercial,COM-B,299,1,,
KH-CLM-008856,KB0009135,2026-08-23,New York,Medicare,MEDICARE,145,2,,
KH-CLM-008857,KB0009136,2026-08-23,New York,self-pay,SELF,349,1,,
KH-CLM-008858,KB0009137,2026-08-23,New York,commercial,COM-B,65,2,,medical necessity
KH-CLM-008859,KB0009138,2026-08-23,New York,Medicare,MEDICARE,305,3,,
KH-CLM-008860,KB0009139,2026-08-23,New York,commercial,COM-A,349,1,,
KH-CLM-008861,KB0009140,2026-08-23,Chicago,Medicare,MEDICARE,95,1,,
KH-CLM-008862,KB0009141,2026-08-23,Chicago,commercial,COM-A,65,1,,
KH-CLM-008863,KB0009142,2026-08-23,Chicago,commercial,COM-A,150,2,,
KH-CLM-008864,KB0009143,2026-08-23,Chicago,Medicare,MEDICARE,60,1,,
KH-CLM-008865,KB0009144,2026-08-23,Chicago,commercial,COM-B,169,2,,
KH-CLM-008866,KB0009145,2026-08-23,Chicago,commercial,COM-B,170,3,,
KH-CLM-008867,KB0009146,2026-08-23,Atlanta,Medicare,MEDICARE,149,1,,
KH-CLM-008868,KB0009147,2026-08-23,Atlanta,commercial,COM-C,45,1,,eligibility or coverage
KH-CLM-008869,KB0009148,2026-08-23,Atlanta,commercial,COM-A,299,1,,
KH-CLM-008870,KB0009149,2026-08-23,Atlanta,Medicaid,MEDICAID-GA,299,1,,
KH-CLM-008871,KB0009150,2026-08-23,Philadelphia,Medicare,MEDICARE,115,2,,
KH-CLM-008872,KB0009151,2026-08-23,Philadelphia,commercial,COM-B,299,1,,
KH-CLM-008873,KB0009152,2026-08-23,Philadelphia,Medicaid,MEDICAID-PA,125,2,,
KH-CLM-008874,KB0009153,2026-08-23,Philadelphia,commercial,COM-A,125,3,,
KH-CLM-008875,KB0009154,2026-08-24,Dallas,Medicare,MEDICARE,195,2,,
KH-CLM-008876,KB0009155,2026-08-24,Dallas,commercial,COM-B,65,1,,
KH-CLM-008877,KB0009156,2026-08-24,Dallas,Medicare,MEDICARE,149,1,,
KH-CLM-008878,KB0009157,2026-08-24,Dallas,Medicare,MEDICARE,299,1,,
KH-CLM-008879,KB0009158,2026-08-24,Dallas,Medicaid,MEDICAID-TX,280,4,,
KH-CLM-008880,KB0009159,2026-08-24,Dallas,Medicare,MEDICARE,30,1,,eligibility or coverage
KH-CLM-008881,KB0009160,2026-08-24,Dallas,Medicaid,MEDICAID-TX,285,3,,
KH-CLM-008882,KB0009161,2026-08-24,Dallas,commercial,COM-A,369,2,,
KH-CLM-008883,KB0009162,2026-08-24,Dallas,commercial,COM-B,149,1,,eligibility or coverage
KH-CLM-008884,KB0009163,2026-08-24,Dallas,self-pay,SELF,70,1,,
KH-CLM-008885,KB0009164,2026-08-24,Dallas,commercial,COM-B,145,2,,
KH-CLM-008886,KB0009165,2026-08-24,Dallas,commercial,COM-A,169,2,,missing or invalid information
KH-CLM-008887,KB0009166,2026-08-24,Dallas,commercial,COM-C,250,4,,non-covered service
KH-CLM-008888,KB0009167,2026-08-24,Dallas,commercial,COM-A,299,1,,
KH-CLM-008889,KB0009168,2026-08-24,Dallas,commercial,COM-A,185,4,,
KH-CLM-008890,KB0009169,2026-08-24,Dallas,self-pay,SELF,25,1,,
KH-CLM-008891,KB0009170,2026-08-24,Phoenix,Medicare,MEDICARE,55,1,,
KH-CLM-008892,KB0009171,2026-08-24,Phoenix,Medicare,MEDICARE,305,3,,
KH-CLM-008893,KB0009172,2026-08-24,Phoenix,commercial,COM-C,169,2,,
KH-CLM-008894,KB0009173,2026-08-24,Phoenix,Medicare,MEDICARE,299,1,,
KH-CLM-008895,KB0009174,2026-08-24,Phoenix,commercial,COM-A,60,1,,
KH-CLM-008896,KB0009175,2026-08-24,Phoenix,commercial,COM-A,149,1,,
KH-CLM-008897,KB0009176,2026-08-24,Phoenix,Medicaid,MEDICAID-AZ,150,1,,
KH-CLM-008898,KB0009177,2026-08-24,Phoenix,commercial,COM-B,180,2,,
KH-CLM-008899,KB0009178,2026-08-24,Phoenix,commercial,COM-C,299,1,,duplicate claim
KH-CLM-008900,KB0009180,2026-08-24,Phoenix,commercial,COM-C,130,2,,missing or invalid information
KH-CLM-008901,KB0009182,2026-08-24,Phoenix,commercial,COM-A,180,2,,
KH-CLM-008902,KB0009183,2026-08-24,Phoenix,commercial,COM-C,305,3,,
KH-CLM-008903,KB0009184,2026-08-24,New York,commercial,COM-C,85,1,,
KH-CLM-008904,KB0009185,2026-08-24,New York,Medicaid,MEDICAID-NY,30,1,,
KH-CLM-008905,KB0009186,2026-08-24,New York,self-pay,SELF,180,3,,
KH-CLM-008906,KB0009187,2026-08-24,New York,commercial,COM-C,65,1,,
KH-CLM-008907,KB0009188,2026-08-24,New York,commercial,COM-B,349,1,,
KH-CLM-008908,KB0009189,2026-08-24,New York,Medicaid,MEDICAID-NY,349,1,,
KH-CLM-008909,KB0009190,2026-08-24,New York,Medicare,MEDICARE,149,1,,
KH-CLM-008910,KB0009191,2026-08-24,New York,commercial,COM-A,150,4,,
KH-CLM-008911,KB0009192,2026-08-24,New York,Medicaid,MEDICAID-NY,285,4,,
KH-CLM-008912,KB0009193,2026-08-24,Chicago,commercial,COM-A,90,2,,
KH-CLM-008913,KB0009194,2026-08-24,Chicago,commercial,COM-C,165,4,,
KH-CLM-008914,KB0009195,2026-08-24,Chicago,commercial,COM-A,85,2,,
KH-CLM-008915,KB0009196,2026-08-24,Chicago,Medicare,MEDICARE,280,4,,
KH-CLM-008916,KB0009197,2026-08-24,Chicago,commercial,COM-C,105,2,,
KH-CLM-008917,KB0009198,2026-08-24,Chicago,commercial,COM-B,299,1,,non-covered service
KH-CLM-008918,KB0009199,2026-08-24,Chicago,commercial,COM-C,90,2,,
KH-CLM-008919,KB0009200,2026-08-24,Chicago,Medicaid,MEDICAID-IL,125,2,,
KH-CLM-008920,KB0009201,2026-08-24,Atlanta,Medicaid,MEDICAID-GA,330,3,,
KH-CLM-008921,KB0009202,2026-08-24,Atlanta,commercial,COM-B,155,2,,
KH-CLM-008922,KB0009203,2026-08-24,Atlanta,Medicaid,MEDICAID-GA,160,3,,
KH-CLM-008923,KB0009204,2026-08-24,Atlanta,Medicare,MEDICARE,50,2,,
KH-CLM-008924,KB0009205,2026-08-24,Atlanta,commercial,COM-B,100,2,,
KH-CLM-008925,KB0009206,2026-08-24,Atlanta,self-pay,SELF,349,1,,
KH-CLM-008926,KB0009207,2026-08-24,Atlanta,Medicare,MEDICARE,299,1,,
KH-CLM-008927,KB0009208,2026-08-24,Atlanta,commercial,COM-B,299,1,,
KH-CLM-008928,KB0009209,2026-08-24,Atlanta,commercial,COM-B,149,1,,
KH-CLM-008929,KB0009210,2026-08-24,Atlanta,Medicaid,MEDICAID-GA,169,2,,
KH-CLM-008930,KB0009211,2026-08-24,Atlanta,commercial,COM-B,349,1,,
KH-CLM-008931,KB0009212,2026-08-24,Atlanta,Medicare,MEDICARE,170,3,,non-covered service
KH-CLM-008932,KB0009213,2026-08-24,Philadelphia,commercial,COM-B,349,1,,
KH-CLM-008933,KB0009214,2026-08-24,Philadelphia,self-pay,SELF,149,1,,
KH-CLM-008934,KB0009215,2026-08-24,Philadelphia,commercial,COM-C,349,1,,
KH-CLM-008935,KB0009216,2026-08-24,Philadelphia,Medicare,MEDICARE,55,1,,
KH-CLM-008936,KB0009217,2026-08-24,Philadelphia,commercial,COM-A,170,2,,
KH-CLM-008937,KB0009218,2026-08-25,Dallas,commercial,COM-C,140,2,,
KH-CLM-008938,KB0009219,2026-08-25,Dallas,commercial,COM-C,299,1,,
KH-CLM-008939,KB0009220,2026-08-25,Dallas,commercial,COM-A,319,2,,
KH-CLM-008940,KB0009221,2026-08-25,Dallas,self-pay,SELF,205,4,,
KH-CLM-008941,KB0009222,2026-08-25,Dallas,commercial,COM-C,185,3,,
KH-CLM-008942,KB0009223,2026-08-25,Dallas,commercial,COM-A,65,1,,prior authorization
KH-CLM-008943,KB0009224,2026-08-25,Dallas,Medicaid,MEDICAID-TX,149,1,,
KH-CLM-008944,KB0009225,2026-08-25,Dallas,commercial,COM-C,135,2,,
KH-CLM-008945,KB0009226,2026-08-25,Dallas,self-pay,SELF,120,2,,
KH-CLM-008946,KB0009227,2026-08-25,Dallas,Medicaid,MEDICAID-TX,310,3,,eligibility or coverage
KH-CLM-008947,KB0009228,2026-08-25,Dallas,Medicare,MEDICARE,95,2,,
KH-CLM-008948,KB0009229,2026-08-25,Dallas,commercial,COM-C,65,1,,
KH-CLM-008949,KB0009230,2026-08-25,Dallas,commercial,COM-C,$75.00,1,,
KH-CLM-008950,KB0009231,2026-08-25,Dallas,Medicare,MEDICARE,225,3,,
KH-CLM-008951,KB0009232,2026-08-25,Dallas,Medicare,MEDICARE,50,2,,
KH-CLM-008952,KB0009233,2026-08-25,Dallas,self-pay,SELF,210,4,,
KH-CLM-008953,KB0009234,2026-08-25,Dallas,Medicare,MEDICARE,299,1,,
KH-CLM-008954,KB0009235,2026-08-25,Dallas,Medicaid,MEDICAID-TX,149,1,,non-covered service
KH-CLM-008955,KB0009236,2026-08-25,Phoenix,commercial,COM-C,45,1,,eligibility or coverage
KH-CLM-008956,KB0009237,2026-08-25,Phoenix,Medicaid,MEDICAID-AZ,95,2,,
KH-CLM-008957,KB0009238,2026-08-25,Phoenix,commercial,COM-A,150,1,,
KH-CLM-008958,KB0009240,2026-08-25,Phoenix,Medicare,MEDICARE,30,1,,
KH-CLM-008959,KB0009241,2026-08-25,Phoenix,commercial,COM-A,299,1,,
KH-CLM-008960,KB0009242,2026-08-25,Phoenix,commercial,COM-A,155,2,,
KH-CLM-008961,KB0009243,2026-08-25,Phoenix,Medicare,MEDICARE,205,4,,
KH-CLM-008962,KB0009244,2026-08-25,Phoenix,commercial,COM-C,65,1,,non-covered service
KH-CLM-008963,KB0009245,2026-08-25,Phoenix,commercial,COM-B,299,1,,
KH-CLM-008964,KB0009246,2026-08-25,Phoenix,Medicare,MEDICARE,149,1,,
KH-CLM-008965,KB0009247,2026-08-25,New York,Medicare,MEDICARE,349,1,,
KH-CLM-008966,KB0009248,2026-08-25,New York,Medicaid,MEDICAID-NY,290,3,,
KH-CLM-008967,KB0009249,2026-08-25,New York,commercial,COM-A,149,1,,
KH-CLM-008968,KB0009250,2026-08-25,New York,commercial,COM-C,290,5,,
KH-CLM-008969,KB0009251,2026-08-25,New York,Medicaid,MEDICAID-NY,105,2,,
KH-CLM-008970,KB0009252,2026-08-25,New York,Medicare,MEDICARE,115,2,,
KH-CLM-008971,KB0009253,2026-08-25,New York,Medicare,MEDICARE,185,3,,
KH-CLM-008972,KB0009254,2026-08-25,New York,Medicare,MEDICARE,60,1,,
KH-CLM-008973,KB0009256,2026-08-25,New York,Medicare,MEDICARE,299,1,,
KH-CLM-008974,KB0009257,2026-08-25,New York,commercial,COM-B,95,2,,
KH-CLM-008975,KB0009258,2026-08-25,New York,commercial,COM-B,65,1,,
KH-CLM-008976,KB0009259,2026-08-25,Chicago,Medicaid,MEDICAID-IL,195,3,,
KH-CLM-008977,KB0009260,2026-08-25,Chicago,self-pay,SELF,45,1,,
KH-CLM-008978,KB0009261,2026-08-25,Chicago,commercial,COM-B,149,1,,
KH-CLM-008979,KB0009262,2026-08-25,Chicago,commercial,COM-B,299,1,,
KH-CLM-008980,KB0009263,2026-08-25,Chicago,Medicare,MEDICARE,145,3,,
KH-CLM-008981,KB0009264,2026-08-25,Chicago,Medicare,MEDICARE,140,3,,
KH-CLM-008982,KB0009265,2026-08-25,Chicago,commercial,COM-C,85,1,,
KH-CLM-008983,KB0009266,2026-08-25,Atlanta,commercial,COM-C,120,2,,
KH-CLM-008984,KB0009267,2026-08-25,Atlanta,commercial,COM-C,299,1,,
KH-CLM-008985,KB0009268,2026-08-25,Atlanta,commercial,COM-A,140,2,,eligibility or coverage
KH-CLM-008986,KB0009269,2026-08-25,Atlanta,commercial,COM-B,140,2,,non-covered service
KH-CLM-008987,KB0009270,2026-08-25,Atlanta,Medicare,MEDICARE,299,1,,
KH-CLM-008988,KB0009272,2026-08-25,Atlanta,Medicaid,MEDICAID-GA,240,3,,
KH-CLM-008989,KB0009273,2026-08-25,Atlanta,Medicaid,MEDICAID-GA,319,2,,non-covered service
KH-CLM-008990,KB0009274,2026-08-25,Atlanta,Medicaid,MEDICAID-GA,169,2,,
KH-CLM-008991,KB0009275,2026-08-25,Atlanta,commercial,COM-B,55,1,,
KH-CLM-008992,KB0009276,2026-08-25,Atlanta,commercial,COM-B,335,4,,
KH-CLM-008993,KB0009277,2026-08-25,Atlanta,commercial,COM-B,60,2,,
KH-CLM-008994,KB0009278,2026-08-25,Atlanta,commercial,COM-A,345,4,,
KH-CLM-008995,KB0009279,2026-08-25,Atlanta,Medicaid,MEDICAID-GA,165,2,,
KH-CLM-008996,KB0009280,2026-08-25,Atlanta,commercial,COM-B,240,3,,
KH-CLM-008997,KB0009281,2026-08-25,Atlanta,commercial,COM-A,30,1,,
KH-CLM-008998,KB0009282,2026-08-25,Philadelphia,commercial,COM-A,85,2,,
KH-CLM-008999,KB0009283,2026-08-25,Philadelphia,commercial,COM-C,145,2,,
KH-CLM-009000,KB0009284,2026-08-25,Philadelphia,Medicare,MEDICARE,349,1,,
KH-CLM-009001,KB0009285,2026-08-25,Philadelphia,Medicare,MEDICARE,255,4,,
KH-CLM-009002,KB0009286,2026-08-26,Dallas,commercial,COM-B,149,1,,
KH-CLM-009003,KB0009287,2026-08-26,Dallas,Medicaid,MEDICAID-TX,299,1,,
KH-CLM-009004,KB0009288,2026-08-26,Dallas,Medicare,MEDICARE,240,5,,
KH-CLM-009005,KB0009289,2026-08-26,Dallas,commercial,COM-A,220,3,,
KH-CLM-009006,KB0009290,2026-08-26,Dallas,Medicare,MEDICARE,30,1,,eligibility or coverage
KH-CLM-009007,KB0009291,2026-08-26,Dallas,Medicaid,MEDICAID-TX,369,2,,
KH-CLM-009008,KB0009292,2026-08-26,Dallas,Medicare,MEDICARE,60,1,,
KH-CLM-009009,KB0009293,2026-08-26,Dallas,Medicare,MEDICARE,195,3,,
KH-CLM-009010,KB0009294,2026-08-26,Dallas,commercial,COM-A,299,1,,missing or invalid information
KH-CLM-009011,KB0009295,2026-08-26,Dallas,commercial,COM-B,75,1,,
KH-CLM-009012,KB0009296,2026-08-26,Dallas,Medicare,MEDICARE,299,1,,
KH-CLM-009013,KB0009297,2026-08-26,Dallas,Medicaid,MEDICAID-TX,205,4,,
KH-CLM-009014,KB0009298,2026-08-26,Dallas,self-pay,SELF,60,1,,
KH-CLM-009015,KB0009299,2026-08-26,Phoenix,commercial,COM-B,210,3,,
KH-CLM-009016,KB0009300,2026-08-26,Phoenix,commercial,COM-B,30,1,,
KH-CLM-009017,KB0009301,2026-08-26,Phoenix,commercial,COM-C,80,2,,
KH-CLM-009018,KB0009302,2026-08-26,Phoenix,Medicare,MEDICARE,90,2,,
KH-CLM-009019,KB0009303,2026-08-26,Phoenix,commercial,COM-A,225,2,,
KH-CLM-009020,KB0009304,2026-08-26,Phoenix,commercial,COM-C,185,4,,
KH-CLM-009021,KB0009305,2026-08-26,Phoenix,commercial,COM-C,349,1,,
KH-CLM-009022,KB0009306,2026-08-26,Phoenix,Medicaid,MEDICAID-AZ,110,2,,
KH-CLM-009023,KB0009307,2026-08-26,Phoenix,commercial,COM-B,220,4,,
KH-CLM-009024,KB0009308,2026-08-26,Phoenix,commercial,COM-C,299,1,,
KH-CLM-009025,KB0009309,2026-08-26,Phoenix,commercial,COM-C,95,1,,non-covered service
KH-CLM-009026,KB0009310,2026-08-26,Phoenix,Medicare,MEDICARE,255,4,,
KH-CLM-009027,KB0009311,2026-08-26,Phoenix,Medicare,MEDICARE,140,3,,
KH-CLM-009028,KB0009312,2026-08-26,Phoenix,Medicare,MEDICARE,299,1,,
KH-CLM-009029,KB0009313,2026-08-26,New York,commercial,COM-A,115,2,,
KH-CLM-009030,KB0009314,2026-08-26,New York,self-pay,SELF,150,1,,
KH-CLM-009031,KB0009315,2026-08-26,New York,commercial,COM-A,75,3,,
KH-CLM-009032,KB0009316,2026-08-26,New York,commercial,COM-B,85,1,,eligibility or coverage
KH-CLM-009033,KB0009317,2026-08-26,New York,self-pay,SELF,169,2,,
KH-CLM-009034,KB0009318,2026-08-26,New York,Medicare,MEDICARE,299,1,,
KH-CLM-009035,KB0009320,2026-08-26,New York,commercial,COM-A,145,2,,
KH-CLM-009036,KB0009321,2026-08-26,New York,commercial,COM-A,205,3,,
KH-CLM-009037,KB0009322,2026-08-26,New York,commercial,COM-A,115,2,,
KH-CLM-009038,KB0009323,2026-08-26,Chicago,self-pay,SELF,299,1,,
KH-CLM-009039,KB0009324,2026-08-26,Chicago,commercial,COM-A,299,1,,
KH-CLM-009040,KB0009325,2026-08-26,Chicago,commercial,COM-A,255,3,,
KH-CLM-009041,KB0009326,2026-08-26,Chicago,commercial,COM-A,190,3,,
KH-CLM-009042,KB0009327,2026-08-26,Chicago,Medicare,MEDICARE,160,3,,
KH-CLM-009043,KB0009328,2026-08-26,Chicago,commercial,COM-B,85,1,,
KH-CLM-009044,KB0009329,2026-08-26,Chicago,Medicare,MEDICARE,299,1,,
KH-CLM-009045,KB0009330,2026-08-26,Atlanta,commercial,COM-A,369,2,,
KH-CLM-009046,KB0009331,2026-08-26,Atlanta,commercial,COM-A,120,2,,
KH-CLM-009047,KB0009332,2026-08-26,Atlanta,Medicaid,MEDICAID-GA,299,1,,
KH-CLM-009048,KB0009333,2026-08-26,Atlanta,commercial,COM-A,299,1,,
KH-CLM-009049,KB0009334,2026-08-26,Atlanta,Medicaid,MEDICAID-GA,300,4,,
KH-CLM-009050,KB0009335,2026-08-26,Atlanta,commercial,COM-C,150,1,,
KH-CLM-009051,KB0009336,2026-08-26,Atlanta,commercial,COM-B,70,1,,
KH-CLM-009052,KB0009337,2026-08-26,Atlanta,Medicare,MEDICARE,169,2,,
KH-CLM-009053,KB0009338,2026-08-26,Atlanta,commercial,COM-A,70,1,,
KH-CLM-009054,KB0009339,2026-08-26,Atlanta,commercial,COM-C,125,2,,
KH-CLM-009055,KB0009340,2026-08-26,Atlanta,commercial,COM-B,299,1,,
KH-CLM-009056,KB0009341,2026-08-26,Philadelphia,commercial,COM-A,150,1,,
KH-CLM-009057,KB0009342,2026-08-26,Philadelphia,self-pay,SELF,349,1,,
KH-CLM-009058,KB0009343,2026-08-26,Philadelphia,Medicare,MEDICARE,185,3,,
KH-CLM-009059,KB0009344,2026-08-26,Philadelphia,commercial,COM-A,299,1,,
KH-CLM-009060,KB0009345,2026-08-26,Philadelphia,commercial,COM-C,95,1,,
KH-CLM-009061,KB0009346,2026-08-26,Philadelphia,Medicaid,MEDICAID-PA,149,1,,
KH-CLM-009062,KB0009347,2026-08-26,Philadelphia,commercial,COM-A,130,2,,
KH-CLM-009063,KB0009348,2026-08-27,Dallas,commercial,COM-C,100,2,,
KH-CLM-009064,KB0009349,2026-08-27,Dallas,Medicare,MEDICARE,30,1,,
KH-CLM-009065,KB0009350,2026-08-27,Dallas,self-pay,SELF,180,2,,
KH-CLM-009066,KB0009351,2026-08-27,Dallas,Medicaid,MEDICAID-TX,150,1,,eligibility or coverage
KH-CLM-009067,KB0009352,2026-08-27,Dallas,Medicare,MEDICARE,65,1,,
KH-CLM-009068,KB0009353,2026-08-27,Dallas,commercial,COM-B,319,2,,
KH-CLM-009069,KB0009354,2026-08-27,Dallas,Medicaid,MEDICAID-TX,210,4,,
KH-CLM-009070,KB0009355,2026-08-27,Dallas,Medicaid,MEDICAID-TX,349,1,,
KH-CLM-009071,KB0009356,2026-08-27,Dallas,Medicare,MEDICARE,90,2,,
KH-CLM-009072,KB0009357,2026-08-27,Dallas,commercial,COM-A,170,2,,
KH-CLM-009073,KB0009358,2026-08-27,Dallas,commercial,COM-B,60,1,,
KH-CLM-009074,KB0009359,2026-08-27,Dallas,Medicare,MEDICARE,299,1,,
KH-CLM-009075,KB0009360,2026-08-27,Dallas,commercial,COM-B,85,2,,
KH-CLM-009076,KB0009361,2026-08-27,Dallas,commercial,COM-B,70,1,,
KH-CLM-009077,KB0009362,2026-08-27,Dallas,commercial,COM-A,299,1,,
KH-CLM-009078,KB0009363,2026-08-27,Phoenix,commercial,COM-C,195,3,,
KH-CLM-009079,KB0009364,2026-08-27,Phoenix,commercial,COM-A,245,3,,
KH-CLM-009080,KB0009365,2026-08-27,Phoenix,commercial,COM-A,95,2,,
KH-CLM-009081,KB0009366,2026-08-27,Phoenix,commercial,COM-B,75,1,,
KH-CLM-009082,KB0009368,2026-08-27,Phoenix,commercial,COM-A,349,1,,
KH-CLM-009083,KB0009369,2026-08-27,Phoenix,commercial,COM-B,335,4,,
KH-CLM-009084,KB0009370,2026-08-27,Phoenix,Medicare,MEDICARE,250,4,,
KH-CLM-009085,KB0009371,2026-08-27,Phoenix,commercial,COM-C,30,1,,
KH-CLM-009086,KB0009372,2026-08-27,Phoenix,commercial,COM-C,340,4,,
KH-CLM-009087,KB0009373,2026-08-27,Phoenix,commercial,COM-B,149,1,,eligibility or coverage
KH-CLM-009088,KB0009374,2026-08-27,Phoenix,commercial,COM-B,155,2,,
KH-CLM-009089,KB0009375,2026-08-27,Phoenix,self-pay,SELF,55,1,,
KH-CLM-009090,KB0009376,2026-08-27,Phoenix,Medicaid,MEDICAID-AZ,220,2,,
KH-CLM-009091,KB0009377,2026-08-27,New York,commercial,COM-C,150,1,,
KH-CLM-009092,KB0009378,2026-08-27,New York,Medicare,MEDICARE,200,4,,
KH-CLM-009093,KB0009379,2026-08-27,New York,Medicaid,MEDICAID-NY,30,1,,
KH-CLM-009094,KB0009380,2026-08-27,New York,Medicare,MEDICARE,150,1,,
KH-CLM-009095,KB0009381,2026-08-27,New York,Medicare,MEDICARE,255,4,,
KH-CLM-009096,KB0009382,2026-08-27,New York,commercial,COM-B,90,2,,
KH-CLM-009097,KB0009383,2026-08-27,New York,Medicaid,MEDICAID-NY,210,3,,
KH-CLM-009098,KB0009384,2026-08-27,New York,commercial,COM-C,120,2,,timely filing
KH-CLM-009099,KB0009385,2026-08-27,New York,self-pay,SELF,299,1,,
KH-CLM-009100,KB0009386,2026-08-27,New York,commercial,COM-C,75,1,,
KH-CLM-009101,KB0009387,2026-08-27,New York,Medicare,MEDICARE,70,1,,
KH-CLM-009102,KB0009388,2026-08-27,New York,Medicare,MEDICARE,30,1,,medical necessity
KH-CLM-009103,KB0009389,2026-08-27,Chicago,commercial,COM-B,165,4,,
KH-CLM-009104,KB0009390,2026-08-27,Chicago,commercial,COM-A,245,4,,
KH-CLM-009105,KB0009391,2026-08-27,Chicago,self-pay,SELF,210,4,,
KH-CLM-009106,KB0009392,2026-08-27,Chicago,commercial,COM-B,349,1,,
KH-CLM-009107,KB0009393,2026-08-27,Chicago,commercial,COM-A,349,1,,
KH-CLM-009108,KB0009394,2026-08-27,Chicago,commercial,COM-C,140,2,,
KH-CLM-009109,KB0009395,2026-08-27,Chicago,Medicare,MEDICARE,349,1,,missing or invalid information
KH-CLM-009110,KB0009396,2026-08-27,Chicago,commercial,COM-B,130,2,,
KH-CLM-009111,KB0009397,2026-08-27,Chicago,commercial,COM-C,365,4,,
KH-CLM-009112,KB0009398,2026-08-27,Chicago,Medicaid,MEDICAID-IL,105,2,,
KH-CLM-009113,KB0009399,2026-08-27,Atlanta,commercial,COM-A,75,2,,
KH-CLM-009114,KB0009400,2026-08-27,Atlanta,self-pay,SELF,60,1,,
KH-CLM-009115,KB0009401,2026-08-27,Atlanta,commercial,COM-B,215,4,,
KH-CLM-009116,KB0009402,2026-08-27,Atlanta,commercial,COM-A,30,1,,
KH-CLM-009117,KB0009403,2026-08-27,Atlanta,Medicare,MEDICARE,130,2,,
KH-CLM-009118,KB0009404,2026-08-27,Atlanta,commercial,COM-A,105,2,,
KH-CLM-009119,KB0009405,2026-08-27,Atlanta,commercial,COM-A,349,1,,
KH-CLM-009120,KB0009406,2026-08-27,Atlanta,Medicare,MEDICARE,115,3,,
KH-CLM-009121,KB0009407,2026-08-27,Philadelphia,commercial,COM-B,319,2,,
KH-CLM-009122,KB0009408,2026-08-27,Philadelphia,Medicare,MEDICARE,95,2,,
KH-CLM-009123,KB0009409,2026-08-27,Philadelphia,commercial,COM-B,115,2,,medical necessity
KH-CLM-009124,KB0009410,2026-08-27,Philadelphia,Medicare,MEDICARE,170,4,,
KH-CLM-009125,KB0009411,2026-08-27,Philadelphia,commercial,COM-B,75,1,,
KH-CLM-009126,KB0009412,2026-08-27,Philadelphia,commercial,COM-B,120,2,,
KH-CLM-009127,KB0009413,2026-08-28,Dallas,commercial,COM-C,75,2,,
KH-CLM-009128,KB0009414,2026-08-28,Dallas,Medicare,MEDICARE,95,2,,
KH-CLM-009129,KB0009415,2026-08-28,Dallas,Medicare,MEDICARE,55,2,,medical necessity
KH-CLM-009130,KB0009416,2026-08-28,Dallas,Medicaid,MEDICAID-TX,45,1,,
KH-CLM-009131,KB0009417,2026-08-28,Dallas,self-pay,SELF,299,1,,
KH-CLM-009132,KB0009418,2026-08-28,Dallas,commercial,COM-A,245,4,,medical necessity
KH-CLM-009133,KB0009419,2026-08-28,Dallas,commercial,COM-B,349,1,,
KH-CLM-009134,KB0009420,2026-08-28,Dallas,Medicare,MEDICARE,125,3,,
KH-CLM-009135,KB0009421,2026-08-28,Dallas,Medicaid,MEDICAID-TX,299,1,,
KH-CLM-009136,KB0009422,2026-08-28,Dallas,commercial,COM-A,150,3,,
KH-CLM-009137,KB0009423,2026-08-28,Dallas,commercial,COM-A,180,2,,
KH-CLM-009138,KB0009424,2026-08-28,Dallas,Medicare,MEDICARE,145,3,,
KH-CLM-009139,KB0009425,2026-08-28,Dallas,Medicaid,MEDICAID-TX,85,2,,eligibility or coverage
KH-CLM-009140,KB0009426,2026-08-28,Dallas,Medicare,MEDICARE,75,1,,
KH-CLM-009141,KB0009427,2026-08-28,Phoenix,commercial,COM-B,85,2,,
KH-CLM-009142,KB0009428,2026-08-28,Phoenix,Medicaid,MEDICAID-AZ,95,2,,
KH-CLM-009143,KB0009429,2026-08-28,Phoenix,commercial,COM-B,210,2,,
KH-CLM-009144,KB0009430,2026-08-28,Phoenix,Medicare,MEDICARE,265,3,,
KH-CLM-009145,KB0009431,2026-08-28,Phoenix,commercial,COM-B,140,2,,
KH-CLM-009146,KB0009432,2026-08-28,Phoenix,commercial,COM-A,235,3,,
KH-CLM-009147,KB0009433,2026-08-28,Phoenix,commercial,COM-B,75,1,,
KH-CLM-009148,KB0009434,2026-08-28,Phoenix,commercial,COM-A,149,1,,
KH-CLM-009149,KB0009435,2026-08-28,Phoenix,commercial,COM-B,$265.00,4,,eligibility or coverage
KH-CLM-009150,KB0009437,2026-08-28,Phoenix,commercial,COM-B,95,1,,
KH-CLM-009151,KB0009438,2026-08-28,Phoenix,Medicare,MEDICARE,245,3,,
KH-CLM-009152,KB0009439,2026-08-28,Phoenix,self-pay,SELF,299,1,,
KH-CLM-009153,KB0009440,2026-08-28,New York,commercial,COM-A,80,2,,
KH-CLM-009154,KB0009441,2026-08-28,New York,commercial,COM-B,149,1,,
KH-CLM-009155,KB0009442,2026-08-28,New York,Medicare,MEDICARE,120,2,,
KH-CLM-009156,KB0009443,2026-08-28,New York,commercial,COM-C,45,1,,
KH-CLM-009157,KB0009444,2026-08-28,New York,Medicaid,MEDICAID-NY,220,4,,
KH-CLM-009158,KB0009445,2026-08-28,New York,commercial,COM-B,299,1,,
KH-CLM-009159,KB0009446,2026-08-28,New York,commercial,COM-A,149,1,,
KH-CLM-009160,KB0009447,2026-08-28,New York,commercial,COM-C,60,1,,
KH-CLM-009161,KB0009448,2026-08-28,New York,self-pay,SELF,105,2,,
KH-CLM-009162,KB0009449,2026-08-28,New York,self-pay,SELF,190,4,,
KH-CLM-009163,KB0009450,2026-08-28,New York,Medicaid,MEDICAID-NY,149,1,,
KH-CLM-009164,KB0009451,2026-08-28,New York,Medicare,MEDICARE,175,2,,
KH-CLM-009165,KB0009452,2026-08-28,New York,commercial,COM-B,149,1,,non-covered service
KH-CLM-009166,KB0009453,2026-08-28,Chicago,commercial,COM-A,285,3,,
KH-CLM-009167,KB0009454,2026-08-28,Chicago,Medicaid,MEDICAID-IL,215,3,,
KH-CLM-009168,KB0009455,2026-08-28,Chicago,commercial,COM-B,250,3,,
KH-CLM-009169,KB0009456,2026-08-28,Chicago,commercial,COM-B,30,1,,
KH-CLM-009170,KB0009457,2026-08-28,Chicago,commercial,COM-B,355,4,,
KH-CLM-009171,KB0009458,2026-08-28,Chicago,Medicare,MEDICARE,215,4,,
KH-CLM-009172,KB0009459,2026-08-28,Chicago,Medicare,MEDICARE,299,1,,
KH-CLM-009173,KB0009460,2026-08-28,Chicago,commercial,COM-A,45,2,,
KH-CLM-009174,KB0009461,2026-08-28,Chicago,commercial,COM-A,230,4,,
KH-CLM-009175,KB0009462,2026-08-28,Chicago,commercial,COM-C,215,3,,
KH-CLM-009176,KB0009463,2026-08-28,Atlanta,Medicare,MEDICARE,110,3,,
KH-CLM-009177,KB0009464,2026-08-28,Atlanta,commercial,COM-B,140,4,,
KH-CLM-009178,KB0009465,2026-08-28,Atlanta,Medicaid,MEDICAID-GA,140,2,,
KH-CLM-009179,KB0009466,2026-08-28,Atlanta,commercial,COM-B,150,1,,
KH-CLM-009180,KB0009467,2026-08-28,Atlanta,Medicaid,MEDICAID-GA,220,3,,
KH-CLM-009181,KB0009468,2026-08-28,Atlanta,Medicare,MEDICARE,30,1,,
KH-CLM-009182,KB0009469,2026-08-28,Atlanta,Medicare,MEDICARE,299,1,,
KH-CLM-009183,KB0009470,2026-08-28,Atlanta,commercial,COM-B,220,4,,
KH-CLM-009184,KB0009471,2026-08-28,Atlanta,Medicare,MEDICARE,145,2,,
KH-CLM-009185,KB0009472,2026-08-28,Atlanta,Medicare,MEDICARE,30,1,,
KH-CLM-009186,KB0009473,2026-08-28,Atlanta,self-pay,SELF,299,1,,
KH-CLM-009187,KB0009474,2026-08-28,Atlanta,commercial,COM-C,145,2,,
KH-CLM-009188,KB0009475,2026-08-28,Atlanta,self-pay,SELF,55,1,,
KH-CLM-009189,KB0009476,2026-08-28,Atlanta,commercial,COM-A,75,1,,
KH-CLM-009190,KB0009477,2026-08-28,Philadelphia,Medicare,MEDICARE,30,1,,
KH-CLM-009191,KB0009478,2026-08-28,Philadelphia,self-pay,SELF,149,1,,
KH-CLM-009192,KB0009479,2026-08-28,Philadelphia,commercial,COM-C,235,4,,
KH-CLM-009193,KB0009480,2026-08-28,Philadelphia,Medicare,MEDICARE,260,4,,
KH-CLM-009194,KB0009481,2026-08-28,Philadelphia,commercial,COM-B,349,1,,
KH-CLM-009195,KB0009482,2026-08-28,Philadelphia,Medicare,MEDICARE,55,1,,
KH-CLM-009196,KB0009483,2026-08-28,Philadelphia,commercial,COM-A,225,2,,
KH-CLM-009197,KB0009484,2026-08-29,Dallas,commercial,COM-B,235,4,,
KH-CLM-009198,KB0009485,2026-08-29,Dallas,commercial,COM-A,115,2,,
KH-CLM-009199,KB0009486,2026-08-29,Dallas,Medicare,MEDICARE,349,1,,
KH-CLM-009200,KB0009487,2026-08-29,Dallas,Medicare,MEDICARE,95,1,,
KH-CLM-009201,KB0009488,2026-08-29,Dallas,Medicaid,MEDICAID-TX,65,1,,
KH-CLM-009202,KB0009489,2026-08-29,Dallas,Medicare,MEDICARE,169,2,,
KH-CLM-009203,KB0009490,2026-08-29,Dallas,commercial,COM-A,150,1,,
KH-CLM-009204,KB0009491,2026-08-29,Dallas,Medicare,MEDICARE,299,1,,
KH-CLM-009205,KB0009492,2026-08-29,Dallas,commercial,COM-A,160,3,,
KH-CLM-009206,KB0009493,2026-08-29,Dallas,commercial,COM-A,75,1,,
KH-CLM-009207,KB0009494,2026-08-29,Dallas,commercial,COM-A,295,4,,
KH-CLM-009208,KB0009495,2026-08-29,Dallas,Medicare,MEDICARE,255,3,,timely filing
KH-CLM-009209,KB0009496,2026-08-29,Dallas,commercial,COM-B,299,1,,
KH-CLM-009210,KB0009497,2026-08-29,Dallas,commercial,COM-A,220,4,,
KH-CLM-009211,KB0009498,2026-08-29,Dallas,self-pay,SELF,260,4,,
KH-CLM-009212,KB0009499,2026-08-29,Dallas,commercial,COM-A,299,1,,
KH-CLM-009213,KB0009500,2026-08-29,Dallas,Medicaid,MEDICAID-TX,205,3,,
KH-CLM-009214,KB0009501,2026-08-29,Phoenix,commercial,COM-C,115,2,,
KH-CLM-009215,KB0009502,2026-08-29,Phoenix,commercial,COM-B,205,4,,
KH-CLM-009216,KB0009503,2026-08-29,Phoenix,Medicare,MEDICARE,115,2,,
KH-CLM-009217,KB0009504,2026-08-29,Phoenix,commercial,COM-A,349,1,,
KH-CLM-009218,KB0009505,2026-08-29,Phoenix,commercial,COM-C,149,1,,
KH-CLM-009219,KB0009506,2026-08-29,Phoenix,Medicare,MEDICARE,349,1,,
KH-CLM-009220,KB0009507,2026-08-29,Phoenix,Medicaid,MEDICAID-AZ,90,2,,
KH-CLM-009221,KB0009508,2026-08-29,Phoenix,commercial,COM-C,150,1,,
KH-CLM-009222,KB0009509,2026-08-29,Phoenix,Medicare,MEDICARE,160,3,,
KH-CLM-009223,KB0009510,2026-08-29,Phoenix,self-pay,SELF,299,1,,
KH-CLM-009224,KB0009511,2026-08-29,Phoenix,commercial,COM-B,299,1,,
KH-CLM-009225,KB0009512,2026-08-29,Phoenix,commercial,COM-A,90,2,,eligibility or coverage
KH-CLM-009226,KB0009513,2026-08-29,Phoenix,commercial,COM-C,215,2,,
KH-CLM-009227,KB0009514,2026-08-29,New York,commercial,COM-A,270,3,,
KH-CLM-009228,KB0009516,2026-08-29,New York,commercial,COM-A,220,4,,
KH-CLM-009229,KB0009517,2026-08-29,New York,Medicare,MEDICARE,75,2,,
KH-CLM-009230,KB0009518,2026-08-29,New York,commercial,COM-C,95,1,,
KH-CLM-009231,KB0009519,2026-08-29,New York,commercial,COM-C,299,1,,missing or invalid information
KH-CLM-009232,KB0009520,2026-08-29,New York,Medicaid,MEDICAID-NY,75,1,,
KH-CLM-009233,KB0009521,2026-08-29,New York,self-pay,SELF,149,1,,
KH-CLM-009234,KB0009522,2026-08-29,New York,commercial,COM-B,319,2,,medical necessity
KH-CLM-009235,KB0009523,2026-08-29,New York,commercial,COM-C,150,1,,missing or invalid information
KH-CLM-009236,KB0009524,2026-08-29,New York,Medicaid,MEDICAID-NY,90,2,,eligibility or coverage
KH-CLM-009237,KB0009525,2026-08-29,New York,commercial,COM-C,319,2,,medical necessity
KH-CLM-009238,KB0009526,2026-08-29,Chicago,Medicare,MEDICARE,115,2,,
KH-CLM-009239,KB0009527,2026-08-29,Chicago,commercial,COM-A,220,3,,
KH-CLM-009240,KB0009528,2026-08-29,Chicago,commercial,COM-B,155,2,,
KH-CLM-009241,KB0009529,2026-08-29,Chicago,self-pay,SELF,$85.00,1,,
KH-CLM-009242,KB0009530,2026-08-29,Chicago,commercial,COM-A,75,1,,
KH-CLM-009243,KB0009531,2026-08-29,Chicago,commercial,COM-A,175,4,,
KH-CLM-009244,KB0009532,2026-08-29,Atlanta,commercial,COM-A,85,1,,
KH-CLM-009245,KB0009533,2026-08-29,Atlanta,Medicare,MEDICARE,150,2,,
KH-CLM-009246,KB0009534,2026-08-29,Atlanta,commercial,COM-A,275,3,,
KH-CLM-009247,KB0009535,2026-08-29,Atlanta,commercial,COM-A,95,1,,
KH-CLM-009248,KB0009536,2026-08-29,Atlanta,self-pay,SELF,135,3,,
KH-CLM-009249,KB0009537,2026-08-29,Atlanta,self-pay,SELF,75,1,,
KH-CLM-009250,KB0009538,2026-08-29,Atlanta,commercial,COM-A,299,1,,
KH-CLM-009251,KB0009539,2026-08-29,Atlanta,commercial,COM-B,200,3,,
KH-CLM-009252,KB0009540,2026-08-29,Atlanta,commercial,COM-A,169,2,,missing or invalid information
KH-CLM-009253,KB0009541,2026-08-29,Atlanta,Medicaid,MEDICAID-GA,180,3,,missing or invalid information
KH-CLM-009254,KB0009542,2026-08-29,Atlanta,commercial,COM-B,45,1,,
KH-CLM-009255,KB0009543,2026-08-29,Philadelphia,commercial,COM-A,105,2,,
KH-CLM-009256,KB0009544,2026-08-29,Philadelphia,commercial,COM-A,65,1,,
KH-CLM-009257,KB0009545,2026-08-29,Philadelphia,commercial,COM-A,150,1,,
KH-CLM-009258,KB0009546,2026-08-29,Philadelphia,Medicare,MEDICARE,299,1,,
KH-CLM-009259,KB0009547,2026-08-29,Philadelphia,Medicaid,MEDICAID-PA,299,1,,
KH-CLM-009260,KB0009548,2026-08-29,Philadelphia,commercial,COM-C,365,4,,
KH-CLM-009261,KB0009549,2026-08-29,Philadelphia,commercial,COM-A,180,2,,
KH-CLM-009262,KB0009550,2026-08-30,Dallas,commercial,COM-C,55,1,,
KH-CLM-009263,KB0009552,2026-08-30,Dallas,Medicare,MEDICARE,175,3,,
KH-CLM-009264,KB0009553,2026-08-30,Dallas,Medicaid,MEDICAID-TX,290,3,,
KH-CLM-009265,KB0009554,2026-08-30,Dallas,commercial,COM-C,145,2,,
KH-CLM-009266,KB0009555,2026-08-30,Dallas,Medicaid,MEDICAID-TX,210,4,,
KH-CLM-009267,KB0009556,2026-08-30,Dallas,commercial,COM-B,95,2,,missing or invalid information
KH-CLM-009268,KB0009557,2026-08-30,Dallas,commercial,COM-C,75,2,,prior authorization
KH-CLM-009269,KB0009558,2026-08-30,Dallas,commercial,COM-A,149,1,,
KH-CLM-009270,KB0009559,2026-08-30,Dallas,Medicare,MEDICARE,250,3,,
KH-CLM-009271,KB0009560,2026-08-30,Dallas,self-pay,SELF,245,2,,
KH-CLM-009272,KB0009561,2026-08-30,Dallas,commercial,COM-B,360,5,,
KH-CLM-009273,KB0009562,2026-08-30,Dallas,commercial,COM-B,349,1,,non-covered service
KH-CLM-009274,KB0009563,2026-08-30,Dallas,commercial,COM-C,85,1,,
KH-CLM-009275,KB0009564,2026-08-30,Dallas,commercial,COM-B,85,2,,
KH-CLM-009276,KB0009566,2026-08-30,Phoenix,Medicare,MEDICARE,169,2,,
KH-CLM-009277,KB0009567,2026-08-30,Phoenix,Medicare,MEDICARE,30,1,,
KH-CLM-009278,KB0009568,2026-08-30,Phoenix,Medicare,MEDICARE,95,2,,
KH-CLM-009279,KB0009569,2026-08-30,Phoenix,commercial,COM-C,149,1,,missing or invalid information
KH-CLM-009280,KB0009570,2026-08-30,Phoenix,commercial,COM-C,149,1,,
KH-CLM-009281,KB0009571,2026-08-30,Phoenix,self-pay,SELF,95,1,,
KH-CLM-009282,KB0009572,2026-08-30,Phoenix,Medicare,MEDICARE,349,1,,
KH-CLM-009283,KB0009573,2026-08-30,Phoenix,commercial,COM-B,120,2,,
KH-CLM-009284,KB0009574,2026-08-30,Phoenix,Medicare,MEDICARE,355,4,,
KH-CLM-009285,KB0009575,2026-08-30,Phoenix,commercial,COM-A,135,2,,
KH-CLM-009286,KB0009576,2026-08-30,Phoenix,commercial,COM-C,105,2,,eligibility or coverage
KH-CLM-009287,KB0009577,2026-08-30,Phoenix,commercial,COM-B,149,1,,eligibility or coverage
KH-CLM-009288,KB0009578,2026-08-30,New York,Medicare,MEDICARE,85,1,,
KH-CLM-009289,KB0009579,2026-08-30,New York,commercial,COM-B,75,1,,
KH-CLM-009290,KB0009580,2026-08-30,New York,Medicaid,MEDICAID-NY,80,2,,
KH-CLM-009291,KB0009581,2026-08-30,New York,self-pay,SELF,300,4,,
KH-CLM-009292,KB0009582,2026-08-30,New York,commercial,COM-C,25,1,,
KH-CLM-009293,KB0009583,2026-08-30,New York,commercial,COM-A,319,2,,
KH-CLM-009294,KB0009584,2026-08-30,New York,commercial,COM-B,149,1,,
KH-CLM-009295,KB0009585,2026-08-30,New York,commercial,COM-A,270,3,,
KH-CLM-009296,KB0009586,2026-08-30,New York,commercial,COM-A,60,1,,
KH-CLM-009297,KB0009587,2026-08-30,Chicago,commercial,COM-A,70,1,,
KH-CLM-009298,KB0009588,2026-08-30,Chicago,commercial,COM-B,25,1,,
KH-CLM-009299,KB0009589,2026-08-30,Chicago,commercial,COM-A,255,4,,
KH-CLM-009300,KB0009590,2026-08-30,Chicago,self-pay,SELF,349,1,,
KH-CLM-009301,KB0009591,2026-08-30,Chicago,commercial,COM-A,299,1,,
KH-CLM-009302,KB0009592,2026-08-30,Chicago,Medicare,MEDICARE,$30.00,1,,
KH-CLM-009303,KB0009593,2026-08-30,Atlanta,Medicaid,MEDICAID-GA,149,1,,missing or invalid information
KH-CLM-009304,KB0009594,2026-08-30,Atlanta,commercial,COM-B,55,1,,
KH-CLM-009305,KB0009595,2026-08-30,Atlanta,commercial,COM-A,75,1,,
KH-CLM-009306,KB0009596,2026-08-30,Atlanta,commercial,COM-A,319,2,,
KH-CLM-009307,KB0009597,2026-08-30,Atlanta,commercial,COM-A,95,1,,
KH-CLM-009308,KB0009598,2026-08-30,Atlanta,Medicare,MEDICARE,30,1,,
KH-CLM-009309,KB0009599,2026-08-30,Atlanta,commercial,COM-B,85,2,,missing or invalid information
KH-CLM-009310,KB0009600,2026-08-30,Atlanta,Medicare,MEDICARE,145,2,,
KH-CLM-009311,KB0009601,2026-08-30,Atlanta,commercial,COM-A,225,4,,non-covered service
KH-CLM-009312,KB0009602,2026-08-30,Atlanta,Medicare,MEDICARE,215,3,,
KH-CLM-009313,KB0009603,2026-08-30,Atlanta,commercial,COM-A,190,3,,
KH-CLM-009314,KB0009604,2026-08-30,Philadelphia,Medicaid,MEDICAID-PA,30,1,,
KH-CLM-009315,KB0009605,2026-08-30,Philadelphia,commercial,COM-C,55,2,,
KH-CLM-009316,KB0009606,2026-08-30,Philadelphia,Medicare,MEDICARE,349,1,,timely filing
KH-CLM-009317,KB0009607,2026-08-31,Dallas,commercial,COM-A,299,1,,
KH-CLM-009318,KB0009608,2026-08-31,Dallas,commercial,COM-B,135,2,,
KH-CLM-009319,KB0009609,2026-08-31,Dallas,self-pay,SELF,149,1,,
KH-CLM-009320,KB0009610,2026-08-31,Dallas,Medicaid,MEDICAID-TX,149,1,,
KH-CLM-009321,KB0009611,2026-08-31,Dallas,commercial,COM-C,349,1,,
KH-CLM-009322,KB0009613,2026-08-31,Dallas,commercial,COM-C,130,2,,
KH-CLM-009323,KB0009614,2026-08-31,Dallas,Medicare,MEDICARE,275,3,,
KH-CLM-009324,KB0009615,2026-08-31,Dallas,self-pay,SELF,75,2,,
KH-CLM-009325,KB0009616,2026-08-31,Dallas,commercial,COM-A,215,2,,
KH-CLM-009326,KB0009617,2026-08-31,Dallas,commercial,COM-A,125,2,,
KH-CLM-009327,KB0009618,2026-08-31,Dallas,commercial,COM-B,345,5,,
KH-CLM-009328,KB0009619,2026-08-31,Phoenix,self-pay,SELF,149,1,,
KH-CLM-009329,KB0009620,2026-08-31,Phoenix,Medicaid,MEDICAID-AZ,290,4,,
KH-CLM-009330,KB0009621,2026-08-31,Phoenix,commercial,COM-C,85,2,,
KH-CLM-009331,KB0009622,2026-08-31,Phoenix,Medicaid,MEDICAID-AZ,190,4,,
KH-CLM-009332,KB0009623,2026-08-31,Phoenix,commercial,COM-B,280,5,,
KH-CLM-009333,KB0009624,2026-08-31,Phoenix,Medicaid,MEDICAID-AZ,149,1,,
KH-CLM-009334,KB0009625,2026-08-31,Phoenix,Medicare,MEDICARE,245,4,,
KH-CLM-009335,KB0009626,2026-08-31,Phoenix,commercial,COM-C,125,2,,
KH-CLM-009336,KB0009627,2026-08-31,Phoenix,commercial,COM-C,30,1,,
KH-CLM-009337,KB0009628,2026-08-31,Phoenix,Medicaid,MEDICAID-AZ,185,3,,eligibility or coverage
KH-CLM-009338,KB0009629,2026-08-31,Phoenix,commercial,COM-B,145,2,,
KH-CLM-009339,KB0009630,2026-08-31,Phoenix,commercial,COM-C,299,1,,
KH-CLM-009340,KB0009631,2026-08-31,Phoenix,commercial,COM-B,165,3,,
KH-CLM-009341,KB0009632,2026-08-31,Phoenix,commercial,COM-B,165,2,,
KH-CLM-009342,KB0009633,2026-08-31,Phoenix,commercial,COM-C,149,1,,
KH-CLM-009343,KB0009634,2026-08-31,Phoenix,self-pay,SELF,135,2,,
KH-CLM-009344,KB0009635,2026-08-31,New York,commercial,COM-B,195,2,,
KH-CLM-009345,KB0009636,2026-08-31,New York,Medicaid,MEDICAID-NY,130,3,,
KH-CLM-009346,KB0009637,2026-08-31,New York,Medicaid,MEDICAID-NY,319,2,,
KH-CLM-009347,KB0009638,2026-08-31,New York,commercial,COM-C,145,2,,
KH-CLM-009348,KB0009639,2026-08-31,New York,Medicare,MEDICARE,50,2,,
KH-CLM-009349,KB0009640,2026-08-31,New York,Medicare,MEDICARE,45,2,,
KH-CLM-009350,KB0009641,2026-08-31,New York,Medicare,MEDICARE,65,1,,
KH-CLM-009351,KB0009642,2026-08-31,New York,Medicare,MEDICARE,205,3,,
KH-CLM-009352,KB0009643,2026-08-31,New York,commercial,COM-B,100,2,,
KH-CLM-009353,KB0009644,2026-08-31,New York,commercial,COM-B,25,1,,
KH-CLM-009354,KB0009645,2026-08-31,New York,Medicaid,MEDICAID-NY,85,1,,
KH-CLM-009355,KB0009646,2026-08-31,New York,Medicare,MEDICARE,330,4,,
KH-CLM-009356,KB0009647,2026-08-31,New York,commercial,COM-A,60,1,,
KH-CLM-009357,KB0009648,2026-08-31,New York,Medicare,MEDICARE,165,3,,
KH-CLM-009358,KB0009649,2026-08-31,Chicago,commercial,COM-A,299,1,,medical necessity
KH-CLM-009359,KB0009650,2026-08-31,Chicago,Medicare,MEDICARE,270,3,,
KH-CLM-009360,KB0009651,2026-08-31,Chicago,Medicare,MEDICARE,95,1,,
KH-CLM-009361,KB0009652,2026-08-31,Chicago,Medicaid,MEDICAID-IL,55,1,,
KH-CLM-009362,KB0009653,2026-08-31,Chicago,Medicare,MEDICARE,265,4,,
KH-CLM-009363,KB0009654,2026-08-31,Chicago,self-pay,SELF,150,3,,
KH-CLM-009364,KB0009655,2026-08-31,Chicago,Medicaid,MEDICAID-IL,45,1,,eligibility or coverage
KH-CLM-009365,KB0009656,2026-08-31,Chicago,commercial,COM-C,299,1,,
KH-CLM-009366,KB0009657,2026-08-31,Chicago,commercial,COM-A,115,2,,
KH-CLM-009367,KB0009658,2026-08-31,Atlanta,Medicaid,MEDICAID-GA,175,2,,
KH-CLM-009368,KB0009659,2026-08-31,Atlanta,Medicare,MEDICARE,30,1,,
KH-CLM-009369,KB0009661,2026-08-31,Atlanta,commercial,COM-C,149,1,,non-covered service
KH-CLM-009370,KB0009662,2026-08-31,Atlanta,Medicare,MEDICARE,149,1,,
KH-CLM-009371,KB0009663,2026-08-31,Atlanta,Medicaid,MEDICAID-GA,220,3,,
KH-CLM-009372,KB0009664,2026-08-31,Atlanta,Medicaid,MEDICAID-GA,325,4,,
KH-CLM-009373,KB0009665,2026-08-31,Atlanta,commercial,COM-A,50,2,,
KH-CLM-009374,KB0009666,2026-08-31,Atlanta,commercial,COM-A,30,1,,
KH-CLM-009375,KB0009667,2026-08-31,Atlanta,commercial,COM-A,95,2,,
KH-CLM-009376,KB0009668,2026-08-31,Atlanta,Medicaid,MEDICAID-GA,299,1,,
KH-CLM-009377,KB0009669,2026-08-31,Atlanta,commercial,COM-A,210,2,,
KH-CLM-009378,KB0009670,2026-08-31,Philadelphia,commercial,COM-C,150,1,,
KH-CLM-009379,KB0009671,2026-08-31,Philadelphia,Medicare,MEDICARE,349,1,,
KH-CLM-009380,KB0009672,2026-08-31,Philadelphia,commercial,COM-C,299,1,,
KH-CLM-009381,KB0009673,2026-08-31,Philadelphia,Medicare,MEDICARE,45,1,,
KH-CLM-009382,KB0009674,2026-08-31,Philadelphia,Medicaid,MEDICAID-PA,349,1,,missing or invalid information
KH-CLM-009383,KB0009675,2026-08-31,Philadelphia,commercial,COM-B,120,2,,
KH-CLM-009384,KB0009676,2026-08-31,Philadelphia,commercial,COM-B,299,1,,
KH-CLM-009385,KB0009677,2026-08-31,Philadelphia,Medicare,MEDICARE,85,2,,
KH-CLM-009386,KB0009678,2026-08-31,Philadelphia,Medicare,MEDICARE,149,1,,
KH-CLM-009387,KB0009680,2026-09-01,Dallas,Medicaid,MEDICAID-TX,95,1,,
KH-CLM-009388,KB0009681,2026-09-01,Dallas,Medicaid,MEDICAID-TX,160,2,,
KH-CLM-009389,KB0009682,2026-09-01,Dallas,Medicaid,MEDICAID-TX,170,3,,medical necessity
KH-CLM-009390,KB0009683,2026-09-01,Dallas,Medicare,MEDICARE,195,2,,
KH-CLM-009391,KB0009684,2026-09-01,Dallas,self-pay,SELF,60,1,,
KH-CLM-009392,KB0009685,2026-09-01,Dallas,commercial,COM-A,360,4,,
KH-CLM-009393,KB0009686,2026-09-01,Dallas,Medicare,MEDICARE,299,1,,
KH-CLM-009394,KB0009687,2026-09-01,Dallas,commercial,COM-C,285,4,,
KH-CLM-009395,KB0009688,2026-09-01,Dallas,Medicare,MEDICARE,70,2,,
KH-CLM-009396,KB0009689,2026-09-01,Dallas,Medicare,MEDICARE,95,1,,
KH-CLM-009397,KB0009690,2026-09-01,Dallas,Medicare,MEDICARE,25,1,,
KH-CLM-009398,KB0009691,2026-09-01,Dallas,Medicare,MEDICARE,115,2,,
KH-CLM-009399,KB0009692,2026-09-01,Dallas,Medicare,MEDICARE,30,1,,
KH-CLM-009400,KB0009694,2026-09-01,Dallas,Medicaid,MEDICAID-TX,65,1,,
KH-CLM-009401,KB0009695,2026-09-01,Phoenix,Medicaid,MEDICAID-AZ,349,1,,
KH-CLM-009402,KB0009696,2026-09-01,Phoenix,commercial,COM-A,55,1,,
KH-CLM-009403,KB0009697,2026-09-01,Phoenix,commercial,COM-A,95,1,,
KH-CLM-009404,KB0009698,2026-09-01,Phoenix,Medicare,MEDICARE,120,2,,
KH-CLM-009405,KB0009699,2026-09-01,Phoenix,Medicaid,MEDICAID-AZ,299,1,,
KH-CLM-009406,KB0009700,2026-09-01,Phoenix,Medicare,MEDICARE,299,1,,
KH-CLM-009407,KB0009701,2026-09-01,Phoenix,commercial,COM-C,125,2,,
KH-CLM-009408,KB0009702,2026-09-01,Phoenix,commercial,COM-B,149,1,,
KH-CLM-009409,KB0009703,2026-09-01,Phoenix,Medicare,MEDICARE,299,1,,
KH-CLM-009410,KB0009705,2026-09-01,Phoenix,commercial,COM-A,170,3,,
KH-CLM-009411,KB0009706,2026-09-01,Phoenix,commercial,COM-C,65,1,,
KH-CLM-009412,KB0009707,2026-09-01,Phoenix,Medicare,MEDICARE,299,1,,
KH-CLM-009413,KB0009708,2026-09-01,New York,commercial,COM-A,299,1,,
KH-CLM-009414,KB0009709,2026-09-01,New York,commercial,COM-A,60,2,,
KH-CLM-009415,KB0009710,2026-09-01,New York,Medicare,MEDICARE,299,1,,
KH-CLM-009416,KB0009711,2026-09-01,New York,commercial,COM-A,299,1,,prior authorization
KH-CLM-009417,KB0009712,2026-09-01,New York,commercial,COM-B,75,2,,
KH-CLM-009418,KB0009713,2026-09-01,New York,commercial,COM-A,349,1,,
KH-CLM-009419,KB0009714,2026-09-01,New York,commercial,COM-A,95,1,,
KH-CLM-009420,KB0009715,2026-09-01,New York,commercial,COM-C,349,1,,
KH-CLM-009421,KB0009716,2026-09-01,New York,Medicaid,MEDICAID-NY,145,3,,
KH-CLM-009422,KB0009717,2026-09-01,New York,commercial,COM-A,45,1,,
KH-CLM-009423,KB0009718,2026-09-01,New York,commercial,COM-A,235,2,,
KH-CLM-009424,KB0009719,2026-09-01,Chicago,commercial,COM-C,55,1,,
KH-CLM-009425,KB0009720,2026-09-01,Chicago,commercial,COM-C,120,3,,
KH-CLM-009426,KB0009721,2026-09-01,Chicago,commercial,COM-C,30,1,,
KH-CLM-009427,KB0009722,2026-09-01,Chicago,commercial,COM-B,130,2,,
KH-CLM-009428,KB0009723,2026-09-01,Chicago,commercial,COM-B,290,4,,
KH-CLM-009429,KB0009724,2026-09-01,Chicago,self-pay,SELF,150,1,,
KH-CLM-009430,KB0009725,2026-09-01,Atlanta,Medicare,MEDICARE,355,4,,
KH-CLM-009431,KB0009726,2026-09-01,Atlanta,self-pay,SELF,149,1,,
KH-CLM-009432,KB0009727,2026-09-01,Atlanta,self-pay,SELF,270,3,,
KH-CLM-009433,KB0009728,2026-09-01,Atlanta,commercial,COM-C,169,2,,
KH-CLM-009434,KB0009729,2026-09-01,Atlanta,commercial,COM-A,345,4,,
KH-CLM-009435,KB0009730,2026-09-01,Atlanta,commercial,COM-A,349,1,,
KH-CLM-009436,KB0009731,2026-09-01,Atlanta,commercial,COM-C,299,1,,
KH-CLM-009437,KB0009732,2026-09-01,Atlanta,Medicaid,MEDICAID-GA,299,1,,
KH-CLM-009438,KB0009733,2026-09-01,Atlanta,commercial,COM-C,270,4,,
KH-CLM-009439,KB0009734,2026-09-01,Atlanta,commercial,COM-C,120,2,,
KH-CLM-009440,KB0009735,2026-09-01,Atlanta,commercial,COM-A,30,1,,
KH-CLM-009441,KB0009736,2026-09-01,Atlanta,commercial,COM-B,299,1,,
KH-CLM-009442,KB0009737,2026-09-01,Atlanta,commercial,COM-B,255,5,,medical necessity
KH-CLM-009443,KB0009738,2026-09-01,Atlanta,Medicaid,MEDICAID-GA,285,3,,
KH-CLM-009444,KB0009739,2026-09-01,Philadelphia,commercial,COM-B,150,3,,
KH-CLM-009445,KB0009740,2026-09-01,Philadelphia,Medicare,MEDICARE,299,1,,
KH-CLM-009446,KB0009741,2026-09-01,Philadelphia,commercial,COM-A,95,1,,
KH-CLM-009447,KB0009742,2026-09-01,Philadelphia,commercial,COM-A,299,1,,
KH-CLM-009448,KB0009743,2026-09-01,Philadelphia,commercial,COM-C,145,2,,
KH-CLM-009449,KB0009744,2026-09-01,Philadelphia,commercial,COM-A,299,1,,
KH-CLM-009450,KB0009745,2026-09-01,Philadelphia,commercial,COM-B,30,1,,
KH-CLM-009451,KB0009746,2026-09-02,Dallas,self-pay,SELF,45,1,,
KH-CLM-009452,KB0009747,2026-09-02,Dallas,Medicaid,MEDICAID-TX,235,4,,
KH-CLM-009453,KB0009748,2026-09-02,Dallas,commercial,COM-A,65,1,,
KH-CLM-009454,KB0009749,2026-09-02,Dallas,commercial,COM-C,299,1,,non-covered service
KH-CLM-009455,KB0009750,2026-09-02,Dallas,self-pay,SELF,30,1,,
KH-CLM-009456,KB0009751,2026-09-02,Dallas,commercial,COM-B,30,1,,
KH-CLM-009457,KB0009752,2026-09-02,Dallas,commercial,COM-A,149,1,,
KH-CLM-009458,KB0009753,2026-09-02,Dallas,commercial,COM-B,60,2,,
KH-CLM-009459,KB0009754,2026-09-02,Dallas,Medicare,MEDICARE,235,4,,
KH-CLM-009460,KB0009755,2026-09-02,Dallas,commercial,COM-A,65,1,,
KH-CLM-009461,KB0009756,2026-09-02,Dallas,Medicare,MEDICARE,330,4,,
KH-CLM-009462,KB0009757,2026-09-02,Dallas,commercial,COM-C,149,1,,duplicate claim
KH-CLM-009463,KB0009758,2026-09-02,Phoenix,Medicare,MEDICARE,85,1,,
KH-CLM-009464,KB0009759,2026-09-02,Phoenix,Medicare,MEDICARE,340,4,,
KH-CLM-009465,KB0009760,2026-09-02,Phoenix,commercial,COM-A,90,2,,
KH-CLM-009466,KB0009761,2026-09-02,Phoenix,Medicare,MEDICARE,149,1,,
KH-CLM-009467,KB0009762,2026-09-02,Phoenix,commercial,COM-B,110,2,,
KH-CLM-009468,KB0009763,2026-09-02,Phoenix,Medicare,MEDICARE,140,2,,
KH-CLM-009469,KB0009764,2026-09-02,Phoenix,Medicare,MEDICARE,149,1,,
KH-CLM-009470,KB0009765,2026-09-02,Phoenix,self-pay,SELF,55,2,,
KH-CLM-009471,KB0009766,2026-09-02,Phoenix,Medicare,MEDICARE,100,2,,
KH-CLM-009472,KB0009767,2026-09-02,Phoenix,commercial,COM-A,300,4,,prior authorization
KH-CLM-009473,KB0009768,2026-09-02,Phoenix,commercial,COM-A,150,1,,
KH-CLM-009474,KB0009769,2026-09-02,Phoenix,commercial,COM-A,65,1,,
KH-CLM-009475,KB0009770,2026-09-02,Phoenix,commercial,COM-B,25,1,,
KH-CLM-009476,KB0009771,2026-09-02,New York,commercial,COM-C,160,4,,
KH-CLM-009477,KB0009772,2026-09-02,New York,commercial,COM-A,319,2,,
KH-CLM-009478,KB0009773,2026-09-02,New York,commercial,COM-A,30,1,,
KH-CLM-009479,KB0009774,2026-09-02,New York,Medicaid,MEDICAID-NY,90,2,,
KH-CLM-009480,KB0009775,2026-09-02,New York,Medicare,MEDICARE,100,2,,
KH-CLM-009481,KB0009776,2026-09-02,New York,commercial,COM-A,100,3,,missing or invalid information
KH-CLM-009482,KB0009777,2026-09-02,New York,commercial,COM-C,299,1,,
KH-CLM-009483,KB0009778,2026-09-02,New York,commercial,COM-A,285,3,,
KH-CLM-009484,KB0009779,2026-09-02,New York,commercial,COM-B,30,1,,
KH-CLM-009485,KB0009780,2026-09-02,New York,Medicare,MEDICARE,300,4,,
KH-CLM-009486,KB0009781,2026-09-02,New York,self-pay,SELF,349,1,,
KH-CLM-009487,KB0009782,2026-09-02,New York,self-pay,SELF,25,1,,
KH-CLM-009488,KB0009783,2026-09-02,New York,commercial,COM-B,290,4,,
KH-CLM-009489,KB0009784,2026-09-02,Chicago,commercial,COM-A,115,2,,
KH-CLM-009490,KB0009785,2026-09-02,Chicago,commercial,COM-A,185,3,,
KH-CLM-009491,KB0009786,2026-09-02,Chicago,Medicaid,MEDICAID-IL,349,1,,
KH-CLM-009492,KB0009787,2026-09-02,Chicago,Medicare,MEDICARE,70,1,,
KH-CLM-009493,KB0009788,2026-09-02,Atlanta,commercial,COM-A,75,2,,
KH-CLM-009494,KB0009789,2026-09-02,Atlanta,self-pay,SELF,85,1,,
KH-CLM-009495,KB0009790,2026-09-02,Atlanta,Medicare,MEDICARE,95,3,,
KH-CLM-009496,KB0009791,2026-09-02,Atlanta,Medicare,MEDICARE,100,2,,
KH-CLM-009497,KB0009792,2026-09-02,Atlanta,commercial,COM-A,330,4,,
KH-CLM-009498,KB0009793,2026-09-02,Atlanta,Medicare,MEDICARE,280,4,,
KH-CLM-009499,KB0009794,2026-09-02,Atlanta,Medicare,MEDICARE,149,1,,
KH-CLM-009500,KB0009795,2026-09-02,Atlanta,Medicare,MEDICARE,299,1,,
KH-CLM-009501,KB0009796,2026-09-02,Atlanta,Medicaid,MEDICAID-GA,220,3,,
KH-CLM-009502,KB0009797,2026-09-02,Atlanta,commercial,COM-A,149,1,,
KH-CLM-009503,KB0009798,2026-09-02,Philadelphia,commercial,COM-C,130,2,,
KH-CLM-009504,KB0009799,2026-09-02,Philadelphia,Medicare,MEDICARE,45,1,,
KH-CLM-009505,KB0009800,2026-09-02,Philadelphia,Medicare,MEDICARE,85,2,,
KH-CLM-009506,KB0009801,2026-09-02,Philadelphia,Medicaid,MEDICAID-PA,25,1,,timely filing
KH-CLM-009507,KB0009802,2026-09-02,Philadelphia,Medicare,MEDICARE,110,2,,
KH-CLM-009508,KB0009803,2026-09-02,Philadelphia,commercial,COM-C,240,4,,timely filing
KH-CLM-009509,KB0009804,2026-09-02,Philadelphia,Medicaid,MEDICAID-PA,$150.00,1,,
KH-CLM-009510,KB0009805,2026-09-02,Philadelphia,Medicare,MEDICARE,285,5,,
KH-CLM-009511,KB0009806,2026-09-02,Philadelphia,commercial,COM-C,285,5,,
KH-CLM-009512,KB0009807,2026-09-03,Dallas,Medicare,MEDICARE,115,2,,
KH-CLM-009513,KB0009808,2026-09-03,Dallas,commercial,COM-C,70,1,,
KH-CLM-009514,KB0009809,2026-09-03,Dallas,Medicare,MEDICARE,175,2,,
KH-CLM-009515,KB0009810,2026-09-03,Dallas,commercial,COM-B,299,1,,
KH-CLM-009516,KB0009811,2026-09-03,Dallas,commercial,COM-B,350,4,,
KH-CLM-009517,KB0009812,2026-09-03,Dallas,Medicare,MEDICARE,140,2,,
KH-CLM-009518,KB0009813,2026-09-03,Dallas,commercial,COM-A,295,4,,
KH-CLM-009519,KB0009814,2026-09-03,Dallas,Medicaid,MEDICAID-TX,299,1,,timely filing
KH-CLM-009520,KB0009815,2026-09-03,Dallas,commercial,COM-A,65,1,,
KH-CLM-009521,KB0009816,2026-09-03,Dallas,commercial,COM-A,95,2,,
KH-CLM-009522,KB0009817,2026-09-03,Dallas,commercial,COM-C,149,1,,
KH-CLM-009523,KB0009818,2026-09-03,Dallas,commercial,COM-A,60,2,,
KH-CLM-009524,KB0009819,2026-09-03,Dallas,commercial,COM-B,155,2,,
KH-CLM-009525,KB0009820,2026-09-03,Dallas,commercial,COM-C,170,2,,
KH-CLM-009526,KB0009821,2026-09-03,Dallas,Medicare,MEDICARE,75,1,,non-covered service
KH-CLM-009527,KB0009822,2026-09-03,Dallas,commercial,COM-C,149,1,,
KH-CLM-009528,KB0009823,2026-09-03,Dallas,Medicare,MEDICARE,149,1,,
KH-CLM-009529,KB0009824,2026-09-03,Dallas,Medicaid,MEDICAID-TX,299,1,,
KH-CLM-009530,KB0009825,2026-09-03,Dallas,Medicare,MEDICARE,299,1,,
KH-CLM-009531,KB0009826,2026-09-03,Dallas,commercial,COM-B,85,3,,
KH-CLM-009532,KB0009827,2026-09-03,Phoenix,Medicaid,MEDICAID-AZ,215,4,,
KH-CLM-009533,KB0009828,2026-09-03,Phoenix,commercial,COM-B,230,3,,
KH-CLM-009534,KB0009830,2026-09-03,Phoenix,commercial,COM-B,30,1,,
KH-CLM-009535,KB0009831,2026-09-03,Phoenix,commercial,COM-C,130,2,,
KH-CLM-009536,KB0009832,2026-09-03,Phoenix,self-pay,SELF,85,1,,
KH-CLM-009537,KB0009833,2026-09-03,Phoenix,Medicaid,MEDICAID-AZ,149,1,,
KH-CLM-009538,KB0009834,2026-09-03,Phoenix,Medicare,MEDICARE,30,1,,
KH-CLM-009539,KB0009835,2026-09-03,New York,commercial,COM-B,349,1,,
KH-CLM-009540,KB0009836,2026-09-03,New York,commercial,COM-B,90,2,,
KH-CLM-009541,KB0009837,2026-09-03,New York,commercial,COM-C,299,1,,
KH-CLM-009542,KB0009838,2026-09-03,New York,Medicaid,MEDICAID-NY,299,1,,
KH-CLM-009543,KB0009839,2026-09-03,New York,Medicare,MEDICARE,30,1,,
KH-CLM-009544,KB0009840,2026-09-03,New York,commercial,COM-C,369,2,,
KH-CLM-009545,KB0009841,2026-09-03,New York,Medicare,MEDICARE,65,1,,
KH-CLM-009546,KB0009842,2026-09-03,New York,commercial,COM-C,75,2,,
KH-CLM-009547,KB0009843,2026-09-03,New York,Medicare,MEDICARE,65,1,,
KH-CLM-009548,KB0009844,2026-09-03,New York,Medicare,MEDICARE,105,2,,medical necessity
KH-CLM-009549,KB0009845,2026-09-03,New York,Medicare,MEDICARE,105,2,,
KH-CLM-009550,KB0009846,2026-09-03,New York,commercial,COM-B,255,3,,duplicate claim
KH-CLM-009551,KB0009847,2026-09-03,New York,Medicare,MEDICARE,349,1,,
KH-CLM-009552,KB0009848,2026-09-03,Chicago,self-pay,SELF,180,2,,
KH-CLM-009553,KB0009849,2026-09-03,Chicago,Medicare,MEDICARE,299,1,,
KH-CLM-009554,KB0009850,2026-09-03,Chicago,Medicaid,MEDICAID-IL,299,1,,
KH-CLM-009555,KB0009851,2026-09-03,Chicago,self-pay,SELF,75,2,,
KH-CLM-009556,KB0009852,2026-09-03,Chicago,commercial,COM-A,299,1,,non-covered service
KH-CLM-009557,KB0009853,2026-09-03,Chicago,commercial,COM-A,319,2,,
KH-CLM-009558,KB0009854,2026-09-03,Chicago,commercial,COM-A,325,4,,
KH-CLM-009559,KB0009856,2026-09-03,Atlanta,Medicaid,MEDICAID-GA,70,1,,
KH-CLM-009560,KB0009857,2026-09-03,Atlanta,commercial,COM-A,169,2,,
KH-CLM-009561,KB0009858,2026-09-03,Atlanta,Medicare,MEDICARE,65,1,,
KH-CLM-009562,KB0009859,2026-09-03,Atlanta,Medicaid,MEDICAID-GA,149,1,,
KH-CLM-009563,KB0009860,2026-09-03,Atlanta,Medicaid,MEDICAID-GA,170,3,,
KH-CLM-009564,KB0009861,2026-09-03,Atlanta,Medicaid,MEDICAID-GA,80,3,,
KH-CLM-009565,KB0009862,2026-09-03,Atlanta,commercial,COM-A,100,2,,
KH-CLM-009566,KB0009863,2026-09-03,Atlanta,commercial,COM-C,275,4,,missing or invalid information
KH-CLM-009567,KB0009864,2026-09-03,Atlanta,commercial,COM-B,120,2,,
KH-CLM-009568,KB0009865,2026-09-03,Atlanta,Medicare,MEDICARE,120,2,,
KH-CLM-009569,KB0009866,2026-09-03,Atlanta,Medicaid,MEDICAID-GA,120,2,,eligibility or coverage
KH-CLM-009570,KB0009867,2026-09-03,Philadelphia,commercial,COM-C,150,2,,
KH-CLM-009571,KB0009868,2026-09-03,Philadelphia,self-pay,SELF,205,4,,
KH-CLM-009572,KB0009869,2026-09-03,Philadelphia,Medicare,MEDICARE,180,3,,
KH-CLM-009573,KB0009870,2026-09-03,Philadelphia,self-pay,SELF,180,2,,
KH-CLM-009574,KB0009871,2026-09-03,Philadelphia,commercial,COM-B,149,1,,
KH-CLM-009575,KB0009872,2026-09-03,Philadelphia,commercial,COM-A,225,2,,
KH-CLM-009576,KB0009873,2026-09-03,Philadelphia,Medicaid,MEDICAID-PA,299,1,,
KH-CLM-009577,KB0009874,2026-09-03,Philadelphia,Medicaid,MEDICAID-PA,150,1,,
KH-CLM-009578,KB0009875,2026-09-03,Philadelphia,Medicaid,MEDICAID-PA,90,2,,
KH-CLM-009579,KB0009876,2026-09-04,Dallas,Medicare,MEDICARE,85,1,,
KH-CLM-009580,KB0009877,2026-09-04,Dallas,self-pay,SELF,200,3,,
KH-CLM-009581,KB0009878,2026-09-04,Dallas,commercial,COM-C,299,1,,
KH-CLM-009582,KB0009879,2026-09-04,Dallas,commercial,COM-A,130,3,,non-covered service
KH-CLM-009583,KB0009880,2026-09-04,Dallas,self-pay,SELF,115,3,,
KH-CLM-009584,KB0009881,2026-09-04,Dallas,commercial,COM-A,215,5,,eligibility or coverage
KH-CLM-009585,KB0009882,2026-09-04,Dallas,Medicare,MEDICARE,25,1,,
KH-CLM-009586,KB0009883,2026-09-04,Dallas,Medicare,MEDICARE,130,2,,
KH-CLM-009587,KB0009884,2026-09-04,Dallas,self-pay,SELF,349,1,,
KH-CLM-009588,KB0009885,2026-09-04,Dallas,Medicare,MEDICARE,115,2,,medical necessity
KH-CLM-009589,KB0009886,2026-09-04,Dallas,Medicare,MEDICARE,275,3,,
KH-CLM-009590,KB0009887,2026-09-04,Dallas,commercial,COM-A,180,2,,non-covered service
KH-CLM-009591,KB0009888,2026-09-04,Dallas,commercial,COM-A,130,3,,
KH-CLM-009592,KB0009889,2026-09-04,Dallas,Medicare,MEDICARE,245,3,,
KH-CLM-009593,KB0009890,2026-09-04,Dallas,Medicare,MEDICARE,25,1,,
KH-CLM-009594,KB0009891,2026-09-04,Dallas,commercial,COM-A,299,1,,
KH-CLM-009595,KB0009892,2026-09-04,Dallas,commercial,COM-A,25,1,,non-covered service
KH-CLM-009596,KB0009893,2026-09-04,Dallas,self-pay,SELF,240,4,,
KH-CLM-009597,KB0009894,2026-09-04,Dallas,self-pay,SELF,115,2,,
KH-CLM-009598,KB0009895,2026-09-04,Dallas,Medicaid,MEDICAID-TX,70,2,,
KH-CLM-009599,KB0009896,2026-09-04,Dallas,commercial,COM-A,30,1,,
KH-CLM-009600,KB0009897,2026-09-04,Phoenix,commercial,COM-B,140,2,,missing or invalid information
KH-CLM-009601,KB0009898,2026-09-04,Phoenix,commercial,COM-B,200,3,,
KH-CLM-009602,KB0009899,2026-09-04,Phoenix,Medicare,MEDICARE,75,1,,
KH-CLM-009603,KB0009900,2026-09-04,Phoenix,commercial,COM-A,299,1,,
KH-CLM-009604,KB0009901,2026-09-04,Phoenix,Medicare,MEDICARE,299,1,,
KH-CLM-009605,KB0009902,2026-09-04,Phoenix,Medicaid,MEDICAID-AZ,175,2,,
KH-CLM-009606,KB0009903,2026-09-04,Phoenix,commercial,COM-C,299,1,,
KH-CLM-009607,KB0009904,2026-09-04,Phoenix,Medicare,MEDICARE,190,3,,
KH-CLM-009608,KB0009905,2026-09-04,Phoenix,commercial,COM-C,299,1,,
KH-CLM-009609,KB0009906,2026-09-04,Phoenix,commercial,COM-B,120,2,,
KH-CLM-009610,KB0009907,2026-09-04,Phoenix,Medicare,MEDICARE,130,2,,
KH-CLM-009611,KB0009908,2026-09-04,Phoenix,Medicaid,MEDICAID-AZ,$135.00,2,,
KH-CLM-009612,KB0009909,2026-09-04,Phoenix,commercial,COM-B,299,1,,
KH-CLM-009613,KB0009910,2026-09-04,Phoenix,Medicare,MEDICARE,205,4,,
KH-CLM-009614,KB0009911,2026-09-04,Phoenix,Medicare,MEDICARE,305,4,,
KH-CLM-009615,KB0009912,2026-09-04,Phoenix,commercial,COM-B,150,1,,
KH-CLM-009616,KB0009913,2026-09-04,New York,commercial,COM-B,299,1,,
KH-CLM-009617,KB0009914,2026-09-04,New York,commercial,COM-C,230,4,,prior authorization
KH-CLM-009618,KB0009915,2026-09-04,New York,commercial,COM-A,299,1,,
KH-CLM-009619,KB0009916,2026-09-04,New York,Medicare,MEDICARE,149,1,,eligibility or coverage
KH-CLM-009620,KB0009917,2026-09-04,New York,Medicare,MEDICARE,85,1,,
KH-CLM-009621,KB0009918,2026-09-04,New York,Medicaid,MEDICAID-NY,285,3,,
KH-CLM-009622,KB0009919,2026-09-04,New York,commercial,COM-B,349,1,,
KH-CLM-009623,KB0009920,2026-09-04,New York,commercial,COM-B,30,1,,
KH-CLM-009624,KB0009921,2026-09-04,New York,Medicaid,MEDICAID-NY,70,1,,
KH-CLM-009625,KB0009922,2026-09-04,New York,commercial,COM-B,299,1,,
KH-CLM-009626,KB0009923,2026-09-04,New York,commercial,COM-A,149,1,,
KH-CLM-009627,KB0009924,2026-09-04,New York,commercial,COM-B,160,2,,
KH-CLM-009628,KB0009925,2026-09-04,New York,commercial,COM-C,165,3,,
KH-CLM-009629,KB0009926,2026-09-04,New York,commercial,COM-C,125,2,,
KH-CLM-009630,KB0009927,2026-09-04,New York,commercial,COM-B,230,3,,
KH-CLM-009631,KB0009928,2026-09-04,Chicago,self-pay,SELF,70,2,,
KH-CLM-009632,KB0009929,2026-09-04,Chicago,commercial,COM-A,115,2,,
KH-CLM-009633,KB0009930,2026-09-04,Chicago,Medicaid,MEDICAID-IL,$205.00,4,,
KH-CLM-009634,KB0009931,2026-09-04,Chicago,self-pay,SELF,115,2,,
KH-CLM-009635,KB0009932,2026-09-04,Atlanta,commercial,COM-C,299,1,,
KH-CLM-009636,KB0009933,2026-09-04,Atlanta,commercial,COM-B,310,4,,medical necessity
KH-CLM-009637,KB0009934,2026-09-04,Atlanta,commercial,COM-C,245,3,,
KH-CLM-009638,KB0009935,2026-09-04,Atlanta,commercial,COM-C,75,1,,
KH-CLM-009639,KB0009936,2026-09-04,Atlanta,commercial,COM-B,349,1,,
KH-CLM-009640,KB0009938,2026-09-04,Atlanta,commercial,COM-A,140,3,,missing or invalid information
KH-CLM-009641,KB0009939,2026-09-04,Atlanta,commercial,COM-C,299,1,,
KH-CLM-009642,KB0009940,2026-09-04,Atlanta,commercial,COM-C,170,3,,
KH-CLM-009643,KB0009941,2026-09-04,Atlanta,Medicaid,MEDICAID-GA,149,1,,
KH-CLM-009644,KB0009942,2026-09-04,Atlanta,commercial,COM-C,210,4,,eligibility or coverage
KH-CLM-009645,KB0009943,2026-09-04,Atlanta,Medicaid,MEDICAID-GA,95,2,,
KH-CLM-009646,KB0009944,2026-09-04,Philadelphia,commercial,COM-C,125,3,,
KH-CLM-009647,KB0009945,2026-09-04,Philadelphia,Medicare,MEDICARE,299,1,,
KH-CLM-009648,KB0009946,2026-09-04,Philadelphia,Medicaid,MEDICAID-PA,349,1,,
KH-CLM-009649,KB0009947,2026-09-04,Philadelphia,Medicare,MEDICARE,149,1,,
KH-CLM-009650,KB0009948,2026-09-04,Philadelphia,Medicare,MEDICARE,225,2,,
KH-CLM-009651,KB0009949,2026-09-04,Philadelphia,commercial,COM-A,245,3,,
KH-CLM-009652,KB0009950,2026-09-04,Philadelphia,Medicare,MEDICARE,299,1,,
KH-CLM-009653,KB0009951,2026-09-04,Philadelphia,Medicare,MEDICARE,149,1,,non-covered service
KH-CLM-009654,KB0009952,2026-09-05,Dallas,commercial,COM-B,299,1,,eligibility or coverage
KH-CLM-009655,KB0009953,2026-09-05,Dallas,self-pay,SELF,150,1,,
KH-CLM-009656,KB0009954,2026-09-05,Dallas,Medicare,MEDICARE,299,1,,
KH-CLM-009657,KB0009955,2026-09-05,Dallas,commercial,COM-C,165,4,,eligibility or coverage
KH-CLM-009658,KB0009956,2026-09-05,Dallas,commercial,COM-C,299,1,,
KH-CLM-009659,KB0009957,2026-09-05,Dallas,Medicaid,MEDICAID-TX,349,1,,
KH-CLM-009660,KB0009958,2026-09-05,Dallas,Medicare,MEDICARE,180,3,,
KH-CLM-009661,KB0009959,2026-09-05,Dallas,Medicaid,MEDICAID-TX,235,2,,
KH-CLM-009662,KB0009960,2026-09-05,Dallas,Medicaid,MEDICAID-TX,160,2,,
KH-CLM-009663,KB0009961,2026-09-05,Dallas,Medicare,MEDICARE,225,2,,
KH-CLM-009664,KB0009962,2026-09-05,Dallas,Medicare,MEDICARE,150,1,,
KH-CLM-009665,KB0009963,2026-09-05,Dallas,self-pay,SELF,299,1,,
KH-CLM-009666,KB0009964,2026-09-05,Dallas,Medicaid,MEDICAID-TX,299,1,,
KH-CLM-009667,KB0009965,2026-09-05,Dallas,Medicare,MEDICARE,220,3,,
KH-CLM-009668,KB0009966,2026-09-05,Dallas,commercial,COM-B,380,4,,
KH-CLM-009669,KB0009967,2026-09-05,Dallas,commercial,COM-B,95,1,,
KH-CLM-009670,KB0009968,2026-09-05,Phoenix,commercial,COM-A,149,1,,
KH-CLM-009671,KB0009969,2026-09-05,Phoenix,Medicaid,MEDICAID-AZ,140,2,,
KH-CLM-009672,KB0009970,2026-09-05,Phoenix,commercial,COM-C,169,2,,
KH-CLM-009673,KB0009971,2026-09-05,Phoenix,commercial,COM-B,149,1,,missing or invalid information
KH-CLM-009674,KB0009972,2026-09-05,Phoenix,self-pay,SELF,230,4,,
KH-CLM-009675,KB0009973,2026-09-05,Phoenix,self-pay,SELF,60,2,,
KH-CLM-009676,KB0009974,2026-09-05,Phoenix,commercial,COM-B,70,1,,
KH-CLM-009677,KB0009975,2026-09-05,Phoenix,commercial,COM-B,349,1,,
KH-CLM-009678,KB0009976,2026-09-05,Phoenix,commercial,COM-A,299,1,,
KH-CLM-009679,KB0009977,2026-09-05,Phoenix,commercial,COM-A,225,2,,
KH-CLM-009680,KB0009978,2026-09-05,Phoenix,commercial,COM-C,349,1,,
KH-CLM-009681,KB0009979,2026-09-05,Phoenix,commercial,COM-C,299,1,,
KH-CLM-009682,KB0009980,2026-09-05,Phoenix,Medicare,MEDICARE,30,1,,
KH-CLM-009683,KB0009981,2026-09-05,New York,commercial,COM-B,100,2,,
KH-CLM-009684,KB0009982,2026-09-05,New York,Medicare,MEDICARE,149,1,,
KH-CLM-009685,KB0009983,2026-09-05,New York,commercial,COM-B,30,1,,
KH-CLM-009686,KB0009984,2026-09-05,New York,Medicare,MEDICARE,95,1,,
KH-CLM-009687,KB0009985,2026-09-05,New York,commercial,COM-C,145,3,,eligibility or coverage
KH-CLM-009688,KB0009986,2026-09-05,New York,Medicare,MEDICARE,45,1,,
KH-CLM-009689,KB0009987,2026-09-05,New York,commercial,COM-C,299,1,,non-covered service
KH-CLM-009690,KB0009988,2026-09-05,New York,commercial,COM-A,90,2,,
KH-CLM-009691,KB0009989,2026-09-05,New York,Medicare,MEDICARE,65,2,,
KH-CLM-009692,KB0009990,2026-09-05,New York,commercial,COM-C,25,1,,
KH-CLM-009693,KB0009991,2026-09-05,New York,commercial,COM-B,75,1,,
KH-CLM-009694,KB0009992,2026-09-05,New York,commercial,COM-A,410,5,,
KH-CLM-009695,KB0009993,2026-09-05,Chicago,commercial,COM-C,70,1,,
KH-CLM-009696,KB0009994,2026-09-05,Chicago,commercial,COM-C,165,2,,
KH-CLM-009697,KB0009995,2026-09-05,Chicago,self-pay,SELF,65,2,,
KH-CLM-009698,KB0009996,2026-09-05,Chicago,Medicaid,MEDICAID-IL,90,2,,
KH-CLM-009699,KB0009997,2026-09-05,Chicago,commercial,COM-A,140,3,,
KH-CLM-009700,KB0009998,2026-09-05,Chicago,Medicare,MEDICARE,75,1,,
KH-CLM-009701,KB0009999,2026-09-05,Chicago,self-pay,SELF,30,1,,
KH-CLM-009702,KB0010000,2026-09-05,Chicago,commercial,COM-B,30,1,,
KH-CLM-009703,KB0010001,2026-09-05,Chicago,commercial,COM-B,299,1,,
KH-CLM-009704,KB0010002,2026-09-05,Atlanta,commercial,COM-A,299,1,,
KH-CLM-009705,KB0010003,2026-09-05,Atlanta,commercial,COM-B,290,4,,
KH-CLM-009706,KB0010004,2026-09-05,Atlanta,commercial,COM-B,170,2,,
KH-CLM-009707,KB0010005,2026-09-05,Atlanta,Medicare,MEDICARE,90,2,,
KH-CLM-009708,KB0010006,2026-09-05,Atlanta,Medicare,MEDICARE,220,2,,
KH-CLM-009709,KB0010007,2026-09-05,Atlanta,commercial,COM-B,149,1,,eligibility or coverage
KH-CLM-009710,KB0010008,2026-09-05,Atlanta,commercial,COM-B,85,2,,
KH-CLM-009711,KB0010009,2026-09-05,Atlanta,commercial,COM-C,349,1,,
KH-CLM-009712,KB0010010,2026-09-05,Atlanta,commercial,COM-C,305,4,,
KH-CLM-009713,KB0010011,2026-09-05,Atlanta,commercial,COM-B,299,1,,
KH-CLM-009714,KB0010012,2026-09-05,Atlanta,Medicaid,MEDICAID-GA,299,1,,duplicate claim
KH-CLM-009715,KB0010013,2026-09-05,Atlanta,commercial,COM-B,299,1,,
KH-CLM-009716,KB0010014,2026-09-05,Philadelphia,Medicare,MEDICARE,349,1,,
KH-CLM-009717,KB0010015,2026-09-05,Philadelphia,commercial,COM-C,130,2,,
KH-CLM-009718,KB0010016,2026-09-05,Philadelphia,Medicaid,MEDICAID-PA,250,4,,
KH-CLM-009719,KB0010017,2026-09-05,Philadelphia,commercial,COM-A,65,1,,eligibility or coverage
KH-CLM-009720,KB0010018,2026-09-05,Philadelphia,commercial,COM-C,30,1,,
KH-CLM-009721,KB0010019,2026-09-05,Philadelphia,Medicare,MEDICARE,149,1,,
KH-CLM-009722,KB0010020,2026-09-05,Philadelphia,Medicaid,MEDICAID-PA,315,4,,
KH-CLM-009723,KB0010021,2026-09-05,Philadelphia,Medicaid,MEDICAID-PA,140,2,,
KH-CLM-009724,KB0010022,2026-09-06,Dallas,commercial,COM-A,345,4,,
KH-CLM-009725,KB0010023,2026-09-06,Dallas,Medicare,MEDICARE,75,2,,non-covered service
KH-CLM-009726,KB0010024,2026-09-06,Dallas,Medicare,MEDICARE,299,1,,
KH-CLM-009727,KB0010025,2026-09-06,Dallas,self-pay,SELF,95,1,,
KH-CLM-009728,KB0010026,2026-09-06,Dallas,Medicare,MEDICARE,110,2,,
KH-CLM-009729,KB0010027,2026-09-06,Dallas,Medicaid,MEDICAID-TX,280,4,,
KH-CLM-009730,KB0010028,2026-09-06,Dallas,self-pay,SELF,160,2,,
KH-CLM-009731,KB0010029,2026-09-06,Dallas,self-pay,SELF,150,1,,
KH-CLM-009732,KB0010030,2026-09-06,Dallas,Medicaid,MEDICAID-TX,45,1,,missing or invalid information
KH-CLM-009733,KB0010031,2026-09-06,Dallas,commercial,COM-C,70,1,,
KH-CLM-009734,KB0010032,2026-09-06,Dallas,commercial,COM-C,165,2,,
KH-CLM-009735,KB0010033,2026-09-06,Dallas,commercial,COM-B,110,3,,
KH-CLM-009736,KB0010034,2026-09-06,Phoenix,commercial,COM-C,205,3,,
KH-CLM-009737,KB0010035,2026-09-06,Phoenix,commercial,COM-A,25,1,,
KH-CLM-009738,KB0010036,2026-09-06,Phoenix,Medicare,MEDICARE,215,3,,non-covered service
KH-CLM-009739,KB0010037,2026-09-06,Phoenix,commercial,COM-B,299,1,,
KH-CLM-009740,KB0010038,2026-09-06,Phoenix,Medicare,MEDICARE,75,1,,
KH-CLM-009741,KB0010039,2026-09-06,Phoenix,commercial,COM-A,145,2,,
KH-CLM-009742,KB0010040,2026-09-06,Phoenix,Medicare,MEDICARE,299,1,,
KH-CLM-009743,KB0010041,2026-09-06,New York,commercial,COM-B,215,2,,
KH-CLM-009744,KB0010042,2026-09-06,New York,commercial,COM-B,299,1,,
KH-CLM-009745,KB0010043,2026-09-06,New York,commercial,COM-B,299,1,,
KH-CLM-009746,KB0010044,2026-09-06,New York,commercial,COM-B,140,2,,
KH-CLM-009747,KB0010046,2026-09-06,New York,commercial,COM-C,140,3,,
KH-CLM-009748,KB0010047,2026-09-06,New York,commercial,COM-A,230,4,,
KH-CLM-009749,KB0010048,2026-09-06,New York,commercial,COM-C,210,3,,
KH-CLM-009750,KB0010049,2026-09-06,New York,Medicaid,MEDICAID-NY,25,1,,
KH-CLM-009751,KB0010050,2026-09-06,New York,self-pay,SELF,185,3,,
KH-CLM-009752,KB0010051,2026-09-06,New York,commercial,COM-B,95,1,,
KH-CLM-009753,KB0010052,2026-09-06,New York,commercial,COM-C,299,1,,
KH-CLM-009754,KB0010053,2026-09-06,Chicago,commercial,COM-A,85,1,,
KH-CLM-009755,KB0010054,2026-09-06,Chicago,Medicaid,MEDICAID-IL,299,1,,
KH-CLM-009756,KB0010055,2026-09-06,Chicago,commercial,COM-C,369,2,,
KH-CLM-009757,KB0010056,2026-09-06,Atlanta,self-pay,SELF,60,2,,
KH-CLM-009758,KB0010057,2026-09-06,Atlanta,commercial,COM-C,60,1,,
KH-CLM-009759,KB0010058,2026-09-06,Atlanta,Medicare,MEDICARE,240,3,,
KH-CLM-009760,KB0010059,2026-09-06,Atlanta,commercial,COM-A,299,1,,
KH-CLM-009761,KB0010060,2026-09-06,Atlanta,commercial,COM-B,299,1,,non-covered service
KH-CLM-009762,KB0010061,2026-09-06,Atlanta,Medicare,MEDICARE,299,1,,
KH-CLM-009763,KB0010062,2026-09-06,Atlanta,Medicare,MEDICARE,195,4,,medical necessity
KH-CLM-009764,KB0010063,2026-09-06,Atlanta,Medicare,MEDICARE,115,2,,
KH-CLM-009765,KB0010064,2026-09-06,Philadelphia,Medicare,MEDICARE,60,1,,
KH-CLM-009766,KB0010065,2026-09-06,Philadelphia,Medicaid,MEDICAID-PA,70,1,,
KH-CLM-009767,KB0010066,2026-09-06,Philadelphia,Medicaid,MEDICAID-PA,190,3,,eligibility or coverage
KH-CLM-009768,KB0010067,2026-09-07,Dallas,Medicaid,MEDICAID-TX,175,4,,
KH-CLM-009769,KB0010068,2026-09-07,Dallas,Medicare,MEDICARE,265,3,,missing or invalid information
KH-CLM-009770,KB0010069,2026-09-07,Dallas,commercial,COM-C,100,2,,
KH-CLM-009771,KB0010070,2026-09-07,Dallas,commercial,COM-C,299,1,,
KH-CLM-009772,KB0010071,2026-09-07,Dallas,commercial,COM-A,85,1,,
KH-CLM-009773,KB0010072,2026-09-07,Dallas,commercial,COM-A,165,3,,
KH-CLM-009774,KB0010073,2026-09-07,Dallas,Medicaid,MEDICAID-TX,225,3,,
KH-CLM-009775,KB0010074,2026-09-07,Dallas,commercial,COM-C,130,3,,
KH-CLM-009776,KB0010075,2026-09-07,Dallas,Medicaid,MEDICAID-TX,205,4,,
KH-CLM-009777,KB0010076,2026-09-07,Dallas,self-pay,SELF,120,3,,
KH-CLM-009778,KB0010077,2026-09-07,Dallas,commercial,COM-A,149,1,,
KH-CLM-009779,KB0010078,2026-09-07,Dallas,commercial,COM-C,85,2,,
KH-CLM-009780,KB0010079,2026-09-07,Dallas,Medicare,MEDICARE,149,1,,
KH-CLM-009781,KB0010080,2026-09-07,Dallas,commercial,COM-C,180,2,,
KH-CLM-009782,KB0010081,2026-09-07,Dallas,commercial,COM-B,295,4,,
KH-CLM-009783,KB0010082,2026-09-07,Dallas,Medicare,MEDICARE,60,1,,
KH-CLM-009784,KB0010083,2026-09-07,Dallas,Medicaid,MEDICAID-TX,299,1,,
KH-CLM-009785,KB0010084,2026-09-07,Phoenix,commercial,COM-B,150,1,,
KH-CLM-009786,KB0010085,2026-09-07,Phoenix,commercial,COM-C,45,1,,
KH-CLM-009787,KB0010086,2026-09-07,Phoenix,commercial,COM-A,125,2,,
KH-CLM-009788,KB0010087,2026-09-07,Phoenix,commercial,COM-B,150,1,,
KH-CLM-009789,KB0010088,2026-09-07,Phoenix,commercial,COM-C,50,2,,
KH-CLM-009790,KB0010089,2026-09-07,Phoenix,commercial,COM-B,180,3,,
KH-CLM-009791,KB0010090,2026-09-07,Phoenix,commercial,COM-C,130,2,,
KH-CLM-009792,KB0010091,2026-09-07,Phoenix,commercial,COM-B,149,1,,
KH-CLM-009793,KB0010092,2026-09-07,Phoenix,Medicare,MEDICARE,145,3,,medical necessity
KH-CLM-009794,KB0010093,2026-09-07,Phoenix,Medicaid,MEDICAID-AZ,45,1,,
KH-CLM-009795,KB0010094,2026-09-07,Phoenix,commercial,COM-B,65,1,,
KH-CLM-009796,KB0010095,2026-09-07,Phoenix,commercial,COM-B,135,3,,
KH-CLM-009797,KB0010096,2026-09-07,Phoenix,Medicare,MEDICARE,55,2,,
KH-CLM-009798,KB0010097,2026-09-07,Phoenix,commercial,COM-A,369,2,,non-covered service
KH-CLM-009799,KB0010098,2026-09-07,Phoenix,Medicaid,MEDICAID-AZ,25,1,,eligibility or coverage
KH-CLM-009800,KB0010099,2026-09-07,Phoenix,Medicare,MEDICARE,45,1,,
KH-CLM-009801,KB0010100,2026-09-07,New York,self-pay,SELF,245,3,,
KH-CLM-009802,KB0010102,2026-09-07,New York,commercial,COM-A,215,4,,
KH-CLM-009803,KB0010103,2026-09-07,New York,Medicaid,MEDICAID-NY,275,5,,
KH-CLM-009804,KB0010104,2026-09-07,New York,Medicare,MEDICARE,149,1,,
KH-CLM-009805,KB0010105,2026-09-07,New York,commercial,COM-C,30,1,,non-covered service
KH-CLM-009806,KB0010106,2026-09-07,New York,commercial,COM-C,180,3,,
KH-CLM-009807,KB0010107,2026-09-07,New York,Medicare,MEDICARE,195,3,,
KH-CLM-009808,KB0010108,2026-09-07,New York,Medicare,MEDICARE,210,2,,
KH-CLM-009809,KB0010109,2026-09-07,New York,commercial,COM-A,115,2,,missing or invalid information
KH-CLM-009810,KB0010110,2026-09-07,New York,commercial,COM-B,200,4,,
KH-CLM-009811,KB0010111,2026-09-07,New York,commercial,COM-C,175,3,,
KH-CLM-009812,KB0010112,2026-09-07,New York,Medicare,MEDICARE,149,1,,
KH-CLM-009813,KB0010113,2026-09-07,New York,Medicare,MEDICARE,369,2,,
KH-CLM-009814,KB0010114,2026-09-07,New York,commercial,COM-A,95,1,,
KH-CLM-009815,KB0010115,2026-09-07,Chicago,Medicaid,MEDICAID-IL,299,1,,
KH-CLM-009816,KB0010116,2026-09-07,Chicago,commercial,COM-B,299,1,,
KH-CLM-009817,KB0010117,2026-09-07,Chicago,commercial,COM-B,160,2,,
KH-CLM-009818,KB0010118,2026-09-07,Chicago,commercial,COM-A,299,1,,
KH-CLM-009819,KB0010119,2026-09-07,Chicago,commercial,COM-C,140,3,,
KH-CLM-009820,KB0010120,2026-09-07,Chicago,commercial,COM-A,149,1,,missing or invalid information
KH-CLM-009821,KB0010121,2026-09-07,Chicago,Medicare,MEDICARE,299,1,,
KH-CLM-009822,KB0010122,2026-09-07,Chicago,Medicaid,MEDICAID-IL,185,3,,
KH-CLM-009823,KB0010123,2026-09-07,Atlanta,commercial,COM-B,200,3,,missing or invalid information
KH-CLM-009824,KB0010124,2026-09-07,Atlanta,Medicare,MEDICARE,270,4,,
KH-CLM-009825,KB0010125,2026-09-07,Atlanta,commercial,COM-A,349,1,,
KH-CLM-009826,KB0010126,2026-09-07,Atlanta,commercial,COM-A,149,1,,
KH-CLM-009827,KB0010127,2026-09-07,Atlanta,self-pay,SELF,160,3,,
KH-CLM-009828,KB0010128,2026-09-07,Atlanta,Medicare,MEDICARE,369,2,,
KH-CLM-009829,KB0010129,2026-09-07,Atlanta,Medicaid,MEDICAID-GA,125,2,,
KH-CLM-009830,KB0010130,2026-09-07,Atlanta,Medicare,MEDICARE,225,4,,
KH-CLM-009831,KB0010131,2026-09-07,Atlanta,commercial,COM-B,70,1,,
KH-CLM-009832,KB0010132,2026-09-07,Atlanta,commercial,COM-B,149,1,,eligibility or coverage
KH-CLM-009833,KB0010133,2026-09-07,Atlanta,Medicare,MEDICARE,185,3,,
KH-CLM-009834,KB0010134,2026-09-07,Atlanta,commercial,COM-A,205,4,,
KH-CLM-009835,KB0010135,2026-09-07,Philadelphia,commercial,COM-A,349,1,,
KH-CLM-009836,KB0010136,2026-09-07,Philadelphia,Medicaid,MEDICAID-PA,299,1,,
KH-CLM-009837,KB0010137,2026-09-07,Philadelphia,self-pay,SELF,115,2,,
KH-CLM-009838,KB0010138,2026-09-07,Philadelphia,commercial,COM-A,100,2,,
KH-CLM-009839,KB0010139,2026-09-07,Philadelphia,Medicare,MEDICARE,299,1,,
KH-CLM-009840,KB0010140,2026-09-07,Philadelphia,commercial,COM-C,75,2,,
KH-CLM-009841,KB0010141,2026-09-07,Philadelphia,self-pay,SELF,70,1,,
KH-CLM-009842,KB0010142,2026-09-07,Philadelphia,commercial,COM-A,60,1,,
KH-CLM-009843,KB0010143,2026-09-08,Dallas,commercial,COM-A,25,1,,
KH-CLM-009844,KB0010144,2026-09-08,Dallas,Medicare,MEDICARE,95,2,,
KH-CLM-009845,KB0010145,2026-09-08,Dallas,commercial,COM-C,250,4,,
KH-CLM-009846,KB0010146,2026-09-08,Dallas,commercial,COM-B,299,1,,
KH-CLM-009847,KB0010147,2026-09-08,Dallas,Medicare,MEDICARE,45,1,,
KH-CLM-009848,KB0010148,2026-09-08,Dallas,commercial,COM-B,50,2,,
KH-CLM-009849,KB0010149,2026-09-08,Dallas,commercial,COM-B,369,2,,
KH-CLM-009850,KB0010150,2026-09-08,Dallas,commercial,COM-B,299,1,,
KH-CLM-009851,KB0010151,2026-09-08,Dallas,commercial,COM-A,299,1,,
KH-CLM-009852,KB0010152,2026-09-08,Dallas,commercial,COM-C,150,3,,
KH-CLM-009853,KB0010153,2026-09-08,Dallas,Medicare,MEDICARE,30,1,,
KH-CLM-009854,KB0010154,2026-09-08,Dallas,Medicaid,MEDICAID-TX,60,1,,
KH-CLM-009855,KB0010155,2026-09-08,Dallas,self-pay,SELF,155,3,,
KH-CLM-009856,KB0010156,2026-09-08,Dallas,commercial,COM-A,100,2,,
KH-CLM-009857,KB0010157,2026-09-08,Dallas,commercial,COM-C,280,5,,
KH-CLM-009858,KB0010158,2026-09-08,Phoenix,self-pay,SELF,105,2,,
KH-CLM-009859,KB0010159,2026-09-08,Phoenix,commercial,COM-A,299,1,,
KH-CLM-009860,KB0010160,2026-09-08,Phoenix,commercial,COM-A,55,2,,
KH-CLM-009861,KB0010161,2026-09-08,Phoenix,commercial,COM-A,115,2,,missing or invalid information
KH-CLM-009862,KB0010162,2026-09-08,Phoenix,Medicaid,MEDICAID-AZ,70,2,,missing or invalid information
KH-CLM-009863,KB0010163,2026-09-08,Phoenix,commercial,COM-A,95,1,,
KH-CLM-009864,KB0010164,2026-09-08,Phoenix,Medicare,MEDICARE,95,2,,
KH-CLM-009865,KB0010165,2026-09-08,Phoenix,commercial,COM-B,180,2,,
KH-CLM-009866,KB0010166,2026-09-08,Phoenix,commercial,COM-A,299,1,,
KH-CLM-009867,KB0010167,2026-09-08,Phoenix,commercial,COM-C,299,1,,
KH-CLM-009868,KB0010168,2026-09-08,Phoenix,commercial,COM-A,299,1,,
KH-CLM-009869,KB0010169,2026-09-08,Phoenix,commercial,COM-C,140,2,,
KH-CLM-009870,KB0010170,2026-09-08,Phoenix,commercial,COM-B,299,1,,
KH-CLM-009871,KB0010171,2026-09-08,New York,Medicaid,MEDICAID-NY,149,1,,
KH-CLM-009872,KB0010172,2026-09-08,New York,Medicare,MEDICARE,299,1,,
KH-CLM-009873,KB0010173,2026-09-08,New York,Medicare,MEDICARE,150,2,,
KH-CLM-009874,KB0010174,2026-09-08,New York,commercial,COM-C,210,3,,medical necessity
KH-CLM-009875,KB0010175,2026-09-08,New York,Medicare,MEDICARE,175,2,,
KH-CLM-009876,KB0010176,2026-09-08,New York,commercial,COM-C,299,1,,
KH-CLM-009877,KB0010177,2026-09-08,New York,commercial,COM-B,60,1,,
KH-CLM-009878,KB0010178,2026-09-08,New York,self-pay,SELF,95,2,,
KH-CLM-009879,KB0010179,2026-09-08,New York,commercial,COM-C,75,2,,missing or invalid information
KH-CLM-009880,KB0010180,2026-09-08,New York,Medicare,MEDICARE,100,2,,eligibility or coverage
KH-CLM-009881,KB0010181,2026-09-08,New York,Medicaid,MEDICAID-NY,105,3,,prior authorization
KH-CLM-009882,KB0010182,2026-09-08,Chicago,commercial,COM-A,60,1,,
KH-CLM-009883,KB0010183,2026-09-08,Chicago,commercial,COM-B,215,2,,
KH-CLM-009884,KB0010184,2026-09-08,Chicago,Medicare,MEDICARE,225,4,,
KH-CLM-009885,KB0010185,2026-09-08,Chicago,self-pay,SELF,190,3,,
KH-CLM-009886,KB0010186,2026-09-08,Chicago,commercial,COM-A,299,1,,
KH-CLM-009887,KB0010187,2026-09-08,Chicago,commercial,COM-C,195,4,,
KH-CLM-009888,KB0010188,2026-09-08,Chicago,commercial,COM-B,299,1,,
KH-CLM-009889,KB0010189,2026-09-08,Atlanta,commercial,COM-C,210,3,,
KH-CLM-009890,KB0010190,2026-09-08,Atlanta,commercial,COM-A,100,2,,
KH-CLM-009891,KB0010191,2026-09-08,Atlanta,commercial,COM-A,150,1,,
KH-CLM-009892,KB0010192,2026-09-08,Atlanta,Medicare,MEDICARE,30,1,,
KH-CLM-009893,KB0010193,2026-09-08,Atlanta,commercial,COM-A,299,1,,
KH-CLM-009894,KB0010194,2026-09-08,Atlanta,Medicare,MEDICARE,150,1,,
KH-CLM-009895,KB0010195,2026-09-08,Atlanta,commercial,COM-B,75,1,,
KH-CLM-009896,KB0010196,2026-09-08,Atlanta,commercial,COM-A,120,2,,
KH-CLM-009897,KB0010197,2026-09-08,Atlanta,commercial,COM-C,30,1,,
KH-CLM-009898,KB0010198,2026-09-08,Philadelphia,Medicaid,MEDICAID-PA,145,2,,
KH-CLM-009899,KB0010199,2026-09-08,Philadelphia,commercial,COM-A,299,1,,
KH-CLM-009900,KB0010200,2026-09-08,Philadelphia,Medicare,MEDICARE,45,1,,
KH-CLM-009901,KB0010201,2026-09-08,Philadelphia,commercial,COM-C,299,1,,
KH-CLM-009902,KB0010202,2026-09-08,Philadelphia,commercial,COM-A,320,4,,
KH-CLM-009903,KB0010203,2026-09-08,Philadelphia,commercial,COM-A,180,4,,
KH-CLM-009904,KB0010204,2026-09-09,Dallas,Medicaid,MEDICAID-TX,245,4,,
KH-CLM-009905,KB0010205,2026-09-09,Dallas,commercial,COM-C,185,3,,
KH-CLM-009906,KB0010206,2026-09-09,Dallas,self-pay,SELF,299,1,,
KH-CLM-009907,KB0010207,2026-09-09,Dallas,commercial,COM-C,70,1,,
KH-CLM-009908,KB0010208,2026-09-09,Dallas,commercial,COM-B,110,2,,
KH-CLM-009909,KB0010209,2026-09-09,Dallas,commercial,COM-B,45,1,,
KH-CLM-009910,KB0010210,2026-09-09,Dallas,Medicare,MEDICARE,200,3,,
KH-CLM-009911,KB0010211,2026-09-09,Dallas,self-pay,SELF,149,1,,
KH-CLM-009912,KB0010212,2026-09-09,Dallas,Medicare,MEDICARE,30,1,,
KH-CLM-009913,KB0010213,2026-09-09,Dallas,commercial,COM-B,125,2,,non-covered service
KH-CLM-009914,KB0010214,2026-09-09,Dallas,commercial,COM-C,299,1,,
KH-CLM-009915,KB0010215,2026-09-09,Dallas,commercial,COM-C,299,1,,
KH-CLM-009916,KB0010216,2026-09-09,Dallas,commercial,COM-B,130,2,,
KH-CLM-009917,KB0010217,2026-09-09,Dallas,commercial,COM-B,349,1,,
KH-CLM-009918,KB0010218,2026-09-09,Dallas,commercial,COM-B,65,1,,
KH-CLM-009919,KB0010219,2026-09-09,Phoenix,commercial,COM-A,299,1,,
KH-CLM-009920,KB0010220,2026-09-09,Phoenix,Medicare,MEDICARE,349,1,,non-covered service
KH-CLM-009921,KB0010221,2026-09-09,Phoenix,commercial,COM-A,180,2,,
KH-CLM-009922,KB0010222,2026-09-09,Phoenix,commercial,COM-B,150,1,,
KH-CLM-009923,KB0010223,2026-09-09,Phoenix,commercial,COM-A,275,4,,
KH-CLM-009924,KB0010224,2026-09-09,Phoenix,self-pay,SELF,120,2,,
KH-CLM-009925,KB0010225,2026-09-09,Phoenix,commercial,COM-C,149,1,,
KH-CLM-009926,KB0010226,2026-09-09,Phoenix,commercial,COM-C,320,4,,
KH-CLM-009927,KB0010227,2026-09-09,Phoenix,commercial,COM-C,349,1,,
KH-CLM-009928,KB0010228,2026-09-09,Phoenix,Medicaid,MEDICAID-AZ,299,1,,
KH-CLM-009929,KB0010229,2026-09-09,Phoenix,Medicaid,MEDICAID-AZ,95,1,,
KH-CLM-009930,KB0010230,2026-09-09,Phoenix,commercial,COM-B,95,1,,
KH-CLM-009931,KB0010231,2026-09-09,Phoenix,commercial,COM-A,165,3,,
KH-CLM-009932,KB0010232,2026-09-09,Phoenix,commercial,COM-A,85,2,,
KH-CLM-009933,KB0010233,2026-09-09,Phoenix,commercial,COM-C,240,4,,
KH-CLM-009934,KB0010234,2026-09-09,Phoenix,commercial,COM-A,299,1,,
KH-CLM-009935,KB0010235,2026-09-09,Phoenix,Medicaid,MEDICAID-AZ,30,1,,
KH-CLM-009936,KB0010236,2026-09-09,Phoenix,Medicare,MEDICARE,30,1,,
KH-CLM-009937,KB0010237,2026-09-09,Phoenix,commercial,COM-B,65,1,,
KH-CLM-009938,KB0010238,2026-09-09,New York,commercial,COM-C,299,1,,
KH-CLM-009939,KB0010239,2026-09-09,New York,Medicare,MEDICARE,125,2,,
KH-CLM-009940,KB0010240,2026-09-09,New York,commercial,COM-B,125,2,,
KH-CLM-009941,KB0010241,2026-09-09,New York,commercial,COM-A,290,3,,
KH-CLM-009942,KB0010242,2026-09-09,New York,Medicare,MEDICARE,150,1,,timely filing
KH-CLM-009943,KB0010243,2026-09-09,New York,commercial,COM-B,149,1,,eligibility or coverage
KH-CLM-009944,KB0010244,2026-09-09,New York,commercial,COM-B,320,4,,
KH-CLM-009945,KB0010245,2026-09-09,New York,commercial,COM-B,190,3,,
KH-CLM-009946,KB0010246,2026-09-09,New York,commercial,COM-A,349,1,,
KH-CLM-009947,KB0010247,2026-09-09,New York,commercial,COM-C,149,1,,
KH-CLM-009948,KB0010248,2026-09-09,New York,commercial,COM-C,195,2,,
KH-CLM-009949,KB0010249,2026-09-09,New York,commercial,COM-A,150,1,,
KH-CLM-009950,KB0010250,2026-09-09,Chicago,commercial,COM-A,149,1,,
KH-CLM-009951,KB0010251,2026-09-09,Chicago,self-pay,SELF,110,3,,
KH-CLM-009952,KB0010252,2026-09-09,Chicago,commercial,COM-B,115,2,,
KH-CLM-009953,KB0010254,2026-09-09,Chicago,self-pay,SELF,30,1,,
KH-CLM-009954,KB0010255,2026-09-09,Chicago,commercial,COM-B,70,1,,
KH-CLM-009955,KB0010256,2026-09-09,Chicago,Medicare,MEDICARE,55,1,,
KH-CLM-009956,KB0010257,2026-09-09,Atlanta,Medicare,MEDICARE,85,2,,
KH-CLM-009957,KB0010258,2026-09-09,Atlanta,commercial,COM-C,130,2,,
KH-CLM-009958,KB0010259,2026-09-09,Atlanta,commercial,COM-A,299,1,,
KH-CLM-009959,KB0010260,2026-09-09,Atlanta,Medicaid,MEDICAID-GA,45,2,,
KH-CLM-009960,KB0010261,2026-09-09,Atlanta,self-pay,SELF,120,2,,
KH-CLM-009961,KB0010262,2026-09-09,Atlanta,commercial,COM-C,175,2,,
KH-CLM-009962,KB0010263,2026-09-09,Atlanta,Medicare,MEDICARE,320,4,,
KH-CLM-009963,KB0010264,2026-09-09,Atlanta,commercial,COM-C,90,2,,
KH-CLM-009964,KB0010265,2026-09-09,Atlanta,commercial,COM-A,299,1,,
KH-CLM-009965,KB0010266,2026-09-09,Atlanta,commercial,COM-C,70,1,,
KH-CLM-009966,KB0010267,2026-09-09,Philadelphia,Medicaid,MEDICAID-PA,175,3,,
KH-CLM-009967,KB0010268,2026-09-09,Philadelphia,commercial,COM-A,299,1,,
KH-CLM-009968,KB0010269,2026-09-09,Philadelphia,commercial,COM-A,169,2,,
KH-CLM-009969,KB0010270,2026-09-09,Philadelphia,Medicare,MEDICARE,319,2,,
KH-CLM-009970,KB0010271,2026-09-09,Philadelphia,commercial,COM-C,75,2,,
KH-CLM-009971,KB0010272,2026-09-10,Dallas,commercial,COM-A,80,2,,
KH-CLM-009972,KB0010273,2026-09-10,Dallas,Medicaid,MEDICAID-TX,85,1,,
KH-CLM-009973,KB0010274,2026-09-10,Dallas,commercial,COM-C,299,1,,missing or invalid information
KH-CLM-009974,KB0010276,2026-09-10,Dallas,commercial,COM-C,190,4,,
KH-CLM-009975,KB0010277,2026-09-10,Dallas,commercial,COM-B,85,1,,
KH-CLM-009976,KB0010278,2026-09-10,Dallas,commercial,COM-C,299,1,,non-covered service
KH-CLM-009977,KB0010280,2026-09-10,Dallas,Medicaid,MEDICAID-TX,225,2,,
KH-CLM-009978,KB0010281,2026-09-10,Dallas,Medicaid,MEDICAID-TX,160,2,,
KH-CLM-009979,KB0010282,2026-09-10,Phoenix,Medicaid,MEDICAID-AZ,145,2,,
KH-CLM-009980,KB0010283,2026-09-10,Phoenix,Medicare,MEDICARE,349,1,,
KH-CLM-009981,KB0010284,2026-09-10,Phoenix,self-pay,SELF,45,1,,
KH-CLM-009982,KB0010285,2026-09-10,Phoenix,Medicaid,MEDICAID-AZ,245,3,,
KH-CLM-009983,KB0010286,2026-09-10,Phoenix,commercial,COM-C,180,2,,
KH-CLM-009984,KB0010287,2026-09-10,Phoenix,commercial,COM-A,245,3,,
KH-CLM-009985,KB0010288,2026-09-10,Phoenix,commercial,COM-C,195,3,,eligibility or coverage
KH-CLM-009986,KB0010289,2026-09-10,Phoenix,Medicare,MEDICARE,70,1,,medical necessity
KH-CLM-009987,KB0010290,2026-09-10,Phoenix,commercial,COM-C,150,1,,
KH-CLM-009988,KB0010291,2026-09-10,Phoenix,commercial,COM-C,245,4,,missing or invalid information
KH-CLM-009989,KB0010292,2026-09-10,Phoenix,commercial,COM-B,210,2,,
KH-CLM-009990,KB0010293,2026-09-10,Phoenix,self-pay,SELF,30,1,,
KH-CLM-009991,KB0010294,2026-09-10,Phoenix,commercial,COM-B,150,1,,prior authorization
KH-CLM-009992,KB0010295,2026-09-10,Phoenix,Medicaid,MEDICAID-AZ,175,4,,
KH-CLM-009993,KB0010296,2026-09-10,Phoenix,Medicaid,MEDICAID-AZ,105,2,,
KH-CLM-009994,KB0010297,2026-09-10,Phoenix,Medicare,MEDICARE,100,2,,
KH-CLM-009995,KB0010298,2026-09-10,Phoenix,Medicare,MEDICARE,340,4,,
KH-CLM-009996,KB0010299,2026-09-10,New York,commercial,COM-C,60,1,,
KH-CLM-009997,KB0010300,2026-09-10,New York,self-pay,SELF,235,2,,
KH-CLM-009998,KB0010301,2026-09-10,New York,self-pay,SELF,200,4,,
KH-CLM-009999,KB0010302,2026-09-10,New York,commercial,COM-B,130,2,,
KH-CLM-010000,KB0010303,2026-09-10,New York,self-pay,SELF,215,2,,
KH-CLM-010001,KB0010304,2026-09-10,New York,self-pay,SELF,180,4,,
KH-CLM-010002,KB0010305,2026-09-10,New York,commercial,COM-C,150,1,,
KH-CLM-010003,KB0010306,2026-09-10,New York,commercial,COM-C,230,3,,
KH-CLM-010004,KB0010307,2026-09-10,New York,commercial,COM-A,349,1,,
KH-CLM-010005,KB0010308,2026-09-10,New York,Medicaid,MEDICAID-NY,149,1,,
KH-CLM-010006,KB0010309,2026-09-10,New York,Medicare,MEDICARE,95,1,,eligibility or coverage
KH-CLM-010007,KB0010310,2026-09-10,New York,Medicare,MEDICARE,315,4,,
KH-CLM-010008,KB0010312,2026-09-10,Chicago,commercial,COM-B,299,1,,
KH-CLM-010009,KB0010313,2026-09-10,Chicago,commercial,COM-B,70,1,,
KH-CLM-010010,KB0010314,2026-09-10,Chicago,commercial,COM-C,270,4,,
KH-CLM-010011,KB0010315,2026-09-10,Chicago,commercial,COM-C,30,1,,non-covered service
KH-CLM-010012,KB0010316,2026-09-10,Chicago,commercial,COM-A,95,2,,
KH-CLM-010013,KB0010317,2026-09-10,Chicago,Medicaid,MEDICAID-IL,95,1,,
KH-CLM-010014,KB0010318,2026-09-10,Chicago,commercial,COM-B,105,2,,
KH-CLM-010015,KB0010319,2026-09-10,Chicago,commercial,COM-A,85,2,,
KH-CLM-010016,KB0010320,2026-09-10,Atlanta,Medicaid,MEDICAID-GA,30,1,,
KH-CLM-010017,KB0010321,2026-09-10,Atlanta,commercial,COM-C,110,2,,
KH-CLM-010018,KB0010322,2026-09-10,Atlanta,Medicaid,MEDICAID-GA,90,2,,
KH-CLM-010019,KB0010323,2026-09-10,Atlanta,commercial,COM-B,299,1,,
KH-CLM-010020,KB0010324,2026-09-10,Atlanta,commercial,COM-C,30,1,,
KH-CLM-010021,KB0010325,2026-09-10,Atlanta,Medicare,MEDICARE,195,4,,
KH-CLM-010022,KB0010326,2026-09-10,Atlanta,Medicare,MEDICARE,130,3,,
KH-CLM-010023,KB0010327,2026-09-10,Atlanta,Medicaid,MEDICAID-GA,85,2,,
KH-CLM-010024,KB0010328,2026-09-10,Atlanta,Medicare,MEDICARE,120,2,,
KH-CLM-010025,KB0010329,2026-09-10,Atlanta,Medicaid,MEDICAID-GA,195,2,,
KH-CLM-010026,KB0010330,2026-09-10,Atlanta,self-pay,SELF,175,3,,
KH-CLM-010027,KB0010331,2026-09-10,Atlanta,Medicare,MEDICARE,30,1,,
KH-CLM-010028,KB0010332,2026-09-10,Atlanta,Medicaid,MEDICAID-GA,175,3,,medical necessity
KH-CLM-010029,KB0010333,2026-09-10,Philadelphia,commercial,COM-A,299,1,,
KH-CLM-010030,KB0010334,2026-09-10,Philadelphia,Medicaid,MEDICAID-PA,140,2,,
KH-CLM-010031,KB0010335,2026-09-10,Philadelphia,Medicare,MEDICARE,95,2,,
KH-CLM-010032,KB0010336,2026-09-10,Philadelphia,Medicaid,MEDICAID-PA,195,3,,
KH-CLM-010033,KB0010337,2026-09-10,Philadelphia,Medicaid,MEDICAID-PA,235,2,,
KH-CLM-010034,KB0010338,2026-09-10,Philadelphia,commercial,COM-A,299,1,,
KH-CLM-010035,KB0010339,2026-09-10,Philadelphia,commercial,COM-C,235,5,,
KH-CLM-010036,KB0010340,2026-09-10,Philadelphia,Medicare,MEDICARE,215,2,,
KH-CLM-010037,KB0010341,2026-09-11,Dallas,self-pay,SELF,150,1,,
KH-CLM-010038,KB0010342,2026-09-11,Dallas,commercial,COM-B,120,2,,
KH-CLM-010039,KB0010343,2026-09-11,Dallas,commercial,COM-C,280,4,,
KH-CLM-010040,KB0010344,2026-09-11,Dallas,self-pay,SELF,145,3,,
KH-CLM-010041,KB0010345,2026-09-11,Dallas,Medicare,MEDICARE,345,5,,
KH-CLM-010042,KB0010346,2026-09-11,Dallas,commercial,COM-A,75,1,,
KH-CLM-010043,KB0010347,2026-09-11,Dallas,Medicaid,MEDICAID-TX,299,1,,
KH-CLM-010044,KB0010348,2026-09-11,Dallas,Medicare,MEDICARE,299,1,,
KH-CLM-010045,KB0010349,2026-09-11,Dallas,Medicare,MEDICARE,25,1,,
KH-CLM-010046,KB0010350,2026-09-11,Dallas,commercial,COM-C,299,1,,non-covered service
KH-CLM-010047,KB0010351,2026-09-11,Dallas,commercial,COM-C,215,3,,
KH-CLM-010048,KB0010352,2026-09-11,Dallas,Medicare,MEDICARE,215,2,,
KH-CLM-010049,KB0010353,2026-09-11,Dallas,commercial,COM-C,125,2,,
KH-CLM-010050,KB0010354,2026-09-11,Dallas,commercial,COM-B,155,2,,
KH-CLM-010051,KB0010355,2026-09-11,Dallas,commercial,COM-B,230,3,,
KH-CLM-010052,KB0010357,2026-09-11,Phoenix,commercial,COM-B,149,1,,
KH-CLM-010053,KB0010358,2026-09-11,Phoenix,Medicare,MEDICARE,105,3,,
KH-CLM-010054,KB0010360,2026-09-11,Phoenix,Medicare,MEDICARE,90,2,,
KH-CLM-010055,KB0010361,2026-09-11,Phoenix,Medicare,MEDICARE,65,1,,
KH-CLM-010056,KB0010362,2026-09-11,Phoenix,commercial,COM-B,85,2,,
KH-CLM-010057,KB0010363,2026-09-11,Phoenix,commercial,COM-B,135,3,,
KH-CLM-010058,KB0010364,2026-09-11,Phoenix,self-pay,SELF,149,1,,
KH-CLM-010059,KB0010365,2026-09-11,Phoenix,Medicare,MEDICARE,55,1,,
KH-CLM-010060,KB0010366,2026-09-11,Phoenix,Medicaid,MEDICAID-AZ,130,2,,
KH-CLM-010061,KB0010367,2026-09-11,Phoenix,Medicaid,MEDICAID-AZ,349,1,,
KH-CLM-010062,KB0010368,2026-09-11,Phoenix,commercial,COM-B,299,1,,
KH-CLM-010063,KB0010369,2026-09-11,Phoenix,commercial,COM-B,65,1,,
KH-CLM-010064,KB0010370,2026-09-11,Phoenix,commercial,COM-C,149,1,,
KH-CLM-010065,KB0010371,2026-09-11,Phoenix,self-pay,SELF,75,1,,
KH-CLM-010066,KB0010372,2026-09-11,Phoenix,Medicare,MEDICARE,70,1,,
KH-CLM-010067,KB0010373,2026-09-11,Phoenix,commercial,COM-A,85,1,,missing or invalid information
KH-CLM-010068,KB0010374,2026-09-11,Phoenix,self-pay,SELF,180,3,,
KH-CLM-010069,KB0010375,2026-09-11,New York,commercial,COM-A,349,1,,
KH-CLM-010070,KB0010376,2026-09-11,New York,commercial,COM-C,135,2,,
KH-CLM-010071,KB0010377,2026-09-11,New York,Medicare,MEDICARE,349,1,,
KH-CLM-010072,KB0010378,2026-09-11,New York,Medicaid,MEDICAID-NY,60,1,,eligibility or coverage
KH-CLM-010073,KB0010379,2026-09-11,New York,commercial,COM-C,140,2,,
KH-CLM-010074,KB0010380,2026-09-11,New York,commercial,COM-B,75,1,,
KH-CLM-010075,KB0010381,2026-09-11,New York,Medicare,MEDICARE,295,4,,eligibility or coverage
KH-CLM-010076,KB0010382,2026-09-11,New York,Medicare,MEDICARE,115,2,,
KH-CLM-010077,KB0010383,2026-09-11,New York,Medicare,MEDICARE,260,5,,
KH-CLM-010078,KB0010384,2026-09-11,New York,commercial,COM-B,255,3,,
KH-CLM-010079,KB0010385,2026-09-11,Chicago,Medicare,MEDICARE,75,2,,
KH-CLM-010080,KB0010386,2026-09-11,Chicago,Medicare,MEDICARE,325,4,,
KH-CLM-010081,KB0010387,2026-09-11,Chicago,commercial,COM-B,115,2,,
KH-CLM-010082,KB0010388,2026-09-11,Chicago,self-pay,SELF,220,2,,
KH-CLM-010083,KB0010389,2026-09-11,Chicago,Medicare,MEDICARE,349,1,,
KH-CLM-010084,KB0010390,2026-09-11,Atlanta,commercial,COM-A,65,1,,
KH-CLM-010085,KB0010391,2026-09-11,Atlanta,Medicaid,MEDICAID-GA,130,2,,
KH-CLM-010086,KB0010392,2026-09-11,Atlanta,Medicare,MEDICARE,300,4,,
KH-CLM-010087,KB0010393,2026-09-11,Atlanta,Medicare,MEDICARE,160,3,,
KH-CLM-010088,KB0010394,2026-09-11,Atlanta,commercial,COM-C,170,2,,prior authorization
KH-CLM-010089,KB0010395,2026-09-11,Atlanta,commercial,COM-C,115,2,,
KH-CLM-010090,KB0010396,2026-09-11,Atlanta,commercial,COM-B,369,2,,
KH-CLM-010091,KB0010397,2026-09-11,Atlanta,self-pay,SELF,65,1,,
KH-CLM-010092,KB0010398,2026-09-11,Atlanta,Medicaid,MEDICAID-GA,55,1,,
KH-CLM-010093,KB0010399,2026-09-11,Atlanta,commercial,COM-A,149,1,,
KH-CLM-010094,KB0010400,2026-09-11,Atlanta,commercial,COM-A,115,2,,
KH-CLM-010095,KB0010401,2026-09-11,Atlanta,self-pay,SELF,220,2,,
KH-CLM-010096,KB0010402,2026-09-11,Atlanta,commercial,COM-B,349,1,,eligibility or coverage
KH-CLM-010097,KB0010403,2026-09-11,Philadelphia,Medicaid,MEDICAID-PA,149,1,,
KH-CLM-010098,KB0010404,2026-09-11,Philadelphia,Medicaid,MEDICAID-PA,230,3,,medical necessity
KH-CLM-010099,KB0010405,2026-09-11,Philadelphia,commercial,COM-C,110,3,,
KH-CLM-010100,KB0010406,2026-09-11,Philadelphia,commercial,COM-A,70,1,,
KH-CLM-010101,KB0010407,2026-09-11,Philadelphia,commercial,COM-B,115,2,,
KH-CLM-010102,KB0010408,2026-09-11,Philadelphia,Medicare,MEDICARE,30,1,,
KH-CLM-010103,KB0010409,2026-09-11,Philadelphia,Medicare,MEDICARE,149,1,,non-covered service
KH-CLM-010104,KB0010410,2026-09-11,Philadelphia,Medicare,MEDICARE,299,1,,
KH-CLM-010105,KB0010411,2026-09-11,Philadelphia,Medicaid,MEDICAID-PA,95,2,,
KH-CLM-010106,KB0010412,2026-09-11,Philadelphia,commercial,COM-A,149,1,,
KH-CLM-010107,KB0010413,2026-09-12,Dallas,commercial,COM-B,70,1,,
KH-CLM-010108,KB0010414,2026-09-12,Dallas,Medicaid,MEDICAID-TX,30,1,,
KH-CLM-010109,KB0010415,2026-09-12,Dallas,Medicare,MEDICARE,349,1,,medical necessity
KH-CLM-010110,KB0010416,2026-09-12,Dallas,Medicare,MEDICARE,299,1,,
KH-CLM-010111,KB0010417,2026-09-12,Dallas,self-pay,SELF,240,3,,
KH-CLM-010112,KB0010418,2026-09-12,Dallas,Medicare,MEDICARE,130,2,,
KH-CLM-010113,KB0010419,2026-09-12,Dallas,Medicare,MEDICARE,95,1,,
KH-CLM-010114,KB0010420,2026-09-12,Dallas,commercial,COM-A,75,1,,
KH-CLM-010115,KB0010421,2026-09-12,Dallas,commercial,COM-B,175,4,,
KH-CLM-010116,KB0010422,2026-09-12,Dallas,Medicaid,MEDICAID-TX,230,4,,
KH-CLM-010117,KB0010423,2026-09-12,Dallas,Medicare,MEDICARE,185,4,,
KH-CLM-010118,KB0010424,2026-09-12,Dallas,commercial,COM-C,149,1,,
KH-CLM-010119,KB0010425,2026-09-12,Dallas,Medicare,MEDICARE,349,1,,missing or invalid information
KH-CLM-010120,KB0010426,2026-09-12,Dallas,commercial,COM-C,299,1,,
KH-CLM-010121,KB0010427,2026-09-12,Dallas,Medicare,MEDICARE,349,1,,
KH-CLM-010122,KB0010428,2026-09-12,Dallas,Medicare,MEDICARE,190,3,,
KH-CLM-010123,KB0010429,2026-09-12,Dallas,commercial,COM-C,115,2,,
KH-CLM-010124,KB0010430,2026-09-12,Phoenix,commercial,COM-C,235,4,,
KH-CLM-010125,KB0010431,2026-09-12,Phoenix,commercial,COM-C,275,4,,
KH-CLM-010126,KB0010432,2026-09-12,Phoenix,Medicaid,MEDICAID-AZ,299,1,,eligibility or coverage
KH-CLM-010127,KB0010433,2026-09-12,Phoenix,Medicaid,MEDICAID-AZ,260,4,,
KH-CLM-010128,KB0010434,2026-09-12,Phoenix,Medicaid,MEDICAID-AZ,275,4,,
KH-CLM-010129,KB0010435,2026-09-12,Phoenix,commercial,COM-C,310,4,,
KH-CLM-010130,KB0010436,2026-09-12,Phoenix,Medicaid,MEDICAID-AZ,299,1,,
KH-CLM-010131,KB0010437,2026-09-12,Phoenix,commercial,COM-B,149,1,,
KH-CLM-010132,KB0010439,2026-09-12,Phoenix,Medicare,MEDICARE,25,1,,
KH-CLM-010133,KB0010440,2026-09-12,Phoenix,commercial,COM-A,349,1,,
KH-CLM-010134,KB0010442,2026-09-12,Phoenix,commercial,COM-A,120,3,,
KH-CLM-010135,KB0010443,2026-09-12,Phoenix,commercial,COM-A,299,1,,
KH-CLM-010136,KB0010444,2026-09-12,Phoenix,commercial,COM-B,130,3,,eligibility or coverage
KH-CLM-010137,KB0010445,2026-09-12,Phoenix,Medicaid,MEDICAID-AZ,220,3,,
KH-CLM-010138,KB0010446,2026-09-12,Phoenix,commercial,COM-A,195,3,,
KH-CLM-010139,KB0010447,2026-09-12,Phoenix,Medicare,MEDICARE,130,3,,
KH-CLM-010140,KB0010448,2026-09-12,New York,commercial,COM-B,60,1,,
KH-CLM-010141,KB0010449,2026-09-12,New York,Medicare,MEDICARE,240,4,,
KH-CLM-010142,KB0010450,2026-09-12,New York,commercial,COM-B,245,3,,
KH-CLM-010143,KB0010451,2026-09-12,New York,commercial,COM-B,130,2,,medical necessity
KH-CLM-010144,KB0010452,2026-09-12,New York,Medicare,MEDICARE,149,1,,
KH-CLM-010145,KB0010453,2026-09-12,New York,commercial,COM-A,170,2,,
KH-CLM-010146,KB0010454,2026-09-12,New York,Medicare,MEDICARE,125,2,,
KH-CLM-010147,KB0010455,2026-09-12,New York,Medicaid,MEDICAID-NY,55,2,,
KH-CLM-010148,KB0010456,2026-09-12,New York,commercial,COM-B,165,3,,
KH-CLM-010149,KB0010457,2026-09-12,New York,self-pay,SELF,169,2,,
KH-CLM-010150,KB0010458,2026-09-12,New York,commercial,COM-B,149,1,,
KH-CLM-010151,KB0010459,2026-09-12,New York,Medicaid,MEDICAID-NY,220,4,,
KH-CLM-010152,KB0010460,2026-09-12,New York,commercial,COM-A,140,3,,
KH-CLM-010153,KB0010461,2026-09-12,Chicago,commercial,COM-B,305,4,,
KH-CLM-010154,KB0010462,2026-09-12,Chicago,commercial,COM-B,195,2,,
KH-CLM-010155,KB0010463,2026-09-12,Chicago,commercial,COM-A,135,2,,
KH-CLM-010156,KB0010464,2026-09-12,Atlanta,Medicaid,MEDICAID-GA,149,1,,
KH-CLM-010157,KB0010465,2026-09-12,Atlanta,Medicare,MEDICARE,195,2,,
KH-CLM-010158,KB0010466,2026-09-12,Atlanta,commercial,COM-C,149,1,,
KH-CLM-010159,KB0010467,2026-09-12,Atlanta,Medicaid,MEDICAID-GA,145,2,,
KH-CLM-010160,KB0010468,2026-09-12,Atlanta,Medicaid,MEDICAID-GA,285,4,,
KH-CLM-010161,KB0010469,2026-09-12,Atlanta,commercial,COM-C,255,4,,
KH-CLM-010162,KB0010470,2026-09-12,Atlanta,commercial,COM-B,349,1,,
KH-CLM-010163,KB0010471,2026-09-12,Atlanta,Medicaid,MEDICAID-GA,319,2,,
KH-CLM-010164,KB0010472,2026-09-12,Atlanta,commercial,COM-C,299,1,,
KH-CLM-010165,KB0010473,2026-09-12,Atlanta,Medicare,MEDICARE,55,1,,
KH-CLM-010166,KB0010474,2026-09-12,Atlanta,commercial,COM-A,280,4,,
KH-CLM-010167,KB0010475,2026-09-12,Atlanta,Medicare,MEDICARE,360,4,,
KH-CLM-010168,KB0010476,2026-09-12,Philadelphia,self-pay,SELF,55,2,,
KH-CLM-010169,KB0010477,2026-09-12,Philadelphia,Medicare,MEDICARE,145,3,,
KH-CLM-010170,KB0010478,2026-09-12,Philadelphia,Medicaid,MEDICAID-PA,205,3,,
KH-CLM-010171,KB0010479,2026-09-13,Dallas,commercial,COM-A,155,2,,
KH-CLM-010172,KB0010480,2026-09-13,Dallas,self-pay,SELF,55,2,,
KH-CLM-010173,KB0010481,2026-09-13,Dallas,self-pay,SELF,235,2,,
KH-CLM-010174,KB0010482,2026-09-13,Dallas,Medicare,MEDICARE,215,4,,
KH-CLM-010175,KB0010483,2026-09-13,Dallas,commercial,COM-B,299,1,,
KH-CLM-010176,KB0010484,2026-09-13,Dallas,Medicaid,MEDICAID-TX,349,1,,
KH-CLM-010177,KB0010485,2026-09-13,Dallas,Medicare,MEDICARE,349,1,,
KH-CLM-010178,KB0010486,2026-09-13,Dallas,commercial,COM-B,299,1,,
KH-CLM-010179,KB0010487,2026-09-13,Dallas,commercial,COM-C,299,1,,eligibility or coverage
KH-CLM-010180,KB0010488,2026-09-13,Dallas,commercial,COM-A,150,4,,
KH-CLM-010181,KB0010489,2026-09-13,Dallas,commercial,COM-A,115,2,,
KH-CLM-010182,KB0010490,2026-09-13,Dallas,commercial,COM-B,130,2,,eligibility or coverage
KH-CLM-010183,KB0010491,2026-09-13,Dallas,commercial,COM-A,45,1,,
KH-CLM-010184,KB0010492,2026-09-13,Dallas,commercial,COM-B,45,1,,
KH-CLM-010185,KB0010493,2026-09-13,Dallas,commercial,COM-A,299,1,,missing or invalid information
KH-CLM-010186,KB0010494,2026-09-13,Dallas,Medicaid,MEDICAID-TX,240,4,,
KH-CLM-010187,KB0010495,2026-09-13,Dallas,commercial,COM-A,175,4,,
KH-CLM-010188,KB0010496,2026-09-13,Phoenix,commercial,COM-C,85,2,,
KH-CLM-010189,KB0010497,2026-09-13,Phoenix,commercial,COM-A,65,1,,
KH-CLM-010190,KB0010498,2026-09-13,Phoenix,commercial,COM-A,150,1,,
KH-CLM-010191,KB0010499,2026-09-13,Phoenix,Medicare,MEDICARE,170,2,,
KH-CLM-010192,KB0010500,2026-09-13,Phoenix,commercial,COM-B,330,4,,
KH-CLM-010193,KB0010501,2026-09-13,Phoenix,self-pay,SELF,320,3,,
KH-CLM-010194,KB0010502,2026-09-13,Phoenix,commercial,COM-A,280,4,,
KH-CLM-010195,KB0010503,2026-09-13,Phoenix,commercial,COM-B,299,1,,
KH-CLM-010196,KB0010504,2026-09-13,Phoenix,Medicare,MEDICARE,85,2,,
KH-CLM-010197,KB0010505,2026-09-13,New York,Medicare,MEDICARE,195,2,,
KH-CLM-010198,KB0010506,2026-09-13,New York,Medicare,MEDICARE,75,1,,
KH-CLM-010199,KB0010507,2026-09-13,New York,Medicare,MEDICARE,355,4,,
KH-CLM-010200,KB0010508,2026-09-13,New York,commercial,COM-B,285,4,,
KH-CLM-010201,KB0010509,2026-09-13,New York,commercial,COM-C,65,1,,
KH-CLM-010202,KB0010510,2026-09-13,New York,commercial,COM-B,240,4,,eligibility or coverage
KH-CLM-010203,KB0010511,2026-09-13,New York,commercial,COM-B,150,1,,
KH-CLM-010204,KB0010512,2026-09-13,New York,commercial,COM-B,135,3,,
KH-CLM-010205,KB0010513,2026-09-13,New York,Medicare,MEDICARE,50,2,,medical necessity
KH-CLM-010206,KB0010514,2026-09-13,Chicago,commercial,COM-A,225,4,,
KH-CLM-010207,KB0010515,2026-09-13,Chicago,Medicare,MEDICARE,299,1,,
KH-CLM-010208,KB0010516,2026-09-13,Chicago,self-pay,SELF,149,1,,
KH-CLM-010209,KB0010517,2026-09-13,Chicago,Medicare,MEDICARE,149,1,,
KH-CLM-010210,KB0010518,2026-09-13,Chicago,Medicare,MEDICARE,65,1,,
KH-CLM-010211,KB0010519,2026-09-13,Atlanta,commercial,COM-B,349,1,,
KH-CLM-010212,KB0010520,2026-09-13,Atlanta,commercial,COM-C,299,1,,
KH-CLM-010213,KB0010521,2026-09-13,Atlanta,commercial,COM-A,30,1,,
KH-CLM-010214,KB0010522,2026-09-13,Atlanta,commercial,COM-A,195,2,,
KH-CLM-010215,KB0010523,2026-09-13,Atlanta,commercial,COM-A,155,3,,
KH-CLM-010216,KB0010525,2026-09-13,Atlanta,commercial,COM-B,220,4,,
KH-CLM-010217,KB0010526,2026-09-13,Philadelphia,commercial,COM-B,150,3,,
KH-CLM-010218,KB0010527,2026-09-13,Philadelphia,commercial,COM-C,65,1,,
KH-CLM-010219,KB0010528,2026-09-13,Philadelphia,commercial,COM-B,175,2,,
KH-CLM-010220,KB0010529,2026-09-13,Philadelphia,commercial,COM-C,170,2,,
KH-CLM-010221,KB0010530,2026-09-13,Philadelphia,Medicare,MEDICARE,50,2,,
KH-CLM-010222,KB0010531,2026-09-13,Philadelphia,Medicaid,MEDICAID-PA,230,3,,
KH-CLM-010223,KB0010532,2026-09-13,Philadelphia,commercial,COM-A,245,2,,
KH-CLM-010224,KB0010533,2026-09-14,Dallas,commercial,COM-A,65,1,,
KH-CLM-010225,KB0010534,2026-09-14,Dallas,Medicare,MEDICARE,349,1,,
KH-CLM-010226,KB0010535,2026-09-14,Dallas,commercial,COM-C,170,3,,
KH-CLM-010227,KB0010536,2026-09-14,Dallas,commercial,COM-C,90,2,,
KH-CLM-010228,KB0010537,2026-09-14,Dallas,commercial,COM-C,319,2,,
KH-CLM-010229,KB0010538,2026-09-14,Dallas,commercial,COM-A,299,1,,
KH-CLM-010230,KB0010539,2026-09-14,Dallas,Medicare,MEDICARE,180,4,,
KH-CLM-010231,KB0010540,2026-09-14,Dallas,Medicaid,MEDICAID-TX,95,2,,
KH-CLM-010232,KB0010541,2026-09-14,Dallas,commercial,COM-A,95,2,,
KH-CLM-010233,KB0010542,2026-09-14,Dallas,commercial,COM-C,299,1,,
KH-CLM-010234,KB0010543,2026-09-14,Dallas,commercial,COM-C,195,2,,
KH-CLM-010235,KB0010544,2026-09-14,Dallas,self-pay,SELF,$165.00,3,,
KH-CLM-010236,KB0010545,2026-09-14,Dallas,commercial,COM-C,349,1,,
KH-CLM-010237,KB0010546,2026-09-14,Dallas,commercial,COM-C,115,2,,
KH-CLM-010238,KB0010547,2026-09-14,Phoenix,commercial,COM-C,149,1,,non-covered service
KH-CLM-010239,KB0010548,2026-09-14,Phoenix,commercial,COM-B,330,4,,
KH-CLM-010240,KB0010549,2026-09-14,Phoenix,self-pay,SELF,349,1,,
KH-CLM-010241,KB0010550,2026-09-14,Phoenix,commercial,COM-B,170,2,,
KH-CLM-010242,KB0010551,2026-09-14,Phoenix,Medicare,MEDICARE,149,1,,
KH-CLM-010243,KB0010552,2026-09-14,Phoenix,Medicaid,MEDICAID-AZ,45,1,,
KH-CLM-010244,KB0010553,2026-09-14,Phoenix,commercial,COM-C,149,1,,
KH-CLM-010245,KB0010554,2026-09-14,Phoenix,self-pay,SELF,95,1,,
KH-CLM-010246,KB0010555,2026-09-14,Phoenix,commercial,COM-B,310,4,,
KH-CLM-010247,KB0010556,2026-09-14,Phoenix,commercial,COM-A,85,1,,
KH-CLM-010248,KB0010557,2026-09-14,Phoenix,commercial,COM-B,299,1,,
KH-CLM-010249,KB0010558,2026-09-14,Phoenix,Medicare,MEDICARE,140,3,,
KH-CLM-010250,KB0010559,2026-09-14,Phoenix,Medicare,MEDICARE,340,4,,
KH-CLM-010251,KB0010560,2026-09-14,Phoenix,self-pay,SELF,150,1,,
KH-CLM-010252,KB0010561,2026-09-14,Phoenix,commercial,COM-A,299,1,,
KH-CLM-010253,KB0010562,2026-09-14,New York,Medicare,MEDICARE,319,2,,
KH-CLM-010254,KB0010563,2026-09-14,New York,commercial,COM-B,120,2,,
KH-CLM-010255,KB0010564,2026-09-14,New York,Medicare,MEDICARE,75,1,,
KH-CLM-010256,KB0010565,2026-09-14,New York,commercial,COM-B,299,1,,
KH-CLM-010257,KB0010566,2026-09-14,New York,commercial,COM-A,115,2,,non-covered service
KH-CLM-010258,KB0010567,2026-09-14,New York,Medicare,MEDICARE,299,1,,
KH-CLM-010259,KB0010568,2026-09-14,New York,Medicaid,MEDICAID-NY,135,3,,
KH-CLM-010260,KB0010569,2026-09-14,New York,commercial,COM-B,95,2,,missing or invalid information
KH-CLM-010261,KB0010570,2026-09-14,New York,Medicare,MEDICARE,85,2,,
KH-CLM-010262,KB0010571,2026-09-14,New York,self-pay,SELF,299,1,,
KH-CLM-010263,KB0010572,2026-09-14,New York,self-pay,SELF,299,1,,
KH-CLM-010264,KB0010573,2026-09-14,New York,commercial,COM-B,125,3,,
KH-CLM-010265,KB0010574,2026-09-14,New York,self-pay,SELF,130,2,,
KH-CLM-010266,KB0010575,2026-09-14,New York,self-pay,SELF,149,1,,
KH-CLM-010267,KB0010576,2026-09-14,Chicago,Medicare,MEDICARE,60,1,,
KH-CLM-010268,KB0010577,2026-09-14,Chicago,Medicare,MEDICARE,150,3,,
KH-CLM-010269,KB0010578,2026-09-14,Chicago,commercial,COM-C,299,1,,
KH-CLM-010270,KB0010579,2026-09-14,Chicago,Medicare,MEDICARE,160,2,,
KH-CLM-010271,KB0010580,2026-09-14,Chicago,Medicare,MEDICARE,60,1,,
KH-CLM-010272,KB0010581,2026-09-14,Atlanta,commercial,COM-B,90,2,,missing or invalid information
KH-CLM-010273,KB0010582,2026-09-14,Atlanta,Medicare,MEDICARE,100,2,,
KH-CLM-010274,KB0010583,2026-09-14,Atlanta,commercial,COM-B,299,1,,prior authorization
KH-CLM-010275,KB0010584,2026-09-14,Atlanta,self-pay,SELF,30,1,,
KH-CLM-010276,KB0010585,2026-09-14,Atlanta,Medicare,MEDICARE,225,2,,
KH-CLM-010277,KB0010586,2026-09-14,Atlanta,Medicaid,MEDICAID-GA,365,4,,
KH-CLM-010278,KB0010587,2026-09-14,Atlanta,Medicare,MEDICARE,149,1,,
KH-CLM-010279,KB0010588,2026-09-14,Atlanta,Medicare,MEDICARE,365,5,,
KH-CLM-010280,KB0010589,2026-09-14,Atlanta,commercial,COM-C,220,4,,
KH-CLM-010281,KB0010590,2026-09-14,Atlanta,Medicaid,MEDICAID-GA,320,3,,eligibility or coverage
KH-CLM-010282,KB0010591,2026-09-14,Atlanta,self-pay,SELF,175,2,,
KH-CLM-010283,KB0010592,2026-09-14,Philadelphia,commercial,COM-B,349,1,,
KH-CLM-010284,KB0010593,2026-09-14,Philadelphia,commercial,COM-C,95,1,,
KH-CLM-010285,KB0010594,2026-09-14,Philadelphia,commercial,COM-A,220,3,,
KH-CLM-010286,KB0010595,2026-09-14,Philadelphia,commercial,COM-B,169,2,,
KH-CLM-010287,KB0010596,2026-09-14,Philadelphia,Medicaid,MEDICAID-PA,65,1,,
KH-CLM-010288,KB0010597,2026-09-14,Philadelphia,commercial,COM-A,335,4,,
KH-CLM-010289,KB0010598,2026-09-14,Philadelphia,commercial,COM-C,200,3,,
KH-CLM-010290,KB0010599,2026-09-15,Dallas,commercial,COM-B,185,3,,prior authorization
KH-CLM-010291,KB0010600,2026-09-15,Dallas,commercial,COM-B,110,3,,
KH-CLM-010292,KB0010601,2026-09-15,Dallas,commercial,COM-B,30,1,,
KH-CLM-010293,KB0010604,2026-09-15,Dallas,commercial,COM-C,235,4,,
KH-CLM-010294,KB0010605,2026-09-15,Dallas,commercial,COM-C,170,3,,
KH-CLM-010295,KB0010606,2026-09-15,Dallas,commercial,COM-B,245,4,,
KH-CLM-010296,KB0010607,2026-09-15,Dallas,commercial,COM-C,45,1,,
KH-CLM-010297,KB0010608,2026-09-15,Dallas,Medicare,MEDICARE,70,1,,
KH-CLM-010298,KB0010609,2026-09-15,Dallas,commercial,COM-C,130,2,,
KH-CLM-010299,KB0010610,2026-09-15,Dallas,commercial,COM-B,115,2,,
KH-CLM-010300,KB0010611,2026-09-15,Dallas,Medicare,MEDICARE,115,2,,
KH-CLM-010301,KB0010612,2026-09-15,Phoenix,commercial,COM-A,245,2,,missing or invalid information
KH-CLM-010302,KB0010613,2026-09-15,Phoenix,Medicaid,MEDICAID-AZ,130,2,,
KH-CLM-010303,KB0010614,2026-09-15,Phoenix,Medicare,MEDICARE,55,1,,
KH-CLM-010304,KB0010615,2026-09-15,Phoenix,commercial,COM-A,85,2,,
KH-CLM-010305,KB0010618,2026-09-15,Phoenix,self-pay,SELF,55,1,,
KH-CLM-010306,KB0010619,2026-09-15,Phoenix,Medicaid,MEDICAID-AZ,299,1,,
KH-CLM-010307,KB0010620,2026-09-15,Phoenix,self-pay,SELF,70,1,,
KH-CLM-010308,KB0010621,2026-09-15,Phoenix,Medicare,MEDICARE,299,1,,
KH-CLM-010309,KB0010622,2026-09-15,Phoenix,commercial,COM-A,130,3,,missing or invalid information
KH-CLM-010310,KB0010623,2026-09-15,New York,commercial,COM-A,$235.00,4,,
KH-CLM-010311,KB0010624,2026-09-15,New York,Medicaid,MEDICAID-NY,65,1,,
KH-CLM-010312,KB0010625,2026-09-15,New York,commercial,COM-A,55,1,,
KH-CLM-010313,KB0010626,2026-09-15,New York,commercial,COM-C,149,1,,
KH-CLM-010314,KB0010627,2026-09-15,New York,commercial,COM-A,299,1,,
KH-CLM-010315,KB0010628,2026-09-15,New York,Medicaid,MEDICAID-NY,265,3,,
KH-CLM-010316,KB0010629,2026-09-15,New York,Medicare,MEDICARE,149,1,,missing or invalid information
KH-CLM-010317,KB0010630,2026-09-15,New York,commercial,COM-C,165,3,,
KH-CLM-010318,KB0010631,2026-09-15,New York,commercial,COM-B,65,2,,prior authorization
KH-CLM-010319,KB0010632,2026-09-15,New York,commercial,COM-B,215,2,,
KH-CLM-010320,KB0010633,2026-09-15,New York,Medicaid,MEDICAID-NY,100,2,,
KH-CLM-010321,KB0010634,2026-09-15,New York,Medicare,MEDICARE,145,3,,
KH-CLM-010322,KB0010635,2026-09-15,New York,commercial,COM-B,349,1,,
KH-CLM-010323,KB0010636,2026-09-15,New York,Medicaid,MEDICAID-NY,85,3,,eligibility or coverage
KH-CLM-010324,KB0010637,2026-09-15,New York,Medicare,MEDICARE,70,1,,
KH-CLM-010325,KB0010638,2026-09-15,Chicago,commercial,COM-B,120,3,,
KH-CLM-010326,KB0010639,2026-09-15,Chicago,Medicare,MEDICARE,65,1,,
KH-CLM-010327,KB0010640,2026-09-15,Chicago,Medicaid,MEDICAID-IL,210,4,,
KH-CLM-010328,KB0010641,2026-09-15,Chicago,commercial,COM-A,149,1,,non-covered service
KH-CLM-010329,KB0010642,2026-09-15,Chicago,commercial,COM-A,325,4,,
KH-CLM-010330,KB0010643,2026-09-15,Atlanta,commercial,COM-C,55,2,,
KH-CLM-010331,KB0010644,2026-09-15,Atlanta,Medicare,MEDICARE,299,1,,
KH-CLM-010332,KB0010645,2026-09-15,Atlanta,commercial,COM-C,149,1,,
KH-CLM-010333,KB0010646,2026-09-15,Atlanta,Medicaid,MEDICAID-GA,205,2,,timely filing
KH-CLM-010334,KB0010647,2026-09-15,Atlanta,Medicare,MEDICARE,230,4,,
KH-CLM-010335,KB0010648,2026-09-15,Atlanta,self-pay,SELF,349,1,,
KH-CLM-010336,KB0010649,2026-09-15,Atlanta,commercial,COM-C,225,2,,
KH-CLM-010337,KB0010650,2026-09-15,Atlanta,commercial,COM-A,270,5,,
KH-CLM-010338,KB0010651,2026-09-15,Atlanta,Medicare,MEDICARE,85,1,,
KH-CLM-010339,KB0010652,2026-09-15,Atlanta,commercial,COM-B,30,1,,
KH-CLM-010340,KB0010653,2026-09-15,Atlanta,commercial,COM-C,120,2,,
KH-CLM-010341,KB0010654,2026-09-15,Atlanta,commercial,COM-A,205,2,,
KH-CLM-010342,KB0010655,2026-09-15,Philadelphia,commercial,COM-A,110,2,,
KH-CLM-010343,KB0010656,2026-09-15,Philadelphia,Medicaid,MEDICAID-PA,95,2,,
KH-CLM-010344,KB0010657,2026-09-15,Philadelphia,commercial,COM-A,175,2,,
KH-CLM-010345,KB0010658,2026-09-15,Philadelphia,commercial,COM-B,25,1,,
KH-CLM-010346,KB0010659,2026-09-15,Philadelphia,commercial,COM-B,70,1,,
KH-CLM-010347,KB0010660,2026-09-16,Dallas,commercial,COM-A,195,2,,
KH-CLM-010348,KB0010661,2026-09-16,Dallas,commercial,COM-C,299,1,,
KH-CLM-010349,KB0010662,2026-09-16,Dallas,Medicaid,MEDICAID-TX,115,2,,
KH-CLM-010350,KB0010663,2026-09-16,Dallas,commercial,COM-C,75,2,,
KH-CLM-010351,KB0010664,2026-09-16,Dallas,commercial,COM-A,60,1,,
KH-CLM-010352,KB0010665,2026-09-16,Dallas,commercial,COM-B,125,2,,
KH-CLM-010353,KB0010666,2026-09-16,Dallas,Medicaid,MEDICAID-TX,75,1,,
KH-CLM-010354,KB0010667,2026-09-16,Dallas,Medicare,MEDICARE,250,3,,
KH-CLM-010355,KB0010668,2026-09-16,Dallas,commercial,COM-C,45,1,,
KH-CLM-010356,KB0010669,2026-09-16,Dallas,Medicaid,MEDICAID-TX,299,1,,eligibility or coverage
KH-CLM-010357,KB0010670,2026-09-16,Dallas,commercial,COM-B,25,1,,
KH-CLM-010358,KB0010671,2026-09-16,Dallas,commercial,COM-C,180,2,,
KH-CLM-010359,KB0010672,2026-09-16,Dallas,commercial,COM-B,45,2,,
KH-CLM-010360,KB0010673,2026-09-16,Dallas,commercial,COM-A,120,2,,
KH-CLM-010361,KB0010674,2026-09-16,Dallas,commercial,COM-B,210,2,,
KH-CLM-010362,KB0010675,2026-09-16,Phoenix,commercial,COM-A,45,1,,
KH-CLM-010363,KB0010676,2026-09-16,Phoenix,commercial,COM-C,149,1,,
KH-CLM-010364,KB0010677,2026-09-16,Phoenix,commercial,COM-C,160,3,,
KH-CLM-010365,KB0010678,2026-09-16,Phoenix,commercial,COM-C,210,5,,
KH-CLM-010366,KB0010679,2026-09-16,Phoenix,commercial,COM-B,190,5,,missing or invalid information
KH-CLM-010367,KB0010680,2026-09-16,Phoenix,commercial,COM-C,70,1,,medical necessity
KH-CLM-010368,KB0010681,2026-09-16,Phoenix,Medicaid,MEDICAID-AZ,245,4,,
KH-CLM-010369,KB0010682,2026-09-16,Phoenix,Medicare,MEDICARE,30,1,,
KH-CLM-010370,KB0010683,2026-09-16,Phoenix,commercial,COM-C,180,2,,
KH-CLM-010371,KB0010684,2026-09-16,Phoenix,commercial,COM-B,145,2,,
KH-CLM-010372,KB0010685,2026-09-16,New York,commercial,COM-B,180,3,,
KH-CLM-010373,KB0010686,2026-09-16,New York,commercial,COM-A,215,2,,
KH-CLM-010374,KB0010687,2026-09-16,New York,commercial,COM-B,160,3,,
KH-CLM-010375,KB0010688,2026-09-16,New York,Medicare,MEDICARE,125,2,,
KH-CLM-010376,KB0010689,2026-09-16,New York,Medicare,MEDICARE,75,2,,
KH-CLM-010377,KB0010690,2026-09-16,New York,commercial,COM-B,169,2,,
KH-CLM-010378,KB0010691,2026-09-16,New York,commercial,COM-B,349,1,,
KH-CLM-010379,KB0010693,2026-09-16,New York,Medicare,MEDICARE,65,1,,
KH-CLM-010380,KB0010694,2026-09-16,New York,Medicare,MEDICARE,299,1,,
KH-CLM-010381,KB0010695,2026-09-16,Chicago,commercial,COM-A,180,3,,
KH-CLM-010382,KB0010696,2026-09-16,Chicago,commercial,COM-A,225,4,,
KH-CLM-010383,KB0010697,2026-09-16,Chicago,commercial,COM-C,210,4,,
KH-CLM-010384,KB0010698,2026-09-16,Chicago,commercial,COM-B,240,4,,
KH-CLM-010385,KB0010699,2026-09-16,Chicago,Medicare,MEDICARE,115,2,,
KH-CLM-010386,KB0010700,2026-09-16,Chicago,commercial,COM-C,145,3,,
KH-CLM-010387,KB0010701,2026-09-16,Chicago,Medicare,MEDICARE,185,3,,
KH-CLM-010388,KB0010702,2026-09-16,Atlanta,Medicare,MEDICARE,255,4,,
KH-CLM-010389,KB0010703,2026-09-16,Atlanta,commercial,COM-A,299,1,,
KH-CLM-010390,KB0010704,2026-09-16,Atlanta,self-pay,SELF,170,3,,
KH-CLM-010391,KB0010705,2026-09-16,Atlanta,commercial,COM-B,235,4,,
KH-CLM-010392,KB0010706,2026-09-16,Atlanta,self-pay,SELF,350,5,,
KH-CLM-010393,KB0010707,2026-09-16,Atlanta,self-pay,SELF,220,2,,
KH-CLM-010394,KB0010708,2026-09-16,Atlanta,Medicare,MEDICARE,319,2,,eligibility or coverage
KH-CLM-010395,KB0010709,2026-09-16,Atlanta,Medicaid,MEDICAID-GA,149,1,,
KH-CLM-010396,KB0010710,2026-09-16,Atlanta,commercial,COM-C,30,1,,
KH-CLM-010397,KB0010711,2026-09-16,Philadelphia,commercial,COM-A,170,2,,
KH-CLM-010398,KB0010712,2026-09-16,Philadelphia,commercial,COM-B,319,2,,
KH-CLM-010399,KB0010713,2026-09-16,Philadelphia,commercial,COM-C,165,3,,
KH-CLM-010400,KB0010714,2026-09-16,Philadelphia,commercial,COM-B,130,2,,
KH-CLM-010401,KB0010715,2026-09-16,Philadelphia,self-pay,SELF,25,1,,
KH-CLM-010402,KB0010716,2026-09-16,Philadelphia,commercial,COM-A,170,3,,
KH-CLM-010403,KB0010717,2026-09-16,Philadelphia,commercial,COM-B,165,2,,
KH-CLM-010404,KB0010718,2026-09-16,Philadelphia,Medicaid,MEDICAID-PA,160,2,,
KH-CLM-010405,KB0010719,2026-09-16,Philadelphia,self-pay,SELF,140,2,,
KH-CLM-010406,KB0010720,2026-09-16,Philadelphia,commercial,COM-B,125,2,,
KH-CLM-010407,KB0010721,2026-09-17,Dallas,Medicare,MEDICARE,75,1,,
KH-CLM-010408,KB0010722,2026-09-17,Dallas,Medicaid,MEDICAID-TX,45,2,,eligibility or coverage
KH-CLM-010409,KB0010723,2026-09-17,Dallas,Medicaid,MEDICAID-TX,299,1,,
KH-CLM-010410,KB0010724,2026-09-17,Dallas,commercial,COM-A,295,3,,missing or invalid information
KH-CLM-010411,KB0010725,2026-09-17,Dallas,commercial,COM-C,299,1,,
KH-CLM-010412,KB0010726,2026-09-17,Dallas,commercial,COM-A,30,1,,
KH-CLM-010413,KB0010727,2026-09-17,Dallas,commercial,COM-B,75,2,,
KH-CLM-010414,KB0010728,2026-09-17,Dallas,Medicare,MEDICARE,25,1,,
KH-CLM-010415,KB0010729,2026-09-17,Dallas,Medicare,MEDICARE,95,1,,
KH-CLM-010416,KB0010730,2026-09-17,Dallas,self-pay,SELF,149,1,,
KH-CLM-010417,KB0010731,2026-09-17,Dallas,commercial,COM-A,270,4,,
KH-CLM-010418,KB0010732,2026-09-17,Dallas,commercial,COM-A,349,1,,
KH-CLM-010419,KB0010733,2026-09-17,Dallas,commercial,COM-C,349,1,,
KH-CLM-010420,KB0010734,2026-09-17,Dallas,commercial,COM-A,320,4,,
KH-CLM-010421,KB0010735,2026-09-17,Dallas,commercial,COM-B,60,1,,
KH-CLM-010422,KB0010736,2026-09-17,Dallas,commercial,COM-A,149,1,,
KH-CLM-010423,KB0010737,2026-09-17,Dallas,Medicare,MEDICARE,55,2,,
KH-CLM-010424,KB0010738,2026-09-17,Dallas,commercial,COM-B,175,3,,
KH-CLM-010425,KB0010739,2026-09-17,Phoenix,Medicaid,MEDICAID-AZ,369,2,,
KH-CLM-010426,KB0010740,2026-09-17,Phoenix,commercial,COM-A,160,2,,
KH-CLM-010427,KB0010741,2026-09-17,Phoenix,commercial,COM-C,95,1,,
KH-CLM-010428,KB0010742,2026-09-17,Phoenix,commercial,COM-C,299,1,,non-covered service
KH-CLM-010429,KB0010743,2026-09-17,Phoenix,commercial,COM-A,299,1,,
KH-CLM-010430,KB0010744,2026-09-17,Phoenix,Medicaid,MEDICAID-AZ,60,1,,
KH-CLM-010431,KB0010746,2026-09-17,Phoenix,Medicare,MEDICARE,300,4,,
KH-CLM-010432,KB0010747,2026-09-17,Phoenix,commercial,COM-C,240,4,,
KH-CLM-010433,KB0010748,2026-09-17,Phoenix,self-pay,SELF,150,1,,
KH-CLM-010434,KB0010749,2026-09-17,Phoenix,Medicare,MEDICARE,299,1,,
KH-CLM-010435,KB0010750,2026-09-17,Phoenix,commercial,COM-C,140,2,,
KH-CLM-010436,KB0010751,2026-09-17,Phoenix,commercial,COM-C,70,1,,
KH-CLM-010437,KB0010752,2026-09-17,Phoenix,commercial,COM-A,50,2,,
KH-CLM-010438,KB0010753,2026-09-17,New York,commercial,COM-B,170,2,,
KH-CLM-010439,KB0010754,2026-09-17,New York,Medicare,MEDICARE,210,4,,
KH-CLM-010440,KB0010755,2026-09-17,New York,self-pay,SELF,299,1,,
KH-CLM-010441,KB0010757,2026-09-17,New York,commercial,COM-A,140,3,,
KH-CLM-010442,KB0010758,2026-09-17,New York,Medicaid,MEDICAID-NY,125,2,,
KH-CLM-010443,KB0010759,2026-09-17,New York,commercial,COM-B,265,4,,
KH-CLM-010444,KB0010760,2026-09-17,New York,self-pay,SELF,299,1,,
KH-CLM-010445,KB0010761,2026-09-17,New York,Medicare,MEDICARE,270,4,,
KH-CLM-010446,KB0010762,2026-09-17,New York,commercial,COM-C,110,3,,
KH-CLM-010447,KB0010763,2026-09-17,New York,Medicare,MEDICARE,245,4,,
KH-CLM-010448,KB0010764,2026-09-17,New York,commercial,COM-C,290,3,,
KH-CLM-010449,KB0010765,2026-09-17,New York,Medicaid,MEDICAID-NY,45,1,,
KH-CLM-010450,KB0010766,2026-09-17,New York,commercial,COM-A,45,1,,
KH-CLM-010451,KB0010767,2026-09-17,New York,Medicare,MEDICARE,299,1,,medical necessity
KH-CLM-010452,KB0010768,2026-09-17,New York,Medicaid,MEDICAID-NY,165,3,,
KH-CLM-010453,KB0010769,2026-09-17,New York,Medicare,MEDICARE,25,1,,
KH-CLM-010454,KB0010770,2026-09-17,New York,commercial,COM-B,299,1,,
KH-CLM-010455,KB0010772,2026-09-17,Chicago,Medicaid,MEDICAID-IL,70,1,,
KH-CLM-010456,KB0010773,2026-09-17,Chicago,Medicare,MEDICARE,$75.00,1,,
KH-CLM-010457,KB0010774,2026-09-17,Chicago,commercial,COM-A,105,2,,
KH-CLM-010458,KB0010775,2026-09-17,Chicago,commercial,COM-B,420,5,,
KH-CLM-010459,KB0010776,2026-09-17,Chicago,self-pay,SELF,85,1,,
KH-CLM-010460,KB0010777,2026-09-17,Atlanta,Medicare,MEDICARE,349,1,,
KH-CLM-010461,KB0010778,2026-09-17,Atlanta,Medicaid,MEDICAID-GA,45,1,,
KH-CLM-010462,KB0010779,2026-09-17,Atlanta,Medicare,MEDICARE,70,1,,
KH-CLM-010463,KB0010780,2026-09-17,Atlanta,commercial,COM-A,215,2,,
KH-CLM-010464,KB0010781,2026-09-17,Atlanta,commercial,COM-B,280,3,,
KH-CLM-010465,KB0010782,2026-09-17,Atlanta,commercial,COM-B,55,2,,
KH-CLM-010466,KB0010784,2026-09-17,Atlanta,commercial,COM-A,155,2,,
KH-CLM-010467,KB0010785,2026-09-17,Atlanta,Medicare,MEDICARE,369,2,,
KH-CLM-010468,KB0010786,2026-09-17,Atlanta,Medicaid,MEDICAID-GA,60,2,,
KH-CLM-010469,KB0010787,2026-09-17,Atlanta,Medicare,MEDICARE,45,1,,
KH-CLM-010470,KB0010788,2026-09-17,Atlanta,Medicare,MEDICARE,169,2,,
KH-CLM-010471,KB0010789,2026-09-17,Atlanta,Medicare,MEDICARE,299,1,,
KH-CLM-010472,KB0010790,2026-09-17,Atlanta,Medicare,MEDICARE,60,1,,missing or invalid information
KH-CLM-010473,KB0010791,2026-09-17,Philadelphia,Medicaid,MEDICAID-PA,95,1,,
KH-CLM-010474,KB0010792,2026-09-17,Philadelphia,commercial,COM-A,369,2,,
KH-CLM-010475,KB0010793,2026-09-17,Philadelphia,Medicare,MEDICARE,245,4,,
KH-CLM-010476,KB0010794,2026-09-17,Philadelphia,commercial,COM-A,319,2,,
KH-CLM-010477,KB0010795,2026-09-17,Philadelphia,commercial,COM-C,299,1,,
KH-CLM-010478,KB0010796,2026-09-17,Philadelphia,commercial,COM-B,245,4,,
KH-CLM-010479,KB0010797,2026-09-18,Dallas,self-pay,SELF,130,2,,
KH-CLM-010480,KB0010798,2026-09-18,Dallas,commercial,COM-A,115,2,,
KH-CLM-010481,KB0010799,2026-09-18,Dallas,commercial,COM-A,85,2,,
KH-CLM-010482,KB0010800,2026-09-18,Dallas,commercial,COM-A,319,2,,
KH-CLM-010483,KB0010801,2026-09-18,Dallas,commercial,COM-A,65,1,,
KH-CLM-010484,KB0010802,2026-09-18,Dallas,commercial,COM-B,349,1,,
KH-CLM-010485,KB0010803,2026-09-18,Dallas,Medicare,MEDICARE,85,1,,missing or invalid information
KH-CLM-010486,KB0010804,2026-09-18,Dallas,Medicare,MEDICARE,299,1,,
KH-CLM-010487,KB0010805,2026-09-18,Dallas,commercial,COM-A,149,1,,
KH-CLM-010488,KB0010806,2026-09-18,Dallas,Medicare,MEDICARE,145,2,,
KH-CLM-010489,KB0010807,2026-09-18,Dallas,Medicare,MEDICARE,349,1,,
KH-CLM-010490,KB0010808,2026-09-18,Dallas,Medicare,MEDICARE,130,3,,
KH-CLM-010491,KB0010809,2026-09-18,Dallas,Medicaid,MEDICAID-TX,200,3,,
KH-CLM-010492,KB0010810,2026-09-18,Dallas,commercial,COM-C,299,1,,medical necessity
KH-CLM-010493,KB0010811,2026-09-18,Dallas,Medicaid,MEDICAID-TX,290,4,,
KH-CLM-010494,KB0010812,2026-09-18,Dallas,self-pay,SELF,299,1,,
KH-CLM-010495,KB0010813,2026-09-18,Phoenix,commercial,COM-C,160,4,,
KH-CLM-010496,KB0010814,2026-09-18,Phoenix,commercial,COM-B,149,1,,
KH-CLM-010497,KB0010815,2026-09-18,Phoenix,commercial,COM-B,30,1,,
KH-CLM-010498,KB0010816,2026-09-18,Phoenix,self-pay,SELF,195,3,,
KH-CLM-010499,KB0010817,2026-09-18,Phoenix,commercial,COM-B,120,2,,
KH-CLM-010500,KB0010818,2026-09-18,Phoenix,commercial,COM-C,299,1,,
KH-CLM-010501,KB0010819,2026-09-18,Phoenix,Medicaid,MEDICAID-AZ,$349.00,1,,
KH-CLM-010502,KB0010820,2026-09-18,Phoenix,self-pay,SELF,215,3,,
KH-CLM-010503,KB0010821,2026-09-18,Phoenix,commercial,COM-C,250,3,,
KH-CLM-010504,KB0010822,2026-09-18,Phoenix,Medicare,MEDICARE,30,1,,
KH-CLM-010505,KB0010823,2026-09-18,Phoenix,commercial,COM-C,115,2,,
KH-CLM-010506,KB0010824,2026-09-18,Phoenix,commercial,COM-A,140,2,,
KH-CLM-010507,KB0010825,2026-09-18,Phoenix,commercial,COM-A,185,3,,
KH-CLM-010508,KB0010826,2026-09-18,New York,Medicare,MEDICARE,130,2,,
KH-CLM-010509,KB0010827,2026-09-18,New York,commercial,COM-C,95,1,,
KH-CLM-010510,KB0010828,2026-09-18,New York,Medicare,MEDICARE,319,2,,
KH-CLM-010511,KB0010829,2026-09-18,New York,commercial,COM-A,250,4,,
KH-CLM-010512,KB0010830,2026-09-18,New York,commercial,COM-C,169,2,,
KH-CLM-010513,KB0010831,2026-09-18,New York,commercial,COM-C,149,1,,
KH-CLM-010514,KB0010832,2026-09-18,New York,commercial,COM-C,100,2,,
KH-CLM-010515,KB0010833,2026-09-18,New York,Medicare,MEDICARE,299,1,,
KH-CLM-010516,KB0010834,2026-09-18,New York,Medicaid,MEDICAID-NY,270,4,,
KH-CLM-010517,KB0010835,2026-09-18,New York,self-pay,SELF,149,1,,
KH-CLM-010518,KB0010836,2026-09-18,New York,commercial,COM-B,45,1,,medical necessity
KH-CLM-010519,KB0010837,2026-09-18,New York,commercial,COM-B,299,1,,
KH-CLM-010520,KB0010838,2026-09-18,New York,commercial,COM-C,245,2,,
KH-CLM-010521,KB0010839,2026-09-18,New York,Medicare,MEDICARE,145,2,,
KH-CLM-010522,NB/ORD/000001,2026-09-18,Chicago,Medicare,MEDICARE,120,2,,
KH-CLM-010523,NB/ORD/000003,2026-09-18,Chicago,commercial,COM-B,299,1,,missing or invalid information
KH-CLM-010524,NB/ORD/000004,2026-09-18,Chicago,Medicare,MEDICARE,149,1,,
KH-CLM-010525,NB/ORD/000005,2026-09-18,Chicago,Medicaid,MEDICAID-IL,299,1,,
KH-CLM-010526,NB/ORD/000006,2026-09-18,Chicago,self-pay,SELF,125,2,,
KH-CLM-010527,NB/ORD/000007,2026-09-18,Chicago,commercial,COM-C,125,2,,
KH-CLM-010528,KB0010847,2026-09-18,Atlanta,commercial,COM-A,225,2,,
KH-CLM-010529,KB0010848,2026-09-18,Atlanta,Medicaid,MEDICAID-GA,130,2,,prior authorization
KH-CLM-010530,KB0010849,2026-09-18,Atlanta,Medicare,MEDICARE,299,1,,
KH-CLM-010531,KB0010850,2026-09-18,Atlanta,Medicaid,MEDICAID-GA,65,1,,
KH-CLM-010532,KB0010851,2026-09-18,Atlanta,Medicare,MEDICARE,295,4,,
KH-CLM-010533,KB0010852,2026-09-18,Atlanta,Medicare,MEDICARE,75,1,,
KH-CLM-010534,KB0010853,2026-09-18,Atlanta,Medicare,MEDICARE,25,1,,
KH-CLM-010535,KB0010854,2026-09-18,Atlanta,Medicaid,MEDICAID-GA,149,1,,
KH-CLM-010536,KB0010855,2026-09-18,Atlanta,Medicare,MEDICARE,150,3,,eligibility or coverage
KH-CLM-010537,KB0010856,2026-09-18,Atlanta,Medicare,MEDICARE,$319.00,2,,
KH-CLM-010538,KB0010857,2026-09-18,Atlanta,Medicaid,MEDICAID-GA,160,2,,eligibility or coverage
KH-CLM-010539,KB0010858,2026-09-18,Atlanta,commercial,COM-B,255,3,,
KH-CLM-010540,KB0010859,2026-09-18,Atlanta,commercial,COM-C,60,1,,
KH-CLM-010541,KB0010860,2026-09-18,Atlanta,commercial,COM-A,115,2,,
KH-CLM-010542,NB/PHL/000001,2026-09-18,Philadelphia,commercial,COM-B,149,1,,
KH-CLM-010543,NB/PHL/000002,2026-09-18,Philadelphia,Medicare,MEDICARE,150,2,,
KH-CLM-010544,NB/PHL/000004,2026-09-18,Philadelphia,Medicaid,MEDICAID-PA,270,4,,
KH-CLM-010545,NB/PHL/000005,2026-09-18,Philadelphia,commercial,COM-A,290,5,,
KH-CLM-010546,KB0010866,2026-09-19,Dallas,Medicare,MEDICARE,120,2,,
KH-CLM-010547,KB0010867,2026-09-19,Dallas,commercial,COM-A,45,1,,
KH-CLM-010548,KB0010868,2026-09-19,Dallas,commercial,COM-C,299,1,,
KH-CLM-010549,KB0010869,2026-09-19,Dallas,Medicaid,MEDICAID-TX,210,2,,
KH-CLM-010550,KB0010870,2026-09-19,Dallas,commercial,COM-B,120,2,,
KH-CLM-010551,KB0010871,2026-09-19,Dallas,commercial,COM-B,180,3,,missing or invalid information
KH-CLM-010552,KB0010872,2026-09-19,Dallas,commercial,COM-B,115,3,,
KH-CLM-010553,KB0010873,2026-09-19,Dallas,Medicaid,MEDICAID-TX,60,1,,
KH-CLM-010554,KB0010874,2026-09-19,Dallas,Medicare,MEDICARE,45,1,,
KH-CLM-010555,KB0010875,2026-09-19,Dallas,commercial,COM-A,60,1,,
KH-CLM-010556,KB0010876,2026-09-19,Dallas,Medicare,MEDICARE,150,1,,
KH-CLM-010557,KB0010877,2026-09-19,Dallas,commercial,COM-C,235,3,,
KH-CLM-010558,KB0010878,2026-09-19,Dallas,commercial,COM-B,115,2,,
KH-CLM-010559,KB0010879,2026-09-19,Dallas,commercial,COM-A,30,1,,
KH-CLM-010560,KB0010880,2026-09-19,Dallas,commercial,COM-A,149,1,,
KH-CLM-010561,KB0010881,2026-09-19,Dallas,Medicaid,MEDICAID-TX,275,3,,
KH-CLM-010562,KB0010882,2026-09-19,Dallas,commercial,COM-B,299,1,,
KH-CLM-010563,KB0010883,2026-09-19,Dallas,commercial,COM-A,169,2,,non-covered service
KH-CLM-010564,KB0010884,2026-09-19,Dallas,commercial,COM-C,299,1,,missing or invalid information
KH-CLM-010565,KB0010885,2026-09-19,Dallas,commercial,COM-B,135,3,,
KH-CLM-010566,KB0010886,2026-09-19,Dallas,self-pay,SELF,299,1,,
KH-CLM-010567,KB0010887,2026-09-19,Dallas,Medicare,MEDICARE,60,1,,
KH-CLM-010568,KB0010888,2026-09-19,Dallas,commercial,COM-A,299,1,,non-covered service
KH-CLM-010569,KB0010889,2026-09-19,Dallas,Medicaid,MEDICAID-TX,245,2,,
KH-CLM-010570,KB0010890,2026-09-19,Dallas,commercial,COM-A,299,1,,
KH-CLM-010571,KB0010891,2026-09-19,Dallas,commercial,COM-B,85,3,,
KH-CLM-010572,KB0010892,2026-09-19,Phoenix,commercial,COM-B,180,4,,
KH-CLM-010573,KB0010893,2026-09-19,Phoenix,commercial,COM-A,75,1,,
KH-CLM-010574,KB0010894,2026-09-19,Phoenix,commercial,COM-B,140,2,,
KH-CLM-010575,KB0010895,2026-09-19,Phoenix,commercial,COM-B,150,3,,
KH-CLM-010576,KB0010896,2026-09-19,Phoenix,commercial,COM-B,130,2,,
KH-CLM-010577,KB0010897,2026-09-19,Phoenix,commercial,COM-B,250,3,,non-covered service
KH-CLM-010578,KB0010898,2026-09-19,Phoenix,commercial,COM-B,299,1,,
KH-CLM-010579,KB0010899,2026-09-19,Phoenix,commercial,COM-A,115,2,,
KH-CLM-010580,KB0010900,2026-09-19,Phoenix,self-pay,SELF,150,1,,
KH-CLM-010581,KB0010901,2026-09-19,Phoenix,self-pay,SELF,60,1,,
KH-CLM-010582,KB0010902,2026-09-19,Phoenix,commercial,COM-A,210,3,,
KH-CLM-010583,KB0010903,2026-09-19,Phoenix,commercial,COM-C,205,4,,
KH-CLM-010584,KB0010904,2026-09-19,Phoenix,Medicaid,MEDICAID-AZ,299,1,,
KH-CLM-010585,KB0010905,2026-09-19,New York,Medicare,MEDICARE,250,3,,
KH-CLM-010586,KB0010906,2026-09-19,New York,commercial,COM-C,100,2,,
KH-CLM-010587,KB0010907,2026-09-19,New York,Medicare,MEDICARE,165,2,,
KH-CLM-010588,KB0010908,2026-09-19,New York,commercial,COM-A,349,1,,
KH-CLM-010589,KB0010909,2026-09-19,New York,self-pay,SELF,149,1,,
KH-CLM-010590,KB0010910,2026-09-19,New York,commercial,COM-B,105,2,,
KH-CLM-010591,KB0010911,2026-09-19,New York,commercial,COM-B,299,1,,
KH-CLM-010592,KB0010912,2026-09-19,New York,Medicare,MEDICARE,149,1,,
KH-CLM-010593,KB0010913,2026-09-19,New York,commercial,COM-C,150,1,,medical necessity
KH-CLM-010594,KB0010914,2026-09-19,New York,Medicaid,MEDICAID-NY,299,1,,
KH-CLM-010595,NB/ORD/000008,2026-09-19,Chicago,Medicare,MEDICARE,290,3,,
KH-CLM-010596,NB/ORD/000009,2026-09-19,Chicago,commercial,COM-B,299,1,,duplicate claim
KH-CLM-010597,NB/ORD/000010,2026-09-19,Chicago,Medicare,MEDICARE,150,3,,
KH-CLM-010598,NB/ORD/000011,2026-09-19,Chicago,commercial,COM-A,299,1,,non-covered service
KH-CLM-010599,NB/ORD/000012,2026-09-19,Chicago,Medicare,MEDICARE,90,2,,
KH-CLM-010600,NB/ORD/000013,2026-09-19,Chicago,commercial,COM-B,100,2,,
KH-CLM-010601,NB/ORD/000014,2026-09-19,Chicago,commercial,COM-A,349,1,,non-covered service
KH-CLM-010602,NB/ORD/000015,2026-09-19,Chicago,Medicare,MEDICARE,299,1,,
KH-CLM-010603,NB/ORD/000016,2026-09-19,Chicago,Medicare,MEDICARE,65,1,,
KH-CLM-010604,NB/ORD/000017,2026-09-19,Chicago,commercial,COM-B,60,1,,
KH-CLM-010605,KB0010925,2026-09-19,Atlanta,commercial,COM-C,299,1,,missing or invalid information
KH-CLM-010606,KB0010926,2026-09-19,Atlanta,commercial,COM-B,75,1,,
KH-CLM-010607,KB0010927,2026-09-19,Atlanta,commercial,COM-B,65,1,,
KH-CLM-010608,KB0010928,2026-09-19,Atlanta,Medicare,MEDICARE,85,2,,
KH-CLM-010609,KB0010929,2026-09-19,Atlanta,commercial,COM-A,299,1,,non-covered service
KH-CLM-010610,KB0010930,2026-09-19,Atlanta,Medicaid,MEDICAID-GA,170,2,,
KH-CLM-010611,KB0010931,2026-09-19,Atlanta,commercial,COM-B,299,1,,
KH-CLM-010612,KB0010932,2026-09-19,Atlanta,commercial,COM-B,149,1,,
KH-CLM-010613,KB0010933,2026-09-19,Atlanta,commercial,COM-B,140,2,,
KH-CLM-010614,KB0010934,2026-09-19,Atlanta,commercial,COM-A,185,3,,
KH-CLM-010615,KB0010935,2026-09-19,Atlanta,commercial,COM-B,299,1,,
KH-CLM-010616,NB/PHL/000006,2026-09-19,Philadelphia,commercial,COM-B,140,2,,
KH-CLM-010617,NB/PHL/000007,2026-09-19,Philadelphia,commercial,COM-A,95,1,,eligibility or coverage
KH-CLM-010618,NB/PHL/000008,2026-09-19,Philadelphia,self-pay,SELF,335,4,,
KH-CLM-010619,NB/PHL/000009,2026-09-19,Philadelphia,commercial,COM-C,220,3,,
KH-CLM-010620,NB/PHL/000010,2026-09-19,Philadelphia,commercial,COM-C,149,1,,
KH-CLM-010621,KB0010942,2026-09-20,Dallas,Medicaid,MEDICAID-TX,90,2,,
KH-CLM-010622,KB0010943,2026-09-20,Dallas,commercial,COM-A,25,1,,
KH-CLM-010623,KB0010944,2026-09-20,Dallas,self-pay,SELF,135,2,,
KH-CLM-010624,KB0010945,2026-09-20,Dallas,commercial,COM-B,149,1,,prior authorization
KH-CLM-010625,KB0010946,2026-09-20,Dallas,commercial,COM-B,125,3,,
KH-CLM-010626,KB0010947,2026-09-20,Dallas,commercial,COM-A,299,1,,
KH-CLM-010627,KB0010948,2026-09-20,Dallas,commercial,COM-C,250,3,,
KH-CLM-010628,KB0010949,2026-09-20,Dallas,Medicare,MEDICARE,299,1,,
KH-CLM-010629,KB0010950,2026-09-20,Dallas,commercial,COM-A,135,2,,
KH-CLM-010630,KB0010951,2026-09-20,Dallas,commercial,COM-B,30,1,,
KH-CLM-010631,KB0010952,2026-09-20,Dallas,commercial,COM-C,125,2,,
KH-CLM-010632,KB0010953,2026-09-20,Phoenix,commercial,COM-A,100,2,,
KH-CLM-010633,KB0010954,2026-09-20,Phoenix,Medicare,MEDICARE,235,2,,
KH-CLM-010634,KB0010955,2026-09-20,Phoenix,Medicare,MEDICARE,150,2,,
KH-CLM-010635,KB0010956,2026-09-20,Phoenix,Medicare,MEDICARE,349,1,,
KH-CLM-010636,KB0010957,2026-09-20,Phoenix,self-pay,SELF,195,2,,
KH-CLM-010637,KB0010958,2026-09-20,Phoenix,Medicare,MEDICARE,95,2,,
KH-CLM-010638,KB0010959,2026-09-20,Phoenix,commercial,COM-B,130,2,,
KH-CLM-010639,KB0010960,2026-09-20,Phoenix,Medicare,MEDICARE,120,2,,
KH-CLM-010640,KB0010961,2026-09-20,Phoenix,commercial,COM-A,320,4,,eligibility or coverage
KH-CLM-010641,KB0010962,2026-09-20,Phoenix,Medicaid,MEDICAID-AZ,180,2,,
KH-CLM-010642,KB0010963,2026-09-20,Phoenix,commercial,COM-B,75,1,,
KH-CLM-010643,KB0010965,2026-09-20,Phoenix,commercial,COM-A,180,3,,
KH-CLM-010644,KB0010966,2026-09-20,Phoenix,commercial,COM-B,150,1,,
KH-CLM-010645,KB0010968,2026-09-20,New York,Medicare,MEDICARE,155,2,,
KH-CLM-010646,KB0010969,2026-09-20,New York,commercial,COM-A,299,1,,
KH-CLM-010647,KB0010970,2026-09-20,New York,commercial,COM-A,85,1,,
KH-CLM-010648,KB0010971,2026-09-20,New York,Medicare,MEDICARE,70,2,,
KH-CLM-010649,KB0010972,2026-09-20,New York,commercial,COM-C,240,4,,
KH-CLM-010650,KB0010973,2026-09-20,New York,Medicare,MEDICARE,349,1,,missing or invalid information
KH-CLM-010651,KB0010974,2026-09-20,New York,Medicare,MEDICARE,299,1,,non-covered service
KH-CLM-010652,KB0010975,2026-09-20,New York,commercial,COM-C,299,1,,
KH-CLM-010653,KB0010976,2026-09-20,New York,commercial,COM-C,160,3,,
KH-CLM-010654,NB/ORD/000018,2026-09-20,Chicago,commercial,COM-A,120,2,,
KH-CLM-010655,NB/ORD/000019,2026-09-20,Chicago,Medicaid,MEDICAID-IL,100,2,,
KH-CLM-010656,KB0010979,2026-09-20,Atlanta,commercial,COM-B,145,3,,eligibility or coverage
KH-CLM-010657,KB0010980,2026-09-20,Atlanta,commercial,COM-A,25,1,,
KH-CLM-010658,KB0010981,2026-09-20,Atlanta,self-pay,SELF,90,2,,
KH-CLM-010659,KB0010983,2026-09-20,Atlanta,commercial,COM-C,160,2,,
KH-CLM-010660,KB0010984,2026-09-20,Atlanta,Medicaid,MEDICAID-GA,85,2,,
KH-CLM-010661,KB0010986,2026-09-20,Atlanta,commercial,COM-C,30,1,,
KH-CLM-010662,NB/PHL/000012,2026-09-20,Philadelphia,commercial,COM-A,299,1,,
KH-CLM-010663,NB/PHL/000013,2026-09-20,Philadelphia,Medicare,MEDICARE,85,1,,non-covered service
KH-CLM-010664,KB0010990,2026-09-21,Dallas,Medicare,MEDICARE,100,2,,
KH-CLM-010665,KB0010991,2026-09-21,Dallas,commercial,COM-A,65,1,,
KH-CLM-010666,KB0010992,2026-09-21,Dallas,Medicaid,MEDICAID-TX,60,1,,
KH-CLM-010667,KB0010993,2026-09-21,Dallas,Medicare,MEDICARE,230,3,,
KH-CLM-010668,KB0010994,2026-09-21,Dallas,commercial,COM-A,245,2,,
KH-CLM-010669,KB0010995,2026-09-21,Dallas,commercial,COM-B,80,2,,
KH-CLM-010670,KB0010996,2026-09-21,Dallas,commercial,COM-C,80,3,,
KH-CLM-010671,KB0010997,2026-09-21,Dallas,self-pay,SELF,220,4,,
KH-CLM-010672,KB0010998,2026-09-21,Dallas,commercial,COM-B,299,1,,non-covered service
KH-CLM-010673,KB0010999,2026-09-21,Dallas,commercial,COM-A,350,4,,
KH-CLM-010674,KB0011000,2026-09-21,Dallas,Medicare,MEDICARE,319,2,,
KH-CLM-010675,KB0011001,2026-09-21,Dallas,commercial,COM-C,315,4,,
KH-CLM-010676,KB0011002,2026-09-21,Dallas,self-pay,SELF,95,1,,
KH-CLM-010677,KB0011003,2026-09-21,Dallas,Medicaid,MEDICAID-TX,205,3,,
KH-CLM-010678,KB0011004,2026-09-21,Dallas,self-pay,SELF,165,2,,
KH-CLM-010679,KB0011005,2026-09-21,Dallas,commercial,COM-C,55,1,,
KH-CLM-010680,KB0011006,2026-09-21,Dallas,commercial,COM-A,85,1,,
KH-CLM-010681,KB0011007,2026-09-21,Dallas,commercial,COM-A,235,5,,
KH-CLM-010682,KB0011008,2026-09-21,Dallas,Medicaid,MEDICAID-TX,335,4,,eligibility or coverage
KH-CLM-010683,KB0011009,2026-09-21,Phoenix,Medicare,MEDICARE,345,4,,
KH-CLM-010684,KB0011010,2026-09-21,Phoenix,commercial,COM-B,$299.00,1,,
KH-CLM-010685,KB0011011,2026-09-21,Phoenix,Medicare,MEDICARE,299,1,,
KH-CLM-010686,KB0011012,2026-09-21,Phoenix,commercial,COM-C,90,2,,
KH-CLM-010687,KB0011013,2026-09-21,Phoenix,commercial,COM-C,95,1,,
KH-CLM-010688,KB0011014,2026-09-21,Phoenix,Medicare,MEDICARE,75,2,,
KH-CLM-010689,KB0011015,2026-09-21,Phoenix,Medicare,MEDICARE,265,3,,
KH-CLM-010690,KB0011016,2026-09-21,Phoenix,Medicare,MEDICARE,349,1,,missing or invalid information
KH-CLM-010691,KB0011017,2026-09-21,Phoenix,commercial,COM-C,149,1,,
KH-CLM-010692,KB0011018,2026-09-21,Phoenix,commercial,COM-A,299,1,,
KH-CLM-010693,KB0011019,2026-09-21,Phoenix,commercial,COM-C,299,1,,
KH-CLM-010694,KB0011020,2026-09-21,Phoenix,commercial,COM-C,60,1,,non-covered service
KH-CLM-010695,KB0011021,2026-09-21,Phoenix,Medicare,MEDICARE,299,1,,
KH-CLM-010696,KB0011022,2026-09-21,Phoenix,commercial,COM-B,100,2,,
KH-CLM-010697,KB0011023,2026-09-21,Phoenix,commercial,COM-C,299,1,,
KH-CLM-010698,KB0011024,2026-09-21,Phoenix,Medicare,MEDICARE,230,4,,non-covered service
KH-CLM-010699,KB0011025,2026-09-21,New York,commercial,COM-C,169,2,,
KH-CLM-010700,KB0011026,2026-09-21,New York,Medicare,MEDICARE,65,1,,
KH-CLM-010701,KB0011027,2026-09-21,New York,commercial,COM-C,299,1,,
KH-CLM-010702,KB0011028,2026-09-21,New York,Medicaid,MEDICAID-NY,180,2,,
KH-CLM-010703,KB0011029,2026-09-21,New York,commercial,COM-B,299,1,,prior authorization
KH-CLM-010704,KB0011030,2026-09-21,New York,commercial,COM-C,149,1,,
KH-CLM-010705,KB0011031,2026-09-21,New York,Medicaid,MEDICAID-NY,299,1,,
KH-CLM-010706,KB0011032,2026-09-21,New York,commercial,COM-C,170,2,,
KH-CLM-010707,KB0011033,2026-09-21,New York,Medicare,MEDICARE,349,1,,
KH-CLM-010708,KB0011034,2026-09-21,New York,Medicare,MEDICARE,85,1,,
KH-CLM-010709,KB0011035,2026-09-21,New York,commercial,COM-A,349,1,,
KH-CLM-010710,NB/ORD/000020,2026-09-21,Chicago,commercial,COM-B,160,3,,
KH-CLM-010711,NB/ORD/000021,2026-09-21,Chicago,commercial,COM-B,25,1,,
KH-CLM-010712,NB/ORD/000022,2026-09-21,Chicago,self-pay,SELF,220,4,,
KH-CLM-010713,NB/ORD/000023,2026-09-21,Chicago,Medicare,MEDICARE,95,1,,
KH-CLM-010714,NB/ORD/000024,2026-09-21,Chicago,Medicare,MEDICARE,180,2,,
KH-CLM-010715,NB/ORD/000025,2026-09-21,Chicago,Medicare,MEDICARE,45,1,,
KH-CLM-010716,NB/ORD/000027,2026-09-21,Chicago,commercial,COM-A,149,1,,
KH-CLM-010717,NB/ORD/000028,2026-09-21,Chicago,commercial,COM-B,95,2,,
KH-CLM-010718,KB0011045,2026-09-21,Atlanta,commercial,COM-B,90,2,,
KH-CLM-010719,KB0011046,2026-09-21,Atlanta,Medicare,MEDICARE,95,1,,
KH-CLM-010720,KB0011047,2026-09-21,Atlanta,Medicaid,MEDICAID-GA,75,2,,
KH-CLM-010721,KB0011048,2026-09-21,Atlanta,Medicaid,MEDICAID-GA,185,3,,
KH-CLM-010722,KB0011049,2026-09-21,Atlanta,commercial,COM-C,195,2,,
KH-CLM-010723,KB0011050,2026-09-21,Atlanta,commercial,COM-B,25,1,,
KH-CLM-010724,KB0011051,2026-09-21,Atlanta,commercial,COM-A,149,1,,
KH-CLM-010725,KB0011052,2026-09-21,Atlanta,Medicare,MEDICARE,169,2,,
KH-CLM-010726,KB0011053,2026-09-21,Atlanta,commercial,COM-C,135,3,,
KH-CLM-010727,KB0011054,2026-09-21,Atlanta,Medicaid,MEDICAID-GA,190,4,,
KH-CLM-010728,KB0011055,2026-09-21,Atlanta,Medicaid,MEDICAID-GA,55,1,,
KH-CLM-010729,KB0011056,2026-09-21,Atlanta,commercial,COM-C,330,4,,
KH-CLM-010730,NB/PHL/000015,2026-09-21,Philadelphia,commercial,COM-C,299,1,,
KH-CLM-010731,NB/PHL/000016,2026-09-21,Philadelphia,Medicare,MEDICARE,299,1,,
KH-CLM-010732,NB/PHL/000017,2026-09-21,Philadelphia,self-pay,SELF,30,1,,
KH-CLM-010733,NB/PHL/000018,2026-09-21,Philadelphia,commercial,COM-A,130,2,,
KH-CLM-010734,NB/PHL/000019,2026-09-21,Philadelphia,Medicaid,MEDICAID-PA,299,1,,
KH-CLM-010735,NB/PHL/000020,2026-09-21,Philadelphia,commercial,COM-B,150,1,,
KH-CLM-010736,KB0011063,2026-09-22,Dallas,commercial,COM-A,160,4,,
KH-CLM-010737,KB0011064,2026-09-22,Dallas,commercial,COM-B,169,2,,
KH-CLM-010738,KB0011065,2026-09-22,Dallas,commercial,COM-B,299,1,,
KH-CLM-010739,KB0011066,2026-09-22,Dallas,self-pay,SELF,30,1,,
KH-CLM-010740,KB0011067,2026-09-22,Dallas,Medicare,MEDICARE,135,2,,
KH-CLM-010741,KB0011068,2026-09-22,Dallas,commercial,COM-A,150,1,,eligibility or coverage
KH-CLM-010742,KB0011069,2026-09-22,Dallas,Medicare,MEDICARE,299,1,,
KH-CLM-010743,KB0011070,2026-09-22,Dallas,commercial,COM-B,75,1,,
KH-CLM-010744,KB0011071,2026-09-22,Dallas,commercial,COM-C,299,1,,
KH-CLM-010745,KB0011072,2026-09-22,Dallas,commercial,COM-C,299,1,,
KH-CLM-010746,KB0011073,2026-09-22,Dallas,commercial,COM-A,149,1,,
KH-CLM-010747,KB0011074,2026-09-22,Dallas,commercial,COM-B,149,1,,eligibility or coverage
KH-CLM-010748,KB0011075,2026-09-22,Dallas,commercial,COM-B,65,1,,
KH-CLM-010749,KB0011076,2026-09-22,Dallas,commercial,COM-B,299,1,,
KH-CLM-010750,KB0011077,2026-09-22,Dallas,commercial,COM-A,335,5,,
KH-CLM-010751,KB0011078,2026-09-22,Dallas,commercial,COM-C,299,1,,
KH-CLM-010752,KB0011079,2026-09-22,Dallas,Medicare,MEDICARE,149,1,,
KH-CLM-010753,KB0011080,2026-09-22,Phoenix,commercial,COM-A,165,2,,
KH-CLM-010754,KB0011081,2026-09-22,Phoenix,commercial,COM-A,100,2,,
KH-CLM-010755,KB0011082,2026-09-22,Phoenix,commercial,COM-A,55,1,,
KH-CLM-010756,KB0011083,2026-09-22,Phoenix,commercial,COM-B,149,1,,
KH-CLM-010757,KB0011084,2026-09-22,Phoenix,Medicaid,MEDICAID-AZ,195,3,,
KH-CLM-010758,KB0011085,2026-09-22,Phoenix,commercial,COM-A,169,2,,
KH-CLM-010759,KB0011086,2026-09-22,Phoenix,Medicare,MEDICARE,215,4,,
KH-CLM-010760,KB0011087,2026-09-22,Phoenix,Medicare,MEDICARE,299,1,,non-covered service
KH-CLM-010761,KB0011088,2026-09-22,Phoenix,commercial,COM-A,149,1,,
KH-CLM-010762,KB0011089,2026-09-22,Phoenix,commercial,COM-B,295,3,,
KH-CLM-010763,KB0011090,2026-09-22,Phoenix,Medicare,MEDICARE,299,1,,
KH-CLM-010764,KB0011091,2026-09-22,Phoenix,commercial,COM-A,369,2,,
KH-CLM-010765,KB0011092,2026-09-22,Phoenix,commercial,COM-A,299,1,,
KH-CLM-010766,KB0011093,2026-09-22,Phoenix,commercial,COM-A,70,1,,
KH-CLM-010767,KB0011094,2026-09-22,Phoenix,commercial,COM-A,30,1,,
KH-CLM-010768,KB0011095,2026-09-22,Phoenix,commercial,COM-A,200,4,,
KH-CLM-010769,KB0011096,2026-09-22,Phoenix,Medicaid,MEDICAID-AZ,235,2,,
KH-CLM-010770,KB0011097,2026-09-22,Phoenix,commercial,COM-C,325,4,,
KH-CLM-010771,KB0011098,2026-09-22,Phoenix,commercial,COM-B,195,4,,
KH-CLM-010772,KB0011099,2026-09-22,New York,commercial,COM-C,169,2,,
KH-CLM-010773,KB0011100,2026-09-22,New York,Medicaid,MEDICAID-NY,149,1,,
KH-CLM-010774,KB0011101,2026-09-22,New York,Medicare,MEDICARE,150,3,,
KH-CLM-010775,KB0011102,2026-09-22,New York,Medicaid,MEDICAID-NY,149,1,,
KH-CLM-010776,KB0011103,2026-09-22,New York,commercial,COM-C,140,2,,
KH-CLM-010777,KB0011104,2026-09-22,New York,Medicaid,MEDICAID-NY,205,3,,
KH-CLM-010778,KB0011105,2026-09-22,New York,Medicaid,MEDICAID-NY,149,1,,
KH-CLM-010779,KB0011106,2026-09-22,New York,commercial,COM-A,345,4,,
KH-CLM-010780,KB0011107,2026-09-22,New York,commercial,COM-A,115,2,,
KH-CLM-010781,KB0011108,2026-09-22,New York,Medicaid,MEDICAID-NY,299,1,,
KH-CLM-010782,NB/ORD/000029,2026-09-22,Chicago,commercial,COM-A,55,1,,
KH-CLM-010783,NB/ORD/000030,2026-09-22,Chicago,self-pay,SELF,270,4,,
KH-CLM-010784,NB/ORD/000031,2026-09-22,Chicago,commercial,COM-B,165,3,,
KH-CLM-010785,NB/ORD/000032,2026-09-22,Chicago,commercial,COM-C,160,3,,
KH-CLM-010786,KB0011113,2026-09-22,Atlanta,commercial,COM-A,299,1,,
KH-CLM-010787,KB0011114,2026-09-22,Atlanta,Medicare,MEDICARE,299,1,,
KH-CLM-010788,KB0011115,2026-09-22,Atlanta,commercial,COM-A,85,1,,
KH-CLM-010789,KB0011116,2026-09-22,Atlanta,commercial,COM-B,120,2,,
KH-CLM-010790,KB0011117,2026-09-22,Atlanta,Medicare,MEDICARE,175,2,,
KH-CLM-010791,KB0011118,2026-09-22,Atlanta,commercial,COM-A,305,3,,
KH-CLM-010792,KB0011119,2026-09-22,Atlanta,commercial,COM-A,30,1,,
KH-CLM-010793,KB0011120,2026-09-22,Atlanta,Medicare,MEDICARE,175,3,,
KH-CLM-010794,KB0011121,2026-09-22,Atlanta,Medicare,MEDICARE,200,3,,
KH-CLM-010795,KB0011122,2026-09-22,Atlanta,Medicare,MEDICARE,319,2,,
KH-CLM-010796,NB/PHL/000021,2026-09-22,Philadelphia,commercial,COM-C,130,2,,medical necessity
KH-CLM-010797,NB/PHL/000022,2026-09-22,Philadelphia,Medicaid,MEDICAID-PA,55,1,,missing or invalid information
KH-CLM-010798,NB/PHL/000023,2026-09-22,Philadelphia,commercial,COM-B,149,1,,
KH-CLM-010799,NB/PHL/000024,2026-09-22,Philadelphia,self-pay,SELF,190,3,,
KH-CLM-010800,NB/PHL/000025,2026-09-22,Philadelphia,commercial,COM-B,170,3,,
KH-CLM-010801,NB/PHL/000026,2026-09-22,Philadelphia,Medicaid,MEDICAID-PA,70,1,,
KH-CLM-010802,NB/PHL/000027,2026-09-22,Philadelphia,Medicaid,MEDICAID-PA,320,4,,
KH-CLM-010803,NB/PHL/000028,2026-09-22,Philadelphia,Medicaid,MEDICAID-PA,175,2,,
KH-CLM-010804,KB0011131,2026-09-23,Dallas,Medicare,MEDICARE,160,2,,
KH-CLM-010805,KB0011132,2026-09-23,Dallas,Medicaid,MEDICAID-TX,205,4,,
KH-CLM-010806,KB0011133,2026-09-23,Dallas,Medicaid,MEDICAID-TX,105,2,,eligibility or coverage
KH-CLM-010807,KB0011134,2026-09-23,Dallas,self-pay,SELF,149,1,,
KH-CLM-010808,KB0011135,2026-09-23,Dallas,Medicaid,MEDICAID-TX,90,2,,
KH-CLM-010809,KB0011136,2026-09-23,Dallas,commercial,COM-A,65,1,,
KH-CLM-010810,KB0011137,2026-09-23,Dallas,Medicaid,MEDICAID-TX,349,1,,
KH-CLM-010811,KB0011138,2026-09-23,Dallas,commercial,COM-B,65,1,,
KH-CLM-010812,KB0011139,2026-09-23,Dallas,commercial,COM-C,299,1,,
KH-CLM-010813,KB0011140,2026-09-23,Dallas,Medicare,MEDICARE,265,3,,
KH-CLM-010814,KB0011141,2026-09-23,Dallas,commercial,COM-A,95,1,,
KH-CLM-010815,KB0011142,2026-09-23,Dallas,Medicare,MEDICARE,45,1,,
KH-CLM-010816,KB0011143,2026-09-23,Dallas,commercial,COM-A,70,1,,
KH-CLM-010817,KB0011145,2026-09-23,Dallas,commercial,COM-C,85,2,,
KH-CLM-010818,KB0011146,2026-09-23,Dallas,Medicare,MEDICARE,180,2,,medical necessity
KH-CLM-010819,KB0011147,2026-09-23,Dallas,Medicaid,MEDICAID-TX,165,3,,prior authorization
KH-CLM-010820,KB0011148,2026-09-23,Dallas,commercial,COM-C,149,1,,
KH-CLM-010821,KB0011149,2026-09-23,Dallas,Medicare,MEDICARE,349,1,,eligibility or coverage
KH-CLM-010822,KB0011150,2026-09-23,Dallas,Medicaid,MEDICAID-TX,169,2,,
KH-CLM-010823,KB0011151,2026-09-23,Dallas,commercial,COM-A,299,1,,
KH-CLM-010824,KB0011152,2026-09-23,Dallas,Medicare,MEDICARE,25,1,,
KH-CLM-010825,KB0011153,2026-09-23,Phoenix,Medicare,MEDICARE,299,1,,medical necessity
KH-CLM-010826,KB0011154,2026-09-23,Phoenix,commercial,COM-A,95,1,,
KH-CLM-010827,KB0011155,2026-09-23,Phoenix,Medicare,MEDICARE,100,2,,
KH-CLM-010828,KB0011156,2026-09-23,Phoenix,commercial,COM-B,165,2,,
KH-CLM-010829,KB0011157,2026-09-23,Phoenix,commercial,COM-B,235,3,,
KH-CLM-010830,KB0011158,2026-09-23,Phoenix,commercial,COM-C,369,2,,eligibility or coverage
KH-CLM-010831,KB0011159,2026-09-23,Phoenix,Medicaid,MEDICAID-AZ,369,2,,
KH-CLM-010832,KB0011160,2026-09-23,Phoenix,commercial,COM-C,225,2,,
KH-CLM-010833,KB0011161,2026-09-23,Phoenix,Medicare,MEDICARE,55,1,,
KH-CLM-010834,KB0011162,2026-09-23,Phoenix,commercial,COM-C,335,4,,
KH-CLM-010835,KB0011163,2026-09-23,Phoenix,commercial,COM-C,90,2,,
KH-CLM-010836,KB0011164,2026-09-23,Phoenix,Medicaid,MEDICAID-AZ,75,3,,missing or invalid information
KH-CLM-010837,KB0011165,2026-09-23,Phoenix,Medicaid,MEDICAID-AZ,149,1,,prior authorization
KH-CLM-010838,KB0011166,2026-09-23,Phoenix,commercial,COM-A,65,1,,
KH-CLM-010839,KB0011167,2026-09-23,Phoenix,Medicare,MEDICARE,240,4,,
KH-CLM-010840,KB0011168,2026-09-23,Phoenix,commercial,COM-B,100,2,,
KH-CLM-010841,KB0011169,2026-09-23,Phoenix,Medicaid,MEDICAID-AZ,45,1,,
KH-CLM-010842,KB0011170,2026-09-23,Phoenix,commercial,COM-A,299,1,,
KH-CLM-010843,KB0011171,2026-09-23,Phoenix,commercial,COM-C,25,1,,
KH-CLM-010844,KB0011172,2026-09-23,New York,commercial,COM-C,230,4,,
KH-CLM-010845,KB0011173,2026-09-23,New York,commercial,COM-C,245,3,,
KH-CLM-010846,KB0011174,2026-09-23,New York,commercial,COM-B,149,1,,
KH-CLM-010847,KB0011176,2026-09-23,New York,commercial,COM-B,369,2,,
KH-CLM-010848,KB0011177,2026-09-23,New York,commercial,COM-B,385,4,,
KH-CLM-010849,KB0011178,2026-09-23,New York,Medicaid,MEDICAID-NY,245,4,,
KH-CLM-010850,KB0011179,2026-09-23,New York,Medicare,MEDICARE,349,1,,
KH-CLM-010851,KB0011180,2026-09-23,New York,commercial,COM-C,65,1,,
KH-CLM-010852,KB0011181,2026-09-23,New York,Medicare,MEDICARE,225,4,,
KH-CLM-010853,KB0011182,2026-09-23,New York,Medicare,MEDICARE,30,1,,
KH-CLM-010854,KB0011183,2026-09-23,New York,Medicare,MEDICARE,105,2,,
KH-CLM-010855,KB0011184,2026-09-23,New York,commercial,COM-C,299,1,,
KH-CLM-010856,NB/ORD/000033,2026-09-23,Chicago,commercial,COM-A,349,1,,
KH-CLM-010857,NB/ORD/000035,2026-09-23,Chicago,commercial,COM-A,150,1,,
KH-CLM-010858,NB/ORD/000036,2026-09-23,Chicago,Medicare,MEDICARE,95,1,,
KH-CLM-010859,KB0011189,2026-09-23,Atlanta,commercial,COM-A,30,1,,missing or invalid information
KH-CLM-010860,KB0011190,2026-09-23,Atlanta,commercial,COM-C,95,2,,
KH-CLM-010861,KB0011191,2026-09-23,Atlanta,self-pay,SELF,130,2,,
KH-CLM-010862,KB0011192,2026-09-23,Atlanta,Medicaid,MEDICAID-GA,349,1,,eligibility or coverage
KH-CLM-010863,KB0011193,2026-09-23,Atlanta,commercial,COM-B,150,3,,
KH-CLM-010864,KB0011194,2026-09-23,Atlanta,commercial,COM-C,225,4,,
KH-CLM-010865,KB0011196,2026-09-23,Atlanta,commercial,COM-B,210,4,,
KH-CLM-010866,KB0011197,2026-09-23,Atlanta,Medicare,MEDICARE,299,1,,
KH-CLM-010867,KB0011198,2026-09-23,Atlanta,Medicaid,MEDICAID-GA,155,2,,
KH-CLM-010868,KB0011199,2026-09-23,Atlanta,Medicaid,MEDICAID-GA,299,1,,
KH-CLM-010869,KB0011200,2026-09-23,Atlanta,commercial,COM-B,299,1,,eligibility or coverage
KH-CLM-010870,KB0011201,2026-09-23,Atlanta,Medicaid,MEDICAID-GA,299,1,,
KH-CLM-010871,NB/PHL/000029,2026-09-23,Philadelphia,Medicare,MEDICARE,60,1,,
KH-CLM-010872,NB/PHL/000030,2026-09-23,Philadelphia,Medicare,MEDICARE,215,4,,
KH-CLM-010873,NB/PHL/000031,2026-09-23,Philadelphia,commercial,COM-A,195,4,,
KH-CLM-010874,KB0011205,2026-09-24,Dallas,Medicare,MEDICARE,95,1,,
KH-CLM-010875,KB0011206,2026-09-24,Dallas,commercial,COM-C,319,2,,
KH-CLM-010876,KB0011207,2026-09-24,Dallas,Medicaid,MEDICAID-TX,25,1,,
KH-CLM-010877,KB0011208,2026-09-24,Dallas,commercial,COM-A,250,4,,
KH-CLM-010878,KB0011209,2026-09-24,Dallas,Medicaid,MEDICAID-TX,330,4,,
KH-CLM-010879,KB0011210,2026-09-24,Dallas,commercial,COM-B,135,3,,
KH-CLM-010880,KB0011211,2026-09-24,Dallas,commercial,COM-C,145,3,,
KH-CLM-010881,KB0011212,2026-09-24,Dallas,Medicare,MEDICARE,299,1,,
KH-CLM-010882,KB0011213,2026-09-24,Dallas,Medicare,MEDICARE,299,1,,
KH-CLM-010883,KB0011214,2026-09-24,Dallas,commercial,COM-C,100,2,,
KH-CLM-010884,KB0011215,2026-09-24,Dallas,commercial,COM-C,299,1,,
KH-CLM-010885,KB0011216,2026-09-24,Dallas,commercial,COM-B,120,2,,missing or invalid information
KH-CLM-010886,KB0011217,2026-09-24,Dallas,commercial,COM-C,55,1,,missing or invalid information
KH-CLM-010887,KB0011218,2026-09-24,Dallas,commercial,COM-C,360,4,,
KH-CLM-010888,KB0011219,2026-09-24,Dallas,commercial,COM-C,130,2,,
KH-CLM-010889,KB0011220,2026-09-24,Dallas,commercial,COM-A,60,1,,
KH-CLM-010890,KB0011221,2026-09-24,Dallas,Medicare,MEDICARE,185,3,,
KH-CLM-010891,KB0011222,2026-09-24,Dallas,commercial,COM-B,135,2,,eligibility or coverage
KH-CLM-010892,KB0011223,2026-09-24,Dallas,commercial,COM-C,30,1,,
KH-CLM-010893,KB0011224,2026-09-24,Dallas,commercial,COM-A,75,1,,
KH-CLM-010894,KB0011225,2026-09-24,Dallas,Medicaid,MEDICAID-TX,165,3,,
KH-CLM-010895,KB0011226,2026-09-24,Dallas,commercial,COM-C,135,2,,
KH-CLM-010896,KB0011227,2026-09-24,Phoenix,Medicaid,MEDICAID-AZ,300,3,,
KH-CLM-010897,KB0011228,2026-09-24,Phoenix,commercial,COM-B,315,3,,
KH-CLM-010898,KB0011229,2026-09-24,Phoenix,commercial,COM-C,190,3,,
KH-CLM-010899,KB0011230,2026-09-24,Phoenix,Medicare,MEDICARE,345,5,,
KH-CLM-010900,KB0011231,2026-09-24,Phoenix,commercial,COM-A,30,1,,
KH-CLM-010901,KB0011232,2026-09-24,Phoenix,commercial,COM-B,299,1,,
KH-CLM-010902,KB0011233,2026-09-24,Phoenix,Medicaid,MEDICAID-AZ,299,1,,
KH-CLM-010903,KB0011234,2026-09-24,Phoenix,commercial,COM-A,105,2,,
KH-CLM-010904,KB0011235,2026-09-24,Phoenix,commercial,COM-C,110,3,,
KH-CLM-010905,KB0011237,2026-09-24,Phoenix,commercial,COM-B,125,3,,
KH-CLM-010906,KB0011238,2026-09-24,Phoenix,commercial,COM-A,319,2,,
KH-CLM-010907,KB0011239,2026-09-24,Phoenix,Medicare,MEDICARE,299,1,,
KH-CLM-010908,KB0011240,2026-09-24,Phoenix,Medicare,MEDICARE,55,2,,
KH-CLM-010909,KB0011241,2026-09-24,Phoenix,Medicaid,MEDICAID-AZ,270,3,,
KH-CLM-010910,KB0011242,2026-09-24,Phoenix,commercial,COM-B,265,4,,
KH-CLM-010911,KB0011243,2026-09-24,New York,commercial,COM-A,105,2,,
KH-CLM-010912,KB0011244,2026-09-24,New York,commercial,COM-A,90,2,,medical necessity
KH-CLM-010913,KB0011245,2026-09-24,New York,Medicare,MEDICARE,315,4,,
KH-CLM-010914,KB0011246,2026-09-24,New York,Medicaid,MEDICAID-NY,205,4,,
KH-CLM-010915,KB0011247,2026-09-24,New York,Medicare,MEDICARE,349,1,,
KH-CLM-010916,KB0011248,2026-09-24,New York,Medicare,MEDICARE,65,1,,
KH-CLM-010917,KB0011250,2026-09-24,New York,Medicaid,MEDICAID-NY,149,1,,
KH-CLM-010918,KB0011251,2026-09-24,New York,Medicare,MEDICARE,70,1,,
KH-CLM-010919,KB0011252,2026-09-24,New York,commercial,COM-A,299,1,,duplicate claim
KH-CLM-010920,KB0011253,2026-09-24,New York,commercial,COM-B,325,4,,
KH-CLM-010921,KB0011254,2026-09-24,New York,commercial,COM-C,70,2,,prior authorization
KH-CLM-010922,KB0011255,2026-09-24,New York,commercial,COM-A,60,1,,
KH-CLM-010923,KB0011256,2026-09-24,New York,commercial,COM-A,55,2,,
KH-CLM-010924,KB0011257,2026-09-24,New York,Medicare,MEDICARE,95,1,,
KH-CLM-010925,KB0011258,2026-09-24,New York,commercial,COM-B,255,3,,
KH-CLM-010926,NB/ORD/000037,2026-09-24,Chicago,commercial,COM-C,299,1,,
KH-CLM-010927,NB/ORD/000038,2026-09-24,Chicago,commercial,COM-C,135,2,,
KH-CLM-010928,NB/ORD/000039,2026-09-24,Chicago,commercial,COM-A,349,1,,
KH-CLM-010929,NB/ORD/000040,2026-09-24,Chicago,Medicare,MEDICARE,299,1,,
KH-CLM-010930,NB/ORD/000042,2026-09-24,Chicago,commercial,COM-C,80,2,,
KH-CLM-010931,KB0011265,2026-09-24,Atlanta,commercial,COM-C,60,2,,
KH-CLM-010932,KB0011266,2026-09-24,Atlanta,self-pay,SELF,149,1,,
KH-CLM-010933,KB0011267,2026-09-24,Atlanta,commercial,COM-B,135,2,,
KH-CLM-010934,KB0011268,2026-09-24,Atlanta,Medicare,MEDICARE,250,3,,
KH-CLM-010935,KB0011269,2026-09-24,Atlanta,commercial,COM-B,349,1,,
KH-CLM-010936,KB0011270,2026-09-24,Atlanta,Medicare,MEDICARE,149,1,,missing or invalid information
KH-CLM-010937,KB0011271,2026-09-24,Atlanta,Medicare,MEDICARE,25,1,,
KH-CLM-010938,KB0011272,2026-09-24,Atlanta,commercial,COM-C,135,3,,
KH-CLM-010939,KB0011273,2026-09-24,Atlanta,Medicare,MEDICARE,149,1,,
KH-CLM-010940,KB0011274,2026-09-24,Atlanta,commercial,COM-B,150,1,,eligibility or coverage
KH-CLM-010941,KB0011275,2026-09-24,Atlanta,commercial,COM-A,145,2,,
KH-CLM-010942,NB/PHL/000032,2026-09-24,Philadelphia,Medicaid,MEDICAID-PA,349,1,,eligibility or coverage
KH-CLM-010943,NB/PHL/000033,2026-09-24,Philadelphia,commercial,COM-A,45,1,,
KH-CLM-010944,NB/PHL/000034,2026-09-24,Philadelphia,Medicare,MEDICARE,385,4,,
KH-CLM-010945,NB/PHL/000035,2026-09-24,Philadelphia,commercial,COM-B,180,3,,
KH-CLM-010946,NB/PHL/000036,2026-09-24,Philadelphia,commercial,COM-B,95,1,,
KH-CLM-010947,NB/PHL/000037,2026-09-24,Philadelphia,commercial,COM-C,70,1,,
KH-CLM-010948,KB0011282,2026-09-25,Dallas,commercial,COM-A,105,2,,
KH-CLM-010949,KB0011283,2026-09-25,Dallas,commercial,COM-C,100,2,,
KH-CLM-010950,KB0011284,2026-09-25,Dallas,commercial,COM-C,180,2,,
KH-CLM-010951,KB0011285,2026-09-25,Dallas,commercial,COM-B,349,1,,
KH-CLM-010952,KB0011286,2026-09-25,Dallas,commercial,COM-B,65,2,,
KH-CLM-010953,KB0011287,2026-09-25,Dallas,commercial,COM-C,299,1,,
KH-CLM-010954,KB0011288,2026-09-25,Dallas,Medicare,MEDICARE,160,3,,
KH-CLM-010955,KB0011289,2026-09-25,Dallas,commercial,COM-B,150,3,,
KH-CLM-010956,KB0011290,2026-09-25,Dallas,commercial,COM-B,55,2,,
KH-CLM-010957,KB0011291,2026-09-25,Dallas,Medicare,MEDICARE,230,3,,
KH-CLM-010958,KB0011292,2026-09-25,Dallas,commercial,COM-B,100,2,,
KH-CLM-010959,KB0011293,2026-09-25,Dallas,self-pay,SELF,299,1,,
KH-CLM-010960,KB0011294,2026-09-25,Dallas,commercial,COM-A,85,1,,
KH-CLM-010961,KB0011295,2026-09-25,Dallas,Medicaid,MEDICAID-TX,220,2,,
KH-CLM-010962,KB0011296,2026-09-25,Dallas,commercial,COM-C,130,2,,
KH-CLM-010963,KB0011297,2026-09-25,Dallas,commercial,COM-A,95,2,,
KH-CLM-010964,KB0011298,2026-09-25,Dallas,self-pay,SELF,180,2,,
KH-CLM-010965,KB0011299,2026-09-25,Dallas,Medicaid,MEDICAID-TX,235,3,,
KH-CLM-010966,KB0011300,2026-09-25,Dallas,commercial,COM-C,95,2,,
KH-CLM-010967,KB0011301,2026-09-25,Dallas,Medicaid,MEDICAID-TX,45,1,,missing or invalid information
KH-CLM-010968,KB0011302,2026-09-25,Dallas,commercial,COM-B,299,1,,
KH-CLM-010969,KB0011303,2026-09-25,Phoenix,commercial,COM-A,299,1,,
KH-CLM-010970,KB0011304,2026-09-25,Phoenix,commercial,COM-A,55,1,,
KH-CLM-010971,KB0011305,2026-09-25,Phoenix,commercial,COM-C,45,1,,
KH-CLM-010972,KB0011306,2026-09-25,Phoenix,commercial,COM-A,170,3,,
KH-CLM-010973,KB0011308,2026-09-25,Phoenix,Medicare,MEDICARE,205,4,,
KH-CLM-010974,KB0011309,2026-09-25,Phoenix,Medicaid,MEDICAID-AZ,180,3,,
KH-CLM-010975,KB0011310,2026-09-25,Phoenix,Medicare,MEDICARE,70,1,,
KH-CLM-010976,KB0011311,2026-09-25,Phoenix,commercial,COM-C,299,1,,
KH-CLM-010977,KB0011312,2026-09-25,Phoenix,Medicare,MEDICARE,299,1,,
KH-CLM-010978,KB0011313,2026-09-25,Phoenix,Medicare,MEDICARE,30,1,,non-covered service
KH-CLM-010979,KB0011314,2026-09-25,Phoenix,commercial,COM-B,290,4,,
KH-CLM-010980,KB0011315,2026-09-25,Phoenix,commercial,COM-C,195,3,,
KH-CLM-010981,KB0011316,2026-09-25,Phoenix,Medicare,MEDICARE,150,1,,
KH-CLM-010982,KB0011317,2026-09-25,Phoenix,commercial,COM-A,320,4,,
KH-CLM-010983,KB0011318,2026-09-25,Phoenix,commercial,COM-A,210,3,,
KH-CLM-010984,KB0011319,2026-09-25,Phoenix,Medicare,MEDICARE,90,2,,
KH-CLM-010985,KB0011320,2026-09-25,Phoenix,commercial,COM-B,195,4,,
KH-CLM-010986,KB0011321,2026-09-25,New York,commercial,COM-C,165,2,,
KH-CLM-010987,KB0011322,2026-09-25,New York,commercial,COM-A,25,1,,
KH-CLM-010988,KB0011323,2026-09-25,New York,commercial,COM-B,235,4,,
KH-CLM-010989,KB0011324,2026-09-25,New York,Medicare,MEDICARE,149,1,,
KH-CLM-010990,KB0011325,2026-09-25,New York,Medicare,MEDICARE,149,1,,
KH-CLM-010991,KB0011326,2026-09-25,New York,Medicaid,MEDICAID-NY,299,1,,
KH-CLM-010992,KB0011327,2026-09-25,New York,commercial,COM-B,115,2,,
KH-CLM-010993,KB0011328,2026-09-25,New York,Medicare,MEDICARE,45,2,,missing or invalid information
KH-CLM-010994,KB0011329,2026-09-25,New York,Medicaid,MEDICAID-NY,130,2,,
KH-CLM-010995,KB0011330,2026-09-25,New York,Medicare,MEDICARE,140,3,,
KH-CLM-010996,KB0011331,2026-09-25,New York,Medicare,MEDICARE,299,1,,
KH-CLM-010997,KB0011332,2026-09-25,New York,commercial,COM-C,225,4,,
KH-CLM-010998,KB0011333,2026-09-25,New York,commercial,COM-A,65,1,,
KH-CLM-010999,KB0011334,2026-09-25,New York,Medicare,MEDICARE,299,1,,non-covered service
KH-CLM-011000,NB/ORD/000043,2026-09-25,Chicago,commercial,COM-A,85,1,,
KH-CLM-011001,NB/ORD/000044,2026-09-25,Chicago,commercial,COM-C,150,1,,
KH-CLM-011002,NB/ORD/000045,2026-09-25,Chicago,self-pay,SELF,319,2,,
KH-CLM-011003,NB/ORD/000046,2026-09-25,Chicago,commercial,COM-B,299,1,,
KH-CLM-011004,NB/ORD/000047,2026-09-25,Chicago,Medicare,MEDICARE,299,1,,
KH-CLM-011005,NB/ORD/000048,2026-09-25,Chicago,Medicare,MEDICARE,45,1,,
KH-CLM-011006,NB/ORD/000049,2026-09-25,Chicago,Medicare,MEDICARE,299,1,,missing or invalid information
KH-CLM-011007,NB/ORD/000050,2026-09-25,Chicago,Medicare,MEDICARE,55,2,,
KH-CLM-011008,KB0011343,2026-09-25,Atlanta,commercial,COM-C,30,1,,
KH-CLM-011009,KB0011344,2026-09-25,Atlanta,commercial,COM-B,85,2,,
KH-CLM-011010,KB0011345,2026-09-25,Atlanta,commercial,COM-C,140,2,,
KH-CLM-011011,KB0011346,2026-09-25,Atlanta,commercial,COM-C,299,1,,
KH-CLM-011012,KB0011347,2026-09-25,Atlanta,Medicare,MEDICARE,250,5,,
KH-CLM-011013,KB0011348,2026-09-25,Atlanta,self-pay,SELF,25,1,,
KH-CLM-011014,KB0011349,2026-09-25,Atlanta,commercial,COM-C,299,1,,
KH-CLM-011015,KB0011350,2026-09-25,Atlanta,Medicaid,MEDICAID-GA,299,1,,
KH-CLM-011016,KB0011351,2026-09-25,Atlanta,commercial,COM-A,125,2,,
KH-CLM-011017,KB0011352,2026-09-25,Atlanta,Medicare,MEDICARE,80,2,,
KH-CLM-011018,KB0011353,2026-09-25,Atlanta,commercial,COM-C,70,1,,
KH-CLM-011019,NB/PHL/000038,2026-09-25,Philadelphia,Medicare,MEDICARE,275,4,,
KH-CLM-011020,NB/PHL/000039,2026-09-25,Philadelphia,commercial,COM-C,349,1,,
KH-CLM-011021,NB/PHL/000040,2026-09-25,Philadelphia,commercial,COM-C,55,2,,
KH-CLM-011022,NB/PHL/000041,2026-09-25,Philadelphia,commercial,COM-A,149,1,,
KH-CLM-011023,NB/PHL/000042,2026-09-25,Philadelphia,Medicare,MEDICARE,45,1,,
KH-CLM-011024,NB/PHL/000043,2026-09-25,Philadelphia,self-pay,SELF,45,1,,
KH-CLM-011025,KB0011360,2026-09-26,Dallas,commercial,COM-A,215,4,,
KH-CLM-011026,KB0011361,2026-09-26,Dallas,commercial,COM-B,299,1,,
KH-CLM-011027,KB0011362,2026-09-26,Dallas,commercial,COM-B,90,2,,
KH-CLM-011028,KB0011363,2026-09-26,Dallas,Medicare,MEDICARE,90,2,,
KH-CLM-011029,KB0011364,2026-09-26,Dallas,commercial,COM-C,85,1,,
KH-CLM-011030,KB0011365,2026-09-26,Dallas,self-pay,SELF,240,4,,
KH-CLM-011031,KB0011366,2026-09-26,Dallas,Medicaid,MEDICAID-TX,299,1,,
KH-CLM-011032,KB0011367,2026-09-26,Dallas,Medicare,MEDICARE,60,2,,
KH-CLM-011033,KB0011368,2026-09-26,Dallas,commercial,COM-C,75,1,,
KH-CLM-011034,KB0011369,2026-09-26,Dallas,Medicare,MEDICARE,$349.00,1,,
KH-CLM-011035,KB0011370,2026-09-26,Dallas,commercial,COM-C,120,2,,
KH-CLM-011036,KB0011371,2026-09-26,Dallas,commercial,COM-A,299,1,,
KH-CLM-011037,KB0011372,2026-09-26,Dallas,commercial,COM-B,185,3,,
KH-CLM-011038,KB0011373,2026-09-26,Dallas,commercial,COM-B,210,3,,
KH-CLM-011039,KB0011374,2026-09-26,Dallas,commercial,COM-C,180,2,,
KH-CLM-011040,KB0011375,2026-09-26,Dallas,commercial,COM-C,130,3,,
KH-CLM-011041,KB0011376,2026-09-26,Dallas,Medicare,MEDICARE,299,1,,
KH-CLM-011042,KB0011377,2026-09-26,Dallas,commercial,COM-C,30,1,,
KH-CLM-011043,KB0011378,2026-09-26,Dallas,commercial,COM-B,55,2,,
KH-CLM-011044,KB0011379,2026-09-26,Dallas,commercial,COM-A,299,1,,
KH-CLM-011045,KB0011380,2026-09-26,Phoenix,Medicare,MEDICARE,299,1,,
KH-CLM-011046,KB0011381,2026-09-26,Phoenix,Medicare,MEDICARE,349,1,,
KH-CLM-011047,KB0011382,2026-09-26,Phoenix,Medicare,MEDICARE,299,1,,
KH-CLM-011048,KB0011383,2026-09-26,Phoenix,commercial,COM-B,299,1,,
KH-CLM-011049,KB0011384,2026-09-26,Phoenix,Medicaid,MEDICAID-AZ,149,1,,
KH-CLM-011050,KB0011385,2026-09-26,Phoenix,Medicaid,MEDICAID-AZ,200,3,,
KH-CLM-011051,KB0011386,2026-09-26,Phoenix,commercial,COM-B,25,1,,
KH-CLM-011052,KB0011387,2026-09-26,Phoenix,commercial,COM-A,220,4,,
KH-CLM-011053,KB0011388,2026-09-26,Phoenix,Medicare,MEDICARE,125,2,,
KH-CLM-011054,KB0011389,2026-09-26,Phoenix,commercial,COM-B,110,2,,
KH-CLM-011055,KB0011390,2026-09-26,Phoenix,commercial,COM-A,310,3,,
KH-CLM-011056,KB0011391,2026-09-26,Phoenix,commercial,COM-A,299,1,,non-covered service
KH-CLM-011057,KB0011392,2026-09-26,Phoenix,commercial,COM-A,299,1,,non-covered service
KH-CLM-011058,KB0011394,2026-09-26,Phoenix,commercial,COM-A,145,3,,
KH-CLM-011059,KB0011395,2026-09-26,Phoenix,Medicare,MEDICARE,180,2,,
KH-CLM-011060,KB0011396,2026-09-26,Phoenix,commercial,COM-A,150,1,,
KH-CLM-011061,KB0011397,2026-09-26,New York,Medicaid,MEDICAID-NY,260,3,,
KH-CLM-011062,KB0011398,2026-09-26,New York,commercial,COM-C,299,1,,
KH-CLM-011063,KB0011399,2026-09-26,New York,commercial,COM-B,85,2,,
KH-CLM-011064,KB0011400,2026-09-26,New York,commercial,COM-B,200,4,,
KH-CLM-011065,KB0011401,2026-09-26,New York,Medicaid,MEDICAID-NY,30,1,,
KH-CLM-011066,KB0011402,2026-09-26,New York,commercial,COM-A,140,2,,
KH-CLM-011067,KB0011403,2026-09-26,New York,commercial,COM-B,190,5,,
KH-CLM-011068,KB0011404,2026-09-26,New York,commercial,COM-A,140,3,,
KH-CLM-011069,KB0011405,2026-09-26,New York,Medicare,MEDICARE,299,1,,
KH-CLM-011070,KB0011406,2026-09-26,New York,Medicare,MEDICARE,299,1,,
KH-CLM-011071,KB0011407,2026-09-26,New York,Medicare,MEDICARE,70,1,,
KH-CLM-011072,KB0011408,2026-09-26,New York,Medicare,MEDICARE,55,1,,
KH-CLM-011073,NB/ORD/000051,2026-09-26,Chicago,Medicaid,MEDICAID-IL,110,3,,
KH-CLM-011074,NB/ORD/000052,2026-09-26,Chicago,commercial,COM-B,85,1,,
KH-CLM-011075,NB/ORD/000053,2026-09-26,Chicago,Medicaid,MEDICAID-IL,299,1,,timely filing
KH-CLM-011076,NB/ORD/000054,2026-09-26,Chicago,Medicare,MEDICARE,165,3,,
KH-CLM-011077,NB/ORD/000055,2026-09-26,Chicago,commercial,COM-A,260,4,,
KH-CLM-011078,NB/ORD/000056,2026-09-26,Chicago,Medicare,MEDICARE,140,3,,
KH-CLM-011079,NB/ORD/000057,2026-09-26,Chicago,Medicaid,MEDICAID-IL,299,1,,
KH-CLM-011080,NB/ORD/000058,2026-09-26,Chicago,self-pay,SELF,70,1,,
KH-CLM-011081,NB/ORD/000059,2026-09-26,Chicago,commercial,COM-B,75,1,,
KH-CLM-011082,KB0011418,2026-09-26,Atlanta,commercial,COM-C,85,1,,
KH-CLM-011083,KB0011419,2026-09-26,Atlanta,Medicare,MEDICARE,25,1,,
KH-CLM-011084,KB0011420,2026-09-26,Atlanta,Medicare,MEDICARE,140,2,,timely filing
KH-CLM-011085,KB0011421,2026-09-26,Atlanta,commercial,COM-C,285,4,,
KH-CLM-011086,KB0011422,2026-09-26,Atlanta,Medicaid,MEDICAID-GA,299,1,,
KH-CLM-011087,KB0011424,2026-09-26,Atlanta,self-pay,SELF,349,1,,
KH-CLM-011088,KB0011425,2026-09-26,Atlanta,commercial,COM-A,30,1,,
KH-CLM-011089,NB/PHL/000044,2026-09-26,Philadelphia,Medicare,MEDICARE,180,2,,
KH-CLM-011090,NB/PHL/000045,2026-09-26,Philadelphia,commercial,COM-A,60,1,,
KH-CLM-011091,NB/PHL/000046,2026-09-26,Philadelphia,self-pay,SELF,315,4,,
KH-CLM-011092,NB/PHL/000047,2026-09-26,Philadelphia,Medicaid,MEDICAID-PA,135,3,,
KH-CLM-011093,NB/PHL/000048,2026-09-26,Philadelphia,Medicare,MEDICARE,210,2,,
KH-CLM-011094,NB/PHL/000049,2026-09-26,Philadelphia,commercial,COM-B,30,1,,
KH-CLM-011095,NB/PHL/000050,2026-09-26,Philadelphia,commercial,COM-B,60,1,,
KH-CLM-011096,KB0011433,2026-09-27,Dallas,commercial,COM-A,30,1,,missing or invalid information
KH-CLM-011097,KB0011434,2026-09-27,Dallas,self-pay,SELF,180,3,,
KH-CLM-011098,KB0011435,2026-09-27,Dallas,commercial,COM-B,130,2,,
KH-CLM-011099,KB0011436,2026-09-27,Dallas,commercial,COM-B,190,3,,
KH-CLM-011100,KB0011437,2026-09-27,Dallas,Medicare,MEDICARE,200,4,,eligibility or coverage
KH-CLM-011101,KB0011438,2026-09-27,Dallas,commercial,COM-A,125,3,,
KH-CLM-011102,KB0011440,2026-09-27,Dallas,commercial,COM-C,299,1,,medical necessity
KH-CLM-011103,KB0011441,2026-09-27,Dallas,commercial,COM-A,110,3,,
KH-CLM-011104,KB0011442,2026-09-27,Phoenix,commercial,COM-B,265,4,,
KH-CLM-011105,KB0011443,2026-09-27,Phoenix,self-pay,SELF,90,2,,
KH-CLM-011106,KB0011444,2026-09-27,Phoenix,commercial,COM-B,145,2,,
KH-CLM-011107,KB0011445,2026-09-27,Phoenix,commercial,COM-C,235,2,,
KH-CLM-011108,KB0011446,2026-09-27,Phoenix,Medicaid,MEDICAID-AZ,149,1,,
KH-CLM-011109,KB0011447,2026-09-27,Phoenix,commercial,COM-C,80,3,,eligibility or coverage
KH-CLM-011110,KB0011448,2026-09-27,Phoenix,Medicare,MEDICARE,115,2,,
KH-CLM-011111,KB0011449,2026-09-27,Phoenix,commercial,COM-C,75,1,,
KH-CLM-011112,KB0011450,2026-09-27,Phoenix,commercial,COM-B,65,1,,
KH-CLM-011113,KB0011451,2026-09-27,Phoenix,commercial,COM-A,75,2,,
KH-CLM-011114,KB0011452,2026-09-27,Phoenix,commercial,COM-C,285,3,,
KH-CLM-011115,KB0011453,2026-09-27,Phoenix,commercial,COM-B,149,1,,
KH-CLM-011116,KB0011454,2026-09-27,Phoenix,commercial,COM-B,160,4,,
KH-CLM-011117,KB0011455,2026-09-27,Phoenix,Medicaid,MEDICAID-AZ,310,4,,
KH-CLM-011118,KB0011456,2026-09-27,Phoenix,Medicaid,MEDICAID-AZ,30,1,,
KH-CLM-011119,KB0011458,2026-09-27,New York,commercial,COM-B,290,4,,
KH-CLM-011120,KB0011459,2026-09-27,New York,Medicare,MEDICARE,195,2,,medical necessity
KH-CLM-011121,KB0011460,2026-09-27,New York,commercial,COM-B,70,2,,
KH-CLM-011122,KB0011461,2026-09-27,New York,Medicare,MEDICARE,230,4,,
KH-CLM-011123,KB0011462,2026-09-27,New York,commercial,COM-C,195,2,,
KH-CLM-011124,KB0011463,2026-09-27,New York,commercial,COM-C,125,3,,
KH-CLM-011125,KB0011464,2026-09-27,New York,Medicaid,MEDICAID-NY,149,1,,
KH-CLM-011126,KB0011465,2026-09-27,New York,self-pay,SELF,120,2,,
KH-CLM-011127,NB/ORD/000060,2026-09-27,Chicago,Medicare,MEDICARE,299,1,,medical necessity
KH-CLM-011128,NB/ORD/000061,2026-09-27,Chicago,Medicaid,MEDICAID-IL,30,1,,
KH-CLM-011129,NB/ORD/000062,2026-09-27,Chicago,Medicare,MEDICARE,175,2,,
KH-CLM-011130,NB/ORD/000063,2026-09-27,Chicago,commercial,COM-C,55,2,,
KH-CLM-011131,NB/ORD/000065,2026-09-27,Chicago,Medicare,MEDICARE,140,3,,
KH-CLM-011132,KB0011472,2026-09-27,Atlanta,commercial,COM-A,319,2,,
KH-CLM-011133,KB0011473,2026-09-27,Atlanta,commercial,COM-B,135,3,,missing or invalid information
KH-CLM-011134,KB0011474,2026-09-27,Atlanta,commercial,COM-A,115,2,,
KH-CLM-011135,KB0011475,2026-09-27,Atlanta,commercial,COM-C,240,4,,
KH-CLM-011136,KB0011476,2026-09-27,Atlanta,commercial,COM-B,299,1,,
KH-CLM-011137,KB0011477,2026-09-27,Atlanta,commercial,COM-A,65,1,,
KH-CLM-011138,KB0011478,2026-09-27,Atlanta,Medicaid,MEDICAID-GA,60,1,,eligibility or coverage
KH-CLM-011139,KB0011479,2026-09-27,Atlanta,commercial,COM-A,140,2,,
KH-CLM-011140,NB/PHL/000051,2026-09-27,Philadelphia,commercial,COM-C,90,2,,
KH-CLM-011141,KB0011481,2026-09-28,Dallas,Medicare,MEDICARE,220,2,,
KH-CLM-011142,KB0011482,2026-09-28,Dallas,Medicare,MEDICARE,210,4,,
KH-CLM-011143,KB0011483,2026-09-28,Dallas,commercial,COM-B,149,1,,
KH-CLM-011144,KB0011484,2026-09-28,Dallas,commercial,COM-B,349,1,,eligibility or coverage
KH-CLM-011145,KB0011485,2026-09-28,Dallas,Medicare,MEDICARE,245,4,,
KH-CLM-011146,KB0011486,2026-09-28,Dallas,commercial,COM-B,25,1,,
KH-CLM-011147,KB0011487,2026-09-28,Dallas,Medicare,MEDICARE,75,1,,missing or invalid information
KH-CLM-011148,KB0011488,2026-09-28,Dallas,Medicaid,MEDICAID-TX,95,2,,
KH-CLM-011149,KB0011489,2026-09-28,Dallas,Medicare,MEDICARE,30,1,,
KH-CLM-011150,KB0011490,2026-09-28,Dallas,commercial,COM-A,80,2,,
KH-CLM-011151,KB0011491,2026-09-28,Dallas,commercial,COM-C,325,4,,missing or invalid information
KH-CLM-011152,KB0011492,2026-09-28,Dallas,Medicaid,MEDICAID-TX,180,2,,
KH-CLM-011153,KB0011493,2026-09-28,Phoenix,Medicare,MEDICARE,185,3,,duplicate claim
KH-CLM-011154,KB0011494,2026-09-28,Phoenix,commercial,COM-C,60,1,,
KH-CLM-011155,KB0011496,2026-09-28,Phoenix,commercial,COM-A,30,1,,
KH-CLM-011156,KB0011497,2026-09-28,Phoenix,Medicaid,MEDICAID-AZ,175,3,,
KH-CLM-011157,KB0011498,2026-09-28,Phoenix,commercial,COM-C,195,4,,
KH-CLM-011158,KB0011499,2026-09-28,Phoenix,commercial,COM-A,320,4,,
KH-CLM-011159,KB0011500,2026-09-28,Phoenix,commercial,COM-A,215,4,,
KH-CLM-011160,KB0011501,2026-09-28,Phoenix,Medicaid,MEDICAID-AZ,349,1,,
KH-CLM-011161,KB0011502,2026-09-28,Phoenix,Medicaid,MEDICAID-AZ,225,4,,
KH-CLM-011162,KB0011503,2026-09-28,Phoenix,commercial,COM-B,145,2,,
KH-CLM-011163,KB0011504,2026-09-28,Phoenix,self-pay,SELF,$260.00,4,,
KH-CLM-011164,KB0011505,2026-09-28,Phoenix,self-pay,SELF,85,1,,
KH-CLM-011165,KB0011506,2026-09-28,New York,commercial,COM-C,150,1,,
KH-CLM-011166,KB0011507,2026-09-28,New York,Medicaid,MEDICAID-NY,299,1,,
KH-CLM-011167,KB0011508,2026-09-28,New York,self-pay,SELF,120,3,,
KH-CLM-011168,KB0011509,2026-09-28,New York,Medicare,MEDICARE,75,2,,
KH-CLM-011169,KB0011510,2026-09-28,New York,Medicaid,MEDICAID-NY,145,2,,
KH-CLM-011170,KB0011511,2026-09-28,New York,commercial,COM-B,30,1,,
KH-CLM-011171,KB0011512,2026-09-28,New York,commercial,COM-A,240,4,,
KH-CLM-011172,KB0011513,2026-09-28,New York,self-pay,SELF,105,2,,
KH-CLM-011173,KB0011514,2026-09-28,New York,Medicare,MEDICARE,149,1,,
KH-CLM-011174,KB0011515,2026-09-28,New York,Medicare,MEDICARE,270,3,,
KH-CLM-011175,KB0011516,2026-09-28,New York,commercial,COM-C,70,2,,
KH-CLM-011176,KB0011517,2026-09-28,New York,commercial,COM-C,319,2,,medical necessity
KH-CLM-011177,KB0011518,2026-09-28,New York,commercial,COM-C,30,1,,eligibility or coverage
KH-CLM-011178,KB0011519,2026-09-28,New York,commercial,COM-A,299,1,,eligibility or coverage
KH-CLM-011179,KB0011520,2026-09-28,New York,Medicare,MEDICARE,75,1,,
KH-CLM-011180,KB0011521,2026-09-28,New York,Medicare,MEDICARE,290,3,,
KH-CLM-011181,NB/ORD/000066,2026-09-28,Chicago,Medicaid,MEDICAID-IL,145,3,,
KH-CLM-011182,NB/ORD/000067,2026-09-28,Chicago,Medicaid,MEDICAID-IL,165,3,,
KH-CLM-011183,NB/ORD/000068,2026-09-28,Chicago,commercial,COM-A,125,2,,
KH-CLM-011184,NB/ORD/000069,2026-09-28,Chicago,commercial,COM-C,169,2,,
KH-CLM-011185,NB/ORD/000070,2026-09-28,Chicago,commercial,COM-A,299,1,,
KH-CLM-011186,NB/ORD/000071,2026-09-28,Chicago,Medicaid,MEDICAID-IL,149,1,,
KH-CLM-011187,NB/ORD/000072,2026-09-28,Chicago,Medicare,MEDICARE,95,1,,
KH-CLM-011188,NB/ORD/000073,2026-09-28,Chicago,self-pay,SELF,169,2,,
KH-CLM-011189,KB0011530,2026-09-28,Atlanta,Medicare,MEDICARE,100,2,,
KH-CLM-011190,KB0011531,2026-09-28,Atlanta,commercial,COM-A,319,2,,eligibility or coverage
KH-CLM-011191,KB0011532,2026-09-28,Atlanta,commercial,COM-A,295,4,,
KH-CLM-011192,KB0011533,2026-09-28,Atlanta,Medicare,MEDICARE,100,2,,
KH-CLM-011193,KB0011534,2026-09-28,Atlanta,Medicaid,MEDICAID-GA,110,2,,
KH-CLM-011194,KB0011535,2026-09-28,Atlanta,Medicaid,MEDICAID-GA,299,1,,
KH-CLM-011195,KB0011536,2026-09-28,Atlanta,Medicaid,MEDICAID-GA,349,1,,
KH-CLM-011196,KB0011537,2026-09-28,Atlanta,Medicare,MEDICARE,55,2,,
KH-CLM-011197,KB0011538,2026-09-28,Atlanta,commercial,COM-B,299,1,,
KH-CLM-011198,KB0011539,2026-09-28,Atlanta,commercial,COM-A,155,3,,
KH-CLM-011199,KB0011540,2026-09-28,Atlanta,commercial,COM-B,149,1,,
KH-CLM-011200,NB/PHL/000052,2026-09-28,Philadelphia,commercial,COM-B,319,2,,
KH-CLM-011201,NB/PHL/000053,2026-09-28,Philadelphia,commercial,COM-C,85,2,,
KH-CLM-011202,NB/PHL/000054,2026-09-28,Philadelphia,Medicare,MEDICARE,45,1,,
KH-CLM-011203,NB/PHL/000055,2026-09-28,Philadelphia,commercial,COM-C,299,1,,missing or invalid information
KH-CLM-011204,NB/PHL/000056,2026-09-28,Philadelphia,self-pay,SELF,70,1,,
KH-CLM-011205,KB0011546,2026-09-29,Dallas,Medicare,MEDICARE,299,1,,
KH-CLM-011206,KB0011547,2026-09-29,Dallas,Medicare,MEDICARE,260,3,,
KH-CLM-011207,KB0011548,2026-09-29,Dallas,Medicare,MEDICARE,45,1,,
KH-CLM-011208,KB0011549,2026-09-29,Dallas,Medicare,MEDICARE,149,1,,
KH-CLM-011209,KB0011550,2026-09-29,Dallas,Medicare,MEDICARE,325,4,,
KH-CLM-011210,KB0011551,2026-09-29,Dallas,Medicare,MEDICARE,95,1,,
KH-CLM-011211,KB0011552,2026-09-29,Dallas,self-pay,SELF,70,1,,
KH-CLM-011212,KB0011553,2026-09-29,Dallas,commercial,COM-B,349,1,,
KH-CLM-011213,KB0011554,2026-09-29,Dallas,commercial,COM-A,45,1,,
KH-CLM-011214,KB0011555,2026-09-29,Dallas,Medicare,MEDICARE,149,1,,
KH-CLM-011215,KB0011557,2026-09-29,Dallas,Medicaid,MEDICAID-TX,85,1,,
KH-CLM-011216,KB0011558,2026-09-29,Dallas,Medicaid,MEDICAID-TX,149,1,,
KH-CLM-011217,KB0011559,2026-09-29,Dallas,Medicare,MEDICARE,299,1,,
KH-CLM-011218,KB0011560,2026-09-29,Dallas,commercial,COM-B,180,3,,
KH-CLM-011219,KB0011561,2026-09-29,Dallas,Medicaid,MEDICAID-TX,149,1,,
KH-CLM-011220,KB0011562,2026-09-29,Dallas,commercial,COM-B,149,1,,
KH-CLM-011221,KB0011563,2026-09-29,Dallas,commercial,COM-A,200,4,,
KH-CLM-011222,KB0011564,2026-09-29,Phoenix,commercial,COM-A,149,1,,
KH-CLM-011223,KB0011565,2026-09-29,Phoenix,self-pay,SELF,299,1,,
KH-CLM-011224,KB0011566,2026-09-29,Phoenix,commercial,COM-B,299,1,,
KH-CLM-011225,KB0011567,2026-09-29,Phoenix,Medicare,MEDICARE,299,1,,non-covered service
KH-CLM-011226,KB0011569,2026-09-29,Phoenix,Medicare,MEDICARE,165,3,,
KH-CLM-011227,KB0011570,2026-09-29,Phoenix,commercial,COM-B,180,2,,
KH-CLM-011228,KB0011571,2026-09-29,Phoenix,commercial,COM-A,349,1,,
KH-CLM-011229,KB0011572,2026-09-29,Phoenix,commercial,COM-C,175,4,,
KH-CLM-011230,KB0011573,2026-09-29,Phoenix,commercial,COM-C,149,1,,
KH-CLM-011231,KB0011574,2026-09-29,Phoenix,commercial,COM-B,55,2,,
KH-CLM-011232,KB0011575,2026-09-29,Phoenix,self-pay,SELF,125,2,,
KH-CLM-011233,KB0011576,2026-09-29,Phoenix,commercial,COM-C,160,2,,
KH-CLM-011234,KB0011577,2026-09-29,Phoenix,commercial,COM-B,299,1,,prior authorization
KH-CLM-011235,KB0011578,2026-09-29,Phoenix,commercial,COM-A,120,2,,
KH-CLM-011236,KB0011579,2026-09-29,Phoenix,commercial,COM-C,240,4,,
KH-CLM-011237,KB0011580,2026-09-29,Phoenix,self-pay,SELF,105,2,,
KH-CLM-011238,KB0011581,2026-09-29,New York,commercial,COM-A,30,1,,
KH-CLM-011239,KB0011582,2026-09-29,New York,commercial,COM-C,110,2,,
KH-CLM-011240,KB0011583,2026-09-29,New York,Medicare,MEDICARE,149,1,,
KH-CLM-011241,KB0011584,2026-09-29,New York,commercial,COM-A,335,4,,
KH-CLM-011242,KB0011585,2026-09-29,New York,commercial,COM-B,65,2,,
KH-CLM-011243,KB0011586,2026-09-29,New York,Medicaid,MEDICAID-NY,299,1,,
KH-CLM-011244,KB0011587,2026-09-29,New York,Medicare,MEDICARE,75,1,,
KH-CLM-011245,KB0011588,2026-09-29,New York,commercial,COM-B,150,3,,
KH-CLM-011246,KB0011589,2026-09-29,New York,commercial,COM-A,95,1,,
KH-CLM-011247,KB0011590,2026-09-29,New York,Medicaid,MEDICAID-NY,330,3,,
KH-CLM-011248,KB0011591,2026-09-29,New York,commercial,COM-A,245,5,,
KH-CLM-011249,KB0011592,2026-09-29,New York,Medicaid,MEDICAID-NY,299,1,,timely filing
KH-CLM-011250,KB0011593,2026-09-29,New York,Medicaid,MEDICAID-NY,149,1,,
KH-CLM-011251,KB0011594,2026-09-29,New York,self-pay,SELF,45,1,,
KH-CLM-011252,KB0011595,2026-09-29,New York,commercial,COM-B,215,4,,
KH-CLM-011253,KB0011596,2026-09-29,New York,self-pay,SELF,55,1,,
KH-CLM-011254,NB/ORD/000074,2026-09-29,Chicago,commercial,COM-C,250,3,,
KH-CLM-011255,NB/ORD/000075,2026-09-29,Chicago,commercial,COM-C,299,1,,
KH-CLM-011256,NB/ORD/000076,2026-09-29,Chicago,commercial,COM-C,260,4,,
KH-CLM-011257,NB/ORD/000077,2026-09-29,Chicago,Medicare,MEDICARE,45,2,,
KH-CLM-011258,NB/ORD/000078,2026-09-29,Chicago,commercial,COM-B,65,2,,
KH-CLM-011259,NB/ORD/000079,2026-09-29,Chicago,commercial,COM-C,60,1,,
KH-CLM-011260,NB/ORD/000080,2026-09-29,Chicago,commercial,COM-A,65,1,,
KH-CLM-011261,KB0011604,2026-09-29,Atlanta,self-pay,SELF,60,1,,
KH-CLM-011262,KB0011605,2026-09-29,Atlanta,commercial,COM-A,25,1,,
KH-CLM-011263,KB0011606,2026-09-29,Atlanta,commercial,COM-B,155,2,,
KH-CLM-011264,KB0011607,2026-09-29,Atlanta,commercial,COM-A,60,1,,
KH-CLM-011265,KB0011608,2026-09-29,Atlanta,Medicaid,MEDICAID-GA,405,4,,
KH-CLM-011266,KB0011609,2026-09-29,Atlanta,commercial,COM-B,55,1,,
KH-CLM-011267,KB0011610,2026-09-29,Atlanta,commercial,COM-B,149,1,,prior authorization
KH-CLM-011268,KB0011612,2026-09-29,Atlanta,commercial,COM-B,60,2,,
KH-CLM-011269,KB0011613,2026-09-29,Atlanta,self-pay,SELF,349,1,,
KH-CLM-011270,KB0011614,2026-09-29,Atlanta,Medicare,MEDICARE,210,3,,
KH-CLM-011271,KB0011615,2026-09-29,Atlanta,Medicare,MEDICARE,149,1,,
KH-CLM-011272,NB/PHL/000057,2026-09-29,Philadelphia,Medicare,MEDICARE,115,3,,
KH-CLM-011273,NB/PHL/000058,2026-09-29,Philadelphia,Medicare,MEDICARE,55,1,,
KH-CLM-011274,NB/PHL/000059,2026-09-29,Philadelphia,Medicaid,MEDICAID-PA,220,3,,
KH-CLM-011275,NB/PHL/000060,2026-09-29,Philadelphia,commercial,COM-C,220,2,,
KH-CLM-011276,NB/PHL/000062,2026-09-29,Philadelphia,self-pay,SELF,230,4,,
KH-CLM-011277,NB/PHL/000063,2026-09-29,Philadelphia,Medicare,MEDICARE,105,2,,
KH-CLM-011278,NB/PHL/000064,2026-09-29,Philadelphia,self-pay,SELF,70,1,,
KH-CLM-011279,KB0011624,2026-09-30,Dallas,commercial,COM-B,75,2,,
KH-CLM-011280,KB0011625,2026-09-30,Dallas,self-pay,SELF,149,1,,
KH-CLM-011281,KB0011626,2026-09-30,Dallas,Medicare,MEDICARE,85,1,,
KH-CLM-011282,KB0011627,2026-09-30,Dallas,commercial,COM-C,30,1,,
KH-CLM-011283,KB0011628,2026-09-30,Dallas,commercial,COM-B,205,3,,
KH-CLM-011284,KB0011629,2026-09-30,Dallas,Medicaid,MEDICAID-TX,210,3,,
KH-CLM-011285,KB0011630,2026-09-30,Dallas,Medicare,MEDICARE,149,1,,
KH-CLM-011286,KB0011631,2026-09-30,Dallas,Medicare,MEDICARE,319,2,,
KH-CLM-011287,KB0011632,2026-09-30,Dallas,commercial,COM-B,299,1,,
KH-CLM-011288,KB0011633,2026-09-30,Dallas,commercial,COM-B,149,1,,
KH-CLM-011289,KB0011634,2026-09-30,Dallas,commercial,COM-B,299,1,,
KH-CLM-011290,KB0011635,2026-09-30,Dallas,Medicare,MEDICARE,70,1,,
KH-CLM-011291,KB0011636,2026-09-30,Dallas,Medicaid,MEDICAID-TX,299,1,,non-covered service
KH-CLM-011292,KB0011637,2026-09-30,Dallas,commercial,COM-B,169,2,,
KH-CLM-011293,KB0011638,2026-09-30,Dallas,commercial,COM-A,160,3,,
KH-CLM-011294,KB0011639,2026-09-30,Dallas,commercial,COM-B,75,1,,
KH-CLM-011295,KB0011640,2026-09-30,Dallas,commercial,COM-C,70,1,,
KH-CLM-011296,KB0011641,2026-09-30,Dallas,self-pay,SELF,155,2,,
KH-CLM-011297,KB0011642,2026-09-30,Dallas,Medicaid,MEDICAID-TX,285,5,,
KH-CLM-011298,KB0011643,2026-09-30,Dallas,commercial,COM-C,45,1,,
KH-CLM-011299,KB0011644,2026-09-30,Phoenix,self-pay,SELF,105,3,,
KH-CLM-011300,KB0011645,2026-09-30,Phoenix,commercial,COM-C,299,1,,
KH-CLM-011301,KB0011646,2026-09-30,Phoenix,Medicare,MEDICARE,45,1,,
KH-CLM-011302,KB0011647,2026-09-30,Phoenix,Medicare,MEDICARE,255,4,,
KH-CLM-011303,KB0011648,2026-09-30,Phoenix,commercial,COM-B,149,1,,medical necessity
KH-CLM-011304,KB0011649,2026-09-30,Phoenix,Medicare,MEDICARE,110,2,,
KH-CLM-011305,KB0011650,2026-09-30,Phoenix,Medicaid,MEDICAID-AZ,150,1,,missing or invalid information
KH-CLM-011306,KB0011651,2026-09-30,Phoenix,self-pay,SELF,220,4,,
KH-CLM-011307,KB0011652,2026-09-30,Phoenix,commercial,COM-C,180,4,,
KH-CLM-011308,KB0011653,2026-09-30,Phoenix,commercial,COM-B,299,1,,
KH-CLM-011309,KB0011654,2026-09-30,Phoenix,Medicare,MEDICARE,25,1,,
KH-CLM-011310,KB0011655,2026-09-30,Phoenix,commercial,COM-A,125,2,,
KH-CLM-011311,KB0011656,2026-09-30,Phoenix,Medicare,MEDICARE,95,1,,
KH-CLM-011312,KB0011657,2026-09-30,Phoenix,Medicaid,MEDICAID-AZ,100,2,,
KH-CLM-011313,KB0011658,2026-09-30,Phoenix,Medicaid,MEDICAID-AZ,319,2,,
KH-CLM-011314,KB0011659,2026-09-30,Phoenix,commercial,COM-A,369,2,,non-covered service
KH-CLM-011315,KB0011660,2026-09-30,Phoenix,Medicaid,MEDICAID-AZ,30,1,,
KH-CLM-011316,KB0011661,2026-09-30,Phoenix,commercial,COM-A,100,3,,
KH-CLM-011317,KB0011662,2026-09-30,Phoenix,commercial,COM-A,195,2,,
KH-CLM-011318,KB0011663,2026-09-30,Phoenix,Medicaid,MEDICAID-AZ,125,2,,
KH-CLM-011319,KB0011664,2026-09-30,Phoenix,commercial,COM-A,299,1,,
KH-CLM-011320,KB0011665,2026-09-30,Phoenix,Medicare,MEDICARE,130,2,,
KH-CLM-011321,KB0011666,2026-09-30,New York,commercial,COM-A,110,2,,
KH-CLM-011322,KB0011667,2026-09-30,New York,commercial,COM-B,149,1,,non-covered service
KH-CLM-011323,KB0011668,2026-09-30,New York,Medicaid,MEDICAID-NY,25,1,,
KH-CLM-011324,KB0011669,2026-09-30,New York,Medicaid,MEDICAID-NY,349,1,,eligibility or coverage
KH-CLM-011325,KB0011670,2026-09-30,New York,commercial,COM-C,155,3,,
KH-CLM-011326,KB0011671,2026-09-30,New York,commercial,COM-A,140,3,,
KH-CLM-011327,KB0011672,2026-09-30,New York,Medicaid,MEDICAID-NY,45,1,,
KH-CLM-011328,KB0011673,2026-09-30,New York,commercial,COM-A,149,1,,
KH-CLM-011329,KB0011674,2026-09-30,New York,commercial,COM-A,30,1,,
KH-CLM-011330,KB0011675,2026-09-30,New York,commercial,COM-B,50,2,,
KH-CLM-011331,KB0011676,2026-09-30,New York,Medicaid,MEDICAID-NY,149,1,,eligibility or coverage
KH-CLM-011332,KB0011677,2026-09-30,New York,commercial,COM-C,250,5,,
KH-CLM-011333,NB/ORD/000082,2026-09-30,Chicago,Medicaid,MEDICAID-IL,299,1,,
KH-CLM-011334,NB/ORD/000083,2026-09-30,Chicago,Medicare,MEDICARE,185,4,,medical necessity
KH-CLM-011335,NB/ORD/000084,2026-09-30,Chicago,commercial,COM-A,149,1,,non-covered service
KH-CLM-011336,NB/ORD/000085,2026-09-30,Chicago,commercial,COM-A,245,3,,
KH-CLM-011337,KB0011683,2026-09-30,Atlanta,Medicare,MEDICARE,160,3,,
KH-CLM-011338,KB0011684,2026-09-30,Atlanta,Medicare,MEDICARE,299,1,,
KH-CLM-011339,KB0011685,2026-09-30,Atlanta,commercial,COM-C,85,2,,
KH-CLM-011340,KB0011686,2026-09-30,Atlanta,Medicare,MEDICARE,100,2,,
KH-CLM-011341,KB0011687,2026-09-30,Atlanta,Medicare,MEDICARE,299,1,,
KH-CLM-011342,KB0011688,2026-09-30,Atlanta,commercial,COM-A,170,2,,
KH-CLM-011343,KB0011689,2026-09-30,Atlanta,Medicaid,MEDICAID-GA,60,2,,eligibility or coverage
KH-CLM-011344,KB0011690,2026-09-30,Atlanta,Medicaid,MEDICAID-GA,190,4,,
KH-CLM-011345,KB0011691,2026-09-30,Atlanta,commercial,COM-C,349,1,,
KH-CLM-011346,KB0011692,2026-09-30,Atlanta,Medicare,MEDICARE,150,1,,
KH-CLM-011347,KB0011693,2026-09-30,Atlanta,commercial,COM-A,299,1,,
KH-CLM-011348,KB0011694,2026-09-30,Atlanta,commercial,COM-B,265,4,,
KH-CLM-011349,KB0011695,2026-09-30,Atlanta,commercial,COM-A,65,1,,
KH-CLM-011350,KB0011696,2026-09-30,Atlanta,Medicare,MEDICARE,255,4,,
KH-CLM-011351,KB0011697,2026-09-30,Atlanta,Medicare,MEDICARE,260,5,,
KH-CLM-011352,KB0011698,2026-09-30,Atlanta,Medicare,MEDICARE,255,4,,
KH-CLM-011353,NB/PHL/000065,2026-09-30,Philadelphia,Medicare,MEDICARE,45,1,,
KH-CLM-011354,NB/PHL/000066,2026-09-30,Philadelphia,Medicaid,MEDICAID-PA,30,1,,eligibility or coverage
KH-CLM-011355,NB/PHL/000067,2026-09-30,Philadelphia,Medicaid,MEDICAID-PA,85,2,,
KH-CLM-011356,NB/PHL/000068,2026-09-30,Philadelphia,Medicare,MEDICARE,115,2,,
