appointment_id,booking_id,site_code,visit_date,kind,attended
AP000001,KB0005741,KH-ATL-02,2026-07-01,walk-in,Y
AP000002,KB0005742,KH-ATL-02,2026-07-01,walk-in,Y
AP000003,KB0005745,KH-ATL-02,2026-07-01,walk-in,Y
AP000004,KB0005747,KH-ATL-02,2026-07-01,walk-in,Y
AP000005,KB0005748,KH-ATL-02,2026-07-01,scheduled,N
AP000006,KB0005884,KH-ATL-02,2026-07-01,scheduled,N
AP000007,KB0006325,KH-ATL-02,2026-07-01,scheduled,N
AP000008,KB0005942,KH-ATL-03,2026-07-01,scheduled,N
AP000009,KB0005730,KH-CHI-02,2026-07-01,walk-in,Y
AP000010,KB0005731,KH-CHI-02,2026-07-01,scheduled,Y
AP000011,KB0005734,KH-CHI-02,2026-07-01,scheduled,Y
AP000012,KB0005735,KH-CHI-02,2026-07-01,walk-in,Y
AP000013,KB0005737,KH-CHI-02,2026-07-01,scheduled,Y
AP000014,KB0005739,KH-CHI-02,2026-07-01,scheduled,Y
AP000015,KB0005732,KH-CHI-03,2026-07-01,scheduled,Y
AP000016,KB0005733,KH-CHI-03,2026-07-01,walk-in,Y
AP000017,KB0005738,KH-CHI-03,2026-07-01,walk-in,Y
AP000018,KB0005696,KH-DAL-02,2026-07-01,scheduled,Y
AP000019,KB0005697,KH-DAL-02,2026-07-01,scheduled,Y
AP000020,KB0005700,KH-DAL-02,2026-07-01,walk-in,Y
AP000021,KB0005702,KH-DAL-02,2026-07-01,walk-in,Y
AP000022,KB0005706,KH-DAL-02,2026-07-01,scheduled,Y
AP000023,KB0005694,KH-DAL-03,2026-07-01,walk-in,Y
AP000024,KB0005701,KH-DAL-03,2026-07-01,walk-in,Y
AP000025,KB0005703,KH-DAL-03,2026-07-01,scheduled,Y
AP000026,KB0005704,KH-DAL-03,2026-07-01,scheduled,Y
AP000027,KB0005721,KH-NYC-02,2026-07-01,walk-in,Y
AP000028,KB0005723,KH-NYC-02,2026-07-01,scheduled,N
AP000029,KB0005726,KH-NYC-02,2026-07-01,walk-in,Y
AP000030,KB0005727,KH-NYC-02,2026-07-01,scheduled,Y
AP000031,KB0005728,KH-NYC-02,2026-07-01,walk-in,Y
AP000032,KB0005724,KH-NYC-03,2026-07-01,walk-in,Y
AP000033,KB0005928,KH-NYC-03,2026-07-01,scheduled,N
AP000034,KB0005751,KH-PHI-02,2026-07-01,walk-in,Y
AP000035,KB0005753,KH-PHI-02,2026-07-01,walk-in,Y
AP000036,KB0005710,KH-PHX-02,2026-07-01,scheduled,Y
AP000037,KB0005712,KH-PHX-02,2026-07-01,walk-in,Y
AP000038,KB0005714,KH-PHX-02,2026-07-01,scheduled,Y
AP000039,KB0005715,KH-PHX-02,2026-07-01,walk-in,Y
AP000040,KB0005717,KH-PHX-02,2026-07-01,scheduled,Y
AP000041,KB0005718,KH-PHX-02,2026-07-01,walk-in,Y
AP000042,KB0005719,KH-PHX-02,2026-07-01,scheduled,N
AP000043,KB0005709,KH-PHX-03,2026-07-01,walk-in,Y
AP000044,KB0005713,KH-PHX-03,2026-07-01,walk-in,Y
AP000045,KB0005805,KH-ATL-02,2026-07-02,walk-in,Y
AP000046,KB0005807,KH-ATL-02,2026-07-02,walk-in,Y
AP000047,KB0005808,KH-ATL-02,2026-07-02,scheduled,Y
AP000048,KB0005809,KH-ATL-02,2026-07-02,scheduled,Y
AP000049,KB0005812,KH-ATL-02,2026-07-02,walk-in,Y
AP000050,KB0005815,KH-ATL-02,2026-07-02,walk-in,Y
AP000051,KB0005806,KH-ATL-03,2026-07-02,scheduled,Y
AP000052,KB0005811,KH-ATL-03,2026-07-02,scheduled,Y
AP000053,KB0006329,KH-ATL-03,2026-07-02,scheduled,N
AP000054,KB0005797,KH-CHI-02,2026-07-02,walk-in,Y
AP000055,KB0005799,KH-CHI-02,2026-07-02,scheduled,Y
AP000056,KB0005801,KH-CHI-02,2026-07-02,walk-in,Y
AP000057,KB0005796,KH-CHI-03,2026-07-02,walk-in,Y
AP000058,KB0005803,KH-CHI-03,2026-07-02,walk-in,Y
AP000059,KB0005761,KH-DAL-02,2026-07-02,walk-in,Y
AP000060,KB0005763,KH-DAL-02,2026-07-02,scheduled,Y
AP000061,KB0005765,KH-DAL-02,2026-07-02,walk-in,Y
AP000062,KB0005762,KH-DAL-03,2026-07-02,walk-in,Y
AP000063,KB0005795,KH-NYC-02,2026-07-02,scheduled,Y
AP000064,KB0005783,KH-NYC-03,2026-07-02,walk-in,Y
AP000065,KB0005784,KH-NYC-03,2026-07-02,scheduled,Y
AP000066,KB0005785,KH-NYC-03,2026-07-02,walk-in,Y
AP000067,KB0005788,KH-NYC-03,2026-07-02,walk-in,Y
AP000068,KB0005789,KH-NYC-03,2026-07-02,walk-in,Y
AP000069,KB0005790,KH-NYC-03,2026-07-02,walk-in,Y
AP000070,KB0005791,KH-NYC-03,2026-07-02,walk-in,Y
AP000071,KB0005817,KH-PHI-02,2026-07-02,scheduled,Y
AP000072,KB0005823,KH-PHI-02,2026-07-02,scheduled,Y
AP000073,KB0005820,KH-PHI-03,2026-07-02,scheduled,Y
AP000074,KB0005766,KH-PHX-02,2026-07-02,walk-in,Y
AP000075,KB0005767,KH-PHX-02,2026-07-02,scheduled,Y
AP000076,KB0005777,KH-PHX-02,2026-07-02,walk-in,Y
AP000077,KB0005778,KH-PHX-02,2026-07-02,scheduled,Y
AP000078,KB0005779,KH-PHX-02,2026-07-02,walk-in,Y
AP000079,KB0005780,KH-PHX-02,2026-07-02,walk-in,Y
AP000080,KB0005782,KH-PHX-02,2026-07-02,walk-in,Y
AP000081,KB0005768,KH-PHX-03,2026-07-02,walk-in,Y
AP000082,KB0005771,KH-PHX-03,2026-07-02,scheduled,N
AP000083,KB0005772,KH-PHX-03,2026-07-02,scheduled,Y
AP000084,KB0005773,KH-PHX-03,2026-07-02,scheduled,Y
AP000085,KB0005776,KH-PHX-03,2026-07-02,walk-in,Y
AP000086,KB0005781,KH-PHX-03,2026-07-02,walk-in,Y
AP000087,KB0006091,KH-PHX-03,2026-07-02,scheduled,N
AP000088,KB0005876,KH-ATL-02,2026-07-03,walk-in,Y
AP000089,KB0005881,KH-ATL-02,2026-07-03,scheduled,Y
AP000090,KB0005883,KH-ATL-02,2026-07-03,walk-in,Y
AP000091,KB0005884,KH-ATL-02,2026-07-03,scheduled,Y
AP000092,KB0005880,KH-ATL-03,2026-07-03,scheduled,Y
AP000093,KB0006049,KH-ATL-03,2026-07-03,scheduled,N
AP000094,KB0006054,KH-ATL-03,2026-07-03,scheduled,N
AP000095,KB0005867,KH-CHI-02,2026-07-03,walk-in,Y
AP000096,KB0005870,KH-CHI-02,2026-07-03,walk-in,Y
AP000097,KB0005875,KH-CHI-02,2026-07-03,walk-in,Y
AP000098,KB0005865,KH-CHI-03,2026-07-03,walk-in,Y
AP000099,KB0005866,KH-CHI-03,2026-07-03,walk-in,Y
AP000100,KB0005868,KH-CHI-03,2026-07-03,walk-in,Y
AP000101,KB0005869,KH-CHI-03,2026-07-03,scheduled,Y
AP000102,KB0005873,KH-CHI-03,2026-07-03,walk-in,Y
AP000103,KB0005874,KH-CHI-03,2026-07-03,scheduled,Y
AP000104,KB0005829,KH-DAL-02,2026-07-03,scheduled,Y
AP000105,KB0006340,KH-DAL-02,2026-07-03,scheduled,N
AP000106,KB0005826,KH-DAL-03,2026-07-03,scheduled,Y
AP000107,KB0005827,KH-DAL-03,2026-07-03,scheduled,Y
AP000108,KB0005830,KH-DAL-03,2026-07-03,walk-in,Y
AP000109,KB0005832,KH-DAL-03,2026-07-03,walk-in,Y
AP000110,KB0005852,KH-NYC-02,2026-07-03,walk-in,Y
AP000111,KB0005856,KH-NYC-02,2026-07-03,walk-in,Y
AP000112,KB0005861,KH-NYC-02,2026-07-03,scheduled,Y
AP000113,KB0005862,KH-NYC-02,2026-07-03,scheduled,Y
AP000114,KB0005863,KH-NYC-02,2026-07-03,scheduled,Y
AP000115,KB0005857,KH-NYC-03,2026-07-03,scheduled,Y
AP000116,KB0005858,KH-NYC-03,2026-07-03,scheduled,Y
AP000117,KB0005859,KH-NYC-03,2026-07-03,scheduled,Y
AP000118,KB0005885,KH-PHI-02,2026-07-03,walk-in,Y
AP000119,KB0005892,KH-PHI-02,2026-07-03,scheduled,Y
AP000120,KB0005840,KH-PHX-02,2026-07-03,walk-in,Y
AP000121,KB0005842,KH-PHX-02,2026-07-03,walk-in,Y
AP000122,KB0005847,KH-PHX-02,2026-07-03,walk-in,Y
AP000123,KB0005848,KH-PHX-02,2026-07-03,scheduled,Y
AP000124,KB0005849,KH-PHX-02,2026-07-03,walk-in,Y
AP000125,KB0005850,KH-PHX-02,2026-07-03,scheduled,Y
AP000126,KB0006362,KH-PHX-02,2026-07-03,scheduled,N
AP000127,KB0005837,KH-PHX-03,2026-07-03,scheduled,Y
AP000128,KB0005846,KH-PHX-03,2026-07-03,walk-in,Y
AP000129,KB0005944,KH-ATL-02,2026-07-04,scheduled,Y
AP000130,KB0005946,KH-ATL-02,2026-07-04,walk-in,Y
AP000131,KB0005947,KH-ATL-02,2026-07-04,scheduled,Y
AP000132,KB0005942,KH-ATL-03,2026-07-04,scheduled,Y
AP000133,KB0006126,KH-ATL-03,2026-07-04,scheduled,N
AP000134,KB0005934,KH-CHI-02,2026-07-04,scheduled,Y
AP000135,KB0005936,KH-CHI-03,2026-07-04,walk-in,Y
AP000136,KB0005937,KH-CHI-03,2026-07-04,walk-in,Y
AP000137,KB0005940,KH-CHI-03,2026-07-04,walk-in,Y
AP000138,KB0005941,KH-CHI-03,2026-07-04,scheduled,Y
AP000139,KB0005894,KH-DAL-02,2026-07-04,walk-in,Y
AP000140,KB0005899,KH-DAL-02,2026-07-04,scheduled,Y
AP000141,KB0005900,KH-DAL-02,2026-07-04,walk-in,Y
AP000142,KB0005901,KH-DAL-02,2026-07-04,scheduled,Y
AP000143,KB0005898,KH-DAL-03,2026-07-04,walk-in,Y
AP000144,KB0005905,KH-DAL-03,2026-07-04,walk-in,Y
AP000145,KB0005906,KH-DAL-03,2026-07-04,scheduled,Y
AP000146,KB0005908,KH-DAL-03,2026-07-04,walk-in,Y
AP000147,KB0006065,KH-DAL-03,2026-07-04,scheduled,N
AP000148,KB0006408,KH-DAL-03,2026-07-04,scheduled,N
AP000149,KB0005926,KH-NYC-03,2026-07-04,walk-in,Y
AP000150,KB0005928,KH-NYC-03,2026-07-04,scheduled,Y
AP000151,KB0005929,KH-NYC-03,2026-07-04,walk-in,Y
AP000152,KB0005931,KH-NYC-03,2026-07-04,scheduled,Y
AP000153,KB0005932,KH-NYC-03,2026-07-04,scheduled,Y
AP000154,KB0005933,KH-NYC-03,2026-07-04,walk-in,Y
AP000155,KB0006036,KH-NYC-03,2026-07-04,scheduled,N
AP000156,KB0005950,KH-PHI-02,2026-07-04,walk-in,Y
AP000157,KB0005948,KH-PHI-03,2026-07-04,walk-in,Y
AP000158,KB0005951,KH-PHI-03,2026-07-04,walk-in,Y
AP000159,KB0005952,KH-PHI-03,2026-07-04,scheduled,Y
AP000160,KB0005912,KH-PHX-02,2026-07-04,scheduled,Y
AP000161,KB0005917,KH-PHX-02,2026-07-04,scheduled,Y
AP000162,KB0005918,KH-PHX-02,2026-07-04,scheduled,Y
AP000163,KB0005919,KH-PHX-02,2026-07-04,scheduled,Y
AP000164,KB0005920,KH-PHX-02,2026-07-04,walk-in,Y
AP000165,KB0005921,KH-PHX-02,2026-07-04,walk-in,Y
AP000166,KB0005923,KH-PHX-02,2026-07-04,scheduled,N
AP000167,KB0005909,KH-PHX-03,2026-07-04,scheduled,Y
AP000168,KB0005913,KH-PHX-03,2026-07-04,scheduled,Y
AP000169,KB0005916,KH-PHX-03,2026-07-04,walk-in,Y
AP000170,KB0005924,KH-PHX-03,2026-07-04,walk-in,Y
AP000171,KB0005925,KH-PHX-03,2026-07-04,scheduled,Y
AP000172,KB0005982,KH-ATL-02,2026-07-05,scheduled,Y
AP000173,KB0005987,KH-ATL-02,2026-07-05,scheduled,Y
AP000174,KB0005988,KH-ATL-02,2026-07-05,scheduled,Y
AP000175,KB0005989,KH-ATL-02,2026-07-05,walk-in,Y
AP000176,KB0005976,KH-CHI-02,2026-07-05,scheduled,Y
AP000177,KB0005977,KH-CHI-02,2026-07-05,walk-in,Y
AP000178,KB0005978,KH-CHI-03,2026-07-05,scheduled,Y
AP000179,KB0005980,KH-CHI-03,2026-07-05,scheduled,Y
AP000180,KB0005981,KH-CHI-03,2026-07-05,scheduled,Y
AP000181,KB0006254,KH-CHI-03,2026-07-05,scheduled,N
AP000182,KB0005957,KH-DAL-02,2026-07-05,walk-in,Y
AP000183,KB0005958,KH-DAL-02,2026-07-05,walk-in,Y
AP000184,KB0005956,KH-DAL-03,2026-07-05,scheduled,Y
AP000185,KB0005959,KH-DAL-03,2026-07-05,walk-in,Y
AP000186,KB0005960,KH-DAL-03,2026-07-05,scheduled,Y
AP000187,KB0006215,KH-DAL-03,2026-07-05,scheduled,N
AP000188,KB0005968,KH-NYC-02,2026-07-05,walk-in,Y
AP000189,KB0005972,KH-NYC-02,2026-07-05,scheduled,Y
AP000190,KB0005975,KH-NYC-02,2026-07-05,walk-in,Y
AP000191,KB0006310,KH-NYC-02,2026-07-05,scheduled,N
AP000192,KB0005967,KH-NYC-03,2026-07-05,walk-in,Y
AP000193,KB0005969,KH-NYC-03,2026-07-05,scheduled,Y
AP000194,KB0005971,KH-NYC-03,2026-07-05,walk-in,Y
AP000195,KB0005974,KH-NYC-03,2026-07-05,scheduled,Y
AP000196,KB0005995,KH-PHI-02,2026-07-05,walk-in,Y
AP000197,KB0005991,KH-PHI-03,2026-07-05,walk-in,Y
AP000198,KB0005996,KH-PHI-03,2026-07-05,scheduled,Y
AP000199,KB0005998,KH-PHI-03,2026-07-05,scheduled,Y
AP000200,KB0005963,KH-PHX-02,2026-07-05,walk-in,Y
AP000201,KB0005964,KH-PHX-02,2026-07-05,walk-in,Y
AP000202,KB0005961,KH-PHX-03,2026-07-05,scheduled,Y
AP000203,KB0006226,KH-PHX-03,2026-07-05,scheduled,N
AP000204,KB0006052,KH-ATL-02,2026-07-06,walk-in,Y
AP000205,KB0006055,KH-ATL-02,2026-07-06,walk-in,Y
AP000206,KB0006057,KH-ATL-02,2026-07-06,walk-in,Y
AP000207,KB0006049,KH-ATL-03,2026-07-06,scheduled,Y
AP000208,KB0006054,KH-ATL-03,2026-07-06,scheduled,Y
AP000209,KB0006043,KH-CHI-03,2026-07-06,scheduled,Y
AP000210,KB0006047,KH-CHI-03,2026-07-06,walk-in,Y
AP000211,KB0006048,KH-CHI-03,2026-07-06,walk-in,Y
AP000212,KB0006187,KH-CHI-03,2026-07-06,scheduled,N
AP000213,KB0006566,KH-CHI-03,2026-07-06,scheduled,N
AP000214,KB0006001,KH-DAL-02,2026-07-06,walk-in,Y
AP000215,KB0006004,KH-DAL-02,2026-07-06,walk-in,Y
AP000216,KB0006009,KH-DAL-02,2026-07-06,scheduled,Y
AP000217,KB0006010,KH-DAL-02,2026-07-06,walk-in,Y
AP000218,KB0006012,KH-DAL-02,2026-07-06,walk-in,Y
AP000219,KB0006013,KH-DAL-02,2026-07-06,scheduled,Y
AP000220,KB0006210,KH-DAL-02,2026-07-06,scheduled,N
AP000221,KB0005999,KH-DAL-03,2026-07-06,scheduled,Y
AP000222,KB0006005,KH-DAL-03,2026-07-06,walk-in,Y
AP000223,KB0006006,KH-DAL-03,2026-07-06,walk-in,Y
AP000224,KB0006007,KH-DAL-03,2026-07-06,walk-in,Y
AP000225,KB0006011,KH-DAL-03,2026-07-06,scheduled,Y
AP000226,KB0006287,KH-DAL-03,2026-07-06,scheduled,N
AP000227,KB0006341,KH-DAL-03,2026-07-06,scheduled,N
AP000228,KB0006033,KH-NYC-02,2026-07-06,walk-in,Y
AP000229,KB0006035,KH-NYC-02,2026-07-06,walk-in,Y
AP000230,KB0006037,KH-NYC-02,2026-07-06,scheduled,Y
AP000231,KB0006042,KH-NYC-02,2026-07-06,scheduled,Y
AP000232,KB0006623,KH-NYC-02,2026-07-06,scheduled,N
AP000233,KB0006036,KH-NYC-03,2026-07-06,scheduled,Y
AP000234,KB0006040,KH-NYC-03,2026-07-06,scheduled,Y
AP000235,KB0006041,KH-NYC-03,2026-07-06,scheduled,Y
AP000236,KB0006058,KH-PHI-02,2026-07-06,walk-in,Y
AP000237,KB0006061,KH-PHI-02,2026-07-06,scheduled,Y
AP000238,KB0006063,KH-PHI-03,2026-07-06,walk-in,Y
AP000239,KB0006064,KH-PHI-03,2026-07-06,walk-in,Y
AP000240,KB0006014,KH-PHX-02,2026-07-06,scheduled,Y
AP000241,KB0006016,KH-PHX-02,2026-07-06,scheduled,Y
AP000242,KB0006019,KH-PHX-02,2026-07-06,walk-in,Y
AP000243,KB0006020,KH-PHX-02,2026-07-06,scheduled,Y
AP000244,KB0006022,KH-PHX-02,2026-07-06,scheduled,Y
AP000245,KB0006028,KH-PHX-02,2026-07-06,walk-in,Y
AP000246,KB0006030,KH-PHX-02,2026-07-06,scheduled,Y
AP000247,KB0006015,KH-PHX-03,2026-07-06,scheduled,Y
AP000248,KB0006018,KH-PHX-03,2026-07-06,walk-in,Y
AP000249,KB0006021,KH-PHX-03,2026-07-06,scheduled,Y
AP000250,KB0006025,KH-PHX-03,2026-07-06,walk-in,Y
AP000251,KB0006120,KH-ATL-02,2026-07-07,walk-in,Y
AP000252,KB0006121,KH-ATL-02,2026-07-07,walk-in,Y
AP000253,KB0006122,KH-ATL-02,2026-07-07,walk-in,Y
AP000254,KB0006123,KH-ATL-02,2026-07-07,scheduled,Y
AP000255,KB0006125,KH-ATL-02,2026-07-07,walk-in,Y
AP000256,KB0006127,KH-ATL-02,2026-07-07,walk-in,Y
AP000257,KB0006330,KH-ATL-02,2026-07-07,scheduled,N
AP000258,KB0006126,KH-ATL-03,2026-07-07,scheduled,Y
AP000259,KB0006115,KH-CHI-02,2026-07-07,walk-in,Y
AP000260,KB0006117,KH-CHI-02,2026-07-07,scheduled,Y
AP000261,KB0006119,KH-CHI-03,2026-07-07,walk-in,Y
AP000262,KB0006317,KH-CHI-03,2026-07-07,scheduled,N
AP000263,KB0006066,KH-DAL-02,2026-07-07,walk-in,Y
AP000264,KB0006068,KH-DAL-02,2026-07-07,walk-in,Y
AP000265,KB0006074,KH-DAL-02,2026-07-07,walk-in,Y
AP000266,KB0006076,KH-DAL-02,2026-07-07,walk-in,Y
AP000267,KB0006078,KH-DAL-02,2026-07-07,scheduled,Y
AP000268,KB0006080,KH-DAL-02,2026-07-07,scheduled,Y
AP000269,KB0006065,KH-DAL-03,2026-07-07,scheduled,Y
AP000270,KB0006069,KH-DAL-03,2026-07-07,scheduled,Y
AP000271,KB0006070,KH-DAL-03,2026-07-07,walk-in,Y
AP000272,KB0006071,KH-DAL-03,2026-07-07,scheduled,Y
AP000273,KB0006075,KH-DAL-03,2026-07-07,scheduled,Y
AP000274,KB0006077,KH-DAL-03,2026-07-07,scheduled,Y
AP000275,KB0006105,KH-NYC-02,2026-07-07,walk-in,Y
AP000276,KB0006108,KH-NYC-02,2026-07-07,walk-in,Y
AP000277,KB0006109,KH-NYC-02,2026-07-07,scheduled,Y
AP000278,KB0006111,KH-NYC-02,2026-07-07,walk-in,Y
AP000279,KB0006100,KH-NYC-03,2026-07-07,walk-in,Y
AP000280,KB0006128,KH-PHI-02,2026-07-07,scheduled,Y
AP000281,KB0006084,KH-PHX-02,2026-07-07,scheduled,Y
AP000282,KB0006087,KH-PHX-02,2026-07-07,scheduled,Y
AP000283,KB0006088,KH-PHX-02,2026-07-07,walk-in,Y
AP000284,KB0006098,KH-PHX-02,2026-07-07,walk-in,Y
AP000285,KB0006610,KH-PHX-02,2026-07-07,scheduled,N
AP000286,KB0006091,KH-PHX-03,2026-07-07,scheduled,Y
AP000287,KB0006093,KH-PHX-03,2026-07-07,scheduled,Y
AP000288,KB0006099,KH-PHX-03,2026-07-07,walk-in,Y
AP000289,KB0006188,KH-ATL-02,2026-07-08,walk-in,Y
AP000290,KB0006189,KH-ATL-02,2026-07-08,walk-in,Y
AP000291,KB0006192,KH-ATL-02,2026-07-08,walk-in,Y
AP000292,KB0006195,KH-ATL-02,2026-07-08,walk-in,Y
AP000293,KB0006197,KH-ATL-02,2026-07-08,scheduled,Y
AP000294,KB0006198,KH-ATL-02,2026-07-08,walk-in,Y
AP000295,KB0006177,KH-CHI-02,2026-07-08,scheduled,Y
AP000296,KB0006183,KH-CHI-02,2026-07-08,walk-in,Y
AP000297,KB0006179,KH-CHI-03,2026-07-08,walk-in,Y
AP000298,KB0006180,KH-CHI-03,2026-07-08,walk-in,Y
AP000299,KB0006181,KH-CHI-03,2026-07-08,scheduled,Y
AP000300,KB0006185,KH-CHI-03,2026-07-08,walk-in,Y
AP000301,KB0006187,KH-CHI-03,2026-07-08,scheduled,Y
AP000302,KB0006129,KH-DAL-02,2026-07-08,scheduled,Y
AP000303,KB0006131,KH-DAL-02,2026-07-08,walk-in,Y
AP000304,KB0006134,KH-DAL-02,2026-07-08,scheduled,Y
AP000305,KB0006135,KH-DAL-02,2026-07-08,scheduled,Y
AP000306,KB0006141,KH-DAL-02,2026-07-08,scheduled,Y
AP000307,KB0006143,KH-DAL-02,2026-07-08,walk-in,Y
AP000308,KB0006133,KH-DAL-03,2026-07-08,walk-in,Y
AP000309,KB0006136,KH-DAL-03,2026-07-08,walk-in,Y
AP000310,KB0006139,KH-DAL-03,2026-07-08,walk-in,Y
AP000311,KB0006142,KH-DAL-03,2026-07-08,walk-in,Y
AP000312,KB0006171,KH-NYC-02,2026-07-08,scheduled,Y
AP000313,KB0006173,KH-NYC-02,2026-07-08,walk-in,Y
AP000314,KB0006175,KH-NYC-02,2026-07-08,walk-in,Y
AP000315,KB0006484,KH-NYC-02,2026-07-08,scheduled,N
AP000316,KB0006164,KH-NYC-03,2026-07-08,scheduled,Y
AP000317,KB0006165,KH-NYC-03,2026-07-08,walk-in,Y
AP000318,KB0006167,KH-NYC-03,2026-07-08,scheduled,Y
AP000319,KB0006169,KH-NYC-03,2026-07-08,scheduled,Y
AP000320,KB0006170,KH-NYC-03,2026-07-08,walk-in,Y
AP000321,KB0006172,KH-NYC-03,2026-07-08,scheduled,Y
AP000322,KB0006174,KH-NYC-03,2026-07-08,scheduled,Y
AP000323,KB0006176,KH-NYC-03,2026-07-08,walk-in,Y
AP000324,KB0006202,KH-PHI-02,2026-07-08,walk-in,Y
AP000325,KB0006204,KH-PHI-02,2026-07-08,scheduled,Y
AP000326,KB0006199,KH-PHI-03,2026-07-08,walk-in,Y
AP000327,KB0006200,KH-PHI-03,2026-07-08,scheduled,Y
AP000328,KB0006201,KH-PHI-03,2026-07-08,scheduled,Y
AP000329,KB0006203,KH-PHI-03,2026-07-08,scheduled,Y
AP000330,KB0006157,KH-PHX-02,2026-07-08,walk-in,Y
AP000331,KB0006144,KH-PHX-03,2026-07-08,walk-in,Y
AP000332,KB0006148,KH-PHX-03,2026-07-08,walk-in,Y
AP000333,KB0006150,KH-PHX-03,2026-07-08,scheduled,Y
AP000334,KB0006153,KH-PHX-03,2026-07-08,walk-in,Y
AP000335,KB0006159,KH-PHX-03,2026-07-08,walk-in,Y
AP000336,KB0006259,KH-ATL-02,2026-07-09,walk-in,Y
AP000337,KB0006260,KH-ATL-02,2026-07-09,scheduled,Y
AP000338,KB0006261,KH-ATL-02,2026-07-09,scheduled,Y
AP000339,KB0006262,KH-ATL-02,2026-07-09,walk-in,Y
AP000340,KB0006265,KH-ATL-02,2026-07-09,scheduled,Y
AP000341,KB0006267,KH-ATL-02,2026-07-09,scheduled,Y
AP000342,KB0006247,KH-CHI-02,2026-07-09,walk-in,Y
AP000343,KB0006250,KH-CHI-02,2026-07-09,scheduled,Y
AP000344,KB0006251,KH-CHI-02,2026-07-09,scheduled,Y
AP000345,KB0006252,KH-CHI-02,2026-07-09,scheduled,Y
AP000346,KB0006256,KH-CHI-02,2026-07-09,walk-in,Y
AP000347,KB0006258,KH-CHI-02,2026-07-09,walk-in,Y
AP000348,KB0006491,KH-CHI-02,2026-07-09,scheduled,N
AP000349,KB0006628,KH-CHI-02,2026-07-09,scheduled,N
AP000350,KB0006245,KH-CHI-03,2026-07-09,walk-in,Y
AP000351,KB0006254,KH-CHI-03,2026-07-09,scheduled,Y
AP000352,KB0006255,KH-CHI-03,2026-07-09,walk-in,Y
AP000353,KB0006630,KH-CHI-03,2026-07-09,scheduled,N
AP000354,KB0006210,KH-DAL-02,2026-07-09,scheduled,Y
AP000355,KB0006211,KH-DAL-02,2026-07-09,walk-in,Y
AP000356,KB0006212,KH-DAL-02,2026-07-09,scheduled,Y
AP000357,KB0006216,KH-DAL-02,2026-07-09,scheduled,Y
AP000358,KB0006221,KH-DAL-02,2026-07-09,walk-in,Y
AP000359,KB0006207,KH-DAL-03,2026-07-09,walk-in,Y
AP000360,KB0006215,KH-DAL-03,2026-07-09,scheduled,Y
AP000361,KB0006219,KH-DAL-03,2026-07-09,walk-in,Y
AP000362,KB0006222,KH-DAL-03,2026-07-09,walk-in,Y
AP000363,KB0006239,KH-NYC-02,2026-07-09,scheduled,Y
AP000364,KB0006242,KH-NYC-02,2026-07-09,scheduled,Y
AP000365,KB0006236,KH-NYC-03,2026-07-09,scheduled,Y
AP000366,KB0006244,KH-NYC-03,2026-07-09,scheduled,Y
AP000367,KB0006269,KH-PHI-03,2026-07-09,scheduled,Y
AP000368,KB0006223,KH-PHX-02,2026-07-09,walk-in,Y
AP000369,KB0006231,KH-PHX-02,2026-07-09,scheduled,Y
AP000370,KB0006232,KH-PHX-02,2026-07-09,walk-in,Y
AP000371,KB0006224,KH-PHX-03,2026-07-09,walk-in,Y
AP000372,KB0006226,KH-PHX-03,2026-07-09,scheduled,Y
AP000373,KB0006227,KH-PHX-03,2026-07-09,scheduled,Y
AP000374,KB0006228,KH-PHX-03,2026-07-09,scheduled,Y
AP000375,KB0006230,KH-PHX-03,2026-07-09,walk-in,Y
AP000376,KB0006233,KH-PHX-03,2026-07-09,walk-in,Y
AP000377,KB0006235,KH-PHX-03,2026-07-09,walk-in,Y
AP000378,KB0006322,KH-ATL-02,2026-07-10,walk-in,Y
AP000379,KB0006324,KH-ATL-02,2026-07-10,scheduled,Y
AP000380,KB0006325,KH-ATL-02,2026-07-10,scheduled,Y
AP000381,KB0006326,KH-ATL-02,2026-07-10,walk-in,Y
AP000382,KB0006327,KH-ATL-02,2026-07-10,scheduled,Y
AP000383,KB0006328,KH-ATL-02,2026-07-10,walk-in,Y
AP000384,KB0006330,KH-ATL-02,2026-07-10,scheduled,Y
AP000385,KB0006329,KH-ATL-03,2026-07-10,scheduled,Y
AP000386,KB0006313,KH-CHI-02,2026-07-10,walk-in,Y
AP000387,KB0006318,KH-CHI-02,2026-07-10,scheduled,Y
AP000388,KB0006319,KH-CHI-02,2026-07-10,scheduled,Y
AP000389,KB0006312,KH-CHI-03,2026-07-10,scheduled,Y
AP000390,KB0006314,KH-CHI-03,2026-07-10,scheduled,Y
AP000391,KB0006315,KH-CHI-03,2026-07-10,walk-in,Y
AP000392,KB0006317,KH-CHI-03,2026-07-10,scheduled,Y
AP000393,KB0006273,KH-DAL-02,2026-07-10,walk-in,Y
AP000394,KB0006278,KH-DAL-02,2026-07-10,walk-in,Y
AP000395,KB0006280,KH-DAL-02,2026-07-10,scheduled,Y
AP000396,KB0006281,KH-DAL-02,2026-07-10,walk-in,Y
AP000397,KB0006284,KH-DAL-02,2026-07-10,scheduled,Y
AP000398,KB0006288,KH-DAL-02,2026-07-10,scheduled,Y
AP000399,KB0006659,KH-DAL-02,2026-07-10,scheduled,N
AP000400,KB0006277,KH-DAL-03,2026-07-10,scheduled,Y
AP000401,KB0006279,KH-DAL-03,2026-07-10,walk-in,Y
AP000402,KB0006283,KH-DAL-03,2026-07-10,walk-in,Y
AP000403,KB0006285,KH-DAL-03,2026-07-10,scheduled,Y
AP000404,KB0006286,KH-DAL-03,2026-07-10,scheduled,Y
AP000405,KB0006287,KH-DAL-03,2026-07-10,scheduled,Y
AP000406,KB0006517,KH-DAL-03,2026-07-10,scheduled,N
AP000407,KB0006652,KH-DAL-03,2026-07-10,scheduled,N
AP000408,KB0006305,KH-NYC-02,2026-07-10,walk-in,Y
AP000409,KB0006308,KH-NYC-02,2026-07-10,walk-in,Y
AP000410,KB0006309,KH-NYC-02,2026-07-10,scheduled,Y
AP000411,KB0006310,KH-NYC-02,2026-07-10,scheduled,Y
AP000412,KB0006301,KH-NYC-03,2026-07-10,walk-in,Y
AP000413,KB0006302,KH-NYC-03,2026-07-10,walk-in,Y
AP000414,KB0006311,KH-NYC-03,2026-07-10,scheduled,Y
AP000415,KB0006556,KH-NYC-03,2026-07-10,scheduled,N
AP000416,KB0006617,KH-NYC-03,2026-07-10,scheduled,N
AP000417,KB0006331,KH-PHI-02,2026-07-10,walk-in,Y
AP000418,KB0006332,KH-PHI-02,2026-07-10,walk-in,Y
AP000419,KB0006334,KH-PHI-02,2026-07-10,walk-in,Y
AP000420,KB0006335,KH-PHI-02,2026-07-10,walk-in,Y
AP000421,KB0006337,KH-PHI-02,2026-07-10,walk-in,Y
AP000422,KB0006715,KH-PHI-02,2026-07-10,scheduled,N
AP000423,KB0006333,KH-PHI-03,2026-07-10,walk-in,Y
AP000424,KB0006294,KH-PHX-02,2026-07-10,scheduled,Y
AP000425,KB0006295,KH-PHX-02,2026-07-10,scheduled,Y
AP000426,KB0006289,KH-PHX-03,2026-07-10,walk-in,Y
AP000427,KB0006290,KH-PHX-03,2026-07-10,scheduled,N
AP000428,KB0006291,KH-PHX-03,2026-07-10,walk-in,Y
AP000429,KB0006293,KH-PHX-03,2026-07-10,walk-in,Y
AP000430,KB0006296,KH-PHX-03,2026-07-10,walk-in,Y
AP000431,KB0006297,KH-PHX-03,2026-07-10,walk-in,Y
AP000432,KB0006299,KH-PHX-03,2026-07-10,walk-in,Y
AP000433,KB0006300,KH-PHX-03,2026-07-10,walk-in,Y
AP000434,KB0006390,KH-ATL-02,2026-07-11,walk-in,Y
AP000435,KB0006392,KH-ATL-02,2026-07-11,scheduled,Y
AP000436,KB0006393,KH-ATL-02,2026-07-11,walk-in,Y
AP000437,KB0006394,KH-ATL-02,2026-07-11,walk-in,Y
AP000438,KB0006395,KH-ATL-02,2026-07-11,walk-in,Y
AP000439,KB0006398,KH-ATL-02,2026-07-11,scheduled,Y
AP000440,KB0006900,KH-ATL-02,2026-07-11,scheduled,N
AP000441,KB0006384,KH-CHI-02,2026-07-11,walk-in,Y
AP000442,KB0006385,KH-CHI-02,2026-07-11,scheduled,Y
AP000443,KB0006387,KH-CHI-03,2026-07-11,scheduled,Y
AP000444,KB0006770,KH-CHI-03,2026-07-11,scheduled,N
AP000445,KB0006340,KH-DAL-02,2026-07-11,scheduled,Y
AP000446,KB0006343,KH-DAL-02,2026-07-11,scheduled,Y
AP000447,KB0006346,KH-DAL-02,2026-07-11,scheduled,Y
AP000448,KB0006347,KH-DAL-02,2026-07-11,walk-in,Y
AP000449,KB0006348,KH-DAL-02,2026-07-11,scheduled,Y
AP000450,KB0006350,KH-DAL-02,2026-07-11,walk-in,Y
AP000451,KB0006339,KH-DAL-03,2026-07-11,scheduled,Y
AP000452,KB0006341,KH-DAL-03,2026-07-11,scheduled,Y
AP000453,KB0006342,KH-DAL-03,2026-07-11,walk-in,Y
AP000454,KB0006345,KH-DAL-03,2026-07-11,scheduled,Y
AP000455,KB0006353,KH-DAL-03,2026-07-11,scheduled,Y
AP000456,KB0006368,KH-NYC-02,2026-07-11,walk-in,Y
AP000457,KB0006370,KH-NYC-02,2026-07-11,scheduled,Y
AP000458,KB0006373,KH-NYC-02,2026-07-11,scheduled,Y
AP000459,KB0006374,KH-NYC-02,2026-07-11,walk-in,Y
AP000460,KB0006375,KH-NYC-02,2026-07-11,scheduled,Y
AP000461,KB0006376,KH-NYC-02,2026-07-11,scheduled,Y
AP000462,KB0006378,KH-NYC-02,2026-07-11,walk-in,Y
AP000463,KB0006379,KH-NYC-02,2026-07-11,walk-in,Y
AP000464,KB0006382,KH-NYC-02,2026-07-11,walk-in,Y
AP000465,KB0006369,KH-NYC-03,2026-07-11,scheduled,Y
AP000466,KB0006371,KH-NYC-03,2026-07-11,walk-in,Y
AP000467,KB0006377,KH-NYC-03,2026-07-11,scheduled,Y
AP000468,KB0006383,KH-NYC-03,2026-07-11,walk-in,Y
AP000469,KB0006953,KH-NYC-03,2026-07-11,scheduled,N
AP000470,KB0006402,KH-PHI-03,2026-07-11,walk-in,Y
AP000471,KB0006403,KH-PHI-03,2026-07-11,scheduled,Y
AP000472,KB0006404,KH-PHI-03,2026-07-11,walk-in,Y
AP000473,KB0006354,KH-PHX-02,2026-07-11,scheduled,Y
AP000474,KB0006355,KH-PHX-02,2026-07-11,scheduled,Y
AP000475,KB0006361,KH-PHX-02,2026-07-11,scheduled,Y
AP000476,KB0006362,KH-PHX-02,2026-07-11,scheduled,Y
AP000477,KB0006365,KH-PHX-02,2026-07-11,walk-in,Y
AP000478,KB0006357,KH-PHX-03,2026-07-11,scheduled,Y
AP000479,KB0006358,KH-PHX-03,2026-07-11,walk-in,Y
AP000480,KB0006359,KH-PHX-03,2026-07-11,walk-in,Y
AP000481,KB0006360,KH-PHX-03,2026-07-11,walk-in,Y
AP000482,KB0006363,KH-PHX-03,2026-07-11,scheduled,Y
AP000483,KB0006367,KH-PHX-03,2026-07-11,scheduled,Y
AP000484,KB0006440,KH-ATL-02,2026-07-12,scheduled,Y
AP000485,KB0006441,KH-ATL-02,2026-07-12,walk-in,Y
AP000486,KB0006435,KH-CHI-02,2026-07-12,walk-in,Y
AP000487,KB0006436,KH-CHI-02,2026-07-12,walk-in,Y
AP000488,KB0006831,KH-CHI-02,2026-07-12,scheduled,N
AP000489,KB0006437,KH-CHI-03,2026-07-12,scheduled,Y
AP000490,KB0006412,KH-DAL-02,2026-07-12,scheduled,Y
AP000491,KB0006413,KH-DAL-02,2026-07-12,walk-in,Y
AP000492,KB0006414,KH-DAL-02,2026-07-12,walk-in,Y
AP000493,KB0006521,KH-DAL-02,2026-07-12,scheduled,N
AP000494,KB0006406,KH-DAL-03,2026-07-12,walk-in,Y
AP000495,KB0006408,KH-DAL-03,2026-07-12,scheduled,Y
AP000496,KB0006409,KH-DAL-03,2026-07-12,scheduled,Y
AP000497,KB0006425,KH-NYC-02,2026-07-12,walk-in,Y
AP000498,KB0006426,KH-NYC-02,2026-07-12,scheduled,Y
AP000499,KB0006429,KH-NYC-02,2026-07-12,scheduled,Y
AP000500,KB0006431,KH-NYC-02,2026-07-12,scheduled,Y
AP000501,KB0006424,KH-NYC-03,2026-07-12,scheduled,Y
AP000502,KB0006427,KH-NYC-03,2026-07-12,walk-in,Y
AP000503,KB0006428,KH-NYC-03,2026-07-12,walk-in,Y
AP000504,KB0006442,KH-PHI-02,2026-07-12,walk-in,Y
AP000505,KB0006444,KH-PHI-02,2026-07-12,walk-in,Y
AP000506,KB0006415,KH-PHX-02,2026-07-12,walk-in,Y
AP000507,KB0006420,KH-PHX-02,2026-07-12,walk-in,Y
AP000508,KB0006423,KH-PHX-02,2026-07-12,walk-in,Y
AP000509,KB0006416,KH-PHX-03,2026-07-12,walk-in,Y
AP000510,KB0006418,KH-PHX-03,2026-07-12,scheduled,Y
AP000511,KB0006421,KH-PHX-03,2026-07-12,walk-in,Y
AP000512,KB0006816,KH-PHX-03,2026-07-12,scheduled,N
AP000513,KB0006499,KH-ATL-02,2026-07-13,scheduled,Y
AP000514,KB0006500,KH-ATL-02,2026-07-13,scheduled,Y
AP000515,KB0006501,KH-ATL-02,2026-07-13,walk-in,Y
AP000516,KB0006504,KH-ATL-02,2026-07-13,walk-in,Y
AP000517,KB0006781,KH-ATL-02,2026-07-13,scheduled,N
AP000518,KB0006491,KH-CHI-02,2026-07-13,scheduled,Y
AP000519,KB0006832,KH-CHI-02,2026-07-13,scheduled,N
AP000520,KB0006492,KH-CHI-03,2026-07-13,walk-in,Y
AP000521,KB0006493,KH-CHI-03,2026-07-13,scheduled,Y
AP000522,KB0006453,KH-DAL-02,2026-07-13,scheduled,Y
AP000523,KB0006456,KH-DAL-02,2026-07-13,scheduled,Y
AP000524,KB0006458,KH-DAL-02,2026-07-13,scheduled,Y
AP000525,KB0006447,KH-DAL-03,2026-07-13,scheduled,Y
AP000526,KB0006449,KH-DAL-03,2026-07-13,walk-in,Y
AP000527,KB0006455,KH-DAL-03,2026-07-13,walk-in,Y
AP000528,KB0006457,KH-DAL-03,2026-07-13,scheduled,Y
AP000529,KB0006479,KH-NYC-02,2026-07-13,walk-in,Y
AP000530,KB0006482,KH-NYC-02,2026-07-13,scheduled,Y
AP000531,KB0006484,KH-NYC-02,2026-07-13,scheduled,Y
AP000532,KB0006488,KH-NYC-02,2026-07-13,scheduled,Y
AP000533,KB0006475,KH-NYC-03,2026-07-13,walk-in,Y
AP000534,KB0006480,KH-NYC-03,2026-07-13,walk-in,Y
AP000535,KB0006485,KH-NYC-03,2026-07-13,scheduled,Y
AP000536,KB0006489,KH-NYC-03,2026-07-13,walk-in,Y
AP000537,KB0006508,KH-PHI-02,2026-07-13,scheduled,Y
AP000538,KB0006512,KH-PHI-02,2026-07-13,scheduled,Y
AP000539,KB0006507,KH-PHI-03,2026-07-13,walk-in,Y
AP000540,KB0006509,KH-PHI-03,2026-07-13,scheduled,Y
AP000541,KB0006510,KH-PHI-03,2026-07-13,walk-in,Y
AP000542,KB0006511,KH-PHI-03,2026-07-13,scheduled,Y
AP000543,KB0006460,KH-PHX-02,2026-07-13,walk-in,Y
AP000544,KB0006462,KH-PHX-02,2026-07-13,walk-in,Y
AP000545,KB0006465,KH-PHX-02,2026-07-13,scheduled,Y
AP000546,KB0006467,KH-PHX-02,2026-07-13,scheduled,Y
AP000547,KB0006471,KH-PHX-02,2026-07-13,scheduled,Y
AP000548,KB0007068,KH-PHX-02,2026-07-13,scheduled,N
AP000549,KB0006469,KH-PHX-03,2026-07-13,walk-in,Y
AP000550,KB0006470,KH-PHX-03,2026-07-13,walk-in,Y
AP000551,KB0006472,KH-PHX-03,2026-07-13,scheduled,Y
AP000552,KB0006568,KH-ATL-02,2026-07-14,walk-in,Y
AP000553,KB0006570,KH-ATL-02,2026-07-14,walk-in,Y
AP000554,KB0006572,KH-ATL-02,2026-07-14,walk-in,Y
AP000555,KB0006573,KH-ATL-02,2026-07-14,scheduled,Y
AP000556,KB0007101,KH-ATL-02,2026-07-14,scheduled,N
AP000557,KB0006564,KH-CHI-02,2026-07-14,walk-in,Y
AP000558,KB0006567,KH-CHI-02,2026-07-14,walk-in,Y
AP000559,KB0006562,KH-CHI-03,2026-07-14,walk-in,Y
AP000560,KB0006563,KH-CHI-03,2026-07-14,scheduled,N
AP000561,KB0006565,KH-CHI-03,2026-07-14,scheduled,Y
AP000562,KB0006566,KH-CHI-03,2026-07-14,scheduled,Y
AP000563,KB0006516,KH-DAL-02,2026-07-14,walk-in,Y
AP000564,KB0006521,KH-DAL-02,2026-07-14,scheduled,Y
AP000565,KB0006522,KH-DAL-02,2026-07-14,walk-in,Y
AP000566,KB0006525,KH-DAL-02,2026-07-14,scheduled,Y
AP000567,KB0006530,KH-DAL-02,2026-07-14,walk-in,Y
AP000568,KB0006517,KH-DAL-03,2026-07-14,scheduled,Y
AP000569,KB0006519,KH-DAL-03,2026-07-14,walk-in,Y
AP000570,KB0006527,KH-DAL-03,2026-07-14,scheduled,Y
AP000571,KB0006528,KH-DAL-03,2026-07-14,walk-in,Y
AP000572,KB0006529,KH-DAL-03,2026-07-14,walk-in,Y
AP000573,KB0006548,KH-NYC-02,2026-07-14,walk-in,Y
AP000574,KB0006551,KH-NYC-02,2026-07-14,walk-in,Y
AP000575,KB0006552,KH-NYC-02,2026-07-14,walk-in,Y
AP000576,KB0006557,KH-NYC-02,2026-07-14,walk-in,Y
AP000577,KB0006558,KH-NYC-02,2026-07-14,scheduled,Y
AP000578,KB0006554,KH-NYC-03,2026-07-14,scheduled,Y
AP000579,KB0006556,KH-NYC-03,2026-07-14,scheduled,Y
AP000580,KB0006561,KH-NYC-03,2026-07-14,walk-in,Y
AP000581,KB0006891,KH-NYC-03,2026-07-14,scheduled,N
AP000582,KB0006574,KH-PHI-02,2026-07-14,walk-in,Y
AP000583,KB0006579,KH-PHI-02,2026-07-14,walk-in,Y
AP000584,KB0006581,KH-PHI-02,2026-07-14,scheduled,N
AP000585,KB0006576,KH-PHI-03,2026-07-14,scheduled,N
AP000586,KB0006577,KH-PHI-03,2026-07-14,walk-in,Y
AP000587,KB0006578,KH-PHI-03,2026-07-14,scheduled,Y
AP000588,KB0006582,KH-PHI-03,2026-07-14,walk-in,Y
AP000589,KB0006536,KH-PHX-02,2026-07-14,scheduled,Y
AP000590,KB0006538,KH-PHX-02,2026-07-14,walk-in,Y
AP000591,KB0006542,KH-PHX-02,2026-07-14,walk-in,Y
AP000592,KB0006543,KH-PHX-02,2026-07-14,scheduled,Y
AP000593,KB0006545,KH-PHX-02,2026-07-14,walk-in,Y
AP000594,KB0006547,KH-PHX-02,2026-07-14,walk-in,Y
AP000595,KB0006944,KH-PHX-02,2026-07-14,scheduled,N
AP000596,KB0006531,KH-PHX-03,2026-07-14,walk-in,Y
AP000597,KB0006533,KH-PHX-03,2026-07-14,walk-in,Y
AP000598,KB0006535,KH-PHX-03,2026-07-14,walk-in,Y
AP000599,KB0006540,KH-PHX-03,2026-07-14,walk-in,Y
AP000600,KB0006546,KH-PHX-03,2026-07-14,scheduled,Y
AP000601,KB0006639,KH-ATL-02,2026-07-15,scheduled,Y
AP000602,KB0006640,KH-ATL-02,2026-07-15,walk-in,Y
AP000603,KB0006641,KH-ATL-02,2026-07-15,walk-in,Y
AP000604,KB0006643,KH-ATL-02,2026-07-15,scheduled,Y
AP000605,KB0007242,KH-ATL-02,2026-07-15,scheduled,N
AP000606,KB0006628,KH-CHI-02,2026-07-15,scheduled,Y
AP000607,KB0006630,KH-CHI-03,2026-07-15,scheduled,Y
AP000608,KB0006632,KH-CHI-03,2026-07-15,walk-in,Y
AP000609,KB0006634,KH-CHI-03,2026-07-15,walk-in,Y
AP000610,KB0006636,KH-CHI-03,2026-07-15,walk-in,Y
AP000611,KB0006584,KH-DAL-02,2026-07-15,walk-in,Y
AP000612,KB0006586,KH-DAL-02,2026-07-15,scheduled,Y
AP000613,KB0006589,KH-DAL-02,2026-07-15,scheduled,Y
AP000614,KB0006593,KH-DAL-02,2026-07-15,scheduled,Y
AP000615,KB0006594,KH-DAL-02,2026-07-15,walk-in,Y
AP000616,KB0006596,KH-DAL-02,2026-07-15,walk-in,Y
AP000617,KB0006597,KH-DAL-02,2026-07-15,walk-in,Y
AP000618,KB0006598,KH-DAL-02,2026-07-15,scheduled,Y
AP000619,KB0007208,KH-DAL-02,2026-07-15,scheduled,N
AP000620,KB0006583,KH-DAL-03,2026-07-15,walk-in,Y
AP000621,KB0006585,KH-DAL-03,2026-07-15,walk-in,Y
AP000622,KB0006588,KH-DAL-03,2026-07-15,walk-in,Y
AP000623,KB0006591,KH-DAL-03,2026-07-15,scheduled,Y
AP000624,KB0006592,KH-DAL-03,2026-07-15,scheduled,Y
AP000625,KB0006622,KH-NYC-02,2026-07-15,scheduled,Y
AP000626,KB0006623,KH-NYC-02,2026-07-15,scheduled,Y
AP000627,KB0006617,KH-NYC-03,2026-07-15,scheduled,Y
AP000628,KB0006618,KH-NYC-03,2026-07-15,scheduled,Y
AP000629,KB0006619,KH-NYC-03,2026-07-15,scheduled,Y
AP000630,KB0006620,KH-NYC-03,2026-07-15,walk-in,Y
AP000631,KB0006649,KH-PHI-02,2026-07-15,walk-in,Y
AP000632,KB0006648,KH-PHI-03,2026-07-15,scheduled,Y
AP000633,KB0007184,KH-PHI-03,2026-07-15,scheduled,N
AP000634,KB0006600,KH-PHX-02,2026-07-15,walk-in,Y
AP000635,KB0006601,KH-PHX-02,2026-07-15,walk-in,Y
AP000636,KB0006608,KH-PHX-02,2026-07-15,scheduled,Y
AP000637,KB0006610,KH-PHX-02,2026-07-15,scheduled,Y
AP000638,KB0006612,KH-PHX-02,2026-07-15,walk-in,Y
AP000639,KB0006613,KH-PHX-02,2026-07-15,walk-in,Y
AP000640,KB0006614,KH-PHX-02,2026-07-15,walk-in,Y
AP000641,KB0006615,KH-PHX-02,2026-07-15,walk-in,Y
AP000642,KB0006616,KH-PHX-02,2026-07-15,walk-in,Y
AP000643,KB0006604,KH-PHX-03,2026-07-15,scheduled,Y
AP000644,KB0006605,KH-PHX-03,2026-07-15,walk-in,Y
AP000645,KB0006611,KH-PHX-03,2026-07-15,walk-in,Y
AP000646,KB0006705,KH-ATL-02,2026-07-16,walk-in,Y
AP000647,KB0006708,KH-ATL-02,2026-07-16,walk-in,Y
AP000648,KB0006710,KH-ATL-02,2026-07-16,walk-in,Y
AP000649,KB0006711,KH-ATL-02,2026-07-16,walk-in,Y
AP000650,KB0006712,KH-ATL-02,2026-07-16,scheduled,N
AP000651,KB0006701,KH-CHI-02,2026-07-16,walk-in,Y
AP000652,KB0006699,KH-CHI-03,2026-07-16,scheduled,Y
AP000653,KB0006702,KH-CHI-03,2026-07-16,scheduled,Y
AP000654,KB0006654,KH-DAL-02,2026-07-16,walk-in,Y
AP000655,KB0006659,KH-DAL-02,2026-07-16,scheduled,Y
AP000656,KB0006663,KH-DAL-02,2026-07-16,walk-in,Y
AP000657,KB0006667,KH-DAL-02,2026-07-16,walk-in,Y
AP000658,KB0006993,KH-DAL-02,2026-07-16,scheduled,N
AP000659,KB0006652,KH-DAL-03,2026-07-16,scheduled,Y
AP000660,KB0006656,KH-DAL-03,2026-07-16,walk-in,Y
AP000661,KB0006658,KH-DAL-03,2026-07-16,scheduled,Y
AP000662,KB0006660,KH-DAL-03,2026-07-16,scheduled,Y
AP000663,KB0006661,KH-DAL-03,2026-07-16,walk-in,Y
AP000664,KB0006662,KH-DAL-03,2026-07-16,scheduled,Y
AP000665,KB0006664,KH-DAL-03,2026-07-16,walk-in,Y
AP000666,KB0006665,KH-DAL-03,2026-07-16,walk-in,Y
AP000667,KB0006668,KH-DAL-03,2026-07-16,walk-in,Y
AP000668,KB0006682,KH-NYC-02,2026-07-16,walk-in,Y
AP000669,KB0006688,KH-NYC-02,2026-07-16,walk-in,Y
AP000670,KB0007091,KH-NYC-02,2026-07-16,scheduled,N
AP000671,KB0006687,KH-NYC-03,2026-07-16,walk-in,Y
AP000672,KB0006689,KH-NYC-03,2026-07-16,scheduled,Y
AP000673,KB0006692,KH-NYC-03,2026-07-16,walk-in,Y
AP000674,KB0006693,KH-NYC-03,2026-07-16,walk-in,Y
AP000675,KB0006697,KH-NYC-03,2026-07-16,walk-in,Y
AP000676,KB0006715,KH-PHI-02,2026-07-16,scheduled,Y
AP000677,KB0006718,KH-PHI-02,2026-07-16,scheduled,Y
AP000678,KB0006716,KH-PHI-03,2026-07-16,walk-in,Y
AP000679,KB0006719,KH-PHI-03,2026-07-16,walk-in,Y
AP000680,KB0006671,KH-PHX-02,2026-07-16,walk-in,Y
AP000681,KB0006676,KH-PHX-02,2026-07-16,walk-in,Y
AP000682,KB0006677,KH-PHX-02,2026-07-16,walk-in,Y
AP000683,KB0006678,KH-PHX-02,2026-07-16,scheduled,Y
AP000684,KB0006874,KH-PHX-02,2026-07-16,scheduled,N
AP000685,KB0006670,KH-PHX-03,2026-07-16,walk-in,Y
AP000686,KB0006675,KH-PHX-03,2026-07-16,walk-in,Y
AP000687,KB0006679,KH-PHX-03,2026-07-16,walk-in,Y
AP000688,KB0006680,KH-PHX-03,2026-07-16,scheduled,Y
AP000689,KB0007006,KH-PHX-03,2026-07-16,scheduled,N
AP000690,KB0006780,KH-ATL-02,2026-07-17,walk-in,Y
AP000691,KB0006781,KH-ATL-02,2026-07-17,scheduled,Y
AP000692,KB0006782,KH-ATL-02,2026-07-17,walk-in,Y
AP000693,KB0006784,KH-ATL-02,2026-07-17,walk-in,Y
AP000694,KB0006785,KH-ATL-02,2026-07-17,scheduled,Y
AP000695,KB0006771,KH-CHI-02,2026-07-17,walk-in,Y
AP000696,KB0006769,KH-CHI-03,2026-07-17,walk-in,Y
AP000697,KB0006770,KH-CHI-03,2026-07-17,scheduled,Y
AP000698,KB0006774,KH-CHI-03,2026-07-17,walk-in,Y
AP000699,KB0006722,KH-DAL-02,2026-07-17,scheduled,Y
AP000700,KB0006723,KH-DAL-02,2026-07-17,walk-in,Y
AP000701,KB0006725,KH-DAL-02,2026-07-17,scheduled,Y
AP000702,KB0006731,KH-DAL-02,2026-07-17,scheduled,Y
AP000703,KB0006732,KH-DAL-02,2026-07-17,scheduled,Y
AP000704,KB0006727,KH-DAL-03,2026-07-17,scheduled,Y
AP000705,KB0006728,KH-DAL-03,2026-07-17,walk-in,Y
AP000706,KB0006729,KH-DAL-03,2026-07-17,walk-in,Y
AP000707,KB0006761,KH-NYC-02,2026-07-17,walk-in,Y
AP000708,KB0006762,KH-NYC-02,2026-07-17,scheduled,N
AP000709,KB0006763,KH-NYC-02,2026-07-17,walk-in,Y
AP000710,KB0006765,KH-NYC-02,2026-07-17,scheduled,Y
AP000711,KB0006950,KH-NYC-02,2026-07-17,scheduled,N
AP000712,KB0006754,KH-NYC-03,2026-07-17,scheduled,Y
AP000713,KB0006756,KH-NYC-03,2026-07-17,scheduled,Y
AP000714,KB0006758,KH-NYC-03,2026-07-17,walk-in,Y
AP000715,KB0006760,KH-NYC-03,2026-07-17,scheduled,Y
AP000716,KB0006787,KH-PHI-02,2026-07-17,walk-in,Y
AP000717,KB0006790,KH-PHI-03,2026-07-17,scheduled,Y
AP000718,KB0006791,KH-PHI-03,2026-07-17,scheduled,Y
AP000719,KB0007045,KH-PHI-03,2026-07-17,scheduled,N
AP000720,KB0007253,KH-PHI-03,2026-07-17,scheduled,N
AP000721,KB0006740,KH-PHX-02,2026-07-17,scheduled,Y
AP000722,KB0006744,KH-PHX-02,2026-07-17,walk-in,Y
AP000723,KB0006747,KH-PHX-02,2026-07-17,scheduled,N
AP000724,KB0006752,KH-PHX-02,2026-07-17,scheduled,Y
AP000725,KB0006735,KH-PHX-03,2026-07-17,scheduled,Y
AP000726,KB0006737,KH-PHX-03,2026-07-17,scheduled,Y
AP000727,KB0006739,KH-PHX-03,2026-07-17,walk-in,Y
AP000728,KB0006741,KH-PHX-03,2026-07-17,scheduled,N
AP000729,KB0006748,KH-PHX-03,2026-07-17,walk-in,Y
AP000730,KB0006751,KH-PHX-03,2026-07-17,scheduled,Y
AP000731,KB0007276,KH-PHX-03,2026-07-17,scheduled,N
AP000732,KB0006840,KH-ATL-02,2026-07-18,scheduled,Y
AP000733,KB0006841,KH-ATL-02,2026-07-18,walk-in,Y
AP000734,KB0006842,KH-ATL-02,2026-07-18,walk-in,Y
AP000735,KB0006843,KH-ATL-02,2026-07-18,walk-in,Y
AP000736,KB0006844,KH-ATL-02,2026-07-18,walk-in,Y
AP000737,KB0006831,KH-CHI-02,2026-07-18,scheduled,Y
AP000738,KB0006832,KH-CHI-02,2026-07-18,scheduled,Y
AP000739,KB0006835,KH-CHI-02,2026-07-18,walk-in,Y
AP000740,KB0006834,KH-CHI-03,2026-07-18,walk-in,Y
AP000741,KB0006794,KH-DAL-02,2026-07-18,walk-in,Y
AP000742,KB0006795,KH-DAL-02,2026-07-18,walk-in,Y
AP000743,KB0006801,KH-DAL-02,2026-07-18,scheduled,Y
AP000744,KB0006805,KH-DAL-02,2026-07-18,scheduled,Y
AP000745,KB0006922,KH-DAL-02,2026-07-18,scheduled,N
AP000746,KB0007259,KH-DAL-02,2026-07-18,scheduled,N
AP000747,KB0006796,KH-DAL-03,2026-07-18,scheduled,Y
AP000748,KB0006797,KH-DAL-03,2026-07-18,scheduled,Y
AP000749,KB0006799,KH-DAL-03,2026-07-18,walk-in,Y
AP000750,KB0006800,KH-DAL-03,2026-07-18,walk-in,Y
AP000751,KB0006802,KH-DAL-03,2026-07-18,scheduled,Y
AP000752,KB0006808,KH-DAL-03,2026-07-18,scheduled,Y
AP000753,KB0007399,KH-NYC-02,2026-07-18,scheduled,N
AP000754,KB0006825,KH-NYC-03,2026-07-18,walk-in,Y
AP000755,KB0006829,KH-NYC-03,2026-07-18,walk-in,Y
AP000756,KB0006848,KH-PHI-02,2026-07-18,walk-in,Y
AP000757,KB0006851,KH-PHI-02,2026-07-18,walk-in,Y
AP000758,KB0007182,KH-PHI-02,2026-07-18,scheduled,N
AP000759,KB0006847,KH-PHI-03,2026-07-18,scheduled,Y
AP000760,KB0006849,KH-PHI-03,2026-07-18,scheduled,Y
AP000761,KB0006853,KH-PHI-03,2026-07-18,scheduled,Y
AP000762,KB0006809,KH-PHX-02,2026-07-18,scheduled,Y
AP000763,KB0006812,KH-PHX-02,2026-07-18,walk-in,Y
AP000764,KB0006814,KH-PHX-02,2026-07-18,walk-in,Y
AP000765,KB0006821,KH-PHX-02,2026-07-18,walk-in,Y
AP000766,KB0006824,KH-PHX-02,2026-07-18,walk-in,Y
AP000767,KB0006810,KH-PHX-03,2026-07-18,scheduled,Y
AP000768,KB0006816,KH-PHX-03,2026-07-18,scheduled,Y
AP000769,KB0006819,KH-PHX-03,2026-07-18,walk-in,Y
AP000770,KB0006820,KH-PHX-03,2026-07-18,walk-in,Y
AP000771,KB0007284,KH-PHX-03,2026-07-18,scheduled,N
AP000772,KB0006900,KH-ATL-02,2026-07-19,scheduled,Y
AP000773,KB0006901,KH-ATL-02,2026-07-19,walk-in,Y
AP000774,KB0006903,KH-ATL-02,2026-07-19,scheduled,N
AP000775,KB0006904,KH-ATL-02,2026-07-19,scheduled,Y
AP000776,KB0007311,KH-ATL-02,2026-07-19,scheduled,N
AP000777,KB0007480,KH-ATL-02,2026-07-19,scheduled,N
AP000778,KB0007039,KH-ATL-03,2026-07-19,scheduled,N
AP000779,KB0007103,KH-ATL-03,2026-07-19,scheduled,N
AP000780,KB0006895,KH-CHI-02,2026-07-19,scheduled,Y
AP000781,KB0007022,KH-CHI-02,2026-07-19,scheduled,N
AP000782,KB0006896,KH-CHI-03,2026-07-19,scheduled,Y
AP000783,KB0007401,KH-CHI-03,2026-07-19,scheduled,N
AP000784,KB0006856,KH-DAL-02,2026-07-19,scheduled,Y
AP000785,KB0006859,KH-DAL-02,2026-07-19,walk-in,Y
AP000786,KB0006861,KH-DAL-02,2026-07-19,scheduled,Y
AP000787,KB0006869,KH-DAL-02,2026-07-19,walk-in,Y
AP000788,KB0006857,KH-DAL-03,2026-07-19,scheduled,Y
AP000789,KB0006858,KH-DAL-03,2026-07-19,scheduled,Y
AP000790,KB0006867,KH-DAL-03,2026-07-19,scheduled,Y
AP000791,KB0006884,KH-NYC-02,2026-07-19,walk-in,Y
AP000792,KB0006889,KH-NYC-02,2026-07-19,walk-in,Y
AP000793,KB0006885,KH-NYC-03,2026-07-19,walk-in,Y
AP000794,KB0006886,KH-NYC-03,2026-07-19,walk-in,Y
AP000795,KB0006888,KH-NYC-03,2026-07-19,scheduled,Y
AP000796,KB0006890,KH-NYC-03,2026-07-19,scheduled,Y
AP000797,KB0006891,KH-NYC-03,2026-07-19,scheduled,Y
AP000798,KB0006906,KH-PHI-02,2026-07-19,scheduled,Y
AP000799,KB0006907,KH-PHI-02,2026-07-19,walk-in,Y
AP000800,KB0006908,KH-PHI-02,2026-07-19,scheduled,Y
AP000801,KB0006909,KH-PHI-02,2026-07-19,walk-in,Y
AP000802,KB0006911,KH-PHI-03,2026-07-19,walk-in,Y
AP000803,KB0006871,KH-PHX-02,2026-07-19,walk-in,Y
AP000804,KB0006872,KH-PHX-02,2026-07-19,scheduled,Y
AP000805,KB0006874,KH-PHX-02,2026-07-19,scheduled,Y
AP000806,KB0006875,KH-PHX-02,2026-07-19,walk-in,Y
AP000807,KB0006877,KH-PHX-02,2026-07-19,walk-in,Y
AP000808,KB0006873,KH-PHX-03,2026-07-19,walk-in,Y
AP000809,KB0006876,KH-PHX-03,2026-07-19,walk-in,Y
AP000810,KB0006878,KH-PHX-03,2026-07-19,scheduled,Y
AP000811,KB0006879,KH-PHX-03,2026-07-19,walk-in,Y
AP000812,KB0006880,KH-PHX-03,2026-07-19,scheduled,Y
AP000813,KB0006882,KH-PHX-03,2026-07-19,walk-in,Y
AP000814,KB0007441,KH-PHX-03,2026-07-19,scheduled,N
AP000815,KB0006963,KH-ATL-02,2026-07-20,scheduled,Y
AP000816,KB0006964,KH-ATL-02,2026-07-20,walk-in,Y
AP000817,KB0006965,KH-ATL-02,2026-07-20,walk-in,Y
AP000818,KB0006969,KH-ATL-02,2026-07-20,scheduled,Y
AP000819,KB0006970,KH-ATL-02,2026-07-20,scheduled,Y
AP000820,KB0006957,KH-CHI-02,2026-07-20,walk-in,Y
AP000821,KB0006958,KH-CHI-02,2026-07-20,walk-in,Y
AP000822,KB0006959,KH-CHI-03,2026-07-20,walk-in,Y
AP000823,KB0006960,KH-CHI-03,2026-07-20,scheduled,Y
AP000824,KB0006961,KH-CHI-03,2026-07-20,walk-in,Y
AP000825,KB0006915,KH-DAL-02,2026-07-20,scheduled,Y
AP000826,KB0006916,KH-DAL-02,2026-07-20,scheduled,Y
AP000827,KB0006917,KH-DAL-02,2026-07-20,scheduled,Y
AP000828,KB0006918,KH-DAL-02,2026-07-20,walk-in,Y
AP000829,KB0006922,KH-DAL-02,2026-07-20,scheduled,Y
AP000830,KB0006926,KH-DAL-02,2026-07-20,walk-in,Y
AP000831,KB0006927,KH-DAL-02,2026-07-20,walk-in,Y
AP000832,KB0006914,KH-DAL-03,2026-07-20,scheduled,Y
AP000833,KB0006919,KH-DAL-03,2026-07-20,scheduled,Y
AP000834,KB0006925,KH-DAL-03,2026-07-20,walk-in,Y
AP000835,KB0006928,KH-DAL-03,2026-07-20,walk-in,Y
AP000836,KB0007371,KH-DAL-03,2026-07-20,scheduled,N
AP000837,KB0006947,KH-NYC-02,2026-07-20,walk-in,Y
AP000838,KB0006949,KH-NYC-02,2026-07-20,walk-in,Y
AP000839,KB0006950,KH-NYC-02,2026-07-20,scheduled,Y
AP000840,KB0006951,KH-NYC-02,2026-07-20,scheduled,Y
AP000841,KB0006945,KH-NYC-03,2026-07-20,walk-in,Y
AP000842,KB0006952,KH-NYC-03,2026-07-20,walk-in,Y
AP000843,KB0006953,KH-NYC-03,2026-07-20,scheduled,Y
AP000844,KB0007153,KH-NYC-03,2026-07-20,scheduled,N
AP000845,KB0007224,KH-NYC-03,2026-07-20,scheduled,N
AP000846,KB0006974,KH-PHI-02,2026-07-20,walk-in,Y
AP000847,KB0006978,KH-PHI-02,2026-07-20,walk-in,Y
AP000848,KB0006981,KH-PHI-02,2026-07-20,walk-in,Y
AP000849,KB0007360,KH-PHI-02,2026-07-20,scheduled,N
AP000850,KB0006973,KH-PHI-03,2026-07-20,scheduled,Y
AP000851,KB0006975,KH-PHI-03,2026-07-20,scheduled,Y
AP000852,KB0006976,KH-PHI-03,2026-07-20,walk-in,Y
AP000853,KB0006980,KH-PHI-03,2026-07-20,walk-in,Y
AP000854,KB0006932,KH-PHX-02,2026-07-20,walk-in,Y
AP000855,KB0006936,KH-PHX-02,2026-07-20,scheduled,Y
AP000856,KB0006940,KH-PHX-02,2026-07-20,scheduled,Y
AP000857,KB0006944,KH-PHX-02,2026-07-20,scheduled,Y
AP000858,KB0007514,KH-PHX-02,2026-07-20,scheduled,N
AP000859,KB0006930,KH-PHX-03,2026-07-20,scheduled,Y
AP000860,KB0006931,KH-PHX-03,2026-07-20,walk-in,Y
AP000861,KB0006934,KH-PHX-03,2026-07-20,scheduled,Y
AP000862,KB0006937,KH-PHX-03,2026-07-20,walk-in,Y
AP000863,KB0006939,KH-PHX-03,2026-07-20,walk-in,Y
AP000864,KB0007032,KH-ATL-02,2026-07-21,walk-in,Y
AP000865,KB0007033,KH-ATL-02,2026-07-21,scheduled,Y
AP000866,KB0007034,KH-ATL-02,2026-07-21,scheduled,Y
AP000867,KB0007243,KH-ATL-02,2026-07-21,scheduled,N
AP000868,KB0007039,KH-ATL-03,2026-07-21,scheduled,Y
AP000869,KB0007022,KH-CHI-02,2026-07-21,scheduled,Y
AP000870,KB0007023,KH-CHI-02,2026-07-21,walk-in,Y
AP000871,KB0007024,KH-CHI-02,2026-07-21,walk-in,Y
AP000872,KB0007021,KH-CHI-03,2026-07-21,scheduled,Y
AP000873,KB0007025,KH-CHI-03,2026-07-21,walk-in,Y
AP000874,KB0007029,KH-CHI-03,2026-07-21,walk-in,Y
AP000875,KB0007030,KH-CHI-03,2026-07-21,walk-in,Y
AP000876,KB0007169,KH-CHI-03,2026-07-21,scheduled,N
AP000877,KB0006983,KH-DAL-02,2026-07-21,walk-in,Y
AP000878,KB0006985,KH-DAL-02,2026-07-21,walk-in,Y
AP000879,KB0006993,KH-DAL-02,2026-07-21,scheduled,Y
AP000880,KB0006996,KH-DAL-02,2026-07-21,walk-in,Y
AP000881,KB0006984,KH-DAL-03,2026-07-21,scheduled,Y
AP000882,KB0006987,KH-DAL-03,2026-07-21,walk-in,Y
AP000883,KB0007011,KH-NYC-02,2026-07-21,scheduled,Y
AP000884,KB0007013,KH-NYC-02,2026-07-21,scheduled,Y
AP000885,KB0007014,KH-NYC-02,2026-07-21,walk-in,Y
AP000886,KB0007017,KH-NYC-02,2026-07-21,scheduled,Y
AP000887,KB0007018,KH-NYC-02,2026-07-21,walk-in,Y
AP000888,KB0007020,KH-NYC-02,2026-07-21,scheduled,Y
AP000889,KB0007015,KH-NYC-03,2026-07-21,walk-in,Y
AP000890,KB0007019,KH-NYC-03,2026-07-21,scheduled,Y
AP000891,KB0007040,KH-PHI-02,2026-07-21,scheduled,Y
AP000892,KB0007043,KH-PHI-02,2026-07-21,walk-in,Y
AP000893,KB0007041,KH-PHI-03,2026-07-21,scheduled,Y
AP000894,KB0007045,KH-PHI-03,2026-07-21,scheduled,Y
AP000895,KB0007046,KH-PHI-03,2026-07-21,walk-in,Y
AP000896,KB0006999,KH-PHX-02,2026-07-21,walk-in,Y
AP000897,KB0007001,KH-PHX-02,2026-07-21,walk-in,Y
AP000898,KB0006997,KH-PHX-03,2026-07-21,scheduled,Y
AP000899,KB0006998,KH-PHX-03,2026-07-21,walk-in,Y
AP000900,KB0007000,KH-PHX-03,2026-07-21,scheduled,Y
AP000901,KB0007002,KH-PHX-03,2026-07-21,scheduled,N
AP000902,KB0007003,KH-PHX-03,2026-07-21,walk-in,Y
AP000903,KB0007005,KH-PHX-03,2026-07-21,scheduled,Y
AP000904,KB0007006,KH-PHX-03,2026-07-21,scheduled,Y
AP000905,KB0007009,KH-PHX-03,2026-07-21,scheduled,Y
AP000906,KB0007100,KH-ATL-02,2026-07-22,scheduled,Y
AP000907,KB0007101,KH-ATL-02,2026-07-22,scheduled,Y
AP000908,KB0007104,KH-ATL-02,2026-07-22,scheduled,Y
AP000909,KB0007106,KH-ATL-02,2026-07-22,scheduled,Y
AP000910,KB0007107,KH-ATL-02,2026-07-22,scheduled,Y
AP000911,KB0007109,KH-ATL-02,2026-07-22,walk-in,Y
AP000912,KB0007110,KH-ATL-02,2026-07-22,walk-in,Y
AP000913,KB0007103,KH-ATL-03,2026-07-22,scheduled,Y
AP000914,KB0007096,KH-CHI-02,2026-07-22,scheduled,Y
AP000915,KB0007094,KH-CHI-03,2026-07-22,walk-in,Y
AP000916,KB0007095,KH-CHI-03,2026-07-22,scheduled,Y
AP000917,KB0007048,KH-DAL-02,2026-07-22,walk-in,Y
AP000918,KB0007054,KH-DAL-02,2026-07-22,scheduled,Y
AP000919,KB0007061,KH-DAL-02,2026-07-22,walk-in,Y
AP000920,KB0007267,KH-DAL-02,2026-07-22,scheduled,N
AP000921,KB0007047,KH-DAL-03,2026-07-22,walk-in,Y
AP000922,KB0007053,KH-DAL-03,2026-07-22,walk-in,Y
AP000923,KB0007055,KH-DAL-03,2026-07-22,scheduled,Y
AP000924,KB0007056,KH-DAL-03,2026-07-22,scheduled,Y
AP000925,KB0007081,KH-NYC-02,2026-07-22,walk-in,Y
AP000926,KB0007085,KH-NYC-02,2026-07-22,scheduled,Y
AP000927,KB0007086,KH-NYC-02,2026-07-22,scheduled,Y
AP000928,KB0007088,KH-NYC-02,2026-07-22,walk-in,Y
AP000929,KB0007091,KH-NYC-02,2026-07-22,scheduled,Y
AP000930,KB0007092,KH-NYC-02,2026-07-22,scheduled,Y
AP000931,KB0007084,KH-NYC-03,2026-07-22,scheduled,Y
AP000932,KB0007089,KH-NYC-03,2026-07-22,scheduled,Y
AP000933,KB0007090,KH-NYC-03,2026-07-22,walk-in,Y
AP000934,KB0007394,KH-NYC-03,2026-07-22,scheduled,N
AP000935,KB0007112,KH-PHI-02,2026-07-22,walk-in,Y
AP000936,KB0007113,KH-PHI-02,2026-07-22,walk-in,Y
AP000937,KB0007117,KH-PHI-02,2026-07-22,scheduled,Y
AP000938,KB0007114,KH-PHI-03,2026-07-22,walk-in,Y
AP000939,KB0007115,KH-PHI-03,2026-07-22,scheduled,Y
AP000940,KB0007320,KH-PHI-03,2026-07-22,scheduled,N
AP000941,KB0007065,KH-PHX-02,2026-07-22,scheduled,Y
AP000942,KB0007066,KH-PHX-02,2026-07-22,scheduled,Y
AP000943,KB0007068,KH-PHX-02,2026-07-22,scheduled,Y
AP000944,KB0007071,KH-PHX-02,2026-07-22,scheduled,Y
AP000945,KB0007073,KH-PHX-02,2026-07-22,scheduled,Y
AP000946,KB0007074,KH-PHX-02,2026-07-22,walk-in,Y
AP000947,KB0007075,KH-PHX-02,2026-07-22,scheduled,Y
AP000948,KB0007079,KH-PHX-02,2026-07-22,walk-in,Y
AP000949,KB0007338,KH-PHX-02,2026-07-22,scheduled,N
AP000950,KB0007067,KH-PHX-03,2026-07-22,scheduled,Y
AP000951,KB0007174,KH-ATL-02,2026-07-23,scheduled,Y
AP000952,KB0007175,KH-ATL-02,2026-07-23,scheduled,Y
AP000953,KB0007177,KH-ATL-02,2026-07-23,scheduled,Y
AP000954,KB0007178,KH-ATL-02,2026-07-23,scheduled,Y
AP000955,KB0007180,KH-ATL-02,2026-07-23,walk-in,Y
AP000956,KB0007665,KH-ATL-02,2026-07-23,scheduled,N
AP000957,KB0007172,KH-CHI-02,2026-07-23,walk-in,Y
AP000958,KB0007165,KH-CHI-03,2026-07-23,scheduled,Y
AP000959,KB0007167,KH-CHI-03,2026-07-23,scheduled,Y
AP000960,KB0007169,KH-CHI-03,2026-07-23,scheduled,Y
AP000961,KB0007173,KH-CHI-03,2026-07-23,walk-in,Y
AP000962,KB0007121,KH-DAL-02,2026-07-23,scheduled,Y
AP000963,KB0007122,KH-DAL-02,2026-07-23,walk-in,Y
AP000964,KB0007123,KH-DAL-02,2026-07-23,scheduled,Y
AP000965,KB0007127,KH-DAL-02,2026-07-23,walk-in,Y
AP000966,KB0007120,KH-DAL-03,2026-07-23,scheduled,Y
AP000967,KB0007124,KH-DAL-03,2026-07-23,scheduled,Y
AP000968,KB0007126,KH-DAL-03,2026-07-23,walk-in,Y
AP000969,KB0007128,KH-DAL-03,2026-07-23,walk-in,Y
AP000970,KB0007129,KH-DAL-03,2026-07-23,walk-in,Y
AP000971,KB0007160,KH-NYC-02,2026-07-23,walk-in,Y
AP000972,KB0007161,KH-NYC-02,2026-07-23,scheduled,Y
AP000973,KB0007153,KH-NYC-03,2026-07-23,scheduled,Y
AP000974,KB0007156,KH-NYC-03,2026-07-23,scheduled,Y
AP000975,KB0007157,KH-NYC-03,2026-07-23,walk-in,Y
AP000976,KB0007159,KH-NYC-03,2026-07-23,walk-in,Y
AP000977,KB0007162,KH-NYC-03,2026-07-23,walk-in,Y
AP000978,KB0007182,KH-PHI-02,2026-07-23,scheduled,Y
AP000979,KB0007189,KH-PHI-02,2026-07-23,scheduled,Y
AP000980,KB0007190,KH-PHI-02,2026-07-23,walk-in,Y
AP000981,KB0007191,KH-PHI-02,2026-07-23,scheduled,Y
AP000982,KB0007184,KH-PHI-03,2026-07-23,scheduled,Y
AP000983,KB0007186,KH-PHI-03,2026-07-23,scheduled,Y
AP000984,KB0007188,KH-PHI-03,2026-07-23,scheduled,Y
AP000985,KB0007135,KH-PHX-02,2026-07-23,walk-in,Y
AP000986,KB0007136,KH-PHX-02,2026-07-23,scheduled,Y
AP000987,KB0007138,KH-PHX-02,2026-07-23,walk-in,Y
AP000988,KB0007139,KH-PHX-02,2026-07-23,walk-in,Y
AP000989,KB0007140,KH-PHX-02,2026-07-23,scheduled,Y
AP000990,KB0007142,KH-PHX-02,2026-07-23,scheduled,Y
AP000991,KB0007143,KH-PHX-02,2026-07-23,walk-in,Y
AP000992,KB0007145,KH-PHX-02,2026-07-23,walk-in,Y
AP000993,KB0007147,KH-PHX-02,2026-07-23,walk-in,Y
AP000994,KB0007149,KH-PHX-02,2026-07-23,walk-in,Y
AP000995,KB0007152,KH-PHX-02,2026-07-23,walk-in,Y
AP000996,KB0007134,KH-PHX-03,2026-07-23,scheduled,Y
AP000997,KB0007151,KH-PHX-03,2026-07-23,walk-in,Y
AP000998,KB0007239,KH-ATL-02,2026-07-24,scheduled,Y
AP000999,KB0007241,KH-ATL-02,2026-07-24,walk-in,Y
AP001000,KB0007242,KH-ATL-02,2026-07-24,scheduled,Y
AP001001,KB0007243,KH-ATL-02,2026-07-24,scheduled,Y
AP001002,KB0007479,KH-ATL-02,2026-07-24,scheduled,N
AP001003,KB0007539,KH-ATL-02,2026-07-24,scheduled,N
AP001004,KB0007228,KH-CHI-03,2026-07-24,scheduled,Y
AP001005,KB0007232,KH-CHI-03,2026-07-24,scheduled,Y
AP001006,KB0007233,KH-CHI-03,2026-07-24,scheduled,Y
AP001007,KB0007234,KH-CHI-03,2026-07-24,walk-in,Y
AP001008,KB0007196,KH-DAL-02,2026-07-24,walk-in,Y
AP001009,KB0007201,KH-DAL-02,2026-07-24,scheduled,Y
AP001010,KB0007202,KH-DAL-02,2026-07-24,scheduled,Y
AP001011,KB0007203,KH-DAL-02,2026-07-24,scheduled,Y
AP001012,KB0007207,KH-DAL-02,2026-07-24,scheduled,Y
AP001013,KB0007208,KH-DAL-02,2026-07-24,scheduled,Y
AP001014,KB0007193,KH-DAL-03,2026-07-24,scheduled,Y
AP001015,KB0007195,KH-DAL-03,2026-07-24,walk-in,Y
AP001016,KB0007198,KH-DAL-03,2026-07-24,walk-in,Y
AP001017,KB0007200,KH-DAL-03,2026-07-24,walk-in,Y
AP001018,KB0007216,KH-NYC-02,2026-07-24,walk-in,Y
AP001019,KB0007217,KH-NYC-02,2026-07-24,walk-in,Y
AP001020,KB0007222,KH-NYC-02,2026-07-24,walk-in,Y
AP001021,KB0007223,KH-NYC-02,2026-07-24,scheduled,Y
AP001022,KB0007225,KH-NYC-02,2026-07-24,walk-in,Y
AP001023,KB0007227,KH-NYC-02,2026-07-24,walk-in,Y
AP001024,KB0007215,KH-NYC-03,2026-07-24,scheduled,Y
AP001025,KB0007218,KH-NYC-03,2026-07-24,scheduled,Y
AP001026,KB0007221,KH-NYC-03,2026-07-24,walk-in,Y
AP001027,KB0007224,KH-NYC-03,2026-07-24,scheduled,Y
AP001028,KB0007250,KH-PHI-02,2026-07-24,walk-in,Y
AP001029,KB0007251,KH-PHI-02,2026-07-24,walk-in,Y
AP001030,KB0007254,KH-PHI-02,2026-07-24,walk-in,Y
AP001031,KB0007255,KH-PHI-02,2026-07-24,walk-in,Y
AP001032,KB0007247,KH-PHI-03,2026-07-24,walk-in,Y
AP001033,KB0007253,KH-PHI-03,2026-07-24,scheduled,Y
AP001034,KB0007212,KH-PHX-03,2026-07-24,walk-in,Y
AP001035,KB0007213,KH-PHX-03,2026-07-24,walk-in,Y
AP001036,KB0007303,KH-ATL-02,2026-07-25,scheduled,Y
AP001037,KB0007305,KH-ATL-02,2026-07-25,walk-in,Y
AP001038,KB0007306,KH-ATL-02,2026-07-25,scheduled,Y
AP001039,KB0007308,KH-ATL-02,2026-07-25,scheduled,Y
AP001040,KB0007310,KH-ATL-02,2026-07-25,walk-in,Y
AP001041,KB0007311,KH-ATL-02,2026-07-25,scheduled,Y
AP001042,KB0007307,KH-ATL-03,2026-07-25,scheduled,Y
AP001043,KB0007296,KH-CHI-02,2026-07-25,scheduled,Y
AP001044,KB0007297,KH-CHI-02,2026-07-25,walk-in,Y
AP001045,KB0007298,KH-CHI-02,2026-07-25,walk-in,Y
AP001046,KB0007295,KH-CHI-03,2026-07-25,scheduled,Y
AP001047,KB0007256,KH-DAL-02,2026-07-25,scheduled,Y
AP001048,KB0007259,KH-DAL-02,2026-07-25,scheduled,Y
AP001049,KB0007266,KH-DAL-02,2026-07-25,walk-in,Y
AP001050,KB0007267,KH-DAL-02,2026-07-25,scheduled,Y
AP001051,KB0007258,KH-DAL-03,2026-07-25,scheduled,Y
AP001052,KB0007268,KH-DAL-03,2026-07-25,scheduled,Y
AP001053,KB0007270,KH-DAL-03,2026-07-25,scheduled,N
AP001054,KB0007291,KH-NYC-02,2026-07-25,scheduled,Y
AP001055,KB0007292,KH-NYC-02,2026-07-25,scheduled,Y
AP001056,KB0007455,KH-NYC-02,2026-07-25,scheduled,N
AP001057,KB0007286,KH-NYC-03,2026-07-25,scheduled,Y
AP001058,KB0007287,KH-NYC-03,2026-07-25,scheduled,Y
AP001059,KB0007288,KH-NYC-03,2026-07-25,scheduled,Y
AP001060,KB0007293,KH-NYC-03,2026-07-25,walk-in,Y
AP001061,KB0007312,KH-PHI-02,2026-07-25,walk-in,Y
AP001062,KB0007313,KH-PHI-02,2026-07-25,scheduled,N
AP001063,KB0007318,KH-PHI-02,2026-07-25,walk-in,Y
AP001064,KB0007319,KH-PHI-03,2026-07-25,walk-in,Y
AP001065,KB0007320,KH-PHI-03,2026-07-25,scheduled,Y
AP001066,KB0007271,KH-PHX-02,2026-07-25,walk-in,Y
AP001067,KB0007277,KH-PHX-02,2026-07-25,scheduled,Y
AP001068,KB0007278,KH-PHX-02,2026-07-25,walk-in,Y
AP001069,KB0007282,KH-PHX-02,2026-07-25,walk-in,Y
AP001070,KB0007449,KH-PHX-02,2026-07-25,scheduled,N
AP001071,KB0007632,KH-PHX-02,2026-07-25,scheduled,N
AP001072,KB0007272,KH-PHX-03,2026-07-25,walk-in,Y
AP001073,KB0007275,KH-PHX-03,2026-07-25,scheduled,Y
AP001074,KB0007276,KH-PHX-03,2026-07-25,scheduled,Y
AP001075,KB0007280,KH-PHX-03,2026-07-25,walk-in,Y
AP001076,KB0007283,KH-PHX-03,2026-07-25,walk-in,Y
AP001077,KB0007284,KH-PHX-03,2026-07-25,scheduled,Y
AP001078,KB0007285,KH-PHX-03,2026-07-25,scheduled,Y
AP001079,KB0007353,KH-ATL-02,2026-07-26,walk-in,Y
AP001080,KB0007354,KH-ATL-02,2026-07-26,walk-in,Y
AP001081,KB0007356,KH-ATL-02,2026-07-26,walk-in,Y
AP001082,KB0007546,KH-ATL-02,2026-07-26,scheduled,N
AP001083,KB0007608,KH-ATL-02,2026-07-26,scheduled,N
AP001084,KB0007349,KH-CHI-02,2026-07-26,walk-in,Y
AP001085,KB0007348,KH-CHI-03,2026-07-26,scheduled,Y
AP001086,KB0007350,KH-CHI-03,2026-07-26,walk-in,Y
AP001087,KB0007351,KH-CHI-03,2026-07-26,scheduled,Y
AP001088,KB0007910,KH-CHI-03,2026-07-26,scheduled,N
AP001089,KB0007321,KH-DAL-02,2026-07-26,scheduled,Y
AP001090,KB0007322,KH-DAL-02,2026-07-26,scheduled,Y
AP001091,KB0007326,KH-DAL-02,2026-07-26,scheduled,Y
AP001092,KB0007327,KH-DAL-02,2026-07-26,walk-in,Y
AP001093,KB0007328,KH-DAL-02,2026-07-26,scheduled,Y
AP001094,KB0007329,KH-DAL-02,2026-07-26,scheduled,Y
AP001095,KB0007330,KH-DAL-02,2026-07-26,walk-in,Y
AP001096,KB0007323,KH-DAL-03,2026-07-26,scheduled,N
AP001097,KB0007332,KH-DAL-03,2026-07-26,walk-in,Y
AP001098,KB0007334,KH-DAL-03,2026-07-26,walk-in,Y
AP001099,KB0007347,KH-NYC-02,2026-07-26,scheduled,Y
AP001100,KB0007649,KH-NYC-02,2026-07-26,scheduled,N
AP001101,KB0007346,KH-NYC-03,2026-07-26,scheduled,Y
AP001102,KB0007360,KH-PHI-02,2026-07-26,scheduled,Y
AP001103,KB0007359,KH-PHI-03,2026-07-26,scheduled,Y
AP001104,KB0007361,KH-PHI-03,2026-07-26,walk-in,Y
AP001105,KB0007362,KH-PHI-03,2026-07-26,scheduled,Y
AP001106,KB0007363,KH-PHI-03,2026-07-26,scheduled,Y
AP001107,KB0007336,KH-PHX-02,2026-07-26,walk-in,Y
AP001108,KB0007338,KH-PHX-02,2026-07-26,scheduled,Y
AP001109,KB0007339,KH-PHX-02,2026-07-26,scheduled,Y
AP001110,KB0007341,KH-PHX-02,2026-07-26,scheduled,Y
AP001111,KB0007344,KH-PHX-02,2026-07-26,scheduled,Y
AP001112,KB0007335,KH-PHX-03,2026-07-26,scheduled,Y
AP001113,KB0007342,KH-PHX-03,2026-07-26,scheduled,Y
AP001114,KB0007405,KH-ATL-02,2026-07-27,walk-in,Y
AP001115,KB0007406,KH-ATL-02,2026-07-27,scheduled,Y
AP001116,KB0007407,KH-ATL-02,2026-07-27,walk-in,Y
AP001117,KB0007409,KH-ATL-02,2026-07-27,walk-in,Y
AP001118,KB0007411,KH-ATL-02,2026-07-27,walk-in,Y
AP001119,KB0007412,KH-ATL-02,2026-07-27,walk-in,Y
AP001120,KB0007413,KH-ATL-02,2026-07-27,scheduled,Y
AP001121,KB0007414,KH-ATL-02,2026-07-27,scheduled,Y
AP001122,KB0007918,KH-ATL-02,2026-07-27,scheduled,N
AP001123,KB0007410,KH-ATL-03,2026-07-27,scheduled,Y
AP001124,KB0007415,KH-ATL-03,2026-07-27,scheduled,Y
AP001125,KB0007401,KH-CHI-03,2026-07-27,scheduled,Y
AP001126,KB0007403,KH-CHI-03,2026-07-27,walk-in,Y
AP001127,KB0007404,KH-CHI-03,2026-07-27,scheduled,Y
AP001128,KB0007365,KH-DAL-02,2026-07-27,scheduled,Y
AP001129,KB0007369,KH-DAL-02,2026-07-27,scheduled,Y
AP001130,KB0007373,KH-DAL-02,2026-07-27,walk-in,Y
AP001131,KB0007375,KH-DAL-02,2026-07-27,walk-in,Y
AP001132,KB0007376,KH-DAL-02,2026-07-27,walk-in,Y
AP001133,KB0007377,KH-DAL-02,2026-07-27,walk-in,Y
AP001134,KB0007378,KH-DAL-02,2026-07-27,walk-in,Y
AP001135,KB0007368,KH-DAL-03,2026-07-27,walk-in,Y
AP001136,KB0007370,KH-DAL-03,2026-07-27,scheduled,Y
AP001137,KB0007371,KH-DAL-03,2026-07-27,scheduled,Y
AP001138,KB0007390,KH-NYC-02,2026-07-27,scheduled,Y
AP001139,KB0007391,KH-NYC-02,2026-07-27,scheduled,Y
AP001140,KB0007393,KH-NYC-02,2026-07-27,scheduled,Y
AP001141,KB0007396,KH-NYC-02,2026-07-27,walk-in,Y
AP001142,KB0007397,KH-NYC-02,2026-07-27,walk-in,Y
AP001143,KB0007399,KH-NYC-02,2026-07-27,scheduled,Y
AP001144,KB0007394,KH-NYC-03,2026-07-27,scheduled,Y
AP001145,KB0007417,KH-PHI-02,2026-07-27,scheduled,N
AP001146,KB0007418,KH-PHI-03,2026-07-27,scheduled,Y
AP001147,KB0007421,KH-PHI-03,2026-07-27,walk-in,Y
AP001148,KB0007383,KH-PHX-02,2026-07-27,scheduled,Y
AP001149,KB0007389,KH-PHX-02,2026-07-27,scheduled,Y
AP001150,KB0007379,KH-PHX-03,2026-07-27,walk-in,Y
AP001151,KB0007380,KH-PHX-03,2026-07-27,walk-in,Y
AP001152,KB0007382,KH-PHX-03,2026-07-27,walk-in,Y
AP001153,KB0007471,KH-ATL-02,2026-07-28,scheduled,Y
AP001154,KB0007474,KH-ATL-02,2026-07-28,walk-in,Y
AP001155,KB0007475,KH-ATL-02,2026-07-28,walk-in,Y
AP001156,KB0007478,KH-ATL-02,2026-07-28,walk-in,Y
AP001157,KB0007479,KH-ATL-02,2026-07-28,scheduled,Y
AP001158,KB0007480,KH-ATL-02,2026-07-28,scheduled,Y
AP001159,KB0007472,KH-ATL-03,2026-07-28,scheduled,Y
AP001160,KB0007477,KH-ATL-03,2026-07-28,scheduled,Y
AP001161,KB0007466,KH-CHI-02,2026-07-28,walk-in,Y
AP001162,KB0007467,KH-CHI-02,2026-07-28,walk-in,Y
AP001163,KB0007464,KH-CHI-03,2026-07-28,walk-in,Y
AP001164,KB0007465,KH-CHI-03,2026-07-28,scheduled,Y
AP001165,KB0007468,KH-CHI-03,2026-07-28,walk-in,Y
AP001166,KB0007424,KH-DAL-02,2026-07-28,walk-in,Y
AP001167,KB0007425,KH-DAL-02,2026-07-28,walk-in,Y
AP001168,KB0007430,KH-DAL-02,2026-07-28,walk-in,Y
AP001169,KB0007431,KH-DAL-02,2026-07-28,walk-in,Y
AP001170,KB0007433,KH-DAL-02,2026-07-28,walk-in,Y
AP001171,KB0007423,KH-DAL-03,2026-07-28,scheduled,Y
AP001172,KB0007426,KH-DAL-03,2026-07-28,walk-in,Y
AP001173,KB0007427,KH-DAL-03,2026-07-28,walk-in,Y
AP001174,KB0007429,KH-DAL-03,2026-07-28,walk-in,Y
AP001175,KB0007434,KH-DAL-03,2026-07-28,scheduled,Y
AP001176,KB0007455,KH-NYC-02,2026-07-28,scheduled,Y
AP001177,KB0007456,KH-NYC-02,2026-07-28,scheduled,Y
AP001178,KB0007457,KH-NYC-02,2026-07-28,walk-in,Y
AP001179,KB0007459,KH-NYC-02,2026-07-28,scheduled,Y
AP001180,KB0007461,KH-NYC-02,2026-07-28,walk-in,Y
AP001181,KB0007708,KH-NYC-02,2026-07-28,scheduled,N
AP001182,KB0007453,KH-NYC-03,2026-07-28,walk-in,Y
AP001183,KB0007454,KH-NYC-03,2026-07-28,scheduled,Y
AP001184,KB0007462,KH-NYC-03,2026-07-28,walk-in,Y
AP001185,KB0007463,KH-NYC-03,2026-07-28,scheduled,Y
AP001186,KB0007485,KH-PHI-02,2026-07-28,walk-in,Y
AP001187,KB0007481,KH-PHI-03,2026-07-28,walk-in,Y
AP001188,KB0007482,KH-PHI-03,2026-07-28,walk-in,Y
AP001189,KB0007483,KH-PHI-03,2026-07-28,scheduled,Y
AP001190,KB0007438,KH-PHX-02,2026-07-28,walk-in,Y
AP001191,KB0007439,KH-PHX-02,2026-07-28,walk-in,Y
AP001192,KB0007445,KH-PHX-02,2026-07-28,scheduled,Y
AP001193,KB0007448,KH-PHX-02,2026-07-28,scheduled,Y
AP001194,KB0007449,KH-PHX-02,2026-07-28,scheduled,Y
AP001195,KB0007451,KH-PHX-02,2026-07-28,scheduled,Y
AP001196,KB0007452,KH-PHX-02,2026-07-28,walk-in,Y
AP001197,KB0007436,KH-PHX-03,2026-07-28,scheduled,Y
AP001198,KB0007437,KH-PHX-03,2026-07-28,walk-in,Y
AP001199,KB0007440,KH-PHX-03,2026-07-28,walk-in,Y
AP001200,KB0007441,KH-PHX-03,2026-07-28,scheduled,Y
AP001201,KB0007444,KH-PHX-03,2026-07-28,walk-in,Y
AP001202,KB0007446,KH-PHX-03,2026-07-28,walk-in,Y
AP001203,KB0007450,KH-PHX-03,2026-07-28,walk-in,Y
AP001204,KB0007539,KH-ATL-02,2026-07-29,scheduled,Y
AP001205,KB0007541,KH-ATL-02,2026-07-29,walk-in,Y
AP001206,KB0007543,KH-ATL-02,2026-07-29,walk-in,Y
AP001207,KB0007544,KH-ATL-02,2026-07-29,scheduled,Y
AP001208,KB0007545,KH-ATL-02,2026-07-29,scheduled,Y
AP001209,KB0007546,KH-ATL-02,2026-07-29,scheduled,Y
AP001210,KB0007540,KH-ATL-03,2026-07-29,scheduled,Y
AP001211,KB0007845,KH-ATL-03,2026-07-29,scheduled,N
AP001212,KB0007531,KH-CHI-03,2026-07-29,walk-in,Y
AP001213,KB0007533,KH-CHI-03,2026-07-29,scheduled,Y
AP001214,KB0007536,KH-CHI-03,2026-07-29,scheduled,Y
AP001215,KB0007489,KH-DAL-02,2026-07-29,scheduled,Y
AP001216,KB0007492,KH-DAL-02,2026-07-29,scheduled,Y
AP001217,KB0007493,KH-DAL-02,2026-07-29,walk-in,Y
AP001218,KB0007500,KH-DAL-02,2026-07-29,walk-in,Y
AP001219,KB0007690,KH-DAL-02,2026-07-29,scheduled,N
AP001220,KB0007491,KH-DAL-03,2026-07-29,scheduled,Y
AP001221,KB0007499,KH-DAL-03,2026-07-29,scheduled,Y
AP001222,KB0007501,KH-DAL-03,2026-07-29,scheduled,Y
AP001223,KB0007527,KH-NYC-02,2026-07-29,scheduled,Y
AP001224,KB0007521,KH-NYC-03,2026-07-29,scheduled,Y
AP001225,KB0007523,KH-NYC-03,2026-07-29,walk-in,Y
AP001226,KB0007526,KH-NYC-03,2026-07-29,walk-in,Y
AP001227,KB0007529,KH-NYC-03,2026-07-29,walk-in,Y
AP001228,KB0007530,KH-NYC-03,2026-07-29,walk-in,Y
AP001229,KB0007548,KH-PHI-02,2026-07-29,scheduled,Y
AP001230,KB0007549,KH-PHI-02,2026-07-29,scheduled,Y
AP001231,KB0007550,KH-PHI-02,2026-07-29,walk-in,Y
AP001232,KB0007552,KH-PHI-03,2026-07-29,walk-in,Y
AP001233,KB0007740,KH-PHI-03,2026-07-29,scheduled,N
AP001234,KB0007504,KH-PHX-02,2026-07-29,walk-in,Y
AP001235,KB0007505,KH-PHX-02,2026-07-29,scheduled,Y
AP001236,KB0007508,KH-PHX-02,2026-07-29,scheduled,Y
AP001237,KB0007514,KH-PHX-02,2026-07-29,scheduled,Y
AP001238,KB0007640,KH-PHX-02,2026-07-29,scheduled,N
AP001239,KB0007506,KH-PHX-03,2026-07-29,scheduled,Y
AP001240,KB0007511,KH-PHX-03,2026-07-29,scheduled,Y
AP001241,KB0007512,KH-PHX-03,2026-07-29,walk-in,Y
AP001242,KB0007517,KH-PHX-03,2026-07-29,walk-in,Y
AP001243,KB0007881,KH-PHX-03,2026-07-29,scheduled,N
AP001244,KB0007605,KH-ATL-02,2026-07-30,scheduled,Y
AP001245,KB0007608,KH-ATL-02,2026-07-30,scheduled,Y
AP001246,KB0007609,KH-ATL-02,2026-07-30,scheduled,Y
AP001247,KB0007610,KH-ATL-02,2026-07-30,scheduled,Y
AP001248,KB0008122,KH-ATL-02,2026-07-30,scheduled,N
AP001249,KB0007611,KH-ATL-03,2026-07-30,scheduled,Y
AP001250,KB0007599,KH-CHI-02,2026-07-30,walk-in,Y
AP001251,KB0007600,KH-CHI-02,2026-07-30,scheduled,Y
AP001252,KB0007601,KH-CHI-02,2026-07-30,walk-in,Y
AP001253,KB0007602,KH-CHI-02,2026-07-30,walk-in,Y
AP001254,KB0007595,KH-CHI-03,2026-07-30,walk-in,Y
AP001255,KB0007596,KH-CHI-03,2026-07-30,walk-in,Y
AP001256,KB0007597,KH-CHI-03,2026-07-30,walk-in,Y
AP001257,KB0007598,KH-CHI-03,2026-07-30,scheduled,Y
AP001258,KB0007725,KH-CHI-03,2026-07-30,scheduled,N
AP001259,KB0007553,KH-DAL-02,2026-07-30,walk-in,Y
AP001260,KB0007554,KH-DAL-02,2026-07-30,walk-in,Y
AP001261,KB0007558,KH-DAL-02,2026-07-30,scheduled,Y
AP001262,KB0007561,KH-DAL-02,2026-07-30,walk-in,Y
AP001263,KB0007563,KH-DAL-02,2026-07-30,walk-in,Y
AP001264,KB0007564,KH-DAL-02,2026-07-30,scheduled,Y
AP001265,KB0007555,KH-DAL-03,2026-07-30,walk-in,Y
AP001266,KB0007556,KH-DAL-03,2026-07-30,walk-in,Y
AP001267,KB0007557,KH-DAL-03,2026-07-30,scheduled,Y
AP001268,KB0007559,KH-DAL-03,2026-07-30,scheduled,Y
AP001269,KB0007560,KH-DAL-03,2026-07-30,scheduled,Y
AP001270,KB0007585,KH-NYC-02,2026-07-30,walk-in,Y
AP001271,KB0007590,KH-NYC-02,2026-07-30,scheduled,Y
AP001272,KB0007594,KH-NYC-02,2026-07-30,scheduled,Y
AP001273,KB0007587,KH-NYC-03,2026-07-30,walk-in,Y
AP001274,KB0007593,KH-NYC-03,2026-07-30,walk-in,Y
AP001275,KB0007615,KH-PHI-02,2026-07-30,walk-in,Y
AP001276,KB0007616,KH-PHI-02,2026-07-30,walk-in,Y
AP001277,KB0008125,KH-PHI-02,2026-07-30,scheduled,N
AP001278,KB0007617,KH-PHI-03,2026-07-30,walk-in,Y
AP001279,KB0007618,KH-PHI-03,2026-07-30,walk-in,Y
AP001280,KB0007566,KH-PHX-02,2026-07-30,walk-in,Y
AP001281,KB0007569,KH-PHX-02,2026-07-30,walk-in,Y
AP001282,KB0007570,KH-PHX-02,2026-07-30,walk-in,Y
AP001283,KB0007571,KH-PHX-02,2026-07-30,walk-in,Y
AP001284,KB0007574,KH-PHX-02,2026-07-30,walk-in,Y
AP001285,KB0007579,KH-PHX-02,2026-07-30,walk-in,Y
AP001286,KB0007573,KH-PHX-03,2026-07-30,scheduled,Y
AP001287,KB0007578,KH-PHX-03,2026-07-30,walk-in,Y
AP001288,KB0007581,KH-PHX-03,2026-07-30,walk-in,Y
AP001289,KB0008090,KH-PHX-03,2026-07-30,scheduled,N
AP001290,KB0007655,KH-ATL-02,2026-07-31,walk-in,Y
AP001291,KB0007656,KH-ATL-02,2026-07-31,walk-in,Y
AP001292,KB0007659,KH-ATL-02,2026-07-31,scheduled,Y
AP001293,KB0007660,KH-ATL-02,2026-07-31,walk-in,Y
AP001294,KB0007663,KH-ATL-02,2026-07-31,walk-in,Y
AP001295,KB0007665,KH-ATL-02,2026-07-31,scheduled,Y
AP001296,KB0007666,KH-ATL-02,2026-07-31,scheduled,Y
AP001297,KB0007667,KH-ATL-02,2026-07-31,walk-in,Y
AP001298,KB0007653,KH-CHI-03,2026-07-31,walk-in,Y
AP001299,KB0007654,KH-CHI-03,2026-07-31,scheduled,Y
AP001300,KB0007619,KH-DAL-02,2026-07-31,scheduled,Y
AP001301,KB0007621,KH-DAL-02,2026-07-31,walk-in,Y
AP001302,KB0007622,KH-DAL-02,2026-07-31,walk-in,Y
AP001303,KB0007623,KH-DAL-02,2026-07-31,walk-in,Y
AP001304,KB0007645,KH-NYC-02,2026-07-31,scheduled,N
AP001305,KB0007649,KH-NYC-02,2026-07-31,scheduled,Y
AP001306,KB0007642,KH-NYC-03,2026-07-31,scheduled,Y
AP001307,KB0007644,KH-NYC-03,2026-07-31,scheduled,Y
AP001308,KB0007647,KH-NYC-03,2026-07-31,scheduled,N
AP001309,KB0007650,KH-NYC-03,2026-07-31,scheduled,Y
AP001310,KB0007773,KH-NYC-03,2026-07-31,scheduled,N
AP001311,KB0008154,KH-NYC-03,2026-07-31,scheduled,N
AP001312,KB0007669,KH-PHI-02,2026-07-31,scheduled,Y
AP001313,KB0007672,KH-PHI-02,2026-07-31,scheduled,Y
AP001314,KB0007675,KH-PHI-02,2026-07-31,scheduled,Y
AP001315,KB0007670,KH-PHI-03,2026-07-31,scheduled,Y
AP001316,KB0007671,KH-PHI-03,2026-07-31,walk-in,Y
AP001317,KB0007673,KH-PHI-03,2026-07-31,walk-in,Y
AP001318,KB0007632,KH-PHX-02,2026-07-31,scheduled,Y
AP001319,KB0007634,KH-PHX-02,2026-07-31,walk-in,Y
AP001320,KB0007636,KH-PHX-02,2026-07-31,walk-in,Y
AP001321,KB0007638,KH-PHX-02,2026-07-31,scheduled,Y
AP001322,KB0007639,KH-PHX-02,2026-07-31,scheduled,Y
AP001323,KB0007640,KH-PHX-02,2026-07-31,scheduled,Y
AP001324,KB0007641,KH-PHX-02,2026-07-31,walk-in,Y
AP001325,KB0007819,KH-PHX-02,2026-07-31,scheduled,N
AP001326,KB0007630,KH-PHX-03,2026-07-31,walk-in,Y
AP001327,KB0007633,KH-PHX-03,2026-07-31,scheduled,Y
AP001328,KB0007729,KH-ATL-02,2026-08-01,scheduled,Y
AP001329,KB0007732,KH-ATL-02,2026-08-01,walk-in,Y
AP001330,KB0007734,KH-ATL-02,2026-08-01,scheduled,Y
AP001331,KB0007735,KH-ATL-02,2026-08-01,scheduled,Y
AP001332,KB0007738,KH-ATL-02,2026-08-01,scheduled,Y
AP001333,KB0007736,KH-ATL-03,2026-08-01,scheduled,Y
AP001334,KB0007718,KH-CHI-02,2026-08-01,scheduled,Y
AP001335,KB0007722,KH-CHI-02,2026-08-01,scheduled,Y
AP001336,KB0007723,KH-CHI-02,2026-08-01,scheduled,Y
AP001337,KB0007719,KH-CHI-03,2026-08-01,walk-in,Y
AP001338,KB0007720,KH-CHI-03,2026-08-01,scheduled,Y
AP001339,KB0007724,KH-CHI-03,2026-08-01,walk-in,Y
AP001340,KB0007725,KH-CHI-03,2026-08-01,scheduled,Y
AP001341,KB0007726,KH-CHI-03,2026-08-01,scheduled,N
AP001342,KB0007677,KH-DAL-02,2026-08-01,walk-in,Y
AP001343,KB0007679,KH-DAL-02,2026-08-01,walk-in,Y
AP001344,KB0007688,KH-DAL-02,2026-08-01,walk-in,Y
AP001345,KB0007690,KH-DAL-02,2026-08-01,scheduled,Y
AP001346,KB0007678,KH-DAL-03,2026-08-01,walk-in,Y
AP001347,KB0007689,KH-DAL-03,2026-08-01,scheduled,Y
AP001348,KB0007940,KH-DAL-03,2026-08-01,scheduled,N
AP001349,KB0008131,KH-DAL-03,2026-08-01,scheduled,N
AP001350,KB0007707,KH-NYC-02,2026-08-01,scheduled,Y
AP001351,KB0007708,KH-NYC-02,2026-08-01,scheduled,Y
AP001352,KB0007714,KH-NYC-02,2026-08-01,walk-in,Y
AP001353,KB0007717,KH-NYC-02,2026-08-01,walk-in,Y
AP001354,KB0007713,KH-NYC-03,2026-08-01,scheduled,Y
AP001355,KB0007739,KH-PHI-02,2026-08-01,walk-in,Y
AP001356,KB0007742,KH-PHI-02,2026-08-01,scheduled,Y
AP001357,KB0007743,KH-PHI-02,2026-08-01,scheduled,Y
AP001358,KB0007740,KH-PHI-03,2026-08-01,scheduled,Y
AP001359,KB0007745,KH-PHI-03,2026-08-01,walk-in,Y
AP001360,KB0007693,KH-PHX-02,2026-08-01,walk-in,Y
AP001361,KB0007696,KH-PHX-02,2026-08-01,walk-in,Y
AP001362,KB0007699,KH-PHX-02,2026-08-01,walk-in,Y
AP001363,KB0007700,KH-PHX-02,2026-08-01,walk-in,Y
AP001364,KB0007701,KH-PHX-02,2026-08-01,walk-in,Y
AP001365,KB0007878,KH-PHX-02,2026-08-01,scheduled,N
AP001366,KB0007694,KH-PHX-03,2026-08-01,walk-in,Y
AP001367,KB0007697,KH-PHX-03,2026-08-01,scheduled,Y
AP001368,KB0007704,KH-PHX-03,2026-08-01,walk-in,Y
AP001369,KB0007826,KH-PHX-03,2026-08-01,scheduled,N
AP001370,KB0007785,KH-ATL-02,2026-08-02,walk-in,Y
AP001371,KB0007791,KH-ATL-02,2026-08-02,scheduled,Y
AP001372,KB0007793,KH-ATL-02,2026-08-02,walk-in,Y
AP001373,KB0007794,KH-ATL-02,2026-08-02,scheduled,Y
AP001374,KB0008296,KH-ATL-02,2026-08-02,scheduled,N
AP001375,KB0007792,KH-ATL-03,2026-08-02,scheduled,Y
AP001376,KB0007781,KH-CHI-02,2026-08-02,scheduled,Y
AP001377,KB0007782,KH-CHI-02,2026-08-02,scheduled,Y
AP001378,KB0007784,KH-CHI-02,2026-08-02,walk-in,Y
AP001379,KB0007753,KH-DAL-02,2026-08-02,walk-in,Y
AP001380,KB0007746,KH-DAL-03,2026-08-02,scheduled,Y
AP001381,KB0007751,KH-DAL-03,2026-08-02,scheduled,Y
AP001382,KB0007772,KH-NYC-02,2026-08-02,walk-in,Y
AP001383,KB0007771,KH-NYC-03,2026-08-02,scheduled,Y
AP001384,KB0007773,KH-NYC-03,2026-08-02,scheduled,Y
AP001385,KB0007774,KH-NYC-03,2026-08-02,scheduled,Y
AP001386,KB0007775,KH-NYC-03,2026-08-02,scheduled,Y
AP001387,KB0008213,KH-NYC-03,2026-08-02,scheduled,N
AP001388,KB0007798,KH-PHI-02,2026-08-02,scheduled,Y
AP001389,KB0007799,KH-PHI-02,2026-08-02,scheduled,Y
AP001390,KB0007801,KH-PHI-02,2026-08-02,walk-in,Y
AP001391,KB0007796,KH-PHI-03,2026-08-02,walk-in,Y
AP001392,KB0007800,KH-PHI-03,2026-08-02,scheduled,Y
AP001393,KB0007755,KH-PHX-02,2026-08-02,scheduled,Y
AP001394,KB0007756,KH-PHX-02,2026-08-02,scheduled,Y
AP001395,KB0007761,KH-PHX-02,2026-08-02,scheduled,Y
AP001396,KB0007769,KH-PHX-02,2026-08-02,walk-in,Y
AP001397,KB0008079,KH-PHX-02,2026-08-02,scheduled,N
AP001398,KB0007757,KH-PHX-03,2026-08-02,scheduled,Y
AP001399,KB0007763,KH-PHX-03,2026-08-02,walk-in,Y
AP001400,KB0007764,KH-PHX-03,2026-08-02,walk-in,Y
AP001401,KB0007766,KH-PHX-03,2026-08-02,scheduled,Y
AP001402,KB0007768,KH-PHX-03,2026-08-02,walk-in,Y
AP001403,KB0007847,KH-ATL-02,2026-08-03,scheduled,Y
AP001404,KB0007850,KH-ATL-02,2026-08-03,walk-in,Y
AP001405,KB0008307,KH-ATL-02,2026-08-03,scheduled,N
AP001406,KB0007845,KH-ATL-03,2026-08-03,scheduled,Y
AP001407,KB0007849,KH-ATL-03,2026-08-03,scheduled,Y
AP001408,KB0007840,KH-CHI-02,2026-08-03,walk-in,Y
AP001409,KB0007842,KH-CHI-02,2026-08-03,scheduled,Y
AP001410,KB0007838,KH-CHI-03,2026-08-03,scheduled,Y
AP001411,KB0007802,KH-DAL-02,2026-08-03,walk-in,Y
AP001412,KB0007805,KH-DAL-02,2026-08-03,walk-in,Y
AP001413,KB0007806,KH-DAL-02,2026-08-03,walk-in,Y
AP001414,KB0007807,KH-DAL-02,2026-08-03,walk-in,Y
AP001415,KB0007808,KH-DAL-02,2026-08-03,walk-in,Y
AP001416,KB0007813,KH-DAL-02,2026-08-03,walk-in,Y
AP001417,KB0007814,KH-DAL-02,2026-08-03,walk-in,Y
AP001418,KB0007803,KH-DAL-03,2026-08-03,scheduled,Y
AP001419,KB0007811,KH-DAL-03,2026-08-03,walk-in,Y
AP001420,KB0007829,KH-NYC-02,2026-08-03,walk-in,Y
AP001421,KB0007831,KH-NYC-02,2026-08-03,scheduled,Y
AP001422,KB0007833,KH-NYC-02,2026-08-03,walk-in,Y
AP001423,KB0007835,KH-NYC-02,2026-08-03,walk-in,Y
AP001424,KB0007957,KH-NYC-02,2026-08-03,scheduled,N
AP001425,KB0007828,KH-NYC-03,2026-08-03,scheduled,Y
AP001426,KB0007856,KH-PHI-02,2026-08-03,scheduled,Y
AP001427,KB0007815,KH-PHX-02,2026-08-03,walk-in,Y
AP001428,KB0007817,KH-PHX-02,2026-08-03,walk-in,Y
AP001429,KB0007818,KH-PHX-02,2026-08-03,walk-in,Y
AP001430,KB0007819,KH-PHX-02,2026-08-03,scheduled,Y
AP001431,KB0007825,KH-PHX-02,2026-08-03,walk-in,Y
AP001432,KB0007820,KH-PHX-03,2026-08-03,walk-in,Y
AP001433,KB0007821,KH-PHX-03,2026-08-03,walk-in,Y
AP001434,KB0007826,KH-PHX-03,2026-08-03,scheduled,Y
AP001435,KB0007917,KH-ATL-02,2026-08-04,walk-in,Y
AP001436,KB0007918,KH-ATL-02,2026-08-04,scheduled,Y
AP001437,KB0007921,KH-ATL-02,2026-08-04,walk-in,Y
AP001438,KB0007922,KH-ATL-02,2026-08-04,scheduled,Y
AP001439,KB0007923,KH-ATL-02,2026-08-04,walk-in,Y
AP001440,KB0007924,KH-ATL-02,2026-08-04,scheduled,Y
AP001441,KB0007927,KH-ATL-02,2026-08-04,scheduled,Y
AP001442,KB0007928,KH-ATL-02,2026-08-04,walk-in,Y
AP001443,KB0007929,KH-ATL-02,2026-08-04,scheduled,Y
AP001444,KB0008233,KH-ATL-02,2026-08-04,scheduled,N
AP001445,KB0007925,KH-ATL-03,2026-08-04,scheduled,Y
AP001446,KB0008237,KH-ATL-03,2026-08-04,scheduled,N
AP001447,KB0007908,KH-CHI-02,2026-08-04,scheduled,Y
AP001448,KB0007912,KH-CHI-02,2026-08-04,scheduled,Y
AP001449,KB0007914,KH-CHI-02,2026-08-04,walk-in,Y
AP001450,KB0007915,KH-CHI-02,2026-08-04,walk-in,Y
AP001451,KB0007910,KH-CHI-03,2026-08-04,scheduled,Y
AP001452,KB0007861,KH-DAL-02,2026-08-04,walk-in,Y
AP001453,KB0007862,KH-DAL-02,2026-08-04,scheduled,Y
AP001454,KB0007872,KH-DAL-02,2026-08-04,walk-in,Y
AP001455,KB0008058,KH-DAL-02,2026-08-04,scheduled,N
AP001456,KB0007865,KH-DAL-03,2026-08-04,walk-in,Y
AP001457,KB0007870,KH-DAL-03,2026-08-04,walk-in,Y
AP001458,KB0007871,KH-DAL-03,2026-08-04,scheduled,Y
AP001459,KB0007873,KH-DAL-03,2026-08-04,walk-in,Y
AP001460,KB0007895,KH-NYC-02,2026-08-04,walk-in,Y
AP001461,KB0007897,KH-NYC-02,2026-08-04,walk-in,Y
AP001462,KB0007901,KH-NYC-02,2026-08-04,walk-in,Y
AP001463,KB0007904,KH-NYC-02,2026-08-04,walk-in,Y
AP001464,KB0007893,KH-NYC-03,2026-08-04,scheduled,Y
AP001465,KB0007894,KH-NYC-03,2026-08-04,walk-in,Y
AP001466,KB0007896,KH-NYC-03,2026-08-04,scheduled,Y
AP001467,KB0007898,KH-NYC-03,2026-08-04,scheduled,Y
AP001468,KB0007933,KH-PHI-02,2026-08-04,walk-in,Y
AP001469,KB0007930,KH-PHI-03,2026-08-04,scheduled,Y
AP001470,KB0007877,KH-PHX-02,2026-08-04,scheduled,Y
AP001471,KB0007878,KH-PHX-02,2026-08-04,scheduled,Y
AP001472,KB0007879,KH-PHX-02,2026-08-04,scheduled,Y
AP001473,KB0007882,KH-PHX-02,2026-08-04,scheduled,Y
AP001474,KB0007886,KH-PHX-02,2026-08-04,walk-in,Y
AP001475,KB0007890,KH-PHX-02,2026-08-04,scheduled,Y
AP001476,KB0007881,KH-PHX-03,2026-08-04,scheduled,Y
AP001477,KB0007885,KH-PHX-03,2026-08-04,scheduled,Y
AP001478,KB0007889,KH-PHX-03,2026-08-04,scheduled,Y
AP001479,KB0008270,KH-PHX-03,2026-08-04,scheduled,N
AP001480,KB0007973,KH-ATL-02,2026-08-05,scheduled,Y
AP001481,KB0007976,KH-ATL-02,2026-08-05,scheduled,Y
AP001482,KB0007979,KH-ATL-02,2026-08-05,walk-in,Y
AP001483,KB0007980,KH-ATL-02,2026-08-05,walk-in,Y
AP001484,KB0008363,KH-ATL-02,2026-08-05,scheduled,N
AP001485,KB0007967,KH-CHI-03,2026-08-05,scheduled,Y
AP001486,KB0007968,KH-CHI-03,2026-08-05,walk-in,Y
AP001487,KB0007969,KH-CHI-03,2026-08-05,walk-in,Y
AP001488,KB0007970,KH-CHI-03,2026-08-05,walk-in,Y
AP001489,KB0007936,KH-DAL-02,2026-08-05,walk-in,Y
AP001490,KB0007938,KH-DAL-02,2026-08-05,scheduled,Y
AP001491,KB0007942,KH-DAL-02,2026-08-05,walk-in,Y
AP001492,KB0008062,KH-DAL-02,2026-08-05,scheduled,N
AP001493,KB0008194,KH-DAL-02,2026-08-05,scheduled,N
AP001494,KB0007940,KH-DAL-03,2026-08-05,scheduled,Y
AP001495,KB0007941,KH-DAL-03,2026-08-05,scheduled,Y
AP001496,KB0007943,KH-DAL-03,2026-08-05,scheduled,Y
AP001497,KB0007957,KH-NYC-02,2026-08-05,scheduled,Y
AP001498,KB0007960,KH-NYC-02,2026-08-05,walk-in,Y
AP001499,KB0007963,KH-NYC-02,2026-08-05,walk-in,Y
AP001500,KB0007964,KH-NYC-02,2026-08-05,walk-in,Y
AP001501,KB0007959,KH-NYC-03,2026-08-05,scheduled,Y
AP001502,KB0007962,KH-NYC-03,2026-08-05,walk-in,Y
AP001503,KB0008341,KH-NYC-03,2026-08-05,scheduled,N
AP001504,KB0007985,KH-PHI-02,2026-08-05,scheduled,Y
AP001505,KB0007984,KH-PHI-03,2026-08-05,walk-in,Y
AP001506,KB0007987,KH-PHI-03,2026-08-05,walk-in,Y
AP001507,KB0008376,KH-PHI-03,2026-08-05,scheduled,N
AP001508,KB0007946,KH-PHX-02,2026-08-05,walk-in,Y
AP001509,KB0007948,KH-PHX-02,2026-08-05,walk-in,Y
AP001510,KB0007954,KH-PHX-02,2026-08-05,scheduled,Y
AP001511,KB0008198,KH-PHX-02,2026-08-05,scheduled,N
AP001512,KB0007947,KH-PHX-03,2026-08-05,scheduled,Y
AP001513,KB0007949,KH-PHX-03,2026-08-05,walk-in,Y
AP001514,KB0007952,KH-PHX-03,2026-08-05,walk-in,Y
AP001515,KB0007953,KH-PHX-03,2026-08-05,walk-in,Y
AP001516,KB0008395,KH-PHX-03,2026-08-05,scheduled,N
AP001517,KB0008039,KH-ATL-02,2026-08-06,scheduled,Y
AP001518,KB0008041,KH-ATL-02,2026-08-06,walk-in,Y
AP001519,KB0008042,KH-ATL-02,2026-08-06,walk-in,Y
AP001520,KB0008045,KH-ATL-02,2026-08-06,scheduled,Y
AP001521,KB0008046,KH-ATL-02,2026-08-06,walk-in,Y
AP001522,KB0008040,KH-ATL-03,2026-08-06,scheduled,Y
AP001523,KB0008044,KH-ATL-03,2026-08-06,scheduled,Y
AP001524,KB0008034,KH-CHI-02,2026-08-06,walk-in,Y
AP001525,KB0008036,KH-CHI-02,2026-08-06,walk-in,Y
AP001526,KB0008032,KH-CHI-03,2026-08-06,scheduled,N
AP001527,KB0008033,KH-CHI-03,2026-08-06,scheduled,N
AP001528,KB0008037,KH-CHI-03,2026-08-06,scheduled,Y
AP001529,KB0007995,KH-DAL-02,2026-08-06,walk-in,Y
AP001530,KB0007996,KH-DAL-02,2026-08-06,walk-in,Y
AP001531,KB0008000,KH-DAL-02,2026-08-06,walk-in,Y
AP001532,KB0007997,KH-DAL-03,2026-08-06,walk-in,Y
AP001533,KB0008003,KH-DAL-03,2026-08-06,scheduled,Y
AP001534,KB0008026,KH-NYC-02,2026-08-06,walk-in,Y
AP001535,KB0008027,KH-NYC-02,2026-08-06,walk-in,Y
AP001536,KB0008028,KH-NYC-02,2026-08-06,walk-in,Y
AP001537,KB0008624,KH-NYC-02,2026-08-06,scheduled,N
AP001538,KB0008024,KH-NYC-03,2026-08-06,walk-in,Y
AP001539,KB0008029,KH-NYC-03,2026-08-06,walk-in,Y
AP001540,KB0008031,KH-NYC-03,2026-08-06,walk-in,Y
AP001541,KB0008047,KH-PHI-02,2026-08-06,walk-in,Y
AP001542,KB0008052,KH-PHI-02,2026-08-06,walk-in,Y
AP001543,KB0008051,KH-PHI-03,2026-08-06,walk-in,Y
AP001544,KB0008053,KH-PHI-03,2026-08-06,scheduled,Y
AP001545,KB0008007,KH-PHX-02,2026-08-06,walk-in,Y
AP001546,KB0008008,KH-PHX-02,2026-08-06,scheduled,Y
AP001547,KB0008010,KH-PHX-02,2026-08-06,scheduled,Y
AP001548,KB0008014,KH-PHX-02,2026-08-06,scheduled,Y
AP001549,KB0008016,KH-PHX-02,2026-08-06,scheduled,Y
AP001550,KB0008022,KH-PHX-02,2026-08-06,scheduled,Y
AP001551,KB0008009,KH-PHX-03,2026-08-06,walk-in,Y
AP001552,KB0008011,KH-PHX-03,2026-08-06,scheduled,Y
AP001553,KB0008210,KH-PHX-03,2026-08-06,scheduled,N
AP001554,KB0008113,KH-ATL-02,2026-08-07,scheduled,Y
AP001555,KB0008115,KH-ATL-02,2026-08-07,scheduled,Y
AP001556,KB0008118,KH-ATL-02,2026-08-07,scheduled,Y
AP001557,KB0008120,KH-ATL-02,2026-08-07,scheduled,Y
AP001558,KB0008121,KH-ATL-02,2026-08-07,walk-in,Y
AP001559,KB0008122,KH-ATL-02,2026-08-07,scheduled,Y
AP001560,KB0008123,KH-ATL-02,2026-08-07,walk-in,Y
AP001561,KB0008114,KH-ATL-03,2026-08-07,scheduled,Y
AP001562,KB0008119,KH-ATL-03,2026-08-07,scheduled,Y
AP001563,KB0008110,KH-CHI-02,2026-08-07,walk-in,Y
AP001564,KB0008225,KH-CHI-02,2026-08-07,scheduled,N
AP001565,KB0008107,KH-CHI-03,2026-08-07,scheduled,Y
AP001566,KB0008108,KH-CHI-03,2026-08-07,scheduled,Y
AP001567,KB0008109,KH-CHI-03,2026-08-07,walk-in,Y
AP001568,KB0008055,KH-DAL-02,2026-08-07,walk-in,Y
AP001569,KB0008056,KH-DAL-02,2026-08-07,walk-in,Y
AP001570,KB0008058,KH-DAL-02,2026-08-07,scheduled,Y
AP001571,KB0008062,KH-DAL-02,2026-08-07,scheduled,Y
AP001572,KB0008065,KH-DAL-02,2026-08-07,scheduled,Y
AP001573,KB0008069,KH-DAL-02,2026-08-07,scheduled,Y
AP001574,KB0008071,KH-DAL-02,2026-08-07,walk-in,Y
AP001575,KB0008057,KH-DAL-03,2026-08-07,walk-in,Y
AP001576,KB0008061,KH-DAL-03,2026-08-07,scheduled,Y
AP001577,KB0008064,KH-DAL-03,2026-08-07,scheduled,Y
AP001578,KB0008068,KH-DAL-03,2026-08-07,walk-in,Y
AP001579,KB0008095,KH-NYC-02,2026-08-07,scheduled,Y
AP001580,KB0008106,KH-NYC-02,2026-08-07,walk-in,Y
AP001581,KB0008092,KH-NYC-03,2026-08-07,walk-in,Y
AP001582,KB0008098,KH-NYC-03,2026-08-07,scheduled,Y
AP001583,KB0008102,KH-NYC-03,2026-08-07,scheduled,Y
AP001584,KB0008104,KH-NYC-03,2026-08-07,walk-in,Y
AP001585,KB0008125,KH-PHI-02,2026-08-07,scheduled,Y
AP001586,KB0008126,KH-PHI-02,2026-08-07,walk-in,Y
AP001587,KB0008129,KH-PHI-02,2026-08-07,scheduled,Y
AP001588,KB0008130,KH-PHI-02,2026-08-07,scheduled,Y
AP001589,KB0008127,KH-PHI-03,2026-08-07,scheduled,Y
AP001590,KB0008072,KH-PHX-02,2026-08-07,walk-in,Y
AP001591,KB0008075,KH-PHX-02,2026-08-07,scheduled,Y
AP001592,KB0008079,KH-PHX-02,2026-08-07,scheduled,Y
AP001593,KB0008080,KH-PHX-02,2026-08-07,walk-in,Y
AP001594,KB0008081,KH-PHX-02,2026-08-07,walk-in,Y
AP001595,KB0008082,KH-PHX-02,2026-08-07,scheduled,Y
AP001596,KB0008086,KH-PHX-02,2026-08-07,scheduled,Y
AP001597,KB0008087,KH-PHX-02,2026-08-07,scheduled,Y
AP001598,KB0008073,KH-PHX-03,2026-08-07,scheduled,Y
AP001599,KB0008076,KH-PHX-03,2026-08-07,scheduled,Y
AP001600,KB0008077,KH-PHX-03,2026-08-07,walk-in,Y
AP001601,KB0008083,KH-PHX-03,2026-08-07,walk-in,Y
AP001602,KB0008084,KH-PHX-03,2026-08-07,walk-in,Y
AP001603,KB0008085,KH-PHX-03,2026-08-07,scheduled,Y
AP001604,KB0008088,KH-PHX-03,2026-08-07,walk-in,Y
AP001605,KB0008090,KH-PHX-03,2026-08-07,scheduled,Y
AP001606,KB0008172,KH-ATL-02,2026-08-08,walk-in,Y
AP001607,KB0008175,KH-ATL-02,2026-08-08,walk-in,Y
AP001608,KB0008176,KH-ATL-02,2026-08-08,scheduled,Y
AP001609,KB0008177,KH-ATL-02,2026-08-08,walk-in,Y
AP001610,KB0008165,KH-CHI-02,2026-08-08,walk-in,Y
AP001611,KB0008166,KH-CHI-02,2026-08-08,walk-in,Y
AP001612,KB0008170,KH-CHI-02,2026-08-08,scheduled,Y
AP001613,KB0008168,KH-CHI-03,2026-08-08,scheduled,Y
AP001614,KB0008169,KH-CHI-03,2026-08-08,scheduled,Y
AP001615,KB0008136,KH-DAL-02,2026-08-08,scheduled,Y
AP001616,KB0008137,KH-DAL-02,2026-08-08,walk-in,Y
AP001617,KB0008140,KH-DAL-02,2026-08-08,walk-in,Y
AP001618,KB0008142,KH-DAL-02,2026-08-08,walk-in,Y
AP001619,KB0008145,KH-DAL-02,2026-08-08,walk-in,Y
AP001620,KB0008146,KH-DAL-02,2026-08-08,walk-in,Y
AP001621,KB0008131,KH-DAL-03,2026-08-08,scheduled,Y
AP001622,KB0008134,KH-DAL-03,2026-08-08,scheduled,Y
AP001623,KB0008135,KH-DAL-03,2026-08-08,walk-in,Y
AP001624,KB0008138,KH-DAL-03,2026-08-08,walk-in,Y
AP001625,KB0008143,KH-DAL-03,2026-08-08,scheduled,Y
AP001626,KB0008144,KH-DAL-03,2026-08-08,walk-in,Y
AP001627,KB0008155,KH-NYC-02,2026-08-08,scheduled,Y
AP001628,KB0008154,KH-NYC-03,2026-08-08,scheduled,Y
AP001629,KB0008157,KH-NYC-03,2026-08-08,scheduled,Y
AP001630,KB0008159,KH-NYC-03,2026-08-08,scheduled,Y
AP001631,KB0008160,KH-NYC-03,2026-08-08,scheduled,Y
AP001632,KB0008179,KH-PHI-02,2026-08-08,walk-in,Y
AP001633,KB0008182,KH-PHI-02,2026-08-08,scheduled,Y
AP001634,KB0008151,KH-PHX-02,2026-08-08,scheduled,Y
AP001635,KB0008152,KH-PHX-02,2026-08-08,walk-in,Y
AP001636,KB0008147,KH-PHX-03,2026-08-08,walk-in,Y
AP001637,KB0008150,KH-PHX-03,2026-08-08,walk-in,Y
AP001638,KB0008229,KH-ATL-02,2026-08-09,walk-in,Y
AP001639,KB0008231,KH-ATL-02,2026-08-09,scheduled,Y
AP001640,KB0008233,KH-ATL-02,2026-08-09,scheduled,Y
AP001641,KB0008374,KH-ATL-02,2026-08-09,scheduled,N
AP001642,KB0008232,KH-ATL-03,2026-08-09,scheduled,Y
AP001643,KB0008237,KH-ATL-03,2026-08-09,scheduled,Y
AP001644,KB0008225,KH-CHI-02,2026-08-09,scheduled,Y
AP001645,KB0008227,KH-CHI-02,2026-08-09,walk-in,Y
AP001646,KB0008226,KH-CHI-03,2026-08-09,walk-in,Y
AP001647,KB0008746,KH-CHI-03,2026-08-09,scheduled,N
AP001648,KB0008183,KH-DAL-02,2026-08-09,walk-in,Y
AP001649,KB0008187,KH-DAL-02,2026-08-09,scheduled,Y
AP001650,KB0008189,KH-DAL-02,2026-08-09,walk-in,Y
AP001651,KB0008193,KH-DAL-02,2026-08-09,scheduled,Y
AP001652,KB0008194,KH-DAL-02,2026-08-09,scheduled,Y
AP001653,KB0008520,KH-DAL-02,2026-08-09,scheduled,N
AP001654,KB0008652,KH-DAL-02,2026-08-09,scheduled,N
AP001655,KB0008704,KH-DAL-02,2026-08-09,scheduled,N
AP001656,KB0008188,KH-DAL-03,2026-08-09,walk-in,Y
AP001657,KB0008191,KH-DAL-03,2026-08-09,scheduled,Y
AP001658,KB0008195,KH-DAL-03,2026-08-09,walk-in,Y
AP001659,KB0008196,KH-DAL-03,2026-08-09,scheduled,Y
AP001660,KB0008214,KH-NYC-02,2026-08-09,scheduled,Y
AP001661,KB0008219,KH-NYC-02,2026-08-09,walk-in,Y
AP001662,KB0008212,KH-NYC-03,2026-08-09,walk-in,Y
AP001663,KB0008213,KH-NYC-03,2026-08-09,scheduled,Y
AP001664,KB0008216,KH-NYC-03,2026-08-09,walk-in,Y
AP001665,KB0008220,KH-NYC-03,2026-08-09,walk-in,Y
AP001666,KB0008221,KH-NYC-03,2026-08-09,scheduled,Y
AP001667,KB0008238,KH-PHI-02,2026-08-09,scheduled,Y
AP001668,KB0008239,KH-PHI-02,2026-08-09,scheduled,Y
AP001669,KB0008241,KH-PHI-02,2026-08-09,walk-in,Y
AP001670,KB0008198,KH-PHX-02,2026-08-09,scheduled,Y
AP001671,KB0008202,KH-PHX-02,2026-08-09,walk-in,Y
AP001672,KB0008199,KH-PHX-03,2026-08-09,walk-in,Y
AP001673,KB0008203,KH-PHX-03,2026-08-09,scheduled,Y
AP001674,KB0008210,KH-PHX-03,2026-08-09,scheduled,Y
AP001675,KB0008295,KH-ATL-02,2026-08-10,scheduled,Y
AP001676,KB0008296,KH-ATL-02,2026-08-10,scheduled,Y
AP001677,KB0008298,KH-ATL-02,2026-08-10,walk-in,Y
AP001678,KB0008301,KH-ATL-02,2026-08-10,scheduled,Y
AP001679,KB0008302,KH-ATL-02,2026-08-10,scheduled,Y
AP001680,KB0008303,KH-ATL-02,2026-08-10,scheduled,Y
AP001681,KB0008307,KH-ATL-02,2026-08-10,scheduled,Y
AP001682,KB0008294,KH-CHI-02,2026-08-10,scheduled,Y
AP001683,KB0008289,KH-CHI-03,2026-08-10,walk-in,Y
AP001684,KB0008290,KH-CHI-03,2026-08-10,scheduled,Y
AP001685,KB0008293,KH-CHI-03,2026-08-10,scheduled,Y
AP001686,KB0008244,KH-DAL-02,2026-08-10,walk-in,Y
AP001687,KB0008255,KH-DAL-02,2026-08-10,walk-in,Y
AP001688,KB0008257,KH-DAL-02,2026-08-10,walk-in,Y
AP001689,KB0008258,KH-DAL-02,2026-08-10,walk-in,Y
AP001690,KB0008581,KH-DAL-02,2026-08-10,scheduled,N
AP001691,KB0008242,KH-DAL-03,2026-08-10,scheduled,Y
AP001692,KB0008243,KH-DAL-03,2026-08-10,walk-in,Y
AP001693,KB0008246,KH-DAL-03,2026-08-10,scheduled,Y
AP001694,KB0008247,KH-DAL-03,2026-08-10,walk-in,Y
AP001695,KB0008250,KH-DAL-03,2026-08-10,walk-in,Y
AP001696,KB0008251,KH-DAL-03,2026-08-10,walk-in,Y
AP001697,KB0008252,KH-DAL-03,2026-08-10,scheduled,Y
AP001698,KB0008253,KH-DAL-03,2026-08-10,scheduled,Y
AP001699,KB0008276,KH-NYC-02,2026-08-10,scheduled,Y
AP001700,KB0008278,KH-NYC-02,2026-08-10,walk-in,Y
AP001701,KB0008277,KH-NYC-03,2026-08-10,walk-in,Y
AP001702,KB0008279,KH-NYC-03,2026-08-10,scheduled,Y
AP001703,KB0008281,KH-NYC-03,2026-08-10,walk-in,Y
AP001704,KB0008284,KH-NYC-03,2026-08-10,walk-in,Y
AP001705,KB0008286,KH-NYC-03,2026-08-10,scheduled,Y
AP001706,KB0008287,KH-NYC-03,2026-08-10,scheduled,Y
AP001707,KB0008871,KH-NYC-03,2026-08-10,scheduled,N
AP001708,KB0008309,KH-PHI-02,2026-08-10,scheduled,Y
AP001709,KB0008261,KH-PHX-02,2026-08-10,scheduled,Y
AP001710,KB0008275,KH-PHX-02,2026-08-10,scheduled,N
AP001711,KB0008260,KH-PHX-03,2026-08-10,scheduled,Y
AP001712,KB0008264,KH-PHX-03,2026-08-10,walk-in,Y
AP001713,KB0008267,KH-PHX-03,2026-08-10,scheduled,Y
AP001714,KB0008270,KH-PHX-03,2026-08-10,scheduled,Y
AP001715,KB0008274,KH-PHX-03,2026-08-10,walk-in,Y
AP001716,KB0008363,KH-ATL-02,2026-08-11,scheduled,Y
AP001717,KB0008364,KH-ATL-02,2026-08-11,walk-in,Y
AP001718,KB0008365,KH-ATL-02,2026-08-11,scheduled,Y
AP001719,KB0008366,KH-ATL-02,2026-08-11,walk-in,Y
AP001720,KB0008367,KH-ATL-02,2026-08-11,scheduled,Y
AP001721,KB0008371,KH-ATL-02,2026-08-11,walk-in,Y
AP001722,KB0008373,KH-ATL-02,2026-08-11,walk-in,Y
AP001723,KB0008374,KH-ATL-02,2026-08-11,scheduled,Y
AP001724,KB0008368,KH-ATL-03,2026-08-11,scheduled,Y
AP001725,KB0008758,KH-ATL-03,2026-08-11,scheduled,N
AP001726,KB0008355,KH-CHI-02,2026-08-11,walk-in,Y
AP001727,KB0008358,KH-CHI-02,2026-08-11,walk-in,Y
AP001728,KB0008360,KH-CHI-02,2026-08-11,walk-in,Y
AP001729,KB0008359,KH-CHI-03,2026-08-11,scheduled,Y
AP001730,KB0008361,KH-CHI-03,2026-08-11,scheduled,Y
AP001731,KB0008312,KH-DAL-02,2026-08-11,walk-in,Y
AP001732,KB0008318,KH-DAL-02,2026-08-11,scheduled,Y
AP001733,KB0008317,KH-DAL-03,2026-08-11,scheduled,Y
AP001734,KB0008320,KH-DAL-03,2026-08-11,walk-in,Y
AP001735,KB0008321,KH-DAL-03,2026-08-11,walk-in,Y
AP001736,KB0008323,KH-DAL-03,2026-08-11,scheduled,Y
AP001737,KB0008343,KH-NYC-02,2026-08-11,scheduled,Y
AP001738,KB0008348,KH-NYC-02,2026-08-11,walk-in,Y
AP001739,KB0008349,KH-NYC-02,2026-08-11,scheduled,Y
AP001740,KB0008352,KH-NYC-02,2026-08-11,walk-in,Y
AP001741,KB0008341,KH-NYC-03,2026-08-11,scheduled,Y
AP001742,KB0008344,KH-NYC-03,2026-08-11,walk-in,Y
AP001743,KB0008346,KH-NYC-03,2026-08-11,walk-in,Y
AP001744,KB0008351,KH-NYC-03,2026-08-11,walk-in,Y
AP001745,KB0008375,KH-PHI-02,2026-08-11,walk-in,Y
AP001746,KB0008376,KH-PHI-03,2026-08-11,scheduled,Y
AP001747,KB0008377,KH-PHI-03,2026-08-11,walk-in,Y
AP001748,KB0008905,KH-PHI-03,2026-08-11,scheduled,N
AP001749,KB0008328,KH-PHX-02,2026-08-11,scheduled,Y
AP001750,KB0008329,KH-PHX-02,2026-08-11,walk-in,Y
AP001751,KB0008335,KH-PHX-02,2026-08-11,scheduled,Y
AP001752,KB0008340,KH-PHX-02,2026-08-11,walk-in,Y
AP001753,KB0008326,KH-PHX-03,2026-08-11,scheduled,N
AP001754,KB0008333,KH-PHX-03,2026-08-11,walk-in,Y
AP001755,KB0008337,KH-PHX-03,2026-08-11,walk-in,Y
AP001756,KB0008338,KH-PHX-03,2026-08-11,walk-in,Y
AP001757,KB0008426,KH-ATL-02,2026-08-12,walk-in,Y
AP001758,KB0008430,KH-ATL-02,2026-08-12,scheduled,Y
AP001759,KB0008433,KH-ATL-02,2026-08-12,walk-in,Y
AP001760,KB0008420,KH-CHI-02,2026-08-12,walk-in,Y
AP001761,KB0008425,KH-CHI-03,2026-08-12,scheduled,Y
AP001762,KB0008556,KH-CHI-03,2026-08-12,scheduled,N
AP001763,KB0008378,KH-DAL-02,2026-08-12,walk-in,Y
AP001764,KB0008379,KH-DAL-02,2026-08-12,scheduled,Y
AP001765,KB0008381,KH-DAL-02,2026-08-12,walk-in,Y
AP001766,KB0008382,KH-DAL-02,2026-08-12,walk-in,Y
AP001767,KB0008387,KH-DAL-03,2026-08-12,walk-in,Y
AP001768,KB0008651,KH-DAL-03,2026-08-12,scheduled,N
AP001769,KB0008409,KH-NYC-02,2026-08-12,scheduled,Y
AP001770,KB0008410,KH-NYC-02,2026-08-12,scheduled,Y
AP001771,KB0008415,KH-NYC-02,2026-08-12,scheduled,Y
AP001772,KB0008673,KH-NYC-02,2026-08-12,scheduled,N
AP001773,KB0008407,KH-NYC-03,2026-08-12,scheduled,Y
AP001774,KB0008408,KH-NYC-03,2026-08-12,scheduled,Y
AP001775,KB0008411,KH-NYC-03,2026-08-12,scheduled,Y
AP001776,KB0008413,KH-NYC-03,2026-08-12,scheduled,Y
AP001777,KB0008437,KH-PHI-03,2026-08-12,scheduled,N
AP001778,KB0008438,KH-PHI-03,2026-08-12,walk-in,Y
AP001779,KB0008793,KH-PHX-02,2026-08-12,scheduled,N
AP001780,KB0008392,KH-PHX-03,2026-08-12,walk-in,Y
AP001781,KB0008395,KH-PHX-03,2026-08-12,scheduled,Y
AP001782,KB0008400,KH-PHX-03,2026-08-12,scheduled,Y
AP001783,KB0008403,KH-PHX-03,2026-08-12,walk-in,Y
AP001784,KB0008404,KH-PHX-03,2026-08-12,walk-in,Y
AP001785,KB0008405,KH-PHX-03,2026-08-12,walk-in,Y
AP001786,KB0008406,KH-PHX-03,2026-08-12,walk-in,Y
AP001787,KB0008494,KH-ATL-02,2026-08-13,scheduled,Y
AP001788,KB0008496,KH-ATL-02,2026-08-13,walk-in,Y
AP001789,KB0008498,KH-ATL-02,2026-08-13,scheduled,Y
AP001790,KB0008501,KH-ATL-02,2026-08-13,scheduled,Y
AP001791,KB0008502,KH-ATL-02,2026-08-13,scheduled,Y
AP001792,KB0008484,KH-CHI-02,2026-08-13,scheduled,Y
AP001793,KB0008488,KH-CHI-02,2026-08-13,walk-in,Y
AP001794,KB0008493,KH-CHI-02,2026-08-13,walk-in,Y
AP001795,KB0008485,KH-CHI-03,2026-08-13,scheduled,Y
AP001796,KB0008490,KH-CHI-03,2026-08-13,scheduled,Y
AP001797,KB0008491,KH-CHI-03,2026-08-13,scheduled,Y
AP001798,KB0008492,KH-CHI-03,2026-08-13,scheduled,Y
AP001799,KB0008446,KH-DAL-02,2026-08-13,walk-in,Y
AP001800,KB0008447,KH-DAL-02,2026-08-13,walk-in,Y
AP001801,KB0008449,KH-DAL-02,2026-08-13,scheduled,Y
AP001802,KB0008453,KH-DAL-02,2026-08-13,scheduled,Y
AP001803,KB0008454,KH-DAL-02,2026-08-13,walk-in,Y
AP001804,KB0008456,KH-DAL-02,2026-08-13,scheduled,Y
AP001805,KB0008439,KH-DAL-03,2026-08-13,walk-in,Y
AP001806,KB0008444,KH-DAL-03,2026-08-13,walk-in,Y
AP001807,KB0008476,KH-NYC-02,2026-08-13,scheduled,Y
AP001808,KB0008477,KH-NYC-02,2026-08-13,walk-in,Y
AP001809,KB0008478,KH-NYC-02,2026-08-13,walk-in,Y
AP001810,KB0008479,KH-NYC-02,2026-08-13,scheduled,Y
AP001811,KB0008481,KH-NYC-02,2026-08-13,walk-in,Y
AP001812,KB0008473,KH-NYC-03,2026-08-13,walk-in,Y
AP001813,KB0008474,KH-NYC-03,2026-08-13,walk-in,Y
AP001814,KB0008506,KH-PHI-02,2026-08-13,scheduled,Y
AP001815,KB0008507,KH-PHI-02,2026-08-13,scheduled,Y
AP001816,KB0008504,KH-PHI-03,2026-08-13,scheduled,Y
AP001817,KB0008471,KH-PHX-02,2026-08-13,scheduled,Y
AP001818,KB0008458,KH-PHX-03,2026-08-13,walk-in,Y
AP001819,KB0008460,KH-PHX-03,2026-08-13,scheduled,Y
AP001820,KB0008467,KH-PHX-03,2026-08-13,scheduled,Y
AP001821,KB0008723,KH-PHX-03,2026-08-13,scheduled,N
AP001822,KB0008564,KH-ATL-02,2026-08-14,walk-in,Y
AP001823,KB0008565,KH-ATL-02,2026-08-14,walk-in,Y
AP001824,KB0008566,KH-ATL-02,2026-08-14,scheduled,Y
AP001825,KB0008567,KH-ATL-02,2026-08-14,walk-in,Y
AP001826,KB0008569,KH-ATL-02,2026-08-14,walk-in,Y
AP001827,KB0008570,KH-ATL-02,2026-08-14,walk-in,Y
AP001828,KB0008557,KH-CHI-02,2026-08-14,walk-in,Y
AP001829,KB0008561,KH-CHI-02,2026-08-14,scheduled,Y
AP001830,KB0008553,KH-CHI-03,2026-08-14,scheduled,Y
AP001831,KB0008555,KH-CHI-03,2026-08-14,scheduled,Y
AP001832,KB0008556,KH-CHI-03,2026-08-14,scheduled,Y
AP001833,KB0008559,KH-CHI-03,2026-08-14,walk-in,Y
AP001834,KB0009025,KH-CHI-03,2026-08-14,scheduled,N
AP001835,KB0008511,KH-DAL-02,2026-08-14,walk-in,Y
AP001836,KB0008515,KH-DAL-02,2026-08-14,walk-in,Y
AP001837,KB0008517,KH-DAL-02,2026-08-14,walk-in,Y
AP001838,KB0008519,KH-DAL-02,2026-08-14,scheduled,Y
AP001839,KB0008520,KH-DAL-02,2026-08-14,scheduled,Y
AP001840,KB0008521,KH-DAL-03,2026-08-14,scheduled,Y
AP001841,KB0008523,KH-DAL-03,2026-08-14,walk-in,Y
AP001842,KB0008544,KH-NYC-02,2026-08-14,scheduled,Y
AP001843,KB0008545,KH-NYC-02,2026-08-14,scheduled,N
AP001844,KB0008547,KH-NYC-02,2026-08-14,scheduled,Y
AP001845,KB0008548,KH-NYC-02,2026-08-14,walk-in,Y
AP001846,KB0008549,KH-NYC-02,2026-08-14,walk-in,Y
AP001847,KB0008541,KH-NYC-03,2026-08-14,scheduled,Y
AP001848,KB0008546,KH-NYC-03,2026-08-14,walk-in,Y
AP001849,KB0008550,KH-NYC-03,2026-08-14,scheduled,Y
AP001850,KB0008572,KH-PHI-02,2026-08-14,walk-in,Y
AP001851,KB0008573,KH-PHI-02,2026-08-14,scheduled,Y
AP001852,KB0008575,KH-PHI-03,2026-08-14,scheduled,Y
AP001853,KB0008532,KH-PHX-02,2026-08-14,scheduled,Y
AP001854,KB0008534,KH-PHX-02,2026-08-14,walk-in,Y
AP001855,KB0008539,KH-PHX-02,2026-08-14,scheduled,Y
AP001856,KB0008525,KH-PHX-03,2026-08-14,scheduled,Y
AP001857,KB0008527,KH-PHX-03,2026-08-14,scheduled,Y
AP001858,KB0008530,KH-PHX-03,2026-08-14,walk-in,Y
AP001859,KB0008533,KH-PHX-03,2026-08-14,walk-in,Y
AP001860,KB0008536,KH-PHX-03,2026-08-14,walk-in,Y
AP001861,KB0008634,KH-ATL-02,2026-08-15,scheduled,Y
AP001862,KB0008637,KH-ATL-02,2026-08-15,scheduled,Y
AP001863,KB0008638,KH-ATL-02,2026-08-15,walk-in,Y
AP001864,KB0008639,KH-ATL-02,2026-08-15,walk-in,Y
AP001865,KB0008640,KH-ATL-02,2026-08-15,scheduled,Y
AP001866,KB0008629,KH-CHI-02,2026-08-15,scheduled,Y
AP001867,KB0008626,KH-CHI-03,2026-08-15,scheduled,Y
AP001868,KB0008631,KH-CHI-03,2026-08-15,scheduled,Y
AP001869,KB0008808,KH-CHI-03,2026-08-15,scheduled,N
AP001870,KB0008580,KH-DAL-02,2026-08-15,scheduled,Y
AP001871,KB0008581,KH-DAL-02,2026-08-15,scheduled,Y
AP001872,KB0008591,KH-DAL-02,2026-08-15,walk-in,Y
AP001873,KB0008576,KH-DAL-03,2026-08-15,scheduled,Y
AP001874,KB0008579,KH-DAL-03,2026-08-15,walk-in,Y
AP001875,KB0008584,KH-DAL-03,2026-08-15,scheduled,Y
AP001876,KB0008587,KH-DAL-03,2026-08-15,scheduled,Y
AP001877,KB0008588,KH-DAL-03,2026-08-15,scheduled,Y
AP001878,KB0008594,KH-DAL-03,2026-08-15,scheduled,Y
AP001879,KB0008615,KH-NYC-02,2026-08-15,walk-in,Y
AP001880,KB0008622,KH-NYC-02,2026-08-15,scheduled,Y
AP001881,KB0008624,KH-NYC-02,2026-08-15,scheduled,Y
AP001882,KB0008618,KH-NYC-03,2026-08-15,scheduled,Y
AP001883,KB0008619,KH-NYC-03,2026-08-15,scheduled,Y
AP001884,KB0008646,KH-PHI-02,2026-08-15,scheduled,Y
AP001885,KB0008647,KH-PHI-02,2026-08-15,scheduled,Y
AP001886,KB0008645,KH-PHI-03,2026-08-15,scheduled,Y
AP001887,KB0008648,KH-PHI-03,2026-08-15,walk-in,Y
AP001888,KB0008649,KH-PHI-03,2026-08-15,scheduled,Y
AP001889,KB0008978,KH-PHI-03,2026-08-15,scheduled,N
AP001890,KB0008598,KH-PHX-02,2026-08-15,walk-in,Y
AP001891,KB0008602,KH-PHX-02,2026-08-15,scheduled,Y
AP001892,KB0008604,KH-PHX-02,2026-08-15,walk-in,Y
AP001893,KB0008606,KH-PHX-02,2026-08-15,walk-in,Y
AP001894,KB0008607,KH-PHX-02,2026-08-15,walk-in,Y
AP001895,KB0008597,KH-PHX-03,2026-08-15,walk-in,Y
AP001896,KB0008599,KH-PHX-03,2026-08-15,walk-in,Y
AP001897,KB0008613,KH-PHX-03,2026-08-15,scheduled,Y
AP001898,KB0008683,KH-ATL-02,2026-08-16,scheduled,Y
AP001899,KB0008686,KH-ATL-02,2026-08-16,walk-in,Y
AP001900,KB0008690,KH-ATL-02,2026-08-16,scheduled,Y
AP001901,KB0008682,KH-ATL-03,2026-08-16,scheduled,Y
AP001902,KB0008687,KH-ATL-03,2026-08-16,walk-in,Y
AP001903,KB0008894,KH-ATL-03,2026-08-16,scheduled,N
AP001904,KB0008679,KH-CHI-02,2026-08-16,walk-in,Y
AP001905,KB0008677,KH-CHI-03,2026-08-16,walk-in,Y
AP001906,KB0008678,KH-CHI-03,2026-08-16,scheduled,Y
AP001907,KB0008681,KH-CHI-03,2026-08-16,walk-in,Y
AP001908,KB0008652,KH-DAL-02,2026-08-16,scheduled,Y
AP001909,KB0008655,KH-DAL-02,2026-08-16,walk-in,Y
AP001910,KB0008659,KH-DAL-02,2026-08-16,walk-in,Y
AP001911,KB0009223,KH-DAL-02,2026-08-16,scheduled,N
AP001912,KB0008651,KH-DAL-03,2026-08-16,scheduled,Y
AP001913,KB0008654,KH-DAL-03,2026-08-16,scheduled,Y
AP001914,KB0008657,KH-DAL-03,2026-08-16,walk-in,Y
AP001915,KB0008658,KH-DAL-03,2026-08-16,scheduled,Y
AP001916,KB0008913,KH-DAL-03,2026-08-16,scheduled,N
AP001917,KB0008984,KH-DAL-03,2026-08-16,scheduled,N
AP001918,KB0008668,KH-NYC-02,2026-08-16,walk-in,Y
AP001919,KB0008669,KH-NYC-02,2026-08-16,scheduled,Y
AP001920,KB0008670,KH-NYC-02,2026-08-16,scheduled,Y
AP001921,KB0008673,KH-NYC-02,2026-08-16,scheduled,Y
AP001922,KB0008675,KH-NYC-02,2026-08-16,scheduled,Y
AP001923,KB0008676,KH-NYC-03,2026-08-16,walk-in,Y
AP001924,KB0008693,KH-PHI-02,2026-08-16,scheduled,Y
AP001925,KB0008695,KH-PHI-02,2026-08-16,scheduled,Y
AP001926,KB0008694,KH-PHI-03,2026-08-16,scheduled,Y
AP001927,KB0008662,KH-PHX-02,2026-08-16,scheduled,Y
AP001928,KB0008666,KH-PHX-02,2026-08-16,scheduled,Y
AP001929,KB0008661,KH-PHX-03,2026-08-16,walk-in,Y
AP001930,KB0008663,KH-PHX-03,2026-08-16,scheduled,Y
AP001931,KB0008749,KH-ATL-02,2026-08-17,walk-in,Y
AP001932,KB0008750,KH-ATL-02,2026-08-17,walk-in,Y
AP001933,KB0008751,KH-ATL-02,2026-08-17,walk-in,Y
AP001934,KB0008753,KH-ATL-02,2026-08-17,scheduled,Y
AP001935,KB0008754,KH-ATL-02,2026-08-17,walk-in,Y
AP001936,KB0008755,KH-ATL-02,2026-08-17,scheduled,Y
AP001937,KB0008759,KH-ATL-02,2026-08-17,scheduled,Y
AP001938,KB0008758,KH-ATL-03,2026-08-17,scheduled,Y
AP001939,KB0008741,KH-CHI-02,2026-08-17,walk-in,Y
AP001940,KB0008744,KH-CHI-02,2026-08-17,walk-in,Y
AP001941,KB0008745,KH-CHI-02,2026-08-17,walk-in,Y
AP001942,KB0008748,KH-CHI-02,2026-08-17,walk-in,Y
AP001943,KB0008742,KH-CHI-03,2026-08-17,scheduled,Y
AP001944,KB0008746,KH-CHI-03,2026-08-17,scheduled,Y
AP001945,KB0008699,KH-DAL-02,2026-08-17,walk-in,Y
AP001946,KB0008700,KH-DAL-02,2026-08-17,walk-in,Y
AP001947,KB0008701,KH-DAL-02,2026-08-17,walk-in,Y
AP001948,KB0008704,KH-DAL-02,2026-08-17,scheduled,Y
AP001949,KB0008705,KH-DAL-02,2026-08-17,scheduled,Y
AP001950,KB0008708,KH-DAL-02,2026-08-17,scheduled,Y
AP001951,KB0008710,KH-DAL-02,2026-08-17,walk-in,Y
AP001952,KB0008698,KH-DAL-03,2026-08-17,walk-in,Y
AP001953,KB0008702,KH-DAL-03,2026-08-17,scheduled,Y
AP001954,KB0008703,KH-DAL-03,2026-08-17,walk-in,Y
AP001955,KB0008707,KH-DAL-03,2026-08-17,scheduled,Y
AP001956,KB0008709,KH-DAL-03,2026-08-17,scheduled,Y
AP001957,KB0008711,KH-DAL-03,2026-08-17,walk-in,Y
AP001958,KB0008731,KH-NYC-02,2026-08-17,walk-in,Y
AP001959,KB0008740,KH-NYC-02,2026-08-17,scheduled,Y
AP001960,KB0008727,KH-NYC-03,2026-08-17,walk-in,Y
AP001961,KB0008728,KH-NYC-03,2026-08-17,scheduled,Y
AP001962,KB0008733,KH-NYC-03,2026-08-17,walk-in,Y
AP001963,KB0008734,KH-NYC-03,2026-08-17,walk-in,Y
AP001964,KB0008735,KH-NYC-03,2026-08-17,walk-in,Y
AP001965,KB0008738,KH-NYC-03,2026-08-17,walk-in,Y
AP001966,KB0008739,KH-NYC-03,2026-08-17,scheduled,Y
AP001967,KB0008762,KH-PHI-02,2026-08-17,scheduled,Y
AP001968,KB0008766,KH-PHI-02,2026-08-17,scheduled,Y
AP001969,KB0008761,KH-PHI-03,2026-08-17,scheduled,Y
AP001970,KB0008764,KH-PHI-03,2026-08-17,walk-in,Y
AP001971,KB0008767,KH-PHI-03,2026-08-17,scheduled,Y
AP001972,KB0008718,KH-PHX-02,2026-08-17,walk-in,Y
AP001973,KB0008724,KH-PHX-02,2026-08-17,scheduled,Y
AP001974,KB0008725,KH-PHX-02,2026-08-17,walk-in,Y
AP001975,KB0008719,KH-PHX-03,2026-08-17,walk-in,Y
AP001976,KB0008720,KH-PHX-03,2026-08-17,scheduled,Y
AP001977,KB0008723,KH-PHX-03,2026-08-17,scheduled,Y
AP001978,KB0008815,KH-ATL-02,2026-08-18,walk-in,Y
AP001979,KB0008816,KH-ATL-02,2026-08-18,walk-in,Y
AP001980,KB0008817,KH-ATL-02,2026-08-18,walk-in,Y
AP001981,KB0008819,KH-ATL-02,2026-08-18,scheduled,Y
AP001982,KB0008820,KH-ATL-02,2026-08-18,walk-in,Y
AP001983,KB0008821,KH-ATL-02,2026-08-18,scheduled,Y
AP001984,KB0008822,KH-ATL-02,2026-08-18,scheduled,Y
AP001985,KB0008826,KH-ATL-02,2026-08-18,walk-in,Y
AP001986,KB0009149,KH-ATL-02,2026-08-18,scheduled,N
AP001987,KB0008818,KH-ATL-03,2026-08-18,scheduled,Y
AP001988,KB0009146,KH-ATL-03,2026-08-18,scheduled,N
AP001989,KB0008812,KH-CHI-02,2026-08-18,scheduled,Y
AP001990,KB0008808,KH-CHI-03,2026-08-18,scheduled,Y
AP001991,KB0008809,KH-CHI-03,2026-08-18,scheduled,Y
AP001992,KB0008810,KH-CHI-03,2026-08-18,walk-in,Y
AP001993,KB0008813,KH-CHI-03,2026-08-18,walk-in,Y
AP001994,KB0008814,KH-CHI-03,2026-08-18,scheduled,Y
AP001995,KB0008769,KH-DAL-02,2026-08-18,scheduled,Y
AP001996,KB0008779,KH-DAL-02,2026-08-18,scheduled,Y
AP001997,KB0008768,KH-DAL-03,2026-08-18,walk-in,Y
AP001998,KB0008773,KH-DAL-03,2026-08-18,walk-in,Y
AP001999,KB0008778,KH-DAL-03,2026-08-18,scheduled,Y
AP002000,KB0008782,KH-DAL-03,2026-08-18,walk-in,Y
AP002001,KB0008795,KH-NYC-02,2026-08-18,scheduled,Y
AP002002,KB0008802,KH-NYC-02,2026-08-18,walk-in,Y
AP002003,KB0008804,KH-NYC-02,2026-08-18,scheduled,Y
AP002004,KB0008806,KH-NYC-02,2026-08-18,scheduled,Y
AP002005,KB0008796,KH-NYC-03,2026-08-18,walk-in,Y
AP002006,KB0008799,KH-NYC-03,2026-08-18,scheduled,Y
AP002007,KB0008800,KH-NYC-03,2026-08-18,walk-in,Y
AP002008,KB0008801,KH-NYC-03,2026-08-18,scheduled,Y
AP002009,KB0008803,KH-NYC-03,2026-08-18,walk-in,Y
AP002010,KB0008805,KH-NYC-03,2026-08-18,walk-in,Y
AP002011,KB0008829,KH-PHI-02,2026-08-18,walk-in,Y
AP002012,KB0008832,KH-PHI-02,2026-08-18,walk-in,Y
AP002013,KB0008833,KH-PHI-03,2026-08-18,walk-in,Y
AP002014,KB0008784,KH-PHX-02,2026-08-18,walk-in,Y
AP002015,KB0008786,KH-PHX-02,2026-08-18,scheduled,Y
AP002016,KB0008793,KH-PHX-02,2026-08-18,scheduled,Y
AP002017,KB0008783,KH-PHX-03,2026-08-18,walk-in,Y
AP002018,KB0008791,KH-PHX-03,2026-08-18,scheduled,Y
AP002019,KB0008891,KH-ATL-02,2026-08-19,scheduled,Y
AP002020,KB0008893,KH-ATL-02,2026-08-19,scheduled,Y
AP002021,KB0008897,KH-ATL-02,2026-08-19,walk-in,Y
AP002022,KB0008898,KH-ATL-02,2026-08-19,walk-in,Y
AP002023,KB0008894,KH-ATL-03,2026-08-19,scheduled,Y
AP002024,KB0008885,KH-CHI-02,2026-08-19,scheduled,Y
AP002025,KB0008886,KH-CHI-03,2026-08-19,walk-in,Y
AP002026,KB0008888,KH-CHI-03,2026-08-19,scheduled,N
AP002027,KB0009088,KH-CHI-03,2026-08-19,scheduled,N
AP002028,KB0008837,KH-DAL-02,2026-08-19,walk-in,Y
AP002029,KB0008838,KH-DAL-02,2026-08-19,scheduled,Y
AP002030,KB0008844,KH-DAL-02,2026-08-19,scheduled,Y
AP002031,KB0008845,KH-DAL-02,2026-08-19,scheduled,Y
AP002032,KB0008851,KH-DAL-02,2026-08-19,walk-in,Y
AP002033,KB0008852,KH-DAL-02,2026-08-19,walk-in,Y
AP002034,KB0008839,KH-DAL-03,2026-08-19,walk-in,Y
AP002035,KB0008840,KH-DAL-03,2026-08-19,walk-in,Y
AP002036,KB0008842,KH-DAL-03,2026-08-19,walk-in,Y
AP002037,KB0008846,KH-DAL-03,2026-08-19,scheduled,Y
AP002038,KB0008848,KH-DAL-03,2026-08-19,walk-in,Y
AP002039,KB0008849,KH-DAL-03,2026-08-19,walk-in,Y
AP002040,KB0008873,KH-NYC-02,2026-08-19,scheduled,Y
AP002041,KB0008875,KH-NYC-02,2026-08-19,walk-in,Y
AP002042,KB0008876,KH-NYC-02,2026-08-19,walk-in,Y
AP002043,KB0008878,KH-NYC-02,2026-08-19,walk-in,Y
AP002044,KB0008880,KH-NYC-02,2026-08-19,walk-in,Y
AP002045,KB0008881,KH-NYC-02,2026-08-19,scheduled,Y
AP002046,KB0008871,KH-NYC-03,2026-08-19,scheduled,Y
AP002047,KB0008874,KH-NYC-03,2026-08-19,scheduled,Y
AP002048,KB0008877,KH-NYC-03,2026-08-19,scheduled,Y
AP002049,KB0008879,KH-NYC-03,2026-08-19,walk-in,Y
AP002050,KB0008901,KH-PHI-02,2026-08-19,walk-in,Y
AP002051,KB0008900,KH-PHI-03,2026-08-19,walk-in,Y
AP002052,KB0008905,KH-PHI-03,2026-08-19,scheduled,Y
AP002053,KB0008856,KH-PHX-02,2026-08-19,scheduled,Y
AP002054,KB0008858,KH-PHX-02,2026-08-19,scheduled,Y
AP002055,KB0008867,KH-PHX-02,2026-08-19,scheduled,Y
AP002056,KB0008868,KH-PHX-02,2026-08-19,walk-in,Y
AP002057,KB0008869,KH-PHX-02,2026-08-19,walk-in,Y
AP002058,KB0008961,KH-ATL-02,2026-08-20,walk-in,Y
AP002059,KB0008966,KH-ATL-02,2026-08-20,walk-in,Y
AP002060,KB0008968,KH-ATL-02,2026-08-20,walk-in,Y
AP002061,KB0008971,KH-ATL-02,2026-08-20,walk-in,Y
AP002062,KB0008972,KH-ATL-02,2026-08-20,walk-in,Y
AP002063,KB0008970,KH-ATL-03,2026-08-20,scheduled,Y
AP002064,KB0008959,KH-CHI-02,2026-08-20,walk-in,Y
AP002065,KB0008952,KH-CHI-03,2026-08-20,scheduled,Y
AP002066,KB0008953,KH-CHI-03,2026-08-20,scheduled,Y
AP002067,KB0008955,KH-CHI-03,2026-08-20,walk-in,Y
AP002068,KB0008956,KH-CHI-03,2026-08-20,scheduled,Y
AP002069,KB0008958,KH-CHI-03,2026-08-20,walk-in,Y
AP002070,KB0008906,KH-DAL-02,2026-08-20,scheduled,Y
AP002071,KB0008919,KH-DAL-02,2026-08-20,scheduled,Y
AP002072,KB0008921,KH-DAL-02,2026-08-20,scheduled,Y
AP002073,KB0009500,KH-DAL-02,2026-08-20,scheduled,N
AP002074,KB0008908,KH-DAL-03,2026-08-20,scheduled,Y
AP002075,KB0008911,KH-DAL-03,2026-08-20,scheduled,Y
AP002076,KB0008913,KH-DAL-03,2026-08-20,scheduled,Y
AP002077,KB0008915,KH-DAL-03,2026-08-20,scheduled,Y
AP002078,KB0008938,KH-NYC-02,2026-08-20,scheduled,Y
AP002079,KB0008942,KH-NYC-02,2026-08-20,scheduled,Y
AP002080,KB0008948,KH-NYC-02,2026-08-20,walk-in,Y
AP002081,KB0008950,KH-NYC-02,2026-08-20,scheduled,Y
AP002082,KB0008941,KH-NYC-03,2026-08-20,walk-in,Y
AP002083,KB0008945,KH-NYC-03,2026-08-20,scheduled,Y
AP002084,KB0008946,KH-NYC-03,2026-08-20,scheduled,Y
AP002085,KB0008947,KH-NYC-03,2026-08-20,walk-in,Y
AP002086,KB0008949,KH-NYC-03,2026-08-20,walk-in,Y
AP002087,KB0008974,KH-PHI-02,2026-08-20,walk-in,Y
AP002088,KB0008975,KH-PHI-02,2026-08-20,scheduled,Y
AP002089,KB0008979,KH-PHI-02,2026-08-20,scheduled,Y
AP002090,KB0008978,KH-PHI-03,2026-08-20,scheduled,Y
AP002091,KB0008925,KH-PHX-02,2026-08-20,walk-in,Y
AP002092,KB0008930,KH-PHX-02,2026-08-20,scheduled,Y
AP002093,KB0008931,KH-PHX-02,2026-08-20,scheduled,Y
AP002094,KB0008932,KH-PHX-02,2026-08-20,scheduled,Y
AP002095,KB0008933,KH-PHX-02,2026-08-20,scheduled,Y
AP002096,KB0008936,KH-PHX-02,2026-08-20,walk-in,Y
AP002097,KB0008924,KH-PHX-03,2026-08-20,walk-in,Y
AP002098,KB0008927,KH-PHX-03,2026-08-20,walk-in,Y
AP002099,KB0009170,KH-PHX-03,2026-08-20,scheduled,N
AP002100,KB0009036,KH-ATL-02,2026-08-21,scheduled,Y
AP002101,KB0009040,KH-ATL-02,2026-08-21,scheduled,Y
AP002102,KB0009042,KH-ATL-02,2026-08-21,scheduled,Y
AP002103,KB0009033,KH-ATL-03,2026-08-21,scheduled,Y
AP002104,KB0009038,KH-ATL-03,2026-08-21,scheduled,Y
AP002105,KB0009030,KH-CHI-02,2026-08-21,scheduled,Y
AP002106,KB0009025,KH-CHI-03,2026-08-21,scheduled,Y
AP002107,KB0009026,KH-CHI-03,2026-08-21,scheduled,Y
AP002108,KB0009029,KH-CHI-03,2026-08-21,walk-in,Y
AP002109,KB0008986,KH-DAL-02,2026-08-21,walk-in,Y
AP002110,KB0008987,KH-DAL-02,2026-08-21,scheduled,Y
AP002111,KB0008993,KH-DAL-02,2026-08-21,scheduled,Y
AP002112,KB0008997,KH-DAL-02,2026-08-21,scheduled,N
AP002113,KB0008998,KH-DAL-02,2026-08-21,walk-in,Y
AP002114,KB0008999,KH-DAL-02,2026-08-21,scheduled,Y
AP002115,KB0008984,KH-DAL-03,2026-08-21,scheduled,Y
AP002116,KB0008990,KH-DAL-03,2026-08-21,walk-in,Y
AP002117,KB0008994,KH-DAL-03,2026-08-21,scheduled,Y
AP002118,KB0009022,KH-NYC-02,2026-08-21,walk-in,Y
AP002119,KB0009377,KH-NYC-02,2026-08-21,scheduled,N
AP002120,KB0009019,KH-NYC-03,2026-08-21,scheduled,Y
AP002121,KB0009043,KH-PHI-03,2026-08-21,scheduled,Y
AP002122,KB0009045,KH-PHI-03,2026-08-21,scheduled,Y
AP002123,KB0009046,KH-PHI-03,2026-08-21,scheduled,Y
AP002124,KB0009012,KH-PHX-02,2026-08-21,scheduled,Y
AP002125,KB0009014,KH-PHX-02,2026-08-21,walk-in,Y
AP002126,KB0009001,KH-PHX-03,2026-08-21,walk-in,Y
AP002127,KB0009005,KH-PHX-03,2026-08-21,scheduled,Y
AP002128,KB0009006,KH-PHX-03,2026-08-21,scheduled,Y
AP002129,KB0009097,KH-ATL-02,2026-08-22,walk-in,Y
AP002130,KB0009098,KH-ATL-02,2026-08-22,walk-in,Y
AP002131,KB0009100,KH-ATL-02,2026-08-22,walk-in,Y
AP002132,KB0009104,KH-ATL-02,2026-08-22,scheduled,Y
AP002133,KB0009275,KH-ATL-03,2026-08-22,scheduled,N
AP002134,KB0009088,KH-CHI-03,2026-08-22,scheduled,Y
AP002135,KB0009089,KH-CHI-03,2026-08-22,scheduled,Y
AP002136,KB0009091,KH-CHI-03,2026-08-22,walk-in,Y
AP002137,KB0009093,KH-CHI-03,2026-08-22,walk-in,Y
AP002138,KB0009095,KH-CHI-03,2026-08-22,walk-in,Y
AP002139,KB0009590,KH-CHI-03,2026-08-22,scheduled,N
AP002140,KB0009050,KH-DAL-02,2026-08-22,scheduled,Y
AP002141,KB0009051,KH-DAL-02,2026-08-22,walk-in,Y
AP002142,KB0009055,KH-DAL-02,2026-08-22,walk-in,Y
AP002143,KB0009056,KH-DAL-02,2026-08-22,walk-in,Y
AP002144,KB0009061,KH-DAL-02,2026-08-22,walk-in,Y
AP002145,KB0009058,KH-DAL-03,2026-08-22,scheduled,Y
AP002146,KB0009060,KH-DAL-03,2026-08-22,walk-in,Y
AP002147,KB0009076,KH-NYC-02,2026-08-22,walk-in,Y
AP002148,KB0009078,KH-NYC-02,2026-08-22,walk-in,Y
AP002149,KB0009082,KH-NYC-02,2026-08-22,walk-in,Y
AP002150,KB0009077,KH-NYC-03,2026-08-22,scheduled,Y
AP002151,KB0009079,KH-NYC-03,2026-08-22,walk-in,Y
AP002152,KB0009083,KH-NYC-03,2026-08-22,scheduled,Y
AP002153,KB0009084,KH-NYC-03,2026-08-22,scheduled,Y
AP002154,KB0009085,KH-NYC-03,2026-08-22,walk-in,Y
AP002155,KB0009109,KH-PHI-02,2026-08-22,scheduled,Y
AP002156,KB0009105,KH-PHI-03,2026-08-22,scheduled,Y
AP002157,KB0009106,KH-PHI-03,2026-08-22,scheduled,Y
AP002158,KB0009107,KH-PHI-03,2026-08-22,scheduled,Y
AP002159,KB0009108,KH-PHI-03,2026-08-22,walk-in,Y
AP002160,KB0009065,KH-PHX-02,2026-08-22,walk-in,Y
AP002161,KB0009068,KH-PHX-02,2026-08-22,scheduled,Y
AP002162,KB0009071,KH-PHX-02,2026-08-22,scheduled,Y
AP002163,KB0009073,KH-PHX-02,2026-08-22,walk-in,Y
AP002164,KB0009070,KH-PHX-03,2026-08-22,scheduled,Y
AP002165,KB0009074,KH-PHX-03,2026-08-22,walk-in,Y
AP002166,KB0009148,KH-ATL-02,2026-08-23,walk-in,Y
AP002167,KB0009149,KH-ATL-02,2026-08-23,scheduled,Y
AP002168,KB0009146,KH-ATL-03,2026-08-23,scheduled,Y
AP002169,KB0009142,KH-CHI-03,2026-08-23,walk-in,Y
AP002170,KB0009262,KH-CHI-03,2026-08-23,scheduled,N
AP002171,KB0009113,KH-DAL-02,2026-08-23,walk-in,Y
AP002172,KB0009119,KH-DAL-02,2026-08-23,walk-in,Y
AP002173,KB0009120,KH-DAL-02,2026-08-23,scheduled,Y
AP002174,KB0009121,KH-DAL-02,2026-08-23,scheduled,Y
AP002175,KB0009112,KH-DAL-03,2026-08-23,walk-in,Y
AP002176,KB0009114,KH-DAL-03,2026-08-23,walk-in,Y
AP002177,KB0009115,KH-DAL-03,2026-08-23,scheduled,Y
AP002178,KB0009116,KH-DAL-03,2026-08-23,walk-in,Y
AP002179,KB0009117,KH-DAL-03,2026-08-23,walk-in,Y
AP002180,KB0009118,KH-DAL-03,2026-08-23,scheduled,Y
AP002181,KB0009134,KH-NYC-03,2026-08-23,walk-in,Y
AP002182,KB0009136,KH-NYC-03,2026-08-23,walk-in,Y
AP002183,KB0009139,KH-NYC-03,2026-08-23,scheduled,Y
AP002184,KB0009152,KH-PHI-02,2026-08-23,walk-in,Y
AP002185,KB0009153,KH-PHI-02,2026-08-23,scheduled,Y
AP002186,KB0009127,KH-PHX-02,2026-08-23,scheduled,Y
AP002187,KB0009128,KH-PHX-02,2026-08-23,scheduled,Y
AP002188,KB0009130,KH-PHX-02,2026-08-23,walk-in,Y
AP002189,KB0009124,KH-PHX-03,2026-08-23,scheduled,Y
AP002190,KB0009126,KH-PHX-03,2026-08-23,walk-in,Y
AP002191,KB0009129,KH-PHX-03,2026-08-23,walk-in,Y
AP002192,KB0009131,KH-PHX-03,2026-08-23,walk-in,Y
AP002193,KB0009202,KH-ATL-02,2026-08-24,walk-in,Y
AP002194,KB0009205,KH-ATL-02,2026-08-24,walk-in,Y
AP002195,KB0009211,KH-ATL-02,2026-08-24,walk-in,Y
AP002196,KB0009212,KH-ATL-03,2026-08-24,scheduled,Y
AP002197,KB0009193,KH-CHI-02,2026-08-24,scheduled,Y
AP002198,KB0009194,KH-CHI-02,2026-08-24,scheduled,Y
AP002199,KB0009198,KH-CHI-02,2026-08-24,walk-in,Y
AP002200,KB0009200,KH-CHI-02,2026-08-24,scheduled,Y
AP002201,KB0009197,KH-CHI-03,2026-08-24,walk-in,Y
AP002202,KB0009154,KH-DAL-02,2026-08-24,scheduled,Y
AP002203,KB0009156,KH-DAL-02,2026-08-24,walk-in,Y
AP002204,KB0009160,KH-DAL-02,2026-08-24,walk-in,Y
AP002205,KB0009167,KH-DAL-02,2026-08-24,walk-in,Y
AP002206,KB0009168,KH-DAL-02,2026-08-24,scheduled,Y
AP002207,KB0009169,KH-DAL-02,2026-08-24,walk-in,Y
AP002208,KB0009155,KH-DAL-03,2026-08-24,walk-in,Y
AP002209,KB0009164,KH-DAL-03,2026-08-24,walk-in,Y
AP002210,KB0009166,KH-DAL-03,2026-08-24,walk-in,Y
AP002211,KB0009184,KH-NYC-02,2026-08-24,walk-in,Y
AP002212,KB0009186,KH-NYC-02,2026-08-24,scheduled,Y
AP002213,KB0009185,KH-NYC-03,2026-08-24,scheduled,Y
AP002214,KB0009188,KH-NYC-03,2026-08-24,scheduled,Y
AP002215,KB0009189,KH-NYC-03,2026-08-24,scheduled,Y
AP002216,KB0009191,KH-NYC-03,2026-08-24,walk-in,Y
AP002217,KB0009214,KH-PHI-02,2026-08-24,walk-in,Y
AP002218,KB0009216,KH-PHI-03,2026-08-24,scheduled,Y
AP002219,KB0009177,KH-PHX-02,2026-08-24,scheduled,Y
AP002220,KB0009182,KH-PHX-02,2026-08-24,scheduled,Y
AP002221,KB0009183,KH-PHX-02,2026-08-24,walk-in,Y
AP002222,KB0009170,KH-PHX-03,2026-08-24,scheduled,Y
AP002223,KB0009173,KH-PHX-03,2026-08-24,walk-in,Y
AP002224,KB0009175,KH-PHX-03,2026-08-24,scheduled,Y
AP002225,KB0009178,KH-PHX-03,2026-08-24,walk-in,Y
AP002226,KB0009179,KH-PHX-03,2026-08-24,scheduled,N
AP002227,KB0009180,KH-PHX-03,2026-08-24,scheduled,Y
AP002228,KB0009181,KH-PHX-03,2026-08-24,scheduled,N
AP002229,KB0009266,KH-ATL-02,2026-08-25,scheduled,Y
AP002230,KB0009267,KH-ATL-02,2026-08-25,scheduled,Y
AP002231,KB0009270,KH-ATL-02,2026-08-25,scheduled,Y
AP002232,KB0009276,KH-ATL-02,2026-08-25,scheduled,Y
AP002233,KB0009468,KH-ATL-02,2026-08-25,scheduled,N
AP002234,KB0009275,KH-ATL-03,2026-08-25,scheduled,Y
AP002235,KB0009260,KH-CHI-02,2026-08-25,walk-in,Y
AP002236,KB0009259,KH-CHI-03,2026-08-25,walk-in,Y
AP002237,KB0009262,KH-CHI-03,2026-08-25,scheduled,Y
AP002238,KB0009218,KH-DAL-02,2026-08-25,scheduled,Y
AP002239,KB0009219,KH-DAL-02,2026-08-25,walk-in,Y
AP002240,KB0009223,KH-DAL-02,2026-08-25,scheduled,Y
AP002241,KB0009224,KH-DAL-02,2026-08-25,walk-in,Y
AP002242,KB0009226,KH-DAL-02,2026-08-25,walk-in,Y
AP002243,KB0009227,KH-DAL-02,2026-08-25,walk-in,Y
AP002244,KB0009231,KH-DAL-02,2026-08-25,scheduled,Y
AP002245,KB0009222,KH-DAL-03,2026-08-25,scheduled,Y
AP002246,KB0009225,KH-DAL-03,2026-08-25,walk-in,Y
AP002247,KB0009228,KH-DAL-03,2026-08-25,walk-in,Y
AP002248,KB0009229,KH-DAL-03,2026-08-25,walk-in,Y
AP002249,KB0009234,KH-DAL-03,2026-08-25,walk-in,Y
AP002250,KB0009419,KH-DAL-03,2026-08-25,scheduled,N
AP002251,KB0009247,KH-NYC-02,2026-08-25,walk-in,Y
AP002252,KB0009251,KH-NYC-02,2026-08-25,scheduled,Y
AP002253,KB0009257,KH-NYC-02,2026-08-25,walk-in,Y
AP002254,KB0009248,KH-NYC-03,2026-08-25,scheduled,Y
AP002255,KB0009249,KH-NYC-03,2026-08-25,walk-in,Y
AP002256,KB0009254,KH-NYC-03,2026-08-25,walk-in,Y
AP002257,KB0009255,KH-NYC-03,2026-08-25,scheduled,N
AP002258,KB0009444,KH-NYC-03,2026-08-25,scheduled,N
AP002259,KB0009243,KH-PHX-02,2026-08-25,scheduled,Y
AP002260,KB0009244,KH-PHX-02,2026-08-25,scheduled,Y
AP002261,KB0009241,KH-PHX-03,2026-08-25,scheduled,Y
AP002262,KB0009245,KH-PHX-03,2026-08-25,scheduled,Y
AP002263,KB0009333,KH-ATL-02,2026-08-26,walk-in,Y
AP002264,KB0009335,KH-ATL-02,2026-08-26,scheduled,Y
AP002265,KB0009338,KH-ATL-02,2026-08-26,walk-in,Y
AP002266,KB0009340,KH-ATL-02,2026-08-26,walk-in,Y
AP002267,KB0009327,KH-CHI-02,2026-08-26,scheduled,Y
AP002268,KB0009328,KH-CHI-02,2026-08-26,walk-in,Y
AP002269,KB0009329,KH-CHI-02,2026-08-26,walk-in,Y
AP002270,KB0009294,KH-DAL-02,2026-08-26,walk-in,Y
AP002271,KB0009296,KH-DAL-02,2026-08-26,walk-in,Y
AP002272,KB0009297,KH-DAL-02,2026-08-26,scheduled,Y
AP002273,KB0009286,KH-DAL-03,2026-08-26,walk-in,Y
AP002274,KB0009287,KH-DAL-03,2026-08-26,walk-in,Y
AP002275,KB0009290,KH-DAL-03,2026-08-26,scheduled,Y
AP002276,KB0009295,KH-DAL-03,2026-08-26,scheduled,Y
AP002277,KB0009298,KH-DAL-03,2026-08-26,walk-in,Y
AP002278,KB0009318,KH-NYC-02,2026-08-26,scheduled,Y
AP002279,KB0009320,KH-NYC-02,2026-08-26,walk-in,Y
AP002280,KB0009321,KH-NYC-02,2026-08-26,walk-in,Y
AP002281,KB0009322,KH-NYC-02,2026-08-26,walk-in,Y
AP002282,KB0009837,KH-NYC-02,2026-08-26,scheduled,N
AP002283,KB0009341,KH-PHI-02,2026-08-26,scheduled,Y
AP002284,KB0009342,KH-PHI-02,2026-08-26,walk-in,Y
AP002285,KB0009343,KH-PHI-03,2026-08-26,walk-in,Y
AP002286,KB0009346,KH-PHI-03,2026-08-26,scheduled,Y
AP002287,KB0009306,KH-PHX-02,2026-08-26,scheduled,Y
AP002288,KB0009308,KH-PHX-02,2026-08-26,walk-in,Y
AP002289,KB0009311,KH-PHX-02,2026-08-26,walk-in,Y
AP002290,KB0009312,KH-PHX-02,2026-08-26,scheduled,Y
AP002291,KB0009510,KH-PHX-02,2026-08-26,scheduled,N
AP002292,KB0009299,KH-PHX-03,2026-08-26,walk-in,Y
AP002293,KB0009304,KH-PHX-03,2026-08-26,scheduled,Y
AP002294,KB0009399,KH-ATL-02,2026-08-27,scheduled,Y
AP002295,KB0009400,KH-ATL-02,2026-08-27,scheduled,Y
AP002296,KB0009401,KH-ATL-02,2026-08-27,scheduled,Y
AP002297,KB0009402,KH-ATL-02,2026-08-27,walk-in,Y
AP002298,KB0009403,KH-ATL-02,2026-08-27,scheduled,Y
AP002299,KB0009405,KH-ATL-02,2026-08-27,walk-in,Y
AP002300,KB0009393,KH-CHI-02,2026-08-27,walk-in,Y
AP002301,KB0009394,KH-CHI-02,2026-08-27,walk-in,Y
AP002302,KB0009389,KH-CHI-03,2026-08-27,scheduled,Y
AP002303,KB0009392,KH-CHI-03,2026-08-27,scheduled,Y
AP002304,KB0009397,KH-CHI-03,2026-08-27,scheduled,Y
AP002305,KB0009398,KH-CHI-03,2026-08-27,scheduled,Y
AP002306,KB0009360,KH-DAL-02,2026-08-27,walk-in,Y
AP002307,KB0009495,KH-DAL-02,2026-08-27,scheduled,N
AP002308,KB0009959,KH-DAL-02,2026-08-27,scheduled,N
AP002309,KB0009355,KH-DAL-03,2026-08-27,walk-in,Y
AP002310,KB0009361,KH-DAL-03,2026-08-27,scheduled,Y
AP002311,KB0009607,KH-DAL-03,2026-08-27,scheduled,N
AP002312,KB0009692,KH-DAL-03,2026-08-27,scheduled,N
AP002313,KB0009377,KH-NYC-02,2026-08-27,scheduled,Y
AP002314,KB0009380,KH-NYC-02,2026-08-27,walk-in,Y
AP002315,KB0009385,KH-NYC-02,2026-08-27,walk-in,Y
AP002316,KB0009386,KH-NYC-02,2026-08-27,scheduled,Y
AP002317,KB0009379,KH-NYC-03,2026-08-27,scheduled,Y
AP002318,KB0009382,KH-NYC-03,2026-08-27,scheduled,Y
AP002319,KB0009383,KH-NYC-03,2026-08-27,walk-in,Y
AP002320,KB0009388,KH-NYC-03,2026-08-27,scheduled,Y
AP002321,KB0009408,KH-PHI-02,2026-08-27,walk-in,Y
AP002322,KB0009606,KH-PHI-02,2026-08-27,scheduled,N
AP002323,KB0009411,KH-PHI-03,2026-08-27,scheduled,Y
AP002324,KB0009412,KH-PHI-03,2026-08-27,walk-in,Y
AP002325,KB0010020,KH-PHI-03,2026-08-27,scheduled,N
AP002326,KB0009370,KH-PHX-02,2026-08-27,scheduled,Y
AP002327,KB0009371,KH-PHX-02,2026-08-27,walk-in,Y
AP002328,KB0009375,KH-PHX-02,2026-08-27,scheduled,Y
AP002329,KB0009376,KH-PHX-02,2026-08-27,walk-in,Y
AP002330,KB0009907,KH-PHX-02,2026-08-27,scheduled,N
AP002331,KB0009365,KH-PHX-03,2026-08-27,scheduled,Y
AP002332,KB0009366,KH-PHX-03,2026-08-27,walk-in,Y
AP002333,KB0009373,KH-PHX-03,2026-08-27,scheduled,Y
AP002334,KB0009629,KH-PHX-03,2026-08-27,scheduled,N
AP002335,KB0009695,KH-PHX-03,2026-08-27,scheduled,N
AP002336,KB0009467,KH-ATL-02,2026-08-28,scheduled,Y
AP002337,KB0009468,KH-ATL-02,2026-08-28,scheduled,Y
AP002338,KB0009469,KH-ATL-02,2026-08-28,walk-in,Y
AP002339,KB0009472,KH-ATL-02,2026-08-28,scheduled,Y
AP002340,KB0009475,KH-ATL-02,2026-08-28,walk-in,Y
AP002341,KB0009465,KH-ATL-03,2026-08-28,scheduled,Y
AP002342,KB0009470,KH-ATL-03,2026-08-28,scheduled,Y
AP002343,KB0009453,KH-CHI-02,2026-08-28,walk-in,Y
AP002344,KB0009455,KH-CHI-02,2026-08-28,walk-in,Y
AP002345,KB0009459,KH-CHI-02,2026-08-28,scheduled,Y
AP002346,KB0009462,KH-CHI-02,2026-08-28,scheduled,Y
AP002347,KB0009454,KH-CHI-03,2026-08-28,scheduled,Y
AP002348,KB0009413,KH-DAL-02,2026-08-28,walk-in,Y
AP002349,KB0009415,KH-DAL-02,2026-08-28,scheduled,Y
AP002350,KB0009416,KH-DAL-02,2026-08-28,scheduled,Y
AP002351,KB0009417,KH-DAL-02,2026-08-28,walk-in,Y
AP002352,KB0009418,KH-DAL-02,2026-08-28,scheduled,Y
AP002353,KB0009420,KH-DAL-02,2026-08-28,walk-in,Y
AP002354,KB0009423,KH-DAL-02,2026-08-28,walk-in,Y
AP002355,KB0009425,KH-DAL-02,2026-08-28,walk-in,Y
AP002356,KB0009426,KH-DAL-02,2026-08-28,walk-in,Y
AP002357,KB0009419,KH-DAL-03,2026-08-28,scheduled,Y
AP002358,KB0009446,KH-NYC-02,2026-08-28,walk-in,Y
AP002359,KB0009447,KH-NYC-02,2026-08-28,walk-in,Y
AP002360,KB0009448,KH-NYC-02,2026-08-28,scheduled,Y
AP002361,KB0009440,KH-NYC-03,2026-08-28,scheduled,Y
AP002362,KB0009443,KH-NYC-03,2026-08-28,scheduled,Y
AP002363,KB0009444,KH-NYC-03,2026-08-28,scheduled,Y
AP002364,KB0009445,KH-NYC-03,2026-08-28,walk-in,Y
AP002365,KB0009449,KH-NYC-03,2026-08-28,walk-in,Y
AP002366,KB0009450,KH-NYC-03,2026-08-28,scheduled,Y
AP002367,KB0009452,KH-NYC-03,2026-08-28,walk-in,Y
AP002368,KB0009477,KH-PHI-02,2026-08-28,walk-in,Y
AP002369,KB0009480,KH-PHI-02,2026-08-28,walk-in,Y
AP002370,KB0009478,KH-PHI-03,2026-08-28,walk-in,Y
AP002371,KB0009479,KH-PHI-03,2026-08-28,walk-in,Y
AP002372,KB0009483,KH-PHI-03,2026-08-28,walk-in,Y
AP002373,KB0010065,KH-PHI-03,2026-08-28,scheduled,N
AP002374,KB0009427,KH-PHX-02,2026-08-28,scheduled,Y
AP002375,KB0009439,KH-PHX-02,2026-08-28,scheduled,Y
AP002376,KB0009910,KH-PHX-02,2026-08-28,scheduled,N
AP002377,KB0009433,KH-PHX-03,2026-08-28,walk-in,Y
AP002378,KB0009532,KH-ATL-02,2026-08-29,walk-in,Y
AP002379,KB0009538,KH-ATL-02,2026-08-29,scheduled,Y
AP002380,KB0009539,KH-ATL-02,2026-08-29,scheduled,Y
AP002381,KB0009541,KH-ATL-02,2026-08-29,walk-in,Y
AP002382,KB0009542,KH-ATL-02,2026-08-29,scheduled,Y
AP002383,KB0009527,KH-CHI-02,2026-08-29,scheduled,Y
AP002384,KB0009528,KH-CHI-02,2026-08-29,scheduled,Y
AP002385,KB0010053,KH-CHI-02,2026-08-29,scheduled,N
AP002386,KB0009526,KH-CHI-03,2026-08-29,scheduled,Y
AP002387,KB0009529,KH-CHI-03,2026-08-29,scheduled,Y
AP002388,KB0009531,KH-CHI-03,2026-08-29,scheduled,Y
AP002389,KB0009487,KH-DAL-02,2026-08-29,walk-in,Y
AP002390,KB0009488,KH-DAL-02,2026-08-29,walk-in,Y
AP002391,KB0009491,KH-DAL-02,2026-08-29,walk-in,Y
AP002392,KB0009495,KH-DAL-02,2026-08-29,scheduled,Y
AP002393,KB0009496,KH-DAL-02,2026-08-29,scheduled,Y
AP002394,KB0009500,KH-DAL-02,2026-08-29,scheduled,Y
AP002395,KB0009610,KH-DAL-02,2026-08-29,scheduled,N
AP002396,KB0009493,KH-DAL-03,2026-08-29,walk-in,Y
AP002397,KB0009498,KH-DAL-03,2026-08-29,walk-in,Y
AP002398,KB0009682,KH-DAL-03,2026-08-29,scheduled,N
AP002399,KB0009519,KH-NYC-02,2026-08-29,scheduled,Y
AP002400,KB0009521,KH-NYC-02,2026-08-29,walk-in,Y
AP002401,KB0009523,KH-NYC-02,2026-08-29,scheduled,Y
AP002402,KB0009524,KH-NYC-02,2026-08-29,scheduled,Y
AP002403,KB0009514,KH-NYC-03,2026-08-29,walk-in,Y
AP002404,KB0009516,KH-NYC-03,2026-08-29,walk-in,Y
AP002405,KB0009517,KH-NYC-03,2026-08-29,walk-in,Y
AP002406,KB0009518,KH-NYC-03,2026-08-29,walk-in,Y
AP002407,KB0009543,KH-PHI-02,2026-08-29,scheduled,Y
AP002408,KB0009544,KH-PHI-02,2026-08-29,scheduled,Y
AP002409,KB0009549,KH-PHI-02,2026-08-29,walk-in,Y
AP002410,KB0009501,KH-PHX-02,2026-08-29,walk-in,Y
AP002411,KB0009510,KH-PHX-02,2026-08-29,scheduled,Y
AP002412,KB0009504,KH-PHX-03,2026-08-29,walk-in,Y
AP002413,KB0009505,KH-PHX-03,2026-08-29,scheduled,Y
AP002414,KB0009508,KH-PHX-03,2026-08-29,scheduled,Y
AP002415,KB0009509,KH-PHX-03,2026-08-29,scheduled,Y
AP002416,KB0009512,KH-PHX-03,2026-08-29,walk-in,Y
AP002417,KB0009766,KH-PHX-03,2026-08-29,scheduled,N
AP002418,KB0009593,KH-ATL-02,2026-08-30,scheduled,Y
AP002419,KB0009594,KH-ATL-02,2026-08-30,scheduled,Y
AP002420,KB0009595,KH-ATL-02,2026-08-30,walk-in,Y
AP002421,KB0009597,KH-ATL-02,2026-08-30,walk-in,Y
AP002422,KB0009598,KH-ATL-02,2026-08-30,walk-in,Y
AP002423,KB0010132,KH-ATL-03,2026-08-30,scheduled,N
AP002424,KB0009588,KH-CHI-03,2026-08-30,scheduled,Y
AP002425,KB0009590,KH-CHI-03,2026-08-30,scheduled,Y
AP002426,KB0009592,KH-CHI-03,2026-08-30,scheduled,Y
AP002427,KB0009550,KH-DAL-02,2026-08-30,scheduled,Y
AP002428,KB0009556,KH-DAL-02,2026-08-30,walk-in,Y
AP002429,KB0009558,KH-DAL-02,2026-08-30,scheduled,Y
AP002430,KB0009552,KH-DAL-03,2026-08-30,walk-in,Y
AP002431,KB0009554,KH-DAL-03,2026-08-30,walk-in,Y
AP002432,KB0009555,KH-DAL-03,2026-08-30,walk-in,Y
AP002433,KB0009562,KH-DAL-03,2026-08-30,scheduled,Y
AP002434,KB0009578,KH-NYC-02,2026-08-30,scheduled,Y
AP002435,KB0009584,KH-NYC-02,2026-08-30,walk-in,Y
AP002436,KB0009585,KH-NYC-02,2026-08-30,scheduled,Y
AP002437,KB0009586,KH-NYC-03,2026-08-30,walk-in,Y
AP002438,KB0009604,KH-PHI-02,2026-08-30,scheduled,Y
AP002439,KB0009605,KH-PHI-02,2026-08-30,walk-in,Y
AP002440,KB0009606,KH-PHI-02,2026-08-30,scheduled,Y
AP002441,KB0009567,KH-PHX-02,2026-08-30,walk-in,Y
AP002442,KB0009570,KH-PHX-02,2026-08-30,walk-in,Y
AP002443,KB0009565,KH-PHX-03,2026-08-30,scheduled,N
AP002444,KB0009568,KH-PHX-03,2026-08-30,scheduled,Y
AP002445,KB0009572,KH-PHX-03,2026-08-30,scheduled,Y
AP002446,KB0009658,KH-ATL-02,2026-08-31,scheduled,Y
AP002447,KB0009661,KH-ATL-02,2026-08-31,scheduled,Y
AP002448,KB0009662,KH-ATL-02,2026-08-31,scheduled,Y
AP002449,KB0009664,KH-ATL-03,2026-08-31,scheduled,Y
AP002450,KB0009669,KH-ATL-03,2026-08-31,scheduled,Y
AP002451,KB0009649,KH-CHI-02,2026-08-31,scheduled,Y
AP002452,KB0009650,KH-CHI-02,2026-08-31,scheduled,Y
AP002453,KB0009653,KH-CHI-02,2026-08-31,walk-in,Y
AP002454,KB0009651,KH-CHI-03,2026-08-31,walk-in,Y
AP002455,KB0009655,KH-CHI-03,2026-08-31,scheduled,Y
AP002456,KB0009656,KH-CHI-03,2026-08-31,scheduled,Y
AP002457,KB0009657,KH-CHI-03,2026-08-31,scheduled,Y
AP002458,KB0009610,KH-DAL-02,2026-08-31,scheduled,Y
AP002459,KB0009614,KH-DAL-02,2026-08-31,scheduled,Y
AP002460,KB0009617,KH-DAL-02,2026-08-31,scheduled,Y
AP002461,KB0009607,KH-DAL-03,2026-08-31,scheduled,Y
AP002462,KB0009613,KH-DAL-03,2026-08-31,walk-in,Y
AP002463,KB0009616,KH-DAL-03,2026-08-31,scheduled,Y
AP002464,KB0009635,KH-NYC-03,2026-08-31,walk-in,Y
AP002465,KB0009638,KH-NYC-03,2026-08-31,walk-in,Y
AP002466,KB0009643,KH-NYC-03,2026-08-31,walk-in,Y
AP002467,KB0009646,KH-NYC-03,2026-08-31,walk-in,Y
AP002468,KB0009647,KH-NYC-03,2026-08-31,walk-in,Y
AP002469,KB0009648,KH-NYC-03,2026-08-31,walk-in,Y
AP002470,KB0009670,KH-PHI-02,2026-08-31,walk-in,Y
AP002471,KB0009673,KH-PHI-02,2026-08-31,walk-in,Y
AP002472,KB0009676,KH-PHI-02,2026-08-31,walk-in,Y
AP002473,KB0009678,KH-PHI-02,2026-08-31,scheduled,Y
AP002474,KB0009677,KH-PHI-03,2026-08-31,scheduled,Y
AP002475,KB0009621,KH-PHX-02,2026-08-31,scheduled,Y
AP002476,KB0009624,KH-PHX-02,2026-08-31,walk-in,Y
AP002477,KB0009626,KH-PHX-02,2026-08-31,walk-in,Y
AP002478,KB0009627,KH-PHX-02,2026-08-31,scheduled,Y
AP002479,KB0009628,KH-PHX-02,2026-08-31,scheduled,Y
AP002480,KB0009630,KH-PHX-02,2026-08-31,walk-in,Y
AP002481,KB0009631,KH-PHX-02,2026-08-31,walk-in,Y
AP002482,KB0009632,KH-PHX-02,2026-08-31,walk-in,Y
AP002483,KB0009620,KH-PHX-03,2026-08-31,walk-in,Y
AP002484,KB0009622,KH-PHX-03,2026-08-31,scheduled,Y
AP002485,KB0009629,KH-PHX-03,2026-08-31,scheduled,Y
AP002486,KB0009633,KH-PHX-03,2026-08-31,scheduled,Y
AP002487,KB0009726,KH-ATL-02,2026-09-01,scheduled,Y
AP002488,KB0009727,KH-ATL-02,2026-09-01,walk-in,Y
AP002489,KB0009729,KH-ATL-02,2026-09-01,walk-in,Y
AP002490,KB0009730,KH-ATL-02,2026-09-01,walk-in,Y
AP002491,KB0009731,KH-ATL-02,2026-09-01,scheduled,Y
AP002492,KB0009732,KH-ATL-02,2026-09-01,scheduled,Y
AP002493,KB0009735,KH-ATL-02,2026-09-01,scheduled,Y
AP002494,KB0009736,KH-ATL-02,2026-09-01,scheduled,Y
AP002495,KB0010130,KH-ATL-02,2026-09-01,scheduled,N
AP002496,KB0009734,KH-ATL-03,2026-09-01,scheduled,Y
AP002497,KB0009721,KH-CHI-02,2026-09-01,scheduled,Y
AP002498,KB0010001,KH-CHI-02,2026-09-01,scheduled,N
AP002499,KB0009719,KH-CHI-03,2026-09-01,walk-in,Y
AP002500,KB0009722,KH-CHI-03,2026-09-01,walk-in,Y
AP002501,KB0009680,KH-DAL-02,2026-09-01,walk-in,Y
AP002502,KB0009683,KH-DAL-02,2026-09-01,walk-in,Y
AP002503,KB0009688,KH-DAL-02,2026-09-01,walk-in,Y
AP002504,KB0009694,KH-DAL-02,2026-09-01,walk-in,Y
AP002505,KB0009682,KH-DAL-03,2026-09-01,scheduled,Y
AP002506,KB0009687,KH-DAL-03,2026-09-01,walk-in,Y
AP002507,KB0009692,KH-DAL-03,2026-09-01,scheduled,Y
AP002508,KB0010071,KH-DAL-03,2026-09-01,scheduled,N
AP002509,KB0009710,KH-NYC-02,2026-09-01,walk-in,Y
AP002510,KB0009711,KH-NYC-02,2026-09-01,scheduled,Y
AP002511,KB0009718,KH-NYC-02,2026-09-01,walk-in,Y
AP002512,KB0009708,KH-NYC-03,2026-09-01,walk-in,Y
AP002513,KB0009712,KH-NYC-03,2026-09-01,walk-in,Y
AP002514,KB0009740,KH-PHI-02,2026-09-01,walk-in,Y
AP002515,KB0010198,KH-PHI-02,2026-09-01,scheduled,N
AP002516,KB0009739,KH-PHI-03,2026-09-01,walk-in,Y
AP002517,KB0009743,KH-PHI-03,2026-09-01,walk-in,Y
AP002518,KB0009744,KH-PHI-03,2026-09-01,walk-in,Y
AP002519,KB0009745,KH-PHI-03,2026-09-01,walk-in,Y
AP002520,KB0009696,KH-PHX-02,2026-09-01,scheduled,Y
AP002521,KB0009699,KH-PHX-02,2026-09-01,walk-in,Y
AP002522,KB0009702,KH-PHX-02,2026-09-01,walk-in,Y
AP002523,KB0009704,KH-PHX-02,2026-09-01,scheduled,N
AP002524,KB0009695,KH-PHX-03,2026-09-01,scheduled,Y
AP002525,KB0009701,KH-PHX-03,2026-09-01,walk-in,Y
AP002526,KB0009705,KH-PHX-03,2026-09-01,walk-in,Y
AP002527,KB0009789,KH-ATL-02,2026-09-02,scheduled,Y
AP002528,KB0009791,KH-ATL-02,2026-09-02,scheduled,Y
AP002529,KB0009795,KH-ATL-02,2026-09-02,scheduled,Y
AP002530,KB0009797,KH-ATL-02,2026-09-02,walk-in,Y
AP002531,KB0010013,KH-ATL-02,2026-09-02,scheduled,N
AP002532,KB0009785,KH-CHI-02,2026-09-02,walk-in,Y
AP002533,KB0009784,KH-CHI-03,2026-09-02,walk-in,Y
AP002534,KB0009786,KH-CHI-03,2026-09-02,scheduled,Y
AP002535,KB0009747,KH-DAL-02,2026-09-02,walk-in,Y
AP002536,KB0009749,KH-DAL-02,2026-09-02,walk-in,Y
AP002537,KB0009751,KH-DAL-02,2026-09-02,scheduled,Y
AP002538,KB0009753,KH-DAL-02,2026-09-02,walk-in,Y
AP002539,KB0009755,KH-DAL-02,2026-09-02,walk-in,Y
AP002540,KB0009750,KH-DAL-03,2026-09-02,scheduled,Y
AP002541,KB0009752,KH-DAL-03,2026-09-02,walk-in,Y
AP002542,KB0009754,KH-DAL-03,2026-09-02,walk-in,Y
AP002543,KB0009775,KH-NYC-02,2026-09-02,walk-in,Y
AP002544,KB0009778,KH-NYC-02,2026-09-02,scheduled,Y
AP002545,KB0009781,KH-NYC-02,2026-09-02,scheduled,Y
AP002546,KB0009771,KH-NYC-03,2026-09-02,scheduled,Y
AP002547,KB0009776,KH-NYC-03,2026-09-02,walk-in,Y
AP002548,KB0009777,KH-NYC-03,2026-09-02,scheduled,Y
AP002549,KB0009782,KH-NYC-03,2026-09-02,walk-in,Y
AP002550,KB0009798,KH-PHI-02,2026-09-02,walk-in,Y
AP002551,KB0009801,KH-PHI-02,2026-09-02,walk-in,Y
AP002552,KB0009802,KH-PHI-02,2026-09-02,walk-in,Y
AP002553,KB0009804,KH-PHI-02,2026-09-02,scheduled,Y
AP002554,KB0009800,KH-PHI-03,2026-09-02,scheduled,Y
AP002555,KB0009759,KH-PHX-02,2026-09-02,scheduled,Y
AP002556,KB0009760,KH-PHX-02,2026-09-02,walk-in,Y
AP002557,KB0009761,KH-PHX-02,2026-09-02,walk-in,Y
AP002558,KB0009762,KH-PHX-02,2026-09-02,walk-in,Y
AP002559,KB0009763,KH-PHX-02,2026-09-02,scheduled,Y
AP002560,KB0009769,KH-PHX-02,2026-09-02,walk-in,Y
AP002561,KB0009758,KH-PHX-03,2026-09-02,walk-in,Y
AP002562,KB0009766,KH-PHX-03,2026-09-02,scheduled,Y
AP002563,KB0009767,KH-PHX-03,2026-09-02,walk-in,Y
AP002564,KB0009858,KH-ATL-02,2026-09-03,scheduled,Y
AP002565,KB0009859,KH-ATL-02,2026-09-03,walk-in,Y
AP002566,KB0009860,KH-ATL-02,2026-09-03,scheduled,Y
AP002567,KB0009864,KH-ATL-02,2026-09-03,walk-in,Y
AP002568,KB0009866,KH-ATL-02,2026-09-03,walk-in,Y
AP002569,KB0009848,KH-CHI-02,2026-09-03,scheduled,Y
AP002570,KB0009852,KH-CHI-02,2026-09-03,scheduled,Y
AP002571,KB0009851,KH-CHI-03,2026-09-03,walk-in,Y
AP002572,KB0009854,KH-CHI-03,2026-09-03,scheduled,Y
AP002573,KB0009813,KH-DAL-02,2026-09-03,scheduled,Y
AP002574,KB0009824,KH-DAL-02,2026-09-03,walk-in,Y
AP002575,KB0009826,KH-DAL-02,2026-09-03,scheduled,Y
AP002576,KB0009808,KH-DAL-03,2026-09-03,walk-in,Y
AP002577,KB0009809,KH-DAL-03,2026-09-03,walk-in,Y
AP002578,KB0009812,KH-DAL-03,2026-09-03,scheduled,Y
AP002579,KB0009821,KH-DAL-03,2026-09-03,walk-in,Y
AP002580,KB0009822,KH-DAL-03,2026-09-03,scheduled,Y
AP002581,KB0009823,KH-DAL-03,2026-09-03,walk-in,Y
AP002582,KB0009825,KH-DAL-03,2026-09-03,walk-in,Y
AP002583,KB0009837,KH-NYC-02,2026-09-03,scheduled,Y
AP002584,KB0009844,KH-NYC-02,2026-09-03,scheduled,Y
AP002585,KB0009838,KH-NYC-03,2026-09-03,scheduled,Y
AP002586,KB0009839,KH-NYC-03,2026-09-03,walk-in,Y
AP002587,KB0009841,KH-NYC-03,2026-09-03,walk-in,Y
AP002588,KB0009846,KH-NYC-03,2026-09-03,walk-in,Y
AP002589,KB0009847,KH-NYC-03,2026-09-03,walk-in,Y
AP002590,KB0009870,KH-PHI-02,2026-09-03,scheduled,Y
AP002591,KB0009871,KH-PHI-02,2026-09-03,scheduled,Y
AP002592,KB0009872,KH-PHI-02,2026-09-03,walk-in,Y
AP002593,KB0009875,KH-PHI-02,2026-09-03,scheduled,Y
AP002594,KB0009867,KH-PHI-03,2026-09-03,scheduled,Y
AP002595,KB0009869,KH-PHI-03,2026-09-03,scheduled,Y
AP002596,KB0010295,KH-PHX-02,2026-09-03,scheduled,N
AP002597,KB0009828,KH-PHX-03,2026-09-03,walk-in,Y
AP002598,KB0009933,KH-ATL-02,2026-09-04,scheduled,Y
AP002599,KB0009936,KH-ATL-02,2026-09-04,scheduled,Y
AP002600,KB0009942,KH-ATL-02,2026-09-04,scheduled,Y
AP002601,KB0009943,KH-ATL-02,2026-09-04,scheduled,Y
AP002602,KB0010263,KH-ATL-02,2026-09-04,scheduled,N
AP002603,KB0009930,KH-CHI-02,2026-09-04,scheduled,Y
AP002604,KB0009928,KH-CHI-03,2026-09-04,walk-in,Y
AP002605,KB0009931,KH-CHI-03,2026-09-04,walk-in,Y
AP002606,KB0009876,KH-DAL-02,2026-09-04,scheduled,Y
AP002607,KB0009880,KH-DAL-02,2026-09-04,scheduled,Y
AP002608,KB0009882,KH-DAL-02,2026-09-04,scheduled,Y
AP002609,KB0009883,KH-DAL-02,2026-09-04,scheduled,Y
AP002610,KB0009888,KH-DAL-02,2026-09-04,scheduled,Y
AP002611,KB0009889,KH-DAL-02,2026-09-04,walk-in,Y
AP002612,KB0009895,KH-DAL-02,2026-09-04,walk-in,Y
AP002613,KB0009878,KH-DAL-03,2026-09-04,scheduled,Y
AP002614,KB0009884,KH-DAL-03,2026-09-04,walk-in,Y
AP002615,KB0009890,KH-DAL-03,2026-09-04,scheduled,Y
AP002616,KB0009893,KH-DAL-03,2026-09-04,scheduled,Y
AP002617,KB0009896,KH-DAL-03,2026-09-04,walk-in,Y
AP002618,KB0010416,KH-DAL-03,2026-09-04,scheduled,N
AP002619,KB0009913,KH-NYC-02,2026-09-04,walk-in,Y
AP002620,KB0009915,KH-NYC-02,2026-09-04,walk-in,Y
AP002621,KB0009916,KH-NYC-02,2026-09-04,scheduled,Y
AP002622,KB0009918,KH-NYC-02,2026-09-04,walk-in,Y
AP002623,KB0009920,KH-NYC-02,2026-09-04,walk-in,Y
AP002624,KB0009926,KH-NYC-02,2026-09-04,scheduled,Y
AP002625,KB0010245,KH-NYC-02,2026-09-04,scheduled,N
AP002626,KB0009914,KH-NYC-03,2026-09-04,scheduled,Y
AP002627,KB0009921,KH-NYC-03,2026-09-04,walk-in,Y
AP002628,KB0009927,KH-NYC-03,2026-09-04,scheduled,Y
AP002629,KB0009945,KH-PHI-02,2026-09-04,walk-in,Y
AP002630,KB0009949,KH-PHI-02,2026-09-04,walk-in,Y
AP002631,KB0009950,KH-PHI-02,2026-09-04,scheduled,Y
AP002632,KB0009951,KH-PHI-02,2026-09-04,walk-in,Y
AP002633,KB0009944,KH-PHI-03,2026-09-04,walk-in,Y
AP002634,KB0009947,KH-PHI-03,2026-09-04,walk-in,Y
AP002635,KB0009948,KH-PHI-03,2026-09-04,walk-in,Y
AP002636,KB0009897,KH-PHX-02,2026-09-04,walk-in,Y
AP002637,KB0009900,KH-PHX-02,2026-09-04,scheduled,Y
AP002638,KB0009904,KH-PHX-02,2026-09-04,walk-in,Y
AP002639,KB0009907,KH-PHX-02,2026-09-04,scheduled,Y
AP002640,KB0009909,KH-PHX-02,2026-09-04,walk-in,Y
AP002641,KB0009910,KH-PHX-02,2026-09-04,scheduled,Y
AP002642,KB0009911,KH-PHX-02,2026-09-04,walk-in,Y
AP002643,KB0009912,KH-PHX-02,2026-09-04,scheduled,Y
AP002644,KB0009899,KH-PHX-03,2026-09-04,walk-in,Y
AP002645,KB0009901,KH-PHX-03,2026-09-04,walk-in,Y
AP002646,KB0010003,KH-ATL-02,2026-09-05,scheduled,Y
AP002647,KB0010005,KH-ATL-02,2026-09-05,scheduled,Y
AP002648,KB0010010,KH-ATL-02,2026-09-05,walk-in,Y
AP002649,KB0010013,KH-ATL-02,2026-09-05,scheduled,Y
AP002650,KB0009994,KH-CHI-02,2026-09-05,scheduled,Y
AP002651,KB0010001,KH-CHI-02,2026-09-05,scheduled,Y
AP002652,KB0010388,KH-CHI-02,2026-09-05,scheduled,N
AP002653,KB0009993,KH-CHI-03,2026-09-05,scheduled,Y
AP002654,KB0009998,KH-CHI-03,2026-09-05,walk-in,Y
AP002655,KB0009999,KH-CHI-03,2026-09-05,walk-in,Y
AP002656,KB0009959,KH-DAL-02,2026-09-05,scheduled,Y
AP002657,KB0009958,KH-DAL-03,2026-09-05,walk-in,Y
AP002658,KB0009961,KH-DAL-03,2026-09-05,walk-in,Y
AP002659,KB0009962,KH-DAL-03,2026-09-05,walk-in,Y
AP002660,KB0009963,KH-DAL-03,2026-09-05,walk-in,Y
AP002661,KB0009964,KH-DAL-03,2026-09-05,scheduled,Y
AP002662,KB0009967,KH-DAL-03,2026-09-05,scheduled,Y
AP002663,KB0009983,KH-NYC-02,2026-09-05,scheduled,Y
AP002664,KB0010174,KH-NYC-02,2026-09-05,scheduled,N
AP002665,KB0009991,KH-NYC-03,2026-09-05,scheduled,Y
AP002666,KB0010016,KH-PHI-02,2026-09-05,walk-in,Y
AP002667,KB0010019,KH-PHI-02,2026-09-05,scheduled,Y
AP002668,KB0010020,KH-PHI-03,2026-09-05,scheduled,Y
AP002669,KB0010021,KH-PHI-03,2026-09-05,walk-in,Y
AP002670,KB0009968,KH-PHX-02,2026-09-05,walk-in,Y
AP002671,KB0009971,KH-PHX-02,2026-09-05,walk-in,Y
AP002672,KB0009980,KH-PHX-02,2026-09-05,walk-in,Y
AP002673,KB0010555,KH-PHX-02,2026-09-05,scheduled,N
AP002674,KB0009973,KH-PHX-03,2026-09-05,walk-in,Y
AP002675,KB0009975,KH-PHX-03,2026-09-05,walk-in,Y
AP002676,KB0010056,KH-ATL-02,2026-09-06,scheduled,Y
AP002677,KB0010060,KH-ATL-02,2026-09-06,scheduled,Y
AP002678,KB0010061,KH-ATL-02,2026-09-06,scheduled,Y
AP002679,KB0010062,KH-ATL-02,2026-09-06,walk-in,Y
AP002680,KB0010063,KH-ATL-03,2026-09-06,scheduled,Y
AP002681,KB0010053,KH-CHI-02,2026-09-06,scheduled,Y
AP002682,KB0010317,KH-CHI-02,2026-09-06,scheduled,N
AP002683,KB0010024,KH-DAL-02,2026-09-06,scheduled,Y
AP002684,KB0010031,KH-DAL-02,2026-09-06,walk-in,Y
AP002685,KB0010346,KH-DAL-02,2026-09-06,scheduled,N
AP002686,KB0010027,KH-DAL-03,2026-09-06,walk-in,Y
AP002687,KB0010028,KH-DAL-03,2026-09-06,scheduled,Y
AP002688,KB0010030,KH-DAL-03,2026-09-06,walk-in,Y
AP002689,KB0010041,KH-NYC-02,2026-09-06,walk-in,Y
AP002690,KB0010046,KH-NYC-02,2026-09-06,walk-in,Y
AP002691,KB0010050,KH-NYC-02,2026-09-06,walk-in,Y
AP002692,KB0010051,KH-NYC-02,2026-09-06,walk-in,Y
AP002693,KB0010042,KH-NYC-03,2026-09-06,walk-in,Y
AP002694,KB0010044,KH-NYC-03,2026-09-06,walk-in,Y
AP002695,KB0010047,KH-NYC-03,2026-09-06,scheduled,Y
AP002696,KB0010048,KH-NYC-03,2026-09-06,walk-in,Y
AP002697,KB0010065,KH-PHI-03,2026-09-06,scheduled,Y
AP002698,KB0010034,KH-PHX-02,2026-09-06,scheduled,Y
AP002699,KB0010035,KH-PHX-02,2026-09-06,walk-in,Y
AP002700,KB0010036,KH-PHX-02,2026-09-06,walk-in,Y
AP002701,KB0010037,KH-PHX-02,2026-09-06,walk-in,Y
AP002702,KB0010039,KH-PHX-02,2026-09-06,walk-in,Y
AP002703,KB0010040,KH-PHX-03,2026-09-06,scheduled,Y
AP002704,KB0010123,KH-ATL-02,2026-09-07,walk-in,Y
AP002705,KB0010124,KH-ATL-02,2026-09-07,walk-in,Y
AP002706,KB0010125,KH-ATL-02,2026-09-07,walk-in,Y
AP002707,KB0010126,KH-ATL-02,2026-09-07,walk-in,Y
AP002708,KB0010130,KH-ATL-02,2026-09-07,scheduled,Y
AP002709,KB0010131,KH-ATL-02,2026-09-07,scheduled,Y
AP002710,KB0010133,KH-ATL-02,2026-09-07,scheduled,Y
AP002711,KB0010259,KH-ATL-02,2026-09-07,scheduled,N
AP002712,KB0010127,KH-ATL-03,2026-09-07,scheduled,Y
AP002713,KB0010132,KH-ATL-03,2026-09-07,scheduled,Y
AP002714,KB0010115,KH-CHI-02,2026-09-07,walk-in,Y
AP002715,KB0010697,KH-CHI-02,2026-09-07,scheduled,N
AP002716,KB0010117,KH-CHI-03,2026-09-07,walk-in,Y
AP002717,KB0010119,KH-CHI-03,2026-09-07,scheduled,Y
AP002718,KB0010120,KH-CHI-03,2026-09-07,walk-in,Y
AP002719,KB0010121,KH-CHI-03,2026-09-07,walk-in,Y
AP002720,KB0010070,KH-DAL-02,2026-09-07,scheduled,Y
AP002721,KB0010072,KH-DAL-02,2026-09-07,scheduled,Y
AP002722,KB0010073,KH-DAL-02,2026-09-07,scheduled,Y
AP002723,KB0010075,KH-DAL-02,2026-09-07,scheduled,Y
AP002724,KB0010081,KH-DAL-02,2026-09-07,walk-in,Y
AP002725,KB0010082,KH-DAL-02,2026-09-07,walk-in,Y
AP002726,KB0010068,KH-DAL-03,2026-09-07,scheduled,Y
AP002727,KB0010071,KH-DAL-03,2026-09-07,scheduled,Y
AP002728,KB0010074,KH-DAL-03,2026-09-07,walk-in,Y
AP002729,KB0010083,KH-DAL-03,2026-09-07,walk-in,Y
AP002730,KB0010669,KH-DAL-03,2026-09-07,scheduled,N
AP002731,KB0010100,KH-NYC-02,2026-09-07,walk-in,Y
AP002732,KB0010101,KH-NYC-02,2026-09-07,scheduled,N
AP002733,KB0010108,KH-NYC-02,2026-09-07,walk-in,Y
AP002734,KB0010109,KH-NYC-02,2026-09-07,walk-in,Y
AP002735,KB0010114,KH-NYC-02,2026-09-07,scheduled,Y
AP002736,KB0010105,KH-NYC-03,2026-09-07,scheduled,Y
AP002737,KB0010111,KH-NYC-03,2026-09-07,walk-in,Y
AP002738,KB0010112,KH-NYC-03,2026-09-07,scheduled,Y
AP002739,KB0010139,KH-PHI-02,2026-09-07,scheduled,Y
AP002740,KB0010136,KH-PHI-03,2026-09-07,walk-in,Y
AP002741,KB0010137,KH-PHI-03,2026-09-07,walk-in,Y
AP002742,KB0010138,KH-PHI-03,2026-09-07,walk-in,Y
AP002743,KB0010085,KH-PHX-02,2026-09-07,scheduled,Y
AP002744,KB0010089,KH-PHX-02,2026-09-07,scheduled,Y
AP002745,KB0010093,KH-PHX-02,2026-09-07,scheduled,Y
AP002746,KB0010096,KH-PHX-02,2026-09-07,walk-in,Y
AP002747,KB0010099,KH-PHX-02,2026-09-07,walk-in,Y
AP002748,KB0010501,KH-PHX-02,2026-09-07,scheduled,N
AP002749,KB0010090,KH-PHX-03,2026-09-07,scheduled,Y
AP002750,KB0010502,KH-PHX-03,2026-09-07,scheduled,N
AP002751,KB0010547,KH-PHX-03,2026-09-07,scheduled,N
AP002752,KB0010190,KH-ATL-02,2026-09-08,scheduled,Y
AP002753,KB0010192,KH-ATL-02,2026-09-08,scheduled,Y
AP002754,KB0010193,KH-ATL-02,2026-09-08,walk-in,Y
AP002755,KB0010195,KH-ATL-02,2026-09-08,scheduled,Y
AP002756,KB0010197,KH-ATL-02,2026-09-08,scheduled,Y
AP002757,KB0010191,KH-ATL-03,2026-09-08,scheduled,Y
AP002758,KB0010186,KH-CHI-02,2026-09-08,scheduled,Y
AP002759,KB0010187,KH-CHI-02,2026-09-08,walk-in,Y
AP002760,KB0010184,KH-CHI-03,2026-09-08,walk-in,Y
AP002761,KB0010188,KH-CHI-03,2026-09-08,scheduled,Y
AP002762,KB0010143,KH-DAL-02,2026-09-08,scheduled,Y
AP002763,KB0010145,KH-DAL-02,2026-09-08,walk-in,Y
AP002764,KB0010147,KH-DAL-02,2026-09-08,scheduled,Y
AP002765,KB0010151,KH-DAL-02,2026-09-08,scheduled,Y
AP002766,KB0010153,KH-DAL-03,2026-09-08,walk-in,Y
AP002767,KB0010156,KH-DAL-03,2026-09-08,scheduled,Y
AP002768,KB0010174,KH-NYC-02,2026-09-08,scheduled,Y
AP002769,KB0010178,KH-NYC-02,2026-09-08,walk-in,Y
AP002770,KB0010180,KH-NYC-02,2026-09-08,walk-in,Y
AP002771,KB0010171,KH-NYC-03,2026-09-08,walk-in,Y
AP002772,KB0010177,KH-NYC-03,2026-09-08,scheduled,Y
AP002773,KB0010198,KH-PHI-02,2026-09-08,scheduled,Y
AP002774,KB0010200,KH-PHI-02,2026-09-08,scheduled,Y
AP002775,KB0010202,KH-PHI-02,2026-09-08,scheduled,Y
AP002776,KB0010199,KH-PHI-03,2026-09-08,walk-in,Y
AP002777,KB0010169,KH-PHX-02,2026-09-08,scheduled,Y
AP002778,KB0010164,KH-PHX-03,2026-09-08,scheduled,Y
AP002779,KB0010166,KH-PHX-03,2026-09-08,walk-in,Y
AP002780,KB0010168,KH-PHX-03,2026-09-08,walk-in,Y
AP002781,KB0010258,KH-ATL-02,2026-09-09,scheduled,Y
AP002782,KB0010259,KH-ATL-02,2026-09-09,scheduled,Y
AP002783,KB0010261,KH-ATL-02,2026-09-09,scheduled,Y
AP002784,KB0010262,KH-ATL-02,2026-09-09,walk-in,Y
AP002785,KB0010263,KH-ATL-02,2026-09-09,scheduled,Y
AP002786,KB0010265,KH-ATL-02,2026-09-09,walk-in,Y
AP002787,KB0010397,KH-ATL-02,2026-09-09,scheduled,N
AP002788,KB0010250,KH-CHI-02,2026-09-09,walk-in,Y
AP002789,KB0010253,KH-CHI-02,2026-09-09,scheduled,N
AP002790,KB0010256,KH-CHI-02,2026-09-09,walk-in,Y
AP002791,KB0010251,KH-CHI-03,2026-09-09,walk-in,Y
AP002792,KB0010252,KH-CHI-03,2026-09-09,scheduled,Y
AP002793,KB0010254,KH-CHI-03,2026-09-09,walk-in,Y
AP002794,KB0010208,KH-DAL-02,2026-09-09,walk-in,Y
AP002795,KB0010217,KH-DAL-02,2026-09-09,walk-in,Y
AP002796,KB0010491,KH-DAL-02,2026-09-09,scheduled,N
AP002797,KB0010797,KH-DAL-02,2026-09-09,scheduled,N
AP002798,KB0010799,KH-DAL-02,2026-09-09,scheduled,N
AP002799,KB0010204,KH-DAL-03,2026-09-09,scheduled,Y
AP002800,KB0010206,KH-DAL-03,2026-09-09,scheduled,Y
AP002801,KB0010209,KH-DAL-03,2026-09-09,walk-in,Y
AP002802,KB0010213,KH-DAL-03,2026-09-09,scheduled,Y
AP002803,KB0010215,KH-DAL-03,2026-09-09,scheduled,Y
AP002804,KB0010216,KH-DAL-03,2026-09-09,walk-in,Y
AP002805,KB0010670,KH-DAL-03,2026-09-09,scheduled,N
AP002806,KB0010239,KH-NYC-02,2026-09-09,walk-in,Y
AP002807,KB0010245,KH-NYC-02,2026-09-09,scheduled,Y
AP002808,KB0010246,KH-NYC-02,2026-09-09,walk-in,Y
AP002809,KB0010248,KH-NYC-02,2026-09-09,walk-in,Y
AP002810,KB0010238,KH-NYC-03,2026-09-09,walk-in,Y
AP002811,KB0010240,KH-NYC-03,2026-09-09,scheduled,Y
AP002812,KB0010242,KH-NYC-03,2026-09-09,scheduled,Y
AP002813,KB0010243,KH-NYC-03,2026-09-09,walk-in,Y
AP002814,KB0010221,KH-PHX-02,2026-09-09,walk-in,Y
AP002815,KB0010223,KH-PHX-02,2026-09-09,scheduled,Y
AP002816,KB0010224,KH-PHX-02,2026-09-09,walk-in,Y
AP002817,KB0010233,KH-PHX-02,2026-09-09,scheduled,Y
AP002818,KB0010234,KH-PHX-02,2026-09-09,walk-in,Y
AP002819,KB0010235,KH-PHX-02,2026-09-09,scheduled,Y
AP002820,KB0010236,KH-PHX-02,2026-09-09,scheduled,Y
AP002821,KB0010365,KH-PHX-02,2026-09-09,scheduled,N
AP002822,KB0010225,KH-PHX-03,2026-09-09,walk-in,Y
AP002823,KB0010227,KH-PHX-03,2026-09-09,scheduled,Y
AP002824,KB0010229,KH-PHX-03,2026-09-09,walk-in,Y
AP002825,KB0010230,KH-PHX-03,2026-09-09,scheduled,Y
AP002826,KB0010237,KH-PHX-03,2026-09-09,scheduled,Y
AP002827,KB0010321,KH-ATL-02,2026-09-10,walk-in,Y
AP002828,KB0010323,KH-ATL-02,2026-09-10,walk-in,Y
AP002829,KB0010325,KH-ATL-02,2026-09-10,scheduled,Y
AP002830,KB0010328,KH-ATL-02,2026-09-10,walk-in,Y
AP002831,KB0010329,KH-ATL-02,2026-09-10,walk-in,Y
AP002832,KB0010330,KH-ATL-02,2026-09-10,walk-in,Y
AP002833,KB0010332,KH-ATL-03,2026-09-10,scheduled,Y
AP002834,KB0010583,KH-ATL-03,2026-09-10,scheduled,N
AP002835,KB0010317,KH-CHI-02,2026-09-10,scheduled,Y
AP002836,KB0010272,KH-DAL-02,2026-09-10,walk-in,Y
AP002837,KB0010274,KH-DAL-02,2026-09-10,walk-in,Y
AP002838,KB0010280,KH-DAL-02,2026-09-10,scheduled,Y
AP002839,KB0010276,KH-DAL-03,2026-09-10,walk-in,Y
AP002840,KB0010278,KH-DAL-03,2026-09-10,scheduled,Y
AP002841,KB0010301,KH-NYC-02,2026-09-10,walk-in,Y
AP002842,KB0010302,KH-NYC-02,2026-09-10,scheduled,Y
AP002843,KB0010303,KH-NYC-02,2026-09-10,walk-in,Y
AP002844,KB0010304,KH-NYC-02,2026-09-10,scheduled,Y
AP002845,KB0010306,KH-NYC-02,2026-09-10,walk-in,Y
AP002846,KB0010308,KH-NYC-02,2026-09-10,scheduled,Y
AP002847,KB0010624,KH-NYC-02,2026-09-10,scheduled,N
AP002848,KB0010299,KH-NYC-03,2026-09-10,scheduled,Y
AP002849,KB0010300,KH-NYC-03,2026-09-10,scheduled,Y
AP002850,KB0010305,KH-NYC-03,2026-09-10,walk-in,Y
AP002851,KB0010307,KH-NYC-03,2026-09-10,walk-in,Y
AP002852,KB0010309,KH-NYC-03,2026-09-10,scheduled,Y
AP002853,KB0010310,KH-NYC-03,2026-09-10,walk-in,Y
AP002854,KB0010565,KH-NYC-03,2026-09-10,scheduled,N
AP002855,KB0010838,KH-NYC-03,2026-09-10,scheduled,N
AP002856,KB0010340,KH-PHI-02,2026-09-10,walk-in,Y
AP002857,KB0010334,KH-PHI-03,2026-09-10,walk-in,Y
AP002858,KB0010335,KH-PHI-03,2026-09-10,walk-in,Y
AP002859,KB0010336,KH-PHI-03,2026-09-10,walk-in,Y
AP002860,KB0010338,KH-PHI-03,2026-09-10,scheduled,Y
AP002861,KB0010283,KH-PHX-02,2026-09-10,scheduled,Y
AP002862,KB0010285,KH-PHX-02,2026-09-10,walk-in,Y
AP002863,KB0010286,KH-PHX-02,2026-09-10,walk-in,Y
AP002864,KB0010287,KH-PHX-02,2026-09-10,walk-in,Y
AP002865,KB0010288,KH-PHX-02,2026-09-10,walk-in,Y
AP002866,KB0010290,KH-PHX-02,2026-09-10,walk-in,Y
AP002867,KB0010291,KH-PHX-02,2026-09-10,walk-in,Y
AP002868,KB0010292,KH-PHX-02,2026-09-10,scheduled,Y
AP002869,KB0010294,KH-PHX-02,2026-09-10,walk-in,Y
AP002870,KB0010295,KH-PHX-02,2026-09-10,scheduled,Y
AP002871,KB0010298,KH-PHX-02,2026-09-10,scheduled,Y
AP002872,KB0010503,KH-PHX-02,2026-09-10,scheduled,N
AP002873,KB0010293,KH-PHX-03,2026-09-10,walk-in,Y
AP002874,KB0010297,KH-PHX-03,2026-09-10,walk-in,Y
AP002875,KB0010614,KH-PHX-03,2026-09-10,scheduled,N
AP002876,KB0010390,KH-ATL-02,2026-09-11,walk-in,Y
AP002877,KB0010392,KH-ATL-02,2026-09-11,walk-in,Y
AP002878,KB0010397,KH-ATL-02,2026-09-11,scheduled,Y
AP002879,KB0010402,KH-ATL-02,2026-09-11,walk-in,Y
AP002880,KB0010394,KH-ATL-03,2026-09-11,scheduled,Y
AP002881,KB0010388,KH-CHI-02,2026-09-11,scheduled,Y
AP002882,KB0010386,KH-CHI-03,2026-09-11,walk-in,Y
AP002883,KB0010346,KH-DAL-02,2026-09-11,scheduled,Y
AP002884,KB0010353,KH-DAL-02,2026-09-11,scheduled,Y
AP002885,KB0010354,KH-DAL-02,2026-09-11,scheduled,Y
AP002886,KB0010341,KH-DAL-03,2026-09-11,walk-in,Y
AP002887,KB0010343,KH-DAL-03,2026-09-11,walk-in,Y
AP002888,KB0010344,KH-DAL-03,2026-09-11,walk-in,Y
AP002889,KB0010347,KH-DAL-03,2026-09-11,walk-in,Y
AP002890,KB0010348,KH-DAL-03,2026-09-11,scheduled,Y
AP002891,KB0010351,KH-DAL-03,2026-09-11,walk-in,Y
AP002892,KB0010376,KH-NYC-02,2026-09-11,walk-in,Y
AP002893,KB0010377,KH-NYC-02,2026-09-11,walk-in,Y
AP002894,KB0010755,KH-NYC-02,2026-09-11,scheduled,N
AP002895,KB0010378,KH-NYC-03,2026-09-11,walk-in,Y
AP002896,KB0010403,KH-PHI-02,2026-09-11,scheduled,Y
AP002897,KB0010405,KH-PHI-02,2026-09-11,scheduled,Y
AP002898,KB0010412,KH-PHI-03,2026-09-11,scheduled,Y
AP002899,KB0010719,KH-PHI-03,2026-09-11,scheduled,N
AP002900,KB0010356,KH-PHX-02,2026-09-11,scheduled,N
AP002901,KB0010357,KH-PHX-02,2026-09-11,scheduled,Y
AP002902,KB0010359,KH-PHX-02,2026-09-11,scheduled,N
AP002903,KB0010365,KH-PHX-02,2026-09-11,scheduled,Y
AP002904,KB0010369,KH-PHX-02,2026-09-11,walk-in,Y
AP002905,KB0010370,KH-PHX-02,2026-09-11,walk-in,Y
AP002906,KB0010371,KH-PHX-02,2026-09-11,walk-in,Y
AP002907,KB0010360,KH-PHX-03,2026-09-11,walk-in,Y
AP002908,KB0010362,KH-PHX-03,2026-09-11,scheduled,Y
AP002909,KB0010363,KH-PHX-03,2026-09-11,walk-in,Y
AP002910,KB0010368,KH-PHX-03,2026-09-11,walk-in,Y
AP002911,KB0010372,KH-PHX-03,2026-09-11,walk-in,Y
AP002912,KB0010464,KH-ATL-02,2026-09-12,scheduled,Y
AP002913,KB0010465,KH-ATL-02,2026-09-12,walk-in,Y
AP002914,KB0010466,KH-ATL-02,2026-09-12,walk-in,Y
AP002915,KB0010467,KH-ATL-02,2026-09-12,walk-in,Y
AP002916,KB0010470,KH-ATL-02,2026-09-12,scheduled,Y
AP002917,KB0010473,KH-ATL-02,2026-09-12,scheduled,Y
AP002918,KB0010475,KH-ATL-03,2026-09-12,scheduled,Y
AP002919,KB0010461,KH-CHI-03,2026-09-12,walk-in,Y
AP002920,KB0010462,KH-CHI-03,2026-09-12,walk-in,Y
AP002921,KB0010413,KH-DAL-02,2026-09-12,walk-in,Y
AP002922,KB0010414,KH-DAL-02,2026-09-12,scheduled,Y
AP002923,KB0010418,KH-DAL-02,2026-09-12,walk-in,Y
AP002924,KB0010420,KH-DAL-02,2026-09-12,walk-in,Y
AP002925,KB0010422,KH-DAL-02,2026-09-12,scheduled,Y
AP002926,KB0010426,KH-DAL-02,2026-09-12,walk-in,Y
AP002927,KB0010429,KH-DAL-02,2026-09-12,walk-in,Y
AP002928,KB0010416,KH-DAL-03,2026-09-12,scheduled,Y
AP002929,KB0010419,KH-DAL-03,2026-09-12,walk-in,Y
AP002930,KB0010421,KH-DAL-03,2026-09-12,scheduled,Y
AP002931,KB0010423,KH-DAL-03,2026-09-12,scheduled,Y
AP002932,KB0010727,KH-DAL-03,2026-09-12,scheduled,N
AP002933,KB0010737,KH-DAL-03,2026-09-12,scheduled,N
AP002934,KB0010889,KH-DAL-03,2026-09-12,scheduled,N
AP002935,KB0010451,KH-NYC-02,2026-09-12,scheduled,Y
AP002936,KB0010454,KH-NYC-02,2026-09-12,walk-in,Y
AP002937,KB0010455,KH-NYC-02,2026-09-12,walk-in,Y
AP002938,KB0010459,KH-NYC-02,2026-09-12,scheduled,Y
AP002939,KB0010460,KH-NYC-02,2026-09-12,walk-in,Y
AP002940,KB0010449,KH-NYC-03,2026-09-12,walk-in,Y
AP002941,KB0010450,KH-NYC-03,2026-09-12,walk-in,Y
AP002942,KB0010452,KH-NYC-03,2026-09-12,scheduled,Y
AP002943,KB0010477,KH-PHI-02,2026-09-12,walk-in,Y
AP002944,KB0010476,KH-PHI-03,2026-09-12,walk-in,Y
AP002945,KB0010431,KH-PHX-02,2026-09-12,scheduled,Y
AP002946,KB0010432,KH-PHX-02,2026-09-12,walk-in,Y
AP002947,KB0010433,KH-PHX-02,2026-09-12,walk-in,Y
AP002948,KB0010440,KH-PHX-02,2026-09-12,walk-in,Y
AP002949,KB0010444,KH-PHX-02,2026-09-12,scheduled,Y
AP002950,KB0010447,KH-PHX-02,2026-09-12,walk-in,Y
AP002951,KB0010439,KH-PHX-03,2026-09-12,walk-in,Y
AP002952,KB0010442,KH-PHX-03,2026-09-12,scheduled,Y
AP002953,KB0010443,KH-PHX-03,2026-09-12,walk-in,Y
AP002954,KB0010446,KH-PHX-03,2026-09-12,walk-in,Y
AP002955,KB0010520,KH-ATL-02,2026-09-13,walk-in,Y
AP002956,KB0010521,KH-ATL-02,2026-09-13,walk-in,Y
AP002957,KB0010522,KH-ATL-02,2026-09-13,scheduled,Y
AP002958,KB0010523,KH-ATL-02,2026-09-13,scheduled,Y
AP002959,KB0010518,KH-CHI-02,2026-09-13,scheduled,Y
AP002960,KB0010514,KH-CHI-03,2026-09-13,walk-in,Y
AP002961,KB0010515,KH-CHI-03,2026-09-13,walk-in,Y
AP002962,KB0010516,KH-CHI-03,2026-09-13,scheduled,Y
AP002963,KB0010481,KH-DAL-02,2026-09-13,walk-in,Y
AP002964,KB0010485,KH-DAL-02,2026-09-13,scheduled,Y
AP002965,KB0010488,KH-DAL-02,2026-09-13,walk-in,Y
AP002966,KB0010491,KH-DAL-02,2026-09-13,scheduled,Y
AP002967,KB0010887,KH-DAL-02,2026-09-13,scheduled,N
AP002968,KB0010484,KH-DAL-03,2026-09-13,scheduled,Y
AP002969,KB0010486,KH-DAL-03,2026-09-13,scheduled,Y
AP002970,KB0010487,KH-DAL-03,2026-09-13,scheduled,Y
AP002971,KB0010489,KH-DAL-03,2026-09-13,scheduled,Y
AP002972,KB0010492,KH-DAL-03,2026-09-13,scheduled,Y
AP002973,KB0010505,KH-NYC-02,2026-09-13,scheduled,Y
AP002974,KB0010506,KH-NYC-03,2026-09-13,scheduled,Y
AP002975,KB0010507,KH-NYC-03,2026-09-13,scheduled,Y
AP002976,KB0010509,KH-NYC-03,2026-09-13,scheduled,Y
AP002977,KB0010511,KH-NYC-03,2026-09-13,walk-in,Y
AP002978,KB0010529,KH-PHI-02,2026-09-13,walk-in,Y
AP002979,KB0010526,KH-PHI-03,2026-09-13,walk-in,Y
AP002980,KB0010527,KH-PHI-03,2026-09-13,scheduled,Y
AP002981,KB0010496,KH-PHX-02,2026-09-13,walk-in,Y
AP002982,KB0010498,KH-PHX-02,2026-09-13,walk-in,Y
AP002983,KB0010501,KH-PHX-02,2026-09-13,scheduled,Y
AP002984,KB0010503,KH-PHX-02,2026-09-13,scheduled,Y
AP002985,KB0010504,KH-PHX-02,2026-09-13,scheduled,Y
AP002986,KB0010500,KH-PHX-03,2026-09-13,walk-in,Y
AP002987,KB0010502,KH-PHX-03,2026-09-13,scheduled,Y
AP002988,KB0010582,KH-ATL-02,2026-09-14,walk-in,Y
AP002989,KB0010585,KH-ATL-02,2026-09-14,walk-in,Y
AP002990,KB0010586,KH-ATL-02,2026-09-14,walk-in,Y
AP002991,KB0010589,KH-ATL-02,2026-09-14,walk-in,Y
AP002992,KB0010590,KH-ATL-02,2026-09-14,walk-in,Y
AP002993,KB0010591,KH-ATL-02,2026-09-14,scheduled,Y
AP002994,KB0010929,KH-ATL-02,2026-09-14,scheduled,N
AP002995,KB0010583,KH-ATL-03,2026-09-14,scheduled,Y
AP002996,KB0010579,KH-CHI-02,2026-09-14,scheduled,Y
AP002997,KB0010580,KH-CHI-02,2026-09-14,walk-in,Y
AP002998,KB0010533,KH-DAL-02,2026-09-14,scheduled,Y
AP002999,KB0010541,KH-DAL-02,2026-09-14,walk-in,Y
AP003000,KB0010534,KH-DAL-03,2026-09-14,scheduled,Y
AP003001,KB0010536,KH-DAL-03,2026-09-14,scheduled,Y
AP003002,KB0010540,KH-DAL-03,2026-09-14,walk-in,Y
AP003003,KB0010542,KH-DAL-03,2026-09-14,scheduled,Y
AP003004,KB0010543,KH-DAL-03,2026-09-14,walk-in,Y
AP003005,KB0010807,KH-DAL-03,2026-09-14,scheduled,N
AP003006,KB0010567,KH-NYC-02,2026-09-14,scheduled,Y
AP003007,KB0010571,KH-NYC-02,2026-09-14,walk-in,Y
AP003008,KB0010565,KH-NYC-03,2026-09-14,scheduled,Y
AP003009,KB0010566,KH-NYC-03,2026-09-14,scheduled,Y
AP003010,KB0010570,KH-NYC-03,2026-09-14,walk-in,Y
AP003011,KB0010572,KH-NYC-03,2026-09-14,walk-in,Y
AP003012,KB0010575,KH-NYC-03,2026-09-14,walk-in,Y
AP003013,KB0010596,KH-PHI-02,2026-09-14,walk-in,Y
AP003014,KB0010593,KH-PHI-03,2026-09-14,scheduled,Y
AP003015,KB0010549,KH-PHX-02,2026-09-14,walk-in,Y
AP003016,KB0010551,KH-PHX-02,2026-09-14,scheduled,Y
AP003017,KB0010555,KH-PHX-02,2026-09-14,scheduled,Y
AP003018,KB0010557,KH-PHX-02,2026-09-14,scheduled,Y
AP003019,KB0010558,KH-PHX-02,2026-09-14,walk-in,Y
AP003020,KB0011086,KH-PHX-02,2026-09-14,scheduled,N
AP003021,KB0010547,KH-PHX-03,2026-09-14,scheduled,Y
AP003022,KB0010550,KH-PHX-03,2026-09-14,walk-in,Y
AP003023,KB0010552,KH-PHX-03,2026-09-14,scheduled,Y
AP003024,KB0010559,KH-PHX-03,2026-09-14,scheduled,Y
AP003025,KB0010560,KH-PHX-03,2026-09-14,scheduled,Y
AP003026,KB0010561,KH-PHX-03,2026-09-14,scheduled,Y
AP003027,KB0010643,KH-ATL-02,2026-09-15,walk-in,Y
AP003028,KB0010645,KH-ATL-02,2026-09-15,walk-in,Y
AP003029,KB0010646,KH-ATL-02,2026-09-15,walk-in,Y
AP003030,KB0010647,KH-ATL-02,2026-09-15,scheduled,Y
AP003031,KB0010648,KH-ATL-02,2026-09-15,walk-in,Y
AP003032,KB0010651,KH-ATL-02,2026-09-15,walk-in,Y
AP003033,KB0010654,KH-ATL-02,2026-09-15,walk-in,Y
AP003034,KB0010639,KH-CHI-02,2026-09-15,scheduled,Y
AP003035,KB0010640,KH-CHI-02,2026-09-15,walk-in,Y
AP003036,KB0010642,KH-CHI-02,2026-09-15,walk-in,Y
AP003037,KB0010599,KH-DAL-02,2026-09-15,scheduled,Y
AP003038,KB0010604,KH-DAL-03,2026-09-15,walk-in,Y
AP003039,KB0010609,KH-DAL-03,2026-09-15,scheduled,Y
AP003040,KB0010611,KH-DAL-03,2026-09-15,scheduled,Y
AP003041,KB0010624,KH-NYC-02,2026-09-15,scheduled,Y
AP003042,KB0010626,KH-NYC-02,2026-09-15,walk-in,Y
AP003043,KB0010629,KH-NYC-02,2026-09-15,walk-in,Y
AP003044,KB0010632,KH-NYC-02,2026-09-15,scheduled,Y
AP003045,KB0010633,KH-NYC-02,2026-09-15,walk-in,Y
AP003046,KB0010636,KH-NYC-02,2026-09-15,scheduled,Y
AP003047,KB0010637,KH-NYC-02,2026-09-15,walk-in,Y
AP003048,KB0010627,KH-NYC-03,2026-09-15,walk-in,Y
AP003049,KB0010658,KH-PHI-02,2026-09-15,walk-in,Y
AP003050,KB0010655,KH-PHI-03,2026-09-15,scheduled,Y
AP003051,KB0010657,KH-PHI-03,2026-09-15,walk-in,Y
AP003052,KB0010612,KH-PHX-02,2026-09-15,walk-in,Y
AP003053,KB0010615,KH-PHX-02,2026-09-15,walk-in,Y
AP003054,KB0010622,KH-PHX-02,2026-09-15,scheduled,Y
AP003055,KB0010614,KH-PHX-03,2026-09-15,scheduled,Y
AP003056,KB0010618,KH-PHX-03,2026-09-15,walk-in,Y
AP003057,KB0010703,KH-ATL-02,2026-09-16,walk-in,Y
AP003058,KB0010705,KH-ATL-02,2026-09-16,walk-in,Y
AP003059,KB0010707,KH-ATL-02,2026-09-16,walk-in,Y
AP003060,KB0010709,KH-ATL-02,2026-09-16,walk-in,Y
AP003061,KB0010855,KH-ATL-02,2026-09-16,scheduled,N
AP003062,KB0010697,KH-CHI-02,2026-09-16,scheduled,Y
AP003063,KB0010699,KH-CHI-02,2026-09-16,scheduled,Y
AP003064,KB0010701,KH-CHI-02,2026-09-16,scheduled,Y
AP003065,KB0010698,KH-CHI-03,2026-09-16,scheduled,Y
AP003066,KB0010660,KH-DAL-02,2026-09-16,scheduled,Y
AP003067,KB0010661,KH-DAL-02,2026-09-16,walk-in,Y
AP003068,KB0010674,KH-DAL-02,2026-09-16,walk-in,Y
AP003069,KB0010663,KH-DAL-03,2026-09-16,walk-in,Y
AP003070,KB0010664,KH-DAL-03,2026-09-16,scheduled,Y
AP003071,KB0010669,KH-DAL-03,2026-09-16,scheduled,Y
AP003072,KB0010670,KH-DAL-03,2026-09-16,scheduled,Y
AP003073,KB0010671,KH-DAL-03,2026-09-16,walk-in,Y
AP003074,KB0010691,KH-NYC-02,2026-09-16,walk-in,Y
AP003075,KB0010688,KH-NYC-03,2026-09-16,walk-in,Y
AP003076,KB0010693,KH-NYC-03,2026-09-16,walk-in,Y
AP003077,KB0010720,KH-PHI-02,2026-09-16,walk-in,Y
AP003078,KB0010713,KH-PHI-03,2026-09-16,walk-in,Y
AP003079,KB0010714,KH-PHI-03,2026-09-16,scheduled,Y
AP003080,KB0010715,KH-PHI-03,2026-09-16,scheduled,Y
AP003081,KB0010717,KH-PHI-03,2026-09-16,scheduled,Y
AP003082,KB0010718,KH-PHI-03,2026-09-16,walk-in,Y
AP003083,KB0010719,KH-PHI-03,2026-09-16,scheduled,Y
AP003084,KB0010675,KH-PHX-02,2026-09-16,scheduled,Y
AP003085,KB0010681,KH-PHX-02,2026-09-16,scheduled,Y
AP003086,KB0010677,KH-PHX-03,2026-09-16,scheduled,Y
AP003087,KB0010683,KH-PHX-03,2026-09-16,walk-in,Y
AP003088,KB0010684,KH-PHX-03,2026-09-16,walk-in,Y
AP003089,KB0011228,KH-PHX-03,2026-09-16,scheduled,N
AP003090,KB0010777,KH-ATL-02,2026-09-17,scheduled,Y
AP003091,KB0010779,KH-ATL-02,2026-09-17,scheduled,Y
AP003092,KB0010780,KH-ATL-02,2026-09-17,scheduled,Y
AP003093,KB0010784,KH-ATL-02,2026-09-17,scheduled,Y
AP003094,KB0010786,KH-ATL-02,2026-09-17,scheduled,Y
AP003095,KB0010789,KH-ATL-02,2026-09-17,scheduled,Y
AP003096,KB0010790,KH-ATL-02,2026-09-17,walk-in,Y
AP003097,KB0010782,KH-ATL-03,2026-09-17,scheduled,Y
AP003098,KB0010787,KH-ATL-03,2026-09-17,scheduled,Y
AP003099,KB0010773,KH-CHI-02,2026-09-17,walk-in,Y
AP003100,KB0010772,KH-CHI-03,2026-09-17,scheduled,Y
AP003101,KB0010774,KH-CHI-03,2026-09-17,walk-in,Y
AP003102,KB0010723,KH-DAL-02,2026-09-17,scheduled,Y
AP003103,KB0010724,KH-DAL-02,2026-09-17,scheduled,Y
AP003104,KB0010729,KH-DAL-02,2026-09-17,scheduled,Y
AP003105,KB0010732,KH-DAL-02,2026-09-17,walk-in,Y
AP003106,KB0010721,KH-DAL-03,2026-09-17,scheduled,Y
AP003107,KB0010726,KH-DAL-03,2026-09-17,scheduled,Y
AP003108,KB0010727,KH-DAL-03,2026-09-17,scheduled,Y
AP003109,KB0010731,KH-DAL-03,2026-09-17,walk-in,Y
AP003110,KB0010734,KH-DAL-03,2026-09-17,walk-in,Y
AP003111,KB0010735,KH-DAL-03,2026-09-17,walk-in,Y
AP003112,KB0010737,KH-DAL-03,2026-09-17,scheduled,Y
AP003113,KB0010993,KH-DAL-03,2026-09-17,scheduled,N
AP003114,KB0010755,KH-NYC-02,2026-09-17,scheduled,Y
AP003115,KB0010758,KH-NYC-02,2026-09-17,walk-in,Y
AP003116,KB0010759,KH-NYC-02,2026-09-17,walk-in,Y
AP003117,KB0010757,KH-NYC-03,2026-09-17,walk-in,Y
AP003118,KB0010760,KH-NYC-03,2026-09-17,walk-in,Y
AP003119,KB0010761,KH-NYC-03,2026-09-17,walk-in,Y
AP003120,KB0010764,KH-NYC-03,2026-09-17,walk-in,Y
AP003121,KB0010765,KH-NYC-03,2026-09-17,walk-in,Y
AP003122,KB0010768,KH-NYC-03,2026-09-17,scheduled,Y
AP003123,KB0010770,KH-NYC-03,2026-09-17,walk-in,Y
AP003124,KB0010793,KH-PHI-02,2026-09-17,scheduled,Y
AP003125,KB0010795,KH-PHI-02,2026-09-17,walk-in,Y
AP003126,KB0010796,KH-PHI-02,2026-09-17,walk-in,Y
AP003127,KB0010791,KH-PHI-03,2026-09-17,walk-in,Y
AP003128,KB0010740,KH-PHX-02,2026-09-17,scheduled,Y
AP003129,KB0010743,KH-PHX-02,2026-09-17,walk-in,Y
AP003130,KB0010748,KH-PHX-02,2026-09-17,walk-in,Y
AP003131,KB0010749,KH-PHX-02,2026-09-17,scheduled,Y
AP003132,KB0010741,KH-PHX-03,2026-09-17,walk-in,Y
AP003133,KB0010742,KH-PHX-03,2026-09-17,scheduled,Y
AP003134,KB0010746,KH-PHX-03,2026-09-17,walk-in,Y
AP003135,KB0010747,KH-PHX-03,2026-09-17,walk-in,Y
AP003136,KB0010750,KH-PHX-03,2026-09-17,scheduled,Y
AP003137,KB0010751,KH-PHX-03,2026-09-17,walk-in,Y
AP003138,KB0010848,KH-ATL-02,2026-09-18,walk-in,Y
AP003139,KB0010849,KH-ATL-02,2026-09-18,scheduled,Y
AP003140,KB0010850,KH-ATL-02,2026-09-18,scheduled,Y
AP003141,KB0010851,KH-ATL-02,2026-09-18,scheduled,Y
AP003142,KB0010852,KH-ATL-02,2026-09-18,walk-in,Y
AP003143,KB0010855,KH-ATL-02,2026-09-18,scheduled,Y
AP003144,KB0010857,KH-ATL-02,2026-09-18,walk-in,Y
AP003145,KB0010859,KH-ATL-02,2026-09-18,walk-in,Y
AP003146,KB0010860,KH-ATL-02,2026-09-18,walk-in,Y
AP003147,KB0010853,KH-ATL-03,2026-09-18,scheduled,Y
AP003148,KB0010858,KH-ATL-03,2026-09-18,scheduled,Y
AP003149,NB/ORD/000004,KH-CHI-02,2026-09-18,scheduled,Y
AP003150,NB/ORD/000003,KH-CHI-03,2026-09-18,walk-in,Y
AP003151,NB/ORD/000005,KH-CHI-03,2026-09-18,scheduled,Y
AP003152,NB/ORD/000006,KH-CHI-03,2026-09-18,scheduled,Y
AP003153,NB/ORD/000007,KH-CHI-03,2026-09-18,walk-in,Y
AP003154,KB0010797,KH-DAL-02,2026-09-18,scheduled,Y
AP003155,KB0010799,KH-DAL-02,2026-09-18,scheduled,Y
AP003156,KB0010802,KH-DAL-02,2026-09-18,walk-in,Y
AP003157,KB0010805,KH-DAL-02,2026-09-18,scheduled,Y
AP003158,KB0010804,KH-DAL-03,2026-09-18,walk-in,Y
AP003159,KB0010806,KH-DAL-03,2026-09-18,walk-in,Y
AP003160,KB0010807,KH-DAL-03,2026-09-18,scheduled,Y
AP003161,KB0010808,KH-DAL-03,2026-09-18,scheduled,Y
AP003162,KB0010809,KH-DAL-03,2026-09-18,walk-in,Y
AP003163,KB0010810,KH-DAL-03,2026-09-18,walk-in,Y
AP003164,KB0010826,KH-NYC-02,2026-09-18,scheduled,Y
AP003165,KB0010835,KH-NYC-02,2026-09-18,walk-in,Y
AP003166,KB0010836,KH-NYC-02,2026-09-18,walk-in,Y
AP003167,KB0010837,KH-NYC-02,2026-09-18,walk-in,Y
AP003168,KB0011030,KH-NYC-02,2026-09-18,scheduled,N
AP003169,KB0010827,KH-NYC-03,2026-09-18,walk-in,Y
AP003170,KB0010831,KH-NYC-03,2026-09-18,scheduled,Y
AP003171,KB0010832,KH-NYC-03,2026-09-18,scheduled,Y
AP003172,KB0010834,KH-NYC-03,2026-09-18,walk-in,Y
AP003173,KB0010838,KH-NYC-03,2026-09-18,scheduled,Y
AP003174,KB0010839,KH-NYC-03,2026-09-18,scheduled,Y
AP003175,NB/PHL/000001,KH-PHI-02,2026-09-18,walk-in,Y
AP003176,NB/PHL/000002,KH-PHI-02,2026-09-18,walk-in,Y
AP003177,NB/PHL/000004,KH-PHI-02,2026-09-18,walk-in,Y
AP003178,KB0010816,KH-PHX-02,2026-09-18,walk-in,Y
AP003179,KB0011015,KH-PHX-02,2026-09-18,scheduled,N
AP003180,KB0010813,KH-PHX-03,2026-09-18,scheduled,Y
AP003181,KB0010817,KH-PHX-03,2026-09-18,scheduled,Y
AP003182,KB0010818,KH-PHX-03,2026-09-18,scheduled,Y
AP003183,KB0010822,KH-PHX-03,2026-09-18,walk-in,Y
AP003184,KB0010824,KH-PHX-03,2026-09-18,walk-in,Y
AP003185,KB0010925,KH-ATL-02,2026-09-19,scheduled,Y
AP003186,KB0010926,KH-ATL-02,2026-09-19,walk-in,Y
AP003187,KB0010928,KH-ATL-02,2026-09-19,scheduled,Y
AP003188,KB0010929,KH-ATL-02,2026-09-19,scheduled,Y
AP003189,KB0010930,KH-ATL-02,2026-09-19,scheduled,Y
AP003190,KB0010931,KH-ATL-02,2026-09-19,walk-in,Y
AP003191,KB0010933,KH-ATL-02,2026-09-19,walk-in,Y
AP003192,KB0010934,KH-ATL-02,2026-09-19,walk-in,Y
AP003193,KB0010935,KH-ATL-02,2026-09-19,walk-in,Y
AP003194,KB0010932,KH-ATL-03,2026-09-19,scheduled,Y
AP003195,NB/ORD/000017,KH-CHI-02,2026-09-19,walk-in,Y
AP003196,NB/ORD/000036,KH-CHI-02,2026-09-19,scheduled,N
AP003197,NB/ORD/000009,KH-CHI-03,2026-09-19,walk-in,Y
AP003198,NB/ORD/000010,KH-CHI-03,2026-09-19,scheduled,Y
AP003199,NB/ORD/000014,KH-CHI-03,2026-09-19,walk-in,Y
AP003200,NB/ORD/000015,KH-CHI-03,2026-09-19,scheduled,Y
AP003201,KB0010867,KH-DAL-02,2026-09-19,walk-in,Y
AP003202,KB0010875,KH-DAL-02,2026-09-19,scheduled,Y
AP003203,KB0010881,KH-DAL-02,2026-09-19,walk-in,Y
AP003204,KB0010882,KH-DAL-02,2026-09-19,scheduled,Y
AP003205,KB0010887,KH-DAL-02,2026-09-19,scheduled,Y
AP003206,KB0011075,KH-DAL-02,2026-09-19,scheduled,N
AP003207,KB0011302,KH-DAL-02,2026-09-19,scheduled,N
AP003208,KB0011372,KH-DAL-02,2026-09-19,scheduled,N
AP003209,KB0010869,KH-DAL-03,2026-09-19,scheduled,Y
AP003210,KB0010871,KH-DAL-03,2026-09-19,scheduled,Y
AP003211,KB0010874,KH-DAL-03,2026-09-19,walk-in,Y
AP003212,KB0010878,KH-DAL-03,2026-09-19,walk-in,Y
AP003213,KB0010879,KH-DAL-03,2026-09-19,scheduled,Y
AP003214,KB0010889,KH-DAL-03,2026-09-19,scheduled,Y
AP003215,KB0010891,KH-DAL-03,2026-09-19,scheduled,Y
AP003216,KB0011289,KH-DAL-03,2026-09-19,scheduled,N
AP003217,KB0010905,KH-NYC-02,2026-09-19,walk-in,Y
AP003218,KB0010907,KH-NYC-02,2026-09-19,walk-in,Y
AP003219,KB0010906,KH-NYC-03,2026-09-19,scheduled,Y
AP003220,KB0010908,KH-NYC-03,2026-09-19,scheduled,Y
AP003221,KB0010909,KH-NYC-03,2026-09-19,scheduled,Y
AP003222,KB0010911,KH-NYC-03,2026-09-19,scheduled,Y
AP003223,KB0010914,KH-NYC-03,2026-09-19,walk-in,Y
AP003224,NB/PHL/000009,KH-PHI-03,2026-09-19,walk-in,Y
AP003225,KB0010894,KH-PHX-02,2026-09-19,walk-in,Y
AP003226,KB0010898,KH-PHX-02,2026-09-19,scheduled,Y
AP003227,KB0010901,KH-PHX-02,2026-09-19,walk-in,Y
AP003228,KB0010902,KH-PHX-02,2026-09-19,walk-in,Y
AP003229,KB0010903,KH-PHX-02,2026-09-19,walk-in,Y
AP003230,KB0011094,KH-PHX-02,2026-09-19,scheduled,N
AP003231,KB0011233,KH-PHX-02,2026-09-19,scheduled,N
AP003232,KB0010896,KH-PHX-03,2026-09-19,scheduled,Y
AP003233,KB0010899,KH-PHX-03,2026-09-19,walk-in,Y
AP003234,KB0010981,KH-ATL-02,2026-09-20,scheduled,Y
AP003235,KB0010982,KH-ATL-02,2026-09-20,scheduled,N
AP003236,KB0010984,KH-ATL-02,2026-09-20,walk-in,Y
AP003237,KB0010986,KH-ATL-02,2026-09-20,scheduled,Y
AP003238,NB/ORD/000018,KH-CHI-02,2026-09-20,scheduled,Y
AP003239,NB/ORD/000019,KH-CHI-03,2026-09-20,scheduled,Y
AP003240,KB0010942,KH-DAL-02,2026-09-20,scheduled,Y
AP003241,KB0010943,KH-DAL-02,2026-09-20,scheduled,Y
AP003242,KB0010946,KH-DAL-02,2026-09-20,walk-in,Y
AP003243,KB0010947,KH-DAL-02,2026-09-20,scheduled,Y
AP003244,KB0010949,KH-DAL-02,2026-09-20,walk-in,Y
AP003245,KB0011555,KH-DAL-02,2026-09-20,scheduled,N
AP003246,KB0010944,KH-DAL-03,2026-09-20,walk-in,Y
AP003247,KB0010945,KH-DAL-03,2026-09-20,scheduled,Y
AP003248,KB0010948,KH-DAL-03,2026-09-20,scheduled,Y
AP003249,KB0010951,KH-DAL-03,2026-09-20,scheduled,Y
AP003250,KB0010952,KH-DAL-03,2026-09-20,scheduled,Y
AP003251,KB0010968,KH-NYC-02,2026-09-20,walk-in,Y
AP003252,KB0010969,KH-NYC-02,2026-09-20,walk-in,Y
AP003253,KB0010972,KH-NYC-02,2026-09-20,scheduled,Y
AP003254,KB0010974,KH-NYC-02,2026-09-20,walk-in,Y
AP003255,KB0010975,KH-NYC-02,2026-09-20,scheduled,Y
AP003256,KB0010970,KH-NYC-03,2026-09-20,scheduled,Y
AP003257,KB0010973,KH-NYC-03,2026-09-20,walk-in,Y
AP003258,NB/PHL/000013,KH-PHI-02,2026-09-20,walk-in,Y
AP003259,NB/PHL/000014,KH-PHI-02,2026-09-20,scheduled,N
AP003260,NB/PHL/000012,KH-PHI-03,2026-09-20,walk-in,Y
AP003261,NB/PHL/000035,KH-PHI-03,2026-09-20,scheduled,N
AP003262,KB0010957,KH-PHX-02,2026-09-20,scheduled,Y
AP003263,KB0010958,KH-PHX-02,2026-09-20,scheduled,Y
AP003264,KB0010963,KH-PHX-02,2026-09-20,walk-in,Y
AP003265,KB0010964,KH-PHX-02,2026-09-20,scheduled,N
AP003266,KB0010966,KH-PHX-02,2026-09-20,scheduled,Y
AP003267,KB0010953,KH-PHX-03,2026-09-20,walk-in,Y
AP003268,KB0010955,KH-PHX-03,2026-09-20,walk-in,Y
AP003269,KB0010956,KH-PHX-03,2026-09-20,scheduled,Y
AP003270,KB0010965,KH-PHX-03,2026-09-20,walk-in,Y
AP003271,KB0011045,KH-ATL-02,2026-09-21,scheduled,Y
AP003272,KB0011046,KH-ATL-02,2026-09-21,scheduled,Y
AP003273,KB0011047,KH-ATL-02,2026-09-21,scheduled,Y
AP003274,KB0011049,KH-ATL-02,2026-09-21,walk-in,Y
AP003275,KB0011050,KH-ATL-02,2026-09-21,scheduled,Y
AP003276,KB0011055,KH-ATL-02,2026-09-21,walk-in,Y
AP003277,KB0011348,KH-ATL-02,2026-09-21,scheduled,N
AP003278,KB0011048,KH-ATL-03,2026-09-21,scheduled,Y
AP003279,NB/ORD/000021,KH-CHI-02,2026-09-21,walk-in,Y
AP003280,NB/ORD/000027,KH-CHI-02,2026-09-21,walk-in,Y
AP003281,NB/ORD/000052,KH-CHI-02,2026-09-21,scheduled,N
AP003282,NB/ORD/000023,KH-CHI-03,2026-09-21,scheduled,Y
AP003283,KB0011003,KH-DAL-02,2026-09-21,walk-in,Y
AP003284,KB0011005,KH-DAL-02,2026-09-21,walk-in,Y
AP003285,KB0011226,KH-DAL-02,2026-09-21,scheduled,N
AP003286,KB0010992,KH-DAL-03,2026-09-21,scheduled,Y
AP003287,KB0010993,KH-DAL-03,2026-09-21,scheduled,Y
AP003288,KB0010997,KH-DAL-03,2026-09-21,walk-in,Y
AP003289,KB0010999,KH-DAL-03,2026-09-21,scheduled,Y
AP003290,KB0011004,KH-DAL-03,2026-09-21,scheduled,Y
AP003291,KB0011006,KH-DAL-03,2026-09-21,walk-in,Y
AP003292,KB0011008,KH-DAL-03,2026-09-21,scheduled,Y
AP003293,KB0011026,KH-NYC-02,2026-09-21,walk-in,Y
AP003294,KB0011027,KH-NYC-02,2026-09-21,scheduled,Y
AP003295,KB0011029,KH-NYC-02,2026-09-21,walk-in,Y
AP003296,KB0011030,KH-NYC-02,2026-09-21,scheduled,Y
AP003297,KB0011032,KH-NYC-02,2026-09-21,walk-in,Y
AP003298,KB0011035,KH-NYC-02,2026-09-21,walk-in,Y
AP003299,KB0011033,KH-NYC-03,2026-09-21,walk-in,Y
AP003300,KB0011408,KH-NYC-03,2026-09-21,scheduled,N
AP003301,NB/PHL/000015,KH-PHI-02,2026-09-21,scheduled,Y
AP003302,NB/PHL/000016,KH-PHI-02,2026-09-21,scheduled,Y
AP003303,NB/PHL/000019,KH-PHI-02,2026-09-21,scheduled,Y
AP003304,NB/PHL/000020,KH-PHI-02,2026-09-21,walk-in,Y
AP003305,NB/PHL/000048,KH-PHI-02,2026-09-21,scheduled,N
AP003306,NB/PHL/000017,KH-PHI-03,2026-09-21,walk-in,Y
AP003307,NB/PHL/000018,KH-PHI-03,2026-09-21,scheduled,Y
AP003308,KB0011011,KH-PHX-02,2026-09-21,walk-in,Y
AP003309,KB0011014,KH-PHX-02,2026-09-21,walk-in,Y
AP003310,KB0011015,KH-PHX-02,2026-09-21,scheduled,Y
AP003311,KB0011019,KH-PHX-02,2026-09-21,walk-in,Y
AP003312,KB0011020,KH-PHX-02,2026-09-21,walk-in,Y
AP003313,KB0011023,KH-PHX-02,2026-09-21,scheduled,Y
AP003314,KB0011009,KH-PHX-03,2026-09-21,walk-in,Y
AP003315,KB0011010,KH-PHX-03,2026-09-21,scheduled,Y
AP003316,KB0011012,KH-PHX-03,2026-09-21,walk-in,Y
AP003317,KB0011016,KH-PHX-03,2026-09-21,scheduled,Y
AP003318,KB0011017,KH-PHX-03,2026-09-21,walk-in,Y
AP003319,KB0011018,KH-PHX-03,2026-09-21,walk-in,Y
AP003320,KB0011022,KH-PHX-03,2026-09-21,scheduled,Y
AP003321,KB0011024,KH-PHX-03,2026-09-21,scheduled,Y
AP003322,KB0011115,KH-ATL-02,2026-09-22,scheduled,Y
AP003323,KB0011116,KH-ATL-02,2026-09-22,scheduled,Y
AP003324,KB0011117,KH-ATL-02,2026-09-22,walk-in,Y
AP003325,KB0011118,KH-ATL-02,2026-09-22,walk-in,Y
AP003326,KB0011120,KH-ATL-02,2026-09-22,scheduled,Y
AP003327,NB/ORD/000029,KH-CHI-02,2026-09-22,scheduled,Y
AP003328,KB0011065,KH-DAL-02,2026-09-22,walk-in,Y
AP003329,KB0011066,KH-DAL-02,2026-09-22,walk-in,Y
AP003330,KB0011074,KH-DAL-02,2026-09-22,scheduled,Y
AP003331,KB0011075,KH-DAL-02,2026-09-22,scheduled,Y
AP003332,KB0011076,KH-DAL-02,2026-09-22,scheduled,Y
AP003333,KB0011079,KH-DAL-02,2026-09-22,walk-in,Y
AP003334,KB0011067,KH-DAL-03,2026-09-22,scheduled,Y
AP003335,KB0011070,KH-DAL-03,2026-09-22,walk-in,Y
AP003336,KB0011436,KH-DAL-03,2026-09-22,scheduled,N
AP003337,KB0011103,KH-NYC-02,2026-09-22,walk-in,Y
AP003338,KB0011105,KH-NYC-02,2026-09-22,scheduled,Y
AP003339,KB0011100,KH-NYC-03,2026-09-22,scheduled,Y
AP003340,KB0011102,KH-NYC-03,2026-09-22,scheduled,Y
AP003341,KB0011104,KH-NYC-03,2026-09-22,scheduled,Y
AP003342,NB/PHL/000021,KH-PHI-02,2026-09-22,walk-in,Y
AP003343,NB/PHL/000024,KH-PHI-02,2026-09-22,scheduled,Y
AP003344,NB/PHL/000025,KH-PHI-02,2026-09-22,walk-in,Y
AP003345,NB/PHL/000027,KH-PHI-02,2026-09-22,scheduled,Y
AP003346,NB/PHL/000028,KH-PHI-02,2026-09-22,walk-in,Y
AP003347,NB/PHL/000022,KH-PHI-03,2026-09-22,walk-in,Y
AP003348,NB/PHL/000023,KH-PHI-03,2026-09-22,scheduled,Y
AP003349,KB0011086,KH-PHX-02,2026-09-22,scheduled,Y
AP003350,KB0011089,KH-PHX-02,2026-09-22,walk-in,Y
AP003351,KB0011093,KH-PHX-02,2026-09-22,scheduled,Y
AP003352,KB0011094,KH-PHX-02,2026-09-22,scheduled,Y
AP003353,KB0011080,KH-PHX-03,2026-09-22,scheduled,Y
AP003354,KB0011081,KH-PHX-03,2026-09-22,scheduled,Y
AP003355,KB0011082,KH-PHX-03,2026-09-22,walk-in,Y
AP003356,KB0011084,KH-PHX-03,2026-09-22,scheduled,Y
AP003357,KB0011189,KH-ATL-02,2026-09-23,walk-in,Y
AP003358,KB0011191,KH-ATL-02,2026-09-23,walk-in,Y
AP003359,KB0011196,KH-ATL-02,2026-09-23,walk-in,Y
AP003360,KB0011197,KH-ATL-02,2026-09-23,scheduled,Y
AP003361,KB0011201,KH-ATL-02,2026-09-23,walk-in,Y
AP003362,NB/ORD/000036,KH-CHI-02,2026-09-23,scheduled,Y
AP003363,NB/ORD/000076,KH-CHI-03,2026-09-23,scheduled,N
AP003364,KB0011133,KH-DAL-02,2026-09-23,scheduled,Y
AP003365,KB0011136,KH-DAL-02,2026-09-23,walk-in,Y
AP003366,KB0011139,KH-DAL-02,2026-09-23,walk-in,Y
AP003367,KB0011142,KH-DAL-02,2026-09-23,walk-in,Y
AP003368,KB0011145,KH-DAL-02,2026-09-23,scheduled,Y
AP003369,KB0011146,KH-DAL-02,2026-09-23,walk-in,Y
AP003370,KB0011148,KH-DAL-02,2026-09-23,walk-in,Y
AP003371,KB0011149,KH-DAL-02,2026-09-23,walk-in,Y
AP003372,KB0011137,KH-DAL-03,2026-09-23,walk-in,Y
AP003373,KB0011138,KH-DAL-03,2026-09-23,scheduled,Y
AP003374,KB0011140,KH-DAL-03,2026-09-23,walk-in,Y
AP003375,KB0011151,KH-DAL-03,2026-09-23,scheduled,Y
AP003376,KB0011152,KH-DAL-03,2026-09-23,walk-in,Y
AP003377,KB0011295,KH-DAL-03,2026-09-23,scheduled,N
AP003378,KB0011172,KH-NYC-02,2026-09-23,walk-in,Y
AP003379,KB0011174,KH-NYC-02,2026-09-23,walk-in,Y
AP003380,KB0011178,KH-NYC-02,2026-09-23,walk-in,Y
AP003381,KB0011179,KH-NYC-02,2026-09-23,scheduled,Y
AP003382,KB0011182,KH-NYC-02,2026-09-23,scheduled,Y
AP003383,KB0011173,KH-NYC-03,2026-09-23,walk-in,Y
AP003384,KB0011180,KH-NYC-03,2026-09-23,scheduled,Y
AP003385,NB/PHL/000030,KH-PHI-02,2026-09-23,walk-in,Y
AP003386,NB/PHL/000029,KH-PHI-03,2026-09-23,walk-in,Y
AP003387,NB/PHL/000031,KH-PHI-03,2026-09-23,scheduled,Y
AP003388,KB0011156,KH-PHX-02,2026-09-23,scheduled,Y
AP003389,KB0011165,KH-PHX-02,2026-09-23,scheduled,Y
AP003390,KB0011166,KH-PHX-02,2026-09-23,walk-in,Y
AP003391,KB0011170,KH-PHX-02,2026-09-23,walk-in,Y
AP003392,KB0011153,KH-PHX-03,2026-09-23,scheduled,Y
AP003393,KB0011157,KH-PHX-03,2026-09-23,walk-in,Y
AP003394,KB0011161,KH-PHX-03,2026-09-23,scheduled,Y
AP003395,KB0011162,KH-PHX-03,2026-09-23,scheduled,Y
AP003396,KB0011168,KH-PHX-03,2026-09-23,scheduled,Y
AP003397,KB0011265,KH-ATL-02,2026-09-24,scheduled,Y
AP003398,KB0011267,KH-ATL-02,2026-09-24,scheduled,Y
AP003399,KB0011269,KH-ATL-02,2026-09-24,scheduled,Y
AP003400,KB0011271,KH-ATL-02,2026-09-24,scheduled,Y
AP003401,KB0011273,KH-ATL-02,2026-09-24,scheduled,Y
AP003402,KB0011274,KH-ATL-02,2026-09-24,scheduled,Y
AP003403,KB0011275,KH-ATL-02,2026-09-24,walk-in,Y
AP003404,KB0011268,KH-ATL-03,2026-09-24,scheduled,Y
AP003405,NB/ORD/000070,KH-CHI-02,2026-09-24,scheduled,N
AP003406,NB/ORD/000038,KH-CHI-03,2026-09-24,walk-in,Y
AP003407,NB/ORD/000040,KH-CHI-03,2026-09-24,scheduled,Y
AP003408,KB0011205,KH-DAL-02,2026-09-24,scheduled,Y
AP003409,KB0011209,KH-DAL-02,2026-09-24,walk-in,Y
AP003410,KB0011210,KH-DAL-02,2026-09-24,walk-in,Y
AP003411,KB0011212,KH-DAL-02,2026-09-24,scheduled,Y
AP003412,KB0011218,KH-DAL-02,2026-09-24,walk-in,Y
AP003413,KB0011219,KH-DAL-02,2026-09-24,scheduled,Y
AP003414,KB0011220,KH-DAL-02,2026-09-24,walk-in,Y
AP003415,KB0011223,KH-DAL-02,2026-09-24,walk-in,Y
AP003416,KB0011226,KH-DAL-02,2026-09-24,scheduled,Y
AP003417,KB0011207,KH-DAL-03,2026-09-24,walk-in,Y
AP003418,KB0011217,KH-DAL-03,2026-09-24,walk-in,Y
AP003419,KB0011222,KH-DAL-03,2026-09-24,scheduled,Y
AP003420,KB0011243,KH-NYC-02,2026-09-24,scheduled,Y
AP003421,KB0011245,KH-NYC-02,2026-09-24,walk-in,Y
AP003422,KB0011250,KH-NYC-02,2026-09-24,walk-in,Y
AP003423,KB0011251,KH-NYC-02,2026-09-24,walk-in,Y
AP003424,KB0011253,KH-NYC-02,2026-09-24,scheduled,Y
AP003425,KB0011255,KH-NYC-02,2026-09-24,scheduled,Y
AP003426,KB0011244,KH-NYC-03,2026-09-24,scheduled,Y
AP003427,KB0011257,KH-NYC-03,2026-09-24,walk-in,Y
AP003428,KB0011258,KH-NYC-03,2026-09-24,walk-in,Y
AP003429,NB/PHL/000036,KH-PHI-02,2026-09-24,scheduled,Y
AP003430,NB/PHL/000037,KH-PHI-02,2026-09-24,walk-in,Y
AP003431,NB/PHL/000032,KH-PHI-03,2026-09-24,scheduled,Y
AP003432,NB/PHL/000033,KH-PHI-03,2026-09-24,scheduled,Y
AP003433,NB/PHL/000035,KH-PHI-03,2026-09-24,scheduled,Y
AP003434,KB0011233,KH-PHX-02,2026-09-24,scheduled,Y
AP003435,KB0011234,KH-PHX-02,2026-09-24,scheduled,Y
AP003436,KB0011239,KH-PHX-02,2026-09-24,walk-in,Y
AP003437,KB0011241,KH-PHX-02,2026-09-24,scheduled,Y
AP003438,KB0011228,KH-PHX-03,2026-09-24,scheduled,Y
AP003439,KB0011231,KH-PHX-03,2026-09-24,scheduled,Y
AP003440,KB0011236,KH-PHX-03,2026-09-24,scheduled,N
AP003441,KB0011242,KH-PHX-03,2026-09-24,walk-in,Y
AP003442,KB0011343,KH-ATL-02,2026-09-25,walk-in,Y
AP003443,KB0011344,KH-ATL-02,2026-09-25,walk-in,Y
AP003444,KB0011346,KH-ATL-02,2026-09-25,walk-in,Y
AP003445,KB0011348,KH-ATL-02,2026-09-25,scheduled,Y
AP003446,KB0011349,KH-ATL-02,2026-09-25,walk-in,Y
AP003447,KB0011478,KH-ATL-02,2026-09-25,scheduled,N
AP003448,KB0011345,KH-ATL-03,2026-09-25,scheduled,Y
AP003449,NB/ORD/000047,KH-CHI-02,2026-09-25,scheduled,Y
AP003450,NB/ORD/000043,KH-CHI-03,2026-09-25,walk-in,Y
AP003451,NB/ORD/000044,KH-CHI-03,2026-09-25,scheduled,Y
AP003452,NB/ORD/000046,KH-CHI-03,2026-09-25,walk-in,Y
AP003453,NB/ORD/000048,KH-CHI-03,2026-09-25,walk-in,Y
AP003454,KB0011292,KH-DAL-02,2026-09-25,walk-in,Y
AP003455,KB0011293,KH-DAL-02,2026-09-25,walk-in,Y
AP003456,KB0011298,KH-DAL-02,2026-09-25,walk-in,Y
AP003457,KB0011299,KH-DAL-02,2026-09-25,walk-in,Y
AP003458,KB0011302,KH-DAL-02,2026-09-25,scheduled,Y
AP003459,KB0011283,KH-DAL-03,2026-09-25,scheduled,Y
AP003460,KB0011284,KH-DAL-03,2026-09-25,walk-in,Y
AP003461,KB0011287,KH-DAL-03,2026-09-25,walk-in,Y
AP003462,KB0011289,KH-DAL-03,2026-09-25,scheduled,Y
AP003463,KB0011290,KH-DAL-03,2026-09-25,scheduled,Y
AP003464,KB0011294,KH-DAL-03,2026-09-25,walk-in,Y
AP003465,KB0011295,KH-DAL-03,2026-09-25,scheduled,Y
AP003466,KB0011296,KH-DAL-03,2026-09-25,walk-in,Y
AP003467,KB0011300,KH-DAL-03,2026-09-25,walk-in,Y
AP003468,KB0011321,KH-NYC-02,2026-09-25,walk-in,Y
AP003469,KB0011323,KH-NYC-02,2026-09-25,walk-in,Y
AP003470,KB0011324,KH-NYC-02,2026-09-25,scheduled,Y
AP003471,KB0011329,KH-NYC-02,2026-09-25,walk-in,Y
AP003472,KB0011322,KH-NYC-03,2026-09-25,walk-in,Y
AP003473,KB0011331,KH-NYC-03,2026-09-25,scheduled,Y
AP003474,KB0011332,KH-NYC-03,2026-09-25,walk-in,Y
AP003475,NB/PHL/000064,KH-PHI-02,2026-09-25,scheduled,N
AP003476,NB/PHL/000038,KH-PHI-03,2026-09-25,walk-in,Y
AP003477,NB/PHL/000040,KH-PHI-03,2026-09-25,walk-in,Y
AP003478,KB0011315,KH-PHX-02,2026-09-25,walk-in,Y
AP003479,KB0011317,KH-PHX-02,2026-09-25,walk-in,Y
AP003480,KB0011319,KH-PHX-02,2026-09-25,scheduled,Y
AP003481,KB0011320,KH-PHX-02,2026-09-25,walk-in,Y
AP003482,KB0011304,KH-PHX-03,2026-09-25,walk-in,Y
AP003483,KB0011307,KH-PHX-03,2026-09-25,scheduled,N
AP003484,KB0011309,KH-PHX-03,2026-09-25,walk-in,Y
AP003485,KB0011313,KH-PHX-03,2026-09-25,walk-in,Y
AP003486,KB0011316,KH-PHX-03,2026-09-25,scheduled,Y
AP003487,KB0011445,KH-PHX-03,2026-09-25,scheduled,N
AP003488,KB0011567,KH-PHX-03,2026-09-25,scheduled,N
AP003489,KB0011418,KH-ATL-02,2026-09-26,scheduled,Y
AP003490,KB0011422,KH-ATL-02,2026-09-26,walk-in,Y
AP003491,KB0011423,KH-ATL-02,2026-09-26,scheduled,N
AP003492,KB0011424,KH-ATL-02,2026-09-26,scheduled,Y
AP003493,KB0011425,KH-ATL-02,2026-09-26,walk-in,Y
AP003494,KB0011536,KH-ATL-02,2026-09-26,scheduled,N
AP003495,KB0011419,KH-ATL-03,2026-09-26,scheduled,Y
AP003496,NB/ORD/000051,KH-CHI-02,2026-09-26,scheduled,Y
AP003497,NB/ORD/000052,KH-CHI-02,2026-09-26,scheduled,Y
AP003498,NB/ORD/000054,KH-CHI-02,2026-09-26,scheduled,Y
AP003499,NB/ORD/000057,KH-CHI-02,2026-09-26,walk-in,Y
AP003500,NB/ORD/000059,KH-CHI-02,2026-09-26,scheduled,Y
AP003501,NB/ORD/000053,KH-CHI-03,2026-09-26,scheduled,Y
AP003502,KB0011363,KH-DAL-02,2026-09-26,scheduled,Y
AP003503,KB0011364,KH-DAL-02,2026-09-26,scheduled,Y
AP003504,KB0011366,KH-DAL-02,2026-09-26,walk-in,Y
AP003505,KB0011367,KH-DAL-02,2026-09-26,scheduled,Y
AP003506,KB0011368,KH-DAL-02,2026-09-26,walk-in,Y
AP003507,KB0011370,KH-DAL-02,2026-09-26,walk-in,Y
AP003508,KB0011372,KH-DAL-02,2026-09-26,scheduled,Y
AP003509,KB0011374,KH-DAL-02,2026-09-26,walk-in,Y
AP003510,KB0011377,KH-DAL-02,2026-09-26,walk-in,Y
AP003511,KB0011484,KH-DAL-02,2026-09-26,scheduled,N
AP003512,KB0011362,KH-DAL-03,2026-09-26,walk-in,Y
AP003513,KB0011365,KH-DAL-03,2026-09-26,walk-in,Y
AP003514,KB0011371,KH-DAL-03,2026-09-26,scheduled,Y
AP003515,KB0011376,KH-DAL-03,2026-09-26,walk-in,Y
AP003516,KB0011378,KH-DAL-03,2026-09-26,scheduled,Y
AP003517,KB0011379,KH-DAL-03,2026-09-26,scheduled,Y
AP003518,KB0011399,KH-NYC-02,2026-09-26,walk-in,Y
AP003519,KB0011405,KH-NYC-02,2026-09-26,scheduled,Y
AP003520,KB0011406,KH-NYC-02,2026-09-26,walk-in,Y
AP003521,KB0011401,KH-NYC-03,2026-09-26,walk-in,Y
AP003522,KB0011402,KH-NYC-03,2026-09-26,walk-in,Y
AP003523,KB0011408,KH-NYC-03,2026-09-26,scheduled,Y
AP003524,KB0011674,KH-NYC-03,2026-09-26,scheduled,N
AP003525,NB/PHL/000044,KH-PHI-02,2026-09-26,walk-in,Y
AP003526,NB/PHL/000047,KH-PHI-02,2026-09-26,walk-in,Y
AP003527,NB/PHL/000048,KH-PHI-02,2026-09-26,scheduled,Y
AP003528,NB/PHL/000049,KH-PHI-02,2026-09-26,scheduled,Y
AP003529,NB/PHL/000046,KH-PHI-03,2026-09-26,walk-in,Y
AP003530,KB0011389,KH-PHX-02,2026-09-26,walk-in,Y
AP003531,KB0011390,KH-PHX-02,2026-09-26,walk-in,Y
AP003532,KB0011396,KH-PHX-02,2026-09-26,walk-in,Y
AP003533,KB0011381,KH-PHX-03,2026-09-26,scheduled,Y
AP003534,KB0011382,KH-PHX-03,2026-09-26,walk-in,Y
AP003535,KB0011383,KH-PHX-03,2026-09-26,walk-in,Y
AP003536,KB0011387,KH-PHX-03,2026-09-26,walk-in,Y
AP003537,KB0011388,KH-PHX-03,2026-09-26,scheduled,Y
AP003538,KB0011391,KH-PHX-03,2026-09-26,walk-in,Y
AP003539,KB0011392,KH-PHX-03,2026-09-26,scheduled,Y
AP003540,KB0011394,KH-PHX-03,2026-09-26,walk-in,Y
AP003541,KB0011477,KH-ATL-02,2026-09-27,walk-in,Y
AP003542,KB0011478,KH-ATL-02,2026-09-27,scheduled,Y
AP003543,KB0011479,KH-ATL-02,2026-09-27,walk-in,Y
AP003544,KB0011475,KH-ATL-03,2026-09-27,scheduled,Y
AP003545,NB/ORD/000064,KH-CHI-02,2026-09-27,scheduled,N
AP003546,NB/ORD/000062,KH-CHI-03,2026-09-27,walk-in,Y
AP003547,NB/ORD/000063,KH-CHI-03,2026-09-27,walk-in,Y
AP003548,KB0011435,KH-DAL-02,2026-09-27,scheduled,Y
AP003549,KB0011433,KH-DAL-03,2026-09-27,walk-in,Y
AP003550,KB0011436,KH-DAL-03,2026-09-27,scheduled,Y
AP003551,KB0011437,KH-DAL-03,2026-09-27,scheduled,Y
AP003552,KB0011440,KH-DAL-03,2026-09-27,walk-in,Y
AP003553,KB0011459,KH-NYC-02,2026-09-27,walk-in,Y
AP003554,KB0011458,KH-NYC-03,2026-09-27,walk-in,Y
AP003555,KB0011463,KH-NYC-03,2026-09-27,walk-in,Y
AP003556,NB/PHL/000051,KH-PHI-02,2026-09-27,walk-in,Y
AP003557,NB/PHL/000062,KH-PHI-03,2026-09-27,scheduled,N
AP003558,KB0011444,KH-PHX-02,2026-09-27,scheduled,Y
AP003559,KB0011448,KH-PHX-02,2026-09-27,scheduled,Y
AP003560,KB0011449,KH-PHX-02,2026-09-27,walk-in,Y
AP003561,KB0011450,KH-PHX-02,2026-09-27,walk-in,Y
AP003562,KB0011445,KH-PHX-03,2026-09-27,scheduled,Y
AP003563,KB0011446,KH-PHX-03,2026-09-27,scheduled,Y
AP003564,KB0011451,KH-PHX-03,2026-09-27,scheduled,Y
AP003565,KB0011452,KH-PHX-03,2026-09-27,walk-in,Y
AP003566,KB0011532,KH-ATL-02,2026-09-28,scheduled,Y
AP003567,KB0011533,KH-ATL-02,2026-09-28,scheduled,Y
AP003568,KB0011534,KH-ATL-02,2026-09-28,walk-in,Y
AP003569,KB0011535,KH-ATL-02,2026-09-28,scheduled,Y
AP003570,KB0011536,KH-ATL-02,2026-09-28,scheduled,Y
AP003571,KB0011537,KH-ATL-02,2026-09-28,scheduled,Y
AP003572,KB0011539,KH-ATL-02,2026-09-28,walk-in,Y
AP003573,KB0011540,KH-ATL-03,2026-09-28,scheduled,Y
AP003574,NB/ORD/000070,KH-CHI-02,2026-09-28,scheduled,Y
AP003575,NB/ORD/000068,KH-CHI-03,2026-09-28,scheduled,Y
AP003576,NB/ORD/000071,KH-CHI-03,2026-09-28,walk-in,Y
AP003577,NB/ORD/000072,KH-CHI-03,2026-09-28,walk-in,Y
AP003578,KB0011484,KH-DAL-02,2026-09-28,scheduled,Y
AP003579,KB0011487,KH-DAL-02,2026-09-28,walk-in,Y
AP003580,KB0011490,KH-DAL-02,2026-09-28,scheduled,Y
AP003581,KB0011491,KH-DAL-02,2026-09-28,walk-in,Y
AP003582,KB0011482,KH-DAL-03,2026-09-28,walk-in,Y
AP003583,KB0011483,KH-DAL-03,2026-09-28,walk-in,Y
AP003584,KB0011489,KH-DAL-03,2026-09-28,scheduled,Y
AP003585,KB0011492,KH-DAL-03,2026-09-28,walk-in,Y
AP003586,KB0011506,KH-NYC-02,2026-09-28,walk-in,Y
AP003587,KB0011507,KH-NYC-02,2026-09-28,walk-in,Y
AP003588,KB0011509,KH-NYC-02,2026-09-28,walk-in,Y
AP003589,KB0011511,KH-NYC-02,2026-09-28,walk-in,Y
AP003590,KB0011510,KH-NYC-03,2026-09-28,scheduled,Y
AP003591,KB0011514,KH-NYC-03,2026-09-28,scheduled,Y
AP003592,KB0011516,KH-NYC-03,2026-09-28,scheduled,Y
AP003593,NB/PHL/000054,KH-PHI-02,2026-09-28,scheduled,Y
AP003594,NB/PHL/000055,KH-PHI-02,2026-09-28,walk-in,Y
AP003595,NB/PHL/000056,KH-PHI-02,2026-09-28,scheduled,Y
AP003596,KB0011494,KH-PHX-02,2026-09-28,walk-in,Y
AP003597,KB0011497,KH-PHX-02,2026-09-28,scheduled,Y
AP003598,KB0011499,KH-PHX-02,2026-09-28,scheduled,Y
AP003599,KB0011500,KH-PHX-02,2026-09-28,scheduled,Y
AP003600,KB0011503,KH-PHX-02,2026-09-28,scheduled,Y
AP003601,KB0011505,KH-PHX-02,2026-09-28,walk-in,Y
AP003602,KB0011502,KH-PHX-03,2026-09-28,walk-in,Y
AP003603,KB0011504,KH-PHX-03,2026-09-28,walk-in,Y
AP003604,KB0011604,KH-ATL-02,2026-09-29,scheduled,Y
AP003605,KB0011609,KH-ATL-02,2026-09-29,scheduled,Y
AP003606,KB0011610,KH-ATL-02,2026-09-29,walk-in,Y
AP003607,KB0011612,KH-ATL-02,2026-09-29,scheduled,Y
AP003608,KB0011615,KH-ATL-02,2026-09-29,walk-in,Y
AP003609,KB0011613,KH-ATL-03,2026-09-29,scheduled,Y
AP003610,NB/ORD/000075,KH-CHI-02,2026-09-29,scheduled,Y
AP003611,NB/ORD/000076,KH-CHI-03,2026-09-29,scheduled,Y
AP003612,NB/ORD/000080,KH-CHI-03,2026-09-29,scheduled,Y
AP003613,KB0011552,KH-DAL-02,2026-09-29,walk-in,Y
AP003614,KB0011555,KH-DAL-02,2026-09-29,scheduled,Y
AP003615,KB0011561,KH-DAL-02,2026-09-29,scheduled,Y
AP003616,KB0011549,KH-DAL-03,2026-09-29,scheduled,Y
AP003617,KB0011550,KH-DAL-03,2026-09-29,walk-in,Y
AP003618,KB0011553,KH-DAL-03,2026-09-29,walk-in,Y
AP003619,KB0011560,KH-DAL-03,2026-09-29,walk-in,Y
AP003620,KB0011563,KH-DAL-03,2026-09-29,walk-in,Y
AP003621,KB0011583,KH-NYC-02,2026-09-29,walk-in,Y
AP003622,KB0011589,KH-NYC-02,2026-09-29,walk-in,Y
AP003623,KB0011592,KH-NYC-02,2026-09-29,walk-in,Y
AP003624,KB0011593,KH-NYC-02,2026-09-29,walk-in,Y
AP003625,KB0011595,KH-NYC-02,2026-09-29,walk-in,Y
AP003626,KB0011581,KH-NYC-03,2026-09-29,scheduled,Y
AP003627,KB0011582,KH-NYC-03,2026-09-29,scheduled,Y
AP003628,KB0011584,KH-NYC-03,2026-09-29,walk-in,Y
AP003629,KB0011587,KH-NYC-03,2026-09-29,scheduled,Y
AP003630,KB0011588,KH-NYC-03,2026-09-29,walk-in,Y
AP003631,KB0011596,KH-NYC-03,2026-09-29,walk-in,Y
AP003632,NB/PHL/000057,KH-PHI-02,2026-09-29,walk-in,Y
AP003633,NB/PHL/000058,KH-PHI-02,2026-09-29,scheduled,Y
AP003634,NB/PHL/000063,KH-PHI-02,2026-09-29,scheduled,Y
AP003635,NB/PHL/000064,KH-PHI-02,2026-09-29,scheduled,Y
AP003636,NB/PHL/000062,KH-PHI-03,2026-09-29,scheduled,Y
AP003637,KB0011565,KH-PHX-02,2026-09-29,walk-in,Y
AP003638,KB0011566,KH-PHX-02,2026-09-29,scheduled,Y
AP003639,KB0011570,KH-PHX-02,2026-09-29,walk-in,Y
AP003640,KB0011571,KH-PHX-02,2026-09-29,scheduled,Y
AP003641,KB0011576,KH-PHX-02,2026-09-29,scheduled,Y
AP003642,KB0011564,KH-PHX-03,2026-09-29,scheduled,Y
AP003643,KB0011567,KH-PHX-03,2026-09-29,scheduled,Y
AP003644,KB0011580,KH-PHX-03,2026-09-29,scheduled,Y
AP003645,KB0011683,KH-ATL-02,2026-09-30,scheduled,Y
AP003646,KB0011686,KH-ATL-02,2026-09-30,scheduled,Y
AP003647,KB0011687,KH-ATL-02,2026-09-30,walk-in,Y
AP003648,KB0011690,KH-ATL-02,2026-09-30,walk-in,Y
AP003649,KB0011692,KH-ATL-02,2026-09-30,scheduled,Y
AP003650,KB0011693,KH-ATL-02,2026-09-30,walk-in,Y
AP003651,KB0011698,KH-ATL-02,2026-09-30,scheduled,Y
AP003652,NB/ORD/000081,KH-CHI-03,2026-09-30,scheduled,N
AP003653,NB/ORD/000083,KH-CHI-03,2026-09-30,scheduled,Y
AP003654,NB/ORD/000084,KH-CHI-03,2026-09-30,walk-in,Y
AP003655,NB/ORD/000085,KH-CHI-03,2026-09-30,walk-in,Y
AP003656,KB0011624,KH-DAL-02,2026-09-30,scheduled,Y
AP003657,KB0011639,KH-DAL-02,2026-09-30,scheduled,Y
AP003658,KB0011643,KH-DAL-02,2026-09-30,scheduled,Y
AP003659,KB0011626,KH-DAL-03,2026-09-30,walk-in,Y
AP003660,KB0011629,KH-DAL-03,2026-09-30,scheduled,Y
AP003661,KB0011638,KH-DAL-03,2026-09-30,scheduled,Y
AP003662,KB0011641,KH-DAL-03,2026-09-30,walk-in,Y
AP003663,KB0011666,KH-NYC-02,2026-09-30,scheduled,Y
AP003664,KB0011669,KH-NYC-02,2026-09-30,walk-in,Y
AP003665,KB0011671,KH-NYC-02,2026-09-30,scheduled,Y
AP003666,KB0011670,KH-NYC-03,2026-09-30,walk-in,Y
AP003667,KB0011672,KH-NYC-03,2026-09-30,walk-in,Y
AP003668,KB0011673,KH-NYC-03,2026-09-30,scheduled,Y
AP003669,KB0011674,KH-NYC-03,2026-09-30,scheduled,Y
AP003670,NB/PHL/000066,KH-PHI-02,2026-09-30,scheduled,Y
AP003671,NB/PHL/000067,KH-PHI-02,2026-09-30,walk-in,Y
AP003672,NB/PHL/000068,KH-PHI-03,2026-09-30,walk-in,Y
AP003673,KB0011644,KH-PHX-02,2026-09-30,walk-in,Y
AP003674,KB0011646,KH-PHX-02,2026-09-30,walk-in,Y
AP003675,KB0011647,KH-PHX-02,2026-09-30,walk-in,Y
AP003676,KB0011648,KH-PHX-02,2026-09-30,scheduled,Y
AP003677,KB0011657,KH-PHX-02,2026-09-30,scheduled,Y
AP003678,KB0011662,KH-PHX-02,2026-09-30,scheduled,Y
AP003679,KB0011645,KH-PHX-03,2026-09-30,walk-in,Y
AP003680,KB0011649,KH-PHX-03,2026-09-30,walk-in,Y
AP003681,KB0011650,KH-PHX-03,2026-09-30,walk-in,Y
AP003682,KB0011653,KH-PHX-03,2026-09-30,scheduled,Y
AP003683,KB0011661,KH-PHX-03,2026-09-30,walk-in,Y
AP003684,KB0011664,KH-PHX-03,2026-09-30,walk-in,Y
AP003685,KB0011665,KH-PHX-03,2026-09-30,scheduled,Y
