patient_id,city,age_band,sex,corporate_account
P-000001,Bengaluru,18-29,F,CORP-0007
P-000002,Bengaluru,45-59,M,
P-000003,Bengaluru,45-59,F,
P-000004,Bengaluru,45-59,M,
P-000005,Bengaluru,45-59,M,
P-000006,Bengaluru,60+,M,
P-000007,Bengaluru,18-29,F,
P-000008,Bengaluru,45-59,F,
P-000009,Bengaluru,45-59,M,
P-000010,Bengaluru,18-29,M,
P-000011,Bengaluru,60+,F,
P-000012,Bengaluru,45-59,M,
P-000013,Bengaluru,45-59,M,
P-000014,Bengaluru,18-29,F,
P-000015,Bengaluru,60+,F,
P-000016,Bengaluru,30-44,M,
P-000017,Bengaluru,45-59,M,
P-000018,Bengaluru,30-44,F,
P-000019,Bengaluru,30-44,M,
P-000020,Bengaluru,45-59,F,
P-000021,Bengaluru,60+,F,
P-000022,Bengaluru,45-59,F,
P-000023,Bengaluru,45-59,F,
P-000024,Bengaluru,60+,F,
P-000025,Bengaluru,30-44,M,
P-000026,Bengaluru,45-59,F,
P-000027,Bengaluru,60+,M,
P-000028,Bengaluru,18-29,M,
P-000029,Bengaluru,45-59,M,
P-000030,Bengaluru,18-29,M,
P-000031,Bengaluru,60+,F,
P-000032,Bengaluru,45-59,F,
P-000033,Bengaluru,18-29,F,
P-000034,Bengaluru,18-29,M,
P-000035,Bengaluru,45-59,F,
P-000036,Bengaluru,30-44,M,
P-000037,Bengaluru,30-44,F,
P-000038,Bengaluru,18-29,M,
P-000039,Bengaluru,30-44,M,
P-000040,Bengaluru,18-29,F,
P-000041,Bengaluru,18-29,F,
P-000042,Bengaluru,18-29,F,
P-000043,Bengaluru,30-44,F,
P-000044,Bengaluru,60+,M,
P-000045,Bengaluru,45-59,M,
P-000046,Bengaluru,30-44,M,
P-000047,Bengaluru,30-44,M,
P-000048,Bengaluru,45-59,M,
P-000049,Bengaluru,18-29,F,
P-000050,Bengaluru,30-44,F,
P-000051,Bengaluru,30-44,F,
P-000052,Bengaluru,30-44,F,
P-000053,Bengaluru,18-29,F,
P-000054,Bengaluru,18-29,F,
P-000055,Bengaluru,30-44,M,
P-000056,Bengaluru,60+,M,
P-000057,Bengaluru,45-59,M,
P-000058,Bengaluru,30-44,M,
P-000059,Bengaluru,45-59,F,
P-000060,Bengaluru,60+,M,
P-000061,Bengaluru,45-59,M,
P-000062,Bengaluru,30-44,F,
P-000063,Bengaluru,45-59,F,
P-000064,Bengaluru,45-59,F,
P-000065,Bengaluru,45-59,M,
P-000066,Bengaluru,60+,F,
P-000067,Bengaluru,60+,M,
P-000068,Bengaluru,18-29,F,
P-000069,Bengaluru,18-29,M,
P-000070,Bengaluru,45-59,M,
P-000071,Bengaluru,45-59,M,
P-000072,Bengaluru,30-44,M,
P-000073,Bengaluru,60+,M,
P-000074,Bengaluru,45-59,F,
P-000075,Bengaluru,45-59,M,
P-000076,Bengaluru,60+,F,
P-000077,Bengaluru,45-59,M,
P-000078,Bengaluru,60+,F,
P-000079,Bengaluru,60+,M,
P-000080,Bengaluru,30-44,M,
P-000081,Bengaluru,18-29,F,
P-000082,Bengaluru,18-29,F,
P-000083,Bengaluru,60+,M,
P-000084,Bengaluru,30-44,M,
P-000085,Bengaluru,60+,F,
P-000086,Bengaluru,60+,M,
P-000087,Bengaluru,30-44,M,
P-000088,Bengaluru,45-59,F,
P-000089,Bengaluru,18-29,F,
P-000090,Bengaluru,30-44,M,
P-000091,Bengaluru,18-29,M,
P-000092,Bengaluru,30-44,M,
P-000093,Bengaluru,18-29,M,
P-000094,Bengaluru,18-29,M,
P-000095,Bengaluru,30-44,F,
P-000096,Bengaluru,45-59,F,
P-000097,Bengaluru,60+,M,
P-000098,Bengaluru,30-44,M,
P-000099,Bengaluru,30-44,M,
P-000100,Bengaluru,18-29,M,
P-000101,Bengaluru,30-44,M,
P-000102,Bengaluru,45-59,M,
P-000103,Bengaluru,60+,F,
P-000104,Bengaluru,60+,M,
P-000105,Bengaluru,60+,F,
P-000106,Bengaluru,18-29,F,
P-000107,Bengaluru,18-29,F,
P-000108,Bengaluru,60+,F,
P-000109,Bengaluru,45-59,F,
P-000110,Bengaluru,18-29,M,
P-000111,Bengaluru,30-44,M,
P-000112,Bengaluru,60+,F,
P-000113,Bengaluru,60+,F,
P-000114,Bengaluru,60+,M,
P-000115,Bengaluru,30-44,M,
P-000116,Bengaluru,60+,F,
P-000117,Bengaluru,60+,F,
P-000118,Bengaluru,18-29,M,
P-000119,Bengaluru,60+,M,
P-000120,Bengaluru,45-59,F,
P-000121,Bengaluru,60+,M,
P-000122,Bengaluru,30-44,M,
P-000123,Bengaluru,60+,M,
P-000124,Bengaluru,30-44,F,
P-000125,Bengaluru,30-44,F,
P-000126,Bengaluru,30-44,M,
P-000127,Bengaluru,30-44,M,
P-000128,Bengaluru,18-29,F,
P-000129,Bengaluru,18-29,F,
P-000130,Bengaluru,18-29,M,
P-000131,Bengaluru,45-59,F,
P-000132,Bengaluru,30-44,M,
P-000133,Bengaluru,18-29,M,
P-000134,Bengaluru,18-29,F,
P-000135,Bengaluru,60+,M,
P-000136,Bengaluru,30-44,F,
P-000137,Bengaluru,30-44,F,
P-000138,Bengaluru,60+,M,
P-000139,Bengaluru,30-44,M,
P-000140,Bengaluru,60+,F,
P-000141,Bengaluru,60+,F,
P-000142,Bengaluru,18-29,F,
P-000143,Bengaluru,30-44,M,
P-000144,Bengaluru,60+,M,
P-000145,Bengaluru,45-59,F,
P-000146,Bengaluru,45-59,M,
P-000147,Bengaluru,60+,M,
P-000148,Bengaluru,60+,M,
P-000149,Bengaluru,60+,M,
P-000150,Bengaluru,30-44,F,
P-000151,Bengaluru,45-59,F,
P-000152,Bengaluru,60+,M,
P-000153,Bengaluru,18-29,M,
P-000154,Bengaluru,45-59,F,
P-000155,Bengaluru,60+,M,
P-000156,Bengaluru,45-59,F,
P-000157,Bengaluru,30-44,M,
P-000158,Bengaluru,45-59,M,
P-000159,Bengaluru,30-44,M,
P-000160,Bengaluru,18-29,F,
P-000161,Bengaluru,18-29,F,
P-000162,Bengaluru,30-44,M,
P-000163,Bengaluru,45-59,M,
P-000164,Bengaluru,60+,M,
P-000165,Bengaluru,60+,M,
P-000166,Bengaluru,60+,F,
P-000167,Bengaluru,18-29,M,
P-000168,Bengaluru,60+,F,
P-000169,Bengaluru,18-29,F,
P-000170,Bengaluru,60+,M,
P-000171,Bengaluru,60+,F,
P-000172,Bengaluru,30-44,M,
P-000173,Bengaluru,30-44,M,
P-000174,Bengaluru,45-59,M,
P-000175,Bengaluru,18-29,M,
P-000176,Bengaluru,18-29,M,
P-000177,Bengaluru,45-59,F,
P-000178,Bengaluru,30-44,F,
P-000179,Bengaluru,30-44,M,
P-000180,Bengaluru,18-29,M,
P-000181,Bengaluru,30-44,F,
P-000182,Bengaluru,18-29,M,
P-000183,Bengaluru,45-59,F,
P-000184,Bengaluru,18-29,F,
P-000185,Bengaluru,30-44,F,
P-000186,Bengaluru,45-59,M,
P-000187,Bengaluru,60+,M,
P-000188,Bengaluru,18-29,F,
P-000189,Bengaluru,60+,M,
P-000190,Bengaluru,60+,F,
P-000191,Bengaluru,18-29,M,
P-000192,Bengaluru,18-29,M,
P-000193,Bengaluru,30-44,M,
P-000194,Bengaluru,45-59,M,
P-000195,Bengaluru,30-44,M,
P-000196,Bengaluru,18-29,F,
P-000197,Bengaluru,30-44,M,
P-000198,Bengaluru,60+,F,
P-000199,Bengaluru,30-44,F,
P-000200,Bengaluru,30-44,M,
P-000201,Bengaluru,30-44,M,
P-000202,Bengaluru,60+,M,
P-000203,Bengaluru,30-44,M,
P-000204,Bengaluru,60+,F,
P-000205,Bengaluru,18-29,F,
P-000206,Bengaluru,45-59,M,
P-000207,Bengaluru,45-59,F,
P-000208,Bengaluru,18-29,M,
P-000209,Bengaluru,60+,M,
P-000210,Bengaluru,30-44,M,
P-000211,Bengaluru,30-44,F,
P-000212,Bengaluru,18-29,F,
P-000213,Bengaluru,45-59,M,
P-000214,Bengaluru,45-59,F,
P-000215,Bengaluru,30-44,M,
P-000216,Bengaluru,18-29,M,
P-000217,Bengaluru,18-29,M,
P-000218,Bengaluru,18-29,M,
P-000219,Bengaluru,60+,M,
P-000220,Bengaluru,45-59,F,
P-000221,Bengaluru,45-59,M,
P-000222,Bengaluru,45-59,M,
P-000223,Bengaluru,60+,F,
P-000224,Bengaluru,30-44,F,
P-000225,Bengaluru,18-29,F,
P-000226,Bengaluru,30-44,F,
P-000227,Bengaluru,18-29,M,
P-000228,Bengaluru,30-44,M,
P-000229,Bengaluru,30-44,F,
P-000230,Bengaluru,45-59,M,
P-000231,Bengaluru,60+,M,
P-000232,Bengaluru,30-44,F,
P-000233,Bengaluru,60+,F,
P-000234,Bengaluru,18-29,M,
P-000235,Bengaluru,30-44,M,
P-000236,Bengaluru,30-44,M,
P-000237,Bengaluru,18-29,M,
P-000238,Bengaluru,60+,M,
P-000239,Bengaluru,60+,M,
P-000240,Bengaluru,18-29,F,
P-000241,Bengaluru,60+,M,
P-000242,Bengaluru,60+,F,
P-000243,Bengaluru,30-44,F,
P-000244,Bengaluru,45-59,F,
P-000245,Bengaluru,18-29,M,
P-000246,Bengaluru,30-44,F,
P-000247,Bengaluru,30-44,M,
P-000248,Bengaluru,18-29,M,
P-000249,Bengaluru,45-59,M,
P-000250,Bengaluru,45-59,M,
P-000251,Bengaluru,30-44,F,
P-000252,Bengaluru,18-29,F,
P-000253,Bengaluru,30-44,F,
P-000254,Bengaluru,45-59,F,
P-000255,Bengaluru,45-59,M,
P-000256,Bengaluru,45-59,F,
P-000257,Bengaluru,60+,F,
P-000258,Bengaluru,18-29,M,
P-000259,Bengaluru,30-44,F,
P-000260,Bengaluru,18-29,F,
P-000261,Bengaluru,30-44,M,
P-000262,Bengaluru,18-29,F,
P-000263,Bengaluru,45-59,M,
P-000264,Bengaluru,30-44,F,
P-000265,Bengaluru,60+,M,
P-000266,Bengaluru,60+,F,
P-000267,Bengaluru,30-44,M,
P-000268,Bengaluru,60+,M,
P-000269,Bengaluru,18-29,M,
P-000270,Bengaluru,18-29,M,
P-000271,Bengaluru,45-59,M,
P-000272,Bengaluru,18-29,F,
P-000273,Bengaluru,30-44,F,
P-000274,Bengaluru,60+,F,
P-000275,Bengaluru,45-59,M,
P-000276,Bengaluru,18-29,M,
P-000277,Bengaluru,30-44,M,
P-000278,Bengaluru,60+,M,
P-000279,Bengaluru,30-44,M,
P-000280,Bengaluru,45-59,F,
P-000281,Bengaluru,45-59,F,
P-000282,Bengaluru,18-29,F,
P-000283,Bengaluru,18-29,M,
P-000284,Bengaluru,45-59,F,
P-000285,Bengaluru,60+,M,
P-000286,Bengaluru,30-44,F,
P-000287,Bengaluru,45-59,F,
P-000288,Bengaluru,60+,F,
P-000289,Bengaluru,18-29,M,
P-000290,Bengaluru,18-29,F,
P-000291,Bengaluru,45-59,M,
P-000292,Bengaluru,45-59,M,
P-000293,Bengaluru,18-29,F,
P-000294,Bengaluru,18-29,F,
P-000295,Bengaluru,45-59,F,
P-000296,Bengaluru,45-59,M,
P-000297,Bengaluru,30-44,M,
P-000298,Bengaluru,45-59,M,
P-000299,Bengaluru,30-44,M,
P-000300,Bengaluru,60+,F,
P-000301,Bengaluru,45-59,M,
P-000302,Bengaluru,60+,F,
P-000303,Bengaluru,30-44,M,
P-000304,Bengaluru,45-59,F,
P-000305,Bengaluru,60+,M,
P-000306,Bengaluru,45-59,F,
P-000307,Bengaluru,18-29,F,
P-000308,Bengaluru,60+,F,
P-000309,Bengaluru,30-44,M,
P-000310,Bengaluru,18-29,M,
P-000311,Bengaluru,60+,M,
P-000312,Bengaluru,45-59,F,
P-000313,Bengaluru,18-29,F,
P-000314,Bengaluru,60+,F,
P-000315,Bengaluru,45-59,F,
P-000316,Bengaluru,60+,F,
P-000317,Bengaluru,60+,M,
P-000318,Bengaluru,60+,M,
P-000319,Bengaluru,18-29,M,
P-000320,Bengaluru,18-29,F,
P-000321,Bengaluru,18-29,F,
P-000322,Bengaluru,60+,M,
P-000323,Bengaluru,18-29,M,
P-000324,Bengaluru,45-59,F,
P-000325,Bengaluru,30-44,F,
P-000326,Bengaluru,18-29,M,
P-000327,Bengaluru,60+,F,
P-000328,Bengaluru,45-59,M,
P-000329,Bengaluru,18-29,M,
P-000330,Bengaluru,30-44,M,
P-000331,Bengaluru,30-44,F,
P-000332,Bengaluru,30-44,F,
P-000333,Bengaluru,45-59,M,
P-000334,Bengaluru,45-59,F,
P-000335,Bengaluru,45-59,M,
P-000336,Bengaluru,30-44,M,
P-000337,Bengaluru,45-59,M,
P-000338,Bengaluru,60+,F,
P-000339,Bengaluru,45-59,M,
P-000340,Bengaluru,30-44,F,
P-000341,Bengaluru,45-59,F,
P-000342,Bengaluru,45-59,M,
P-000343,Bengaluru,18-29,F,
P-000344,Bengaluru,18-29,F,
P-000345,Bengaluru,18-29,F,
P-000346,Bengaluru,18-29,M,
P-000347,Bengaluru,60+,M,
P-000348,Bengaluru,18-29,F,
P-000349,Bengaluru,60+,F,
P-000350,Bengaluru,18-29,F,
P-000351,Bengaluru,18-29,F,
P-000352,Bengaluru,18-29,M,
P-000353,Bengaluru,30-44,F,
P-000354,Bengaluru,30-44,M,
P-000355,Bengaluru,60+,M,
P-000356,Bengaluru,30-44,F,
P-000357,Bengaluru,45-59,F,
P-000358,Bengaluru,18-29,M,
P-000359,Bengaluru,60+,F,
P-000360,Bengaluru,18-29,F,
P-000361,Bengaluru,18-29,F,
P-000362,Bengaluru,18-29,M,
P-000363,Bengaluru,18-29,M,
P-000364,Bengaluru,45-59,M,
P-000365,Bengaluru,30-44,F,
P-000366,Bengaluru,45-59,F,
P-000367,Bengaluru,30-44,F,
P-000368,Bengaluru,18-29,F,
P-000369,Bengaluru,60+,M,
P-000370,Bengaluru,30-44,M,
P-000371,Bengaluru,60+,F,
P-000372,Bengaluru,18-29,F,
P-000373,Bengaluru,30-44,M,
P-000374,Bengaluru,45-59,M,
P-000375,Bengaluru,45-59,F,
P-000376,Bengaluru,30-44,M,
P-000377,Bengaluru,60+,M,
P-000378,Bengaluru,45-59,F,
P-000379,Bengaluru,45-59,F,
P-000380,Bengaluru,18-29,F,
P-000381,Bengaluru,60+,M,
P-000382,Bengaluru,45-59,M,
P-000383,Bengaluru,60+,M,
P-000384,Bengaluru,18-29,M,
P-000385,Bengaluru,18-29,M,
P-000386,Bengaluru,18-29,M,
P-000387,Bengaluru,60+,M,
P-000388,Bengaluru,18-29,M,
P-000389,Bengaluru,60+,M,
P-000390,Bengaluru,30-44,F,
P-000391,Bengaluru,18-29,F,
P-000392,Bengaluru,30-44,F,
P-000393,Bengaluru,45-59,F,
P-000394,Bengaluru,30-44,F,
P-000395,Bengaluru,18-29,F,
P-000396,Bengaluru,30-44,F,
P-000397,Bengaluru,60+,F,
P-000398,Bengaluru,60+,F,
P-000399,Bengaluru,30-44,M,
P-000400,Bengaluru,60+,F,
P-000401,Bengaluru,45-59,M,
P-000402,Bengaluru,30-44,M,
P-000403,Bengaluru,45-59,M,
P-000404,Bengaluru,18-29,F,
P-000405,Bengaluru,18-29,F,
P-000406,Bengaluru,60+,M,
P-000407,Bengaluru,60+,M,
P-000408,Bengaluru,45-59,F,
P-000409,Bengaluru,45-59,M,
P-000410,Bengaluru,45-59,M,
P-000411,Bengaluru,45-59,F,
P-000412,Bengaluru,45-59,F,
P-000413,Bengaluru,60+,F,
P-000414,Bengaluru,45-59,F,
P-000415,Bengaluru,45-59,F,
P-000416,Bengaluru,60+,M,
P-000417,Bengaluru,45-59,M,
P-000418,Bengaluru,18-29,F,
P-000419,Bengaluru,45-59,F,
P-000420,Bengaluru,60+,F,
P-000421,Bengaluru,60+,F,
P-000422,Bengaluru,45-59,F,
P-000423,Bengaluru,60+,F,
P-000424,Bengaluru,60+,M,
P-000425,Bengaluru,45-59,F,
P-000426,Bengaluru,30-44,M,
P-000427,Bengaluru,18-29,F,
P-000428,Bengaluru,60+,M,
P-000429,Bengaluru,45-59,M,
P-000430,Bengaluru,18-29,F,
P-000431,Bengaluru,45-59,M,
P-000432,Bengaluru,30-44,F,
P-000433,Bengaluru,18-29,M,
P-000434,Bengaluru,18-29,F,
P-000435,Bengaluru,45-59,F,
P-000436,Bengaluru,60+,M,
P-000437,Bengaluru,60+,F,
P-000438,Bengaluru,18-29,M,
P-000439,Bengaluru,45-59,M,
P-000440,Bengaluru,45-59,F,
P-000441,Bengaluru,30-44,F,
P-000442,Bengaluru,60+,F,
P-000443,Bengaluru,30-44,M,
P-000444,Bengaluru,30-44,M,
P-000445,Bengaluru,45-59,M,
P-000446,Bengaluru,60+,F,
P-000447,Bengaluru,18-29,M,
P-000448,Bengaluru,45-59,M,
P-000449,Bengaluru,30-44,M,
P-000450,Bengaluru,45-59,M,
P-000451,Bengaluru,18-29,F,
P-000452,Bengaluru,30-44,M,
P-000453,Bengaluru,18-29,F,
P-000454,Bengaluru,45-59,M,
P-000455,Bengaluru,18-29,M,
P-000456,Bengaluru,60+,M,
P-000457,Bengaluru,60+,M,
P-000458,Bengaluru,18-29,F,
P-000459,Bengaluru,45-59,F,
P-000460,Bengaluru,18-29,M,
P-000461,Bengaluru,18-29,F,
P-000462,Bengaluru,30-44,M,
P-000463,Bengaluru,30-44,F,
P-000464,Bengaluru,18-29,M,
P-000465,Bengaluru,60+,M,
P-000466,Bengaluru,18-29,F,
P-000467,Bengaluru,45-59,F,
P-000468,Bengaluru,45-59,F,
P-000469,Bengaluru,45-59,M,
P-000470,Bengaluru,45-59,F,
P-000471,Bengaluru,30-44,M,
P-000472,Bengaluru,60+,F,
P-000473,Bengaluru,45-59,F,
P-000474,Bengaluru,60+,M,
P-000475,Bengaluru,60+,M,
P-000476,Bengaluru,45-59,M,
P-000477,Bengaluru,45-59,M,
P-000478,Bengaluru,30-44,F,
P-000479,Bengaluru,60+,M,
P-000480,Bengaluru,60+,F,
P-000481,Bengaluru,30-44,F,
P-000482,Bengaluru,45-59,M,
P-000483,Bengaluru,30-44,F,
P-000484,Bengaluru,60+,F,
P-000485,Bengaluru,45-59,M,
P-000486,Bengaluru,60+,F,
P-000487,Bengaluru,60+,M,
P-000488,Bengaluru,60+,F,
P-000489,Bengaluru,30-44,M,
P-000490,Bengaluru,45-59,F,
P-000491,Bengaluru,30-44,M,
P-000492,Bengaluru,30-44,F,
P-000493,Bengaluru,18-29,F,
P-000494,Bengaluru,45-59,F,
P-000495,Bengaluru,18-29,F,
P-000496,Bengaluru,45-59,F,
P-000497,Bengaluru,30-44,M,
P-000498,Bengaluru,30-44,F,
P-000499,Bengaluru,60+,F,
P-000500,Bengaluru,60+,M,
P-000501,Bengaluru,18-29,F,
P-000502,Bengaluru,60+,F,
P-000503,Bengaluru,45-59,M,
P-000504,Bengaluru,18-29,F,
P-000505,Bengaluru,30-44,M,
P-000506,Bengaluru,18-29,M,
P-000507,Bengaluru,30-44,F,
P-000508,Bengaluru,30-44,F,
P-000509,Bengaluru,30-44,F,
P-000510,Bengaluru,45-59,M,
P-000511,Bengaluru,60+,F,
P-000512,Bengaluru,45-59,F,
P-000513,Bengaluru,30-44,M,
P-000514,Bengaluru,45-59,M,
P-000515,Bengaluru,18-29,F,
P-000516,Bengaluru,30-44,M,
P-000517,Bengaluru,45-59,F,
P-000518,Bengaluru,45-59,M,
P-000519,Bengaluru,18-29,M,
P-000520,Bengaluru,30-44,M,
P-000521,Bengaluru,45-59,M,
P-000522,Bengaluru,60+,F,
P-000523,Bengaluru,18-29,M,
P-000524,Bengaluru,45-59,M,
P-000525,Bengaluru,30-44,M,
P-000526,Bengaluru,18-29,F,
P-000527,Bengaluru,18-29,M,
P-000528,Bengaluru,18-29,M,
P-000529,Bengaluru,18-29,F,
P-000530,Bengaluru,18-29,F,
P-000531,Bengaluru,18-29,M,
P-000532,Bengaluru,60+,F,
P-000533,Bengaluru,30-44,M,
P-000534,Bengaluru,30-44,F,
P-000535,Bengaluru,60+,M,
P-000536,Bengaluru,30-44,M,
P-000537,Bengaluru,60+,F,
P-000538,Bengaluru,30-44,M,
P-000539,Bengaluru,60+,F,
P-000540,Bengaluru,18-29,F,
P-000541,Bengaluru,60+,M,
P-000542,Bengaluru,45-59,M,
P-000543,Bengaluru,30-44,F,
P-000544,Bengaluru,45-59,F,
P-000545,Bengaluru,30-44,F,
P-000546,Bengaluru,60+,F,
P-000547,Bengaluru,18-29,M,
P-000548,Bengaluru,30-44,F,
P-000549,Bengaluru,45-59,M,
P-000550,Bengaluru,18-29,F,
P-000551,Bengaluru,30-44,F,
P-000552,Bengaluru,18-29,M,
P-000553,Bengaluru,60+,M,
P-000554,Bengaluru,18-29,M,
P-000555,Bengaluru,18-29,F,
P-000556,Bengaluru,60+,F,
P-000557,Bengaluru,18-29,M,
P-000558,Bengaluru,60+,M,
P-000559,Bengaluru,60+,F,
P-000560,Bengaluru,18-29,F,
P-000561,Bengaluru,18-29,F,
P-000562,Bengaluru,60+,M,
P-000563,Bengaluru,45-59,M,
P-000564,Bengaluru,60+,F,
P-000565,Bengaluru,30-44,F,
P-000566,Bengaluru,45-59,M,
P-000567,Bengaluru,60+,F,
P-000568,Bengaluru,45-59,F,
P-000569,Bengaluru,45-59,M,
P-000570,Bengaluru,45-59,M,
P-000571,Bengaluru,45-59,F,
P-000572,Bengaluru,45-59,M,
P-000573,Bengaluru,60+,M,
P-000574,Bengaluru,18-29,M,
P-000575,Bengaluru,60+,F,
P-000576,Bengaluru,30-44,F,
P-000577,Bengaluru,45-59,M,
P-000578,Bengaluru,60+,F,
P-000579,Bengaluru,45-59,M,
P-000580,Bengaluru,45-59,M,
P-000581,Bengaluru,45-59,F,
P-000582,Bengaluru,18-29,F,
P-000583,Bengaluru,18-29,F,
P-000584,Bengaluru,45-59,M,
P-000585,Bengaluru,18-29,F,
P-000586,Bengaluru,18-29,M,
P-000587,Bengaluru,45-59,M,
P-000588,Bengaluru,60+,F,
P-000589,Bengaluru,45-59,M,
P-000590,Bengaluru,45-59,M,
P-000591,Bengaluru,45-59,F,
P-000592,Bengaluru,30-44,M,
P-000593,Bengaluru,30-44,F,
P-000594,Bengaluru,45-59,M,
P-000595,Bengaluru,45-59,F,
P-000596,Bengaluru,18-29,M,
P-000597,Bengaluru,60+,F,
P-000598,Bengaluru,60+,F,
P-000599,Bengaluru,60+,M,
P-000600,Bengaluru,18-29,F,
P-000601,Bengaluru,30-44,F,
P-000602,Bengaluru,18-29,M,
P-000603,Bengaluru,18-29,M,
P-000604,Bengaluru,60+,F,
P-000605,Bengaluru,60+,M,
P-000606,Bengaluru,45-59,M,
P-000607,Bengaluru,30-44,M,
P-000608,Bengaluru,18-29,F,
P-000609,Bengaluru,45-59,F,
P-000610,Bengaluru,18-29,M,
P-000611,Bengaluru,60+,M,
P-000612,Bengaluru,60+,F,
P-000613,Bengaluru,60+,F,
P-000614,Bengaluru,30-44,M,
P-000615,Bengaluru,18-29,F,
P-000616,Bengaluru,60+,F,
P-000617,Bengaluru,60+,M,
P-000618,Bengaluru,30-44,M,
P-000619,Bengaluru,30-44,F,
P-000620,Bengaluru,18-29,M,
P-000621,Bengaluru,45-59,F,
P-000622,Bengaluru,60+,M,
P-000623,Bengaluru,60+,M,
P-000624,Bengaluru,18-29,M,
P-000625,Bengaluru,45-59,M,
P-000626,Bengaluru,30-44,F,
P-000627,Bengaluru,30-44,M,
P-000628,Bengaluru,60+,F,
P-000629,Bengaluru,30-44,M,
P-000630,Bengaluru,18-29,F,
P-000631,Bengaluru,18-29,M,
P-000632,Bengaluru,60+,M,
P-000633,Bengaluru,60+,M,
P-000634,Bengaluru,18-29,M,
P-000635,Bengaluru,45-59,F,
P-000636,Bengaluru,18-29,F,
P-000637,Bengaluru,60+,M,
P-000638,Bengaluru,60+,F,
P-000639,Bengaluru,30-44,F,
P-000640,Bengaluru,30-44,F,
P-000641,Bengaluru,30-44,F,
P-000642,Bengaluru,45-59,F,
P-000643,Bengaluru,60+,M,
P-000644,Bengaluru,30-44,F,
P-000645,Bengaluru,45-59,F,
P-000646,Bengaluru,18-29,M,
P-000647,Bengaluru,18-29,M,
P-000648,Bengaluru,18-29,F,
P-000649,Bengaluru,60+,F,
P-000650,Bengaluru,30-44,F,
P-000651,Bengaluru,45-59,F,
P-000652,Bengaluru,30-44,F,
P-000653,Bengaluru,60+,F,
P-000654,Bengaluru,45-59,F,
P-000655,Bengaluru,18-29,F,
P-000656,Bengaluru,45-59,F,
P-000657,Bengaluru,60+,M,
P-000658,Bengaluru,18-29,F,
P-000659,Bengaluru,60+,M,
P-000660,Bengaluru,60+,F,
P-000661,Bengaluru,18-29,M,
P-000662,Bengaluru,60+,M,
P-000663,Bengaluru,30-44,M,
P-000664,Bengaluru,60+,M,
P-000665,Bengaluru,30-44,M,
P-000666,Bengaluru,30-44,M,
P-000667,Bengaluru,18-29,M,
P-000668,Bengaluru,45-59,M,
P-000669,Bengaluru,45-59,M,
P-000670,Bengaluru,18-29,F,
P-000671,Bengaluru,30-44,M,
P-000672,Bengaluru,30-44,M,
P-000673,Bengaluru,45-59,F,
P-000674,Bengaluru,18-29,F,
P-000675,Bengaluru,60+,M,
P-000676,Bengaluru,45-59,F,
P-000677,Bengaluru,18-29,F,
P-000678,Bengaluru,45-59,F,
P-000679,Bengaluru,30-44,M,
P-000680,Bengaluru,18-29,F,
P-000681,Bengaluru,60+,M,
P-000682,Bengaluru,60+,F,
P-000683,Bengaluru,18-29,M,
P-000684,Bengaluru,18-29,F,
P-000685,Bengaluru,18-29,M,
P-000686,Bengaluru,45-59,M,
P-000687,Bengaluru,18-29,M,
P-000688,Bengaluru,60+,M,
P-000689,Bengaluru,45-59,M,
P-000690,Bengaluru,30-44,M,
P-000691,Bengaluru,45-59,M,
P-000692,Bengaluru,60+,F,
P-000693,Bengaluru,45-59,F,
P-000694,Bengaluru,60+,M,
P-000695,Bengaluru,30-44,F,
P-000696,Bengaluru,18-29,F,
P-000697,Bengaluru,30-44,M,
P-000698,Bengaluru,45-59,M,
P-000699,Bengaluru,60+,F,
P-000700,Bengaluru,18-29,F,
P-000701,Bengaluru,45-59,M,
P-000702,Bengaluru,18-29,M,
P-000703,Bengaluru,60+,F,
P-000704,Bengaluru,60+,M,
P-000705,Bengaluru,45-59,F,
P-000706,Bengaluru,30-44,F,
P-000707,Bengaluru,18-29,M,
P-000708,Bengaluru,30-44,F,
P-000709,Bengaluru,18-29,F,
P-000710,Bengaluru,45-59,M,
P-000711,Bengaluru,30-44,M,
P-000712,Bengaluru,18-29,F,
P-000713,Bengaluru,60+,M,
P-000714,Bengaluru,60+,M,
P-000715,Bengaluru,30-44,M,
P-000716,Bengaluru,30-44,F,
P-000717,Bengaluru,45-59,M,
P-000718,Bengaluru,30-44,F,
P-000719,Bengaluru,30-44,F,
P-000720,Bengaluru,30-44,F,
P-000721,Bengaluru,30-44,F,
P-000722,Bengaluru,45-59,M,
P-000723,Bengaluru,45-59,M,
P-000724,Bengaluru,60+,M,
P-000725,Bengaluru,45-59,M,
P-000726,Bengaluru,45-59,M,
P-000727,Bengaluru,60+,F,
P-000728,Bengaluru,18-29,F,
P-000729,Bengaluru,45-59,F,
P-000730,Bengaluru,18-29,F,
P-000731,Bengaluru,30-44,M,
P-000732,Bengaluru,30-44,F,
P-000733,Bengaluru,60+,M,
P-000734,Bengaluru,60+,M,
P-000735,Bengaluru,30-44,M,
P-000736,Bengaluru,45-59,F,
P-000737,Bengaluru,60+,F,
P-000738,Bengaluru,60+,M,
P-000739,Bengaluru,18-29,F,
P-000740,Bengaluru,45-59,M,
P-000741,Bengaluru,60+,M,
P-000742,Bengaluru,18-29,M,
P-000743,Bengaluru,18-29,F,
P-000744,Bengaluru,18-29,M,
P-000745,Bengaluru,18-29,F,
P-000746,Bengaluru,60+,M,
P-000747,Bengaluru,45-59,F,
P-000748,Bengaluru,60+,F,
P-000749,Bengaluru,18-29,M,
P-000750,Bengaluru,18-29,M,
P-000751,Bengaluru,18-29,M,
P-000752,Bengaluru,18-29,F,
P-000753,Bengaluru,18-29,F,
P-000754,Bengaluru,18-29,M,
P-000755,Bengaluru,30-44,M,
P-000756,Bengaluru,18-29,F,
P-000757,Bengaluru,45-59,M,
P-000758,Bengaluru,45-59,M,
P-000759,Bengaluru,60+,M,
P-000760,Bengaluru,30-44,M,
P-000761,Bengaluru,18-29,M,
P-000762,Bengaluru,45-59,M,
P-000763,Bengaluru,30-44,F,
P-000764,Bengaluru,60+,F,
P-000765,Bengaluru,45-59,F,
P-000766,Bengaluru,60+,M,
P-000767,Bengaluru,30-44,F,
P-000768,Bengaluru,30-44,F,
P-000769,Bengaluru,18-29,F,
P-000770,Bengaluru,30-44,M,
P-000771,Bengaluru,45-59,F,
P-000772,Bengaluru,18-29,M,
P-000773,Bengaluru,60+,M,
P-000774,Bengaluru,18-29,M,
P-000775,Bengaluru,45-59,M,
P-000776,Bengaluru,30-44,F,
P-000777,Bengaluru,30-44,F,
P-000778,Bengaluru,18-29,F,
P-000779,Bengaluru,18-29,M,
P-000780,Bengaluru,30-44,F,
P-000781,Bengaluru,18-29,F,
P-000782,Bengaluru,45-59,M,
P-000783,Bengaluru,45-59,F,
P-000784,Bengaluru,18-29,F,
P-000785,Bengaluru,60+,M,
P-000786,Bengaluru,45-59,F,
P-000787,Bengaluru,18-29,F,
P-000788,Bengaluru,60+,M,
P-000789,Bengaluru,18-29,F,
P-000790,Bengaluru,60+,F,
P-000791,Bengaluru,18-29,F,
P-000792,Bengaluru,18-29,M,
P-000793,Bengaluru,60+,M,
P-000794,Bengaluru,45-59,F,
P-000795,Bengaluru,30-44,M,
P-000796,Bengaluru,18-29,F,
P-000797,Bengaluru,30-44,F,
P-000798,Bengaluru,18-29,M,
P-000799,Bengaluru,45-59,M,
P-000800,Bengaluru,45-59,F,
P-000801,Bengaluru,45-59,F,
P-000802,Bengaluru,45-59,F,
P-000803,Bengaluru,60+,M,
P-000804,Bengaluru,30-44,M,
P-000805,Bengaluru,45-59,M,
P-000806,Bengaluru,30-44,F,
P-000807,Bengaluru,30-44,F,
P-000808,Bengaluru,60+,M,
P-000809,Bengaluru,60+,F,
P-000810,Bengaluru,45-59,M,
P-000811,Bengaluru,18-29,F,
P-000812,Bengaluru,30-44,F,
P-000813,Bengaluru,18-29,F,
P-000814,Bengaluru,30-44,F,
P-000815,Bengaluru,30-44,F,
P-000816,Bengaluru,45-59,M,
P-000817,Bengaluru,30-44,M,
P-000818,Bengaluru,18-29,M,
P-000819,Bengaluru,18-29,F,
P-000820,Bengaluru,60+,F,
P-000821,Bengaluru,18-29,F,
P-000822,Bengaluru,60+,M,
P-000823,Bengaluru,45-59,F,
P-000824,Bengaluru,18-29,F,
P-000825,Bengaluru,60+,M,
P-000826,Bengaluru,18-29,F,
P-000827,Bengaluru,45-59,M,
P-000828,Bengaluru,18-29,M,
P-000829,Bengaluru,18-29,F,
P-000830,Bengaluru,18-29,F,
P-000831,Bengaluru,60+,M,
P-000832,Bengaluru,18-29,F,
P-000833,Bengaluru,18-29,F,
P-000834,Bengaluru,18-29,F,
P-000835,Bengaluru,60+,M,
P-000836,Bengaluru,45-59,M,
P-000837,Bengaluru,30-44,F,
P-000838,Bengaluru,60+,M,
P-000839,Bengaluru,30-44,F,
P-000840,Bengaluru,18-29,F,
P-000841,Bengaluru,45-59,M,
P-000842,Bengaluru,60+,M,
P-000843,Bengaluru,45-59,M,
P-000844,Bengaluru,45-59,F,
P-000845,Bengaluru,18-29,M,
P-000846,Bengaluru,18-29,F,
P-000847,Bengaluru,60+,M,
P-000848,Bengaluru,18-29,M,
P-000849,Bengaluru,30-44,M,
P-000850,Bengaluru,30-44,F,
P-000851,Bengaluru,18-29,M,
P-000852,Bengaluru,60+,F,
P-000853,Bengaluru,30-44,M,
P-000854,Bengaluru,45-59,M,
P-000855,Bengaluru,30-44,M,
P-000856,Bengaluru,60+,F,
P-000857,Bengaluru,60+,F,
P-000858,Bengaluru,45-59,F,
P-000859,Bengaluru,30-44,F,
P-000860,Bengaluru,45-59,M,
P-000861,Bengaluru,60+,F,
P-000862,Bengaluru,30-44,M,
P-000863,Bengaluru,18-29,F,
P-000864,Bengaluru,45-59,M,
P-000865,Bengaluru,30-44,F,
P-000866,Bengaluru,45-59,F,
P-000867,Bengaluru,60+,F,
P-000868,Bengaluru,60+,M,
P-000869,Bengaluru,60+,M,
P-000870,Bengaluru,18-29,F,
P-000871,Bengaluru,45-59,M,
P-000872,Bengaluru,60+,M,
P-000873,Bengaluru,18-29,M,
P-000874,Bengaluru,18-29,F,
P-000875,Bengaluru,18-29,F,
P-000876,Bengaluru,30-44,F,
P-000877,Bengaluru,30-44,F,
P-000878,Bengaluru,30-44,F,
P-000879,Bengaluru,45-59,F,
P-000880,Bengaluru,60+,F,
P-000881,Bengaluru,18-29,F,
P-000882,Bengaluru,60+,F,
P-000883,Bengaluru,18-29,F,
P-000884,Bengaluru,45-59,M,
P-000885,Bengaluru,18-29,F,
P-000886,Bengaluru,30-44,F,
P-000887,Bengaluru,45-59,M,
P-000888,Bengaluru,30-44,M,
P-000889,Bengaluru,60+,F,
P-000890,Bengaluru,60+,M,
P-000891,Bengaluru,18-29,F,
P-000892,Bengaluru,18-29,F,
P-000893,Bengaluru,45-59,F,
P-000894,Bengaluru,60+,M,
P-000895,Bengaluru,30-44,M,
P-000896,Bengaluru,60+,F,
P-000897,Bengaluru,45-59,F,
P-000898,Bengaluru,45-59,M,
P-000899,Bengaluru,30-44,M,
P-000900,Bengaluru,45-59,M,
P-000901,Bengaluru,45-59,M,
P-000902,Bengaluru,18-29,F,
P-000903,Bengaluru,60+,F,
P-000904,Bengaluru,30-44,F,
P-000905,Bengaluru,45-59,M,
P-000906,Bengaluru,45-59,M,
P-000907,Bengaluru,60+,F,
P-000908,Bengaluru,18-29,M,
P-000909,Bengaluru,60+,F,
P-000910,Bengaluru,30-44,F,
P-000911,Bengaluru,45-59,F,
P-000912,Bengaluru,60+,M,
P-000913,Bengaluru,18-29,F,
P-000914,Bengaluru,60+,M,
P-000915,Bengaluru,18-29,F,
P-000916,Bengaluru,18-29,F,
P-000917,Bengaluru,18-29,M,
P-000918,Bengaluru,30-44,F,
P-000919,Bengaluru,60+,M,
P-000920,Bengaluru,60+,M,
P-000921,Bengaluru,30-44,F,
P-000922,Bengaluru,45-59,F,
P-000923,Bengaluru,60+,F,
P-000924,Bengaluru,30-44,M,
P-000925,Bengaluru,60+,M,
P-000926,Bengaluru,30-44,F,
P-000927,Bengaluru,60+,F,
P-000928,Bengaluru,60+,F,
P-000929,Bengaluru,60+,M,
P-000930,Bengaluru,30-44,F,
P-000931,Bengaluru,45-59,M,
P-000932,Bengaluru,18-29,F,
P-000933,Bengaluru,30-44,F,
P-000934,Bengaluru,45-59,M,
P-000935,Bengaluru,30-44,F,
P-000936,Bengaluru,45-59,F,
P-000937,Bengaluru,30-44,M,
P-000938,Bengaluru,45-59,M,
P-000939,Bengaluru,60+,M,
P-000940,Bengaluru,30-44,M,
P-000941,Bengaluru,60+,M,
P-000942,Bengaluru,30-44,F,
P-000943,Bengaluru,18-29,F,
P-000944,Bengaluru,30-44,F,
P-000945,Bengaluru,30-44,F,
P-000946,Bengaluru,30-44,M,
P-000947,Bengaluru,30-44,F,
P-000948,Bengaluru,30-44,M,
P-000949,Bengaluru,60+,M,
P-000950,Bengaluru,30-44,F,
P-000951,Bengaluru,18-29,M,
P-000952,Bengaluru,30-44,F,
P-000953,Bengaluru,60+,F,
P-000954,Bengaluru,18-29,F,
P-000955,Bengaluru,30-44,M,
P-000956,Bengaluru,45-59,M,
P-000957,Bengaluru,18-29,M,
P-000958,Bengaluru,18-29,M,
P-000959,Bengaluru,30-44,M,
P-000960,Bengaluru,60+,M,
P-000961,Bengaluru,30-44,F,
P-000962,Bengaluru,30-44,F,
P-000963,Bengaluru,60+,M,
P-000964,Bengaluru,18-29,M,
P-000965,Bengaluru,45-59,M,
P-000966,Bengaluru,30-44,M,
P-000967,Bengaluru,60+,M,
P-000968,Bengaluru,30-44,M,
P-000969,Bengaluru,60+,M,
P-000970,Bengaluru,45-59,M,
P-000971,Bengaluru,60+,F,
P-000972,Bengaluru,60+,F,
P-000973,Bengaluru,60+,M,
P-000974,Bengaluru,18-29,M,
P-000975,Bengaluru,30-44,F,
P-000976,Bengaluru,45-59,M,
P-000977,Bengaluru,60+,F,
P-000978,Bengaluru,18-29,M,
P-000979,Bengaluru,60+,M,
P-000980,Bengaluru,60+,F,
P-000981,Bengaluru,30-44,F,
P-000982,Bengaluru,18-29,M,
P-000983,Bengaluru,60+,F,
P-000984,Bengaluru,30-44,M,
P-000985,Bengaluru,18-29,F,
P-000986,Bengaluru,30-44,M,
P-000987,Bengaluru,60+,M,
P-000988,Bengaluru,30-44,M,
P-000989,Bengaluru,18-29,F,
P-000990,Bengaluru,60+,M,
P-000991,Bengaluru,45-59,F,
P-000992,Bengaluru,45-59,F,
P-000993,Bengaluru,30-44,F,
P-000994,Bengaluru,30-44,F,
P-000995,Bengaluru,60+,F,
P-000996,Bengaluru,30-44,M,
P-000997,Bengaluru,45-59,M,
P-000998,Bengaluru,45-59,M,
P-000999,Bengaluru,18-29,M,
P-001000,Bengaluru,45-59,M,
P-001001,Bengaluru,30-44,M,
P-001002,Bengaluru,18-29,M,
P-001003,Bengaluru,18-29,F,
P-001004,Bengaluru,45-59,M,
P-001005,Bengaluru,30-44,F,
P-001006,Bengaluru,30-44,F,
P-001007,Bengaluru,18-29,M,
P-001008,Bengaluru,18-29,F,
P-001009,Bengaluru,60+,M,
P-001010,Bengaluru,45-59,F,
P-001011,Bengaluru,60+,M,
P-001012,Bengaluru,45-59,M,
P-001013,Bengaluru,30-44,F,
P-001014,Bengaluru,45-59,F,
P-001015,Bengaluru,45-59,F,
P-001016,Bengaluru,60+,F,
P-001017,Bengaluru,45-59,F,
P-001018,Bengaluru,60+,F,
P-001019,Bengaluru,18-29,M,
P-001020,Bengaluru,30-44,F,
P-001021,Bengaluru,45-59,M,
P-001022,Bengaluru,30-44,F,
P-001023,Bengaluru,60+,F,
P-001024,Bengaluru,60+,F,
P-001025,Bengaluru,60+,M,
P-001026,Bengaluru,30-44,F,
P-001027,Bengaluru,60+,M,
P-001028,Bengaluru,45-59,F,
P-001029,Bengaluru,60+,M,
P-001030,Bengaluru,45-59,F,
P-001031,Bengaluru,30-44,F,
P-001032,Bengaluru,45-59,M,
P-001033,Bengaluru,60+,F,
P-001034,Bengaluru,18-29,M,
P-001035,Bengaluru,60+,F,
P-001036,Bengaluru,45-59,F,
P-001037,Bengaluru,18-29,M,
P-001038,Bengaluru,60+,M,
P-001039,Bengaluru,18-29,F,
P-001040,Bengaluru,30-44,M,
P-001041,Bengaluru,18-29,F,
P-001042,Bengaluru,18-29,F,
P-001043,Bengaluru,45-59,F,
P-001044,Bengaluru,60+,F,
P-001045,Bengaluru,30-44,F,
P-001046,Bengaluru,45-59,M,
P-001047,Bengaluru,60+,M,
P-001048,Bengaluru,30-44,F,
P-001049,Bengaluru,45-59,M,
P-001050,Bengaluru,18-29,M,
P-001051,Bengaluru,30-44,F,
P-001052,Bengaluru,30-44,M,
P-001053,Bengaluru,60+,M,
P-001054,Bengaluru,60+,M,
P-001055,Bengaluru,18-29,M,
P-001056,Bengaluru,30-44,M,
P-001057,Bengaluru,30-44,F,
P-001058,Bengaluru,30-44,M,
P-001059,Bengaluru,45-59,F,
P-001060,Bengaluru,45-59,F,
P-001061,Bengaluru,45-59,M,
P-001062,Bengaluru,60+,F,
P-001063,Bengaluru,30-44,M,
P-001064,Bengaluru,30-44,F,
P-001065,Bengaluru,18-29,F,
P-001066,Bengaluru,30-44,M,
P-001067,Bengaluru,45-59,F,
P-001068,Bengaluru,30-44,F,
P-001069,Bengaluru,45-59,M,
P-001070,Bengaluru,60+,M,
P-001071,Bengaluru,30-44,M,
P-001072,Bengaluru,45-59,M,
P-001073,Bengaluru,45-59,F,
P-001074,Bengaluru,18-29,F,
P-001075,Bengaluru,18-29,F,
P-001076,Bengaluru,30-44,F,
P-001077,Bengaluru,18-29,M,
P-001078,Bengaluru,18-29,M,
P-001079,Bengaluru,45-59,F,
P-001080,Bengaluru,18-29,F,
P-001081,Bengaluru,60+,F,
P-001082,Bengaluru,18-29,F,
P-001083,Bengaluru,60+,M,
P-001084,Bengaluru,18-29,F,
P-001085,Bengaluru,45-59,M,
P-001086,Bengaluru,60+,M,
P-001087,Bengaluru,18-29,M,
P-001088,Bengaluru,45-59,M,
P-001089,Bengaluru,60+,F,
P-001090,Bengaluru,30-44,F,
P-001091,Bengaluru,18-29,F,
P-001092,Bengaluru,30-44,F,
P-001093,Bengaluru,30-44,M,
P-001094,Bengaluru,45-59,M,
P-001095,Bengaluru,18-29,F,
P-001096,Bengaluru,60+,F,
P-001097,Bengaluru,30-44,F,
P-001098,Bengaluru,18-29,F,
P-001099,Bengaluru,30-44,M,
P-001100,Bengaluru,60+,F,
P-001101,Bengaluru,45-59,F,
P-001102,Bengaluru,18-29,F,
P-001103,Bengaluru,45-59,M,
P-001104,Bengaluru,45-59,M,
P-001105,Bengaluru,45-59,M,
P-001106,Bengaluru,60+,F,
P-001107,Bengaluru,30-44,F,
P-001108,Bengaluru,60+,F,
P-001109,Bengaluru,60+,F,
P-001110,Bengaluru,45-59,F,
P-001111,Bengaluru,60+,F,
P-001112,Bengaluru,45-59,M,
P-001113,Bengaluru,30-44,M,
P-001114,Bengaluru,60+,F,
P-001115,Bengaluru,45-59,M,
P-001116,Bengaluru,30-44,F,
P-001117,Bengaluru,60+,F,
P-001118,Bengaluru,30-44,M,
P-001119,Bengaluru,60+,M,
P-001120,Bengaluru,45-59,M,
P-001121,Bengaluru,18-29,F,
P-001122,Bengaluru,18-29,F,
P-001123,Bengaluru,18-29,M,
P-001124,Bengaluru,18-29,M,
P-001125,Bengaluru,60+,M,
P-001126,Bengaluru,60+,M,
P-001127,Bengaluru,60+,F,
P-001128,Bengaluru,30-44,F,
P-001129,Bengaluru,45-59,F,
P-001130,Bengaluru,30-44,M,
P-001131,Bengaluru,18-29,M,
P-001132,Bengaluru,30-44,F,
P-001133,Bengaluru,18-29,M,
P-001134,Bengaluru,45-59,F,
P-001135,Bengaluru,60+,M,
P-001136,Bengaluru,30-44,F,
P-001137,Bengaluru,30-44,M,
P-001138,Bengaluru,60+,F,
P-001139,Bengaluru,45-59,M,
P-001140,Bengaluru,60+,M,
P-001141,Bengaluru,18-29,F,
P-001142,Bengaluru,18-29,F,
P-001143,Bengaluru,18-29,F,
P-001144,Bengaluru,18-29,M,
P-001145,Bengaluru,60+,M,
P-001146,Bengaluru,30-44,F,
P-001147,Bengaluru,45-59,F,
P-001148,Bengaluru,18-29,F,
P-001149,Bengaluru,30-44,F,
P-001150,Bengaluru,30-44,M,
P-001151,Bengaluru,45-59,F,
P-001152,Bengaluru,30-44,F,
P-001153,Bengaluru,45-59,F,
P-001154,Bengaluru,30-44,F,
P-001155,Bengaluru,45-59,M,
P-001156,Bengaluru,18-29,M,
P-001157,Bengaluru,45-59,M,
P-001158,Bengaluru,18-29,M,
P-001159,Bengaluru,18-29,F,
P-001160,Bengaluru,60+,F,
P-001161,Bengaluru,60+,M,
P-001162,Bengaluru,30-44,F,
P-001163,Bengaluru,30-44,F,
P-001164,Bengaluru,30-44,F,
P-001165,Bengaluru,45-59,M,
P-001166,Bengaluru,45-59,M,
P-001167,Bengaluru,45-59,M,
P-001168,Bengaluru,45-59,M,
P-001169,Bengaluru,60+,F,
P-001170,Bengaluru,45-59,F,
P-001171,Bengaluru,18-29,F,
P-001172,Bengaluru,45-59,F,
P-001173,Bengaluru,18-29,F,
P-001174,Bengaluru,18-29,F,
P-001175,Bengaluru,60+,F,
P-001176,Bengaluru,18-29,F,
P-001177,Bengaluru,30-44,M,
P-001178,Bengaluru,45-59,F,
P-001179,Bengaluru,60+,F,
P-001180,Bengaluru,30-44,M,
P-001181,Bengaluru,18-29,F,
P-001182,Bengaluru,30-44,M,
P-001183,Bengaluru,45-59,F,
P-001184,Bengaluru,18-29,M,
P-001185,Bengaluru,18-29,M,
P-001186,Bengaluru,45-59,F,
P-001187,Bengaluru,18-29,M,
P-001188,Bengaluru,45-59,F,
P-001189,Bengaluru,30-44,M,
P-001190,Bengaluru,18-29,M,
P-001191,Bengaluru,45-59,M,
P-001192,Bengaluru,30-44,M,
P-001193,Bengaluru,30-44,F,
P-001194,Bengaluru,18-29,M,
P-001195,Bengaluru,45-59,M,
P-001196,Bengaluru,60+,F,
P-001197,Bengaluru,18-29,M,
P-001198,Bengaluru,18-29,M,
P-001199,Bengaluru,18-29,M,
P-001200,Bengaluru,30-44,M,
P-001201,Bengaluru,30-44,M,
P-001202,Bengaluru,60+,M,
P-001203,Bengaluru,18-29,M,
P-001204,Bengaluru,45-59,F,
P-001205,Bengaluru,60+,M,
P-001206,Bengaluru,60+,M,
P-001207,Bengaluru,60+,F,
P-001208,Bengaluru,18-29,M,
P-001209,Bengaluru,18-29,F,
P-001210,Bengaluru,30-44,M,
P-001211,Bengaluru,60+,M,
P-001212,Bengaluru,18-29,F,
P-001213,Bengaluru,30-44,F,
P-001214,Bengaluru,45-59,F,
P-001215,Bengaluru,18-29,F,
P-001216,Bengaluru,45-59,M,
P-001217,Bengaluru,60+,F,
P-001218,Bengaluru,30-44,M,
P-001219,Bengaluru,18-29,M,
P-001220,Bengaluru,60+,M,
P-001221,Bengaluru,18-29,F,
P-001222,Bengaluru,60+,F,
P-001223,Bengaluru,30-44,M,
P-001224,Bengaluru,30-44,M,
P-001225,Bengaluru,60+,F,
P-001226,Bengaluru,60+,F,
P-001227,Bengaluru,60+,M,
P-001228,Bengaluru,45-59,M,
P-001229,Bengaluru,18-29,F,
P-001230,Bengaluru,60+,M,
P-001231,Bengaluru,30-44,F,
P-001232,Bengaluru,30-44,M,
P-001233,Bengaluru,30-44,F,
P-001234,Bengaluru,18-29,F,
P-001235,Bengaluru,30-44,M,
P-001236,Bengaluru,18-29,F,
P-001237,Bengaluru,45-59,F,
P-001238,Bengaluru,60+,M,
P-001239,Bengaluru,45-59,F,
P-001240,Bengaluru,45-59,F,
P-001241,Bengaluru,60+,M,
P-001242,Bengaluru,18-29,M,
P-001243,Bengaluru,45-59,M,
P-001244,Bengaluru,18-29,M,
P-001245,Bengaluru,45-59,M,
P-001246,Bengaluru,18-29,M,
P-001247,Bengaluru,45-59,M,
P-001248,Bengaluru,30-44,M,
P-001249,Bengaluru,45-59,M,
P-001250,Bengaluru,18-29,M,
P-001251,Mumbai,30-44,M,
P-001252,Mumbai,45-59,F,
P-001253,Mumbai,18-29,F,
P-001254,Mumbai,30-44,M,
P-001255,Mumbai,60+,M,
P-001256,Mumbai,30-44,M,
P-001257,Mumbai,30-44,F,
P-001258,Mumbai,60+,F,
P-001259,Mumbai,30-44,M,
P-001260,Mumbai,30-44,M,
P-001261,Mumbai,18-29,M,
P-001262,Mumbai,60+,F,
P-001263,Mumbai,45-59,M,
P-001264,Mumbai,18-29,F,
P-001265,Mumbai,45-59,M,
P-001266,Mumbai,30-44,F,
P-001267,Mumbai,45-59,M,
P-001268,Mumbai,45-59,M,
P-001269,Mumbai,45-59,M,
P-001270,Mumbai,30-44,F,
P-001271,Mumbai,30-44,M,
P-001272,Mumbai,30-44,M,
P-001273,Mumbai,30-44,M,
P-001274,Mumbai,30-44,M,
P-001275,Mumbai,18-29,M,
P-001276,Mumbai,18-29,F,
P-001277,Mumbai,45-59,M,
P-001278,Mumbai,60+,M,
P-001279,Mumbai,30-44,F,
P-001280,Mumbai,30-44,M,
P-001281,Mumbai,18-29,M,
P-001282,Mumbai,45-59,F,
P-001283,Mumbai,60+,M,
P-001284,Mumbai,30-44,F,
P-001285,Mumbai,18-29,F,
P-001286,Mumbai,30-44,F,
P-001287,Mumbai,60+,M,
P-001288,Mumbai,30-44,F,
P-001289,Mumbai,60+,F,
P-001290,Mumbai,18-29,M,
P-001291,Mumbai,30-44,M,
P-001292,Mumbai,60+,M,
P-001293,Mumbai,60+,F,
P-001294,Mumbai,30-44,M,
P-001295,Mumbai,45-59,M,
P-001296,Mumbai,18-29,F,
P-001297,Mumbai,18-29,M,
P-001298,Mumbai,60+,F,
P-001299,Mumbai,45-59,F,
P-001300,Mumbai,45-59,F,
P-001301,Mumbai,30-44,M,
P-001302,Mumbai,60+,F,
P-001303,Mumbai,30-44,M,
P-001304,Mumbai,18-29,M,
P-001305,Mumbai,30-44,F,
P-001306,Mumbai,60+,F,
P-001307,Mumbai,45-59,M,
P-001308,Mumbai,30-44,F,
P-001309,Mumbai,60+,M,
P-001310,Mumbai,18-29,M,
P-001311,Mumbai,18-29,F,
P-001312,Mumbai,18-29,M,
P-001313,Mumbai,30-44,M,
P-001314,Mumbai,30-44,F,
P-001315,Mumbai,60+,F,
P-001316,Mumbai,18-29,M,
P-001317,Mumbai,30-44,M,
P-001318,Mumbai,30-44,M,
P-001319,Mumbai,18-29,F,
P-001320,Mumbai,45-59,M,
P-001321,Mumbai,18-29,M,
P-001322,Mumbai,18-29,M,
P-001323,Mumbai,30-44,F,
P-001324,Mumbai,30-44,M,
P-001325,Mumbai,30-44,M,
P-001326,Mumbai,60+,F,
P-001327,Mumbai,30-44,M,
P-001328,Mumbai,60+,F,
P-001329,Mumbai,30-44,F,
P-001330,Mumbai,30-44,M,
P-001331,Mumbai,30-44,F,
P-001332,Mumbai,18-29,F,
P-001333,Mumbai,30-44,F,
P-001334,Mumbai,60+,F,
P-001335,Mumbai,30-44,M,
P-001336,Mumbai,60+,F,
P-001337,Mumbai,30-44,F,
P-001338,Mumbai,60+,M,
P-001339,Mumbai,45-59,F,
P-001340,Mumbai,18-29,F,
P-001341,Mumbai,30-44,M,
P-001342,Mumbai,30-44,F,
P-001343,Mumbai,60+,M,
P-001344,Mumbai,30-44,F,
P-001345,Mumbai,18-29,M,
P-001346,Mumbai,45-59,F,
P-001347,Mumbai,45-59,M,
P-001348,Mumbai,18-29,F,
P-001349,Mumbai,18-29,M,
P-001350,Mumbai,30-44,M,
P-001351,Mumbai,45-59,M,
P-001352,Mumbai,60+,M,
P-001353,Mumbai,60+,M,
P-001354,Mumbai,45-59,F,
P-001355,Mumbai,18-29,F,
P-001356,Mumbai,45-59,F,
P-001357,Mumbai,18-29,M,
P-001358,Mumbai,30-44,F,
P-001359,Mumbai,45-59,M,
P-001360,Mumbai,18-29,M,
P-001361,Mumbai,18-29,M,
P-001362,Mumbai,45-59,M,
P-001363,Mumbai,30-44,F,
P-001364,Mumbai,30-44,F,
P-001365,Mumbai,30-44,M,
P-001366,Mumbai,60+,F,
P-001367,Mumbai,18-29,M,
P-001368,Mumbai,45-59,M,
P-001369,Mumbai,60+,F,
P-001370,Mumbai,30-44,F,
P-001371,Mumbai,45-59,M,
P-001372,Mumbai,45-59,F,
P-001373,Mumbai,45-59,M,
P-001374,Mumbai,30-44,F,
P-001375,Mumbai,60+,M,
P-001376,Mumbai,30-44,M,
P-001377,Mumbai,45-59,M,
P-001378,Mumbai,45-59,F,
P-001379,Mumbai,30-44,M,
P-001380,Mumbai,30-44,M,
P-001381,Mumbai,18-29,F,
P-001382,Mumbai,18-29,F,
P-001383,Mumbai,60+,M,
P-001384,Mumbai,45-59,F,
P-001385,Mumbai,60+,F,
P-001386,Mumbai,45-59,M,
P-001387,Mumbai,60+,F,
P-001388,Mumbai,45-59,M,
P-001389,Mumbai,45-59,F,
P-001390,Mumbai,30-44,M,
P-001391,Mumbai,60+,M,
P-001392,Mumbai,45-59,F,
P-001393,Mumbai,30-44,M,
P-001394,Mumbai,45-59,F,
P-001395,Mumbai,45-59,M,
P-001396,Mumbai,45-59,F,
P-001397,Mumbai,60+,M,
P-001398,Mumbai,30-44,F,
P-001399,Mumbai,18-29,F,
P-001400,Mumbai,30-44,M,
P-001401,Mumbai,45-59,F,
P-001402,Mumbai,30-44,F,
P-001403,Mumbai,45-59,F,
P-001404,Mumbai,45-59,F,
P-001405,Mumbai,30-44,F,
P-001406,Mumbai,60+,M,
P-001407,Mumbai,45-59,M,
P-001408,Mumbai,45-59,M,
P-001409,Mumbai,30-44,M,
P-001410,Mumbai,30-44,M,
P-001411,Mumbai,18-29,F,
P-001412,Mumbai,60+,M,
P-001413,Mumbai,45-59,M,
P-001414,Mumbai,45-59,M,
P-001415,Mumbai,60+,F,
P-001416,Mumbai,60+,F,
P-001417,Mumbai,30-44,M,
P-001418,Mumbai,60+,F,
P-001419,Mumbai,30-44,M,
P-001420,Mumbai,60+,F,
P-001421,Mumbai,60+,M,
P-001422,Mumbai,18-29,F,
P-001423,Mumbai,45-59,F,
P-001424,Mumbai,45-59,F,
P-001425,Mumbai,60+,F,
P-001426,Mumbai,18-29,F,
P-001427,Mumbai,18-29,F,
P-001428,Mumbai,30-44,M,
P-001429,Mumbai,30-44,F,
P-001430,Mumbai,18-29,M,
P-001431,Mumbai,30-44,F,
P-001432,Mumbai,30-44,F,
P-001433,Mumbai,45-59,F,
P-001434,Mumbai,30-44,M,
P-001435,Mumbai,45-59,F,
P-001436,Mumbai,60+,F,
P-001437,Mumbai,45-59,F,
P-001438,Mumbai,60+,M,
P-001439,Mumbai,45-59,M,
P-001440,Mumbai,30-44,F,
P-001441,Mumbai,18-29,M,
P-001442,Mumbai,30-44,F,
P-001443,Mumbai,60+,M,
P-001444,Mumbai,30-44,F,
P-001445,Mumbai,60+,F,
P-001446,Mumbai,45-59,M,
P-001447,Mumbai,45-59,M,
P-001448,Mumbai,30-44,M,
P-001449,Mumbai,45-59,M,
P-001450,Mumbai,45-59,M,
P-001451,Mumbai,60+,F,
P-001452,Mumbai,45-59,F,
P-001453,Mumbai,30-44,F,
P-001454,Mumbai,18-29,F,
P-001455,Mumbai,45-59,M,
P-001456,Mumbai,45-59,M,
P-001457,Mumbai,45-59,M,
P-001458,Mumbai,18-29,M,
P-001459,Mumbai,30-44,M,
P-001460,Mumbai,18-29,F,
P-001461,Mumbai,30-44,M,
P-001462,Mumbai,18-29,M,
P-001463,Mumbai,45-59,M,
P-001464,Mumbai,30-44,M,
P-001465,Mumbai,30-44,F,
P-001466,Mumbai,60+,F,
P-001467,Mumbai,45-59,M,
P-001468,Mumbai,30-44,M,
P-001469,Mumbai,45-59,F,
P-001470,Mumbai,45-59,F,
P-001471,Mumbai,60+,M,
P-001472,Mumbai,18-29,F,
P-001473,Mumbai,45-59,F,
P-001474,Mumbai,18-29,M,
P-001475,Mumbai,45-59,F,
P-001476,Mumbai,60+,F,
P-001477,Mumbai,30-44,F,
P-001478,Mumbai,30-44,M,
P-001479,Mumbai,18-29,F,
P-001480,Mumbai,30-44,M,
P-001481,Mumbai,45-59,M,
P-001482,Mumbai,45-59,F,
P-001483,Mumbai,45-59,M,
P-001484,Mumbai,45-59,M,
P-001485,Mumbai,18-29,M,
P-001486,Mumbai,60+,F,
P-001487,Mumbai,60+,F,
P-001488,Mumbai,30-44,F,
P-001489,Mumbai,60+,M,
P-001490,Mumbai,18-29,M,
P-001491,Mumbai,18-29,F,
P-001492,Mumbai,60+,M,
P-001493,Mumbai,30-44,M,
P-001494,Mumbai,18-29,M,
P-001495,Mumbai,60+,M,
P-001496,Mumbai,60+,F,
P-001497,Mumbai,45-59,M,
P-001498,Mumbai,18-29,M,
P-001499,Mumbai,18-29,M,
P-001500,Mumbai,18-29,M,
P-001501,Mumbai,18-29,M,
P-001502,Mumbai,45-59,F,
P-001503,Mumbai,18-29,F,
P-001504,Mumbai,30-44,F,
P-001505,Mumbai,18-29,M,
P-001506,Mumbai,18-29,F,
P-001507,Mumbai,45-59,M,
P-001508,Mumbai,30-44,F,
P-001509,Mumbai,30-44,M,
P-001510,Mumbai,60+,M,
P-001511,Mumbai,45-59,F,
P-001512,Mumbai,18-29,M,
P-001513,Mumbai,45-59,F,
P-001514,Mumbai,45-59,M,
P-001515,Mumbai,18-29,F,
P-001516,Mumbai,18-29,F,
P-001517,Mumbai,60+,F,
P-001518,Mumbai,30-44,M,
P-001519,Mumbai,30-44,M,
P-001520,Mumbai,30-44,M,
P-001521,Mumbai,45-59,F,
P-001522,Mumbai,30-44,M,
P-001523,Mumbai,45-59,F,
P-001524,Mumbai,18-29,F,
P-001525,Mumbai,18-29,F,
P-001526,Mumbai,45-59,M,
P-001527,Mumbai,45-59,M,
P-001528,Mumbai,18-29,M,
P-001529,Mumbai,60+,F,
P-001530,Mumbai,45-59,F,
P-001531,Mumbai,18-29,M,
P-001532,Mumbai,18-29,M,
P-001533,Mumbai,30-44,F,
P-001534,Mumbai,45-59,M,
P-001535,Mumbai,45-59,F,
P-001536,Mumbai,18-29,F,
P-001537,Mumbai,60+,M,
P-001538,Mumbai,45-59,F,
P-001539,Mumbai,60+,M,
P-001540,Mumbai,45-59,F,
P-001541,Mumbai,60+,F,
P-001542,Mumbai,45-59,F,
P-001543,Mumbai,45-59,F,
P-001544,Mumbai,18-29,M,
P-001545,Mumbai,30-44,M,
P-001546,Mumbai,60+,F,
P-001547,Mumbai,18-29,F,
P-001548,Mumbai,30-44,F,
P-001549,Mumbai,45-59,M,
P-001550,Mumbai,45-59,F,
P-001551,Mumbai,45-59,F,
P-001552,Mumbai,18-29,F,
P-001553,Mumbai,18-29,F,
P-001554,Mumbai,18-29,F,
P-001555,Mumbai,60+,F,
P-001556,Mumbai,18-29,M,
P-001557,Mumbai,45-59,F,
P-001558,Mumbai,18-29,F,
P-001559,Mumbai,30-44,F,
P-001560,Mumbai,30-44,M,
P-001561,Mumbai,30-44,F,
P-001562,Mumbai,30-44,F,
P-001563,Mumbai,30-44,F,
P-001564,Mumbai,45-59,M,
P-001565,Mumbai,60+,M,
P-001566,Mumbai,30-44,M,
P-001567,Mumbai,30-44,M,
P-001568,Mumbai,18-29,M,
P-001569,Mumbai,60+,M,
P-001570,Mumbai,18-29,F,
P-001571,Mumbai,30-44,M,
P-001572,Mumbai,45-59,F,
P-001573,Mumbai,30-44,F,
P-001574,Mumbai,45-59,F,
P-001575,Mumbai,30-44,M,
P-001576,Mumbai,60+,M,
P-001577,Mumbai,45-59,M,
P-001578,Mumbai,30-44,M,
P-001579,Mumbai,30-44,M,
P-001580,Mumbai,60+,F,
P-001581,Mumbai,45-59,F,
P-001582,Mumbai,18-29,F,
P-001583,Mumbai,18-29,F,
P-001584,Mumbai,18-29,F,
P-001585,Mumbai,60+,M,
P-001586,Mumbai,60+,M,
P-001587,Mumbai,60+,M,
P-001588,Mumbai,18-29,F,
P-001589,Mumbai,30-44,M,
P-001590,Mumbai,60+,M,
P-001591,Mumbai,18-29,F,
P-001592,Mumbai,45-59,M,
P-001593,Mumbai,18-29,F,
P-001594,Mumbai,45-59,M,
P-001595,Mumbai,45-59,M,
P-001596,Mumbai,18-29,F,
P-001597,Mumbai,45-59,M,
P-001598,Mumbai,60+,F,
P-001599,Mumbai,30-44,F,
P-001600,Mumbai,45-59,F,
P-001601,Mumbai,30-44,F,
P-001602,Mumbai,18-29,F,
P-001603,Mumbai,60+,F,
P-001604,Mumbai,60+,M,
P-001605,Mumbai,45-59,F,
P-001606,Mumbai,45-59,M,
P-001607,Mumbai,45-59,F,
P-001608,Mumbai,30-44,M,
P-001609,Mumbai,45-59,M,
P-001610,Mumbai,30-44,F,
P-001611,Mumbai,30-44,M,
P-001612,Mumbai,18-29,F,
P-001613,Mumbai,30-44,F,
P-001614,Mumbai,45-59,F,
P-001615,Mumbai,60+,M,
P-001616,Mumbai,45-59,M,
P-001617,Mumbai,45-59,M,
P-001618,Mumbai,18-29,F,
P-001619,Mumbai,18-29,F,
P-001620,Mumbai,30-44,F,
P-001621,Mumbai,18-29,F,
P-001622,Mumbai,30-44,M,
P-001623,Mumbai,30-44,F,
P-001624,Mumbai,18-29,M,
P-001625,Mumbai,60+,M,
P-001626,Mumbai,45-59,M,
P-001627,Mumbai,60+,F,
P-001628,Mumbai,18-29,F,
P-001629,Mumbai,30-44,M,
P-001630,Mumbai,45-59,F,
P-001631,Mumbai,60+,F,
P-001632,Mumbai,45-59,M,
P-001633,Mumbai,60+,M,
P-001634,Mumbai,18-29,F,
P-001635,Mumbai,45-59,F,
P-001636,Mumbai,60+,M,
P-001637,Mumbai,30-44,F,
P-001638,Mumbai,60+,M,
P-001639,Mumbai,60+,F,
P-001640,Mumbai,18-29,F,
P-001641,Mumbai,45-59,F,
P-001642,Mumbai,45-59,F,
P-001643,Mumbai,18-29,F,
P-001644,Mumbai,18-29,M,
P-001645,Mumbai,30-44,M,
P-001646,Mumbai,60+,M,
P-001647,Mumbai,45-59,F,
P-001648,Mumbai,30-44,F,
P-001649,Mumbai,45-59,F,
P-001650,Mumbai,60+,M,
P-001651,Mumbai,60+,M,
P-001652,Mumbai,30-44,F,
P-001653,Mumbai,18-29,M,
P-001654,Mumbai,45-59,M,
P-001655,Mumbai,18-29,M,
P-001656,Mumbai,60+,M,
P-001657,Mumbai,60+,F,
P-001658,Mumbai,60+,M,
P-001659,Mumbai,45-59,F,
P-001660,Mumbai,45-59,F,
P-001661,Mumbai,18-29,M,
P-001662,Mumbai,30-44,M,
P-001663,Mumbai,18-29,F,
P-001664,Mumbai,18-29,F,
P-001665,Mumbai,60+,M,
P-001666,Mumbai,30-44,M,
P-001667,Mumbai,30-44,M,
P-001668,Mumbai,18-29,F,
P-001669,Mumbai,60+,F,
P-001670,Mumbai,18-29,F,
P-001671,Mumbai,45-59,M,
P-001672,Mumbai,18-29,M,
P-001673,Mumbai,45-59,F,
P-001674,Mumbai,30-44,F,
P-001675,Mumbai,60+,F,
P-001676,Mumbai,45-59,M,
P-001677,Mumbai,30-44,F,
P-001678,Mumbai,18-29,M,
P-001679,Mumbai,60+,M,
P-001680,Mumbai,18-29,M,
P-001681,Mumbai,60+,F,
P-001682,Mumbai,18-29,M,
P-001683,Mumbai,60+,M,
P-001684,Mumbai,30-44,F,
P-001685,Mumbai,18-29,F,
P-001686,Mumbai,45-59,M,
P-001687,Mumbai,18-29,M,
P-001688,Mumbai,30-44,M,
P-001689,Mumbai,30-44,M,
P-001690,Mumbai,18-29,F,
P-001691,Mumbai,18-29,F,
P-001692,Mumbai,45-59,F,
P-001693,Mumbai,30-44,F,
P-001694,Mumbai,18-29,M,
P-001695,Mumbai,30-44,M,
P-001696,Mumbai,18-29,F,
P-001697,Mumbai,18-29,M,
P-001698,Mumbai,18-29,F,
P-001699,Mumbai,18-29,M,
P-001700,Mumbai,18-29,F,
P-001701,Mumbai,30-44,F,
P-001702,Mumbai,18-29,F,
P-001703,Mumbai,60+,F,
P-001704,Mumbai,30-44,F,
P-001705,Mumbai,60+,F,
P-001706,Mumbai,18-29,F,
P-001707,Mumbai,30-44,M,
P-001708,Mumbai,18-29,F,
P-001709,Mumbai,45-59,M,
P-001710,Mumbai,60+,F,
P-001711,Mumbai,18-29,M,
P-001712,Mumbai,60+,M,
P-001713,Mumbai,45-59,M,
P-001714,Mumbai,45-59,F,
P-001715,Mumbai,45-59,M,
P-001716,Mumbai,60+,F,
P-001717,Mumbai,60+,F,
P-001718,Mumbai,60+,M,
P-001719,Mumbai,30-44,M,
P-001720,Mumbai,18-29,M,
P-001721,Mumbai,45-59,F,
P-001722,Mumbai,30-44,F,
P-001723,Mumbai,18-29,F,
P-001724,Mumbai,18-29,F,
P-001725,Mumbai,30-44,F,
P-001726,Mumbai,60+,M,
P-001727,Mumbai,18-29,M,
P-001728,Mumbai,30-44,M,
P-001729,Mumbai,18-29,M,
P-001730,Mumbai,45-59,M,
P-001731,Mumbai,18-29,M,
P-001732,Mumbai,30-44,M,
P-001733,Mumbai,18-29,F,
P-001734,Mumbai,30-44,F,
P-001735,Mumbai,60+,M,
P-001736,Mumbai,45-59,M,
P-001737,Mumbai,30-44,F,
P-001738,Mumbai,30-44,F,
P-001739,Mumbai,30-44,F,
P-001740,Mumbai,60+,F,
P-001741,Mumbai,18-29,F,
P-001742,Mumbai,30-44,M,
P-001743,Mumbai,45-59,M,
P-001744,Mumbai,60+,F,
P-001745,Mumbai,60+,M,
P-001746,Mumbai,18-29,F,
P-001747,Mumbai,45-59,F,
P-001748,Mumbai,45-59,M,
P-001749,Mumbai,30-44,F,
P-001750,Mumbai,30-44,M,
P-001751,Mumbai,18-29,F,
P-001752,Mumbai,45-59,M,
P-001753,Mumbai,45-59,M,
P-001754,Mumbai,60+,F,
P-001755,Mumbai,60+,F,
P-001756,Mumbai,60+,F,
P-001757,Mumbai,45-59,F,
P-001758,Mumbai,18-29,M,
P-001759,Mumbai,30-44,F,
P-001760,Mumbai,60+,M,
P-001761,Mumbai,30-44,F,
P-001762,Mumbai,45-59,M,
P-001763,Mumbai,18-29,M,
P-001764,Mumbai,45-59,M,
P-001765,Mumbai,30-44,F,
P-001766,Mumbai,60+,F,
P-001767,Mumbai,30-44,F,
P-001768,Mumbai,30-44,M,
P-001769,Mumbai,18-29,M,
P-001770,Mumbai,18-29,F,
P-001771,Mumbai,30-44,F,
P-001772,Mumbai,30-44,M,
P-001773,Mumbai,18-29,M,
P-001774,Mumbai,18-29,F,
P-001775,Mumbai,45-59,M,
P-001776,Mumbai,60+,F,
P-001777,Mumbai,60+,F,
P-001778,Mumbai,18-29,F,
P-001779,Mumbai,60+,F,
P-001780,Mumbai,18-29,F,
P-001781,Mumbai,18-29,F,
P-001782,Mumbai,18-29,F,
P-001783,Mumbai,18-29,M,
P-001784,Mumbai,45-59,M,
P-001785,Mumbai,45-59,M,
P-001786,Mumbai,18-29,F,
P-001787,Mumbai,18-29,M,
P-001788,Mumbai,18-29,M,
P-001789,Mumbai,45-59,M,
P-001790,Mumbai,45-59,M,
P-001791,Mumbai,30-44,M,
P-001792,Mumbai,18-29,F,
P-001793,Mumbai,45-59,M,
P-001794,Mumbai,18-29,M,
P-001795,Mumbai,30-44,F,
P-001796,Mumbai,18-29,M,
P-001797,Mumbai,18-29,F,
P-001798,Mumbai,60+,F,
P-001799,Mumbai,60+,M,
P-001800,Mumbai,60+,M,
P-001801,Mumbai,45-59,F,
P-001802,Mumbai,18-29,F,
P-001803,Mumbai,18-29,M,
P-001804,Mumbai,18-29,M,
P-001805,Mumbai,30-44,F,
P-001806,Mumbai,60+,F,
P-001807,Mumbai,30-44,M,
P-001808,Mumbai,30-44,M,
P-001809,Mumbai,18-29,F,
P-001810,Mumbai,30-44,M,
P-001811,Mumbai,45-59,F,
P-001812,Mumbai,45-59,M,
P-001813,Mumbai,60+,F,
P-001814,Mumbai,60+,M,
P-001815,Mumbai,45-59,M,
P-001816,Mumbai,45-59,M,
P-001817,Mumbai,18-29,F,
P-001818,Mumbai,45-59,M,
P-001819,Mumbai,60+,M,
P-001820,Mumbai,18-29,F,
P-001821,Mumbai,30-44,F,
P-001822,Mumbai,30-44,F,
P-001823,Mumbai,30-44,F,
P-001824,Mumbai,60+,M,
P-001825,Mumbai,30-44,F,
P-001826,Mumbai,30-44,M,
P-001827,Mumbai,30-44,M,
P-001828,Mumbai,30-44,M,
P-001829,Mumbai,18-29,M,
P-001830,Mumbai,45-59,F,
P-001831,Mumbai,18-29,M,
P-001832,Mumbai,45-59,M,
P-001833,Mumbai,60+,F,
P-001834,Mumbai,30-44,F,
P-001835,Mumbai,45-59,F,
P-001836,Mumbai,18-29,F,
P-001837,Mumbai,45-59,M,
P-001838,Mumbai,30-44,F,
P-001839,Mumbai,30-44,M,
P-001840,Mumbai,45-59,F,
P-001841,Mumbai,45-59,M,
P-001842,Mumbai,30-44,M,
P-001843,Mumbai,45-59,F,
P-001844,Mumbai,60+,M,
P-001845,Mumbai,60+,F,
P-001846,Mumbai,60+,M,
P-001847,Mumbai,45-59,M,
P-001848,Mumbai,60+,M,
P-001849,Mumbai,18-29,M,
P-001850,Mumbai,45-59,F,
P-001851,Mumbai,30-44,F,
P-001852,Mumbai,45-59,M,
P-001853,Mumbai,60+,F,
P-001854,Mumbai,45-59,M,
P-001855,Mumbai,45-59,F,
P-001856,Mumbai,30-44,M,
P-001857,Mumbai,45-59,F,
P-001858,Mumbai,45-59,M,
P-001859,Mumbai,60+,F,
P-001860,Mumbai,60+,F,
P-001861,Mumbai,60+,F,
P-001862,Mumbai,30-44,F,
P-001863,Mumbai,18-29,M,
P-001864,Mumbai,60+,M,
P-001865,Mumbai,30-44,F,
P-001866,Mumbai,18-29,F,
P-001867,Mumbai,60+,M,
P-001868,Mumbai,45-59,M,
P-001869,Mumbai,45-59,M,
P-001870,Mumbai,18-29,F,
P-001871,Mumbai,45-59,M,
P-001872,Mumbai,60+,M,
P-001873,Mumbai,45-59,M,
P-001874,Mumbai,45-59,F,
P-001875,Mumbai,60+,F,
P-001876,Mumbai,60+,M,
P-001877,Mumbai,60+,M,
P-001878,Mumbai,45-59,M,
P-001879,Mumbai,18-29,F,
P-001880,Mumbai,30-44,M,
P-001881,Mumbai,60+,M,
P-001882,Mumbai,18-29,M,
P-001883,Mumbai,18-29,M,
P-001884,Mumbai,45-59,M,
P-001885,Mumbai,60+,M,
P-001886,Mumbai,30-44,F,
P-001887,Mumbai,30-44,M,
P-001888,Mumbai,18-29,F,
P-001889,Mumbai,30-44,F,
P-001890,Mumbai,45-59,M,
P-001891,Mumbai,18-29,M,
P-001892,Mumbai,45-59,F,
P-001893,Mumbai,45-59,M,
P-001894,Mumbai,30-44,F,
P-001895,Mumbai,30-44,M,
P-001896,Mumbai,30-44,F,
P-001897,Mumbai,60+,M,
P-001898,Mumbai,60+,M,
P-001899,Mumbai,60+,F,
P-001900,Mumbai,45-59,M,
P-001901,Mumbai,30-44,M,
P-001902,Mumbai,60+,F,
P-001903,Mumbai,45-59,F,
P-001904,Mumbai,30-44,M,
P-001905,Mumbai,60+,M,
P-001906,Mumbai,60+,M,
P-001907,Mumbai,45-59,F,
P-001908,Mumbai,45-59,F,
P-001909,Mumbai,45-59,M,
P-001910,Mumbai,45-59,F,
P-001911,Mumbai,45-59,M,
P-001912,Mumbai,60+,F,
P-001913,Mumbai,18-29,M,
P-001914,Mumbai,60+,M,
P-001915,Mumbai,18-29,M,
P-001916,Mumbai,60+,M,
P-001917,Mumbai,60+,F,
P-001918,Mumbai,30-44,M,
P-001919,Mumbai,45-59,M,
P-001920,Mumbai,45-59,F,
P-001921,Mumbai,60+,M,
P-001922,Mumbai,60+,F,
P-001923,Mumbai,45-59,M,
P-001924,Mumbai,45-59,M,
P-001925,Mumbai,60+,F,
P-001926,Mumbai,18-29,F,
P-001927,Mumbai,60+,F,
P-001928,Mumbai,45-59,M,
P-001929,Mumbai,30-44,M,
P-001930,Mumbai,30-44,F,
P-001931,Mumbai,30-44,F,
P-001932,Mumbai,45-59,M,
P-001933,Mumbai,60+,F,
P-001934,Mumbai,18-29,F,
P-001935,Mumbai,30-44,M,
P-001936,Mumbai,30-44,M,
P-001937,Mumbai,60+,F,
P-001938,Mumbai,18-29,F,
P-001939,Mumbai,45-59,M,
P-001940,Mumbai,30-44,F,
P-001941,Mumbai,60+,M,
P-001942,Mumbai,18-29,M,
P-001943,Mumbai,18-29,F,
P-001944,Mumbai,45-59,M,
P-001945,Mumbai,45-59,F,
P-001946,Mumbai,60+,M,
P-001947,Mumbai,60+,M,
P-001948,Mumbai,60+,F,
P-001949,Mumbai,18-29,F,
P-001950,Mumbai,60+,M,
P-001951,Mumbai,60+,M,
P-001952,Mumbai,18-29,M,
P-001953,Mumbai,30-44,F,
P-001954,Mumbai,45-59,M,
P-001955,Mumbai,30-44,F,
P-001956,Mumbai,45-59,M,
P-001957,Mumbai,30-44,M,
P-001958,Mumbai,60+,F,
P-001959,Mumbai,18-29,F,
P-001960,Mumbai,30-44,F,
P-001961,Mumbai,18-29,F,
P-001962,Mumbai,18-29,M,
P-001963,Mumbai,18-29,M,
P-001964,Mumbai,45-59,F,
P-001965,Mumbai,45-59,M,
P-001966,Mumbai,45-59,F,
P-001967,Mumbai,60+,M,
P-001968,Mumbai,30-44,M,
P-001969,Mumbai,60+,F,
P-001970,Mumbai,30-44,F,
P-001971,Mumbai,30-44,F,
P-001972,Mumbai,30-44,F,
P-001973,Mumbai,18-29,F,
P-001974,Mumbai,30-44,F,
P-001975,Mumbai,18-29,M,
P-001976,Mumbai,18-29,M,
P-001977,Mumbai,60+,F,
P-001978,Mumbai,18-29,M,
P-001979,Mumbai,45-59,F,
P-001980,Mumbai,45-59,F,
P-001981,Mumbai,30-44,F,
P-001982,Mumbai,30-44,F,
P-001983,Mumbai,18-29,M,
P-001984,Mumbai,60+,M,
P-001985,Mumbai,18-29,F,
P-001986,Mumbai,30-44,M,
P-001987,Mumbai,60+,F,
P-001988,Mumbai,30-44,F,
P-001989,Mumbai,18-29,F,
P-001990,Mumbai,30-44,F,
P-001991,Mumbai,30-44,F,
P-001992,Mumbai,45-59,M,
P-001993,Mumbai,60+,F,
P-001994,Mumbai,18-29,M,
P-001995,Mumbai,60+,M,
P-001996,Mumbai,45-59,M,
P-001997,Mumbai,60+,F,
P-001998,Mumbai,30-44,M,
P-001999,Mumbai,45-59,M,
P-002000,Mumbai,18-29,M,
P-002001,Mumbai,18-29,M,
P-002002,Mumbai,30-44,F,
P-002003,Mumbai,45-59,F,
P-002004,Mumbai,45-59,M,
P-002005,Mumbai,45-59,F,
P-002006,Mumbai,30-44,M,
P-002007,Mumbai,30-44,F,
P-002008,Mumbai,30-44,F,
P-002009,Mumbai,18-29,F,
P-002010,Mumbai,30-44,M,
P-002011,Mumbai,30-44,M,
P-002012,Mumbai,45-59,F,
P-002013,Mumbai,30-44,F,
P-002014,Mumbai,30-44,M,
P-002015,Mumbai,45-59,M,
P-002016,Mumbai,18-29,M,
P-002017,Mumbai,60+,M,
P-002018,Mumbai,45-59,M,
P-002019,Mumbai,45-59,M,
P-002020,Mumbai,60+,F,
P-002021,Mumbai,60+,M,
P-002022,Mumbai,30-44,F,
P-002023,Mumbai,60+,F,
P-002024,Mumbai,18-29,M,
P-002025,Mumbai,45-59,M,
P-002026,Mumbai,60+,F,
P-002027,Mumbai,30-44,F,
P-002028,Mumbai,30-44,F,
P-002029,Mumbai,30-44,F,
P-002030,Mumbai,45-59,M,
P-002031,Mumbai,60+,F,
P-002032,Mumbai,45-59,F,
P-002033,Mumbai,18-29,M,
P-002034,Mumbai,45-59,M,
P-002035,Mumbai,60+,F,
P-002036,Mumbai,18-29,F,
P-002037,Mumbai,30-44,M,
P-002038,Mumbai,45-59,M,
P-002039,Mumbai,30-44,F,
P-002040,Mumbai,18-29,F,
P-002041,Mumbai,30-44,M,
P-002042,Mumbai,60+,M,
P-002043,Mumbai,45-59,M,
P-002044,Mumbai,45-59,M,
P-002045,Mumbai,18-29,F,
P-002046,Mumbai,30-44,F,
P-002047,Mumbai,30-44,M,
P-002048,Mumbai,45-59,M,
P-002049,Mumbai,30-44,F,
P-002050,Mumbai,18-29,F,
P-002051,Mumbai,30-44,F,
P-002052,Mumbai,45-59,F,
P-002053,Mumbai,45-59,M,
P-002054,Mumbai,30-44,F,
P-002055,Mumbai,30-44,M,
P-002056,Mumbai,18-29,F,
P-002057,Mumbai,60+,M,
P-002058,Mumbai,45-59,F,
P-002059,Mumbai,45-59,M,
P-002060,Mumbai,45-59,F,
P-002061,Mumbai,18-29,F,
P-002062,Mumbai,60+,M,
P-002063,Mumbai,60+,F,
P-002064,Mumbai,60+,M,
P-002065,Mumbai,45-59,F,
P-002066,Mumbai,30-44,F,
P-002067,Mumbai,18-29,M,
P-002068,Mumbai,45-59,F,
P-002069,Mumbai,45-59,F,
P-002070,Mumbai,18-29,M,
P-002071,Mumbai,45-59,F,
P-002072,Mumbai,60+,M,
P-002073,Mumbai,60+,M,
P-002074,Mumbai,45-59,M,
P-002075,Mumbai,18-29,M,
P-002076,Mumbai,30-44,F,
P-002077,Mumbai,60+,F,
P-002078,Mumbai,30-44,M,
P-002079,Mumbai,45-59,F,
P-002080,Mumbai,60+,F,
P-002081,Mumbai,18-29,M,
P-002082,Mumbai,18-29,M,
P-002083,Mumbai,60+,F,
P-002084,Mumbai,18-29,M,
P-002085,Mumbai,30-44,F,
P-002086,Mumbai,30-44,F,
P-002087,Mumbai,60+,F,
P-002088,Mumbai,30-44,F,
P-002089,Mumbai,18-29,F,
P-002090,Mumbai,60+,M,
P-002091,Mumbai,30-44,M,
P-002092,Mumbai,60+,F,
P-002093,Mumbai,60+,M,
P-002094,Mumbai,18-29,F,
P-002095,Mumbai,45-59,F,
P-002096,Mumbai,60+,F,
P-002097,Mumbai,60+,M,
P-002098,Mumbai,60+,M,
P-002099,Mumbai,18-29,F,
P-002100,Mumbai,60+,F,
P-002101,Mumbai,60+,M,
P-002102,Mumbai,18-29,M,
P-002103,Mumbai,45-59,M,
P-002104,Mumbai,18-29,M,
P-002105,Mumbai,30-44,M,
P-002106,Mumbai,30-44,M,
P-002107,Mumbai,18-29,F,
P-002108,Mumbai,18-29,M,
P-002109,Mumbai,18-29,F,
P-002110,Mumbai,30-44,M,
P-002111,Mumbai,60+,M,
P-002112,Mumbai,18-29,M,
P-002113,Mumbai,18-29,M,
P-002114,Mumbai,60+,F,
P-002115,Mumbai,45-59,M,
P-002116,Mumbai,60+,F,
P-002117,Mumbai,30-44,F,
P-002118,Mumbai,18-29,M,
P-002119,Mumbai,45-59,F,
P-002120,Mumbai,60+,F,
P-002121,Mumbai,18-29,M,
P-002122,Mumbai,45-59,M,
P-002123,Mumbai,45-59,M,
P-002124,Mumbai,30-44,M,
P-002125,Mumbai,45-59,M,
P-002126,Mumbai,60+,F,
P-002127,Mumbai,45-59,F,
P-002128,Mumbai,30-44,F,
P-002129,Mumbai,45-59,M,
P-002130,Mumbai,18-29,M,
P-002131,Mumbai,45-59,M,
P-002132,Mumbai,30-44,M,
P-002133,Mumbai,18-29,F,
P-002134,Mumbai,18-29,M,
P-002135,Mumbai,30-44,M,
P-002136,Mumbai,18-29,F,
P-002137,Mumbai,60+,F,
P-002138,Mumbai,30-44,F,
P-002139,Mumbai,18-29,F,
P-002140,Mumbai,45-59,F,
P-002141,Mumbai,45-59,F,
P-002142,Mumbai,45-59,F,
P-002143,Mumbai,60+,F,
P-002144,Mumbai,45-59,F,
P-002145,Mumbai,18-29,M,
P-002146,Mumbai,60+,M,
P-002147,Mumbai,30-44,M,
P-002148,Mumbai,30-44,M,
P-002149,Mumbai,60+,F,
P-002150,Mumbai,30-44,M,
P-002151,Mumbai,18-29,F,
P-002152,Mumbai,60+,F,
P-002153,Mumbai,60+,F,
P-002154,Mumbai,45-59,F,
P-002155,Mumbai,60+,M,
P-002156,Mumbai,60+,F,
P-002157,Mumbai,45-59,M,
P-002158,Mumbai,45-59,M,
P-002159,Mumbai,45-59,F,
P-002160,Mumbai,60+,M,
P-002161,Mumbai,30-44,M,
P-002162,Mumbai,60+,F,
P-002163,Mumbai,30-44,M,
P-002164,Mumbai,30-44,M,
P-002165,Mumbai,30-44,F,
P-002166,Mumbai,60+,F,
P-002167,Mumbai,18-29,F,
P-002168,Mumbai,45-59,F,
P-002169,Mumbai,18-29,F,
P-002170,Mumbai,30-44,F,
P-002171,Mumbai,30-44,M,
P-002172,Mumbai,45-59,F,
P-002173,Mumbai,60+,M,
P-002174,Mumbai,45-59,M,
P-002175,Mumbai,60+,F,
P-002176,Mumbai,45-59,M,
P-002177,Mumbai,60+,M,
P-002178,Mumbai,18-29,F,
P-002179,Mumbai,30-44,F,
P-002180,Mumbai,18-29,F,
P-002181,Mumbai,18-29,F,
P-002182,Mumbai,60+,M,
P-002183,Mumbai,45-59,F,
P-002184,Mumbai,18-29,F,
P-002185,Mumbai,18-29,M,
P-002186,Mumbai,30-44,F,
P-002187,Mumbai,45-59,M,
P-002188,Mumbai,18-29,F,
P-002189,Mumbai,45-59,F,
P-002190,Mumbai,18-29,F,
P-002191,Mumbai,45-59,M,
P-002192,Mumbai,18-29,M,
P-002193,Mumbai,30-44,F,
P-002194,Mumbai,30-44,M,
P-002195,Mumbai,60+,M,
P-002196,Mumbai,30-44,M,
P-002197,Mumbai,60+,F,
P-002198,Mumbai,45-59,M,
P-002199,Mumbai,30-44,M,
P-002200,Mumbai,60+,M,
P-002201,Mumbai,18-29,F,
P-002202,Mumbai,45-59,M,
P-002203,Mumbai,30-44,F,
P-002204,Mumbai,45-59,M,
P-002205,Mumbai,45-59,M,
P-002206,Mumbai,60+,M,
P-002207,Mumbai,30-44,M,
P-002208,Mumbai,30-44,F,
P-002209,Mumbai,30-44,M,
P-002210,Mumbai,45-59,M,
P-002211,Mumbai,60+,M,
P-002212,Mumbai,30-44,F,
P-002213,Mumbai,18-29,M,
P-002214,Mumbai,18-29,M,
P-002215,Mumbai,60+,F,
P-002216,Mumbai,60+,F,
P-002217,Mumbai,45-59,F,
P-002218,Mumbai,60+,M,
P-002219,Mumbai,30-44,F,
P-002220,Mumbai,30-44,F,
P-002221,Mumbai,18-29,F,
P-002222,Mumbai,30-44,F,
P-002223,Mumbai,45-59,F,
P-002224,Mumbai,18-29,F,
P-002225,Mumbai,30-44,M,
P-002226,Mumbai,45-59,M,
P-002227,Mumbai,18-29,F,
P-002228,Mumbai,30-44,F,
P-002229,Mumbai,45-59,M,
P-002230,Mumbai,60+,M,
P-002231,Mumbai,60+,F,
P-002232,Mumbai,18-29,F,
P-002233,Mumbai,60+,F,
P-002234,Mumbai,60+,M,
P-002235,Mumbai,18-29,F,
P-002236,Mumbai,45-59,F,
P-002237,Mumbai,60+,M,
P-002238,Mumbai,30-44,F,
P-002239,Mumbai,30-44,M,
P-002240,Mumbai,30-44,M,
P-002241,Mumbai,18-29,F,
P-002242,Mumbai,30-44,M,
P-002243,Mumbai,18-29,M,
P-002244,Mumbai,30-44,F,
P-002245,Mumbai,45-59,M,
P-002246,Mumbai,30-44,M,
P-002247,Mumbai,60+,F,
P-002248,Mumbai,60+,M,
P-002249,Mumbai,45-59,M,
P-002250,Mumbai,45-59,F,
P-002251,Mumbai,18-29,F,
P-002252,Mumbai,18-29,M,
P-002253,Mumbai,60+,F,
P-002254,Mumbai,30-44,F,
P-002255,Mumbai,60+,F,
P-002256,Mumbai,30-44,F,
P-002257,Mumbai,30-44,F,
P-002258,Mumbai,30-44,M,
P-002259,Mumbai,45-59,M,
P-002260,Mumbai,60+,F,
P-002261,Mumbai,60+,F,
P-002262,Mumbai,45-59,F,
P-002263,Mumbai,45-59,F,
P-002264,Mumbai,60+,M,
P-002265,Mumbai,30-44,M,
P-002266,Mumbai,30-44,F,
P-002267,Mumbai,30-44,F,
P-002268,Mumbai,45-59,F,
P-002269,Mumbai,45-59,M,
P-002270,Mumbai,18-29,F,
P-002271,Mumbai,45-59,M,
P-002272,Mumbai,60+,F,
P-002273,Mumbai,60+,F,
P-002274,Mumbai,60+,M,
P-002275,Mumbai,30-44,M,
P-002276,Mumbai,60+,F,
P-002277,Mumbai,45-59,M,
P-002278,Mumbai,30-44,M,
P-002279,Mumbai,18-29,F,
P-002280,Mumbai,18-29,F,
P-002281,Mumbai,60+,F,
P-002282,Mumbai,18-29,M,
P-002283,Mumbai,30-44,F,
P-002284,Mumbai,18-29,F,
P-002285,Mumbai,45-59,F,
P-002286,Mumbai,30-44,F,
P-002287,Mumbai,30-44,M,
P-002288,Mumbai,45-59,M,
P-002289,Mumbai,60+,M,
P-002290,Mumbai,45-59,M,
P-002291,Mumbai,45-59,F,
P-002292,Mumbai,60+,F,
P-002293,Mumbai,30-44,F,
P-002294,Mumbai,45-59,F,
P-002295,Mumbai,30-44,M,
P-002296,Mumbai,30-44,M,
P-002297,Mumbai,45-59,F,
P-002298,Mumbai,60+,F,
P-002299,Mumbai,60+,M,
P-002300,Mumbai,60+,F,
P-002301,Mumbai,60+,M,
P-002302,Mumbai,45-59,M,
P-002303,Mumbai,30-44,F,
P-002304,Mumbai,30-44,F,
P-002305,Mumbai,45-59,F,
P-002306,Mumbai,45-59,M,
P-002307,Mumbai,45-59,M,
P-002308,Mumbai,30-44,M,
P-002309,Mumbai,30-44,F,
P-002310,Mumbai,60+,M,
P-002311,Mumbai,18-29,M,
P-002312,Mumbai,60+,F,
P-002313,Mumbai,18-29,M,
P-002314,Mumbai,18-29,F,
P-002315,Mumbai,18-29,F,
P-002316,Mumbai,18-29,M,
P-002317,Mumbai,45-59,F,
P-002318,Mumbai,45-59,F,
P-002319,Mumbai,30-44,M,
P-002320,Mumbai,18-29,F,
P-002321,Mumbai,30-44,F,
P-002322,Mumbai,60+,M,
P-002323,Mumbai,30-44,M,
P-002324,Mumbai,60+,F,
P-002325,Mumbai,18-29,M,
P-002326,Mumbai,18-29,F,
P-002327,Mumbai,45-59,M,
P-002328,Mumbai,18-29,M,
P-002329,Mumbai,18-29,F,
P-002330,Mumbai,45-59,M,
P-002331,Mumbai,30-44,F,
P-002332,Mumbai,45-59,F,
P-002333,Mumbai,45-59,M,
P-002334,Mumbai,45-59,M,
P-002335,Mumbai,45-59,M,
P-002336,Mumbai,18-29,M,
P-002337,Mumbai,18-29,M,
P-002338,Mumbai,60+,F,
P-002339,Mumbai,60+,M,
P-002340,Mumbai,45-59,F,
P-002341,Mumbai,18-29,F,
P-002342,Mumbai,45-59,F,
P-002343,Mumbai,45-59,M,
P-002344,Mumbai,45-59,M,
P-002345,Mumbai,30-44,F,
P-002346,Mumbai,60+,F,
P-002347,Mumbai,45-59,M,
P-002348,Mumbai,45-59,M,
P-002349,Mumbai,60+,M,
P-002350,Mumbai,45-59,F,
P-002351,Mumbai,18-29,F,
P-002352,Mumbai,45-59,M,
P-002353,Mumbai,60+,F,
P-002354,Mumbai,30-44,M,
P-002355,Mumbai,30-44,M,
P-002356,Mumbai,60+,F,
P-002357,Mumbai,60+,F,
P-002358,Mumbai,60+,F,
P-002359,Mumbai,30-44,F,
P-002360,Mumbai,30-44,M,
P-002361,Mumbai,18-29,F,
P-002362,Mumbai,60+,F,
P-002363,Mumbai,45-59,M,
P-002364,Mumbai,30-44,M,
P-002365,Mumbai,60+,M,
P-002366,Mumbai,60+,F,
P-002367,Mumbai,45-59,F,
P-002368,Mumbai,18-29,M,
P-002369,Mumbai,60+,M,
P-002370,Mumbai,30-44,F,
P-002371,Mumbai,45-59,M,
P-002372,Mumbai,18-29,M,
P-002373,Mumbai,18-29,F,
P-002374,Mumbai,45-59,M,
P-002375,Mumbai,18-29,F,
P-002376,Mumbai,18-29,M,
P-002377,Mumbai,60+,F,
P-002378,Mumbai,60+,M,
P-002379,Mumbai,45-59,F,
P-002380,Mumbai,18-29,M,
P-002381,Mumbai,45-59,F,
P-002382,Mumbai,30-44,M,
P-002383,Mumbai,30-44,M,
P-002384,Mumbai,18-29,M,
P-002385,Mumbai,30-44,F,
P-002386,Mumbai,18-29,M,
P-002387,Mumbai,60+,M,
P-002388,Mumbai,18-29,F,
P-002389,Mumbai,18-29,F,
P-002390,Mumbai,18-29,M,
P-002391,Mumbai,60+,M,
P-002392,Mumbai,30-44,F,
P-002393,Mumbai,45-59,M,
P-002394,Mumbai,18-29,M,
P-002395,Mumbai,30-44,F,
P-002396,Mumbai,30-44,M,
P-002397,Mumbai,45-59,F,
P-002398,Mumbai,18-29,F,
P-002399,Mumbai,30-44,F,
P-002400,Mumbai,18-29,F,
P-002401,Mumbai,60+,M,
P-002402,Mumbai,30-44,M,
P-002403,Mumbai,18-29,M,
P-002404,Mumbai,18-29,F,
P-002405,Mumbai,18-29,F,
P-002406,Mumbai,30-44,F,
P-002407,Mumbai,18-29,F,
P-002408,Mumbai,18-29,M,
P-002409,Mumbai,45-59,M,
P-002410,Mumbai,45-59,M,
P-002411,Mumbai,18-29,F,
P-002412,Mumbai,18-29,M,
P-002413,Mumbai,30-44,M,
P-002414,Mumbai,30-44,F,
P-002415,Mumbai,30-44,F,
P-002416,Mumbai,60+,F,
P-002417,Mumbai,45-59,F,
P-002418,Mumbai,18-29,M,
P-002419,Mumbai,60+,M,
P-002420,Mumbai,30-44,M,
P-002421,Mumbai,18-29,M,
P-002422,Mumbai,45-59,M,
P-002423,Mumbai,18-29,M,
P-002424,Mumbai,30-44,F,
P-002425,Mumbai,60+,M,
P-002426,Mumbai,45-59,F,
P-002427,Mumbai,18-29,M,
P-002428,Mumbai,45-59,M,
P-002429,Mumbai,60+,M,
P-002430,Mumbai,60+,F,
P-002431,Mumbai,45-59,F,
P-002432,Mumbai,60+,F,
P-002433,Mumbai,45-59,M,
P-002434,Mumbai,60+,M,
P-002435,Mumbai,18-29,F,
P-002436,Mumbai,60+,F,
P-002437,Mumbai,18-29,F,
P-002438,Mumbai,60+,F,
P-002439,Mumbai,60+,M,
P-002440,Mumbai,30-44,F,
P-002441,Mumbai,45-59,F,
P-002442,Mumbai,60+,M,
P-002443,Mumbai,60+,F,
P-002444,Mumbai,30-44,M,
P-002445,Mumbai,60+,F,
P-002446,Mumbai,60+,M,
P-002447,Mumbai,30-44,M,
P-002448,Mumbai,18-29,F,
P-002449,Mumbai,45-59,F,
P-002450,Mumbai,30-44,F,
P-002451,Delhi,18-29,F,
P-002452,Delhi,18-29,M,
P-002453,Delhi,30-44,M,
P-002454,Delhi,45-59,M,
P-002455,Delhi,18-29,M,
P-002456,Delhi,30-44,F,
P-002457,Delhi,45-59,F,
P-002458,Delhi,45-59,F,
P-002459,Delhi,30-44,M,
P-002460,Delhi,45-59,M,
P-002461,Delhi,30-44,M,
P-002462,Delhi,60+,F,
P-002463,Delhi,18-29,M,
P-002464,Delhi,45-59,M,
P-002465,Delhi,18-29,F,
P-002466,Delhi,18-29,F,
P-002467,Delhi,45-59,M,
P-002468,Delhi,60+,M,
P-002469,Delhi,60+,M,
P-002470,Delhi,45-59,M,
P-002471,Delhi,60+,F,
P-002472,Delhi,30-44,M,
P-002473,Delhi,30-44,F,
P-002474,Delhi,30-44,F,
P-002475,Delhi,45-59,M,
P-002476,Delhi,30-44,M,
P-002477,Delhi,30-44,M,
P-002478,Delhi,60+,F,
P-002479,Delhi,60+,M,
P-002480,Delhi,45-59,M,
P-002481,Delhi,18-29,F,
P-002482,Delhi,60+,F,
P-002483,Delhi,18-29,M,
P-002484,Delhi,30-44,F,
P-002485,Delhi,60+,M,
P-002486,Delhi,60+,F,
P-002487,Delhi,30-44,M,
P-002488,Delhi,45-59,M,
P-002489,Delhi,18-29,F,
P-002490,Delhi,30-44,F,
P-002491,Delhi,60+,M,
P-002492,Delhi,18-29,M,
P-002493,Delhi,60+,F,
P-002494,Delhi,30-44,F,
P-002495,Delhi,18-29,F,
P-002496,Delhi,45-59,M,
P-002497,Delhi,60+,F,
P-002498,Delhi,18-29,M,
P-002499,Delhi,30-44,M,
P-002500,Delhi,60+,F,
P-002501,Delhi,18-29,F,
P-002502,Delhi,30-44,M,
P-002503,Delhi,18-29,F,
P-002504,Delhi,18-29,M,
P-002505,Delhi,60+,F,
P-002506,Delhi,60+,M,
P-002507,Delhi,30-44,F,
P-002508,Delhi,45-59,F,
P-002509,Delhi,18-29,F,
P-002510,Delhi,30-44,F,
P-002511,Delhi,18-29,F,
P-002512,Delhi,45-59,F,
P-002513,Delhi,45-59,M,
P-002514,Delhi,18-29,M,
P-002515,Delhi,45-59,F,
P-002516,Delhi,30-44,F,
P-002517,Delhi,30-44,M,
P-002518,Delhi,18-29,F,
P-002519,Delhi,60+,F,
P-002520,Delhi,18-29,M,
P-002521,Delhi,18-29,M,
P-002522,Delhi,30-44,M,
P-002523,Delhi,60+,M,
P-002524,Delhi,18-29,F,
P-002525,Delhi,30-44,M,
P-002526,Delhi,45-59,F,
P-002527,Delhi,45-59,F,
P-002528,Delhi,45-59,M,
P-002529,Delhi,45-59,M,
P-002530,Delhi,45-59,M,
P-002531,Delhi,45-59,M,
P-002532,Delhi,60+,M,
P-002533,Delhi,45-59,F,
P-002534,Delhi,45-59,F,
P-002535,Delhi,45-59,F,
P-002536,Delhi,30-44,F,
P-002537,Delhi,60+,M,
P-002538,Delhi,60+,M,
P-002539,Delhi,30-44,M,
P-002540,Delhi,60+,F,
P-002541,Delhi,30-44,F,
P-002542,Delhi,45-59,M,
P-002543,Delhi,30-44,M,
P-002544,Delhi,18-29,M,
P-002545,Delhi,60+,M,
P-002546,Delhi,60+,F,
P-002547,Delhi,60+,F,
P-002548,Delhi,18-29,M,
P-002549,Delhi,45-59,F,
P-002550,Delhi,18-29,M,
P-002551,Delhi,60+,M,
P-002552,Delhi,45-59,F,
P-002553,Delhi,30-44,M,
P-002554,Delhi,45-59,M,
P-002555,Delhi,18-29,M,
P-002556,Delhi,60+,F,
P-002557,Delhi,18-29,F,
P-002558,Delhi,30-44,F,
P-002559,Delhi,18-29,F,
P-002560,Delhi,18-29,F,
P-002561,Delhi,18-29,M,
P-002562,Delhi,60+,M,
P-002563,Delhi,45-59,M,
P-002564,Delhi,30-44,M,
P-002565,Delhi,45-59,M,
P-002566,Delhi,45-59,M,
P-002567,Delhi,45-59,F,
P-002568,Delhi,45-59,F,
P-002569,Delhi,60+,M,
P-002570,Delhi,60+,F,
P-002571,Delhi,18-29,F,
P-002572,Delhi,45-59,F,
P-002573,Delhi,18-29,M,
P-002574,Delhi,45-59,M,
P-002575,Delhi,45-59,F,
P-002576,Delhi,18-29,F,
P-002577,Delhi,45-59,M,
P-002578,Delhi,45-59,F,
P-002579,Delhi,18-29,M,
P-002580,Delhi,30-44,F,
P-002581,Delhi,45-59,F,
P-002582,Delhi,60+,M,
P-002583,Delhi,18-29,F,
P-002584,Delhi,60+,M,
P-002585,Delhi,45-59,F,
P-002586,Delhi,45-59,M,
P-002587,Delhi,30-44,F,
P-002588,Delhi,60+,F,
P-002589,Delhi,18-29,F,
P-002590,Delhi,18-29,F,
P-002591,Delhi,18-29,M,
P-002592,Delhi,45-59,M,
P-002593,Delhi,30-44,F,
P-002594,Delhi,18-29,F,
P-002595,Delhi,60+,F,
P-002596,Delhi,45-59,M,
P-002597,Delhi,60+,F,
P-002598,Delhi,45-59,M,
P-002599,Delhi,30-44,M,
P-002600,Delhi,45-59,F,
P-002601,Delhi,60+,M,
P-002602,Delhi,45-59,F,
P-002603,Delhi,18-29,F,
P-002604,Delhi,60+,M,
P-002605,Delhi,18-29,F,
P-002606,Delhi,60+,F,
P-002607,Delhi,60+,F,
P-002608,Delhi,60+,M,
P-002609,Delhi,45-59,F,
P-002610,Delhi,30-44,M,
P-002611,Delhi,18-29,F,
P-002612,Delhi,18-29,F,
P-002613,Delhi,45-59,M,
P-002614,Delhi,45-59,M,
P-002615,Delhi,18-29,M,
P-002616,Delhi,18-29,F,
P-002617,Delhi,30-44,F,
P-002618,Delhi,60+,F,
P-002619,Delhi,18-29,M,
P-002620,Delhi,30-44,M,
P-002621,Delhi,60+,M,
P-002622,Delhi,45-59,M,
P-002623,Delhi,30-44,M,
P-002624,Delhi,45-59,F,
P-002625,Delhi,18-29,M,
P-002626,Delhi,30-44,M,
P-002627,Delhi,30-44,M,
P-002628,Delhi,30-44,M,
P-002629,Delhi,30-44,F,
P-002630,Delhi,45-59,M,
P-002631,Delhi,45-59,M,
P-002632,Delhi,60+,M,
P-002633,Delhi,18-29,M,
P-002634,Delhi,45-59,M,
P-002635,Delhi,30-44,M,
P-002636,Delhi,45-59,F,
P-002637,Delhi,60+,F,
P-002638,Delhi,45-59,F,
P-002639,Delhi,60+,F,
P-002640,Delhi,18-29,F,
P-002641,Delhi,45-59,F,
P-002642,Delhi,30-44,M,
P-002643,Delhi,45-59,F,
P-002644,Delhi,60+,F,
P-002645,Delhi,45-59,F,
P-002646,Delhi,60+,F,
P-002647,Delhi,45-59,F,
P-002648,Delhi,60+,F,
P-002649,Delhi,60+,M,
P-002650,Delhi,45-59,M,
P-002651,Delhi,30-44,M,
P-002652,Delhi,45-59,M,
P-002653,Delhi,45-59,M,
P-002654,Delhi,45-59,M,
P-002655,Delhi,60+,F,
P-002656,Delhi,45-59,F,
P-002657,Delhi,45-59,M,
P-002658,Delhi,60+,F,
P-002659,Delhi,18-29,M,
P-002660,Delhi,60+,F,
P-002661,Delhi,45-59,M,
P-002662,Delhi,18-29,M,
P-002663,Delhi,30-44,M,
P-002664,Delhi,60+,M,
P-002665,Delhi,60+,M,
P-002666,Delhi,60+,F,
P-002667,Delhi,30-44,M,
P-002668,Delhi,18-29,M,
P-002669,Delhi,30-44,M,
P-002670,Delhi,30-44,M,
P-002671,Delhi,30-44,F,
P-002672,Delhi,18-29,M,
P-002673,Delhi,18-29,F,
P-002674,Delhi,30-44,F,
P-002675,Delhi,60+,F,
P-002676,Delhi,30-44,F,
P-002677,Delhi,18-29,F,
P-002678,Delhi,60+,M,
P-002679,Delhi,45-59,F,
P-002680,Delhi,45-59,M,
P-002681,Delhi,18-29,F,
P-002682,Delhi,45-59,F,
P-002683,Delhi,60+,F,
P-002684,Delhi,18-29,F,
P-002685,Delhi,30-44,M,
P-002686,Delhi,45-59,F,
P-002687,Delhi,30-44,F,
P-002688,Delhi,18-29,F,
P-002689,Delhi,18-29,M,
P-002690,Delhi,30-44,F,
P-002691,Delhi,45-59,M,
P-002692,Delhi,60+,F,
P-002693,Delhi,45-59,F,
P-002694,Delhi,60+,F,
P-002695,Delhi,60+,F,
P-002696,Delhi,18-29,M,
P-002697,Delhi,45-59,M,
P-002698,Delhi,45-59,F,
P-002699,Delhi,18-29,F,
P-002700,Delhi,18-29,M,
P-002701,Delhi,18-29,F,
P-002702,Delhi,30-44,M,
P-002703,Delhi,18-29,F,
P-002704,Delhi,18-29,M,
P-002705,Delhi,60+,F,
P-002706,Delhi,18-29,F,
P-002707,Delhi,60+,M,
P-002708,Delhi,60+,F,
P-002709,Delhi,45-59,M,
P-002710,Delhi,60+,F,
P-002711,Delhi,60+,F,
P-002712,Delhi,60+,F,
P-002713,Delhi,30-44,M,
P-002714,Delhi,60+,M,
P-002715,Delhi,45-59,M,
P-002716,Delhi,60+,M,
P-002717,Delhi,60+,M,
P-002718,Delhi,45-59,F,
P-002719,Delhi,60+,M,
P-002720,Delhi,18-29,F,
P-002721,Delhi,30-44,F,
P-002722,Delhi,18-29,F,
P-002723,Delhi,18-29,M,
P-002724,Delhi,60+,F,
P-002725,Delhi,60+,M,
P-002726,Delhi,60+,M,
P-002727,Delhi,60+,M,
P-002728,Delhi,45-59,M,
P-002729,Delhi,18-29,F,
P-002730,Delhi,18-29,F,
P-002731,Delhi,60+,M,
P-002732,Delhi,60+,F,
P-002733,Delhi,60+,M,
P-002734,Delhi,60+,M,
P-002735,Delhi,60+,F,
P-002736,Delhi,30-44,M,
P-002737,Delhi,18-29,M,
P-002738,Delhi,45-59,F,
P-002739,Delhi,30-44,M,
P-002740,Delhi,60+,M,
P-002741,Delhi,30-44,F,
P-002742,Delhi,18-29,F,
P-002743,Delhi,30-44,F,
P-002744,Delhi,30-44,M,
P-002745,Delhi,60+,F,
P-002746,Delhi,30-44,M,
P-002747,Delhi,18-29,F,
P-002748,Delhi,60+,F,
P-002749,Delhi,60+,F,
P-002750,Delhi,45-59,F,
P-002751,Delhi,45-59,F,
P-002752,Delhi,30-44,F,
P-002753,Delhi,60+,M,
P-002754,Delhi,45-59,F,
P-002755,Delhi,60+,M,
P-002756,Delhi,30-44,M,
P-002757,Delhi,18-29,M,
P-002758,Delhi,30-44,M,
P-002759,Delhi,18-29,M,
P-002760,Delhi,30-44,F,
P-002761,Delhi,45-59,M,
P-002762,Delhi,30-44,M,
P-002763,Delhi,60+,M,
P-002764,Delhi,30-44,M,
P-002765,Delhi,60+,F,
P-002766,Delhi,60+,F,
P-002767,Delhi,45-59,F,
P-002768,Delhi,60+,M,
P-002769,Delhi,60+,F,
P-002770,Delhi,60+,M,
P-002771,Delhi,18-29,M,
P-002772,Delhi,45-59,F,
P-002773,Delhi,18-29,F,
P-002774,Delhi,30-44,F,
P-002775,Delhi,45-59,M,
P-002776,Delhi,60+,M,
P-002777,Delhi,30-44,M,
P-002778,Delhi,60+,F,
P-002779,Delhi,60+,F,
P-002780,Delhi,18-29,F,
P-002781,Delhi,60+,M,
P-002782,Delhi,30-44,M,
P-002783,Delhi,30-44,F,
P-002784,Delhi,60+,M,
P-002785,Delhi,18-29,F,
P-002786,Delhi,45-59,M,
P-002787,Delhi,45-59,M,
P-002788,Delhi,30-44,F,
P-002789,Delhi,18-29,F,
P-002790,Delhi,18-29,F,
P-002791,Delhi,18-29,M,
P-002792,Delhi,18-29,F,
P-002793,Delhi,60+,F,
P-002794,Delhi,18-29,F,
P-002795,Delhi,45-59,M,
P-002796,Delhi,30-44,M,
P-002797,Delhi,30-44,F,
P-002798,Delhi,60+,M,
P-002799,Delhi,18-29,M,
P-002800,Delhi,18-29,F,
P-002801,Delhi,18-29,F,
P-002802,Delhi,18-29,M,
P-002803,Delhi,18-29,M,
P-002804,Delhi,18-29,F,
P-002805,Delhi,18-29,M,
P-002806,Delhi,18-29,F,
P-002807,Delhi,45-59,F,
P-002808,Delhi,45-59,M,
P-002809,Delhi,18-29,M,
P-002810,Delhi,60+,M,
P-002811,Delhi,18-29,F,
P-002812,Delhi,30-44,F,
P-002813,Delhi,18-29,F,
P-002814,Delhi,18-29,M,
P-002815,Delhi,45-59,F,
P-002816,Delhi,45-59,F,
P-002817,Delhi,60+,M,
P-002818,Delhi,60+,F,
P-002819,Delhi,18-29,F,
P-002820,Delhi,60+,M,
P-002821,Delhi,30-44,F,
P-002822,Delhi,60+,F,
P-002823,Delhi,60+,M,
P-002824,Delhi,18-29,F,
P-002825,Delhi,30-44,F,
P-002826,Delhi,30-44,M,
P-002827,Delhi,18-29,F,
P-002828,Delhi,60+,M,
P-002829,Delhi,30-44,M,
P-002830,Delhi,18-29,M,
P-002831,Delhi,60+,M,
P-002832,Delhi,45-59,F,
P-002833,Delhi,18-29,F,
P-002834,Delhi,45-59,F,
P-002835,Delhi,60+,M,
P-002836,Delhi,45-59,F,
P-002837,Delhi,60+,F,
P-002838,Delhi,30-44,F,
P-002839,Delhi,60+,F,
P-002840,Delhi,45-59,F,
P-002841,Delhi,30-44,F,
P-002842,Delhi,18-29,F,
P-002843,Delhi,45-59,F,
P-002844,Delhi,30-44,F,
P-002845,Delhi,18-29,F,
P-002846,Delhi,60+,F,
P-002847,Delhi,45-59,M,
P-002848,Delhi,30-44,M,
P-002849,Delhi,18-29,F,
P-002850,Delhi,30-44,F,
P-002851,Delhi,45-59,M,
P-002852,Delhi,45-59,M,
P-002853,Delhi,30-44,M,
P-002854,Delhi,30-44,F,
P-002855,Delhi,30-44,F,
P-002856,Delhi,45-59,F,
P-002857,Delhi,45-59,F,
P-002858,Delhi,30-44,F,
P-002859,Delhi,60+,M,
P-002860,Delhi,30-44,M,
P-002861,Delhi,45-59,M,
P-002862,Delhi,18-29,M,
P-002863,Delhi,60+,M,
P-002864,Delhi,30-44,F,
P-002865,Delhi,45-59,M,
P-002866,Delhi,18-29,M,
P-002867,Delhi,30-44,F,
P-002868,Delhi,60+,F,
P-002869,Delhi,45-59,M,
P-002870,Delhi,30-44,F,
P-002871,Delhi,60+,F,
P-002872,Delhi,30-44,M,
P-002873,Delhi,60+,F,
P-002874,Delhi,18-29,F,
P-002875,Delhi,45-59,M,
P-002876,Delhi,18-29,F,
P-002877,Delhi,45-59,M,
P-002878,Delhi,60+,F,
P-002879,Delhi,18-29,M,
P-002880,Delhi,30-44,F,
P-002881,Delhi,18-29,F,
P-002882,Delhi,60+,M,
P-002883,Delhi,30-44,M,
P-002884,Delhi,18-29,F,
P-002885,Delhi,60+,M,
P-002886,Delhi,30-44,M,
P-002887,Delhi,45-59,M,
P-002888,Delhi,45-59,M,
P-002889,Delhi,60+,M,
P-002890,Delhi,18-29,M,
P-002891,Delhi,60+,M,
P-002892,Delhi,45-59,F,
P-002893,Delhi,18-29,M,
P-002894,Delhi,60+,M,
P-002895,Delhi,30-44,F,
P-002896,Delhi,30-44,M,
P-002897,Delhi,18-29,M,
P-002898,Delhi,60+,M,
P-002899,Delhi,60+,F,
P-002900,Delhi,60+,M,
P-002901,Delhi,30-44,F,
P-002902,Delhi,18-29,M,
P-002903,Delhi,30-44,F,
P-002904,Delhi,45-59,F,
P-002905,Delhi,60+,M,
P-002906,Delhi,60+,F,
P-002907,Delhi,45-59,M,
P-002908,Delhi,18-29,M,
P-002909,Delhi,60+,F,
P-002910,Delhi,18-29,F,
P-002911,Delhi,30-44,F,
P-002912,Delhi,45-59,M,
P-002913,Delhi,45-59,F,
P-002914,Delhi,18-29,M,
P-002915,Delhi,30-44,M,
P-002916,Delhi,60+,F,
P-002917,Delhi,60+,M,
P-002918,Delhi,60+,M,
P-002919,Delhi,18-29,F,
P-002920,Delhi,45-59,M,
P-002921,Delhi,45-59,M,
P-002922,Delhi,60+,M,
P-002923,Delhi,60+,M,
P-002924,Delhi,60+,M,
P-002925,Delhi,18-29,F,
P-002926,Delhi,45-59,M,
P-002927,Delhi,30-44,M,
P-002928,Delhi,45-59,F,
P-002929,Delhi,45-59,M,
P-002930,Delhi,30-44,F,
P-002931,Delhi,18-29,M,
P-002932,Delhi,45-59,M,
P-002933,Delhi,60+,M,
P-002934,Delhi,45-59,M,
P-002935,Delhi,30-44,F,
P-002936,Delhi,60+,M,
P-002937,Delhi,45-59,F,
P-002938,Delhi,60+,M,
P-002939,Delhi,60+,F,
P-002940,Delhi,45-59,F,
P-002941,Delhi,18-29,M,
P-002942,Delhi,60+,F,
P-002943,Delhi,18-29,F,
P-002944,Delhi,60+,F,
P-002945,Delhi,60+,M,
P-002946,Delhi,45-59,M,
P-002947,Delhi,45-59,M,
P-002948,Delhi,60+,M,
P-002949,Delhi,30-44,F,
P-002950,Delhi,60+,M,
P-002951,Delhi,60+,F,
P-002952,Delhi,18-29,M,
P-002953,Delhi,30-44,M,
P-002954,Delhi,30-44,F,
P-002955,Delhi,18-29,M,
P-002956,Delhi,60+,F,
P-002957,Delhi,30-44,M,
P-002958,Delhi,45-59,F,
P-002959,Delhi,60+,M,
P-002960,Delhi,18-29,F,
P-002961,Delhi,18-29,F,
P-002962,Delhi,30-44,F,
P-002963,Delhi,30-44,F,
P-002964,Delhi,60+,F,
P-002965,Delhi,30-44,M,
P-002966,Delhi,30-44,M,
P-002967,Delhi,30-44,F,
P-002968,Delhi,45-59,M,
P-002969,Delhi,18-29,F,
P-002970,Delhi,60+,F,
P-002971,Delhi,60+,M,
P-002972,Delhi,30-44,F,
P-002973,Delhi,18-29,F,
P-002974,Delhi,30-44,M,
P-002975,Delhi,30-44,F,
P-002976,Delhi,45-59,F,
P-002977,Delhi,45-59,M,
P-002978,Delhi,60+,F,
P-002979,Delhi,18-29,F,
P-002980,Delhi,18-29,M,
P-002981,Delhi,60+,M,
P-002982,Delhi,30-44,F,
P-002983,Delhi,45-59,M,
P-002984,Delhi,45-59,F,
P-002985,Delhi,60+,F,
P-002986,Delhi,18-29,F,
P-002987,Delhi,18-29,F,
P-002988,Delhi,60+,F,
P-002989,Delhi,60+,F,
P-002990,Delhi,30-44,F,
P-002991,Delhi,30-44,F,
P-002992,Delhi,45-59,F,
P-002993,Delhi,30-44,F,
P-002994,Delhi,18-29,F,
P-002995,Delhi,60+,M,
P-002996,Delhi,30-44,F,
P-002997,Delhi,30-44,F,
P-002998,Delhi,60+,F,
P-002999,Delhi,18-29,M,
P-003000,Delhi,60+,M,
P-003001,Delhi,30-44,M,
P-003002,Delhi,60+,M,
P-003003,Delhi,30-44,M,
P-003004,Delhi,18-29,M,
P-003005,Delhi,30-44,F,
P-003006,Delhi,30-44,M,
P-003007,Delhi,18-29,F,
P-003008,Delhi,45-59,F,
P-003009,Delhi,45-59,F,
P-003010,Delhi,18-29,M,
P-003011,Delhi,18-29,M,
P-003012,Delhi,30-44,F,
P-003013,Delhi,18-29,F,
P-003014,Delhi,60+,M,
P-003015,Delhi,18-29,M,
P-003016,Delhi,45-59,M,
P-003017,Delhi,30-44,F,
P-003018,Delhi,30-44,F,
P-003019,Delhi,30-44,M,
P-003020,Delhi,30-44,F,
P-003021,Delhi,18-29,F,
P-003022,Delhi,30-44,M,
P-003023,Delhi,18-29,M,
P-003024,Delhi,30-44,M,
P-003025,Delhi,30-44,F,
P-003026,Delhi,60+,M,
P-003027,Delhi,60+,M,
P-003028,Delhi,30-44,M,
P-003029,Delhi,45-59,F,
P-003030,Delhi,45-59,M,
P-003031,Delhi,18-29,F,
P-003032,Delhi,45-59,F,
P-003033,Delhi,60+,F,
P-003034,Delhi,60+,M,
P-003035,Delhi,30-44,M,
P-003036,Delhi,60+,F,
P-003037,Delhi,60+,M,
P-003038,Delhi,60+,M,
P-003039,Delhi,30-44,M,
P-003040,Delhi,30-44,F,
P-003041,Delhi,18-29,F,
P-003042,Delhi,60+,M,
P-003043,Delhi,45-59,M,
P-003044,Delhi,45-59,M,
P-003045,Delhi,18-29,M,
P-003046,Delhi,18-29,F,
P-003047,Delhi,60+,F,
P-003048,Delhi,45-59,F,
P-003049,Delhi,30-44,F,
P-003050,Delhi,45-59,M,
P-003051,Delhi,30-44,F,
P-003052,Delhi,45-59,M,
P-003053,Delhi,30-44,M,
P-003054,Delhi,18-29,M,
P-003055,Delhi,60+,M,
P-003056,Delhi,45-59,M,
P-003057,Delhi,45-59,M,
P-003058,Delhi,45-59,F,
P-003059,Delhi,60+,M,
P-003060,Delhi,45-59,M,
P-003061,Delhi,45-59,F,
P-003062,Delhi,60+,F,
P-003063,Delhi,60+,M,
P-003064,Delhi,60+,M,
P-003065,Delhi,45-59,F,
P-003066,Delhi,30-44,M,
P-003067,Delhi,30-44,F,
P-003068,Delhi,60+,M,
P-003069,Delhi,60+,F,
P-003070,Delhi,60+,M,
P-003071,Delhi,18-29,F,
P-003072,Delhi,60+,F,
P-003073,Delhi,60+,M,
P-003074,Delhi,30-44,M,
P-003075,Delhi,60+,F,
P-003076,Delhi,18-29,F,
P-003077,Delhi,60+,M,
P-003078,Delhi,60+,F,
P-003079,Delhi,18-29,F,
P-003080,Delhi,18-29,F,
P-003081,Delhi,30-44,F,
P-003082,Delhi,30-44,M,
P-003083,Delhi,45-59,M,
P-003084,Delhi,30-44,M,
P-003085,Delhi,60+,F,
P-003086,Delhi,18-29,F,
P-003087,Delhi,60+,M,
P-003088,Delhi,18-29,M,
P-003089,Delhi,18-29,M,
P-003090,Delhi,60+,M,
P-003091,Delhi,30-44,M,
P-003092,Delhi,45-59,F,
P-003093,Delhi,45-59,F,
P-003094,Delhi,18-29,M,
P-003095,Delhi,60+,F,
P-003096,Delhi,30-44,F,
P-003097,Delhi,18-29,M,
P-003098,Delhi,60+,F,
P-003099,Delhi,45-59,F,
P-003100,Delhi,18-29,F,
P-003101,Delhi,60+,F,
P-003102,Delhi,30-44,M,
P-003103,Delhi,45-59,F,
P-003104,Delhi,30-44,F,
P-003105,Delhi,45-59,F,
P-003106,Delhi,18-29,M,
P-003107,Delhi,18-29,M,
P-003108,Delhi,45-59,F,
P-003109,Delhi,60+,F,
P-003110,Delhi,60+,M,
P-003111,Delhi,45-59,M,
P-003112,Delhi,18-29,M,
P-003113,Delhi,60+,F,
P-003114,Delhi,60+,F,
P-003115,Delhi,18-29,F,
P-003116,Delhi,30-44,F,
P-003117,Delhi,18-29,F,
P-003118,Delhi,60+,M,
P-003119,Delhi,45-59,M,
P-003120,Delhi,30-44,F,
P-003121,Delhi,60+,F,
P-003122,Delhi,30-44,M,
P-003123,Delhi,45-59,F,
P-003124,Delhi,60+,F,
P-003125,Delhi,30-44,F,
P-003126,Delhi,60+,M,
P-003127,Delhi,60+,F,
P-003128,Delhi,18-29,F,
P-003129,Delhi,18-29,F,
P-003130,Delhi,60+,F,
P-003131,Delhi,18-29,F,
P-003132,Delhi,60+,F,
P-003133,Delhi,30-44,F,
P-003134,Delhi,30-44,M,
P-003135,Delhi,45-59,F,
P-003136,Delhi,45-59,F,
P-003137,Delhi,45-59,M,
P-003138,Delhi,45-59,M,
P-003139,Delhi,18-29,M,
P-003140,Delhi,60+,F,
P-003141,Delhi,18-29,M,
P-003142,Delhi,45-59,F,
P-003143,Delhi,18-29,M,
P-003144,Delhi,45-59,M,
P-003145,Delhi,30-44,F,
P-003146,Delhi,18-29,F,
P-003147,Delhi,60+,M,
P-003148,Delhi,45-59,F,
P-003149,Delhi,60+,M,
P-003150,Delhi,60+,M,
P-003151,Delhi,18-29,M,
P-003152,Delhi,30-44,M,
P-003153,Delhi,60+,F,
P-003154,Delhi,45-59,F,
P-003155,Delhi,45-59,F,
P-003156,Delhi,18-29,F,
P-003157,Delhi,60+,F,
P-003158,Delhi,60+,F,
P-003159,Delhi,18-29,M,
P-003160,Delhi,30-44,F,
P-003161,Delhi,30-44,M,
P-003162,Delhi,30-44,F,
P-003163,Delhi,18-29,M,
P-003164,Delhi,45-59,F,
P-003165,Delhi,30-44,F,
P-003166,Delhi,45-59,F,
P-003167,Delhi,60+,F,
P-003168,Delhi,60+,M,
P-003169,Delhi,18-29,M,
P-003170,Delhi,60+,F,
P-003171,Delhi,18-29,F,
P-003172,Delhi,60+,M,
P-003173,Delhi,18-29,M,
P-003174,Delhi,60+,F,
P-003175,Delhi,45-59,M,
P-003176,Delhi,45-59,M,
P-003177,Delhi,45-59,F,
P-003178,Delhi,18-29,F,
P-003179,Delhi,60+,F,
P-003180,Delhi,30-44,F,
P-003181,Delhi,30-44,M,
P-003182,Delhi,30-44,F,
P-003183,Delhi,60+,M,
P-003184,Delhi,45-59,F,
P-003185,Delhi,18-29,F,
P-003186,Delhi,30-44,M,
P-003187,Delhi,45-59,F,
P-003188,Delhi,18-29,M,
P-003189,Delhi,18-29,F,
P-003190,Delhi,45-59,F,
P-003191,Delhi,18-29,M,
P-003192,Delhi,30-44,F,
P-003193,Delhi,30-44,M,
P-003194,Delhi,45-59,M,
P-003195,Delhi,30-44,F,
P-003196,Delhi,30-44,F,
P-003197,Delhi,30-44,F,
P-003198,Delhi,18-29,M,
P-003199,Delhi,18-29,M,
P-003200,Delhi,18-29,F,
P-003201,Delhi,30-44,M,
P-003202,Delhi,45-59,F,
P-003203,Delhi,30-44,F,
P-003204,Delhi,60+,M,
P-003205,Delhi,45-59,M,
P-003206,Delhi,60+,F,
P-003207,Delhi,30-44,F,
P-003208,Delhi,45-59,F,
P-003209,Delhi,18-29,F,
P-003210,Delhi,60+,M,
P-003211,Delhi,18-29,M,
P-003212,Delhi,60+,M,
P-003213,Delhi,30-44,M,
P-003214,Delhi,60+,F,
P-003215,Delhi,45-59,F,
P-003216,Delhi,18-29,F,
P-003217,Delhi,18-29,F,
P-003218,Delhi,60+,F,
P-003219,Delhi,30-44,M,
P-003220,Delhi,45-59,F,
P-003221,Delhi,60+,F,
P-003222,Delhi,45-59,M,
P-003223,Delhi,45-59,M,
P-003224,Delhi,18-29,M,
P-003225,Delhi,45-59,F,
P-003226,Delhi,60+,F,
P-003227,Delhi,30-44,F,
P-003228,Delhi,30-44,M,
P-003229,Delhi,18-29,F,
P-003230,Delhi,60+,F,
P-003231,Delhi,18-29,F,
P-003232,Delhi,60+,M,
P-003233,Delhi,18-29,M,
P-003234,Delhi,45-59,M,
P-003235,Delhi,18-29,F,
P-003236,Delhi,45-59,M,
P-003237,Delhi,30-44,M,
P-003238,Delhi,30-44,M,
P-003239,Delhi,45-59,M,
P-003240,Delhi,60+,F,
P-003241,Delhi,18-29,M,
P-003242,Delhi,30-44,M,
P-003243,Delhi,45-59,M,
P-003244,Delhi,18-29,M,
P-003245,Delhi,60+,F,
P-003246,Delhi,30-44,M,
P-003247,Delhi,60+,M,
P-003248,Delhi,45-59,M,
P-003249,Delhi,60+,F,
P-003250,Delhi,18-29,M,
P-003251,Delhi,18-29,F,
P-003252,Delhi,45-59,M,
P-003253,Delhi,30-44,M,
P-003254,Delhi,60+,M,
P-003255,Delhi,45-59,F,
P-003256,Delhi,30-44,F,
P-003257,Delhi,18-29,F,
P-003258,Delhi,30-44,M,
P-003259,Delhi,18-29,F,
P-003260,Delhi,30-44,F,
P-003261,Delhi,30-44,M,
P-003262,Delhi,30-44,F,
P-003263,Delhi,18-29,M,
P-003264,Delhi,18-29,M,
P-003265,Delhi,30-44,F,
P-003266,Delhi,30-44,M,
P-003267,Delhi,30-44,F,
P-003268,Delhi,18-29,F,
P-003269,Delhi,60+,F,
P-003270,Delhi,60+,F,
P-003271,Delhi,60+,M,
P-003272,Delhi,60+,F,
P-003273,Delhi,60+,M,
P-003274,Delhi,18-29,M,
P-003275,Delhi,45-59,F,
P-003276,Delhi,60+,F,
P-003277,Delhi,18-29,F,
P-003278,Delhi,45-59,M,
P-003279,Delhi,60+,F,
P-003280,Delhi,45-59,M,
P-003281,Delhi,45-59,M,
P-003282,Delhi,30-44,M,
P-003283,Delhi,18-29,F,
P-003284,Delhi,60+,F,
P-003285,Delhi,18-29,F,
P-003286,Delhi,30-44,F,
P-003287,Delhi,18-29,M,
P-003288,Delhi,30-44,F,
P-003289,Delhi,18-29,M,
P-003290,Delhi,18-29,M,
P-003291,Delhi,30-44,M,
P-003292,Delhi,60+,F,
P-003293,Delhi,45-59,M,
P-003294,Delhi,60+,F,
P-003295,Delhi,30-44,F,
P-003296,Delhi,18-29,F,
P-003297,Delhi,18-29,F,
P-003298,Delhi,45-59,F,
P-003299,Delhi,60+,M,
P-003300,Delhi,45-59,F,
P-003301,Delhi,45-59,F,
P-003302,Delhi,18-29,M,
P-003303,Delhi,60+,M,
P-003304,Delhi,60+,M,
P-003305,Delhi,30-44,M,
P-003306,Delhi,30-44,M,
P-003307,Delhi,45-59,F,
P-003308,Delhi,45-59,M,
P-003309,Delhi,18-29,F,
P-003310,Delhi,45-59,M,
P-003311,Delhi,30-44,F,
P-003312,Delhi,45-59,F,
P-003313,Delhi,45-59,M,
P-003314,Delhi,45-59,M,
P-003315,Delhi,18-29,M,
P-003316,Delhi,60+,M,
P-003317,Delhi,18-29,M,
P-003318,Delhi,60+,F,
P-003319,Delhi,18-29,F,
P-003320,Delhi,60+,F,
P-003321,Delhi,45-59,F,
P-003322,Delhi,18-29,M,
P-003323,Delhi,18-29,F,
P-003324,Delhi,18-29,F,
P-003325,Delhi,30-44,M,
P-003326,Delhi,60+,F,
P-003327,Delhi,18-29,M,
P-003328,Delhi,45-59,M,
P-003329,Delhi,60+,M,
P-003330,Delhi,30-44,F,
P-003331,Delhi,45-59,F,
P-003332,Delhi,45-59,M,
P-003333,Delhi,30-44,M,
P-003334,Delhi,60+,F,
P-003335,Delhi,30-44,M,
P-003336,Delhi,30-44,M,
P-003337,Delhi,18-29,M,
P-003338,Delhi,45-59,M,
P-003339,Delhi,60+,M,
P-003340,Delhi,30-44,F,
P-003341,Delhi,45-59,M,
P-003342,Delhi,60+,F,
P-003343,Delhi,60+,F,
P-003344,Delhi,60+,M,
P-003345,Delhi,18-29,M,
P-003346,Delhi,45-59,F,
P-003347,Delhi,30-44,F,
P-003348,Delhi,60+,F,
P-003349,Delhi,60+,M,
P-003350,Delhi,60+,F,
P-003351,Delhi,45-59,F,
P-003352,Delhi,45-59,M,
P-003353,Delhi,45-59,F,
P-003354,Delhi,60+,F,
P-003355,Delhi,60+,F,
P-003356,Delhi,60+,F,
P-003357,Delhi,45-59,F,
P-003358,Delhi,60+,M,
P-003359,Delhi,18-29,F,
P-003360,Delhi,60+,M,
P-003361,Delhi,18-29,M,
P-003362,Delhi,30-44,M,
P-003363,Delhi,45-59,M,
P-003364,Delhi,30-44,M,
P-003365,Delhi,18-29,F,
P-003366,Delhi,60+,M,
P-003367,Delhi,30-44,M,
P-003368,Delhi,30-44,M,
P-003369,Delhi,30-44,F,
P-003370,Delhi,60+,F,
P-003371,Delhi,60+,F,
P-003372,Delhi,30-44,M,
P-003373,Delhi,18-29,F,
P-003374,Delhi,18-29,F,
P-003375,Delhi,60+,F,
P-003376,Delhi,45-59,M,
P-003377,Delhi,45-59,F,
P-003378,Delhi,60+,F,
P-003379,Delhi,18-29,F,
P-003380,Delhi,60+,M,
P-003381,Delhi,45-59,F,
P-003382,Delhi,30-44,M,
P-003383,Delhi,30-44,F,
P-003384,Delhi,60+,F,
P-003385,Delhi,30-44,M,
P-003386,Delhi,18-29,F,
P-003387,Delhi,18-29,F,
P-003388,Delhi,45-59,M,
P-003389,Delhi,45-59,M,
P-003390,Delhi,60+,F,
P-003391,Delhi,45-59,F,
P-003392,Delhi,30-44,F,
P-003393,Delhi,60+,F,
P-003394,Delhi,60+,F,
P-003395,Delhi,30-44,M,
P-003396,Delhi,30-44,M,
P-003397,Delhi,18-29,M,
P-003398,Delhi,60+,M,
P-003399,Delhi,45-59,M,
P-003400,Delhi,18-29,F,
P-003401,Delhi,45-59,F,
P-003402,Delhi,60+,M,
P-003403,Delhi,30-44,F,
P-003404,Delhi,45-59,M,
P-003405,Delhi,60+,F,
P-003406,Delhi,30-44,F,
P-003407,Delhi,18-29,M,
P-003408,Delhi,60+,M,
P-003409,Delhi,30-44,F,
P-003410,Delhi,30-44,M,
P-003411,Delhi,30-44,M,
P-003412,Delhi,45-59,F,
P-003413,Delhi,45-59,M,
P-003414,Delhi,45-59,M,
P-003415,Delhi,18-29,F,
P-003416,Delhi,60+,F,
P-003417,Delhi,60+,F,
P-003418,Delhi,60+,M,
P-003419,Delhi,60+,F,
P-003420,Delhi,30-44,F,
P-003421,Delhi,45-59,M,
P-003422,Delhi,30-44,F,
P-003423,Delhi,45-59,F,
P-003424,Delhi,60+,M,
P-003425,Delhi,18-29,M,
P-003426,Delhi,30-44,M,
P-003427,Delhi,18-29,M,
P-003428,Delhi,60+,M,
P-003429,Delhi,60+,M,
P-003430,Delhi,30-44,M,
P-003431,Delhi,45-59,F,
P-003432,Delhi,60+,M,
P-003433,Delhi,30-44,F,
P-003434,Delhi,18-29,F,
P-003435,Delhi,18-29,M,
P-003436,Delhi,18-29,M,
P-003437,Delhi,30-44,M,
P-003438,Delhi,60+,F,
P-003439,Delhi,18-29,F,
P-003440,Delhi,18-29,M,
P-003441,Delhi,30-44,M,
P-003442,Delhi,60+,F,
P-003443,Delhi,45-59,F,
P-003444,Delhi,60+,F,
P-003445,Delhi,60+,M,
P-003446,Delhi,45-59,M,
P-003447,Delhi,30-44,M,
P-003448,Delhi,30-44,M,
P-003449,Delhi,30-44,F,
P-003450,Delhi,18-29,F,
P-003451,Delhi,30-44,M,
P-003452,Delhi,45-59,F,
P-003453,Delhi,18-29,M,
P-003454,Delhi,60+,M,
P-003455,Delhi,18-29,F,
P-003456,Delhi,18-29,F,
P-003457,Delhi,45-59,F,
P-003458,Delhi,45-59,F,
P-003459,Delhi,60+,M,
P-003460,Delhi,30-44,F,
P-003461,Delhi,30-44,F,
P-003462,Delhi,18-29,M,
P-003463,Delhi,18-29,M,
P-003464,Delhi,18-29,F,
P-003465,Delhi,18-29,F,
P-003466,Delhi,30-44,M,
P-003467,Delhi,60+,F,
P-003468,Delhi,18-29,F,
P-003469,Delhi,18-29,F,
P-003470,Delhi,45-59,F,
P-003471,Delhi,45-59,M,
P-003472,Delhi,18-29,M,
P-003473,Delhi,60+,F,
P-003474,Delhi,30-44,F,
P-003475,Delhi,18-29,M,
P-003476,Delhi,45-59,F,
P-003477,Delhi,45-59,M,
P-003478,Delhi,45-59,F,
P-003479,Delhi,30-44,F,
P-003480,Delhi,30-44,F,
P-003481,Delhi,18-29,F,
P-003482,Delhi,45-59,F,
P-003483,Delhi,18-29,F,
P-003484,Delhi,60+,M,
P-003485,Delhi,30-44,M,
P-003486,Delhi,45-59,M,
P-003487,Delhi,18-29,M,
P-003488,Delhi,30-44,F,
P-003489,Delhi,60+,F,
P-003490,Delhi,45-59,M,
P-003491,Delhi,60+,F,
P-003492,Delhi,60+,M,
P-003493,Delhi,60+,M,
P-003494,Delhi,60+,F,
P-003495,Delhi,18-29,F,
P-003496,Delhi,18-29,M,
P-003497,Delhi,45-59,M,
P-003498,Delhi,30-44,F,
P-003499,Delhi,45-59,F,
P-003500,Delhi,45-59,F,
P-003501,Delhi,60+,M,
P-003502,Delhi,18-29,F,
P-003503,Delhi,30-44,M,
P-003504,Delhi,45-59,F,
P-003505,Delhi,45-59,F,
P-003506,Delhi,60+,M,
P-003507,Delhi,18-29,M,
P-003508,Delhi,30-44,F,
P-003509,Delhi,45-59,M,
P-003510,Delhi,18-29,M,
P-003511,Delhi,45-59,M,
P-003512,Delhi,18-29,F,
P-003513,Delhi,18-29,M,
P-003514,Delhi,45-59,M,
P-003515,Delhi,30-44,M,
P-003516,Delhi,60+,F,
P-003517,Delhi,18-29,M,
P-003518,Delhi,60+,F,
P-003519,Delhi,30-44,M,
P-003520,Delhi,45-59,F,
P-003521,Delhi,60+,M,
P-003522,Delhi,30-44,F,
P-003523,Delhi,18-29,F,
P-003524,Delhi,45-59,M,
P-003525,Delhi,60+,F,
P-003526,Delhi,30-44,F,
P-003527,Delhi,30-44,M,
P-003528,Delhi,60+,F,
P-003529,Delhi,60+,M,
P-003530,Delhi,60+,M,
P-003531,Delhi,18-29,M,
P-003532,Delhi,30-44,M,
P-003533,Delhi,45-59,M,
P-003534,Delhi,60+,F,
P-003535,Delhi,30-44,M,
P-003536,Delhi,45-59,M,
P-003537,Delhi,45-59,F,
P-003538,Delhi,45-59,F,
P-003539,Delhi,60+,F,
P-003540,Delhi,45-59,M,
P-003541,Delhi,60+,M,
P-003542,Delhi,30-44,M,
P-003543,Delhi,30-44,F,
P-003544,Delhi,18-29,M,
P-003545,Delhi,30-44,F,
P-003546,Delhi,60+,M,
P-003547,Delhi,30-44,F,
P-003548,Delhi,45-59,M,
P-003549,Delhi,60+,F,
P-003550,Delhi,45-59,F,
P-003551,Delhi,60+,F,
P-003552,Delhi,30-44,M,
P-003553,Delhi,18-29,F,
P-003554,Delhi,30-44,F,
P-003555,Delhi,30-44,F,
P-003556,Delhi,60+,F,
P-003557,Delhi,30-44,F,
P-003558,Delhi,45-59,M,
P-003559,Delhi,45-59,M,
P-003560,Delhi,30-44,F,
P-003561,Delhi,30-44,F,
P-003562,Delhi,30-44,M,
P-003563,Delhi,18-29,M,
P-003564,Delhi,45-59,M,
P-003565,Delhi,18-29,F,
P-003566,Delhi,18-29,F,
P-003567,Delhi,18-29,F,
P-003568,Delhi,60+,F,
P-003569,Delhi,30-44,F,
P-003570,Delhi,45-59,M,
P-003571,Delhi,45-59,F,
P-003572,Delhi,60+,M,
P-003573,Delhi,60+,F,
P-003574,Delhi,18-29,M,
P-003575,Delhi,18-29,M,
P-003576,Delhi,18-29,M,
P-003577,Delhi,30-44,M,
P-003578,Delhi,60+,M,
P-003579,Delhi,30-44,F,
P-003580,Delhi,45-59,M,
P-003581,Delhi,45-59,M,
P-003582,Delhi,45-59,M,
P-003583,Delhi,30-44,F,
P-003584,Delhi,45-59,F,
P-003585,Delhi,60+,M,
P-003586,Delhi,45-59,M,
P-003587,Delhi,30-44,M,
P-003588,Delhi,30-44,M,
P-003589,Delhi,45-59,M,
P-003590,Delhi,30-44,M,
P-003591,Delhi,45-59,M,
P-003592,Delhi,18-29,F,
P-003593,Delhi,60+,F,
P-003594,Delhi,45-59,M,
P-003595,Delhi,18-29,M,
P-003596,Delhi,60+,F,
P-003597,Delhi,18-29,F,
P-003598,Delhi,18-29,F,
P-003599,Delhi,45-59,F,
P-003600,Delhi,60+,F,
P-003601,Delhi,30-44,M,
P-003602,Delhi,60+,F,
P-003603,Delhi,18-29,M,
P-003604,Delhi,30-44,M,
P-003605,Delhi,45-59,M,
P-003606,Delhi,18-29,F,
P-003607,Delhi,18-29,M,
P-003608,Delhi,60+,M,
P-003609,Delhi,45-59,F,
P-003610,Delhi,18-29,M,
P-003611,Delhi,45-59,M,
P-003612,Delhi,45-59,F,
P-003613,Delhi,18-29,F,
P-003614,Delhi,60+,F,
P-003615,Delhi,18-29,F,
P-003616,Delhi,60+,M,
P-003617,Delhi,18-29,M,
P-003618,Delhi,18-29,M,
P-003619,Delhi,30-44,M,
P-003620,Delhi,45-59,F,
P-003621,Delhi,30-44,F,
P-003622,Delhi,45-59,F,
P-003623,Delhi,45-59,M,
P-003624,Delhi,18-29,F,
P-003625,Delhi,18-29,M,
P-003626,Delhi,60+,M,
P-003627,Delhi,60+,F,
P-003628,Delhi,45-59,M,
P-003629,Delhi,60+,M,
P-003630,Delhi,60+,M,
P-003631,Delhi,30-44,M,
P-003632,Delhi,18-29,M,
P-003633,Delhi,60+,M,
P-003634,Delhi,18-29,M,
P-003635,Delhi,60+,F,
P-003636,Delhi,30-44,M,
P-003637,Delhi,45-59,M,
P-003638,Delhi,45-59,M,
P-003639,Delhi,60+,M,
P-003640,Delhi,30-44,F,
P-003641,Delhi,45-59,F,
P-003642,Delhi,45-59,M,
P-003643,Delhi,30-44,M,
P-003644,Delhi,60+,F,
P-003645,Delhi,60+,M,
P-003646,Delhi,60+,F,
P-003647,Delhi,60+,F,
P-003648,Delhi,18-29,M,
P-003649,Delhi,60+,M,
P-003650,Delhi,18-29,M,
P-003651,Delhi,18-29,M,
P-003652,Delhi,18-29,M,
P-003653,Delhi,30-44,M,
P-003654,Delhi,45-59,M,
P-003655,Delhi,18-29,F,
P-003656,Delhi,30-44,F,
P-003657,Delhi,60+,M,
P-003658,Delhi,45-59,M,
P-003659,Delhi,45-59,M,
P-003660,Delhi,60+,M,
P-003661,Delhi,60+,F,
P-003662,Delhi,45-59,M,
P-003663,Delhi,18-29,M,
P-003664,Delhi,45-59,F,
P-003665,Delhi,45-59,F,
P-003666,Delhi,60+,M,
P-003667,Delhi,45-59,F,
P-003668,Delhi,60+,F,
P-003669,Delhi,45-59,M,
P-003670,Delhi,45-59,M,
P-003671,Delhi,60+,M,
P-003672,Delhi,45-59,M,
P-003673,Delhi,60+,F,
P-003674,Delhi,18-29,F,
P-003675,Delhi,30-44,F,
P-003676,Delhi,30-44,F,
P-003677,Delhi,45-59,M,
P-003678,Delhi,18-29,F,
P-003679,Delhi,45-59,F,
P-003680,Delhi,30-44,M,
P-003681,Delhi,60+,M,
P-003682,Delhi,30-44,M,
P-003683,Delhi,18-29,M,
P-003684,Delhi,45-59,F,
P-003685,Delhi,45-59,F,
P-003686,Delhi,18-29,F,
P-003687,Delhi,18-29,M,
P-003688,Delhi,18-29,M,
P-003689,Delhi,45-59,F,
P-003690,Delhi,60+,M,
P-003691,Delhi,45-59,F,
P-003692,Delhi,45-59,M,
P-003693,Delhi,30-44,F,
P-003694,Delhi,30-44,M,
P-003695,Delhi,18-29,M,
P-003696,Delhi,18-29,M,
P-003697,Delhi,45-59,M,
P-003698,Delhi,18-29,M,
P-003699,Delhi,18-29,M,
P-003700,Delhi,30-44,M,
P-003701,Delhi,30-44,F,
P-003702,Delhi,45-59,M,
P-003703,Delhi,30-44,M,
P-003704,Delhi,18-29,M,
P-003705,Delhi,60+,M,
P-003706,Delhi,45-59,M,
P-003707,Delhi,45-59,M,
P-003708,Delhi,30-44,F,
P-003709,Delhi,18-29,M,
P-003710,Delhi,60+,M,
P-003711,Delhi,18-29,F,
P-003712,Delhi,30-44,M,
P-003713,Delhi,45-59,F,
P-003714,Delhi,45-59,M,
P-003715,Delhi,45-59,M,
P-003716,Delhi,18-29,M,
P-003717,Delhi,60+,F,
P-003718,Delhi,30-44,M,
P-003719,Delhi,18-29,M,
P-003720,Delhi,18-29,F,
P-003721,Delhi,18-29,M,
P-003722,Delhi,18-29,M,
P-003723,Delhi,45-59,M,
P-003724,Delhi,60+,M,
P-003725,Delhi,30-44,F,
P-003726,Delhi,45-59,F,
P-003727,Delhi,18-29,F,
P-003728,Delhi,18-29,F,
P-003729,Delhi,60+,M,
P-003730,Delhi,30-44,F,
P-003731,Delhi,60+,M,
P-003732,Delhi,18-29,F,
P-003733,Delhi,45-59,F,
P-003734,Delhi,18-29,M,
P-003735,Delhi,18-29,M,
P-003736,Delhi,60+,F,
P-003737,Delhi,30-44,M,
P-003738,Delhi,18-29,F,
P-003739,Delhi,60+,F,
P-003740,Delhi,60+,F,
P-003741,Delhi,60+,F,
P-003742,Delhi,60+,M,
P-003743,Delhi,60+,M,
P-003744,Delhi,30-44,M,
P-003745,Delhi,18-29,F,
P-003746,Delhi,60+,F,
P-003747,Delhi,60+,F,
P-003748,Delhi,60+,M,
P-003749,Delhi,45-59,M,
P-003750,Delhi,18-29,F,
P-003751,Delhi,18-29,M,
P-003752,Delhi,60+,M,
P-003753,Delhi,60+,F,
P-003754,Delhi,30-44,M,
P-003755,Delhi,30-44,F,
P-003756,Delhi,18-29,F,
P-003757,Delhi,18-29,M,
P-003758,Delhi,30-44,F,
P-003759,Delhi,60+,F,
P-003760,Delhi,30-44,F,
P-003761,Delhi,18-29,M,
P-003762,Delhi,18-29,F,
P-003763,Delhi,60+,M,
P-003764,Delhi,60+,M,
P-003765,Delhi,45-59,M,
P-003766,Delhi,18-29,M,
P-003767,Delhi,30-44,F,
P-003768,Delhi,60+,F,
P-003769,Delhi,60+,F,
P-003770,Delhi,60+,F,
P-003771,Delhi,18-29,F,
P-003772,Delhi,60+,F,
P-003773,Delhi,18-29,M,
P-003774,Delhi,45-59,M,
P-003775,Delhi,45-59,M,
P-003776,Delhi,45-59,F,
P-003777,Delhi,30-44,F,
P-003778,Delhi,18-29,M,
P-003779,Delhi,45-59,M,
P-003780,Delhi,45-59,F,
P-003781,Delhi,30-44,M,
P-003782,Delhi,60+,F,
P-003783,Delhi,60+,M,
P-003784,Delhi,45-59,F,
P-003785,Delhi,60+,F,
P-003786,Delhi,18-29,M,
P-003787,Delhi,60+,F,
P-003788,Delhi,45-59,M,
P-003789,Delhi,60+,M,
P-003790,Delhi,45-59,M,
P-003791,Delhi,60+,M,
P-003792,Delhi,18-29,M,
P-003793,Delhi,45-59,F,
P-003794,Delhi,60+,F,
P-003795,Delhi,18-29,F,
P-003796,Delhi,60+,M,
P-003797,Delhi,30-44,M,
P-003798,Delhi,18-29,M,
P-003799,Delhi,18-29,F,
P-003800,Delhi,60+,M,
P-003801,Delhi,45-59,M,
P-003802,Delhi,60+,M,
P-003803,Delhi,30-44,M,
P-003804,Delhi,18-29,M,
P-003805,Delhi,60+,M,
P-003806,Delhi,30-44,F,
P-003807,Delhi,45-59,M,
P-003808,Delhi,18-29,M,
P-003809,Delhi,60+,M,
P-003810,Delhi,45-59,F,
P-003811,Delhi,18-29,F,
P-003812,Delhi,60+,M,
P-003813,Delhi,45-59,F,
P-003814,Delhi,30-44,M,
P-003815,Delhi,45-59,M,
P-003816,Delhi,45-59,M,
P-003817,Delhi,60+,F,
P-003818,Delhi,45-59,M,
P-003819,Delhi,30-44,M,
P-003820,Delhi,30-44,F,
P-003821,Delhi,18-29,M,
P-003822,Delhi,45-59,M,
P-003823,Delhi,60+,M,
P-003824,Delhi,45-59,F,
P-003825,Delhi,18-29,F,
P-003826,Delhi,60+,M,
P-003827,Delhi,30-44,F,
P-003828,Delhi,60+,F,
P-003829,Delhi,30-44,F,
P-003830,Delhi,60+,F,
P-003831,Delhi,45-59,F,
P-003832,Delhi,30-44,F,
P-003833,Delhi,60+,M,
P-003834,Delhi,30-44,M,
P-003835,Delhi,30-44,F,
P-003836,Delhi,60+,M,
P-003837,Delhi,18-29,M,
P-003838,Delhi,30-44,F,
P-003839,Delhi,30-44,F,
P-003840,Delhi,30-44,M,
P-003841,Delhi,45-59,F,
P-003842,Delhi,60+,F,
P-003843,Delhi,30-44,M,
P-003844,Delhi,60+,F,
P-003845,Delhi,18-29,F,
P-003846,Delhi,60+,F,
P-003847,Delhi,30-44,M,
P-003848,Delhi,45-59,F,
P-003849,Delhi,30-44,M,
P-003850,Delhi,60+,M,
P-003851,Delhi,60+,F,
P-003852,Delhi,60+,F,
P-003853,Delhi,18-29,M,
P-003854,Delhi,18-29,M,
P-003855,Delhi,18-29,M,
P-003856,Delhi,45-59,M,
P-003857,Delhi,30-44,M,
P-003858,Delhi,30-44,M,
P-003859,Delhi,45-59,F,
P-003860,Delhi,18-29,F,
P-003861,Delhi,30-44,F,
P-003862,Delhi,45-59,F,
P-003863,Delhi,45-59,M,
P-003864,Delhi,30-44,F,
P-003865,Delhi,18-29,F,
P-003866,Delhi,60+,F,
P-003867,Delhi,45-59,M,
P-003868,Delhi,45-59,F,
P-003869,Delhi,60+,M,
P-003870,Delhi,60+,F,
P-003871,Delhi,45-59,F,
P-003872,Delhi,18-29,M,
P-003873,Delhi,45-59,F,
P-003874,Delhi,60+,F,
P-003875,Delhi,18-29,M,
P-003876,Delhi,60+,M,
P-003877,Delhi,30-44,M,
P-003878,Delhi,60+,F,
P-003879,Delhi,18-29,M,
P-003880,Delhi,45-59,M,
P-003881,Delhi,30-44,M,
P-003882,Delhi,30-44,M,
P-003883,Delhi,60+,M,
P-003884,Delhi,45-59,F,
P-003885,Delhi,60+,F,
P-003886,Delhi,18-29,F,
P-003887,Delhi,30-44,M,
P-003888,Delhi,45-59,M,
P-003889,Delhi,60+,M,
P-003890,Delhi,45-59,F,
P-003891,Delhi,60+,F,
P-003892,Delhi,60+,F,
P-003893,Delhi,30-44,F,
P-003894,Delhi,45-59,F,
P-003895,Delhi,45-59,M,
P-003896,Delhi,18-29,M,
P-003897,Delhi,30-44,M,
P-003898,Delhi,60+,F,
P-003899,Delhi,18-29,F,
P-003900,Delhi,45-59,M,
P-003901,Delhi,18-29,F,
P-003902,Delhi,30-44,F,
P-003903,Delhi,30-44,M,
P-003904,Delhi,45-59,F,
P-003905,Delhi,30-44,M,
P-003906,Delhi,60+,M,
P-003907,Delhi,18-29,F,
P-003908,Delhi,45-59,M,
P-003909,Delhi,60+,M,
P-003910,Delhi,60+,F,
P-003911,Delhi,60+,F,
P-003912,Delhi,18-29,M,
P-003913,Delhi,18-29,F,
P-003914,Delhi,60+,M,
P-003915,Delhi,60+,M,
P-003916,Delhi,60+,M,
P-003917,Delhi,60+,M,
P-003918,Delhi,30-44,F,
P-003919,Delhi,60+,F,
P-003920,Delhi,60+,F,
P-003921,Delhi,18-29,F,
P-003922,Delhi,18-29,F,
P-003923,Delhi,30-44,M,
P-003924,Delhi,18-29,M,
P-003925,Delhi,18-29,M,
P-003926,Delhi,60+,M,
P-003927,Delhi,30-44,F,
P-003928,Delhi,30-44,F,
P-003929,Delhi,45-59,M,
P-003930,Delhi,30-44,F,
P-003931,Delhi,45-59,M,
P-003932,Delhi,45-59,M,
P-003933,Delhi,30-44,M,
P-003934,Delhi,60+,M,
P-003935,Delhi,45-59,F,
P-003936,Delhi,30-44,F,
P-003937,Delhi,30-44,M,
P-003938,Delhi,60+,F,
P-003939,Delhi,45-59,F,
P-003940,Delhi,30-44,F,
P-003941,Delhi,60+,M,
P-003942,Delhi,30-44,F,
P-003943,Delhi,18-29,F,
P-003944,Delhi,18-29,F,
P-003945,Delhi,60+,F,
P-003946,Delhi,30-44,F,
P-003947,Delhi,60+,M,
P-003948,Delhi,30-44,M,
P-003949,Delhi,60+,F,
P-003950,Delhi,18-29,M,
P-003951,Chennai,60+,F,
P-003952,Chennai,18-29,F,
P-003953,Chennai,18-29,M,
P-003954,Chennai,60+,F,
P-003955,Chennai,30-44,F,
P-003956,Chennai,45-59,M,
P-003957,Chennai,18-29,F,
P-003958,Chennai,60+,M,
P-003959,Chennai,18-29,M,
P-003960,Chennai,30-44,M,
P-003961,Chennai,30-44,F,
P-003962,Chennai,45-59,M,
P-003963,Chennai,18-29,F,
P-003964,Chennai,60+,M,
P-003965,Chennai,60+,M,
P-003966,Chennai,30-44,M,
P-003967,Chennai,18-29,M,
P-003968,Chennai,18-29,M,
P-003969,Chennai,60+,F,
P-003970,Chennai,30-44,F,
P-003971,Chennai,45-59,F,
P-003972,Chennai,30-44,M,
P-003973,Chennai,45-59,M,
P-003974,Chennai,30-44,F,
P-003975,Chennai,60+,M,
P-003976,Chennai,18-29,M,
P-003977,Chennai,30-44,M,
P-003978,Chennai,60+,F,
P-003979,Chennai,30-44,M,
P-003980,Chennai,18-29,M,
P-003981,Chennai,30-44,F,
P-003982,Chennai,60+,F,
P-003983,Chennai,30-44,F,
P-003984,Chennai,45-59,M,
P-003985,Chennai,18-29,M,
P-003986,Chennai,30-44,M,
P-003987,Chennai,60+,M,
P-003988,Chennai,60+,M,
P-003989,Chennai,18-29,M,
P-003990,Chennai,60+,M,
P-003991,Chennai,30-44,F,
P-003992,Chennai,45-59,F,
P-003993,Chennai,30-44,F,
P-003994,Chennai,18-29,M,
P-003995,Chennai,30-44,F,
P-003996,Chennai,60+,M,
P-003997,Chennai,45-59,F,
P-003998,Chennai,18-29,F,
P-003999,Chennai,18-29,M,
P-004000,Chennai,18-29,M,
P-004001,Chennai,60+,M,
P-004002,Chennai,45-59,M,
P-004003,Chennai,18-29,M,
P-004004,Chennai,18-29,F,
P-004005,Chennai,18-29,F,
P-004006,Chennai,45-59,M,
P-004007,Chennai,18-29,M,
P-004008,Chennai,18-29,F,
P-004009,Chennai,18-29,M,
P-004010,Chennai,60+,M,
P-004011,Chennai,18-29,M,
P-004012,Chennai,18-29,F,
P-004013,Chennai,30-44,F,
P-004014,Chennai,18-29,F,
P-004015,Chennai,18-29,F,
P-004016,Chennai,30-44,F,
P-004017,Chennai,30-44,M,
P-004018,Chennai,45-59,M,
P-004019,Chennai,45-59,F,
P-004020,Chennai,60+,F,
P-004021,Chennai,30-44,F,
P-004022,Chennai,60+,F,
P-004023,Chennai,45-59,M,
P-004024,Chennai,45-59,M,
P-004025,Chennai,45-59,F,
P-004026,Chennai,45-59,M,
P-004027,Chennai,30-44,F,
P-004028,Chennai,45-59,F,
P-004029,Chennai,45-59,M,
P-004030,Chennai,18-29,M,
P-004031,Chennai,45-59,M,
P-004032,Chennai,45-59,F,
P-004033,Chennai,30-44,M,
P-004034,Chennai,18-29,M,
P-004035,Chennai,30-44,M,
P-004036,Chennai,30-44,M,
P-004037,Chennai,60+,F,
P-004038,Chennai,60+,F,
P-004039,Chennai,45-59,M,
P-004040,Chennai,45-59,M,
P-004041,Chennai,60+,F,
P-004042,Chennai,45-59,F,
P-004043,Chennai,60+,F,
P-004044,Chennai,18-29,F,
P-004045,Chennai,45-59,F,
P-004046,Chennai,60+,M,
P-004047,Chennai,60+,M,
P-004048,Chennai,60+,M,
P-004049,Chennai,30-44,M,
P-004050,Chennai,45-59,M,
P-004051,Chennai,45-59,F,
P-004052,Chennai,30-44,F,
P-004053,Chennai,30-44,M,
P-004054,Chennai,18-29,M,
P-004055,Chennai,18-29,M,
P-004056,Chennai,30-44,F,
P-004057,Chennai,60+,F,
P-004058,Chennai,30-44,F,
P-004059,Chennai,45-59,M,
P-004060,Chennai,30-44,M,
P-004061,Chennai,18-29,M,
P-004062,Chennai,18-29,F,
P-004063,Chennai,30-44,M,
P-004064,Chennai,60+,M,
P-004065,Chennai,45-59,F,
P-004066,Chennai,60+,M,
P-004067,Chennai,18-29,F,
P-004068,Chennai,30-44,M,
P-004069,Chennai,18-29,M,
P-004070,Chennai,45-59,M,
P-004071,Chennai,18-29,M,
P-004072,Chennai,18-29,M,
P-004073,Chennai,30-44,M,
P-004074,Chennai,60+,F,
P-004075,Chennai,60+,M,
P-004076,Chennai,45-59,M,
P-004077,Chennai,30-44,M,
P-004078,Chennai,18-29,M,
P-004079,Chennai,60+,M,
P-004080,Chennai,60+,F,
P-004081,Chennai,45-59,F,
P-004082,Chennai,30-44,M,
P-004083,Chennai,45-59,F,
P-004084,Chennai,30-44,M,
P-004085,Chennai,30-44,F,
P-004086,Chennai,45-59,F,
P-004087,Chennai,18-29,F,
P-004088,Chennai,18-29,M,
P-004089,Chennai,45-59,F,
P-004090,Chennai,18-29,F,
P-004091,Chennai,18-29,F,
P-004092,Chennai,18-29,M,
P-004093,Chennai,18-29,F,
P-004094,Chennai,18-29,M,
P-004095,Chennai,30-44,M,
P-004096,Chennai,60+,M,
P-004097,Chennai,18-29,M,
P-004098,Chennai,18-29,M,
P-004099,Chennai,45-59,M,
P-004100,Chennai,30-44,F,
P-004101,Chennai,30-44,F,
P-004102,Chennai,45-59,M,
P-004103,Chennai,18-29,M,
P-004104,Chennai,18-29,M,
P-004105,Chennai,45-59,F,
P-004106,Chennai,60+,M,
P-004107,Chennai,60+,M,
P-004108,Chennai,45-59,F,
P-004109,Chennai,18-29,F,
P-004110,Chennai,18-29,F,
P-004111,Chennai,45-59,F,
P-004112,Chennai,60+,M,
P-004113,Chennai,18-29,M,
P-004114,Chennai,45-59,M,
P-004115,Chennai,30-44,F,
P-004116,Chennai,30-44,M,
P-004117,Chennai,60+,M,
P-004118,Chennai,30-44,M,
P-004119,Chennai,18-29,F,
P-004120,Chennai,30-44,F,
P-004121,Chennai,60+,M,
P-004122,Chennai,18-29,M,
P-004123,Chennai,18-29,M,
P-004124,Chennai,30-44,F,
P-004125,Chennai,60+,F,
P-004126,Chennai,45-59,M,
P-004127,Chennai,18-29,F,
P-004128,Chennai,30-44,F,
P-004129,Chennai,30-44,F,
P-004130,Chennai,45-59,F,
P-004131,Chennai,60+,F,
P-004132,Chennai,45-59,M,
P-004133,Chennai,45-59,M,
P-004134,Chennai,30-44,M,
P-004135,Chennai,45-59,F,
P-004136,Chennai,45-59,M,
P-004137,Chennai,60+,F,
P-004138,Chennai,60+,M,
P-004139,Chennai,45-59,F,
P-004140,Chennai,60+,F,
P-004141,Chennai,45-59,F,
P-004142,Chennai,45-59,M,
P-004143,Chennai,45-59,M,
P-004144,Chennai,45-59,F,
P-004145,Chennai,30-44,M,
P-004146,Chennai,45-59,F,
P-004147,Chennai,60+,F,
P-004148,Chennai,18-29,M,
P-004149,Chennai,45-59,M,
P-004150,Chennai,30-44,F,
P-004151,Chennai,45-59,M,
P-004152,Chennai,60+,M,
P-004153,Chennai,30-44,F,
P-004154,Chennai,60+,M,
P-004155,Chennai,45-59,F,
P-004156,Chennai,30-44,F,
P-004157,Chennai,30-44,F,
P-004158,Chennai,60+,F,
P-004159,Chennai,18-29,M,
P-004160,Chennai,45-59,F,
P-004161,Chennai,60+,M,
P-004162,Chennai,30-44,M,
P-004163,Chennai,18-29,M,
P-004164,Chennai,60+,F,
P-004165,Chennai,18-29,F,
P-004166,Chennai,18-29,F,
P-004167,Chennai,60+,M,
P-004168,Chennai,30-44,M,
P-004169,Chennai,18-29,F,
P-004170,Chennai,45-59,F,
P-004171,Chennai,18-29,M,
P-004172,Chennai,60+,F,
P-004173,Chennai,60+,F,
P-004174,Chennai,60+,F,
P-004175,Chennai,18-29,M,
P-004176,Chennai,45-59,F,
P-004177,Chennai,30-44,F,
P-004178,Chennai,60+,M,
P-004179,Chennai,18-29,M,
P-004180,Chennai,18-29,M,
P-004181,Chennai,60+,F,
P-004182,Chennai,18-29,F,
P-004183,Chennai,30-44,M,
P-004184,Chennai,60+,F,
P-004185,Chennai,18-29,F,
P-004186,Chennai,60+,F,
P-004187,Chennai,60+,M,
P-004188,Chennai,30-44,F,
P-004189,Chennai,18-29,F,
P-004190,Chennai,30-44,F,
P-004191,Chennai,18-29,F,
P-004192,Chennai,45-59,M,
P-004193,Chennai,60+,M,
P-004194,Chennai,30-44,F,
P-004195,Chennai,30-44,F,
P-004196,Chennai,60+,M,
P-004197,Chennai,60+,F,
P-004198,Chennai,18-29,M,
P-004199,Chennai,30-44,F,
P-004200,Chennai,45-59,M,
P-004201,Chennai,60+,M,
P-004202,Chennai,30-44,M,
P-004203,Chennai,60+,M,
P-004204,Chennai,45-59,M,
P-004205,Chennai,60+,F,
P-004206,Chennai,45-59,M,
P-004207,Chennai,30-44,M,
P-004208,Chennai,18-29,M,
P-004209,Chennai,18-29,F,
P-004210,Chennai,18-29,M,
P-004211,Chennai,30-44,F,
P-004212,Chennai,30-44,F,
P-004213,Chennai,18-29,M,
P-004214,Chennai,18-29,F,
P-004215,Chennai,30-44,M,
P-004216,Chennai,60+,F,
P-004217,Chennai,30-44,M,
P-004218,Chennai,18-29,F,
P-004219,Chennai,30-44,M,
P-004220,Chennai,30-44,F,
P-004221,Chennai,30-44,F,
P-004222,Chennai,45-59,M,
P-004223,Chennai,18-29,M,
P-004224,Chennai,45-59,M,
P-004225,Chennai,45-59,F,
P-004226,Chennai,30-44,M,
P-004227,Chennai,45-59,F,
P-004228,Chennai,60+,F,
P-004229,Chennai,60+,M,
P-004230,Chennai,45-59,F,
P-004231,Chennai,30-44,M,
P-004232,Chennai,30-44,F,
P-004233,Chennai,30-44,F,
P-004234,Chennai,18-29,M,
P-004235,Chennai,45-59,F,
P-004236,Chennai,30-44,M,
P-004237,Chennai,30-44,F,
P-004238,Chennai,45-59,M,
P-004239,Chennai,60+,M,
P-004240,Chennai,60+,F,
P-004241,Chennai,30-44,M,
P-004242,Chennai,45-59,F,
P-004243,Chennai,45-59,F,
P-004244,Chennai,18-29,M,
P-004245,Chennai,60+,M,
P-004246,Chennai,60+,M,
P-004247,Chennai,45-59,F,
P-004248,Chennai,18-29,F,
P-004249,Chennai,45-59,M,
P-004250,Chennai,30-44,M,
P-004251,Chennai,45-59,F,
P-004252,Chennai,18-29,F,
P-004253,Chennai,45-59,M,
P-004254,Chennai,45-59,M,
P-004255,Chennai,30-44,M,
P-004256,Chennai,45-59,F,
P-004257,Chennai,45-59,F,
P-004258,Chennai,18-29,F,
P-004259,Chennai,18-29,F,
P-004260,Chennai,30-44,M,
P-004261,Chennai,30-44,F,
P-004262,Chennai,45-59,F,
P-004263,Chennai,45-59,M,
P-004264,Chennai,45-59,M,
P-004265,Chennai,45-59,M,
P-004266,Chennai,30-44,F,
P-004267,Chennai,30-44,F,
P-004268,Chennai,30-44,M,
P-004269,Chennai,18-29,F,
P-004270,Chennai,30-44,M,
P-004271,Chennai,30-44,M,
P-004272,Chennai,30-44,F,
P-004273,Chennai,30-44,M,
P-004274,Chennai,18-29,F,
P-004275,Chennai,60+,F,
P-004276,Chennai,60+,M,
P-004277,Chennai,18-29,F,
P-004278,Chennai,60+,M,
P-004279,Chennai,60+,F,
P-004280,Chennai,18-29,F,
P-004281,Chennai,18-29,F,
P-004282,Chennai,45-59,M,
P-004283,Chennai,18-29,F,
P-004284,Chennai,60+,F,
P-004285,Chennai,45-59,F,
P-004286,Chennai,45-59,F,
P-004287,Chennai,30-44,M,
P-004288,Chennai,45-59,F,
P-004289,Chennai,45-59,M,
P-004290,Chennai,60+,F,
P-004291,Chennai,60+,F,
P-004292,Chennai,18-29,M,
P-004293,Chennai,60+,F,
P-004294,Chennai,45-59,M,
P-004295,Chennai,45-59,M,
P-004296,Chennai,45-59,M,
P-004297,Chennai,60+,F,
P-004298,Chennai,45-59,F,
P-004299,Chennai,30-44,F,
P-004300,Chennai,45-59,M,
P-004301,Chennai,18-29,F,
P-004302,Chennai,30-44,F,
P-004303,Chennai,60+,F,
P-004304,Chennai,45-59,F,
P-004305,Chennai,18-29,M,
P-004306,Chennai,45-59,F,
P-004307,Chennai,60+,F,
P-004308,Chennai,45-59,F,
P-004309,Chennai,18-29,F,
P-004310,Chennai,18-29,F,
P-004311,Chennai,45-59,M,
P-004312,Chennai,18-29,F,
P-004313,Chennai,18-29,F,
P-004314,Chennai,30-44,M,
P-004315,Chennai,30-44,M,
P-004316,Chennai,45-59,M,
P-004317,Chennai,60+,M,
P-004318,Chennai,18-29,F,
P-004319,Chennai,45-59,M,
P-004320,Chennai,45-59,M,
P-004321,Chennai,45-59,M,
P-004322,Chennai,60+,F,
P-004323,Chennai,60+,M,
P-004324,Chennai,45-59,F,
P-004325,Chennai,30-44,F,
P-004326,Chennai,60+,M,
P-004327,Chennai,45-59,M,
P-004328,Chennai,45-59,M,
P-004329,Chennai,45-59,F,
P-004330,Chennai,60+,F,
P-004331,Chennai,45-59,F,
P-004332,Chennai,45-59,F,
P-004333,Chennai,60+,M,
P-004334,Chennai,45-59,F,
P-004335,Chennai,45-59,M,
P-004336,Chennai,60+,M,
P-004337,Chennai,18-29,M,
P-004338,Chennai,45-59,F,
P-004339,Chennai,60+,F,
P-004340,Chennai,60+,F,
P-004341,Chennai,30-44,F,
P-004342,Chennai,30-44,F,
P-004343,Chennai,60+,F,
P-004344,Chennai,30-44,M,
P-004345,Chennai,45-59,F,
P-004346,Chennai,45-59,F,
P-004347,Chennai,45-59,M,
P-004348,Chennai,60+,F,
P-004349,Chennai,30-44,M,
P-004350,Chennai,30-44,F,
P-004351,Chennai,45-59,M,
P-004352,Chennai,18-29,F,
P-004353,Chennai,30-44,F,
P-004354,Chennai,18-29,M,
P-004355,Chennai,30-44,F,
P-004356,Chennai,45-59,M,
P-004357,Chennai,30-44,F,
P-004358,Chennai,30-44,M,
P-004359,Chennai,45-59,F,
P-004360,Chennai,45-59,M,
P-004361,Chennai,18-29,F,
P-004362,Chennai,60+,M,
P-004363,Chennai,30-44,F,
P-004364,Chennai,45-59,F,
P-004365,Chennai,18-29,M,
P-004366,Chennai,60+,F,
P-004367,Chennai,60+,F,
P-004368,Chennai,18-29,F,
P-004369,Chennai,18-29,F,
P-004370,Chennai,60+,F,
P-004371,Chennai,18-29,M,
P-004372,Chennai,18-29,F,
P-004373,Chennai,30-44,M,
P-004374,Chennai,18-29,M,
P-004375,Chennai,18-29,M,
P-004376,Chennai,45-59,M,
P-004377,Chennai,60+,M,
P-004378,Chennai,30-44,M,
P-004379,Chennai,60+,F,
P-004380,Chennai,45-59,F,
P-004381,Chennai,30-44,F,
P-004382,Chennai,45-59,M,
P-004383,Chennai,45-59,F,
P-004384,Chennai,30-44,F,
P-004385,Chennai,60+,F,
P-004386,Chennai,18-29,M,
P-004387,Chennai,60+,M,
P-004388,Chennai,18-29,M,
P-004389,Chennai,18-29,M,
P-004390,Chennai,45-59,F,
P-004391,Chennai,60+,M,
P-004392,Chennai,60+,F,
P-004393,Chennai,18-29,M,
P-004394,Chennai,30-44,F,
P-004395,Chennai,60+,M,
P-004396,Chennai,45-59,F,
P-004397,Chennai,30-44,M,
P-004398,Chennai,18-29,M,
P-004399,Chennai,30-44,F,
P-004400,Chennai,30-44,M,
P-004401,Chennai,45-59,M,
P-004402,Chennai,18-29,M,
P-004403,Chennai,60+,M,
P-004404,Chennai,45-59,M,
P-004405,Chennai,18-29,F,
P-004406,Chennai,45-59,F,
P-004407,Chennai,45-59,M,
P-004408,Chennai,45-59,F,
P-004409,Chennai,60+,F,
P-004410,Chennai,30-44,F,
P-004411,Chennai,60+,M,
P-004412,Chennai,30-44,F,
P-004413,Chennai,30-44,F,
P-004414,Chennai,18-29,M,
P-004415,Chennai,30-44,M,
P-004416,Chennai,30-44,M,
P-004417,Chennai,60+,M,
P-004418,Chennai,45-59,F,
P-004419,Chennai,30-44,F,
P-004420,Chennai,30-44,M,
P-004421,Chennai,60+,F,
P-004422,Chennai,60+,M,
P-004423,Chennai,45-59,F,
P-004424,Chennai,60+,F,
P-004425,Chennai,60+,F,
P-004426,Chennai,18-29,M,
P-004427,Chennai,60+,M,
P-004428,Chennai,18-29,M,
P-004429,Chennai,45-59,M,
P-004430,Chennai,30-44,M,
P-004431,Chennai,45-59,F,
P-004432,Chennai,18-29,M,
P-004433,Chennai,60+,M,
P-004434,Chennai,45-59,M,
P-004435,Chennai,45-59,F,
P-004436,Chennai,45-59,F,
P-004437,Chennai,18-29,F,
P-004438,Chennai,45-59,F,
P-004439,Chennai,30-44,M,
P-004440,Chennai,60+,F,
P-004441,Chennai,30-44,F,
P-004442,Chennai,60+,F,
P-004443,Chennai,45-59,F,
P-004444,Chennai,18-29,F,
P-004445,Chennai,18-29,M,
P-004446,Chennai,60+,F,
P-004447,Chennai,45-59,F,
P-004448,Chennai,30-44,F,
P-004449,Chennai,60+,F,
P-004450,Chennai,30-44,M,
P-004451,Chennai,30-44,F,
P-004452,Chennai,60+,F,
P-004453,Chennai,18-29,F,
P-004454,Chennai,60+,F,
P-004455,Chennai,30-44,M,
P-004456,Chennai,18-29,F,
P-004457,Chennai,30-44,F,
P-004458,Chennai,45-59,F,
P-004459,Chennai,60+,M,
P-004460,Chennai,60+,F,
P-004461,Chennai,60+,F,
P-004462,Chennai,60+,F,
P-004463,Chennai,60+,F,
P-004464,Chennai,60+,F,
P-004465,Chennai,30-44,M,
P-004466,Chennai,18-29,F,
P-004467,Chennai,18-29,F,
P-004468,Chennai,45-59,M,
P-004469,Chennai,18-29,F,
P-004470,Chennai,30-44,M,
P-004471,Chennai,60+,F,
P-004472,Chennai,30-44,M,
P-004473,Chennai,18-29,F,
P-004474,Chennai,60+,M,
P-004475,Chennai,18-29,F,
P-004476,Chennai,45-59,M,
P-004477,Chennai,45-59,F,
P-004478,Chennai,45-59,F,
P-004479,Chennai,60+,M,
P-004480,Chennai,30-44,F,
P-004481,Chennai,60+,M,
P-004482,Chennai,30-44,M,
P-004483,Chennai,45-59,M,
P-004484,Chennai,60+,M,
P-004485,Chennai,60+,M,
P-004486,Chennai,45-59,M,
P-004487,Chennai,45-59,M,
P-004488,Chennai,45-59,M,
P-004489,Chennai,60+,M,
P-004490,Chennai,18-29,M,
P-004491,Chennai,30-44,F,
P-004492,Chennai,45-59,M,
P-004493,Chennai,60+,M,
P-004494,Chennai,45-59,F,
P-004495,Chennai,30-44,F,
P-004496,Chennai,60+,F,
P-004497,Chennai,45-59,M,
P-004498,Chennai,18-29,F,
P-004499,Chennai,30-44,F,
P-004500,Chennai,30-44,M,
P-004501,Chennai,45-59,M,
P-004502,Chennai,18-29,M,
P-004503,Chennai,60+,F,
P-004504,Chennai,60+,F,
P-004505,Chennai,18-29,F,
P-004506,Chennai,60+,F,
P-004507,Chennai,45-59,M,
P-004508,Chennai,45-59,F,
P-004509,Chennai,60+,M,
P-004510,Chennai,18-29,F,
P-004511,Chennai,30-44,F,
P-004512,Chennai,60+,F,
P-004513,Chennai,18-29,M,
P-004514,Chennai,30-44,M,
P-004515,Chennai,60+,M,
P-004516,Chennai,60+,F,
P-004517,Chennai,18-29,M,
P-004518,Chennai,60+,M,
P-004519,Chennai,60+,F,
P-004520,Chennai,45-59,M,
P-004521,Chennai,18-29,F,
P-004522,Chennai,60+,M,
P-004523,Chennai,30-44,F,
P-004524,Chennai,30-44,F,
P-004525,Chennai,30-44,F,
P-004526,Chennai,60+,M,
P-004527,Chennai,45-59,M,
P-004528,Chennai,30-44,M,
P-004529,Chennai,30-44,F,
P-004530,Chennai,45-59,F,
P-004531,Chennai,60+,F,
P-004532,Chennai,45-59,M,
P-004533,Chennai,18-29,F,
P-004534,Chennai,18-29,M,
P-004535,Chennai,30-44,F,
P-004536,Chennai,18-29,M,
P-004537,Chennai,18-29,M,
P-004538,Chennai,30-44,M,
P-004539,Chennai,60+,M,
P-004540,Chennai,60+,F,
P-004541,Chennai,60+,M,
P-004542,Chennai,30-44,F,
P-004543,Chennai,30-44,M,
P-004544,Chennai,30-44,F,
P-004545,Chennai,18-29,M,
P-004546,Chennai,60+,F,
P-004547,Chennai,45-59,M,
P-004548,Chennai,45-59,M,
P-004549,Chennai,45-59,F,
P-004550,Chennai,45-59,F,
P-004551,Chennai,45-59,M,
P-004552,Chennai,60+,F,
P-004553,Chennai,60+,M,
P-004554,Chennai,45-59,M,
P-004555,Chennai,30-44,M,
P-004556,Chennai,45-59,M,
P-004557,Chennai,18-29,F,
P-004558,Chennai,45-59,F,
P-004559,Chennai,18-29,F,
P-004560,Chennai,60+,M,
P-004561,Chennai,45-59,F,
P-004562,Chennai,18-29,F,
P-004563,Chennai,45-59,F,
P-004564,Chennai,60+,F,
P-004565,Chennai,30-44,M,
P-004566,Chennai,45-59,F,
P-004567,Chennai,60+,M,
P-004568,Chennai,18-29,M,
P-004569,Chennai,60+,M,
P-004570,Chennai,60+,F,
P-004571,Chennai,45-59,M,
P-004572,Chennai,18-29,F,
P-004573,Chennai,45-59,M,
P-004574,Chennai,60+,M,
P-004575,Chennai,60+,F,
P-004576,Chennai,45-59,F,
P-004577,Chennai,30-44,M,
P-004578,Chennai,60+,F,
P-004579,Chennai,60+,M,
P-004580,Chennai,30-44,M,
P-004581,Chennai,30-44,M,
P-004582,Chennai,30-44,F,
P-004583,Chennai,60+,F,
P-004584,Chennai,60+,F,
P-004585,Chennai,30-44,M,
P-004586,Chennai,18-29,F,
P-004587,Chennai,18-29,M,
P-004588,Chennai,30-44,M,
P-004589,Chennai,30-44,F,
P-004590,Chennai,30-44,F,
P-004591,Chennai,18-29,M,
P-004592,Chennai,45-59,M,
P-004593,Chennai,45-59,M,
P-004594,Chennai,60+,F,
P-004595,Chennai,45-59,M,
P-004596,Chennai,60+,M,
P-004597,Chennai,60+,F,
P-004598,Chennai,45-59,M,
P-004599,Chennai,45-59,M,
P-004600,Chennai,60+,M,
P-004601,Chennai,18-29,M,
P-004602,Chennai,30-44,M,
P-004603,Chennai,30-44,F,
P-004604,Chennai,18-29,F,
P-004605,Chennai,30-44,F,
P-004606,Chennai,45-59,M,
P-004607,Chennai,18-29,F,
P-004608,Chennai,18-29,F,
P-004609,Chennai,30-44,F,
P-004610,Chennai,60+,F,
P-004611,Chennai,45-59,M,
P-004612,Chennai,60+,F,
P-004613,Chennai,18-29,F,
P-004614,Chennai,18-29,F,
P-004615,Chennai,30-44,M,
P-004616,Chennai,60+,F,
P-004617,Chennai,60+,M,
P-004618,Chennai,30-44,F,
P-004619,Chennai,18-29,M,
P-004620,Chennai,60+,M,
P-004621,Chennai,60+,M,
P-004622,Chennai,30-44,F,
P-004623,Chennai,18-29,M,
P-004624,Chennai,18-29,M,
P-004625,Chennai,45-59,M,
P-004626,Chennai,18-29,F,
P-004627,Chennai,60+,M,
P-004628,Chennai,60+,F,
P-004629,Chennai,60+,M,
P-004630,Chennai,45-59,F,
P-004631,Chennai,18-29,M,
P-004632,Chennai,18-29,F,
P-004633,Chennai,30-44,F,
P-004634,Chennai,18-29,M,
P-004635,Chennai,30-44,F,
P-004636,Chennai,18-29,F,
P-004637,Chennai,45-59,F,
P-004638,Chennai,60+,F,
P-004639,Chennai,18-29,M,
P-004640,Chennai,45-59,M,
P-004641,Chennai,30-44,M,
P-004642,Chennai,60+,M,
P-004643,Chennai,60+,M,
P-004644,Chennai,18-29,M,
P-004645,Chennai,18-29,M,
P-004646,Chennai,45-59,F,
P-004647,Chennai,45-59,M,
P-004648,Chennai,60+,M,
P-004649,Chennai,18-29,M,
P-004650,Chennai,18-29,M,
P-004651,Chennai,45-59,M,
P-004652,Chennai,60+,M,
P-004653,Chennai,30-44,M,
P-004654,Chennai,30-44,M,
P-004655,Chennai,18-29,M,
P-004656,Chennai,30-44,M,
P-004657,Chennai,18-29,F,
P-004658,Chennai,30-44,M,
P-004659,Chennai,18-29,M,
P-004660,Chennai,30-44,F,
P-004661,Chennai,60+,F,
P-004662,Chennai,18-29,M,
P-004663,Chennai,45-59,F,
P-004664,Chennai,45-59,M,
P-004665,Chennai,18-29,F,
P-004666,Chennai,45-59,F,
P-004667,Chennai,30-44,F,
P-004668,Chennai,60+,F,
P-004669,Chennai,30-44,F,
P-004670,Chennai,60+,F,
P-004671,Chennai,30-44,M,
P-004672,Chennai,30-44,M,
P-004673,Chennai,60+,M,
P-004674,Chennai,30-44,F,
P-004675,Chennai,30-44,M,
P-004676,Chennai,18-29,M,
P-004677,Chennai,60+,F,
P-004678,Chennai,18-29,F,
P-004679,Chennai,18-29,F,
P-004680,Chennai,18-29,F,
P-004681,Chennai,18-29,M,
P-004682,Chennai,45-59,F,
P-004683,Chennai,60+,M,
P-004684,Chennai,60+,M,
P-004685,Chennai,30-44,F,
P-004686,Chennai,30-44,F,
P-004687,Chennai,45-59,M,
P-004688,Chennai,30-44,M,
P-004689,Chennai,45-59,M,
P-004690,Chennai,60+,F,
P-004691,Chennai,18-29,F,
P-004692,Chennai,45-59,M,
P-004693,Chennai,45-59,F,
P-004694,Chennai,30-44,F,
P-004695,Chennai,45-59,M,
P-004696,Chennai,18-29,M,
P-004697,Chennai,60+,F,
P-004698,Chennai,18-29,F,
P-004699,Chennai,18-29,F,
P-004700,Chennai,45-59,M,
P-004701,Chennai,60+,M,
P-004702,Chennai,45-59,F,
P-004703,Chennai,45-59,M,
P-004704,Chennai,60+,M,
P-004705,Chennai,30-44,F,
P-004706,Chennai,60+,F,
P-004707,Chennai,60+,F,
P-004708,Chennai,45-59,F,
P-004709,Chennai,18-29,F,
P-004710,Chennai,18-29,M,
P-004711,Chennai,60+,F,
P-004712,Chennai,30-44,M,
P-004713,Chennai,18-29,F,
P-004714,Chennai,45-59,M,
P-004715,Chennai,60+,M,
P-004716,Chennai,45-59,F,
P-004717,Chennai,60+,F,
P-004718,Chennai,30-44,F,
P-004719,Chennai,45-59,F,
P-004720,Chennai,30-44,F,
P-004721,Chennai,18-29,M,
P-004722,Chennai,45-59,F,
P-004723,Chennai,30-44,M,
P-004724,Chennai,18-29,F,
P-004725,Chennai,60+,M,
P-004726,Chennai,30-44,M,
P-004727,Chennai,60+,M,
P-004728,Chennai,60+,M,
P-004729,Chennai,30-44,F,
P-004730,Chennai,30-44,M,
P-004731,Chennai,60+,M,
P-004732,Chennai,18-29,M,
P-004733,Chennai,18-29,M,
P-004734,Chennai,30-44,F,
P-004735,Chennai,18-29,F,
P-004736,Chennai,45-59,F,
P-004737,Chennai,60+,F,
P-004738,Chennai,60+,F,
P-004739,Chennai,45-59,M,
P-004740,Chennai,18-29,F,
P-004741,Chennai,60+,M,
P-004742,Chennai,45-59,M,
P-004743,Chennai,30-44,F,
P-004744,Chennai,30-44,M,
P-004745,Chennai,45-59,F,
P-004746,Chennai,18-29,F,
P-004747,Chennai,45-59,F,
P-004748,Chennai,45-59,M,
P-004749,Chennai,60+,M,
P-004750,Chennai,30-44,M,
P-004751,Chennai,30-44,M,
P-004752,Chennai,18-29,F,
P-004753,Chennai,18-29,F,
P-004754,Chennai,45-59,F,
P-004755,Chennai,18-29,F,
P-004756,Chennai,18-29,M,
P-004757,Chennai,60+,F,
P-004758,Chennai,30-44,F,
P-004759,Chennai,30-44,M,
P-004760,Chennai,60+,M,
P-004761,Chennai,18-29,M,
P-004762,Chennai,18-29,M,
P-004763,Chennai,45-59,F,
P-004764,Chennai,30-44,M,
P-004765,Chennai,45-59,M,
P-004766,Chennai,45-59,F,
P-004767,Chennai,30-44,M,
P-004768,Chennai,60+,F,
P-004769,Chennai,60+,M,
P-004770,Chennai,18-29,M,
P-004771,Chennai,45-59,M,
P-004772,Chennai,45-59,M,
P-004773,Chennai,18-29,M,
P-004774,Chennai,60+,F,
P-004775,Chennai,30-44,M,
P-004776,Chennai,18-29,M,
P-004777,Chennai,45-59,M,
P-004778,Chennai,60+,M,
P-004779,Chennai,30-44,F,
P-004780,Chennai,60+,F,
P-004781,Chennai,60+,F,
P-004782,Chennai,18-29,F,
P-004783,Chennai,60+,M,
P-004784,Chennai,18-29,M,
P-004785,Chennai,18-29,F,
P-004786,Chennai,30-44,M,
P-004787,Chennai,30-44,M,
P-004788,Chennai,45-59,F,
P-004789,Chennai,45-59,M,
P-004790,Chennai,18-29,F,
P-004791,Chennai,45-59,F,
P-004792,Chennai,45-59,F,
P-004793,Chennai,60+,M,
P-004794,Chennai,45-59,M,
P-004795,Chennai,18-29,F,
P-004796,Chennai,30-44,M,
P-004797,Chennai,18-29,M,
P-004798,Chennai,45-59,F,
P-004799,Chennai,18-29,F,
P-004800,Chennai,60+,F,
P-004801,Chennai,45-59,F,
P-004802,Chennai,18-29,F,
P-004803,Chennai,30-44,F,
P-004804,Chennai,30-44,M,
P-004805,Chennai,30-44,M,
P-004806,Chennai,18-29,F,
P-004807,Chennai,60+,M,
P-004808,Chennai,30-44,M,
P-004809,Chennai,30-44,M,
P-004810,Chennai,18-29,F,
P-004811,Chennai,60+,M,
P-004812,Chennai,30-44,M,
P-004813,Chennai,30-44,F,
P-004814,Chennai,45-59,M,
P-004815,Chennai,30-44,F,
P-004816,Chennai,60+,M,
P-004817,Chennai,45-59,M,
P-004818,Chennai,18-29,M,
P-004819,Chennai,45-59,F,
P-004820,Chennai,18-29,F,
P-004821,Chennai,45-59,M,
P-004822,Chennai,45-59,M,
P-004823,Chennai,18-29,M,
P-004824,Chennai,18-29,M,
P-004825,Chennai,30-44,M,
P-004826,Chennai,30-44,M,
P-004827,Chennai,45-59,M,
P-004828,Chennai,30-44,M,
P-004829,Chennai,18-29,M,
P-004830,Chennai,60+,M,
P-004831,Chennai,60+,F,
P-004832,Chennai,18-29,M,
P-004833,Chennai,45-59,F,
P-004834,Chennai,18-29,M,
P-004835,Chennai,60+,F,
P-004836,Chennai,30-44,F,
P-004837,Chennai,30-44,F,
P-004838,Chennai,60+,M,
P-004839,Chennai,30-44,M,
P-004840,Chennai,18-29,M,
P-004841,Chennai,30-44,M,
P-004842,Chennai,30-44,M,
P-004843,Chennai,18-29,M,
P-004844,Chennai,18-29,M,
P-004845,Chennai,60+,F,
P-004846,Chennai,30-44,F,
P-004847,Chennai,30-44,M,
P-004848,Chennai,45-59,F,
P-004849,Chennai,60+,M,
P-004850,Chennai,18-29,M,
P-004851,Chennai,18-29,M,
P-004852,Chennai,60+,F,
P-004853,Chennai,30-44,M,
P-004854,Chennai,18-29,M,
P-004855,Chennai,30-44,F,
P-004856,Chennai,60+,F,
P-004857,Chennai,60+,F,
P-004858,Chennai,45-59,F,
P-004859,Chennai,45-59,M,
P-004860,Chennai,45-59,M,
P-004861,Chennai,60+,F,
P-004862,Chennai,18-29,F,
P-004863,Chennai,60+,M,
P-004864,Chennai,18-29,M,
P-004865,Chennai,30-44,M,
P-004866,Chennai,60+,M,
P-004867,Chennai,45-59,F,
P-004868,Chennai,18-29,M,
P-004869,Chennai,18-29,M,
P-004870,Chennai,30-44,M,
P-004871,Chennai,18-29,M,
P-004872,Chennai,30-44,F,
P-004873,Chennai,18-29,M,
P-004874,Chennai,30-44,F,
P-004875,Chennai,18-29,F,
P-004876,Chennai,60+,F,
P-004877,Chennai,60+,F,
P-004878,Chennai,60+,M,
P-004879,Chennai,45-59,M,
P-004880,Chennai,30-44,F,
P-004881,Chennai,45-59,M,
P-004882,Chennai,60+,M,
P-004883,Chennai,30-44,F,
P-004884,Chennai,60+,F,
P-004885,Chennai,30-44,M,
P-004886,Chennai,45-59,M,
P-004887,Chennai,45-59,M,
P-004888,Chennai,45-59,F,
P-004889,Chennai,18-29,F,
P-004890,Chennai,18-29,F,
P-004891,Chennai,18-29,M,
P-004892,Chennai,30-44,F,
P-004893,Chennai,30-44,M,
P-004894,Chennai,45-59,M,
P-004895,Chennai,30-44,F,
P-004896,Chennai,18-29,F,
P-004897,Chennai,18-29,F,
P-004898,Chennai,45-59,F,
P-004899,Chennai,45-59,F,
P-004900,Chennai,30-44,F,
P-004901,Chennai,45-59,F,
P-004902,Chennai,45-59,M,
P-004903,Chennai,30-44,F,
P-004904,Chennai,30-44,F,
P-004905,Chennai,60+,F,
P-004906,Chennai,45-59,F,
P-004907,Chennai,45-59,F,
P-004908,Chennai,18-29,M,
P-004909,Chennai,45-59,M,
P-004910,Chennai,18-29,F,
P-004911,Chennai,45-59,M,
P-004912,Chennai,45-59,M,
P-004913,Chennai,45-59,F,
P-004914,Chennai,18-29,M,
P-004915,Chennai,60+,M,
P-004916,Chennai,30-44,M,
P-004917,Chennai,18-29,M,
P-004918,Chennai,45-59,F,
P-004919,Chennai,45-59,M,
P-004920,Chennai,30-44,M,
P-004921,Chennai,30-44,F,
P-004922,Chennai,45-59,F,
P-004923,Chennai,60+,F,
P-004924,Chennai,30-44,F,
P-004925,Chennai,60+,M,
P-004926,Chennai,60+,F,
P-004927,Chennai,45-59,F,
P-004928,Chennai,18-29,M,
P-004929,Chennai,60+,M,
P-004930,Chennai,60+,M,
P-004931,Chennai,30-44,M,
P-004932,Chennai,30-44,M,
P-004933,Chennai,60+,F,
P-004934,Chennai,45-59,F,
P-004935,Chennai,45-59,F,
P-004936,Chennai,45-59,F,
P-004937,Chennai,18-29,M,
P-004938,Chennai,30-44,F,
P-004939,Chennai,30-44,F,
P-004940,Chennai,60+,F,
P-004941,Chennai,45-59,M,
P-004942,Chennai,30-44,M,
P-004943,Chennai,60+,F,
P-004944,Chennai,30-44,F,
P-004945,Chennai,45-59,F,
P-004946,Chennai,18-29,F,
P-004947,Chennai,45-59,F,
P-004948,Chennai,30-44,M,
P-004949,Chennai,60+,M,
P-004950,Chennai,18-29,F,
P-004951,Hyderabad,18-29,F,
P-004952,Hyderabad,30-44,F,
P-004953,Hyderabad,18-29,F,
P-004954,Hyderabad,30-44,M,
P-004955,Hyderabad,30-44,F,
P-004956,Hyderabad,18-29,F,
P-004957,Hyderabad,30-44,M,
P-004958,Hyderabad,60+,M,
P-004959,Hyderabad,60+,F,
P-004960,Hyderabad,60+,M,
P-004961,Hyderabad,30-44,M,
P-004962,Hyderabad,18-29,M,
P-004963,Hyderabad,45-59,F,
P-004964,Hyderabad,18-29,M,
P-004965,Hyderabad,60+,F,
P-004966,Hyderabad,45-59,M,
P-004967,Hyderabad,18-29,F,
P-004968,Hyderabad,45-59,M,
P-004969,Hyderabad,30-44,F,
P-004970,Hyderabad,30-44,F,
P-004971,Hyderabad,18-29,M,
P-004972,Hyderabad,30-44,M,
P-004973,Hyderabad,45-59,M,
P-004974,Hyderabad,45-59,M,
P-004975,Hyderabad,45-59,M,
P-004976,Hyderabad,18-29,F,
P-004977,Hyderabad,18-29,M,
P-004978,Hyderabad,18-29,F,
P-004979,Hyderabad,18-29,M,
P-004980,Hyderabad,45-59,F,
P-004981,Hyderabad,60+,M,
P-004982,Hyderabad,18-29,F,
P-004983,Hyderabad,30-44,M,
P-004984,Hyderabad,60+,M,
P-004985,Hyderabad,30-44,M,
P-004986,Hyderabad,18-29,F,
P-004987,Hyderabad,45-59,F,
P-004988,Hyderabad,30-44,F,
P-004989,Hyderabad,45-59,F,
P-004990,Hyderabad,60+,M,
P-004991,Hyderabad,18-29,M,
P-004992,Hyderabad,18-29,M,
P-004993,Hyderabad,60+,M,
P-004994,Hyderabad,30-44,F,
P-004995,Hyderabad,30-44,M,
P-004996,Hyderabad,45-59,F,
P-004997,Hyderabad,18-29,F,
P-004998,Hyderabad,45-59,M,
P-004999,Hyderabad,30-44,F,
P-005000,Hyderabad,18-29,M,
P-005001,Hyderabad,60+,M,
P-005002,Hyderabad,60+,M,
P-005003,Hyderabad,60+,F,
P-005004,Hyderabad,45-59,M,
P-005005,Hyderabad,30-44,M,
P-005006,Hyderabad,45-59,F,
P-005007,Hyderabad,45-59,M,
P-005008,Hyderabad,45-59,M,
P-005009,Hyderabad,45-59,F,
P-005010,Hyderabad,45-59,M,
P-005011,Hyderabad,60+,F,
P-005012,Hyderabad,18-29,F,
P-005013,Hyderabad,60+,M,
P-005014,Hyderabad,45-59,F,
P-005015,Hyderabad,45-59,F,
P-005016,Hyderabad,18-29,M,
P-005017,Hyderabad,45-59,F,
P-005018,Hyderabad,30-44,F,
P-005019,Hyderabad,18-29,F,
P-005020,Hyderabad,18-29,M,
P-005021,Hyderabad,45-59,F,
P-005022,Hyderabad,30-44,F,
P-005023,Hyderabad,18-29,M,
P-005024,Hyderabad,60+,M,
P-005025,Hyderabad,60+,F,
P-005026,Hyderabad,60+,F,
P-005027,Hyderabad,30-44,F,
P-005028,Hyderabad,45-59,F,
P-005029,Hyderabad,18-29,F,
P-005030,Hyderabad,60+,F,
P-005031,Hyderabad,60+,M,
P-005032,Hyderabad,60+,F,
P-005033,Hyderabad,18-29,M,
P-005034,Hyderabad,30-44,F,
P-005035,Hyderabad,30-44,M,
P-005036,Hyderabad,60+,F,
P-005037,Hyderabad,18-29,M,
P-005038,Hyderabad,45-59,F,
P-005039,Hyderabad,18-29,M,
P-005040,Hyderabad,30-44,M,
P-005041,Hyderabad,45-59,F,
P-005042,Hyderabad,18-29,F,
P-005043,Hyderabad,60+,M,
P-005044,Hyderabad,18-29,M,
P-005045,Hyderabad,60+,F,
P-005046,Hyderabad,60+,M,
P-005047,Hyderabad,30-44,M,
P-005048,Hyderabad,45-59,F,
P-005049,Hyderabad,45-59,M,
P-005050,Hyderabad,18-29,M,
P-005051,Hyderabad,45-59,M,
P-005052,Hyderabad,30-44,M,
P-005053,Hyderabad,18-29,M,
P-005054,Hyderabad,30-44,M,
P-005055,Hyderabad,30-44,M,
P-005056,Hyderabad,45-59,M,
P-005057,Hyderabad,30-44,M,
P-005058,Hyderabad,30-44,F,
P-005059,Hyderabad,60+,F,
P-005060,Hyderabad,18-29,F,
P-005061,Hyderabad,18-29,F,
P-005062,Hyderabad,60+,F,
P-005063,Hyderabad,60+,M,
P-005064,Hyderabad,45-59,M,
P-005065,Hyderabad,60+,F,
P-005066,Hyderabad,60+,M,
P-005067,Hyderabad,60+,F,
P-005068,Hyderabad,60+,M,
P-005069,Hyderabad,60+,M,
P-005070,Hyderabad,30-44,F,
P-005071,Hyderabad,45-59,M,
P-005072,Hyderabad,45-59,M,
P-005073,Hyderabad,18-29,F,
P-005074,Hyderabad,45-59,F,
P-005075,Hyderabad,30-44,F,
P-005076,Hyderabad,30-44,M,
P-005077,Hyderabad,18-29,M,
P-005078,Hyderabad,30-44,M,
P-005079,Hyderabad,18-29,F,
P-005080,Hyderabad,30-44,M,
P-005081,Hyderabad,60+,F,
P-005082,Hyderabad,60+,M,
P-005083,Hyderabad,60+,M,
P-005084,Hyderabad,45-59,M,
P-005085,Hyderabad,18-29,F,
P-005086,Hyderabad,18-29,M,
P-005087,Hyderabad,30-44,M,
P-005088,Hyderabad,18-29,F,
P-005089,Hyderabad,18-29,M,
P-005090,Hyderabad,30-44,F,
P-005091,Hyderabad,60+,M,
P-005092,Hyderabad,30-44,M,
P-005093,Hyderabad,45-59,M,
P-005094,Hyderabad,45-59,M,
P-005095,Hyderabad,18-29,F,
P-005096,Hyderabad,18-29,F,
P-005097,Hyderabad,18-29,M,
P-005098,Hyderabad,18-29,F,
P-005099,Hyderabad,60+,M,
P-005100,Hyderabad,60+,M,
P-005101,Hyderabad,18-29,F,
P-005102,Hyderabad,60+,M,
P-005103,Hyderabad,45-59,F,
P-005104,Hyderabad,60+,F,
P-005105,Hyderabad,60+,F,
P-005106,Hyderabad,60+,M,
P-005107,Hyderabad,45-59,M,
P-005108,Hyderabad,18-29,F,
P-005109,Hyderabad,60+,F,
P-005110,Hyderabad,45-59,M,
P-005111,Hyderabad,18-29,F,
P-005112,Hyderabad,18-29,M,
P-005113,Hyderabad,45-59,M,
P-005114,Hyderabad,45-59,M,
P-005115,Hyderabad,18-29,F,
P-005116,Hyderabad,60+,F,
P-005117,Hyderabad,18-29,M,
P-005118,Hyderabad,45-59,F,
P-005119,Hyderabad,18-29,F,
P-005120,Hyderabad,60+,F,
P-005121,Hyderabad,45-59,F,
P-005122,Hyderabad,45-59,M,
P-005123,Hyderabad,30-44,F,
P-005124,Hyderabad,45-59,M,
P-005125,Hyderabad,18-29,M,
P-005126,Hyderabad,60+,F,
P-005127,Hyderabad,60+,M,
P-005128,Hyderabad,60+,F,
P-005129,Hyderabad,18-29,F,
P-005130,Hyderabad,45-59,M,
P-005131,Hyderabad,45-59,F,
P-005132,Hyderabad,18-29,F,
P-005133,Hyderabad,18-29,F,
P-005134,Hyderabad,18-29,M,
P-005135,Hyderabad,30-44,F,
P-005136,Hyderabad,45-59,F,
P-005137,Hyderabad,30-44,M,
P-005138,Hyderabad,45-59,M,
P-005139,Hyderabad,18-29,F,
P-005140,Hyderabad,60+,M,
P-005141,Hyderabad,30-44,F,
P-005142,Hyderabad,45-59,F,
P-005143,Hyderabad,45-59,M,
P-005144,Hyderabad,18-29,F,
P-005145,Hyderabad,45-59,F,
P-005146,Hyderabad,45-59,M,
P-005147,Hyderabad,45-59,F,
P-005148,Hyderabad,60+,F,
P-005149,Hyderabad,45-59,M,
P-005150,Hyderabad,60+,F,
P-005151,Hyderabad,30-44,F,
P-005152,Hyderabad,18-29,F,
P-005153,Hyderabad,45-59,F,
P-005154,Hyderabad,60+,M,
P-005155,Hyderabad,60+,F,
P-005156,Hyderabad,60+,M,
P-005157,Hyderabad,30-44,M,
P-005158,Hyderabad,60+,F,
P-005159,Hyderabad,30-44,M,
P-005160,Hyderabad,18-29,F,
P-005161,Hyderabad,60+,F,
P-005162,Hyderabad,45-59,M,
P-005163,Hyderabad,60+,M,
P-005164,Hyderabad,45-59,M,
P-005165,Hyderabad,18-29,F,
P-005166,Hyderabad,30-44,F,
P-005167,Hyderabad,18-29,F,
P-005168,Hyderabad,60+,M,
P-005169,Hyderabad,60+,M,
P-005170,Hyderabad,45-59,F,
P-005171,Hyderabad,30-44,M,
P-005172,Hyderabad,45-59,F,
P-005173,Hyderabad,60+,M,
P-005174,Hyderabad,30-44,F,
P-005175,Hyderabad,30-44,M,
P-005176,Hyderabad,18-29,M,
P-005177,Hyderabad,18-29,M,
P-005178,Hyderabad,60+,M,
P-005179,Hyderabad,60+,F,
P-005180,Hyderabad,60+,F,
P-005181,Hyderabad,18-29,M,
P-005182,Hyderabad,30-44,M,
P-005183,Hyderabad,18-29,F,
P-005184,Hyderabad,18-29,F,
P-005185,Hyderabad,18-29,F,
P-005186,Hyderabad,60+,M,
P-005187,Hyderabad,18-29,M,
P-005188,Hyderabad,18-29,F,
P-005189,Hyderabad,18-29,F,
P-005190,Hyderabad,45-59,F,
P-005191,Hyderabad,45-59,F,
P-005192,Hyderabad,18-29,M,
P-005193,Hyderabad,45-59,F,
P-005194,Hyderabad,60+,F,
P-005195,Hyderabad,45-59,M,
P-005196,Hyderabad,60+,F,
P-005197,Hyderabad,45-59,F,
P-005198,Hyderabad,30-44,M,
P-005199,Hyderabad,30-44,F,
P-005200,Hyderabad,60+,F,
P-005201,Hyderabad,18-29,M,
P-005202,Hyderabad,45-59,M,
P-005203,Hyderabad,18-29,F,
P-005204,Hyderabad,30-44,F,
P-005205,Hyderabad,45-59,M,
P-005206,Hyderabad,60+,F,
P-005207,Hyderabad,18-29,F,
P-005208,Hyderabad,30-44,M,
P-005209,Hyderabad,60+,F,
P-005210,Hyderabad,18-29,F,
P-005211,Hyderabad,30-44,M,
P-005212,Hyderabad,60+,M,
P-005213,Hyderabad,60+,F,
P-005214,Hyderabad,30-44,M,
P-005215,Hyderabad,18-29,M,
P-005216,Hyderabad,18-29,F,
P-005217,Hyderabad,18-29,F,
P-005218,Hyderabad,30-44,M,
P-005219,Hyderabad,18-29,M,
P-005220,Hyderabad,18-29,F,
P-005221,Hyderabad,18-29,M,
P-005222,Hyderabad,18-29,M,
P-005223,Hyderabad,45-59,M,
P-005224,Hyderabad,45-59,F,
P-005225,Hyderabad,18-29,F,
P-005226,Hyderabad,60+,M,
P-005227,Hyderabad,18-29,F,
P-005228,Hyderabad,18-29,F,
P-005229,Hyderabad,45-59,M,
P-005230,Hyderabad,18-29,M,
P-005231,Hyderabad,60+,F,
P-005232,Hyderabad,60+,M,
P-005233,Hyderabad,30-44,M,
P-005234,Hyderabad,60+,F,
P-005235,Hyderabad,45-59,F,
P-005236,Hyderabad,45-59,F,
P-005237,Hyderabad,45-59,F,
P-005238,Hyderabad,60+,M,
P-005239,Hyderabad,18-29,F,
P-005240,Hyderabad,18-29,F,
P-005241,Hyderabad,60+,F,
P-005242,Hyderabad,45-59,F,
P-005243,Hyderabad,45-59,M,
P-005244,Hyderabad,30-44,F,
P-005245,Hyderabad,60+,M,
P-005246,Hyderabad,60+,F,
P-005247,Hyderabad,60+,F,
P-005248,Hyderabad,18-29,M,
P-005249,Hyderabad,30-44,M,
P-005250,Hyderabad,30-44,M,
P-005251,Hyderabad,45-59,F,
P-005252,Hyderabad,60+,M,
P-005253,Hyderabad,45-59,M,
P-005254,Hyderabad,30-44,F,
P-005255,Hyderabad,30-44,M,
P-005256,Hyderabad,60+,F,
P-005257,Hyderabad,60+,M,
P-005258,Hyderabad,60+,F,
P-005259,Hyderabad,60+,M,
P-005260,Hyderabad,18-29,F,
P-005261,Hyderabad,30-44,F,
P-005262,Hyderabad,60+,F,
P-005263,Hyderabad,30-44,M,
P-005264,Hyderabad,45-59,F,
P-005265,Hyderabad,60+,M,
P-005266,Hyderabad,60+,F,
P-005267,Hyderabad,60+,M,
P-005268,Hyderabad,60+,F,
P-005269,Hyderabad,30-44,M,
P-005270,Hyderabad,45-59,M,
P-005271,Hyderabad,18-29,M,
P-005272,Hyderabad,60+,M,
P-005273,Hyderabad,30-44,M,
P-005274,Hyderabad,18-29,F,
P-005275,Hyderabad,60+,F,
P-005276,Hyderabad,18-29,F,
P-005277,Hyderabad,60+,F,
P-005278,Hyderabad,30-44,F,
P-005279,Hyderabad,30-44,M,
P-005280,Hyderabad,18-29,F,
P-005281,Hyderabad,45-59,M,
P-005282,Hyderabad,60+,F,
P-005283,Hyderabad,30-44,F,
P-005284,Hyderabad,60+,F,
P-005285,Hyderabad,45-59,M,
P-005286,Hyderabad,45-59,F,
P-005287,Hyderabad,18-29,F,
P-005288,Hyderabad,30-44,F,
P-005289,Hyderabad,60+,M,
P-005290,Hyderabad,60+,M,
P-005291,Hyderabad,30-44,M,
P-005292,Hyderabad,60+,M,
P-005293,Hyderabad,18-29,M,
P-005294,Hyderabad,30-44,M,
P-005295,Hyderabad,30-44,F,
P-005296,Hyderabad,45-59,F,
P-005297,Hyderabad,18-29,M,
P-005298,Hyderabad,45-59,M,
P-005299,Hyderabad,30-44,M,
P-005300,Hyderabad,60+,M,
P-005301,Hyderabad,30-44,F,
P-005302,Hyderabad,18-29,M,
P-005303,Hyderabad,30-44,M,
P-005304,Hyderabad,60+,F,
P-005305,Hyderabad,18-29,M,
P-005306,Hyderabad,60+,M,
P-005307,Hyderabad,45-59,M,
P-005308,Hyderabad,18-29,M,
P-005309,Hyderabad,30-44,F,
P-005310,Hyderabad,30-44,M,
P-005311,Hyderabad,18-29,F,
P-005312,Hyderabad,30-44,M,
P-005313,Hyderabad,60+,F,
P-005314,Hyderabad,60+,M,
P-005315,Hyderabad,45-59,F,
P-005316,Hyderabad,18-29,F,
P-005317,Hyderabad,60+,M,
P-005318,Hyderabad,30-44,F,
P-005319,Hyderabad,18-29,F,
P-005320,Hyderabad,45-59,M,
P-005321,Hyderabad,18-29,M,
P-005322,Hyderabad,30-44,M,
P-005323,Hyderabad,45-59,M,
P-005324,Hyderabad,18-29,F,
P-005325,Hyderabad,30-44,F,
P-005326,Hyderabad,30-44,M,
P-005327,Hyderabad,18-29,M,
P-005328,Hyderabad,45-59,F,
P-005329,Hyderabad,18-29,M,
P-005330,Hyderabad,30-44,F,
P-005331,Hyderabad,45-59,F,
P-005332,Hyderabad,30-44,M,
P-005333,Hyderabad,18-29,M,
P-005334,Hyderabad,45-59,M,
P-005335,Hyderabad,45-59,M,
P-005336,Hyderabad,45-59,M,
P-005337,Hyderabad,60+,M,
P-005338,Hyderabad,60+,M,
P-005339,Hyderabad,45-59,F,
P-005340,Hyderabad,60+,F,
P-005341,Hyderabad,45-59,F,
P-005342,Hyderabad,60+,F,
P-005343,Hyderabad,60+,F,
P-005344,Hyderabad,30-44,M,
P-005345,Hyderabad,18-29,F,
P-005346,Hyderabad,18-29,F,
P-005347,Hyderabad,45-59,M,
P-005348,Hyderabad,45-59,M,
P-005349,Hyderabad,60+,M,
P-005350,Hyderabad,45-59,F,
P-005351,Hyderabad,60+,M,
P-005352,Hyderabad,30-44,F,
P-005353,Hyderabad,18-29,F,
P-005354,Hyderabad,60+,M,
P-005355,Hyderabad,18-29,M,
P-005356,Hyderabad,45-59,M,
P-005357,Hyderabad,18-29,M,
P-005358,Hyderabad,60+,M,
P-005359,Hyderabad,18-29,F,
P-005360,Hyderabad,30-44,M,
P-005361,Hyderabad,45-59,M,
P-005362,Hyderabad,18-29,M,
P-005363,Hyderabad,60+,M,
P-005364,Hyderabad,45-59,M,
P-005365,Hyderabad,60+,M,
P-005366,Hyderabad,45-59,M,
P-005367,Hyderabad,30-44,M,
P-005368,Hyderabad,60+,F,
P-005369,Hyderabad,45-59,F,
P-005370,Hyderabad,60+,F,
P-005371,Hyderabad,60+,M,
P-005372,Hyderabad,60+,M,
P-005373,Hyderabad,60+,M,
P-005374,Hyderabad,18-29,F,
P-005375,Hyderabad,30-44,M,
P-005376,Hyderabad,30-44,F,
P-005377,Hyderabad,30-44,F,
P-005378,Hyderabad,18-29,F,
P-005379,Hyderabad,60+,M,
P-005380,Hyderabad,45-59,F,
P-005381,Hyderabad,45-59,M,
P-005382,Hyderabad,30-44,M,
P-005383,Hyderabad,30-44,F,
P-005384,Hyderabad,30-44,M,
P-005385,Hyderabad,60+,M,
P-005386,Hyderabad,18-29,F,
P-005387,Hyderabad,18-29,F,
P-005388,Hyderabad,60+,F,
P-005389,Hyderabad,18-29,F,
P-005390,Hyderabad,60+,F,
P-005391,Hyderabad,18-29,F,
P-005392,Hyderabad,30-44,M,
P-005393,Hyderabad,30-44,F,
P-005394,Hyderabad,18-29,M,
P-005395,Hyderabad,30-44,F,
P-005396,Hyderabad,60+,M,
P-005397,Hyderabad,60+,F,
P-005398,Hyderabad,18-29,M,
P-005399,Hyderabad,30-44,F,
P-005400,Hyderabad,45-59,M,
P-005401,Hyderabad,60+,M,
P-005402,Hyderabad,30-44,F,
P-005403,Hyderabad,60+,M,
P-005404,Hyderabad,18-29,F,
P-005405,Hyderabad,18-29,M,
P-005406,Hyderabad,60+,M,
P-005407,Hyderabad,45-59,F,
P-005408,Hyderabad,30-44,M,
P-005409,Hyderabad,30-44,F,
P-005410,Hyderabad,45-59,M,
P-005411,Hyderabad,45-59,F,
P-005412,Hyderabad,60+,F,
P-005413,Hyderabad,60+,F,
P-005414,Hyderabad,60+,M,
P-005415,Hyderabad,18-29,M,
P-005416,Hyderabad,18-29,M,
P-005417,Hyderabad,30-44,F,
P-005418,Hyderabad,45-59,M,
P-005419,Hyderabad,18-29,F,
P-005420,Hyderabad,60+,F,
P-005421,Hyderabad,60+,M,
P-005422,Hyderabad,18-29,M,
P-005423,Hyderabad,30-44,F,
P-005424,Hyderabad,60+,M,
P-005425,Hyderabad,30-44,M,
P-005426,Hyderabad,60+,M,
P-005427,Hyderabad,60+,F,
P-005428,Hyderabad,18-29,F,
P-005429,Hyderabad,45-59,M,
P-005430,Hyderabad,45-59,M,
P-005431,Hyderabad,60+,M,
P-005432,Hyderabad,45-59,M,
P-005433,Hyderabad,18-29,F,
P-005434,Hyderabad,45-59,M,
P-005435,Hyderabad,60+,M,
P-005436,Hyderabad,30-44,F,
P-005437,Hyderabad,60+,M,
P-005438,Hyderabad,30-44,F,
P-005439,Hyderabad,30-44,M,
P-005440,Hyderabad,30-44,M,
P-005441,Hyderabad,18-29,F,
P-005442,Hyderabad,18-29,M,
P-005443,Hyderabad,60+,M,
P-005444,Hyderabad,60+,M,
P-005445,Hyderabad,18-29,M,
P-005446,Hyderabad,45-59,M,
P-005447,Hyderabad,45-59,M,
P-005448,Hyderabad,30-44,M,
P-005449,Hyderabad,18-29,M,
P-005450,Hyderabad,18-29,F,
P-005451,Hyderabad,60+,F,
P-005452,Hyderabad,30-44,M,
P-005453,Hyderabad,30-44,M,
P-005454,Hyderabad,18-29,F,
P-005455,Hyderabad,30-44,F,
P-005456,Hyderabad,30-44,F,
P-005457,Hyderabad,18-29,M,
P-005458,Hyderabad,60+,M,
P-005459,Hyderabad,30-44,F,
P-005460,Hyderabad,30-44,F,
P-005461,Hyderabad,60+,F,
P-005462,Hyderabad,60+,F,
P-005463,Hyderabad,45-59,F,
P-005464,Hyderabad,30-44,F,
P-005465,Hyderabad,45-59,F,
P-005466,Hyderabad,30-44,F,
P-005467,Hyderabad,60+,F,
P-005468,Hyderabad,18-29,M,
P-005469,Hyderabad,45-59,F,
P-005470,Hyderabad,45-59,M,
P-005471,Hyderabad,60+,M,
P-005472,Hyderabad,30-44,F,
P-005473,Hyderabad,60+,M,
P-005474,Hyderabad,60+,F,
P-005475,Hyderabad,18-29,M,
P-005476,Hyderabad,45-59,M,
P-005477,Hyderabad,18-29,F,
P-005478,Hyderabad,30-44,F,
P-005479,Hyderabad,60+,F,
P-005480,Hyderabad,18-29,F,
P-005481,Hyderabad,45-59,F,
P-005482,Hyderabad,18-29,F,
P-005483,Hyderabad,30-44,M,
P-005484,Hyderabad,30-44,F,
P-005485,Hyderabad,18-29,M,
P-005486,Hyderabad,30-44,F,
P-005487,Hyderabad,18-29,M,
P-005488,Hyderabad,30-44,F,
P-005489,Hyderabad,45-59,M,
P-005490,Hyderabad,30-44,F,
P-005491,Hyderabad,18-29,M,
P-005492,Hyderabad,60+,F,
P-005493,Hyderabad,30-44,M,
P-005494,Hyderabad,18-29,F,
P-005495,Hyderabad,30-44,F,
P-005496,Hyderabad,18-29,F,
P-005497,Hyderabad,45-59,M,
P-005498,Hyderabad,18-29,F,
P-005499,Hyderabad,60+,F,
P-005500,Hyderabad,45-59,M,
P-005501,Hyderabad,18-29,F,
P-005502,Hyderabad,30-44,M,
P-005503,Hyderabad,30-44,M,
P-005504,Hyderabad,30-44,M,
P-005505,Hyderabad,18-29,M,
P-005506,Hyderabad,60+,M,
P-005507,Hyderabad,30-44,M,
P-005508,Hyderabad,30-44,F,
P-005509,Hyderabad,30-44,M,
P-005510,Hyderabad,30-44,F,
P-005511,Hyderabad,18-29,M,
P-005512,Hyderabad,30-44,F,
P-005513,Hyderabad,45-59,M,
P-005514,Hyderabad,30-44,F,
P-005515,Hyderabad,60+,M,
P-005516,Hyderabad,30-44,F,
P-005517,Hyderabad,60+,M,
P-005518,Hyderabad,45-59,M,
P-005519,Hyderabad,60+,M,
P-005520,Hyderabad,30-44,F,
P-005521,Hyderabad,60+,M,
P-005522,Hyderabad,45-59,M,
P-005523,Hyderabad,18-29,M,
P-005524,Hyderabad,60+,M,
P-005525,Hyderabad,18-29,F,
P-005526,Hyderabad,60+,F,
P-005527,Hyderabad,60+,F,
P-005528,Hyderabad,18-29,M,
P-005529,Hyderabad,45-59,M,
P-005530,Hyderabad,30-44,M,
P-005531,Hyderabad,45-59,F,
P-005532,Hyderabad,18-29,F,
P-005533,Hyderabad,18-29,F,
P-005534,Hyderabad,60+,F,
P-005535,Hyderabad,30-44,F,
P-005536,Hyderabad,30-44,F,
P-005537,Hyderabad,30-44,M,
P-005538,Hyderabad,18-29,M,
P-005539,Hyderabad,30-44,M,
P-005540,Hyderabad,60+,M,
P-005541,Hyderabad,45-59,M,
P-005542,Hyderabad,45-59,F,
P-005543,Hyderabad,45-59,M,
P-005544,Hyderabad,30-44,M,
P-005545,Hyderabad,60+,M,
P-005546,Hyderabad,60+,M,
P-005547,Hyderabad,45-59,M,
P-005548,Hyderabad,18-29,F,
P-005549,Hyderabad,60+,M,
P-005550,Hyderabad,18-29,M,
P-005551,Hyderabad,30-44,F,
P-005552,Hyderabad,30-44,F,
P-005553,Hyderabad,60+,M,
P-005554,Hyderabad,60+,M,
P-005555,Hyderabad,45-59,F,
P-005556,Hyderabad,45-59,M,
P-005557,Hyderabad,60+,M,
P-005558,Hyderabad,30-44,M,
P-005559,Hyderabad,45-59,M,
P-005560,Hyderabad,45-59,M,
P-005561,Hyderabad,18-29,M,
P-005562,Hyderabad,30-44,M,
P-005563,Hyderabad,45-59,M,
P-005564,Hyderabad,18-29,F,
P-005565,Hyderabad,18-29,M,
P-005566,Hyderabad,45-59,F,
P-005567,Hyderabad,45-59,M,
P-005568,Hyderabad,60+,M,
P-005569,Hyderabad,60+,F,
P-005570,Hyderabad,45-59,F,
P-005571,Hyderabad,60+,M,
P-005572,Hyderabad,18-29,M,
P-005573,Hyderabad,45-59,M,
P-005574,Hyderabad,45-59,M,
P-005575,Hyderabad,18-29,F,
P-005576,Hyderabad,45-59,F,
P-005577,Hyderabad,30-44,F,
P-005578,Hyderabad,30-44,F,
P-005579,Hyderabad,18-29,M,
P-005580,Hyderabad,60+,F,
P-005581,Hyderabad,45-59,M,
P-005582,Hyderabad,45-59,F,
P-005583,Hyderabad,60+,M,
P-005584,Hyderabad,30-44,F,
P-005585,Hyderabad,60+,F,
P-005586,Hyderabad,60+,M,
P-005587,Hyderabad,30-44,M,
P-005588,Hyderabad,60+,F,
P-005589,Hyderabad,60+,M,
P-005590,Hyderabad,18-29,M,
P-005591,Hyderabad,60+,F,
P-005592,Hyderabad,60+,M,
P-005593,Hyderabad,60+,F,
P-005594,Hyderabad,18-29,F,
P-005595,Hyderabad,60+,F,
P-005596,Hyderabad,18-29,F,
P-005597,Hyderabad,45-59,F,
P-005598,Hyderabad,18-29,M,
P-005599,Hyderabad,18-29,F,
P-005600,Hyderabad,45-59,M,
P-005601,Hyderabad,45-59,F,
P-005602,Hyderabad,18-29,F,
P-005603,Hyderabad,30-44,M,
P-005604,Hyderabad,45-59,M,
P-005605,Hyderabad,30-44,M,
P-005606,Hyderabad,60+,M,
P-005607,Hyderabad,60+,M,
P-005608,Hyderabad,60+,M,
P-005609,Hyderabad,45-59,F,
P-005610,Hyderabad,45-59,F,
P-005611,Hyderabad,30-44,F,
P-005612,Hyderabad,18-29,M,
P-005613,Hyderabad,60+,M,
P-005614,Hyderabad,45-59,F,
P-005615,Hyderabad,60+,M,
P-005616,Hyderabad,30-44,F,
P-005617,Hyderabad,18-29,F,
P-005618,Hyderabad,60+,F,
P-005619,Hyderabad,30-44,F,
P-005620,Hyderabad,18-29,M,
P-005621,Hyderabad,30-44,F,
P-005622,Hyderabad,30-44,M,
P-005623,Hyderabad,30-44,M,
P-005624,Hyderabad,45-59,F,
P-005625,Hyderabad,45-59,M,
P-005626,Hyderabad,18-29,F,
P-005627,Hyderabad,60+,M,
P-005628,Hyderabad,60+,F,
P-005629,Hyderabad,30-44,F,
P-005630,Hyderabad,60+,F,
P-005631,Hyderabad,18-29,M,
P-005632,Hyderabad,45-59,F,
P-005633,Hyderabad,45-59,M,
P-005634,Hyderabad,18-29,F,
P-005635,Hyderabad,30-44,M,
P-005636,Hyderabad,60+,F,
P-005637,Hyderabad,45-59,F,
P-005638,Hyderabad,60+,F,
P-005639,Hyderabad,18-29,F,
P-005640,Hyderabad,30-44,F,
P-005641,Hyderabad,30-44,M,
P-005642,Hyderabad,18-29,F,
P-005643,Hyderabad,18-29,F,
P-005644,Hyderabad,45-59,F,
P-005645,Hyderabad,30-44,F,
P-005646,Hyderabad,30-44,F,
P-005647,Hyderabad,60+,M,
P-005648,Hyderabad,45-59,M,
P-005649,Hyderabad,45-59,M,
P-005650,Hyderabad,18-29,M,
P-005651,Hyderabad,45-59,M,
P-005652,Hyderabad,18-29,F,
P-005653,Hyderabad,60+,M,
P-005654,Hyderabad,30-44,M,
P-005655,Hyderabad,45-59,M,
P-005656,Hyderabad,30-44,M,
P-005657,Hyderabad,60+,F,
P-005658,Hyderabad,45-59,M,
P-005659,Hyderabad,60+,M,
P-005660,Hyderabad,60+,F,
P-005661,Hyderabad,30-44,M,
P-005662,Hyderabad,30-44,M,
P-005663,Hyderabad,18-29,F,
P-005664,Hyderabad,18-29,F,
P-005665,Hyderabad,45-59,F,
P-005666,Hyderabad,30-44,F,
P-005667,Hyderabad,30-44,F,
P-005668,Hyderabad,30-44,F,
P-005669,Hyderabad,60+,M,
P-005670,Hyderabad,60+,F,
P-005671,Hyderabad,18-29,F,
P-005672,Hyderabad,60+,F,
P-005673,Hyderabad,18-29,F,
P-005674,Hyderabad,30-44,M,
P-005675,Hyderabad,18-29,F,
P-005676,Hyderabad,60+,M,
P-005677,Hyderabad,60+,M,
P-005678,Hyderabad,30-44,F,
P-005679,Hyderabad,18-29,F,
P-005680,Hyderabad,60+,M,
P-005681,Hyderabad,45-59,M,
P-005682,Hyderabad,45-59,F,
P-005683,Hyderabad,60+,F,
P-005684,Hyderabad,60+,M,
P-005685,Hyderabad,45-59,M,
P-005686,Hyderabad,30-44,F,
P-005687,Hyderabad,30-44,M,
P-005688,Hyderabad,18-29,M,
P-005689,Hyderabad,30-44,M,
P-005690,Hyderabad,45-59,M,
P-005691,Hyderabad,45-59,M,
P-005692,Hyderabad,30-44,M,
P-005693,Hyderabad,30-44,F,
P-005694,Hyderabad,60+,F,
P-005695,Hyderabad,18-29,M,
P-005696,Hyderabad,45-59,F,
P-005697,Hyderabad,18-29,M,
P-005698,Hyderabad,60+,M,
P-005699,Hyderabad,60+,M,
P-005700,Hyderabad,18-29,F,
P-005701,Hyderabad,18-29,F,
P-005702,Hyderabad,30-44,F,
P-005703,Hyderabad,45-59,M,
P-005704,Hyderabad,60+,F,
P-005705,Hyderabad,60+,F,
P-005706,Hyderabad,60+,M,
P-005707,Hyderabad,18-29,M,
P-005708,Hyderabad,18-29,M,
P-005709,Hyderabad,30-44,M,
P-005710,Hyderabad,18-29,F,
P-005711,Hyderabad,45-59,F,
P-005712,Hyderabad,18-29,M,
P-005713,Hyderabad,60+,M,
P-005714,Hyderabad,18-29,F,
P-005715,Hyderabad,30-44,F,
P-005716,Hyderabad,45-59,M,
P-005717,Hyderabad,18-29,F,
P-005718,Hyderabad,30-44,F,
P-005719,Hyderabad,60+,F,
P-005720,Hyderabad,45-59,F,
P-005721,Hyderabad,30-44,M,
P-005722,Hyderabad,18-29,M,
P-005723,Hyderabad,18-29,M,
P-005724,Hyderabad,18-29,F,
P-005725,Hyderabad,18-29,F,
P-005726,Hyderabad,45-59,M,
P-005727,Hyderabad,18-29,M,
P-005728,Hyderabad,30-44,F,
P-005729,Hyderabad,30-44,F,
P-005730,Hyderabad,60+,M,
P-005731,Hyderabad,30-44,M,
P-005732,Hyderabad,60+,M,
P-005733,Hyderabad,18-29,F,
P-005734,Hyderabad,45-59,M,
P-005735,Hyderabad,18-29,F,
P-005736,Hyderabad,18-29,M,
P-005737,Hyderabad,18-29,F,
P-005738,Hyderabad,45-59,F,
P-005739,Hyderabad,18-29,M,
P-005740,Hyderabad,45-59,F,
P-005741,Hyderabad,30-44,M,
P-005742,Hyderabad,30-44,M,
P-005743,Hyderabad,18-29,F,
P-005744,Hyderabad,30-44,F,
P-005745,Hyderabad,18-29,M,
P-005746,Hyderabad,60+,M,
P-005747,Hyderabad,30-44,M,
P-005748,Hyderabad,30-44,M,
P-005749,Hyderabad,60+,M,
P-005750,Hyderabad,18-29,M,
P-005751,Pune,18-29,M,
P-005752,Pune,18-29,F,
P-005753,Pune,60+,M,
P-005754,Pune,45-59,M,
P-005755,Pune,60+,F,
P-005756,Pune,60+,F,
P-005757,Pune,45-59,M,
P-005758,Pune,45-59,F,
P-005759,Pune,45-59,M,
P-005760,Pune,60+,M,
P-005761,Pune,18-29,M,
P-005762,Pune,18-29,M,
P-005763,Pune,30-44,M,
P-005764,Pune,45-59,F,
P-005765,Pune,60+,M,
P-005766,Pune,18-29,M,
P-005767,Pune,45-59,F,
P-005768,Pune,18-29,M,
P-005769,Pune,45-59,F,
P-005770,Pune,45-59,M,
P-005771,Pune,60+,F,
P-005772,Pune,18-29,F,
P-005773,Pune,18-29,F,
P-005774,Pune,18-29,F,
P-005775,Pune,60+,M,
P-005776,Pune,30-44,M,
P-005777,Pune,45-59,F,
P-005778,Pune,30-44,F,
P-005779,Pune,45-59,M,
P-005780,Pune,60+,F,
P-005781,Pune,45-59,F,
P-005782,Pune,45-59,F,
P-005783,Pune,60+,M,
P-005784,Pune,45-59,F,
P-005785,Pune,30-44,F,
P-005786,Pune,30-44,F,
P-005787,Pune,30-44,F,
P-005788,Pune,60+,F,
P-005789,Pune,60+,F,
P-005790,Pune,30-44,M,
P-005791,Pune,18-29,M,
P-005792,Pune,18-29,M,
P-005793,Pune,45-59,F,
P-005794,Pune,45-59,F,
P-005795,Pune,18-29,M,
P-005796,Pune,45-59,M,
P-005797,Pune,45-59,F,
P-005798,Pune,45-59,M,
P-005799,Pune,60+,M,
P-005800,Pune,45-59,F,
P-005801,Pune,60+,M,
P-005802,Pune,45-59,M,
P-005803,Pune,60+,M,
P-005804,Pune,30-44,F,
P-005805,Pune,18-29,F,
P-005806,Pune,45-59,F,
P-005807,Pune,18-29,F,
P-005808,Pune,30-44,M,
P-005809,Pune,60+,F,
P-005810,Pune,60+,M,
P-005811,Pune,60+,M,
P-005812,Pune,30-44,M,
P-005813,Pune,60+,F,
P-005814,Pune,60+,F,
P-005815,Pune,18-29,M,
P-005816,Pune,60+,F,
P-005817,Pune,45-59,F,
P-005818,Pune,18-29,F,
P-005819,Pune,45-59,M,
P-005820,Pune,60+,M,
P-005821,Pune,18-29,M,
P-005822,Pune,18-29,F,
P-005823,Pune,45-59,F,
P-005824,Pune,30-44,F,
P-005825,Pune,30-44,F,
P-005826,Pune,60+,M,
P-005827,Pune,45-59,M,
P-005828,Pune,18-29,F,
P-005829,Pune,18-29,M,
P-005830,Pune,45-59,M,
P-005831,Pune,18-29,F,
P-005832,Pune,45-59,M,
P-005833,Pune,18-29,F,
P-005834,Pune,45-59,F,
P-005835,Pune,45-59,M,
P-005836,Pune,18-29,M,
P-005837,Pune,45-59,M,
P-005838,Pune,30-44,F,
P-005839,Pune,45-59,M,
P-005840,Pune,30-44,F,
P-005841,Pune,60+,M,
P-005842,Pune,18-29,F,
P-005843,Pune,60+,F,
P-005844,Pune,45-59,F,
P-005845,Pune,45-59,M,
P-005846,Pune,30-44,M,
P-005847,Pune,18-29,M,
P-005848,Pune,30-44,M,
P-005849,Pune,60+,M,
P-005850,Pune,60+,M,
P-005851,Pune,18-29,F,
P-005852,Pune,30-44,F,
P-005853,Pune,30-44,M,
P-005854,Pune,18-29,M,
P-005855,Pune,60+,M,
P-005856,Pune,18-29,F,
P-005857,Pune,60+,M,
P-005858,Pune,18-29,F,
P-005859,Pune,30-44,F,
P-005860,Pune,60+,F,
P-005861,Pune,45-59,F,
P-005862,Pune,60+,F,
P-005863,Pune,18-29,F,
P-005864,Pune,45-59,M,
P-005865,Pune,30-44,F,
P-005866,Pune,18-29,M,
P-005867,Pune,30-44,M,
P-005868,Pune,18-29,M,
P-005869,Pune,30-44,F,
P-005870,Pune,60+,M,
P-005871,Pune,18-29,M,
P-005872,Pune,60+,M,
P-005873,Pune,60+,M,
P-005874,Pune,30-44,M,
P-005875,Pune,18-29,M,
P-005876,Pune,60+,F,
P-005877,Pune,45-59,F,
P-005878,Pune,18-29,F,
P-005879,Pune,45-59,F,
P-005880,Pune,30-44,F,
P-005881,Pune,30-44,M,
P-005882,Pune,30-44,M,
P-005883,Pune,60+,F,
P-005884,Pune,18-29,M,
P-005885,Pune,60+,F,
P-005886,Pune,18-29,M,
P-005887,Pune,45-59,F,
P-005888,Pune,30-44,F,
P-005889,Pune,30-44,F,
P-005890,Pune,18-29,F,
P-005891,Pune,60+,F,
P-005892,Pune,45-59,F,
P-005893,Pune,18-29,M,
P-005894,Pune,18-29,F,
P-005895,Pune,18-29,M,
P-005896,Pune,30-44,F,
P-005897,Pune,18-29,F,
P-005898,Pune,30-44,F,
P-005899,Pune,60+,F,
P-005900,Pune,18-29,F,
P-005901,Pune,30-44,M,
P-005902,Pune,18-29,M,
P-005903,Pune,45-59,M,
P-005904,Pune,30-44,F,
P-005905,Pune,60+,M,
P-005906,Pune,45-59,M,
P-005907,Pune,30-44,F,
P-005908,Pune,60+,M,
P-005909,Pune,45-59,F,
P-005910,Pune,45-59,M,
P-005911,Pune,60+,M,
P-005912,Pune,30-44,M,
P-005913,Pune,60+,M,
P-005914,Pune,30-44,M,
P-005915,Pune,45-59,M,
P-005916,Pune,18-29,M,
P-005917,Pune,18-29,F,
P-005918,Pune,45-59,M,
P-005919,Pune,30-44,M,
P-005920,Pune,18-29,M,
P-005921,Pune,45-59,M,
P-005922,Pune,60+,F,
P-005923,Pune,30-44,M,
P-005924,Pune,30-44,M,
P-005925,Pune,30-44,F,
P-005926,Pune,60+,M,
P-005927,Pune,30-44,F,
P-005928,Pune,45-59,F,
P-005929,Pune,45-59,F,
P-005930,Pune,45-59,M,
P-005931,Pune,18-29,F,
P-005932,Pune,45-59,M,
P-005933,Pune,18-29,M,
P-005934,Pune,18-29,F,
P-005935,Pune,18-29,F,
P-005936,Pune,60+,M,
P-005937,Pune,45-59,F,
P-005938,Pune,60+,M,
P-005939,Pune,60+,M,
P-005940,Pune,45-59,M,
P-005941,Pune,18-29,M,
P-005942,Pune,45-59,M,
P-005943,Pune,60+,M,
P-005944,Pune,45-59,F,
P-005945,Pune,45-59,M,
P-005946,Pune,45-59,F,
P-005947,Pune,60+,F,
P-005948,Pune,45-59,F,
P-005949,Pune,60+,M,
P-005950,Pune,60+,M,
P-005951,Pune,18-29,M,
P-005952,Pune,45-59,M,
P-005953,Pune,30-44,M,
P-005954,Pune,60+,F,
P-005955,Pune,18-29,M,
P-005956,Pune,45-59,F,
P-005957,Pune,18-29,M,
P-005958,Pune,45-59,F,
P-005959,Pune,18-29,F,
P-005960,Pune,18-29,F,
P-005961,Pune,60+,F,
P-005962,Pune,60+,F,
P-005963,Pune,60+,F,
P-005964,Pune,18-29,F,
P-005965,Pune,30-44,M,
P-005966,Pune,18-29,M,
P-005967,Pune,18-29,F,
P-005968,Pune,30-44,M,
P-005969,Pune,60+,F,
P-005970,Pune,60+,M,
P-005971,Pune,45-59,F,
P-005972,Pune,60+,F,
P-005973,Pune,18-29,M,
P-005974,Pune,30-44,M,
P-005975,Pune,60+,F,
P-005976,Pune,18-29,F,
P-005977,Pune,60+,M,
P-005978,Pune,30-44,F,
P-005979,Pune,45-59,M,
P-005980,Pune,30-44,M,
P-005981,Pune,60+,M,
P-005982,Pune,18-29,M,
P-005983,Pune,45-59,M,
P-005984,Pune,18-29,M,
P-005985,Pune,60+,M,
P-005986,Pune,30-44,M,
P-005987,Pune,45-59,M,
P-005988,Pune,30-44,M,
P-005989,Pune,45-59,F,
P-005990,Pune,30-44,F,
P-005991,Pune,18-29,F,
P-005992,Pune,60+,M,
P-005993,Pune,18-29,M,
P-005994,Pune,45-59,M,
P-005995,Pune,60+,M,
P-005996,Pune,18-29,F,
P-005997,Pune,60+,M,
P-005998,Pune,60+,F,
P-005999,Pune,30-44,F,
P-006000,Pune,30-44,M,
P-006001,Pune,30-44,M,
P-006002,Pune,45-59,F,
P-006003,Pune,45-59,M,
P-006004,Pune,45-59,M,
P-006005,Pune,30-44,M,
P-006006,Pune,30-44,M,
P-006007,Pune,30-44,M,
P-006008,Pune,45-59,F,
P-006009,Pune,45-59,M,
P-006010,Pune,30-44,M,
P-006011,Pune,30-44,M,
P-006012,Pune,45-59,M,
P-006013,Pune,60+,M,
P-006014,Pune,18-29,F,
P-006015,Pune,45-59,F,
P-006016,Pune,45-59,F,
P-006017,Pune,30-44,M,
P-006018,Pune,45-59,F,
P-006019,Pune,30-44,F,
P-006020,Pune,18-29,F,
P-006021,Pune,18-29,M,
P-006022,Pune,18-29,M,
P-006023,Pune,60+,M,
P-006024,Pune,60+,F,
P-006025,Pune,60+,F,
P-006026,Pune,45-59,M,
P-006027,Pune,30-44,M,
P-006028,Pune,18-29,F,
P-006029,Pune,60+,F,
P-006030,Pune,45-59,F,
P-006031,Pune,30-44,F,
P-006032,Pune,45-59,M,
P-006033,Pune,45-59,M,
P-006034,Pune,60+,M,
P-006035,Pune,30-44,M,
P-006036,Pune,30-44,F,
P-006037,Pune,60+,F,
P-006038,Pune,60+,F,
P-006039,Pune,18-29,M,
P-006040,Pune,45-59,F,
P-006041,Pune,30-44,M,
P-006042,Pune,60+,M,
P-006043,Pune,45-59,M,
P-006044,Pune,30-44,F,
P-006045,Pune,30-44,M,
P-006046,Pune,60+,M,
P-006047,Pune,60+,M,
P-006048,Pune,60+,M,
P-006049,Pune,45-59,M,
P-006050,Pune,18-29,M,
P-006051,Pune,45-59,M,
P-006052,Pune,18-29,F,
P-006053,Pune,60+,M,
P-006054,Pune,18-29,F,
P-006055,Pune,18-29,F,
P-006056,Pune,60+,M,
P-006057,Pune,60+,M,
P-006058,Pune,45-59,M,
P-006059,Pune,60+,M,
P-006060,Pune,45-59,F,
P-006061,Pune,30-44,F,
P-006062,Pune,60+,F,
P-006063,Pune,30-44,M,
P-006064,Pune,45-59,F,
P-006065,Pune,45-59,M,
P-006066,Pune,60+,M,
P-006067,Pune,18-29,M,
P-006068,Pune,60+,F,
P-006069,Pune,60+,M,
P-006070,Pune,60+,M,
P-006071,Pune,30-44,F,
P-006072,Pune,60+,F,
P-006073,Pune,60+,M,
P-006074,Pune,45-59,F,
P-006075,Pune,30-44,F,
P-006076,Pune,45-59,M,
P-006077,Pune,60+,M,
P-006078,Pune,30-44,F,
P-006079,Pune,18-29,M,
P-006080,Pune,18-29,M,
P-006081,Pune,18-29,M,
P-006082,Pune,30-44,F,
P-006083,Pune,18-29,M,
P-006084,Pune,30-44,F,
P-006085,Pune,45-59,F,
P-006086,Pune,45-59,M,
P-006087,Pune,45-59,M,
P-006088,Pune,18-29,M,
P-006089,Pune,45-59,F,
P-006090,Pune,30-44,F,
P-006091,Pune,45-59,M,
P-006092,Pune,45-59,F,
P-006093,Pune,45-59,F,
P-006094,Pune,18-29,M,
P-006095,Pune,30-44,F,
P-006096,Pune,18-29,F,
P-006097,Pune,18-29,M,
P-006098,Pune,30-44,F,
P-006099,Pune,60+,M,
P-006100,Pune,60+,F,
P-006101,Pune,30-44,F,
P-006102,Pune,60+,F,
P-006103,Pune,60+,F,
P-006104,Pune,18-29,F,
P-006105,Pune,60+,F,
P-006106,Pune,60+,F,
P-006107,Pune,30-44,M,
P-006108,Pune,45-59,M,
P-006109,Pune,18-29,M,
P-006110,Pune,30-44,M,
P-006111,Pune,30-44,F,
P-006112,Pune,18-29,M,
P-006113,Pune,60+,M,
P-006114,Pune,30-44,F,
P-006115,Pune,60+,F,
P-006116,Pune,18-29,F,
P-006117,Pune,30-44,M,
P-006118,Pune,60+,F,
P-006119,Pune,18-29,F,
P-006120,Pune,30-44,F,
P-006121,Pune,60+,M,
P-006122,Pune,60+,F,
P-006123,Pune,60+,M,
P-006124,Pune,45-59,F,
P-006125,Pune,30-44,M,
P-006126,Pune,30-44,M,
P-006127,Pune,60+,F,
P-006128,Pune,60+,F,
P-006129,Pune,45-59,F,
P-006130,Pune,60+,F,
P-006131,Pune,18-29,M,
P-006132,Pune,30-44,M,
P-006133,Pune,30-44,M,
P-006134,Pune,60+,M,
P-006135,Pune,30-44,F,
P-006136,Pune,45-59,M,
P-006137,Pune,60+,F,
P-006138,Pune,18-29,M,
P-006139,Pune,18-29,F,
P-006140,Pune,45-59,M,
P-006141,Pune,30-44,F,
P-006142,Pune,30-44,F,
P-006143,Pune,45-59,F,
P-006144,Pune,30-44,F,
P-006145,Pune,30-44,F,
P-006146,Pune,45-59,M,
P-006147,Pune,60+,M,
P-006148,Pune,45-59,F,
P-006149,Pune,30-44,F,
P-006150,Pune,45-59,F,
P-006151,Pune,45-59,F,
P-006152,Pune,18-29,F,
P-006153,Pune,30-44,F,
P-006154,Pune,30-44,M,
P-006155,Pune,45-59,F,
P-006156,Pune,45-59,M,
P-006157,Pune,18-29,M,
P-006158,Pune,30-44,M,
P-006159,Pune,45-59,F,
P-006160,Pune,45-59,M,
P-006161,Pune,60+,M,
P-006162,Pune,60+,M,
P-006163,Pune,45-59,M,
P-006164,Pune,45-59,M,
P-006165,Pune,60+,F,
P-006166,Pune,18-29,F,
P-006167,Pune,60+,F,
P-006168,Pune,18-29,M,
P-006169,Pune,45-59,F,
P-006170,Pune,18-29,M,
P-006171,Pune,30-44,F,
P-006172,Pune,30-44,M,
P-006173,Pune,45-59,M,
P-006174,Pune,30-44,F,
P-006175,Pune,18-29,M,
P-006176,Pune,30-44,F,
P-006177,Pune,30-44,M,
P-006178,Pune,18-29,F,
P-006179,Pune,30-44,F,
P-006180,Pune,18-29,M,
P-006181,Pune,60+,F,
P-006182,Pune,30-44,M,
P-006183,Pune,45-59,M,
P-006184,Pune,30-44,M,
P-006185,Pune,60+,F,
P-006186,Pune,60+,F,
P-006187,Pune,60+,M,
P-006188,Pune,30-44,M,
P-006189,Pune,45-59,F,
P-006190,Pune,18-29,M,
P-006191,Pune,18-29,M,
P-006192,Pune,60+,M,
P-006193,Pune,60+,M,
P-006194,Pune,60+,F,
P-006195,Pune,18-29,M,
P-006196,Pune,30-44,M,
P-006197,Pune,45-59,M,
P-006198,Pune,60+,M,
P-006199,Pune,45-59,F,
P-006200,Pune,45-59,M,
P-006201,Pune,18-29,F,
P-006202,Pune,45-59,M,
P-006203,Pune,60+,M,
P-006204,Pune,60+,M,
P-006205,Pune,60+,M,
P-006206,Pune,60+,M,
P-006207,Pune,18-29,M,
P-006208,Pune,45-59,M,
P-006209,Pune,18-29,F,
P-006210,Pune,18-29,F,
P-006211,Pune,60+,F,
P-006212,Pune,18-29,M,
P-006213,Pune,18-29,M,
P-006214,Pune,18-29,M,
P-006215,Pune,45-59,M,
P-006216,Pune,45-59,M,
P-006217,Pune,30-44,F,
P-006218,Pune,30-44,M,
P-006219,Pune,60+,M,
P-006220,Pune,60+,F,
P-006221,Pune,45-59,F,
P-006222,Pune,30-44,M,
P-006223,Pune,60+,F,
P-006224,Pune,30-44,F,
P-006225,Pune,60+,F,
P-006226,Pune,18-29,M,
P-006227,Pune,18-29,F,
P-006228,Pune,60+,F,
P-006229,Pune,18-29,F,
P-006230,Pune,18-29,F,
P-006231,Pune,60+,F,
P-006232,Pune,30-44,M,
P-006233,Pune,30-44,M,
P-006234,Pune,30-44,F,
P-006235,Pune,45-59,F,
P-006236,Pune,45-59,F,
P-006237,Pune,60+,M,
P-006238,Pune,30-44,F,
P-006239,Pune,45-59,M,
P-006240,Pune,45-59,M,
P-006241,Pune,30-44,F,
P-006242,Pune,30-44,F,
P-006243,Pune,45-59,F,
P-006244,Pune,18-29,M,
P-006245,Pune,45-59,F,
P-006246,Pune,30-44,F,
P-006247,Pune,30-44,M,
P-006248,Pune,45-59,M,
P-006249,Pune,18-29,M,
P-006250,Pune,45-59,M,
P-006251,Pune,45-59,M,
P-006252,Pune,30-44,F,
P-006253,Pune,30-44,F,
P-006254,Pune,18-29,M,
P-006255,Pune,45-59,M,
P-006256,Pune,18-29,M,
P-006257,Pune,30-44,F,
P-006258,Pune,18-29,F,
P-006259,Pune,45-59,F,
P-006260,Pune,30-44,F,
P-006261,Pune,18-29,F,
P-006262,Pune,60+,F,
P-006263,Pune,60+,M,
P-006264,Pune,30-44,M,
P-006265,Pune,45-59,M,
P-006266,Pune,30-44,M,
P-006267,Pune,45-59,F,
P-006268,Pune,45-59,M,
P-006269,Pune,45-59,M,
P-006270,Pune,45-59,M,
P-006271,Pune,60+,F,
P-006272,Pune,45-59,F,
P-006273,Pune,18-29,M,
P-006274,Pune,45-59,M,
P-006275,Pune,45-59,F,
P-006276,Pune,60+,F,
P-006277,Pune,45-59,M,
P-006278,Pune,18-29,F,
P-006279,Pune,60+,M,
P-006280,Pune,60+,F,
P-006281,Pune,45-59,F,
P-006282,Pune,60+,M,
P-006283,Pune,30-44,M,
P-006284,Pune,30-44,M,
P-006285,Pune,18-29,F,
P-006286,Pune,30-44,M,
P-006287,Pune,45-59,M,
P-006288,Pune,45-59,F,
P-006289,Pune,60+,M,
P-006290,Pune,60+,M,
P-006291,Pune,18-29,M,
P-006292,Pune,60+,M,
P-006293,Pune,60+,M,
P-006294,Pune,30-44,F,
P-006295,Pune,30-44,M,
P-006296,Pune,18-29,F,
P-006297,Pune,45-59,F,
P-006298,Pune,18-29,M,
P-006299,Pune,30-44,F,
P-006300,Pune,18-29,F,
P-006301,Pune,18-29,M,
P-006302,Pune,60+,M,
P-006303,Pune,45-59,M,
P-006304,Pune,18-29,M,
P-006305,Pune,60+,F,
P-006306,Pune,30-44,F,
P-006307,Pune,60+,F,
P-006308,Pune,45-59,F,
P-006309,Pune,45-59,F,
P-006310,Pune,45-59,M,
P-006311,Pune,45-59,F,
P-006312,Pune,30-44,M,
P-006313,Pune,30-44,M,
P-006314,Pune,60+,F,
P-006315,Pune,18-29,F,
P-006316,Pune,30-44,F,
P-006317,Pune,45-59,F,
P-006318,Pune,60+,M,
P-006319,Pune,45-59,M,
P-006320,Pune,45-59,F,
P-006321,Pune,60+,F,
P-006322,Pune,60+,F,
P-006323,Pune,45-59,M,
P-006324,Pune,60+,F,
P-006325,Pune,30-44,M,
P-006326,Pune,18-29,M,
P-006327,Pune,60+,M,
P-006328,Pune,45-59,F,
P-006329,Pune,45-59,M,
P-006330,Pune,45-59,F,
P-006331,Pune,18-29,F,
P-006332,Pune,60+,F,
P-006333,Pune,45-59,F,
P-006334,Pune,30-44,M,
P-006335,Pune,30-44,F,
P-006336,Pune,45-59,M,
P-006337,Pune,60+,F,
P-006338,Pune,45-59,F,
P-006339,Pune,45-59,F,
P-006340,Pune,18-29,F,
P-006341,Pune,60+,F,
P-006342,Pune,30-44,F,
P-006343,Pune,45-59,M,
P-006344,Pune,45-59,M,
P-006345,Pune,60+,M,
P-006346,Pune,45-59,F,
P-006347,Pune,60+,M,
P-006348,Pune,30-44,F,
P-006349,Pune,30-44,M,
P-006350,Pune,30-44,F,
P-006351,Pune,60+,M,
P-006352,Pune,18-29,F,
P-006353,Pune,18-29,M,
P-006354,Pune,18-29,M,
P-006355,Pune,60+,F,
P-006356,Pune,45-59,M,
P-006357,Pune,45-59,F,
P-006358,Pune,30-44,F,
P-006359,Pune,30-44,F,
P-006360,Pune,30-44,M,
P-006361,Pune,45-59,F,
P-006362,Pune,45-59,M,
P-006363,Pune,45-59,M,
P-006364,Pune,30-44,M,
P-006365,Pune,30-44,F,
P-006366,Pune,18-29,F,
P-006367,Pune,30-44,F,
P-006368,Pune,45-59,F,
P-006369,Pune,30-44,F,
P-006370,Pune,45-59,F,
P-006371,Pune,18-29,F,
P-006372,Pune,60+,F,
P-006373,Pune,30-44,F,
P-006374,Pune,30-44,M,
P-006375,Pune,45-59,F,
P-006376,Pune,18-29,M,
P-006377,Pune,45-59,F,
P-006378,Pune,60+,M,
P-006379,Pune,45-59,F,
P-006380,Pune,45-59,F,
P-006381,Pune,60+,F,
P-006382,Pune,45-59,F,
P-006383,Pune,18-29,M,
P-006384,Pune,45-59,M,
P-006385,Pune,45-59,M,
P-006386,Pune,60+,F,
P-006387,Pune,45-59,F,
P-006388,Pune,30-44,F,
P-006389,Pune,30-44,F,
P-006390,Pune,60+,M,
P-006391,Pune,45-59,M,
P-006392,Pune,45-59,M,
P-006393,Pune,30-44,F,
P-006394,Pune,30-44,F,
P-006395,Pune,45-59,F,
P-006396,Pune,30-44,F,
P-006397,Pune,18-29,F,
P-006398,Pune,30-44,M,
P-006399,Pune,30-44,M,
P-006400,Pune,30-44,F,
P-006401,Pune,45-59,F,
P-006402,Pune,60+,M,
P-006403,Pune,45-59,F,
P-006404,Pune,60+,F,
P-006405,Pune,30-44,F,
P-006406,Pune,18-29,F,
P-006407,Pune,18-29,M,
P-006408,Pune,45-59,F,
P-006409,Pune,18-29,F,
P-006410,Pune,30-44,F,
P-006411,Pune,18-29,F,
P-006412,Pune,60+,M,
P-006413,Pune,45-59,M,
P-006414,Pune,18-29,F,
P-006415,Pune,30-44,M,
P-006416,Pune,18-29,M,
P-006417,Pune,30-44,F,
P-006418,Pune,30-44,M,
P-006419,Pune,45-59,M,
P-006420,Pune,18-29,F,
P-006421,Pune,18-29,F,
P-006422,Pune,30-44,M,
P-006423,Pune,18-29,F,
P-006424,Pune,18-29,F,
P-006425,Pune,45-59,F,
P-006426,Pune,18-29,M,
P-006427,Pune,18-29,F,
P-006428,Pune,45-59,F,
P-006429,Pune,18-29,F,
P-006430,Pune,18-29,F,
P-006431,Pune,18-29,F,
P-006432,Pune,45-59,M,
P-006433,Pune,30-44,M,
P-006434,Pune,60+,M,
P-006435,Pune,45-59,F,
P-006436,Pune,45-59,M,
P-006437,Pune,60+,M,
P-006438,Pune,60+,F,
P-006439,Pune,45-59,F,
P-006440,Pune,18-29,F,
P-006441,Pune,45-59,F,
P-006442,Pune,60+,F,
P-006443,Pune,30-44,M,
P-006444,Pune,30-44,M,
P-006445,Pune,45-59,M,
P-006446,Pune,18-29,F,
P-006447,Pune,18-29,M,
P-006448,Pune,60+,F,
P-006449,Pune,45-59,F,
P-006450,Pune,30-44,M,
P-006451,Pune,30-44,F,
P-006452,Pune,18-29,F,
P-006453,Pune,18-29,F,
P-006454,Pune,18-29,M,
P-006455,Pune,45-59,M,
P-006456,Pune,45-59,M,
P-006457,Pune,30-44,M,
P-006458,Pune,30-44,F,
P-006459,Pune,18-29,M,
P-006460,Pune,45-59,F,
P-006461,Pune,60+,M,
P-006462,Pune,45-59,F,
P-006463,Pune,30-44,F,
P-006464,Pune,18-29,F,
P-006465,Pune,45-59,M,
P-006466,Pune,18-29,M,
P-006467,Pune,30-44,M,
P-006468,Pune,45-59,F,
P-006469,Pune,60+,F,
P-006470,Pune,60+,M,
P-006471,Pune,18-29,M,
P-006472,Pune,30-44,M,
P-006473,Pune,45-59,F,
P-006474,Pune,60+,F,
P-006475,Pune,45-59,F,
P-006476,Pune,30-44,M,
P-006477,Pune,30-44,M,
P-006478,Pune,45-59,F,
P-006479,Pune,45-59,M,
P-006480,Pune,45-59,M,
P-006481,Pune,45-59,M,
P-006482,Pune,18-29,M,
P-006483,Pune,18-29,M,
P-006484,Pune,45-59,F,
P-006485,Pune,18-29,M,
P-006486,Pune,60+,M,
P-006487,Pune,18-29,M,
P-006488,Pune,18-29,M,
P-006489,Pune,45-59,M,
P-006490,Pune,45-59,F,
P-006491,Pune,60+,M,
P-006492,Pune,18-29,F,
P-006493,Pune,45-59,M,
P-006494,Pune,30-44,F,
P-006495,Pune,18-29,M,
P-006496,Pune,60+,F,
P-006497,Pune,45-59,M,
P-006498,Pune,30-44,F,
P-006499,Pune,60+,F,
P-006500,Pune,18-29,M,
P-006501,Pune,30-44,F,
P-006502,Pune,45-59,M,
P-006503,Pune,45-59,M,
P-006504,Pune,30-44,M,
P-006505,Pune,45-59,F,
P-006506,Pune,18-29,M,
P-006507,Pune,18-29,M,
P-006508,Pune,30-44,M,
P-006509,Pune,60+,M,
P-006510,Pune,60+,M,
P-006511,Pune,18-29,F,
P-006512,Pune,45-59,M,
P-006513,Pune,45-59,F,
P-006514,Pune,60+,M,
P-006515,Pune,30-44,F,
P-006516,Pune,60+,F,
P-006517,Pune,18-29,M,
P-006518,Pune,45-59,F,
P-006519,Pune,60+,M,
P-006520,Pune,45-59,F,
P-006521,Pune,18-29,M,
P-006522,Pune,45-59,M,
P-006523,Pune,30-44,M,
P-006524,Pune,60+,F,
P-006525,Pune,45-59,M,
P-006526,Pune,45-59,F,
P-006527,Pune,60+,F,
P-006528,Pune,60+,M,
P-006529,Pune,60+,M,
P-006530,Pune,45-59,M,
P-006531,Pune,45-59,F,
P-006532,Pune,45-59,F,
P-006533,Pune,60+,F,
P-006534,Pune,60+,F,
P-006535,Pune,45-59,F,
P-006536,Pune,30-44,M,
P-006537,Pune,30-44,F,
P-006538,Pune,18-29,F,
P-006539,Pune,45-59,M,
P-006540,Pune,60+,F,
P-006541,Pune,30-44,M,
P-006542,Pune,18-29,F,
P-006543,Pune,18-29,M,
P-006544,Pune,45-59,F,
P-006545,Pune,18-29,M,
P-006546,Pune,45-59,F,
P-006547,Pune,60+,F,
P-006548,Pune,30-44,F,
P-006549,Pune,60+,F,
P-006550,Pune,60+,F,
P-006551,Pune,45-59,F,
P-006552,Pune,45-59,M,
P-006553,Pune,30-44,M,
P-006554,Pune,18-29,F,
P-006555,Pune,18-29,F,
P-006556,Pune,30-44,F,
P-006557,Pune,45-59,F,
P-006558,Pune,18-29,F,
P-006559,Pune,45-59,F,
P-006560,Pune,45-59,M,
P-006561,Pune,30-44,M,
P-006562,Pune,45-59,M,
P-006563,Pune,60+,M,
P-006564,Pune,60+,M,
P-006565,Pune,60+,M,
P-006566,Pune,30-44,F,
P-006567,Pune,30-44,M,
P-006568,Pune,30-44,F,
P-006569,Pune,45-59,F,
P-006570,Pune,18-29,F,
P-006571,Pune,60+,M,
P-006572,Pune,60+,M,
P-006573,Pune,45-59,F,
P-006574,Pune,30-44,M,
P-006575,Pune,18-29,M,
P-006576,Pune,30-44,M,
P-006577,Pune,30-44,M,
P-006578,Pune,18-29,M,
P-006579,Pune,45-59,F,
P-006580,Pune,45-59,M,
P-006581,Pune,45-59,F,
P-006582,Pune,30-44,M,
P-006583,Pune,18-29,M,
P-006584,Pune,30-44,F,
P-006585,Pune,30-44,F,
P-006586,Pune,60+,M,
P-006587,Pune,60+,M,
P-006588,Pune,60+,F,
P-006589,Pune,60+,F,
P-006590,Pune,30-44,F,
P-006591,Pune,60+,M,
P-006592,Pune,18-29,F,
P-006593,Pune,30-44,M,
P-006594,Pune,60+,F,
P-006595,Pune,30-44,F,
P-006596,Pune,30-44,F,
P-006597,Pune,18-29,F,
P-006598,Pune,60+,F,
P-006599,Pune,60+,F,
P-006600,Pune,30-44,F,
P-006601,Pune,18-29,M,
P-006602,Pune,30-44,M,
P-006603,Pune,18-29,M,
P-006604,Pune,30-44,M,
P-006605,Pune,45-59,F,
P-006606,Pune,18-29,M,
P-006607,Pune,45-59,F,
P-006608,Pune,45-59,M,
P-006609,Pune,30-44,F,
P-006610,Pune,30-44,M,
P-006611,Pune,18-29,F,
P-006612,Pune,30-44,F,
P-006613,Pune,30-44,M,
P-006614,Pune,45-59,F,
P-006615,Pune,45-59,F,
P-006616,Pune,60+,M,
P-006617,Pune,60+,F,
P-006618,Pune,18-29,F,
P-006619,Pune,45-59,F,
P-006620,Pune,30-44,M,
P-006621,Pune,30-44,F,
P-006622,Pune,60+,M,
P-006623,Pune,45-59,M,
P-006624,Pune,45-59,F,
P-006625,Pune,60+,M,
P-006626,Pune,18-29,F,
P-006627,Pune,60+,F,
P-006628,Pune,18-29,F,
P-006629,Pune,45-59,M,
P-006630,Pune,30-44,M,
P-006631,Pune,30-44,M,
P-006632,Pune,45-59,F,
P-006633,Pune,30-44,F,
P-006634,Pune,45-59,F,
P-006635,Pune,45-59,F,
P-006636,Pune,60+,F,
P-006637,Pune,18-29,F,
P-006638,Pune,30-44,F,
P-006639,Pune,30-44,F,
P-006640,Pune,45-59,M,
P-006641,Pune,45-59,M,
P-006642,Pune,60+,M,
P-006643,Pune,60+,M,
P-006644,Pune,45-59,F,
P-006645,Pune,18-29,F,
P-006646,Pune,60+,M,
P-006647,Pune,60+,M,
P-006648,Pune,45-59,M,
P-006649,Pune,45-59,M,
P-006650,Pune,18-29,M,
P-006651,Pune,45-59,M,
P-006652,Pune,45-59,M,
P-006653,Pune,45-59,M,
P-006654,Pune,60+,M,
P-006655,Pune,45-59,F,
P-006656,Pune,60+,F,
P-006657,Pune,45-59,M,
P-006658,Pune,30-44,M,
P-006659,Pune,60+,M,
P-006660,Pune,30-44,F,
P-006661,Pune,30-44,F,
P-006662,Pune,45-59,F,
P-006663,Pune,45-59,M,
P-006664,Pune,18-29,F,
P-006665,Pune,30-44,M,
P-006666,Pune,18-29,F,
P-006667,Pune,45-59,M,
P-006668,Pune,45-59,M,
P-006669,Pune,45-59,M,
P-006670,Pune,30-44,M,
P-006671,Pune,18-29,F,
P-006672,Pune,18-29,F,
P-006673,Pune,30-44,M,
P-006674,Pune,45-59,F,
P-006675,Pune,45-59,F,
P-006676,Pune,18-29,M,
P-006677,Pune,45-59,F,
P-006678,Pune,18-29,F,
P-006679,Pune,30-44,F,
P-006680,Pune,30-44,M,
P-006681,Pune,18-29,M,
P-006682,Pune,45-59,F,
P-006683,Pune,45-59,M,
P-006684,Pune,30-44,M,
P-006685,Pune,60+,F,
P-006686,Pune,18-29,F,
P-006687,Pune,18-29,F,
P-006688,Pune,45-59,M,
P-006689,Pune,45-59,M,
P-006690,Pune,18-29,M,
P-006691,Pune,18-29,F,
P-006692,Pune,60+,M,
P-006693,Pune,60+,F,
P-006694,Pune,30-44,M,
P-006695,Pune,30-44,F,
P-006696,Pune,60+,F,
P-006697,Pune,18-29,M,
P-006698,Pune,45-59,F,
P-006699,Pune,18-29,F,
P-006700,Pune,30-44,M,
